
bin/MMSE_Equalizer_4x4MIMO_fxp16:	file format elf64-littleriscv

Disassembly of section .text:

0000000080000000 <_start>:
80000000: 97 81 00 00  	auipc	gp, 8
80000004: 93 81 01 70  	addi	gp, gp, 1792
80000008: 09 a0        	j	0x8000000a <reset_vector>

000000008000000a <reset_vector>:
8000000a: 81 40        	li	ra, 0
8000000c: 01 42        	li	tp, 0
8000000e: 81 42        	li	t0, 0
80000010: 01 43        	li	t1, 0
80000012: 81 43        	li	t2, 0
80000014: 01 44        	li	s0, 0
80000016: 81 44        	li	s1, 0
80000018: 01 45        	li	a0, 0
8000001a: 81 45        	li	a1, 0
8000001c: 01 46        	li	a2, 0
8000001e: 81 46        	li	a3, 0
80000020: 01 47        	li	a4, 0
80000022: 81 47        	li	a5, 0
80000024: 01 48        	li	a6, 0
80000026: 81 48        	li	a7, 0
80000028: 01 49        	li	s2, 0
8000002a: 81 49        	li	s3, 0
8000002c: 01 4a        	li	s4, 0
8000002e: 81 4a        	li	s5, 0
80000030: 01 4b        	li	s6, 0
80000032: 81 4b        	li	s7, 0
80000034: 01 4c        	li	s8, 0
80000036: 81 4c        	li	s9, 0
80000038: 01 4d        	li	s10, 0
8000003a: 81 4d        	li	s11, 0
8000003c: 01 4e        	li	t3, 0
8000003e: 81 4e        	li	t4, 0
80000040: 01 4f        	li	t5, 0
80000042: 81 4f        	li	t6, 0
80000044: 97 02 00 50  	auipc	t0, 327680
80000048: 93 82 c2 fc  	addi	t0, t0, -52
8000004c: 03 b1 02 00  	ld	sp, 0(t0)
80000050: fd 52        	li	t0, -1
80000052: 93 d2 b2 00  	srli	t0, t0, 11
80000056: 73 90 02 3b  	csrw	pmpaddr0, t0
8000005a: fd 42        	li	t0, 31
8000005c: 73 90 02 3a  	csrw	pmpcfg0, t0
80000060: 73 50 40 30  	csrwi	mie, 0
80000064: 97 02 00 00  	auipc	t0, 0
80000068: 93 82 42 07  	addi	t0, t0, 116
8000006c: 73 90 52 30  	csrw	mtvec, t0
80000070: 73 50 20 30  	csrwi	medeleg, 0
80000074: 73 50 30 30  	csrwi	mideleg, 0
80000078: 97 02 00 80  	auipc	t0, 524288
8000007c: 93 82 82 f8  	addi	t0, t0, -120
80000080: 63 8a 02 00  	beqz	t0, 0x80000094 <reset_vector+0x8a>
80000084: 73 90 52 10  	csrw	stvec, t0
80000088: ad 62        	lui	t0, 11
8000008a: 9b 82 92 10  	addiw	t0, t0, 265
8000008e: 73 90 22 30  	csrw	medeleg, t0
80000092: 01 00        	nop
80000094: 73 50 00 30  	csrwi	mstatus, 0
80000098: 89 62        	lui	t0, 2
8000009a: 73 a0 02 30  	csrs	mstatus, t0
8000009e: 73 50 30 00  	csrwi	fcsr, 0
800000a2: 93 02 00 20  	li	t0, 512
800000a6: 73 a0 02 30  	csrs	mstatus, t0
800000aa: 73 e0 60 30  	csrsi	mcounteren, 1
800000ae: 73 e0 60 10  	csrsi	scounteren, 1
800000b2: 97 02 00 80  	auipc	t0, 524288
800000b6: 93 82 e2 f4  	addi	t0, t0, -178
800000ba: 63 83 02 00  	beqz	t0, 0x800000c0 <reset_vector+0xb6>
800000be: 82 92        	jalr	t0
800000c0: 97 00 00 00  	auipc	ra, 0
800000c4: 93 80 00 03  	addi	ra, ra, 48
800000c8: 97 02 00 00  	auipc	t0, 0
800000cc: 93 82 82 04  	addi	t0, t0, 72
800000d0: 73 90 12 34  	csrw	mepc, t0
800000d4: 73 00 20 30  	mret	

00000000800000d8 <trap_vector>:
800000d8: 17 0f 00 80  	auipc	t5, 524288
800000dc: 13 0f 8f f2  	addi	t5, t5, -216
800000e0: 63 03 0f 00  	beqz	t5, 0x800000e6 <trap_vector+0xe>
800000e4: 02 8f        	jr	t5
800000e6: 73 25 20 34  	csrr	a0, mcause
800000ea: 6f 00 60 01  	j	0x80000100 <_fail>
800000ee: 01 00        	nop

00000000800000f0 <_eoc>:
800000f0: 97 02 00 50  	auipc	t0, 327680
800000f4: 93 82 02 f1  	addi	t0, t0, -240
800000f8: 23 b0 a2 00  	sd	a0, 0(t0)
800000fc: 6f f0 5f ff  	j	0x800000f0 <_eoc>

0000000080000100 <_fail>:
80000100: 97 02 00 50  	auipc	t0, 327680
80000104: 93 82 02 f0  	addi	t0, t0, -256
80000108: 23 b0 a2 00  	sd	a0, 0(t0)
8000010c: 6f f0 5f fe  	j	0x800000f0 <_eoc>

0000000080000110 <main>:
80000110: 13 01 01 81  	addi	sp, sp, -2032
80000114: 23 34 11 7e  	sd	ra, 2024(sp)
80000118: 23 30 81 7e  	sd	s0, 2016(sp)
8000011c: 23 3c 91 7c  	sd	s1, 2008(sp)
80000120: 23 38 21 7d  	sd	s2, 2000(sp)
80000124: 23 34 31 7d  	sd	s3, 1992(sp)
80000128: 23 30 41 7d  	sd	s4, 1984(sp)
8000012c: 23 3c 51 7b  	sd	s5, 1976(sp)
80000130: 23 38 61 7b  	sd	s6, 1968(sp)
80000134: 23 34 71 7b  	sd	s7, 1960(sp)
80000138: 23 30 81 7b  	sd	s8, 1952(sp)
8000013c: 23 3c 91 79  	sd	s9, 1944(sp)
80000140: 23 38 a1 79  	sd	s10, 1936(sp)
80000144: 23 34 b1 79  	sd	s11, 1928(sp)
80000148: 27 30 81 78  	fsd	fs0, 1920(sp)
8000014c: 27 3c 91 76  	fsd	fs1, 1912(sp)
80000150: 11 65        	lui	a0, 4
80000152: 1b 05 05 0b  	addiw	a0, a0, 176
80000156: 33 01 a1 40  	sub	sp, sp, a0
8000015a: 05 65        	lui	a0, 1
8000015c: 1b 0a 05 80  	addiw	s4, a0, -2048
80000160: 91 64        	lui	s1, 4
80000162: 9b 84 84 82  	addiw	s1, s1, -2008
80000166: 8a 94        	add	s1, s1, sp
80000168: 33 8c 44 01  	add	s8, s1, s4
8000016c: 93 8c f4 7f  	addi	s9, s1, 2047
80000170: 0d 64        	lui	s0, 3
80000172: 1b 04 84 82  	addiw	s0, s0, -2008
80000176: 0a 94        	add	s0, s0, sp
80000178: b3 0a 44 01  	add	s5, s0, s4
8000017c: 13 05 f4 7f  	addi	a0, s0, 2047
80000180: 2a f0        	sd	a0, 32(sp)
80000182: 13 05 00 08  	li	a0, 128
80000186: 57 79 85 04  	vsetvli	s2, a0, e16, m1, ta, mu
8000018a: 11 65        	lui	a0, 4
8000018c: 1b 05 85 82  	addiw	a0, a0, -2008
80000190: 0a 95        	add	a0, a0, sp
80000192: 05 66        	lui	a2, 1
80000194: 81 45        	li	a1, 0
80000196: 97 20 00 00  	auipc	ra, 2
8000019a: e7 80 a0 76  	jalr	1898(ra)
8000019e: 0d 65        	lui	a0, 3
800001a0: 1b 05 85 82  	addiw	a0, a0, -2008
800001a4: 0a 95        	add	a0, a0, sp
800001a6: 05 66        	lui	a2, 1
800001a8: 81 45        	li	a1, 0
800001aa: 97 20 00 00  	auipc	ra, 2
800001ae: e7 80 60 75  	jalr	1878(ra)
800001b2: 09 65        	lui	a0, 2
800001b4: 1b 05 85 82  	addiw	a0, a0, -2008
800001b8: 0a 95        	add	a0, a0, sp
800001ba: 05 66        	lui	a2, 1
800001bc: 81 45        	li	a1, 0
800001be: 97 20 00 00  	auipc	ra, 2
800001c2: e7 80 20 74  	jalr	1858(ra)
800001c6: 05 65        	lui	a0, 1
800001c8: 1b 05 85 82  	addiw	a0, a0, -2008
800001cc: 0a 95        	add	a0, a0, sp
800001ce: 05 66        	lui	a2, 1
800001d0: 05 6d        	lui	s10, 1
800001d2: 1b 0d 8d 82  	addiw	s10, s10, -2008
800001d6: 0a 9d        	add	s10, s10, sp
800001d8: 81 45        	li	a1, 0
800001da: 97 20 00 00  	auipc	ra, 2
800001de: e7 80 60 72  	jalr	1830(ra)
800001e2: 13 05 81 42  	addi	a0, sp, 1064
800001e6: 13 06 00 40  	li	a2, 1024
800001ea: 93 0d 81 42  	addi	s11, sp, 1064
800001ee: 81 45        	li	a1, 0
800001f0: 97 20 00 00  	auipc	ra, 2
800001f4: e7 80 00 71  	jalr	1808(ra)
800001f8: 28 10        	addi	a0, sp, 40
800001fa: 13 06 00 40  	li	a2, 1024
800001fe: 93 0b 81 02  	addi	s7, sp, 40
80000202: 81 45        	li	a1, 0
80000204: 97 20 00 00  	auipc	ra, 2
80000208: e7 80 c0 6f  	jalr	1788(ra)
8000020c: 73 50 a1 00  	csrwi	vxrm, 2
80000210: 0f 00 f0 0f  	fence
80000214: 73 25 00 c0  	rdcycle	a0
80000218: 97 85 00 00  	auipc	a1, 8
8000021c: 83 97 05 d0  	lh	a5, -768(a1)
80000220: 33 05 a0 40  	neg	a0, a0
80000224: 17 8b 00 00  	auipc	s6, 8
80000228: 23 3e ab d0  	sd	a0, -740(s6)
8000022c: 22 e4        	sd	s0, 8(sp)
8000022e: 17 25 00 00  	auipc	a0, 2
80000232: 93 09 25 73  	addi	s3, a0, 1842
80000236: 17 35 00 00  	auipc	a0, 3
8000023a: 13 04 a5 72  	addi	s0, a0, 1834
8000023e: 11 45        	li	a0, 4
80000240: 91 45        	li	a1, 4
80000242: 13 07 00 08  	li	a4, 128
80000246: 26 e0        	sd	s1, 0(sp)
80000248: 4a 86        	mv	a2, s2
8000024a: 81 46        	li	a3, 0
8000024c: 4e 88        	mv	a6, s3
8000024e: a2 88        	mv	a7, s0
80000250: 97 10 00 00  	auipc	ra, 1
80000254: e7 80 c0 a7  	jalr	-1412(ra)
80000258: 0f 00 f0 0f  	fence
8000025c: f3 24 00 c0  	rdcycle	s1
80000260: 03 35 cb d1  	ld	a0, -740(s6)
80000264: aa 94        	add	s1, s1, a0
80000266: 23 3e 9b d0  	sd	s1, -740(s6)
8000026a: 11 45        	li	a0, 4
8000026c: 91 45        	li	a1, 4
8000026e: 13 07 00 08  	li	a4, 128
80000272: 91 67        	lui	a5, 4
80000274: 9b 87 87 82  	addiw	a5, a5, -2008
80000278: 8a 97        	add	a5, a5, sp
8000027a: 0d 68        	lui	a6, 3
8000027c: 1b 08 88 82  	addiw	a6, a6, -2008
80000280: 0a 98        	add	a6, a6, sp
80000282: 89 68        	lui	a7, 2
80000284: 9b 88 88 82  	addiw	a7, a7, -2008
80000288: 8a 98        	add	a7, a7, sp
8000028a: 6a e0        	sd	s10, 0(sp)
8000028c: 4a 86        	mv	a2, s2
8000028e: 81 46        	li	a3, 0
80000290: 97 10 00 00  	auipc	ra, 1
80000294: e7 80 80 3f  	jalr	1016(ra)
80000298: 5e e8        	sd	s7, 16(sp)
8000029a: 6e e4        	sd	s11, 8(sp)
8000029c: 17 75 00 00  	auipc	a0, 7
800002a0: 13 06 45 2c  	addi	a2, a0, 708
800002a4: 17 75 00 00  	auipc	a0, 7
800002a8: 93 08 c5 eb  	addi	a7, a0, -324
800002ac: 11 45        	li	a0, 4
800002ae: 91 45        	li	a1, 4
800002b0: 13 07 00 08  	li	a4, 128
800002b4: 32 e0        	sd	a2, 0(sp)
800002b6: 4a 86        	mv	a2, s2
800002b8: 81 46        	li	a3, 0
800002ba: ce 87        	mv	a5, s3
800002bc: 22 88        	mv	a6, s0
800002be: 97 10 00 00  	auipc	ra, 1
800002c2: e7 80 00 84  	jalr	-1984(ra)
800002c6: 17 85 00 00  	auipc	a0, 8
800002ca: 13 05 a5 c3  	addi	a0, a0, -966
800002ce: 07 30 05 00  	fld	ft0, 0(a0)
800002d2: d3 00 19 d2  	fcvt.d.wu	ft1, s2
800002d6: 53 f0 00 12  	fmul.d	ft0, ft1, ft0
800002da: d3 f0 24 d2  	fcvt.d.l	ft1, s1
800002de: 17 85 00 00  	auipc	a0, 8
800002e2: 13 05 a5 c2  	addi	a0, a0, -982
800002e6: 07 21 05 00  	flw	ft2, 0(a0)
800002ea: 53 70 10 1a  	fdiv.d	ft0, ft0, ft1
800002ee: 53 70 10 40  	fcvt.s.d	ft0, ft0
800002f2: 53 04 00 42  	fcvt.d.s	fs0, ft0
800002f6: d3 74 20 10  	fmul.s	fs1, ft0, ft2
800002fa: 17 75 00 00  	auipc	a0, 7
800002fe: 13 05 35 76  	addi	a0, a0, 1891
80000302: a6 85        	mv	a1, s1
80000304: 97 10 00 00  	auipc	ra, 1
80000308: e7 80 20 7c  	jalr	1986(ra)
8000030c: 17 85 00 00  	auipc	a0, 8
80000310: 13 05 45 c0  	addi	a0, a0, -1020
80000314: 07 30 05 00  	fld	ft0, 0(a0)
80000318: 53 70 04 12  	fmul.d	ft0, fs0, ft0
8000031c: d3 80 04 42  	fcvt.d.s	ft1, fs1
80000320: d3 05 00 e2  	fmv.x.d	a1, ft0
80000324: 53 86 00 e2  	fmv.x.d	a2, ft1
80000328: 17 75 00 00  	auipc	a0, 7
8000032c: 13 05 f5 6f  	addi	a0, a0, 1791
80000330: 97 10 00 00  	auipc	ra, 1
80000334: e7 80 60 79  	jalr	1942(ra)
80000338: 17 75 00 00  	auipc	a0, 7
8000033c: 13 05 45 6a  	addi	a0, a0, 1700
80000340: 97 10 00 00  	auipc	ra, 1
80000344: e7 80 60 78  	jalr	1926(ra)
80000348: 17 75 00 00  	auipc	a0, 7
8000034c: 13 05 45 6d  	addi	a0, a0, 1748
80000350: 97 10 00 00  	auipc	ra, 1
80000354: e7 80 60 77  	jalr	1910(ra)
80000358: 11 65        	lui	a0, 4
8000035a: 1b 05 85 82  	addiw	a0, a0, -2008
8000035e: 0a 95        	add	a0, a0, sp
80000360: 83 15 05 00  	lh	a1, 0(a0)
80000364: 17 75 00 00  	auipc	a0, 7
80000368: 13 04 05 65  	addi	s0, a0, 1616
8000036c: 22 85        	mv	a0, s0
8000036e: 97 10 00 00  	auipc	ra, 1
80000372: e7 80 80 75  	jalr	1880(ra)
80000376: 11 65        	lui	a0, 4
80000378: 1b 05 85 92  	addiw	a0, a0, -1752
8000037c: 0a 95        	add	a0, a0, sp
8000037e: 83 15 05 00  	lh	a1, 0(a0)
80000382: 22 85        	mv	a0, s0
80000384: 97 10 00 00  	auipc	ra, 1
80000388: e7 80 20 74  	jalr	1858(ra)
8000038c: 11 65        	lui	a0, 4
8000038e: 1b 05 85 a2  	addiw	a0, a0, -1496
80000392: 0a 95        	add	a0, a0, sp
80000394: 83 15 05 00  	lh	a1, 0(a0)
80000398: 22 85        	mv	a0, s0
8000039a: 97 10 00 00  	auipc	ra, 1
8000039e: e7 80 c0 72  	jalr	1836(ra)
800003a2: 11 65        	lui	a0, 4
800003a4: 1b 05 85 b2  	addiw	a0, a0, -1240
800003a8: 0a 95        	add	a0, a0, sp
800003aa: 83 15 05 00  	lh	a1, 0(a0)
800003ae: 22 85        	mv	a0, s0
800003b0: 97 10 00 00  	auipc	ra, 1
800003b4: e7 80 60 71  	jalr	1814(ra)
800003b8: 17 75 00 00  	auipc	a0, 7
800003bc: 93 09 f5 6d  	addi	s3, a0, 1759
800003c0: 4e 85        	mv	a0, s3
800003c2: 97 10 00 00  	auipc	ra, 1
800003c6: e7 80 40 70  	jalr	1796(ra)
800003ca: 11 65        	lui	a0, 4
800003cc: 1b 05 85 c2  	addiw	a0, a0, -984
800003d0: 0a 95        	add	a0, a0, sp
800003d2: 83 15 05 00  	lh	a1, 0(a0)
800003d6: 22 85        	mv	a0, s0
800003d8: 97 10 00 00  	auipc	ra, 1
800003dc: e7 80 e0 6e  	jalr	1774(ra)
800003e0: 11 65        	lui	a0, 4
800003e2: 1b 05 85 d2  	addiw	a0, a0, -728
800003e6: 0a 95        	add	a0, a0, sp
800003e8: 83 15 05 00  	lh	a1, 0(a0)
800003ec: 22 85        	mv	a0, s0
800003ee: 97 10 00 00  	auipc	ra, 1
800003f2: e7 80 80 6d  	jalr	1752(ra)
800003f6: 11 65        	lui	a0, 4
800003f8: 1b 05 85 e2  	addiw	a0, a0, -472
800003fc: 0a 95        	add	a0, a0, sp
800003fe: 83 15 05 00  	lh	a1, 0(a0)
80000402: 22 85        	mv	a0, s0
80000404: 97 10 00 00  	auipc	ra, 1
80000408: e7 80 20 6c  	jalr	1730(ra)
8000040c: 11 65        	lui	a0, 4
8000040e: 1b 05 85 f2  	addiw	a0, a0, -216
80000412: 0a 95        	add	a0, a0, sp
80000414: 83 15 05 00  	lh	a1, 0(a0)
80000418: 22 85        	mv	a0, s0
8000041a: 97 10 00 00  	auipc	ra, 1
8000041e: e7 80 c0 6a  	jalr	1708(ra)
80000422: 4e 85        	mv	a0, s3
80000424: 97 10 00 00  	auipc	ra, 1
80000428: e7 80 20 6a  	jalr	1698(ra)
8000042c: 83 95 1c 00  	lh	a1, 1(s9)
80000430: 22 85        	mv	a0, s0
80000432: 97 10 00 00  	auipc	ra, 1
80000436: e7 80 40 69  	jalr	1684(ra)
8000043a: 83 15 0c 10  	lh	a1, 256(s8)
8000043e: 22 85        	mv	a0, s0
80000440: 97 10 00 00  	auipc	ra, 1
80000444: e7 80 60 68  	jalr	1670(ra)
80000448: 83 15 0c 20  	lh	a1, 512(s8)
8000044c: 22 85        	mv	a0, s0
8000044e: 97 10 00 00  	auipc	ra, 1
80000452: e7 80 80 67  	jalr	1656(ra)
80000456: 83 15 0c 30  	lh	a1, 768(s8)
8000045a: 22 85        	mv	a0, s0
8000045c: 97 10 00 00  	auipc	ra, 1
80000460: e7 80 a0 66  	jalr	1642(ra)
80000464: 4e 85        	mv	a0, s3
80000466: 97 10 00 00  	auipc	ra, 1
8000046a: e7 80 00 66  	jalr	1632(ra)
8000046e: 83 15 0c 40  	lh	a1, 1024(s8)
80000472: 22 85        	mv	a0, s0
80000474: 97 10 00 00  	auipc	ra, 1
80000478: e7 80 20 65  	jalr	1618(ra)
8000047c: 83 15 0c 50  	lh	a1, 1280(s8)
80000480: 22 85        	mv	a0, s0
80000482: 97 10 00 00  	auipc	ra, 1
80000486: e7 80 40 64  	jalr	1604(ra)
8000048a: 83 15 0c 60  	lh	a1, 1536(s8)
8000048e: 22 85        	mv	a0, s0
80000490: 97 10 00 00  	auipc	ra, 1
80000494: e7 80 60 63  	jalr	1590(ra)
80000498: 83 15 0c 70  	lh	a1, 1792(s8)
8000049c: 22 85        	mv	a0, s0
8000049e: 97 10 00 00  	auipc	ra, 1
800004a2: e7 80 80 62  	jalr	1576(ra)
800004a6: 4e 85        	mv	a0, s3
800004a8: 97 10 00 00  	auipc	ra, 1
800004ac: e7 80 e0 61  	jalr	1566(ra)
800004b0: 4e 85        	mv	a0, s3
800004b2: 97 10 00 00  	auipc	ra, 1
800004b6: e7 80 40 61  	jalr	1556(ra)
800004ba: 17 75 00 00  	auipc	a0, 7
800004be: 13 05 f5 5d  	addi	a0, a0, 1503
800004c2: 97 10 00 00  	auipc	ra, 1
800004c6: e7 80 40 60  	jalr	1540(ra)
800004ca: 17 45 00 00  	auipc	a0, 4
800004ce: 93 04 65 49  	addi	s1, a0, 1174
800004d2: 83 95 04 00  	lh	a1, 0(s1)
800004d6: 22 85        	mv	a0, s0
800004d8: 97 10 00 00  	auipc	ra, 1
800004dc: e7 80 e0 5e  	jalr	1518(ra)
800004e0: 83 95 04 10  	lh	a1, 256(s1)
800004e4: 22 85        	mv	a0, s0
800004e6: 97 10 00 00  	auipc	ra, 1
800004ea: e7 80 00 5e  	jalr	1504(ra)
800004ee: 83 95 04 20  	lh	a1, 512(s1)
800004f2: 22 85        	mv	a0, s0
800004f4: 97 10 00 00  	auipc	ra, 1
800004f8: e7 80 20 5d  	jalr	1490(ra)
800004fc: 83 95 04 30  	lh	a1, 768(s1)
80000500: 22 85        	mv	a0, s0
80000502: 97 10 00 00  	auipc	ra, 1
80000506: e7 80 40 5c  	jalr	1476(ra)
8000050a: 4e 85        	mv	a0, s3
8000050c: 97 10 00 00  	auipc	ra, 1
80000510: e7 80 a0 5b  	jalr	1466(ra)
80000514: 83 95 04 40  	lh	a1, 1024(s1)
80000518: 22 85        	mv	a0, s0
8000051a: 97 10 00 00  	auipc	ra, 1
8000051e: e7 80 c0 5a  	jalr	1452(ra)
80000522: 83 95 04 50  	lh	a1, 1280(s1)
80000526: 22 85        	mv	a0, s0
80000528: 97 10 00 00  	auipc	ra, 1
8000052c: e7 80 e0 59  	jalr	1438(ra)
80000530: 83 95 04 60  	lh	a1, 1536(s1)
80000534: 22 85        	mv	a0, s0
80000536: 97 10 00 00  	auipc	ra, 1
8000053a: e7 80 00 59  	jalr	1424(ra)
8000053e: 83 95 04 70  	lh	a1, 1792(s1)
80000542: 22 85        	mv	a0, s0
80000544: 97 10 00 00  	auipc	ra, 1
80000548: e7 80 20 58  	jalr	1410(ra)
8000054c: 4e 85        	mv	a0, s3
8000054e: 97 10 00 00  	auipc	ra, 1
80000552: e7 80 80 57  	jalr	1400(ra)
80000556: 13 89 f4 7f  	addi	s2, s1, 2047
8000055a: 83 15 19 00  	lh	a1, 1(s2)
8000055e: 33 8b 44 01  	add	s6, s1, s4
80000562: 22 85        	mv	a0, s0
80000564: 97 10 00 00  	auipc	ra, 1
80000568: e7 80 20 56  	jalr	1378(ra)
8000056c: 83 15 0b 10  	lh	a1, 256(s6)
80000570: 22 85        	mv	a0, s0
80000572: 97 10 00 00  	auipc	ra, 1
80000576: e7 80 40 55  	jalr	1364(ra)
8000057a: 83 15 0b 20  	lh	a1, 512(s6)
8000057e: 22 85        	mv	a0, s0
80000580: 97 10 00 00  	auipc	ra, 1
80000584: e7 80 60 54  	jalr	1350(ra)
80000588: 83 15 0b 30  	lh	a1, 768(s6)
8000058c: 22 85        	mv	a0, s0
8000058e: 97 10 00 00  	auipc	ra, 1
80000592: e7 80 80 53  	jalr	1336(ra)
80000596: 4e 85        	mv	a0, s3
80000598: 97 10 00 00  	auipc	ra, 1
8000059c: e7 80 e0 52  	jalr	1326(ra)
800005a0: 83 15 19 40  	lh	a1, 1025(s2)
800005a4: 05 65        	lui	a0, 1
800005a6: 1b 09 05 c0  	addiw	s2, a0, -1024
800005aa: ca 94        	add	s1, s1, s2
800005ac: 22 85        	mv	a0, s0
800005ae: 97 10 00 00  	auipc	ra, 1
800005b2: e7 80 80 51  	jalr	1304(ra)
800005b6: 83 95 04 10  	lh	a1, 256(s1)
800005ba: 22 85        	mv	a0, s0
800005bc: 97 10 00 00  	auipc	ra, 1
800005c0: e7 80 a0 50  	jalr	1290(ra)
800005c4: 83 95 04 20  	lh	a1, 512(s1)
800005c8: 22 85        	mv	a0, s0
800005ca: 97 10 00 00  	auipc	ra, 1
800005ce: e7 80 c0 4f  	jalr	1276(ra)
800005d2: 83 95 04 30  	lh	a1, 768(s1)
800005d6: 22 85        	mv	a0, s0
800005d8: 97 10 00 00  	auipc	ra, 1
800005dc: e7 80 e0 4e  	jalr	1262(ra)
800005e0: 4e 85        	mv	a0, s3
800005e2: 97 10 00 00  	auipc	ra, 1
800005e6: e7 80 40 4e  	jalr	1252(ra)
800005ea: 4e 85        	mv	a0, s3
800005ec: 97 10 00 00  	auipc	ra, 1
800005f0: e7 80 a0 4d  	jalr	1242(ra)
800005f4: 17 75 00 00  	auipc	a0, 7
800005f8: 13 05 55 3d  	addi	a0, a0, 981
800005fc: 97 10 00 00  	auipc	ra, 1
80000600: e7 80 a0 4c  	jalr	1226(ra)
80000604: 0d 65        	lui	a0, 3
80000606: 1b 05 85 82  	addiw	a0, a0, -2008
8000060a: 0a 95        	add	a0, a0, sp
8000060c: 83 15 05 00  	lh	a1, 0(a0)
80000610: 22 85        	mv	a0, s0
80000612: 97 10 00 00  	auipc	ra, 1
80000616: e7 80 40 4b  	jalr	1204(ra)
8000061a: 0d 65        	lui	a0, 3
8000061c: 1b 05 85 92  	addiw	a0, a0, -1752
80000620: 0a 95        	add	a0, a0, sp
80000622: 83 15 05 00  	lh	a1, 0(a0)
80000626: 22 85        	mv	a0, s0
80000628: 97 10 00 00  	auipc	ra, 1
8000062c: e7 80 e0 49  	jalr	1182(ra)
80000630: 0d 65        	lui	a0, 3
80000632: 1b 05 85 a2  	addiw	a0, a0, -1496
80000636: 0a 95        	add	a0, a0, sp
80000638: 83 15 05 00  	lh	a1, 0(a0)
8000063c: 22 85        	mv	a0, s0
8000063e: 97 10 00 00  	auipc	ra, 1
80000642: e7 80 80 48  	jalr	1160(ra)
80000646: 0d 65        	lui	a0, 3
80000648: 1b 05 85 b2  	addiw	a0, a0, -1240
8000064c: 0a 95        	add	a0, a0, sp
8000064e: 83 15 05 00  	lh	a1, 0(a0)
80000652: 22 85        	mv	a0, s0
80000654: 97 10 00 00  	auipc	ra, 1
80000658: e7 80 20 47  	jalr	1138(ra)
8000065c: 4e 85        	mv	a0, s3
8000065e: 97 10 00 00  	auipc	ra, 1
80000662: e7 80 80 46  	jalr	1128(ra)
80000666: 0d 65        	lui	a0, 3
80000668: 1b 05 85 c2  	addiw	a0, a0, -984
8000066c: 0a 95        	add	a0, a0, sp
8000066e: 83 15 05 00  	lh	a1, 0(a0)
80000672: 22 85        	mv	a0, s0
80000674: 97 10 00 00  	auipc	ra, 1
80000678: e7 80 20 45  	jalr	1106(ra)
8000067c: 0d 65        	lui	a0, 3
8000067e: 1b 05 85 d2  	addiw	a0, a0, -728
80000682: 0a 95        	add	a0, a0, sp
80000684: 83 15 05 00  	lh	a1, 0(a0)
80000688: 22 85        	mv	a0, s0
8000068a: 97 10 00 00  	auipc	ra, 1
8000068e: e7 80 c0 43  	jalr	1084(ra)
80000692: 0d 65        	lui	a0, 3
80000694: 1b 05 85 e2  	addiw	a0, a0, -472
80000698: 0a 95        	add	a0, a0, sp
8000069a: 83 15 05 00  	lh	a1, 0(a0)
8000069e: 22 85        	mv	a0, s0
800006a0: 97 10 00 00  	auipc	ra, 1
800006a4: e7 80 60 42  	jalr	1062(ra)
800006a8: 0d 65        	lui	a0, 3
800006aa: 1b 05 85 f2  	addiw	a0, a0, -216
800006ae: 0a 95        	add	a0, a0, sp
800006b0: 83 15 05 00  	lh	a1, 0(a0)
800006b4: 22 85        	mv	a0, s0
800006b6: 97 10 00 00  	auipc	ra, 1
800006ba: e7 80 00 41  	jalr	1040(ra)
800006be: 4e 85        	mv	a0, s3
800006c0: 97 10 00 00  	auipc	ra, 1
800006c4: e7 80 60 40  	jalr	1030(ra)
800006c8: 02 75        	ld	a0, 32(sp)
800006ca: 83 15 15 00  	lh	a1, 1(a0)
800006ce: 22 85        	mv	a0, s0
800006d0: 97 10 00 00  	auipc	ra, 1
800006d4: e7 80 60 3f  	jalr	1014(ra)
800006d8: 83 95 0a 10  	lh	a1, 256(s5)
800006dc: 22 85        	mv	a0, s0
800006de: 97 10 00 00  	auipc	ra, 1
800006e2: e7 80 80 3e  	jalr	1000(ra)
800006e6: 83 95 0a 20  	lh	a1, 512(s5)
800006ea: 22 85        	mv	a0, s0
800006ec: 97 10 00 00  	auipc	ra, 1
800006f0: e7 80 a0 3d  	jalr	986(ra)
800006f4: 83 95 0a 30  	lh	a1, 768(s5)
800006f8: 22 85        	mv	a0, s0
800006fa: 97 10 00 00  	auipc	ra, 1
800006fe: e7 80 c0 3c  	jalr	972(ra)
80000702: 4e 85        	mv	a0, s3
80000704: 97 10 00 00  	auipc	ra, 1
80000708: e7 80 20 3c  	jalr	962(ra)
8000070c: 83 95 0a 40  	lh	a1, 1024(s5)
80000710: 22 85        	mv	a0, s0
80000712: 97 10 00 00  	auipc	ra, 1
80000716: e7 80 40 3b  	jalr	948(ra)
8000071a: 83 95 0a 50  	lh	a1, 1280(s5)
8000071e: 22 85        	mv	a0, s0
80000720: 97 10 00 00  	auipc	ra, 1
80000724: e7 80 60 3a  	jalr	934(ra)
80000728: 83 95 0a 60  	lh	a1, 1536(s5)
8000072c: 22 85        	mv	a0, s0
8000072e: 97 10 00 00  	auipc	ra, 1
80000732: e7 80 80 39  	jalr	920(ra)
80000736: 83 95 0a 70  	lh	a1, 1792(s5)
8000073a: 22 85        	mv	a0, s0
8000073c: 97 10 00 00  	auipc	ra, 1
80000740: e7 80 a0 38  	jalr	906(ra)
80000744: 4e 85        	mv	a0, s3
80000746: 97 10 00 00  	auipc	ra, 1
8000074a: e7 80 00 38  	jalr	896(ra)
8000074e: 4e 85        	mv	a0, s3
80000750: 97 10 00 00  	auipc	ra, 1
80000754: e7 80 60 37  	jalr	886(ra)
80000758: 17 75 00 00  	auipc	a0, 7
8000075c: 13 05 85 20  	addi	a0, a0, 520
80000760: 97 10 00 00  	auipc	ra, 1
80000764: e7 80 60 36  	jalr	870(ra)
80000768: 17 55 00 00  	auipc	a0, 5
8000076c: 93 04 85 1f  	addi	s1, a0, 504
80000770: 83 95 04 00  	lh	a1, 0(s1)
80000774: 22 85        	mv	a0, s0
80000776: 97 10 00 00  	auipc	ra, 1
8000077a: e7 80 00 35  	jalr	848(ra)
8000077e: 83 95 04 10  	lh	a1, 256(s1)
80000782: 22 85        	mv	a0, s0
80000784: 97 10 00 00  	auipc	ra, 1
80000788: e7 80 20 34  	jalr	834(ra)
8000078c: 83 95 04 20  	lh	a1, 512(s1)
80000790: 22 85        	mv	a0, s0
80000792: 97 10 00 00  	auipc	ra, 1
80000796: e7 80 40 33  	jalr	820(ra)
8000079a: 83 95 04 30  	lh	a1, 768(s1)
8000079e: 22 85        	mv	a0, s0
800007a0: 97 10 00 00  	auipc	ra, 1
800007a4: e7 80 60 32  	jalr	806(ra)
800007a8: 4e 85        	mv	a0, s3
800007aa: 97 10 00 00  	auipc	ra, 1
800007ae: e7 80 c0 31  	jalr	796(ra)
800007b2: 83 95 04 40  	lh	a1, 1024(s1)
800007b6: 22 85        	mv	a0, s0
800007b8: 97 10 00 00  	auipc	ra, 1
800007bc: e7 80 e0 30  	jalr	782(ra)
800007c0: 83 95 04 50  	lh	a1, 1280(s1)
800007c4: 22 85        	mv	a0, s0
800007c6: 97 10 00 00  	auipc	ra, 1
800007ca: e7 80 00 30  	jalr	768(ra)
800007ce: 83 95 04 60  	lh	a1, 1536(s1)
800007d2: 22 85        	mv	a0, s0
800007d4: 97 10 00 00  	auipc	ra, 1
800007d8: e7 80 20 2f  	jalr	754(ra)
800007dc: 83 95 04 70  	lh	a1, 1792(s1)
800007e0: 22 85        	mv	a0, s0
800007e2: 97 10 00 00  	auipc	ra, 1
800007e6: e7 80 40 2e  	jalr	740(ra)
800007ea: 4e 85        	mv	a0, s3
800007ec: 97 10 00 00  	auipc	ra, 1
800007f0: e7 80 a0 2d  	jalr	730(ra)
800007f4: 93 8a f4 7f  	addi	s5, s1, 2047
800007f8: 83 95 1a 00  	lh	a1, 1(s5)
800007fc: 26 9a        	add	s4, s4, s1
800007fe: 22 85        	mv	a0, s0
80000800: 97 10 00 00  	auipc	ra, 1
80000804: e7 80 60 2c  	jalr	710(ra)
80000808: 83 15 0a 10  	lh	a1, 256(s4)
8000080c: 22 85        	mv	a0, s0
8000080e: 97 10 00 00  	auipc	ra, 1
80000812: e7 80 80 2b  	jalr	696(ra)
80000816: 83 15 0a 20  	lh	a1, 512(s4)
8000081a: 22 85        	mv	a0, s0
8000081c: 97 10 00 00  	auipc	ra, 1
80000820: e7 80 a0 2a  	jalr	682(ra)
80000824: 83 15 0a 30  	lh	a1, 768(s4)
80000828: 22 85        	mv	a0, s0
8000082a: 97 10 00 00  	auipc	ra, 1
8000082e: e7 80 c0 29  	jalr	668(ra)
80000832: 4e 85        	mv	a0, s3
80000834: 97 10 00 00  	auipc	ra, 1
80000838: e7 80 20 29  	jalr	658(ra)
8000083c: 83 95 1a 40  	lh	a1, 1025(s5)
80000840: ca 94        	add	s1, s1, s2
80000842: 22 85        	mv	a0, s0
80000844: 97 10 00 00  	auipc	ra, 1
80000848: e7 80 20 28  	jalr	642(ra)
8000084c: 83 95 04 10  	lh	a1, 256(s1)
80000850: 22 85        	mv	a0, s0
80000852: 97 10 00 00  	auipc	ra, 1
80000856: e7 80 40 27  	jalr	628(ra)
8000085a: 83 95 04 20  	lh	a1, 512(s1)
8000085e: 22 85        	mv	a0, s0
80000860: 97 10 00 00  	auipc	ra, 1
80000864: e7 80 60 26  	jalr	614(ra)
80000868: 83 95 04 30  	lh	a1, 768(s1)
8000086c: 22 85        	mv	a0, s0
8000086e: 97 10 00 00  	auipc	ra, 1
80000872: e7 80 80 25  	jalr	600(ra)
80000876: 4e 85        	mv	a0, s3
80000878: 97 10 00 00  	auipc	ra, 1
8000087c: e7 80 e0 24  	jalr	590(ra)
80000880: 4e 85        	mv	a0, s3
80000882: 97 10 00 00  	auipc	ra, 1
80000886: e7 80 40 24  	jalr	580(ra)
8000088a: 17 75 00 00  	auipc	a0, 7
8000088e: 13 05 d5 0e  	addi	a0, a0, 237
80000892: 97 10 00 00  	auipc	ra, 1
80000896: e7 80 40 23  	jalr	564(ra)
8000089a: 17 75 00 00  	auipc	a0, 7
8000089e: 13 05 b5 24  	addi	a0, a0, 587
800008a2: 97 10 00 00  	auipc	ra, 1
800008a6: e7 80 40 22  	jalr	548(ra)
800008aa: 17 75 00 00  	auipc	a0, 7
800008ae: 13 05 e5 1f  	addi	a0, a0, 510
800008b2: 97 10 00 00  	auipc	ra, 1
800008b6: e7 80 40 21  	jalr	532(ra)
800008ba: 17 75 00 00  	auipc	a0, 7
800008be: 13 05 55 0b  	addi	a0, a0, 181
800008c2: 97 10 00 00  	auipc	ra, 1
800008c6: e7 80 40 20  	jalr	516(ra)
800008ca: 83 15 81 42  	lh	a1, 1064(sp)
800008ce: 22 85        	mv	a0, s0
800008d0: 97 10 00 00  	auipc	ra, 1
800008d4: e7 80 60 1f  	jalr	502(ra)
800008d8: 4e 85        	mv	a0, s3
800008da: 97 10 00 00  	auipc	ra, 1
800008de: e7 80 c0 1e  	jalr	492(ra)
800008e2: 83 15 81 52  	lh	a1, 1320(sp)
800008e6: 22 85        	mv	a0, s0
800008e8: 97 10 00 00  	auipc	ra, 1
800008ec: e7 80 e0 1d  	jalr	478(ra)
800008f0: 4e 85        	mv	a0, s3
800008f2: 97 10 00 00  	auipc	ra, 1
800008f6: e7 80 40 1d  	jalr	468(ra)
800008fa: 83 15 81 62  	lh	a1, 1576(sp)
800008fe: 22 85        	mv	a0, s0
80000900: 97 10 00 00  	auipc	ra, 1
80000904: e7 80 60 1c  	jalr	454(ra)
80000908: 4e 85        	mv	a0, s3
8000090a: 97 10 00 00  	auipc	ra, 1
8000090e: e7 80 c0 1b  	jalr	444(ra)
80000912: 83 15 81 72  	lh	a1, 1832(sp)
80000916: 22 85        	mv	a0, s0
80000918: 97 10 00 00  	auipc	ra, 1
8000091c: e7 80 e0 1a  	jalr	430(ra)
80000920: 4e 85        	mv	a0, s3
80000922: 97 10 00 00  	auipc	ra, 1
80000926: e7 80 40 1a  	jalr	420(ra)
8000092a: 4e 85        	mv	a0, s3
8000092c: 97 10 00 00  	auipc	ra, 1
80000930: e7 80 a0 19  	jalr	410(ra)
80000934: 17 75 00 00  	auipc	a0, 7
80000938: 13 05 55 1f  	addi	a0, a0, 501
8000093c: 97 10 00 00  	auipc	ra, 1
80000940: e7 80 a0 18  	jalr	394(ra)
80000944: 17 65 00 00  	auipc	a0, 6
80000948: 93 04 c5 01  	addi	s1, a0, 28
8000094c: 83 95 04 00  	lh	a1, 0(s1)
80000950: 22 85        	mv	a0, s0
80000952: 97 10 00 00  	auipc	ra, 1
80000956: e7 80 40 17  	jalr	372(ra)
8000095a: 4e 85        	mv	a0, s3
8000095c: 97 10 00 00  	auipc	ra, 1
80000960: e7 80 a0 16  	jalr	362(ra)
80000964: 83 95 04 10  	lh	a1, 256(s1)
80000968: 22 85        	mv	a0, s0
8000096a: 97 10 00 00  	auipc	ra, 1
8000096e: e7 80 c0 15  	jalr	348(ra)
80000972: 4e 85        	mv	a0, s3
80000974: 97 10 00 00  	auipc	ra, 1
80000978: e7 80 20 15  	jalr	338(ra)
8000097c: 83 95 04 20  	lh	a1, 512(s1)
80000980: 22 85        	mv	a0, s0
80000982: 97 10 00 00  	auipc	ra, 1
80000986: e7 80 40 14  	jalr	324(ra)
8000098a: 4e 85        	mv	a0, s3
8000098c: 97 10 00 00  	auipc	ra, 1
80000990: e7 80 a0 13  	jalr	314(ra)
80000994: 83 95 04 30  	lh	a1, 768(s1)
80000998: 22 85        	mv	a0, s0
8000099a: 97 10 00 00  	auipc	ra, 1
8000099e: e7 80 c0 12  	jalr	300(ra)
800009a2: 4e 85        	mv	a0, s3
800009a4: 97 10 00 00  	auipc	ra, 1
800009a8: e7 80 20 12  	jalr	290(ra)
800009ac: 4e 85        	mv	a0, s3
800009ae: 97 10 00 00  	auipc	ra, 1
800009b2: e7 80 80 11  	jalr	280(ra)
800009b6: 17 75 00 00  	auipc	a0, 7
800009ba: 13 05 e5 01  	addi	a0, a0, 30
800009be: 97 10 00 00  	auipc	ra, 1
800009c2: e7 80 80 10  	jalr	264(ra)
800009c6: 83 15 81 02  	lh	a1, 40(sp)
800009ca: 22 85        	mv	a0, s0
800009cc: 97 10 00 00  	auipc	ra, 1
800009d0: e7 80 a0 0f  	jalr	250(ra)
800009d4: 4e 85        	mv	a0, s3
800009d6: 97 10 00 00  	auipc	ra, 1
800009da: e7 80 00 0f  	jalr	240(ra)
800009de: 83 15 81 12  	lh	a1, 296(sp)
800009e2: 22 85        	mv	a0, s0
800009e4: 97 10 00 00  	auipc	ra, 1
800009e8: e7 80 20 0e  	jalr	226(ra)
800009ec: 4e 85        	mv	a0, s3
800009ee: 97 10 00 00  	auipc	ra, 1
800009f2: e7 80 80 0d  	jalr	216(ra)
800009f6: 83 15 81 22  	lh	a1, 552(sp)
800009fa: 22 85        	mv	a0, s0
800009fc: 97 10 00 00  	auipc	ra, 1
80000a00: e7 80 a0 0c  	jalr	202(ra)
80000a04: 4e 85        	mv	a0, s3
80000a06: 97 10 00 00  	auipc	ra, 1
80000a0a: e7 80 00 0c  	jalr	192(ra)
80000a0e: 83 15 81 32  	lh	a1, 808(sp)
80000a12: 22 85        	mv	a0, s0
80000a14: 97 10 00 00  	auipc	ra, 1
80000a18: e7 80 20 0b  	jalr	178(ra)
80000a1c: 4e 85        	mv	a0, s3
80000a1e: 97 10 00 00  	auipc	ra, 1
80000a22: e7 80 80 0a  	jalr	168(ra)
80000a26: 4e 85        	mv	a0, s3
80000a28: 97 10 00 00  	auipc	ra, 1
80000a2c: e7 80 e0 09  	jalr	158(ra)
80000a30: 17 75 00 00  	auipc	a0, 7
80000a34: 13 05 d5 f8  	addi	a0, a0, -115
80000a38: 97 10 00 00  	auipc	ra, 1
80000a3c: e7 80 e0 08  	jalr	142(ra)
80000a40: 17 65 00 00  	auipc	a0, 6
80000a44: 93 04 05 32  	addi	s1, a0, 800
80000a48: 83 95 04 00  	lh	a1, 0(s1)
80000a4c: 22 85        	mv	a0, s0
80000a4e: 97 10 00 00  	auipc	ra, 1
80000a52: e7 80 80 07  	jalr	120(ra)
80000a56: 4e 85        	mv	a0, s3
80000a58: 97 10 00 00  	auipc	ra, 1
80000a5c: e7 80 e0 06  	jalr	110(ra)
80000a60: 83 95 04 10  	lh	a1, 256(s1)
80000a64: 22 85        	mv	a0, s0
80000a66: 97 10 00 00  	auipc	ra, 1
80000a6a: e7 80 00 06  	jalr	96(ra)
80000a6e: 4e 85        	mv	a0, s3
80000a70: 97 10 00 00  	auipc	ra, 1
80000a74: e7 80 60 05  	jalr	86(ra)
80000a78: 83 95 04 20  	lh	a1, 512(s1)
80000a7c: 22 85        	mv	a0, s0
80000a7e: 97 10 00 00  	auipc	ra, 1
80000a82: e7 80 80 04  	jalr	72(ra)
80000a86: 4e 85        	mv	a0, s3
80000a88: 97 10 00 00  	auipc	ra, 1
80000a8c: e7 80 e0 03  	jalr	62(ra)
80000a90: 83 95 04 30  	lh	a1, 768(s1)
80000a94: 22 85        	mv	a0, s0
80000a96: 97 10 00 00  	auipc	ra, 1
80000a9a: e7 80 00 03  	jalr	48(ra)
80000a9e: 4e 85        	mv	a0, s3
80000aa0: 97 10 00 00  	auipc	ra, 1
80000aa4: e7 80 60 02  	jalr	38(ra)
80000aa8: 4e 85        	mv	a0, s3
80000aaa: 97 10 00 00  	auipc	ra, 1
80000aae: e7 80 c0 01  	jalr	28(ra)
80000ab2: 01 45        	li	a0, 0
80000ab4: 91 65        	lui	a1, 4
80000ab6: 9b 85 05 0b  	addiw	a1, a1, 176
80000aba: 2e 91        	add	sp, sp, a1
80000abc: 83 30 81 7e  	ld	ra, 2024(sp)
80000ac0: 03 34 01 7e  	ld	s0, 2016(sp)
80000ac4: 83 34 81 7d  	ld	s1, 2008(sp)
80000ac8: 03 39 01 7d  	ld	s2, 2000(sp)
80000acc: 83 39 81 7c  	ld	s3, 1992(sp)
80000ad0: 03 3a 01 7c  	ld	s4, 1984(sp)
80000ad4: 83 3a 81 7b  	ld	s5, 1976(sp)
80000ad8: 03 3b 01 7b  	ld	s6, 1968(sp)
80000adc: 83 3b 81 7a  	ld	s7, 1960(sp)
80000ae0: 03 3c 01 7a  	ld	s8, 1952(sp)
80000ae4: 83 3c 81 79  	ld	s9, 1944(sp)
80000ae8: 03 3d 01 79  	ld	s10, 1936(sp)
80000aec: 83 3d 81 78  	ld	s11, 1928(sp)
80000af0: 07 34 01 78  	fld	fs0, 1920(sp)
80000af4: 87 34 81 77  	fld	fs1, 1912(sp)
80000af8: 13 01 01 7f  	addi	sp, sp, 2032
80000afc: 82 80        	ret

0000000080000afe <v_compute_z_cfxp16>:
80000afe: 01 11        	addi	sp, sp, -32
80000b00: 22 ec        	sd	s0, 24(sp)
80000b02: 26 e8        	sd	s1, 16(sp)
80000b04: 4a e4        	sd	s2, 8(sp)
80000b06: c2 72        	ld	t0, 48(sp)
80000b08: 22 73        	ld	t1, 40(sp)
80000b0a: 82 73        	ld	t2, 32(sp)
80000b0c: 57 70 16 0d  	vsetvli	zero, a2, e32, m2, ta, ma
80000b10: 13 8e f5 ff  	addi	t3, a1, -1
80000b14: 57 36 00 5e  	vmv.v.i	v12, 0
80000b18: 63 0e 0e 0a  	beqz	t3, 0x80000bd4 <v_compute_z_cfxp16+0xd6>
80000b1c: 13 94 16 00  	slli	s0, a3, 1
80000b20: 93 1e 17 00  	slli	t4, a4, 1
80000b24: 33 0f d8 01  	add	t5, a6, t4
80000b28: b3 0f b7 02  	mul	t6, a4, a1
80000b2c: 86 0f        	slli	t6, t6, 1
80000b2e: 33 89 d7 01  	add	s2, a5, t4
80000b32: a2 84        	mv	s1, s0
80000b34: 57 b7 c0 9e  	vmv2r.v	v14, v12
80000b38: 57 b5 c0 9e  	vmv2r.v	v10, v12
80000b3c: 57 b4 c0 9e  	vmv2r.v	v8, v12
80000b40: 33 86 88 00  	add	a2, a7, s0
80000b44: 07 58 06 02  	vle16.v	v16, (a2)
80000b48: 33 86 97 00  	add	a2, a5, s1
80000b4c: 87 58 06 02  	vle16.v	v17, (a2)
80000b50: 57 70 80 08  	vsetvli	zero, zero, e16, m1, tu, ma
80000b54: 57 26 18 f7  	vwmacc.vv	v12, v16, v17
80000b58: 33 86 83 00  	add	a2, t2, s0
80000b5c: 57 70 80 0c  	vsetvli	zero, zero, e16, m1, ta, ma
80000b60: 07 59 06 02  	vle16.v	v18, (a2)
80000b64: 57 70 80 08  	vsetvli	zero, zero, e16, m1, tu, ma
80000b68: 57 27 19 f7  	vwmacc.vv	v14, v18, v17
80000b6c: 33 06 98 00  	add	a2, a6, s1
80000b70: 57 70 80 0c  	vsetvli	zero, zero, e16, m1, ta, ma
80000b74: 87 58 06 02  	vle16.v	v17, (a2)
80000b78: 57 70 80 08  	vsetvli	zero, zero, e16, m1, tu, ma
80000b7c: 57 26 19 f7  	vwmacc.vv	v12, v18, v17
80000b80: 57 70 80 0c  	vsetvli	zero, zero, e16, m1, ta, ma
80000b84: 57 aa 08 ef  	vwmul.vv	v20, v16, v17
80000b88: 57 70 10 0d  	vsetvli	zero, zero, e32, m2, ta, ma
80000b8c: 33 06 99 00  	add	a2, s2, s1
80000b90: 87 58 06 02  	vle16.v	v17, (a2)
80000b94: 57 07 ea 0a  	vsub.vv	v14, v14, v20
80000b98: 57 70 80 08  	vsetvli	zero, zero, e16, m1, tu, ma
80000b9c: 57 25 18 f7  	vwmacc.vv	v10, v16, v17
80000ba0: 57 24 19 f7  	vwmacc.vv	v8, v18, v17
80000ba4: 33 06 9f 00  	add	a2, t5, s1
80000ba8: 57 70 80 0c  	vsetvli	zero, zero, e16, m1, ta, ma
80000bac: 87 58 06 02  	vle16.v	v17, (a2)
80000bb0: 57 70 80 08  	vsetvli	zero, zero, e16, m1, tu, ma
80000bb4: 57 25 19 f7  	vwmacc.vv	v10, v18, v17
80000bb8: 57 70 80 0c  	vsetvli	zero, zero, e16, m1, ta, ma
80000bbc: 57 a9 08 ef  	vwmul.vv	v18, v16, v17
80000bc0: 57 70 10 0d  	vsetvli	zero, zero, e32, m2, ta, ma
80000bc4: 57 04 89 0a  	vsub.vv	v8, v8, v18
80000bc8: fe 94        	add	s1, s1, t6
80000bca: 7d 1e        	addi	t3, t3, -1
80000bcc: 76 94        	add	s0, s0, t4
80000bce: e3 19 0e f6  	bnez	t3, 0x80000b40 <v_compute_z_cfxp16+0x42>
80000bd2: 39 a0        	j	0x80000be0 <v_compute_z_cfxp16+0xe2>
80000bd4: 57 b4 c0 9e  	vmv2r.v	v8, v12
80000bd8: 57 b5 c0 9e  	vmv2r.v	v10, v12
80000bdc: 57 b7 c0 9e  	vmv2r.v	v14, v12
80000be0: 42 15        	slli	a0, a0, 48
80000be2: 7d 56        	li	a2, -1
80000be4: 42 16        	slli	a2, a2, 48
80000be6: 32 95        	add	a0, a0, a2
80000be8: 41 95        	srai	a0, a0, 48
80000bea: 33 06 e5 02  	mul	a2, a0, a4
80000bee: 36 96        	add	a2, a2, a3
80000bf0: 06 06        	slli	a2, a2, 1
80000bf2: b2 98        	add	a7, a7, a2
80000bf4: 07 d8 08 02  	vle16.v	v16, (a7)
80000bf8: 33 05 b5 02  	mul	a0, a0, a1
80000bfc: b3 05 e5 02  	mul	a1, a0, a4
80000c00: b6 95        	add	a1, a1, a3
80000c02: 93 94 15 00  	slli	s1, a1, 1
80000c06: b3 85 97 00  	add	a1, a5, s1
80000c0a: 87 d8 05 02  	vle16.v	v17, (a1)
80000c0e: 57 70 80 08  	vsetvli	zero, zero, e16, m1, tu, ma
80000c12: 57 26 18 f7  	vwmacc.vv	v12, v16, v17
80000c16: 1e 96        	add	a2, a2, t2
80000c18: 57 70 80 0c  	vsetvli	zero, zero, e16, m1, ta, ma
80000c1c: 07 59 06 02  	vle16.v	v18, (a2)
80000c20: 57 70 80 08  	vsetvli	zero, zero, e16, m1, tu, ma
80000c24: 57 27 19 f7  	vwmacc.vv	v14, v18, v17
80000c28: c2 94        	add	s1, s1, a6
80000c2a: 57 70 80 0c  	vsetvli	zero, zero, e16, m1, ta, ma
80000c2e: 87 d8 04 02  	vle16.v	v17, (s1)
80000c32: 57 70 80 08  	vsetvli	zero, zero, e16, m1, tu, ma
80000c36: 57 26 19 f7  	vwmacc.vv	v12, v18, v17
80000c3a: 93 95 16 00  	slli	a1, a3, 1
80000c3e: 33 06 b3 00  	add	a2, t1, a1
80000c42: 57 70 80 0c  	vsetvli	zero, zero, e16, m1, ta, ma
80000c46: d7 39 c5 be  	vnclip.wi	v19, v12, 10
80000c4a: a7 59 06 02  	vse16.v	v19, (a2)
80000c4e: 57 a6 08 ef  	vwmul.vv	v12, v16, v17
80000c52: 57 70 10 0d  	vsetvli	zero, zero, e32, m2, ta, ma
80000c56: 57 06 e6 0a  	vsub.vv	v12, v14, v12
80000c5a: 96 95        	add	a1, a1, t0
80000c5c: 57 70 80 0c  	vsetvli	zero, zero, e16, m1, ta, ma
80000c60: 57 37 c5 be  	vnclip.wi	v14, v12, 10
80000c64: 27 d7 05 02  	vse16.v	v14, (a1)
80000c68: 05 05        	addi	a0, a0, 1
80000c6a: 33 05 e5 02  	mul	a0, a0, a4
80000c6e: 36 95        	add	a0, a0, a3
80000c70: 06 05        	slli	a0, a0, 1
80000c72: aa 97        	add	a5, a5, a0
80000c74: 07 d6 07 02  	vle16.v	v12, (a5)
80000c78: 57 70 80 08  	vsetvli	zero, zero, e16, m1, tu, ma
80000c7c: 57 25 c8 f6  	vwmacc.vv	v10, v16, v12
80000c80: 57 24 c9 f6  	vwmacc.vv	v8, v18, v12
80000c84: 42 95        	add	a0, a0, a6
80000c86: 57 70 80 0c  	vsetvli	zero, zero, e16, m1, ta, ma
80000c8a: 07 56 05 02  	vle16.v	v12, (a0)
80000c8e: 57 70 80 08  	vsetvli	zero, zero, e16, m1, tu, ma
80000c92: 57 25 c9 f6  	vwmacc.vv	v10, v18, v12
80000c96: ba 96        	add	a3, a3, a4
80000c98: 86 06        	slli	a3, a3, 1
80000c9a: 36 93        	add	t1, t1, a3
80000c9c: 57 70 80 0c  	vsetvli	zero, zero, e16, m1, ta, ma
80000ca0: d7 36 a5 be  	vnclip.wi	v13, v10, 10
80000ca4: a7 56 03 02  	vse16.v	v13, (t1)
80000ca8: 57 25 06 ef  	vwmul.vv	v10, v16, v12
80000cac: 57 70 10 0d  	vsetvli	zero, zero, e32, m2, ta, ma
80000cb0: 57 04 85 0a  	vsub.vv	v8, v8, v10
80000cb4: 96 96        	add	a3, a3, t0
80000cb6: 57 70 80 0c  	vsetvli	zero, zero, e16, m1, ta, ma
80000cba: 57 35 85 be  	vnclip.wi	v10, v8, 10
80000cbe: 27 d5 06 02  	vse16.v	v10, (a3)
80000cc2: 62 64        	ld	s0, 24(sp)
80000cc4: c2 64        	ld	s1, 16(sp)
80000cc6: 22 69        	ld	s2, 8(sp)
80000cc8: 05 61        	addi	sp, sp, 32
80000cca: 82 80        	ret

0000000080000ccc <v_compute_gram_cfxp16>:
80000ccc: 39 71        	addi	sp, sp, -64
80000cce: 22 fc        	sd	s0, 56(sp)
80000cd0: 26 f8        	sd	s1, 48(sp)
80000cd2: 4a f4        	sd	s2, 40(sp)
80000cd4: 73 25 20 c2  	csrr	a0, vlenb
80000cd8: c9 42        	li	t0, 18
80000cda: 33 05 55 02  	mul	a0, a0, t0
80000cde: 33 01 a1 40  	sub	sp, sp, a0
80000ce2: 57 70 16 0d  	vsetvli	zero, a2, e32, m2, ta, ma
80000ce6: 93 92 16 00  	slli	t0, a3, 1
80000cea: 33 05 58 00  	add	a0, a6, t0
80000cee: 87 55 05 02  	vle16.v	v11, (a0)
80000cf2: 57 3d 00 5e  	vmv.v.i	v26, 0
80000cf6: 57 70 80 08  	vsetvli	zero, zero, e16, m1, tu, ma
80000cfa: 57 ba a0 9f  	vmv2r.v	v20, v26
80000cfe: 57 aa b5 f6  	vwmacc.vv	v20, v11, v11
80000d02: 33 85 58 00  	add	a0, a7, t0
80000d06: 57 70 80 0c  	vsetvli	zero, zero, e16, m1, ta, ma
80000d0a: 87 56 05 02  	vle16.v	v13, (a0)
80000d0e: 57 70 80 08  	vsetvli	zero, zero, e16, m1, tu, ma
80000d12: 57 aa d6 f6  	vwmacc.vv	v20, v13, v13
80000d16: 33 05 d7 00  	add	a0, a4, a3
80000d1a: 06 05        	slli	a0, a0, 1
80000d1c: 33 06 a8 00  	add	a2, a6, a0
80000d20: 57 70 80 0c  	vsetvli	zero, zero, e16, m1, ta, ma
80000d24: 07 5f 06 02  	vle16.v	v30, (a2)
80000d28: 57 70 80 08  	vsetvli	zero, zero, e16, m1, tu, ma
80000d2c: 57 bc a0 9f  	vmv2r.v	v24, v26
80000d30: 57 2c bf f6  	vwmacc.vv	v24, v30, v11
80000d34: 46 95        	add	a0, a0, a7
80000d36: 57 70 80 0c  	vsetvli	zero, zero, e16, m1, ta, ma
80000d3a: 07 55 05 02  	vle16.v	v10, (a0)
80000d3e: 57 70 80 08  	vsetvli	zero, zero, e16, m1, tu, ma
80000d42: 57 2c d5 f6  	vwmacc.vv	v24, v10, v13
80000d46: 57 b8 a0 9f  	vmv2r.v	v16, v26
80000d4a: 57 28 df f6  	vwmacc.vv	v16, v30, v13
80000d4e: 57 70 80 0c  	vsetvli	zero, zero, e16, m1, ta, ma
80000d52: 57 a9 a5 ee  	vwmul.vv	v18, v10, v11
80000d56: 57 70 10 0d  	vsetvli	zero, zero, e32, m2, ta, ma
80000d5a: 13 15 17 00  	slli	a0, a4, 1
80000d5e: 33 04 d5 00  	add	s0, a0, a3
80000d62: 13 15 14 00  	slli	a0, s0, 1
80000d66: 33 06 a8 00  	add	a2, a6, a0
80000d6a: 07 53 06 02  	vle16.v	v6, (a2)
80000d6e: 57 02 09 0b  	vsub.vv	v4, v16, v18
80000d72: 57 70 80 08  	vsetvli	zero, zero, e16, m1, tu, ma
80000d76: 57 bb a0 9f  	vmv2r.v	v22, v26
80000d7a: 57 2b b3 f6  	vwmacc.vv	v22, v6, v11
80000d7e: 46 95        	add	a0, a0, a7
80000d80: 57 70 80 0c  	vsetvli	zero, zero, e16, m1, ta, ma
80000d84: 07 56 05 02  	vle16.v	v12, (a0)
80000d88: 57 70 80 08  	vsetvli	zero, zero, e16, m1, tu, ma
80000d8c: 57 2b d6 f6  	vwmacc.vv	v22, v12, v13
80000d90: 57 b8 a0 9f  	vmv2r.v	v16, v26
80000d94: 57 28 d3 f6  	vwmacc.vv	v16, v6, v13
80000d98: 57 70 80 0c  	vsetvli	zero, zero, e16, m1, ta, ma
80000d9c: 57 a9 c5 ee  	vwmul.vv	v18, v12, v11
80000da0: 57 70 10 0d  	vsetvli	zero, zero, e32, m2, ta, ma
80000da4: 3a 94        	add	s0, s0, a4
80000da6: 06 04        	slli	s0, s0, 1
80000da8: 33 05 88 00  	add	a0, a6, s0
80000dac: 07 54 05 02  	vle16.v	v8, (a0)
80000db0: 57 07 09 0b  	vsub.vv	v14, v16, v18
80000db4: 73 25 20 c2  	csrr	a0, vlenb
80000db8: 39 46        	li	a2, 14
80000dba: 33 05 c5 02  	mul	a0, a0, a2
80000dbe: 0a 95        	add	a0, a0, sp
80000dc0: 13 05 05 02  	addi	a0, a0, 32
80000dc4: 27 07 85 22  	vs2r.v	v14, (a0)
80000dc8: 57 70 80 08  	vsetvli	zero, zero, e16, m1, tu, ma
80000dcc: 57 b1 a0 9f  	vmv2r.v	v2, v26
80000dd0: 57 21 b4 f6  	vwmacc.vv	v2, v8, v11
80000dd4: 46 94        	add	s0, s0, a7
80000dd6: 57 70 80 0c  	vsetvli	zero, zero, e16, m1, ta, ma
80000dda: 87 54 04 02  	vle16.v	v9, (s0)
80000dde: 57 70 80 08  	vsetvli	zero, zero, e16, m1, tu, ma
80000de2: 57 a1 d4 f6  	vwmacc.vv	v2, v9, v13
80000de6: 57 b8 a0 9f  	vmv2r.v	v16, v26
80000dea: 57 28 d4 f6  	vwmacc.vv	v16, v8, v13
80000dee: 57 70 80 0c  	vsetvli	zero, zero, e16, m1, ta, ma
80000df2: 57 a9 95 ee  	vwmul.vv	v18, v9, v11
80000df6: 57 70 10 0d  	vsetvli	zero, zero, e32, m2, ta, ma
80000dfa: 57 07 09 0b  	vsub.vv	v14, v16, v18
80000dfe: 73 25 20 c2  	csrr	a0, vlenb
80000e02: 12 05        	slli	a0, a0, 4
80000e04: 0a 95        	add	a0, a0, sp
80000e06: 13 05 05 02  	addi	a0, a0, 32
80000e0a: 27 07 85 22  	vs2r.v	v14, (a0)
80000e0e: 57 70 80 08  	vsetvli	zero, zero, e16, m1, tu, ma
80000e12: 57 b9 a0 9f  	vmv2r.v	v18, v26
80000e16: 57 29 ef f7  	vwmacc.vv	v18, v30, v30
80000e1a: 57 29 a5 f6  	vwmacc.vv	v18, v10, v10
80000e1e: 57 b8 a0 9f  	vmv2r.v	v16, v26
80000e22: 57 28 e3 f7  	vwmacc.vv	v16, v6, v30
80000e26: 57 28 a6 f6  	vwmacc.vv	v16, v12, v10
80000e2a: 57 be a0 9f  	vmv2r.v	v28, v26
80000e2e: 57 2e a3 f6  	vwmacc.vv	v28, v6, v10
80000e32: 57 70 80 0c  	vsetvli	zero, zero, e16, m1, ta, ma
80000e36: 57 20 cf ee  	vwmul.vv	v0, v12, v30
80000e3a: 57 70 10 0d  	vsetvli	zero, zero, e32, m2, ta, ma
80000e3e: 57 07 c0 0b  	vsub.vv	v14, v28, v0
80000e42: 73 25 20 c2  	csrr	a0, vlenb
80000e46: 31 46        	li	a2, 12
80000e48: 33 05 c5 02  	mul	a0, a0, a2
80000e4c: 0a 95        	add	a0, a0, sp
80000e4e: 13 05 05 02  	addi	a0, a0, 32
80000e52: 27 07 85 22  	vs2r.v	v14, (a0)
80000e56: 57 70 80 08  	vsetvli	zero, zero, e16, m1, tu, ma
80000e5a: 57 be a0 9f  	vmv2r.v	v28, v26
80000e5e: 57 2e e4 f7  	vwmacc.vv	v28, v8, v30
80000e62: 57 ae a4 f6  	vwmacc.vv	v28, v9, v10
80000e66: 57 b0 a0 9f  	vmv2r.v	v0, v26
80000e6a: 57 20 a4 f6  	vwmacc.vv	v0, v8, v10
80000e6e: 57 70 80 0c  	vsetvli	zero, zero, e16, m1, ta, ma
80000e72: 57 25 9f ee  	vwmul.vv	v10, v9, v30
80000e76: 57 70 10 0d  	vsetvli	zero, zero, e32, m2, ta, ma
80000e7a: 57 05 05 0a  	vsub.vv	v10, v0, v10
80000e7e: 73 25 20 c2  	csrr	a0, vlenb
80000e82: 29 46        	li	a2, 10
80000e84: 33 05 c5 02  	mul	a0, a0, a2
80000e88: 0a 95        	add	a0, a0, sp
80000e8a: 13 05 05 02  	addi	a0, a0, 32
80000e8e: 27 05 85 22  	vs2r.v	v10, (a0)
80000e92: 57 70 80 08  	vsetvli	zero, zero, e16, m1, tu, ma
80000e96: 57 bf a0 9f  	vmv2r.v	v30, v26
80000e9a: 57 2f 63 f6  	vwmacc.vv	v30, v6, v6
80000e9e: 57 2f c6 f6  	vwmacc.vv	v30, v12, v12
80000ea2: 57 b0 a0 9f  	vmv2r.v	v0, v26
80000ea6: 57 20 64 f6  	vwmacc.vv	v0, v8, v6
80000eaa: 57 a0 c4 f6  	vwmacc.vv	v0, v9, v12
80000eae: 57 b5 a0 9f  	vmv2r.v	v10, v26
80000eb2: 57 25 c4 f6  	vwmacc.vv	v10, v8, v12
80000eb6: 57 70 80 0c  	vsetvli	zero, zero, e16, m1, ta, ma
80000eba: 57 26 93 ee  	vwmul.vv	v12, v9, v6
80000ebe: 57 70 10 0d  	vsetvli	zero, zero, e32, m2, ta, ma
80000ec2: 57 05 a6 0a  	vsub.vv	v10, v10, v12
80000ec6: 73 25 20 c2  	csrr	a0, vlenb
80000eca: 0e 05        	slli	a0, a0, 3
80000ecc: 0a 95        	add	a0, a0, sp
80000ece: 13 05 05 02  	addi	a0, a0, 32
80000ed2: 27 05 85 22  	vs2r.v	v10, (a0)
80000ed6: 57 70 80 08  	vsetvli	zero, zero, e16, m1, tu, ma
80000eda: 57 2d 84 f6  	vwmacc.vv	v26, v8, v8
80000ede: 57 ad 94 f6  	vwmacc.vv	v26, v9, v9
80000ee2: 33 85 e5 02  	mul	a0, a1, a4
80000ee6: 36 95        	add	a0, a0, a3
80000ee8: 13 1e 15 00  	slli	t3, a0, 1
80000eec: 33 05 c8 01  	add	a0, a6, t3
80000ef0: 57 70 80 0c  	vsetvli	zero, zero, e16, m1, ta, ma
80000ef4: 87 55 05 02  	vle16.v	v11, (a0)
80000ef8: 57 70 80 08  	vsetvli	zero, zero, e16, m1, tu, ma
80000efc: 57 aa b5 f6  	vwmacc.vv	v20, v11, v11
80000f00: 33 85 c8 01  	add	a0, a7, t3
80000f04: 57 70 80 0c  	vsetvli	zero, zero, e16, m1, ta, ma
80000f08: 87 56 05 02  	vle16.v	v13, (a0)
80000f0c: 57 70 80 08  	vsetvli	zero, zero, e16, m1, tu, ma
80000f10: 57 aa d6 f6  	vwmacc.vv	v20, v13, v13
80000f14: 13 85 15 00  	addi	a0, a1, 1
80000f18: 33 05 e5 02  	mul	a0, a0, a4
80000f1c: 36 95        	add	a0, a0, a3
80000f1e: 13 13 15 00  	slli	t1, a0, 1
80000f22: 33 05 68 00  	add	a0, a6, t1
80000f26: 57 70 80 0c  	vsetvli	zero, zero, e16, m1, ta, ma
80000f2a: 07 57 05 02  	vle16.v	v14, (a0)
80000f2e: 57 70 80 08  	vsetvli	zero, zero, e16, m1, tu, ma
80000f32: 57 2c b7 f6  	vwmacc.vv	v24, v14, v11
80000f36: 33 85 68 00  	add	a0, a7, t1
80000f3a: 57 70 80 0c  	vsetvli	zero, zero, e16, m1, ta, ma
80000f3e: 07 55 05 02  	vle16.v	v10, (a0)
80000f42: 57 70 80 08  	vsetvli	zero, zero, e16, m1, tu, ma
80000f46: 57 2c d5 f6  	vwmacc.vv	v24, v10, v13
80000f4a: 57 22 d7 f6  	vwmacc.vv	v4, v14, v13
80000f4e: 57 70 80 0c  	vsetvli	zero, zero, e16, m1, ta, ma
80000f52: 57 a4 a5 ee  	vwmul.vv	v8, v10, v11
80000f56: 57 70 10 0d  	vsetvli	zero, zero, e32, m2, ta, ma
80000f5a: 13 85 25 00  	addi	a0, a1, 2
80000f5e: 33 05 e5 02  	mul	a0, a0, a4
80000f62: 36 95        	add	a0, a0, a3
80000f64: 06 05        	slli	a0, a0, 1
80000f66: 33 06 a8 00  	add	a2, a6, a0
80000f6a: 07 56 06 02  	vle16.v	v12, (a2)
80000f6e: 57 04 44 0a  	vsub.vv	v8, v4, v8
80000f72: 73 26 20 c2  	csrr	a2, vlenb
80000f76: 06 06        	slli	a2, a2, 1
80000f78: 0a 96        	add	a2, a2, sp
80000f7a: 13 06 06 02  	addi	a2, a2, 32
80000f7e: 27 04 86 22  	vs2r.v	v8, (a2)
80000f82: 57 70 80 08  	vsetvli	zero, zero, e16, m1, tu, ma
80000f86: 57 2b b6 f6  	vwmacc.vv	v22, v12, v11
80000f8a: 46 95        	add	a0, a0, a7
80000f8c: 57 70 80 0c  	vsetvli	zero, zero, e16, m1, ta, ma
80000f90: 87 54 05 02  	vle16.v	v9, (a0)
80000f94: 57 70 80 08  	vsetvli	zero, zero, e16, m1, tu, ma
80000f98: 57 ab d4 f6  	vwmacc.vv	v22, v9, v13
80000f9c: 73 25 20 c2  	csrr	a0, vlenb
80000fa0: 39 46        	li	a2, 14
80000fa2: 33 05 c5 02  	mul	a0, a0, a2
80000fa6: 0a 95        	add	a0, a0, sp
80000fa8: 13 05 05 02  	addi	a0, a0, 32
80000fac: 07 03 85 22  	vl2r.v	v6, (a0)
80000fb0: 57 23 d6 f6  	vwmacc.vv	v6, v12, v13
80000fb4: 57 70 80 0c  	vsetvli	zero, zero, e16, m1, ta, ma
80000fb8: 57 a2 95 ee  	vwmul.vv	v4, v9, v11
80000fbc: 57 70 10 0d  	vsetvli	zero, zero, e32, m2, ta, ma
80000fc0: 13 85 35 00  	addi	a0, a1, 3
80000fc4: 33 05 e5 02  	mul	a0, a0, a4
80000fc8: 36 95        	add	a0, a0, a3
80000fca: 06 05        	slli	a0, a0, 1
80000fcc: 33 06 a8 00  	add	a2, a6, a0
80000fd0: 07 54 06 02  	vle16.v	v8, (a2)
80000fd4: 57 02 62 0a  	vsub.vv	v4, v6, v4
80000fd8: 10 10        	addi	a2, sp, 32
80000fda: 27 02 86 22  	vs2r.v	v4, (a2)
80000fde: 57 70 80 08  	vsetvli	zero, zero, e16, m1, tu, ma
80000fe2: 57 21 b4 f6  	vwmacc.vv	v2, v8, v11
80000fe6: 46 95        	add	a0, a0, a7
80000fe8: 57 70 80 0c  	vsetvli	zero, zero, e16, m1, ta, ma
80000fec: 87 57 05 02  	vle16.v	v15, (a0)
80000ff0: 57 70 80 08  	vsetvli	zero, zero, e16, m1, tu, ma
80000ff4: 57 a1 d7 f6  	vwmacc.vv	v2, v15, v13
80000ff8: 73 25 20 c2  	csrr	a0, vlenb
80000ffc: 12 05        	slli	a0, a0, 4
80000ffe: 0a 95        	add	a0, a0, sp
80001000: 13 05 05 02  	addi	a0, a0, 32
80001004: 07 03 85 22  	vl2r.v	v6, (a0)
80001008: 57 23 d4 f6  	vwmacc.vv	v6, v8, v13
8000100c: 57 70 80 0c  	vsetvli	zero, zero, e16, m1, ta, ma
80001010: 57 a2 f5 ee  	vwmul.vv	v4, v15, v11
80001014: 57 70 10 0d  	vsetvli	zero, zero, e32, m2, ta, ma
80001018: 57 02 62 0a  	vsub.vv	v4, v6, v4
8000101c: 73 25 20 c2  	csrr	a0, vlenb
80001020: 39 46        	li	a2, 14
80001022: 33 05 c5 02  	mul	a0, a0, a2
80001026: 0a 95        	add	a0, a0, sp
80001028: 13 05 05 02  	addi	a0, a0, 32
8000102c: 27 02 85 22  	vs2r.v	v4, (a0)
80001030: 57 70 80 08  	vsetvli	zero, zero, e16, m1, tu, ma
80001034: 57 b3 20 9f  	vmv2r.v	v6, v18
80001038: 57 23 e7 f6  	vwmacc.vv	v6, v14, v14
8000103c: 57 23 a5 f6  	vwmacc.vv	v6, v10, v10
80001040: 57 28 e6 f6  	vwmacc.vv	v16, v12, v14
80001044: 57 a8 a4 f6  	vwmacc.vv	v16, v9, v10
80001048: 73 25 20 c2  	csrr	a0, vlenb
8000104c: 12 05        	slli	a0, a0, 4
8000104e: 0a 95        	add	a0, a0, sp
80001050: 13 05 05 02  	addi	a0, a0, 32
80001054: 27 08 85 22  	vs2r.v	v16, (a0)
80001058: 73 25 20 c2  	csrr	a0, vlenb
8000105c: 31 46        	li	a2, 12
8000105e: 33 05 c5 02  	mul	a0, a0, a2
80001062: 0a 95        	add	a0, a0, sp
80001064: 13 05 05 02  	addi	a0, a0, 32
80001068: 07 08 85 22  	vl2r.v	v16, (a0)
8000106c: 57 28 a6 f6  	vwmacc.vv	v16, v12, v10
80001070: 57 70 80 0c  	vsetvli	zero, zero, e16, m1, ta, ma
80001074: 57 22 97 ee  	vwmul.vv	v4, v9, v14
80001078: 57 70 10 0d  	vsetvli	zero, zero, e32, m2, ta, ma
8000107c: 57 08 02 0b  	vsub.vv	v16, v16, v4
80001080: 73 25 20 c2  	csrr	a0, vlenb
80001084: 19 46        	li	a2, 6
80001086: 33 05 c5 02  	mul	a0, a0, a2
8000108a: 0a 95        	add	a0, a0, sp
8000108c: 13 05 05 02  	addi	a0, a0, 32
80001090: 27 08 85 22  	vs2r.v	v16, (a0)
80001094: 57 70 80 08  	vsetvli	zero, zero, e16, m1, tu, ma
80001098: 57 2e e4 f6  	vwmacc.vv	v28, v8, v14
8000109c: 57 ae a7 f6  	vwmacc.vv	v28, v15, v10
800010a0: 73 25 20 c2  	csrr	a0, vlenb
800010a4: 29 46        	li	a2, 10
800010a6: 33 05 c5 02  	mul	a0, a0, a2
800010aa: 0a 95        	add	a0, a0, sp
800010ac: 13 05 05 02  	addi	a0, a0, 32
800010b0: 07 08 85 22  	vl2r.v	v16, (a0)
800010b4: 57 28 a4 f6  	vwmacc.vv	v16, v8, v10
800010b8: 57 70 80 0c  	vsetvli	zero, zero, e16, m1, ta, ma
800010bc: 57 25 f7 ee  	vwmul.vv	v10, v15, v14
800010c0: 57 70 10 0d  	vsetvli	zero, zero, e32, m2, ta, ma
800010c4: 57 02 05 0b  	vsub.vv	v4, v16, v10
800010c8: 57 70 80 08  	vsetvli	zero, zero, e16, m1, tu, ma
800010cc: 57 2f c6 f6  	vwmacc.vv	v30, v12, v12
800010d0: 57 af 94 f6  	vwmacc.vv	v30, v9, v9
800010d4: 57 20 c4 f6  	vwmacc.vv	v0, v8, v12
800010d8: 57 a0 97 f6  	vwmacc.vv	v0, v15, v9
800010dc: 73 25 20 c2  	csrr	a0, vlenb
800010e0: 0e 05        	slli	a0, a0, 3
800010e2: 0a 95        	add	a0, a0, sp
800010e4: 13 05 05 02  	addi	a0, a0, 32
800010e8: 07 08 85 22  	vl2r.v	v16, (a0)
800010ec: 57 28 94 f6  	vwmacc.vv	v16, v8, v9
800010f0: 57 70 80 0c  	vsetvli	zero, zero, e16, m1, ta, ma
800010f4: 57 25 f6 ee  	vwmul.vv	v10, v15, v12
800010f8: 57 70 10 0d  	vsetvli	zero, zero, e32, m2, ta, ma
800010fc: 57 05 05 0b  	vsub.vv	v10, v16, v10
80001100: 73 25 20 c2  	csrr	a0, vlenb
80001104: 0a 05        	slli	a0, a0, 2
80001106: 0a 95        	add	a0, a0, sp
80001108: 13 05 05 02  	addi	a0, a0, 32
8000110c: 27 05 85 22  	vs2r.v	v10, (a0)
80001110: 57 70 80 08  	vsetvli	zero, zero, e16, m1, tu, ma
80001114: 57 2d 84 f6  	vwmacc.vv	v26, v8, v8
80001118: 57 ad f7 f6  	vwmacc.vv	v26, v15, v15
8000111c: 13 95 15 00  	slli	a0, a1, 1
80001120: 33 06 e5 02  	mul	a2, a0, a4
80001124: 36 96        	add	a2, a2, a3
80001126: 13 1f 16 00  	slli	t5, a2, 1
8000112a: 33 06 e8 01  	add	a2, a6, t5
8000112e: 57 70 80 0c  	vsetvli	zero, zero, e16, m1, ta, ma
80001132: 87 55 06 02  	vle16.v	v11, (a2)
80001136: 57 70 80 08  	vsetvli	zero, zero, e16, m1, tu, ma
8000113a: 57 aa b5 f6  	vwmacc.vv	v20, v11, v11
8000113e: 33 86 e8 01  	add	a2, a7, t5
80001142: 57 70 80 0c  	vsetvli	zero, zero, e16, m1, ta, ma
80001146: 87 56 06 02  	vle16.v	v13, (a2)
8000114a: 57 70 80 08  	vsetvli	zero, zero, e16, m1, tu, ma
8000114e: 57 aa d6 f6  	vwmacc.vv	v20, v13, v13
80001152: 13 66 15 00  	ori	a2, a0, 1
80001156: 33 06 e6 02  	mul	a2, a2, a4
8000115a: 36 96        	add	a2, a2, a3
8000115c: 93 1e 16 00  	slli	t4, a2, 1
80001160: 33 06 d8 01  	add	a2, a6, t4
80001164: 57 70 80 0c  	vsetvli	zero, zero, e16, m1, ta, ma
80001168: 07 59 06 02  	vle16.v	v18, (a2)
8000116c: 57 70 80 08  	vsetvli	zero, zero, e16, m1, tu, ma
80001170: 57 2c b9 f6  	vwmacc.vv	v24, v18, v11
80001174: 33 86 d8 01  	add	a2, a7, t4
80001178: 57 70 80 0c  	vsetvli	zero, zero, e16, m1, ta, ma
8000117c: 07 56 06 02  	vle16.v	v12, (a2)
80001180: 57 70 80 08  	vsetvli	zero, zero, e16, m1, tu, ma
80001184: 57 2c d6 f6  	vwmacc.vv	v24, v12, v13
80001188: 73 26 20 c2  	csrr	a2, vlenb
8000118c: 06 06        	slli	a2, a2, 1
8000118e: 0a 96        	add	a2, a2, sp
80001190: 13 06 06 02  	addi	a2, a2, 32
80001194: 07 08 86 22  	vl2r.v	v16, (a2)
80001198: 57 28 d9 f6  	vwmacc.vv	v16, v18, v13
8000119c: 57 70 80 0c  	vsetvli	zero, zero, e16, m1, ta, ma
800011a0: 57 a4 c5 ee  	vwmul.vv	v8, v12, v11
800011a4: 57 70 10 0d  	vsetvli	zero, zero, e32, m2, ta, ma
800011a8: 13 06 25 00  	addi	a2, a0, 2
800011ac: 33 06 e6 02  	mul	a2, a2, a4
800011b0: 36 96        	add	a2, a2, a3
800011b2: 93 13 16 00  	slli	t2, a2, 1
800011b6: 33 06 78 00  	add	a2, a6, t2
800011ba: 07 57 06 02  	vle16.v	v14, (a2)
800011be: 57 04 04 0b  	vsub.vv	v8, v16, v8
800011c2: 73 26 20 c2  	csrr	a2, vlenb
800011c6: 0e 06        	slli	a2, a2, 3
800011c8: 0a 96        	add	a2, a2, sp
800011ca: 13 06 06 02  	addi	a2, a2, 32
800011ce: 27 04 86 22  	vs2r.v	v8, (a2)
800011d2: 57 70 80 08  	vsetvli	zero, zero, e16, m1, tu, ma
800011d6: 57 2b b7 f6  	vwmacc.vv	v22, v14, v11
800011da: 33 86 78 00  	add	a2, a7, t2
800011de: 57 70 80 0c  	vsetvli	zero, zero, e16, m1, ta, ma
800011e2: 07 55 06 02  	vle16.v	v10, (a2)
800011e6: 57 70 80 08  	vsetvli	zero, zero, e16, m1, tu, ma
800011ea: 57 2b d5 f6  	vwmacc.vv	v22, v10, v13
800011ee: 10 10        	addi	a2, sp, 32
800011f0: 07 04 86 22  	vl2r.v	v8, (a2)
800011f4: 57 24 d7 f6  	vwmacc.vv	v8, v14, v13
800011f8: 57 70 80 0c  	vsetvli	zero, zero, e16, m1, ta, ma
800011fc: 57 a8 a5 ee  	vwmul.vv	v16, v10, v11
80001200: 57 70 10 0d  	vsetvli	zero, zero, e32, m2, ta, ma
80001204: 13 06 35 00  	addi	a2, a0, 3
80001208: 33 06 e6 02  	mul	a2, a2, a4
8000120c: 36 96        	add	a2, a2, a3
8000120e: 13 14 16 00  	slli	s0, a2, 1
80001212: 33 06 88 00  	add	a2, a6, s0
80001216: 87 59 06 02  	vle16.v	v19, (a2)
8000121a: 57 08 88 0a  	vsub.vv	v16, v8, v16
8000121e: 73 26 20 c2  	csrr	a2, vlenb
80001222: a9 4f        	li	t6, 10
80001224: 33 06 f6 03  	mul	a2, a2, t6
80001228: 0a 96        	add	a2, a2, sp
8000122a: 13 06 06 02  	addi	a2, a2, 32
8000122e: 27 08 86 22  	vs2r.v	v16, (a2)
80001232: 57 70 80 08  	vsetvli	zero, zero, e16, m1, tu, ma
80001236: 57 a1 b9 f6  	vwmacc.vv	v2, v19, v11
8000123a: 46 94        	add	s0, s0, a7
8000123c: 57 70 80 0c  	vsetvli	zero, zero, e16, m1, ta, ma
80001240: 87 57 04 02  	vle16.v	v15, (s0)
80001244: 57 70 80 08  	vsetvli	zero, zero, e16, m1, tu, ma
80001248: 57 a1 d7 f6  	vwmacc.vv	v2, v15, v13
8000124c: 73 26 20 c2  	csrr	a2, vlenb
80001250: b9 4f        	li	t6, 14
80001252: 33 06 f6 03  	mul	a2, a2, t6
80001256: 0a 96        	add	a2, a2, sp
80001258: 13 06 06 02  	addi	a2, a2, 32
8000125c: 07 04 86 22  	vl2r.v	v8, (a2)
80001260: 57 a4 d9 f6  	vwmacc.vv	v8, v19, v13
80001264: 57 70 80 0c  	vsetvli	zero, zero, e16, m1, ta, ma
80001268: 57 a8 f5 ee  	vwmul.vv	v16, v15, v11
8000126c: 57 70 10 0d  	vsetvli	zero, zero, e32, m2, ta, ma
80001270: 57 08 88 0a  	vsub.vv	v16, v8, v16
80001274: 73 26 20 c2  	csrr	a2, vlenb
80001278: b1 4f        	li	t6, 12
8000127a: 33 06 f6 03  	mul	a2, a2, t6
8000127e: 0a 96        	add	a2, a2, sp
80001280: 13 06 06 02  	addi	a2, a2, 32
80001284: 27 08 86 22  	vs2r.v	v16, (a2)
80001288: 57 70 80 08  	vsetvli	zero, zero, e16, m1, tu, ma
8000128c: 57 23 29 f7  	vwmacc.vv	v6, v18, v18
80001290: 57 23 c6 f6  	vwmacc.vv	v6, v12, v12
80001294: 73 26 20 c2  	csrr	a2, vlenb
80001298: 12 06        	slli	a2, a2, 4
8000129a: 0a 96        	add	a2, a2, sp
8000129c: 13 06 06 02  	addi	a2, a2, 32
800012a0: 07 04 86 22  	vl2r.v	v8, (a2)
800012a4: 57 24 27 f7  	vwmacc.vv	v8, v14, v18
800012a8: 57 24 c5 f6  	vwmacc.vv	v8, v10, v12
800012ac: 73 26 20 c2  	csrr	a2, vlenb
800012b0: 12 06        	slli	a2, a2, 4
800012b2: 0a 96        	add	a2, a2, sp
800012b4: 13 06 06 02  	addi	a2, a2, 32
800012b8: 27 04 86 22  	vs2r.v	v8, (a2)
800012bc: 73 26 20 c2  	csrr	a2, vlenb
800012c0: 99 4f        	li	t6, 6
800012c2: 33 06 f6 03  	mul	a2, a2, t6
800012c6: 0a 96        	add	a2, a2, sp
800012c8: 13 06 06 02  	addi	a2, a2, 32
800012cc: 07 04 86 22  	vl2r.v	v8, (a2)
800012d0: 57 24 c7 f6  	vwmacc.vv	v8, v14, v12
800012d4: 57 70 80 0c  	vsetvli	zero, zero, e16, m1, ta, ma
800012d8: 57 28 a9 ee  	vwmul.vv	v16, v10, v18
800012dc: 57 70 10 0d  	vsetvli	zero, zero, e32, m2, ta, ma
800012e0: 57 08 88 0a  	vsub.vv	v16, v8, v16
800012e4: 73 26 20 c2  	csrr	a2, vlenb
800012e8: b9 4f        	li	t6, 14
800012ea: 33 06 f6 03  	mul	a2, a2, t6
800012ee: 0a 96        	add	a2, a2, sp
800012f0: 13 06 06 02  	addi	a2, a2, 32
800012f4: 27 08 86 22  	vs2r.v	v16, (a2)
800012f8: 57 70 80 08  	vsetvli	zero, zero, e16, m1, tu, ma
800012fc: 57 ae 29 f7  	vwmacc.vv	v28, v19, v18
80001300: 57 ae c7 f6  	vwmacc.vv	v28, v15, v12
80001304: 57 a2 c9 f6  	vwmacc.vv	v4, v19, v12
80001308: 57 70 80 0c  	vsetvli	zero, zero, e16, m1, ta, ma
8000130c: 57 24 f9 ee  	vwmul.vv	v8, v15, v18
80001310: 57 70 10 0d  	vsetvli	zero, zero, e32, m2, ta, ma
80001314: 57 02 44 0a  	vsub.vv	v4, v4, v8
80001318: 57 70 80 08  	vsetvli	zero, zero, e16, m1, tu, ma
8000131c: 57 2f e7 f6  	vwmacc.vv	v30, v14, v14
80001320: 57 2f a5 f6  	vwmacc.vv	v30, v10, v10
80001324: 57 a0 e9 f6  	vwmacc.vv	v0, v19, v14
80001328: 57 a0 a7 f6  	vwmacc.vv	v0, v15, v10
8000132c: 73 26 20 c2  	csrr	a2, vlenb
80001330: 0a 06        	slli	a2, a2, 2
80001332: 0a 96        	add	a2, a2, sp
80001334: 13 06 06 02  	addi	a2, a2, 32
80001338: 07 04 86 22  	vl2r.v	v8, (a2)
8000133c: 57 a4 a9 f6  	vwmacc.vv	v8, v19, v10
80001340: 57 70 80 0c  	vsetvli	zero, zero, e16, m1, ta, ma
80001344: 57 25 f7 ee  	vwmul.vv	v10, v15, v14
80001348: 57 70 10 0d  	vsetvli	zero, zero, e32, m2, ta, ma
8000134c: 57 08 85 0a  	vsub.vv	v16, v8, v10
80001350: 57 70 80 08  	vsetvli	zero, zero, e16, m1, tu, ma
80001354: 57 ad 39 f7  	vwmacc.vv	v26, v19, v19
80001358: 57 ad f7 f6  	vwmacc.vv	v26, v15, v15
8000135c: b3 04 b5 00  	add	s1, a0, a1
80001360: 33 85 e4 02  	mul	a0, s1, a4
80001364: 36 95        	add	a0, a0, a3
80001366: 13 19 15 00  	slli	s2, a0, 1
8000136a: b3 05 28 01  	add	a1, a6, s2
8000136e: 57 70 80 0c  	vsetvli	zero, zero, e16, m1, ta, ma
80001372: 07 d4 05 02  	vle16.v	v8, (a1)
80001376: 57 70 80 08  	vsetvli	zero, zero, e16, m1, tu, ma
8000137a: 57 2a 84 f6  	vwmacc.vv	v20, v8, v8
8000137e: b3 85 28 01  	add	a1, a7, s2
80001382: 57 70 80 0c  	vsetvli	zero, zero, e16, m1, ta, ma
80001386: 87 d4 05 02  	vle16.v	v9, (a1)
8000138a: 73 25 20 c2  	csrr	a0, vlenb
8000138e: c9 45        	li	a1, 18
80001390: 33 05 b5 02  	mul	a0, a0, a1
80001394: 0a 95        	add	a0, a0, sp
80001396: 28 61        	ld	a0, 64(a0)
80001398: 57 70 80 08  	vsetvli	zero, zero, e16, m1, tu, ma
8000139c: 57 aa 94 f6  	vwmacc.vv	v20, v9, v9
800013a0: 57 70 80 0c  	vsetvli	zero, zero, e16, m1, ta, ma
800013a4: 57 35 45 bf  	vnclip.wi	v10, v20, 10
800013a8: 57 c5 a7 02  	vadd.vx	v10, v10, a5
800013ac: aa 92        	add	t0, t0, a0
800013ae: 27 d5 02 02  	vse16.v	v10, (t0)
800013b2: 13 86 14 00  	addi	a2, s1, 1
800013b6: 33 06 e6 02  	mul	a2, a2, a4
800013ba: 36 96        	add	a2, a2, a3
800013bc: 93 1f 16 00  	slli	t6, a2, 1
800013c0: 33 06 f8 01  	add	a2, a6, t6
800013c4: 87 55 06 02  	vle16.v	v11, (a2)
800013c8: 57 70 80 08  	vsetvli	zero, zero, e16, m1, tu, ma
800013cc: 57 ac 85 f6  	vwmacc.vv	v24, v11, v8
800013d0: 33 86 f8 01  	add	a2, a7, t6
800013d4: 57 70 80 0c  	vsetvli	zero, zero, e16, m1, ta, ma
800013d8: 07 55 06 02  	vle16.v	v10, (a2)
800013dc: 57 70 80 08  	vsetvli	zero, zero, e16, m1, tu, ma
800013e0: 57 2c 95 f6  	vwmacc.vv	v24, v10, v9
800013e4: 57 70 80 0c  	vsetvli	zero, zero, e16, m1, ta, ma
800013e8: 57 36 85 bf  	vnclip.wi	v12, v24, 10
800013ec: 33 06 c5 01  	add	a2, a0, t3
800013f0: 27 56 06 02  	vse16.v	v12, (a2)
800013f4: f3 25 20 c2  	csrr	a1, vlenb
800013f8: 49 46        	li	a2, 18
800013fa: b3 85 c5 02  	mul	a1, a1, a2
800013fe: 8a 95        	add	a1, a1, sp
80001400: b0 65        	ld	a2, 72(a1)
80001402: 57 70 80 08  	vsetvli	zero, zero, e16, m1, tu, ma
80001406: f3 25 20 c2  	csrr	a1, vlenb
8000140a: 8e 05        	slli	a1, a1, 3
8000140c: 8a 95        	add	a1, a1, sp
8000140e: 93 85 05 02  	addi	a1, a1, 32
80001412: 07 87 85 22  	vl2r.v	v14, (a1)
80001416: 57 a7 95 f6  	vwmacc.vv	v14, v11, v9
8000141a: 57 70 80 0c  	vsetvli	zero, zero, e16, m1, ta, ma
8000141e: 57 26 a4 ee  	vwmul.vv	v12, v10, v8
80001422: 57 70 10 0d  	vsetvli	zero, zero, e32, m2, ta, ma
80001426: 57 06 e6 0a  	vsub.vv	v12, v14, v12
8000142a: 32 9e        	add	t3, t3, a2
8000142c: 57 70 80 0c  	vsetvli	zero, zero, e16, m1, ta, ma
80001430: 57 37 c5 be  	vnclip.wi	v14, v12, 10
80001434: 27 57 0e 02  	vse16.v	v14, (t3)
80001438: 13 84 24 00  	addi	s0, s1, 2
8000143c: 33 04 e4 02  	mul	s0, s0, a4
80001440: b3 02 d4 00  	add	t0, s0, a3
80001444: 86 02        	slli	t0, t0, 1
80001446: 33 04 58 00  	add	s0, a6, t0
8000144a: 07 5c 04 02  	vle16.v	v24, (s0)
8000144e: 57 70 80 08  	vsetvli	zero, zero, e16, m1, tu, ma
80001452: 57 2b 8c f6  	vwmacc.vv	v22, v24, v8
80001456: 33 84 58 00  	add	s0, a7, t0
8000145a: 57 70 80 0c  	vsetvli	zero, zero, e16, m1, ta, ma
8000145e: 87 5c 04 02  	vle16.v	v25, (s0)
80001462: 57 70 80 08  	vsetvli	zero, zero, e16, m1, tu, ma
80001466: 57 ab 9c f6  	vwmacc.vv	v22, v25, v9
8000146a: b3 05 e5 01  	add	a1, a0, t5
8000146e: 57 70 80 0c  	vsetvli	zero, zero, e16, m1, ta, ma
80001472: 57 36 65 bf  	vnclip.wi	v12, v22, 10
80001476: 27 d6 05 02  	vse16.v	v12, (a1)
8000147a: 57 70 80 08  	vsetvli	zero, zero, e16, m1, tu, ma
8000147e: f3 25 20 c2  	csrr	a1, vlenb
80001482: 29 4e        	li	t3, 10
80001484: b3 85 c5 03  	mul	a1, a1, t3
80001488: 8a 95        	add	a1, a1, sp
8000148a: 93 85 05 02  	addi	a1, a1, 32
8000148e: 07 87 85 22  	vl2r.v	v14, (a1)
80001492: 57 27 9c f6  	vwmacc.vv	v14, v24, v9
80001496: 57 70 80 0c  	vsetvli	zero, zero, e16, m1, ta, ma
8000149a: 57 26 94 ef  	vwmul.vv	v12, v25, v8
8000149e: 57 70 10 0d  	vsetvli	zero, zero, e32, m2, ta, ma
800014a2: 57 06 e6 0a  	vsub.vv	v12, v14, v12
800014a6: 32 9f        	add	t5, t5, a2
800014a8: 57 70 80 0c  	vsetvli	zero, zero, e16, m1, ta, ma
800014ac: 57 37 c5 be  	vnclip.wi	v14, v12, 10
800014b0: 27 57 0f 02  	vse16.v	v14, (t5)
800014b4: 8d 04        	addi	s1, s1, 3
800014b6: b3 85 e4 02  	mul	a1, s1, a4
800014ba: b6 95        	add	a1, a1, a3
800014bc: 93 96 15 00  	slli	a3, a1, 1
800014c0: 36 98        	add	a6, a6, a3
800014c2: 07 5b 08 02  	vle16.v	v22, (a6)
800014c6: 57 70 80 08  	vsetvli	zero, zero, e16, m1, tu, ma
800014ca: 57 21 8b f6  	vwmacc.vv	v2, v22, v8
800014ce: b6 98        	add	a7, a7, a3
800014d0: 57 70 80 0c  	vsetvli	zero, zero, e16, m1, ta, ma
800014d4: 87 db 08 02  	vle16.v	v23, (a7)
800014d8: 57 70 80 08  	vsetvli	zero, zero, e16, m1, tu, ma
800014dc: 57 a1 9b f6  	vwmacc.vv	v2, v23, v9
800014e0: 57 70 80 0c  	vsetvli	zero, zero, e16, m1, ta, ma
800014e4: 57 36 25 be  	vnclip.wi	v12, v2, 10
800014e8: b3 05 25 01  	add	a1, a0, s2
800014ec: 27 d6 05 02  	vse16.v	v12, (a1)
800014f0: 57 70 80 08  	vsetvli	zero, zero, e16, m1, tu, ma
800014f4: f3 25 20 c2  	csrr	a1, vlenb
800014f8: 31 47        	li	a4, 12
800014fa: b3 85 e5 02  	mul	a1, a1, a4
800014fe: 8a 95        	add	a1, a1, sp
80001500: 93 85 05 02  	addi	a1, a1, 32
80001504: 07 87 85 22  	vl2r.v	v14, (a1)
80001508: 57 27 9b f6  	vwmacc.vv	v14, v22, v9
8000150c: 57 70 80 0c  	vsetvli	zero, zero, e16, m1, ta, ma
80001510: 57 26 74 ef  	vwmul.vv	v12, v23, v8
80001514: 57 70 10 0d  	vsetvli	zero, zero, e32, m2, ta, ma
80001518: 57 04 e6 0a  	vsub.vv	v8, v14, v12
8000151c: 57 70 80 0c  	vsetvli	zero, zero, e16, m1, ta, ma
80001520: 57 36 85 be  	vnclip.wi	v12, v8, 10
80001524: 32 99        	add	s2, s2, a2
80001526: 27 56 09 02  	vse16.v	v12, (s2)
8000152a: 57 70 80 08  	vsetvli	zero, zero, e16, m1, tu, ma
8000152e: 57 a3 b5 f6  	vwmacc.vv	v6, v11, v11
80001532: 57 23 a5 f6  	vwmacc.vv	v6, v10, v10
80001536: 57 70 80 0c  	vsetvli	zero, zero, e16, m1, ta, ma
8000153a: 57 34 65 be  	vnclip.wi	v8, v6, 10
8000153e: 57 c4 87 02  	vadd.vx	v8, v8, a5
80001542: 2a 93        	add	t1, t1, a0
80001544: 27 54 03 02  	vse16.v	v8, (t1)
80001548: 57 70 80 08  	vsetvli	zero, zero, e16, m1, tu, ma
8000154c: f3 25 20 c2  	csrr	a1, vlenb
80001550: 92 05        	slli	a1, a1, 4
80001552: 8a 95        	add	a1, a1, sp
80001554: 93 85 05 02  	addi	a1, a1, 32
80001558: 07 84 85 22  	vl2r.v	v8, (a1)
8000155c: 57 24 bc f6  	vwmacc.vv	v8, v24, v11
80001560: 57 a4 ac f6  	vwmacc.vv	v8, v25, v10
80001564: 57 b6 80 9e  	vmv2r.v	v12, v8
80001568: b3 05 d5 01  	add	a1, a0, t4
8000156c: 57 70 80 0c  	vsetvli	zero, zero, e16, m1, ta, ma
80001570: 57 34 c5 be  	vnclip.wi	v8, v12, 10
80001574: 27 d4 05 02  	vse16.v	v8, (a1)
80001578: 57 70 80 08  	vsetvli	zero, zero, e16, m1, tu, ma
8000157c: f3 25 20 c2  	csrr	a1, vlenb
80001580: 39 47        	li	a4, 14
80001582: b3 85 e5 02  	mul	a1, a1, a4
80001586: 8a 95        	add	a1, a1, sp
80001588: 93 85 05 02  	addi	a1, a1, 32
8000158c: 07 86 85 22  	vl2r.v	v12, (a1)
80001590: 57 26 ac f6  	vwmacc.vv	v12, v24, v10
80001594: 57 70 80 0c  	vsetvli	zero, zero, e16, m1, ta, ma
80001598: 57 a4 95 ef  	vwmul.vv	v8, v25, v11
8000159c: 57 70 10 0d  	vsetvli	zero, zero, e32, m2, ta, ma
800015a0: 57 04 c4 0a  	vsub.vv	v8, v12, v8
800015a4: 57 70 80 0c  	vsetvli	zero, zero, e16, m1, ta, ma
800015a8: 57 36 85 be  	vnclip.wi	v12, v8, 10
800015ac: b2 9e        	add	t4, t4, a2
800015ae: 27 d6 0e 02  	vse16.v	v12, (t4)
800015b2: 57 70 80 08  	vsetvli	zero, zero, e16, m1, tu, ma
800015b6: 57 2e bb f6  	vwmacc.vv	v28, v22, v11
800015ba: 57 ae ab f6  	vwmacc.vv	v28, v23, v10
800015be: 57 70 80 0c  	vsetvli	zero, zero, e16, m1, ta, ma
800015c2: 57 34 c5 bf  	vnclip.wi	v8, v28, 10
800015c6: b3 05 f5 01  	add	a1, a0, t6
800015ca: 27 d4 05 02  	vse16.v	v8, (a1)
800015ce: 57 70 80 08  	vsetvli	zero, zero, e16, m1, tu, ma
800015d2: 57 22 ab f6  	vwmacc.vv	v4, v22, v10
800015d6: 57 70 80 0c  	vsetvli	zero, zero, e16, m1, ta, ma
800015da: 57 a4 75 ef  	vwmul.vv	v8, v23, v11
800015de: 57 70 10 0d  	vsetvli	zero, zero, e32, m2, ta, ma
800015e2: 57 04 44 0a  	vsub.vv	v8, v4, v8
800015e6: 57 70 80 0c  	vsetvli	zero, zero, e16, m1, ta, ma
800015ea: 57 35 85 be  	vnclip.wi	v10, v8, 10
800015ee: b2 9f        	add	t6, t6, a2
800015f0: 27 d5 0f 02  	vse16.v	v10, (t6)
800015f4: 57 70 80 08  	vsetvli	zero, zero, e16, m1, tu, ma
800015f8: 57 2f 8c f7  	vwmacc.vv	v30, v24, v24
800015fc: 57 af 9c f7  	vwmacc.vv	v30, v25, v25
80001600: 57 70 80 0c  	vsetvli	zero, zero, e16, m1, ta, ma
80001604: 57 34 e5 bf  	vnclip.wi	v8, v30, 10
80001608: 57 c4 87 02  	vadd.vx	v8, v8, a5
8000160c: aa 93        	add	t2, t2, a0
8000160e: 27 d4 03 02  	vse16.v	v8, (t2)
80001612: 57 70 80 08  	vsetvli	zero, zero, e16, m1, tu, ma
80001616: 57 20 8b f7  	vwmacc.vv	v0, v22, v24
8000161a: 57 a0 9b f7  	vwmacc.vv	v0, v23, v25
8000161e: 57 70 80 0c  	vsetvli	zero, zero, e16, m1, ta, ma
80001622: 57 34 05 be  	vnclip.wi	v8, v0, 10
80001626: b3 05 55 00  	add	a1, a0, t0
8000162a: 27 d4 05 02  	vse16.v	v8, (a1)
8000162e: 57 70 80 08  	vsetvli	zero, zero, e16, m1, tu, ma
80001632: 57 28 9b f7  	vwmacc.vv	v16, v22, v25
80001636: 57 70 80 0c  	vsetvli	zero, zero, e16, m1, ta, ma
8000163a: 57 24 7c ef  	vwmul.vv	v8, v23, v24
8000163e: 57 70 10 0d  	vsetvli	zero, zero, e32, m2, ta, ma
80001642: 57 04 04 0b  	vsub.vv	v8, v16, v8
80001646: 57 70 80 0c  	vsetvli	zero, zero, e16, m1, ta, ma
8000164a: 57 35 85 be  	vnclip.wi	v10, v8, 10
8000164e: 16 96        	add	a2, a2, t0
80001650: 27 55 06 02  	vse16.v	v10, (a2)
80001654: 57 70 80 08  	vsetvli	zero, zero, e16, m1, tu, ma
80001658: 57 2d 6b f7  	vwmacc.vv	v26, v22, v22
8000165c: 57 ad 7b f7  	vwmacc.vv	v26, v23, v23
80001660: 57 70 80 0c  	vsetvli	zero, zero, e16, m1, ta, ma
80001664: 57 34 a5 bf  	vnclip.wi	v8, v26, 10
80001668: 57 c4 87 02  	vadd.vx	v8, v8, a5
8000166c: 36 95        	add	a0, a0, a3
8000166e: 27 54 05 02  	vse16.v	v8, (a0)
80001672: 73 25 20 c2  	csrr	a0, vlenb
80001676: c9 45        	li	a1, 18
80001678: 33 05 b5 02  	mul	a0, a0, a1
8000167c: 2a 91        	add	sp, sp, a0
8000167e: 62 74        	ld	s0, 56(sp)
80001680: c2 74        	ld	s1, 48(sp)
80001682: 22 79        	ld	s2, 40(sp)
80001684: 21 61        	addi	sp, sp, 64
80001686: 82 80        	ret

0000000080001688 <v_LL_decomp_cfxp16>:
80001688: 57 70 86 0c  	vsetvli	zero, a2, e16, m1, ta, ma
8000168c: 13 95 16 00  	slli	a0, a3, 1
80001690: 33 86 a7 00  	add	a2, a5, a0
80001694: 87 54 06 02  	vle16.v	v9, (a2)
80001698: 13 06 00 40  	li	a2, 1024
8000169c: 57 44 06 5e  	vmv.v.x	v8, a2
800016a0: 57 a5 84 86  	vdiv.vv	v10, v8, v9
800016a4: 46 95        	add	a0, a0, a7
800016a6: 27 55 05 02  	vse16.v	v10, (a0)
800016aa: 33 05 b7 02  	mul	a0, a4, a1
800016ae: 36 95        	add	a0, a0, a3
800016b0: 93 12 15 00  	slli	t0, a0, 1
800016b4: 33 85 57 00  	add	a0, a5, t0
800016b8: 87 54 05 02  	vle16.v	v9, (a0)
800016bc: 57 27 95 ee  	vwmul.vv	v14, v9, v10
800016c0: d7 36 e5 be  	vnclip.wi	v13, v14, 10
800016c4: 33 05 58 00  	add	a0, a6, t0
800016c8: 87 54 05 02  	vle16.v	v9, (a0)
800016cc: 02 63        	ld	t1, 0(sp)
800016ce: 57 27 95 ee  	vwmul.vv	v14, v9, v10
800016d2: 57 38 e5 be  	vnclip.wi	v16, v14, 10
800016d6: 33 86 58 00  	add	a2, a7, t0
800016da: a7 56 06 02  	vse16.v	v13, (a2)
800016de: 9a 92        	add	t0, t0, t1
800016e0: 27 d8 02 02  	vse16.v	v16, (t0)
800016e4: 93 93 15 00  	slli	t2, a1, 1
800016e8: 33 85 e3 02  	mul	a0, t2, a4
800016ec: 36 95        	add	a0, a0, a3
800016ee: 13 16 15 00  	slli	a2, a0, 1
800016f2: 33 85 c7 00  	add	a0, a5, a2
800016f6: 87 54 05 02  	vle16.v	v9, (a0)
800016fa: 57 27 95 ee  	vwmul.vv	v14, v9, v10
800016fe: d7 35 e5 be  	vnclip.wi	v11, v14, 10
80001702: 33 05 c8 00  	add	a0, a6, a2
80001706: 87 54 05 02  	vle16.v	v9, (a0)
8000170a: 57 27 95 ee  	vwmul.vv	v14, v9, v10
8000170e: 57 36 e5 be  	vnclip.wi	v12, v14, 10
80001712: 33 85 c8 00  	add	a0, a7, a2
80001716: a7 55 05 02  	vse16.v	v11, (a0)
8000171a: 1a 96        	add	a2, a2, t1
8000171c: 27 56 06 02  	vse16.v	v12, (a2)
80001720: b3 82 b3 00  	add	t0, t2, a1
80001724: 33 85 e2 02  	mul	a0, t0, a4
80001728: 36 95        	add	a0, a0, a3
8000172a: 06 05        	slli	a0, a0, 1
8000172c: 33 86 a7 00  	add	a2, a5, a0
80001730: 87 54 06 02  	vle16.v	v9, (a2)
80001734: 57 27 95 ee  	vwmul.vv	v14, v9, v10
80001738: d7 34 e5 be  	vnclip.wi	v9, v14, 10
8000173c: 33 06 a8 00  	add	a2, a6, a0
80001740: 07 57 06 02  	vle16.v	v14, (a2)
80001744: 57 29 e5 ee  	vwmul.vv	v18, v14, v10
80001748: 57 35 25 bf  	vnclip.wi	v10, v18, 10
8000174c: 33 86 a8 00  	add	a2, a7, a0
80001750: a7 54 06 02  	vse16.v	v9, (a2)
80001754: 1a 95        	add	a0, a0, t1
80001756: 27 55 05 02  	vse16.v	v10, (a0)
8000175a: 85 05        	addi	a1, a1, 1
8000175c: 33 85 e5 02  	mul	a0, a1, a4
80001760: 36 95        	add	a0, a0, a3
80001762: 06 05        	slli	a0, a0, 1
80001764: b3 85 a7 00  	add	a1, a5, a0
80001768: 07 d7 05 02  	vle16.v	v14, (a1)
8000176c: d7 37 00 0f  	vrsub.vi	v15, v16, 0
80001770: 57 68 e0 c6  	vwcvt.x.x.v	v16, v14
80001774: 57 70 10 0d  	vsetvli	zero, zero, e32, m2, ta, ma
80001778: 57 38 05 97  	vsll.vi	v16, v16, 10
8000177c: 57 38 05 97  	vsll.vi	v16, v16, 10
80001780: 57 70 80 0c  	vsetvli	zero, zero, e16, m1, ta, ma
80001784: 57 a9 d6 ee  	vwmul.vv	v18, v13, v13
80001788: 57 70 10 0d  	vsetvli	zero, zero, e32, m2, ta, ma
8000178c: 57 08 09 0b  	vsub.vv	v16, v16, v18
80001790: 57 70 80 0c  	vsetvli	zero, zero, e16, m1, ta, ma
80001794: 57 a9 f7 ee  	vwmul.vv	v18, v15, v15
80001798: 57 70 10 0d  	vsetvli	zero, zero, e32, m2, ta, ma
8000179c: 57 08 09 0b  	vsub.vv	v16, v16, v18
800017a0: 93 e5 13 00  	ori	a1, t2, 1
800017a4: b3 85 e5 02  	mul	a1, a1, a4
800017a8: b6 95        	add	a1, a1, a3
800017aa: 86 05        	slli	a1, a1, 1
800017ac: 33 86 b7 00  	add	a2, a5, a1
800017b0: 07 57 06 02  	vle16.v	v14, (a2)
800017b4: 57 70 80 0c  	vsetvli	zero, zero, e16, m1, ta, ma
800017b8: 57 39 05 bf  	vnclip.wi	v18, v16, 10
800017bc: 57 28 89 86  	vdiv.vv	v16, v8, v18
800017c0: 46 95        	add	a0, a0, a7
800017c2: 27 58 05 02  	vse16.v	v16, (a0)
800017c6: 57 69 e0 c6  	vwcvt.x.x.v	v18, v14
800017ca: 57 70 10 0d  	vsetvli	zero, zero, e32, m2, ta, ma
800017ce: 57 39 25 97  	vsll.vi	v18, v18, 10
800017d2: 57 70 80 0c  	vsetvli	zero, zero, e16, m1, ta, ma
800017d6: 57 aa b6 ee  	vwmul.vv	v20, v11, v13
800017da: 57 70 10 0d  	vsetvli	zero, zero, e32, m2, ta, ma
800017de: 57 09 2a 0b  	vsub.vv	v18, v18, v20
800017e2: 33 05 b8 00  	add	a0, a6, a1
800017e6: 07 57 05 02  	vle16.v	v14, (a0)
800017ea: 57 70 80 08  	vsetvli	zero, zero, e16, m1, tu, ma
800017ee: 57 29 f6 f6  	vwmacc.vv	v18, v12, v15
800017f2: 57 70 80 0c  	vsetvli	zero, zero, e16, m1, ta, ma
800017f6: 57 6a e0 c6  	vwcvt.x.x.v	v20, v14
800017fa: 57 70 10 0d  	vsetvli	zero, zero, e32, m2, ta, ma
800017fe: 57 3a 45 97  	vsll.vi	v20, v20, 10
80001802: 57 70 80 0c  	vsetvli	zero, zero, e16, m1, ta, ma
80001806: 57 ab b7 ee  	vwmul.vv	v22, v11, v15
8000180a: 57 70 10 0d  	vsetvli	zero, zero, e32, m2, ta, ma
8000180e: 57 0a 4b 0b  	vsub.vv	v20, v20, v22
80001812: 13 85 12 00  	addi	a0, t0, 1
80001816: 33 05 e5 02  	mul	a0, a0, a4
8000181a: 36 95        	add	a0, a0, a3
8000181c: 06 05        	slli	a0, a0, 1
8000181e: 33 86 a7 00  	add	a2, a5, a0
80001822: 87 58 06 02  	vle16.v	v17, (a2)
80001826: 57 70 80 0c  	vsetvli	zero, zero, e16, m1, ta, ma
8000182a: 57 ab c6 ee  	vwmul.vv	v22, v12, v13
8000182e: 57 70 10 0d  	vsetvli	zero, zero, e32, m2, ta, ma
80001832: 57 0a 4b 0b  	vsub.vv	v20, v20, v22
80001836: 57 70 80 0c  	vsetvli	zero, zero, e16, m1, ta, ma
8000183a: 57 37 25 bf  	vnclip.wi	v14, v18, 10
8000183e: 57 29 e8 ee  	vwmul.vv	v18, v14, v16
80001842: 57 37 25 bf  	vnclip.wi	v14, v18, 10
80001846: 33 86 b8 00  	add	a2, a7, a1
8000184a: 27 57 06 02  	vse16.v	v14, (a2)
8000184e: 57 39 45 bf  	vnclip.wi	v18, v20, 10
80001852: 57 2a 28 ef  	vwmul.vv	v20, v18, v16
80001856: 57 39 45 bf  	vnclip.wi	v18, v20, 10
8000185a: 9a 95        	add	a1, a1, t1
8000185c: 27 d9 05 02  	vse16.v	v18, (a1)
80001860: 57 6a 10 c7  	vwcvt.x.x.v	v20, v17
80001864: 57 70 10 0d  	vsetvli	zero, zero, e32, m2, ta, ma
80001868: 57 3a 45 97  	vsll.vi	v20, v20, 10
8000186c: 57 70 80 0c  	vsetvli	zero, zero, e16, m1, ta, ma
80001870: 57 ab 96 ee  	vwmul.vv	v22, v9, v13
80001874: 57 70 10 0d  	vsetvli	zero, zero, e32, m2, ta, ma
80001878: 57 0a 4b 0b  	vsub.vv	v20, v20, v22
8000187c: b3 05 a8 00  	add	a1, a6, a0
80001880: 87 d8 05 02  	vle16.v	v17, (a1)
80001884: 57 70 80 08  	vsetvli	zero, zero, e16, m1, tu, ma
80001888: 57 2a f5 f6  	vwmacc.vv	v20, v10, v15
8000188c: 57 70 80 0c  	vsetvli	zero, zero, e16, m1, ta, ma
80001890: 57 6b 10 c7  	vwcvt.x.x.v	v22, v17
80001894: 57 70 10 0d  	vsetvli	zero, zero, e32, m2, ta, ma
80001898: 57 3b 65 97  	vsll.vi	v22, v22, 10
8000189c: 57 70 80 0c  	vsetvli	zero, zero, e16, m1, ta, ma
800018a0: 57 ac 97 ee  	vwmul.vv	v24, v9, v15
800018a4: 57 70 10 0d  	vsetvli	zero, zero, e32, m2, ta, ma
800018a8: 57 0b 6c 0b  	vsub.vv	v22, v22, v24
800018ac: 57 70 80 0c  	vsetvli	zero, zero, e16, m1, ta, ma
800018b0: 57 ac a6 ee  	vwmul.vv	v24, v10, v13
800018b4: 57 70 10 0d  	vsetvli	zero, zero, e32, m2, ta, ma
800018b8: 57 0b 6c 0b  	vsub.vv	v22, v22, v24
800018bc: 57 70 80 0c  	vsetvli	zero, zero, e16, m1, ta, ma
800018c0: d7 36 45 bf  	vnclip.wi	v13, v20, 10
800018c4: 57 2a d8 ee  	vwmul.vv	v20, v13, v16
800018c8: d7 36 45 bf  	vnclip.wi	v13, v20, 10
800018cc: b3 85 a8 00  	add	a1, a7, a0
800018d0: a7 d6 05 02  	vse16.v	v13, (a1)
800018d4: d7 37 65 bf  	vnclip.wi	v15, v22, 10
800018d8: 57 2a f8 ee  	vwmul.vv	v20, v15, v16
800018dc: d7 37 45 bf  	vnclip.wi	v15, v20, 10
800018e0: 1a 95        	add	a0, a0, t1
800018e2: a7 57 05 02  	vse16.v	v15, (a0)
800018e6: 89 03        	addi	t2, t2, 2
800018e8: 33 85 e3 02  	mul	a0, t2, a4
800018ec: 36 95        	add	a0, a0, a3
800018ee: 06 05        	slli	a0, a0, 1
800018f0: b3 85 a7 00  	add	a1, a5, a0
800018f4: 07 d8 05 02  	vle16.v	v16, (a1)
800018f8: d7 38 c0 0e  	vrsub.vi	v17, v12, 0
800018fc: 57 36 20 0f  	vrsub.vi	v12, v18, 0
80001900: 57 69 00 c7  	vwcvt.x.x.v	v18, v16
80001904: 57 70 10 0d  	vsetvli	zero, zero, e32, m2, ta, ma
80001908: 57 39 25 97  	vsll.vi	v18, v18, 10
8000190c: 57 70 80 0c  	vsetvli	zero, zero, e16, m1, ta, ma
80001910: 57 aa b5 ee  	vwmul.vv	v20, v11, v11
80001914: 57 70 10 0d  	vsetvli	zero, zero, e32, m2, ta, ma
80001918: 57 09 2a 0b  	vsub.vv	v18, v18, v20
8000191c: 57 70 80 0c  	vsetvli	zero, zero, e16, m1, ta, ma
80001920: 57 aa 18 ef  	vwmul.vv	v20, v17, v17
80001924: 57 70 10 0d  	vsetvli	zero, zero, e32, m2, ta, ma
80001928: 57 09 2a 0b  	vsub.vv	v18, v18, v20
8000192c: 93 85 22 00  	addi	a1, t0, 2
80001930: b3 85 e5 02  	mul	a1, a1, a4
80001934: b6 95        	add	a1, a1, a3
80001936: 86 05        	slli	a1, a1, 1
80001938: 33 86 b7 00  	add	a2, a5, a1
8000193c: 07 58 06 02  	vle16.v	v16, (a2)
80001940: 57 70 80 0c  	vsetvli	zero, zero, e16, m1, ta, ma
80001944: 57 2a e7 ee  	vwmul.vv	v20, v14, v14
80001948: 57 70 10 0d  	vsetvli	zero, zero, e32, m2, ta, ma
8000194c: 57 09 2a 0b  	vsub.vv	v18, v18, v20
80001950: 57 70 80 0c  	vsetvli	zero, zero, e16, m1, ta, ma
80001954: 57 2a c6 ee  	vwmul.vv	v20, v12, v12
80001958: 57 70 10 0d  	vsetvli	zero, zero, e32, m2, ta, ma
8000195c: 57 09 2a 0b  	vsub.vv	v18, v18, v20
80001960: 57 70 80 0c  	vsetvli	zero, zero, e16, m1, ta, ma
80001964: 57 3a 25 bf  	vnclip.wi	v20, v18, 10
80001968: 57 29 8a 86  	vdiv.vv	v18, v8, v20
8000196c: 46 95        	add	a0, a0, a7
8000196e: 27 59 05 02  	vse16.v	v18, (a0)
80001972: 57 6a 00 c7  	vwcvt.x.x.v	v20, v16
80001976: 57 70 10 0d  	vsetvli	zero, zero, e32, m2, ta, ma
8000197a: 57 3a 45 97  	vsll.vi	v20, v20, 10
8000197e: 57 70 80 0c  	vsetvli	zero, zero, e16, m1, ta, ma
80001982: 57 ab 95 ee  	vwmul.vv	v22, v9, v11
80001986: 57 70 10 0d  	vsetvli	zero, zero, e32, m2, ta, ma
8000198a: 2e 98        	add	a6, a6, a1
8000198c: 07 58 08 02  	vle16.v	v16, (a6)
80001990: 57 0a 4b 0b  	vsub.vv	v20, v20, v22
80001994: 57 70 80 0c  	vsetvli	zero, zero, e16, m1, ta, ma
80001998: 57 6b 00 c7  	vwcvt.x.x.v	v22, v16
8000199c: 57 70 10 0d  	vsetvli	zero, zero, e32, m2, ta, ma
800019a0: 57 3b 65 97  	vsll.vi	v22, v22, 10
800019a4: 57 70 80 08  	vsetvli	zero, zero, e16, m1, tu, ma
800019a8: 57 2a 15 f7  	vwmacc.vv	v20, v10, v17
800019ac: 57 70 80 0c  	vsetvli	zero, zero, e16, m1, ta, ma
800019b0: 57 ac 98 ee  	vwmul.vv	v24, v9, v17
800019b4: 57 70 10 0d  	vsetvli	zero, zero, e32, m2, ta, ma
800019b8: 57 08 6c 0b  	vsub.vv	v16, v22, v24
800019bc: 57 70 80 0c  	vsetvli	zero, zero, e16, m1, ta, ma
800019c0: 57 ab a5 ee  	vwmul.vv	v22, v10, v11
800019c4: 57 70 10 0d  	vsetvli	zero, zero, e32, m2, ta, ma
800019c8: 57 08 0b 0b  	vsub.vv	v16, v16, v22
800019cc: 57 70 80 0c  	vsetvli	zero, zero, e16, m1, ta, ma
800019d0: 57 2b d7 ee  	vwmul.vv	v22, v13, v14
800019d4: 57 70 10 0d  	vsetvli	zero, zero, e32, m2, ta, ma
800019d8: 57 0a 4b 0b  	vsub.vv	v20, v20, v22
800019dc: 57 70 80 0c  	vsetvli	zero, zero, e16, m1, ta, ma
800019e0: 57 2b f6 ee  	vwmul.vv	v22, v15, v12
800019e4: 57 70 10 0d  	vsetvli	zero, zero, e32, m2, ta, ma
800019e8: 57 0a 4b 03  	vadd.vv	v20, v20, v22
800019ec: 8d 02        	addi	t0, t0, 3
800019ee: 33 85 e2 02  	mul	a0, t0, a4
800019f2: 36 95        	add	a0, a0, a3
800019f4: 06 05        	slli	a0, a0, 1
800019f6: aa 97        	add	a5, a5, a0
800019f8: 87 d5 07 02  	vle16.v	v11, (a5)
800019fc: 57 70 80 0c  	vsetvli	zero, zero, e16, m1, ta, ma
80001a00: 57 2b d6 ee  	vwmul.vv	v22, v13, v12
80001a04: 57 70 10 0d  	vsetvli	zero, zero, e32, m2, ta, ma
80001a08: 57 08 0b 0b  	vsub.vv	v16, v16, v22
80001a0c: 57 70 80 0c  	vsetvli	zero, zero, e16, m1, ta, ma
80001a10: 57 2b f7 ee  	vwmul.vv	v22, v15, v14
80001a14: 57 70 10 0d  	vsetvli	zero, zero, e32, m2, ta, ma
80001a18: 57 08 0b 0b  	vsub.vv	v16, v16, v22
80001a1c: 57 70 80 0c  	vsetvli	zero, zero, e16, m1, ta, ma
80001a20: 57 36 45 bf  	vnclip.wi	v12, v20, 10
80001a24: 57 2a c9 ee  	vwmul.vv	v20, v12, v18
80001a28: 57 36 45 bf  	vnclip.wi	v12, v20, 10
80001a2c: 33 86 b8 00  	add	a2, a7, a1
80001a30: 27 56 06 02  	vse16.v	v12, (a2)
80001a34: 57 37 05 bf  	vnclip.wi	v14, v16, 10
80001a38: 57 28 e9 ee  	vwmul.vv	v16, v14, v18
80001a3c: 57 37 05 bf  	vnclip.wi	v14, v16, 10
80001a40: 9a 95        	add	a1, a1, t1
80001a42: 27 d7 05 02  	vse16.v	v14, (a1)
80001a46: 57 68 b0 c6  	vwcvt.x.x.v	v16, v11
80001a4a: 57 70 10 0d  	vsetvli	zero, zero, e32, m2, ta, ma
80001a4e: 57 38 05 97  	vsll.vi	v16, v16, 10
80001a52: 57 70 80 0c  	vsetvli	zero, zero, e16, m1, ta, ma
80001a56: 57 a9 94 ee  	vwmul.vv	v18, v9, v9
80001a5a: 57 70 10 0d  	vsetvli	zero, zero, e32, m2, ta, ma
80001a5e: 57 08 09 0b  	vsub.vv	v16, v16, v18
80001a62: 57 70 80 0c  	vsetvli	zero, zero, e16, m1, ta, ma
80001a66: 57 29 a5 ee  	vwmul.vv	v18, v10, v10
80001a6a: 57 70 10 0d  	vsetvli	zero, zero, e32, m2, ta, ma
80001a6e: 57 05 09 0b  	vsub.vv	v10, v16, v18
80001a72: 57 70 80 0c  	vsetvli	zero, zero, e16, m1, ta, ma
80001a76: 57 a8 d6 ee  	vwmul.vv	v16, v13, v13
80001a7a: 57 70 10 0d  	vsetvli	zero, zero, e32, m2, ta, ma
80001a7e: 57 05 a8 0a  	vsub.vv	v10, v10, v16
80001a82: 57 70 80 0c  	vsetvli	zero, zero, e16, m1, ta, ma
80001a86: 57 a8 f7 ee  	vwmul.vv	v16, v15, v15
80001a8a: 57 70 10 0d  	vsetvli	zero, zero, e32, m2, ta, ma
80001a8e: 57 05 a8 0a  	vsub.vv	v10, v10, v16
80001a92: 57 70 80 0c  	vsetvli	zero, zero, e16, m1, ta, ma
80001a96: 57 28 c6 ee  	vwmul.vv	v16, v12, v12
80001a9a: 57 70 10 0d  	vsetvli	zero, zero, e32, m2, ta, ma
80001a9e: 57 05 a8 0a  	vsub.vv	v10, v10, v16
80001aa2: 57 70 80 0c  	vsetvli	zero, zero, e16, m1, ta, ma
80001aa6: 57 26 e7 ee  	vwmul.vv	v12, v14, v14
80001aaa: 57 70 10 0d  	vsetvli	zero, zero, e32, m2, ta, ma
80001aae: 57 05 a6 0a  	vsub.vv	v10, v10, v12
80001ab2: 57 70 80 0c  	vsetvli	zero, zero, e16, m1, ta, ma
80001ab6: d7 34 a5 be  	vnclip.wi	v9, v10, 10
80001aba: 57 a4 84 86  	vdiv.vv	v8, v8, v9
80001abe: 46 95        	add	a0, a0, a7
80001ac0: 27 54 05 02  	vse16.v	v8, (a0)
80001ac4: 82 80        	ret

0000000080001ac6 <printf_>:
80001ac6: 1d 71        	addi	sp, sp, -96
80001ac8: 06 ec        	sd	ra, 24(sp)
80001aca: aa 82        	mv	t0, a0
80001acc: c6 ec        	sd	a7, 88(sp)
80001ace: c2 e8        	sd	a6, 80(sp)
80001ad0: be e4        	sd	a5, 72(sp)
80001ad2: ba e0        	sd	a4, 64(sp)
80001ad4: 36 fc        	sd	a3, 56(sp)
80001ad6: 32 f8        	sd	a2, 48(sp)
80001ad8: 2e f4        	sd	a1, 40(sp)
80001ada: 28 10        	addi	a0, sp, 40
80001adc: 2a e8        	sd	a0, 16(sp)
80001ade: 17 15 00 00  	auipc	a0, 1
80001ae2: 13 05 e5 b9  	addi	a0, a0, -1122
80001ae6: 93 05 f1 00  	addi	a1, sp, 15
80001aea: 7d 56        	li	a2, -1
80001aec: 38 10        	addi	a4, sp, 40
80001aee: 96 86        	mv	a3, t0
80001af0: 97 00 00 00  	auipc	ra, 0
80001af4: e7 80 e0 00  	jalr	14(ra)
80001af8: e2 60        	ld	ra, 24(sp)
80001afa: 25 61        	addi	sp, sp, 96
80001afc: 82 80        	ret

0000000080001afe <_vsnprintf>:
80001afe: 55 71        	addi	sp, sp, -208
80001b00: 86 e5        	sd	ra, 200(sp)
80001b02: a2 e1        	sd	s0, 192(sp)
80001b04: 26 fd        	sd	s1, 184(sp)
80001b06: 4a f9        	sd	s2, 176(sp)
80001b08: 4e f5        	sd	s3, 168(sp)
80001b0a: 52 f1        	sd	s4, 160(sp)
80001b0c: 56 ed        	sd	s5, 152(sp)
80001b0e: 5a e9        	sd	s6, 144(sp)
80001b10: 5e e5        	sd	s7, 136(sp)
80001b12: 62 e1        	sd	s8, 128(sp)
80001b14: e6 fc        	sd	s9, 120(sp)
80001b16: ea f8        	sd	s10, 112(sp)
80001b18: ee f4        	sd	s11, 104(sp)
80001b1a: a2 b0        	fsd	fs0, 96(sp)
80001b1c: a6 ac        	fsd	fs1, 88(sp)
80001b1e: ba 8b        	mv	s7, a4
80001b20: 36 84        	mv	s0, a3
80001b22: 32 89        	mv	s2, a2
80001b24: 2e f8        	sd	a1, 48(sp)
80001b26: 99 c1        	beqz	a1, 0x80001b2c <_vsnprintf+0x2e>
80001b28: 2a 8c        	mv	s8, a0
80001b2a: 29 a0        	j	0x80001b34 <_vsnprintf+0x36>
80001b2c: 17 15 00 00  	auipc	a0, 1
80001b30: 13 0c c5 b5  	addi	s8, a0, -1188
80001b34: 81 4c        	li	s9, 0
80001b36: 13 0b 50 02  	li	s6, 37
80001b3a: 41 4d        	li	s10, 16
80001b3c: 53 04 00 f2  	fmv.d.x	fs0, zero
80001b40: 37 65 66 66  	lui	a0, 419430
80001b44: 1b 0a 75 66  	addiw	s4, a0, 1639
80001b48: 93 0d 24 00  	addi	s11, s0, 2
80001b4c: b3 09 90 41  	neg	s3, s9
80001b50: e6 8a        	mv	s5, s9
80001b52: 03 45 04 00  	lbu	a0, 0(s0)
80001b56: e3 07 05 2e  	beqz	a0, 0x80002644 <_vsnprintf+0xb46>
80001b5a: 63 02 65 03  	beq	a0, s6, 0x80001b7e <_vsnprintf+0x80>
80001b5e: 93 84 1a 00  	addi	s1, s5, 1
80001b62: c2 75        	ld	a1, 48(sp)
80001b64: 56 86        	mv	a2, s5
80001b66: ca 86        	mv	a3, s2
80001b68: 02 9c        	jalr	s8
80001b6a: 05 04        	addi	s0, s0, 1
80001b6c: 85 2c        	addiw	s9, s9, 1
80001b6e: 85 0d        	addi	s11, s11, 1
80001b70: fd 19        	addi	s3, s3, -1
80001b72: a6 8a        	mv	s5, s1
80001b74: 03 45 04 00  	lbu	a0, 0(s0)
80001b78: 6d f1        	bnez	a0, 0x80001b5a <_vsnprintf+0x5c>
80001b7a: 6f 00 b0 2c  	j	0x80002644 <_vsnprintf+0xb46>
80001b7e: 81 44        	li	s1, 0
80001b80: 93 0c 71 03  	addi	s9, sp, 55
80001b84: 25 47        	li	a4, 9
80001b86: 29 44        	li	s0, 10
80001b88: 21 a0        	j	0x80001b90 <_vsnprintf+0x92>
80001b8a: c1 45        	li	a1, 16
80001b8c: cd 8c        	or	s1, s1, a1
80001b8e: 85 0d        	addi	s11, s11, 1
80001b90: 03 c5 fd ff  	lbu	a0, -1(s11)
80001b94: 93 05 05 fe  	addi	a1, a0, -32
80001b98: 63 61 bd 02  	bltu	s10, a1, 0x80001bba <_vsnprintf+0xbc>
80001b9c: 8e 05        	slli	a1, a1, 3
80001b9e: 17 66 00 00  	auipc	a2, 6
80001ba2: 13 06 a6 f9  	addi	a2, a2, -102
80001ba6: b2 95        	add	a1, a1, a2
80001ba8: 90 61        	ld	a2, 0(a1)
80001baa: 85 45        	li	a1, 1
80001bac: 02 86        	jr	a2
80001bae: a1 45        	li	a1, 8
80001bb0: f1 bf        	j	0x80001b8c <_vsnprintf+0x8e>
80001bb2: 91 45        	li	a1, 4
80001bb4: e1 bf        	j	0x80001b8c <_vsnprintf+0x8e>
80001bb6: 89 45        	li	a1, 2
80001bb8: d1 bf        	j	0x80001b8c <_vsnprintf+0x8e>
80001bba: 9b 05 05 fd  	addiw	a1, a0, -48
80001bbe: 13 f6 f5 0f  	andi	a2, a1, 255
80001bc2: 93 85 fd ff  	addi	a1, s11, -1
80001bc6: 63 67 c7 06  	bltu	a4, a2, 0x80001c34 <_vsnprintf+0x136>
80001bca: 01 4b        	li	s6, 0
80001bcc: 13 76 f5 0f  	andi	a2, a0, 255
80001bd0: 03 c5 15 00  	lbu	a0, 1(a1)
80001bd4: bb 06 8b 02  	mulw	a3, s6, s0
80001bd8: 85 05        	addi	a1, a1, 1
80001bda: 35 9e        	addw	a2, a2, a3
80001bdc: 9b 06 05 fd  	addiw	a3, a0, -48
80001be0: 93 f6 f6 0f  	andi	a3, a3, 255
80001be4: 1b 0b 06 fd  	addiw	s6, a2, -48
80001be8: e3 e2 86 fe  	bltu	a3, s0, 0x80001bcc <_vsnprintf+0xce>
80001bec: ae 8d        	mv	s11, a1
80001bee: 93 05 e0 02  	li	a1, 46
80001bf2: 63 11 b5 0a  	bne	a0, a1, 0x80001c94 <_vsnprintf+0x196>
80001bf6: 03 c5 1d 00  	lbu	a0, 1(s11)
80001bfa: 93 e4 04 40  	ori	s1, s1, 1024
80001bfe: 9b 05 05 fd  	addiw	a1, a0, -48
80001c02: 13 f6 f5 0f  	andi	a2, a1, 255
80001c06: 93 85 1d 00  	addi	a1, s11, 1
80001c0a: 63 6c c7 04  	bltu	a4, a2, 0x80001c62 <_vsnprintf+0x164>
80001c0e: 5e f4        	sd	s7, 40(sp)
80001c10: 81 4b        	li	s7, 0
80001c12: 13 76 f5 0f  	andi	a2, a0, 255
80001c16: 03 c5 15 00  	lbu	a0, 1(a1)
80001c1a: bb 86 8b 02  	mulw	a3, s7, s0
80001c1e: 85 05        	addi	a1, a1, 1
80001c20: 35 9e        	addw	a2, a2, a3
80001c22: 9b 06 05 fd  	addiw	a3, a0, -48
80001c26: 93 f6 f6 0f  	andi	a3, a3, 255
80001c2a: 9b 0b 06 fd  	addiw	s7, a2, -48
80001c2e: e3 e2 86 fe  	bltu	a3, s0, 0x80001c12 <_vsnprintf+0x114>
80001c32: b5 a0        	j	0x80001c9e <_vsnprintf+0x1a0>
80001c34: 13 06 a0 02  	li	a2, 42
80001c38: 63 18 c5 04  	bne	a0, a2, 0x80001c88 <_vsnprintf+0x18a>
80001c3c: 83 a5 0b 00  	lw	a1, 0(s7)
80001c40: 63 d4 05 00  	bgez	a1, 0x80001c48 <_vsnprintf+0x14a>
80001c44: 93 e4 24 00  	ori	s1, s1, 2
80001c48: 1b d6 f5 41  	sraiw	a2, a1, 31
80001c4c: 03 c5 0d 00  	lbu	a0, 0(s11)
80001c50: b1 8d        	xor	a1, a1, a2
80001c52: 3b 8b c5 40  	subw	s6, a1, a2
80001c56: a1 0b        	addi	s7, s7, 8
80001c58: 93 05 e0 02  	li	a1, 46
80001c5c: e3 0d b5 f8  	beq	a0, a1, 0x80001bf6 <_vsnprintf+0xf8>
80001c60: 15 a8        	j	0x80001c94 <_vsnprintf+0x196>
80001c62: 13 06 a0 02  	li	a2, 42
80001c66: 63 1a c5 02  	bne	a0, a2, 0x80001c9a <_vsnprintf+0x19c>
80001c6a: 83 a5 0b 00  	lw	a1, 0(s7)
80001c6e: 13 86 8b 00  	addi	a2, s7, 8
80001c72: b3 26 b0 00  	sgtz	a3, a1
80001c76: 03 c5 2d 00  	lbu	a0, 2(s11)
80001c7a: b3 06 d0 40  	neg	a3, a3
80001c7e: 89 0d        	addi	s11, s11, 2
80001c80: b3 fb b6 00  	and	s7, a3, a1
80001c84: 32 f4        	sd	a2, 40(sp)
80001c86: 29 a8        	j	0x80001ca0 <_vsnprintf+0x1a2>
80001c88: 01 4b        	li	s6, 0
80001c8a: ae 8d        	mv	s11, a1
80001c8c: 93 05 e0 02  	li	a1, 46
80001c90: e3 03 b5 f6  	beq	a0, a1, 0x80001bf6 <_vsnprintf+0xf8>
80001c94: 5e f4        	sd	s7, 40(sp)
80001c96: 81 4b        	li	s7, 0
80001c98: 21 a0        	j	0x80001ca0 <_vsnprintf+0x1a2>
80001c9a: 5e f4        	sd	s7, 40(sp)
80001c9c: 81 4b        	li	s7, 0
80001c9e: ae 8d        	mv	s11, a1
80001ca0: 9b 05 85 f9  	addiw	a1, a0, -104
80001ca4: 1b 16 f5 01  	slliw	a2, a0, 31
80001ca8: 9b d5 15 00  	srliw	a1, a1, 1
80001cac: d1 8d        	or	a1, a1, a2
80001cae: 63 61 b7 02  	bltu	a4, a1, 0x80001cd0 <_vsnprintf+0x1d2>
80001cb2: 8e 05        	slli	a1, a1, 3
80001cb4: 17 66 00 00  	auipc	a2, 6
80001cb8: 13 06 c6 f0  	addi	a2, a2, -244
80001cbc: b2 95        	add	a1, a1, a2
80001cbe: 94 61        	ld	a3, 0(a1)
80001cc0: 85 45        	li	a1, 1
80001cc2: 13 06 00 10  	li	a2, 256
80001cc6: 82 86        	jr	a3
80001cc8: ae 9d        	add	s11, s11, a1
80001cca: 03 c5 0d 00  	lbu	a0, 0(s11)
80001cce: d1 8c        	or	s1, s1, a2
80001cd0: 93 05 b5 fd  	addi	a1, a0, -37
80001cd4: 13 06 30 05  	li	a2, 83
80001cd8: 63 62 b6 0a  	bltu	a2, a1, 0x80001d7c <_vsnprintf+0x27e>
80001cdc: 8e 05        	slli	a1, a1, 3
80001cde: 17 66 00 00  	auipc	a2, 6
80001ce2: 13 06 26 f3  	addi	a2, a2, -206
80001ce6: b2 95        	add	a1, a1, a2
80001ce8: 90 61        	ld	a2, 0(a1)
80001cea: a1 45        	li	a1, 8
80001cec: c1 48        	li	a7, 16
80001cee: 02 86        	jr	a2
80001cf0: bd 98        	andi	s1, s1, -17
80001cf2: a9 48        	li	a7, 10
80001cf4: 93 05 80 05  	li	a1, 88
80001cf8: 63 14 b5 00  	bne	a0, a1, 0x80001d00 <_vsnprintf+0x202>
80001cfc: 93 e4 04 02  	ori	s1, s1, 32
80001d00: 93 05 40 06  	li	a1, 100
80001d04: 63 00 b5 1c  	beq	a0, a1, 0x80001ec4 <_vsnprintf+0x3c6>
80001d08: c6 85        	mv	a1, a7
80001d0a: 13 06 90 06  	li	a2, 105
80001d0e: 63 0b c5 1a  	beq	a0, a2, 0x80001ec4 <_vsnprintf+0x3c6>
80001d12: 7d a2        	j	0x80001ec0 <_vsnprintf+0x3c2>
80001d14: 03 c5 1d 00  	lbu	a0, 1(s11)
80001d18: 93 05 80 06  	li	a1, 104
80001d1c: 63 13 b5 04  	bne	a0, a1, 0x80001d62 <_vsnprintf+0x264>
80001d20: 89 45        	li	a1, 2
80001d22: 13 06 00 0c  	li	a2, 192
80001d26: 4d b7        	j	0x80001cc8 <_vsnprintf+0x1ca>
80001d28: 03 c5 1d 00  	lbu	a0, 1(s11)
80001d2c: 93 05 c0 06  	li	a1, 108
80001d30: 63 1d b5 02  	bne	a0, a1, 0x80001d6a <_vsnprintf+0x26c>
80001d34: 89 45        	li	a1, 2
80001d36: 13 06 00 30  	li	a2, 768
80001d3a: 79 b7        	j	0x80001cc8 <_vsnprintf+0x1ca>
80001d3c: 22 75        	ld	a0, 40(sp)
80001d3e: 04 21        	fld	fs1, 0(a0)
80001d40: d3 92 84 a2  	flt.d	t0, fs1, fs0
80001d44: 63 93 02 36  	bnez	t0, 0x800020aa <_vsnprintf+0x5ac>
80001d48: 13 f5 04 40  	andi	a0, s1, 1024
80001d4c: de 85        	mv	a1, s7
80001d4e: 63 15 05 36  	bnez	a0, 0x800020b8 <_vsnprintf+0x5ba>
80001d52: 99 45        	li	a1, 6
80001d54: 62 ec        	sd	s8, 24(sp)
80001d56: 63 f4 85 36  	bgeu	a1, s0, 0x800020be <_vsnprintf+0x5c0>
80001d5a: 01 4c        	li	s8, 0
80001d5c: 05 46        	li	a2, 1
80001d5e: a2 7b        	ld	s7, 40(sp)
80001d60: 61 ae        	j	0x800020f8 <_vsnprintf+0x5fa>
80001d62: 93 e4 04 08  	ori	s1, s1, 128
80001d66: 85 0d        	addi	s11, s11, 1
80001d68: a5 b7        	j	0x80001cd0 <_vsnprintf+0x1d2>
80001d6a: 93 e4 04 10  	ori	s1, s1, 256
80001d6e: 85 0d        	addi	s11, s11, 1
80001d70: 85 b7        	j	0x80001cd0 <_vsnprintf+0x1d2>
80001d72: 93 8c 1a 00  	addi	s9, s5, 1
80001d76: 13 05 50 02  	li	a0, 37
80001d7a: 19 a0        	j	0x80001d80 <_vsnprintf+0x282>
80001d7c: 93 8c 1a 00  	addi	s9, s5, 1
80001d80: c2 75        	ld	a1, 48(sp)
80001d82: 56 86        	mv	a2, s5
80001d84: ca 86        	mv	a3, s2
80001d86: 02 9c        	jalr	s8
80001d88: 13 0b 50 02  	li	s6, 37
80001d8c: a2 7b        	ld	s7, 40(sp)
80001d8e: 13 84 1d 00  	addi	s0, s11, 1
80001d92: 5d bb        	j	0x80001b48 <_vsnprintf+0x4a>
80001d94: 22 75        	ld	a0, 40(sp)
80001d96: 08 61        	ld	a0, 0(a0)
80001d98: 93 ee 14 02  	ori	t4, s1, 33
80001d9c: 19 e1        	bnez	a0, 0x80001da2 <_vsnprintf+0x2a4>
80001d9e: 93 fe fe fe  	andi	t4, t4, -17
80001da2: 24 18        	addi	s1, sp, 56
80001da4: 93 35 15 00  	seqz	a1, a0
80001da8: 13 96 5e 03  	slli	a2, t4, 53
80001dac: 7d 92        	srli	a2, a2, 63
80001dae: f1 8d        	and	a1, a1, a2
80001db0: 13 0b 50 02  	li	s6, 37
80001db4: a1 c9        	beqz	a1, 0x80001e04 <_vsnprintf+0x306>
80001db6: 81 47        	li	a5, 0
80001db8: a2 74        	ld	s1, 40(sp)
80001dba: a1 04        	addi	s1, s1, 8
80001dbc: 38 18        	addi	a4, sp, 56
80001dbe: c1 48        	li	a7, 16
80001dc0: 41 4e        	li	t3, 16
80001dc2: 62 85        	mv	a0, s8
80001dc4: c2 75        	ld	a1, 48(sp)
80001dc6: 56 86        	mv	a2, s5
80001dc8: ca 86        	mv	a3, s2
80001dca: 01 48        	li	a6, 0
80001dcc: de 83        	mv	t2, s7
80001dce: a6 8b        	mv	s7, s1
80001dd0: 97 10 00 00  	auipc	ra, 1
80001dd4: e7 80 a0 8b  	jalr	-1862(ra)
80001dd8: aa 8c        	mv	s9, a0
80001dda: 13 84 1d 00  	addi	s0, s11, 1
80001dde: ad b3        	j	0x80001b48 <_vsnprintf+0x4a>
80001de0: 93 76 f5 00  	andi	a3, a0, 15
80001de4: 35 9e        	addw	a2, a2, a3
80001de6: 93 36 05 01  	sltiu	a3, a0, 16
80001dea: 93 c6 f6 ff  	not	a3, a3
80001dee: 13 b7 f5 01  	sltiu	a4, a1, 31
80001df2: f9 8e        	and	a3, a3, a4
80001df4: 93 87 15 00  	addi	a5, a1, 1
80001df8: a6 95        	add	a1, a1, s1
80001dfa: 11 81        	srli	a0, a0, 4
80001dfc: 23 80 c5 00  	sb	a2, 0(a1)
80001e00: be 85        	mv	a1, a5
80001e02: dd da        	beqz	a3, 0x80001db8 <_vsnprintf+0x2ba>
80001e04: 93 76 e5 00  	andi	a3, a0, 14
80001e08: 13 06 00 03  	li	a2, 48
80001e0c: e3 ea 86 fc  	bltu	a3, s0, 0x80001de0 <_vsnprintf+0x2e2>
80001e10: 13 06 70 03  	li	a2, 55
80001e14: f1 b7        	j	0x80001de0 <_vsnprintf+0x2e2>
80001e16: 22 75        	ld	a0, 40(sp)
80001e18: 83 39 05 00  	ld	s3, 0(a0)
80001e1c: b3 35 70 01  	snez	a1, s7
80001e20: 13 96 0b 02  	slli	a2, s7, 32
80001e24: 03 c5 09 00  	lbu	a0, 0(s3)
80001e28: 01 92        	srli	a2, a2, 32
80001e2a: fd 15        	addi	a1, a1, -1
80001e2c: d1 8d        	or	a1, a1, a2
80001e2e: 13 36 15 00  	seqz	a2, a0
80001e32: 93 b6 15 00  	seqz	a3, a1
80001e36: d1 8e        	or	a3, a3, a2
80001e38: 4e 86        	mv	a2, s3
80001e3a: 99 ee        	bnez	a3, 0x80001e58 <_vsnprintf+0x35a>
80001e3c: fd 15        	addi	a1, a1, -1
80001e3e: ce 86        	mv	a3, s3
80001e40: 03 c7 16 00  	lbu	a4, 1(a3)
80001e44: 13 86 16 00  	addi	a2, a3, 1
80001e48: 93 36 17 00  	seqz	a3, a4
80001e4c: 13 b7 15 00  	seqz	a4, a1
80001e50: 55 8f        	or	a4, a4, a3
80001e52: fd 15        	addi	a1, a1, -1
80001e54: b2 86        	mv	a3, a2
80001e56: 6d d7        	beqz	a4, 0x80001e40 <_vsnprintf+0x342>
80001e58: 4a f0        	sd	s2, 32(sp)
80001e5a: bb 05 36 41  	subw	a1, a2, s3
80001e5e: 63 ee 75 01  	bltu	a1, s7, 0x80001e7a <_vsnprintf+0x37c>
80001e62: de 85        	mv	a1, s7
80001e64: 13 f9 04 40  	andi	s2, s1, 1024
80001e68: 63 1d 09 00  	bnez	s2, 0x80001e82 <_vsnprintf+0x384>
80001e6c: b3 05 36 41  	sub	a1, a2, s3
80001e70: 13 f4 24 00  	andi	s0, s1, 2
80001e74: 63 16 04 58  	bnez	s0, 0x80002400 <_vsnprintf+0x902>
80001e78: 09 a8        	j	0x80001e8a <_vsnprintf+0x38c>
80001e7a: 13 f9 04 40  	andi	s2, s1, 1024
80001e7e: e3 07 09 fe  	beqz	s2, 0x80001e6c <_vsnprintf+0x36e>
80001e82: 13 f4 24 00  	andi	s0, s1, 2
80001e86: 63 1d 04 56  	bnez	s0, 0x80002400 <_vsnprintf+0x902>
80001e8a: 1b 86 05 00  	sext.w	a2, a1
80001e8e: 63 78 66 57  	bgeu	a2, s6, 0x800023fe <_vsnprintf+0x900>
80001e92: 22 e4        	sd	s0, 8(sp)
80001e94: 1b 05 1b 00  	addiw	a0, s6, 1
80001e98: 2a e8        	sd	a0, 16(sp)
80001e9a: bb 04 bb 40  	subw	s1, s6, a1
80001e9e: c2 7c        	ld	s9, 48(sp)
80001ea0: 02 74        	ld	s0, 32(sp)
80001ea2: 56 86        	mv	a2, s5
80001ea4: 85 0a        	addi	s5, s5, 1
80001ea6: 13 05 00 02  	li	a0, 32
80001eaa: e6 85        	mv	a1, s9
80001eac: a2 86        	mv	a3, s0
80001eae: 02 9c        	jalr	s8
80001eb0: fd 34        	addiw	s1, s1, -1
80001eb2: e5 f8        	bnez	s1, 0x80001ea2 <_vsnprintf+0x3a4>
80001eb4: 03 c5 09 00  	lbu	a0, 0(s3)
80001eb8: e6 84        	mv	s1, s9
80001eba: 22 64        	ld	s0, 8(sp)
80001ebc: a1 a3        	j	0x80002404 <_vsnprintf+0x906>
80001ebe: 89 45        	li	a1, 2
80001ec0: cd 98        	andi	s1, s1, -13
80001ec2: ae 88        	mv	a7, a1
80001ec4: 93 f5 04 40  	andi	a1, s1, 1024
80001ec8: 91 c1        	beqz	a1, 0x80001ecc <_vsnprintf+0x3ce>
80001eca: f9 98        	andi	s1, s1, -2
80001ecc: 93 03 81 03  	addi	t2, sp, 56
80001ed0: 93 05 90 06  	li	a1, 105
80001ed4: 63 06 b5 00  	beq	a0, a1, 0x80001ee0 <_vsnprintf+0x3e2>
80001ed8: 93 05 40 06  	li	a1, 100
80001edc: 63 18 b5 02  	bne	a0, a1, 0x80001f0c <_vsnprintf+0x40e>
80001ee0: 13 f5 04 20  	andi	a0, s1, 512
80001ee4: 21 e9        	bnez	a0, 0x80001f34 <_vsnprintf+0x436>
80001ee6: 13 f5 04 10  	andi	a0, s1, 256
80001eea: 29 ed        	bnez	a0, 0x80001f44 <_vsnprintf+0x446>
80001eec: 13 f5 04 04  	andi	a0, s1, 64
80001ef0: 63 15 05 2e  	bnez	a0, 0x800021da <_vsnprintf+0x6dc>
80001ef4: 22 75        	ld	a0, 40(sp)
80001ef6: 03 28 05 00  	lw	a6, 0(a0)
80001efa: 93 f5 04 08  	andi	a1, s1, 128
80001efe: 63 81 05 2e  	beqz	a1, 0x800021e0 <_vsnprintf+0x6e2>
80001f02: 13 15 08 03  	slli	a0, a6, 48
80001f06: 13 58 05 43  	srai	a6, a0, 48
80001f0a: d9 ac        	j	0x800021e0 <_vsnprintf+0x6e2>
80001f0c: 13 f5 04 20  	andi	a0, s1, 512
80001f10: 31 e1        	bnez	a0, 0x80001f54 <_vsnprintf+0x456>
80001f12: 13 f5 04 10  	andi	a0, s1, 256
80001f16: 63 1e 05 32  	bnez	a0, 0x80002252 <_vsnprintf+0x754>
80001f1a: 13 f5 04 04  	andi	a0, s1, 64
80001f1e: 63 12 05 44  	bnez	a0, 0x80002362 <_vsnprintf+0x864>
80001f22: 22 75        	ld	a0, 40(sp)
80001f24: 08 41        	lw	a0, 0(a0)
80001f26: 93 f5 04 08  	andi	a1, s1, 128
80001f2a: 63 8f 05 42  	beqz	a1, 0x80002368 <_vsnprintf+0x86a>
80001f2e: 42 15        	slli	a0, a0, 48
80001f30: 41 91        	srli	a0, a0, 48
80001f32: 1d a9        	j	0x80002368 <_vsnprintf+0x86a>
80001f34: 22 75        	ld	a0, 40(sp)
80001f36: 03 38 05 00  	ld	a6, 0(a0)
80001f3a: 63 13 08 08  	bnez	a6, 0x80001fc0 <_vsnprintf+0x4c2>
80001f3e: 29 43        	li	t1, 10
80001f40: bd 98        	andi	s1, s1, -17
80001f42: 41 a0        	j	0x80001fc2 <_vsnprintf+0x4c4>
80001f44: 22 75        	ld	a0, 40(sp)
80001f46: 03 38 05 00  	ld	a6, 0(a0)
80001f4a: 63 1a 08 36  	bnez	a6, 0x800022be <_vsnprintf+0x7c0>
80001f4e: 29 43        	li	t1, 10
80001f50: bd 98        	andi	s1, s1, -17
80001f52: bd a6        	j	0x800022c0 <_vsnprintf+0x7c2>
80001f54: 22 75        	ld	a0, 40(sp)
80001f56: 08 61        	ld	a0, 0(a0)
80001f58: 11 e1        	bnez	a0, 0x80001f5c <_vsnprintf+0x45e>
80001f5a: bd 98        	andi	s1, s1, -17
80001f5c: 93 35 15 00  	seqz	a1, a0
80001f60: 13 96 54 03  	slli	a2, s1, 53
80001f64: 7d 92        	srli	a2, a2, 63
80001f66: f1 8d        	and	a1, a1, a2
80001f68: 63 94 05 46  	bnez	a1, 0x800023d0 <_vsnprintf+0x8d2>
80001f6c: a9 42        	li	t0, 10
80001f6e: 01 46        	li	a2, 0
80001f70: 93 f5 04 02  	andi	a1, s1, 32
80001f74: 93 c5 15 06  	xori	a1, a1, 97
80001f78: 13 88 65 0f  	addi	a6, a1, 246
80001f7c: 25 a0        	j	0x80001fa4 <_vsnprintf+0x4a6>
80001f7e: 3d 9f        	addw	a4, a4, a5
80001f80: 93 07 16 00  	addi	a5, a2, 1
80001f84: 33 84 c3 00  	add	s0, t2, a2
80001f88: 33 35 15 01  	sltu	a0, a0, a7
80001f8c: 13 45 f5 ff  	not	a0, a0
80001f90: 13 36 f6 01  	sltiu	a2, a2, 31
80001f94: b3 75 c5 00  	and	a1, a0, a2
80001f98: 23 00 e4 00  	sb	a4, 0(s0)
80001f9c: 3e 86        	mv	a2, a5
80001f9e: 36 85        	mv	a0, a3
80001fa0: 63 89 05 42  	beqz	a1, 0x800023d2 <_vsnprintf+0x8d4>
80001fa4: b3 56 15 03  	divu	a3, a0, a7
80001fa8: 3b 87 16 03  	mulw	a4, a3, a7
80001fac: 3b 07 e5 40  	subw	a4, a0, a4
80001fb0: 13 74 e7 0f  	andi	s0, a4, 254
80001fb4: c2 87        	mv	a5, a6
80001fb6: e3 74 54 fc  	bgeu	s0, t0, 0x80001f7e <_vsnprintf+0x480>
80001fba: 93 07 00 03  	li	a5, 48
80001fbe: c1 b7        	j	0x80001f7e <_vsnprintf+0x480>
80001fc0: 29 43        	li	t1, 10
80001fc2: 93 35 18 00  	seqz	a1, a6
80001fc6: 13 96 54 03  	slli	a2, s1, 53
80001fca: 7d 92        	srli	a2, a2, 63
80001fcc: f1 8d        	and	a1, a1, a2
80001fce: 63 9d 05 34  	bnez	a1, 0x80002328 <_vsnprintf+0x82a>
80001fd2: 13 56 f8 43  	srai	a2, a6, 63
80001fd6: b3 46 c8 00  	xor	a3, a6, a2
80001fda: 91 8e        	sub	a3, a3, a2
80001fdc: 13 f6 04 02  	andi	a2, s1, 32
80001fe0: 13 46 16 06  	xori	a2, a2, 97
80001fe4: 93 02 66 0f  	addi	t0, a2, 246
80001fe8: 2d a0        	j	0x80002012 <_vsnprintf+0x514>
80001fea: 3b 05 f6 00  	addw	a0, a2, a5
80001fee: 93 87 15 00  	addi	a5, a1, 1
80001ff2: 33 86 b3 00  	add	a2, t2, a1
80001ff6: b3 b6 16 01  	sltu	a3, a3, a7
80001ffa: 93 c6 f6 ff  	not	a3, a3
80001ffe: 93 b5 f5 01  	sltiu	a1, a1, 31
80002002: 33 f4 b6 00  	and	s0, a3, a1
80002006: 23 00 a6 00  	sb	a0, 0(a2)
8000200a: be 85        	mv	a1, a5
8000200c: ba 86        	mv	a3, a4
8000200e: 63 0e 04 30  	beqz	s0, 0x8000232a <_vsnprintf+0x82c>
80002012: 33 d7 16 03  	divu	a4, a3, a7
80002016: 3b 06 17 03  	mulw	a2, a4, a7
8000201a: bb 87 c6 40  	subw	a5, a3, a2
8000201e: 13 f5 e7 0f  	andi	a0, a5, 254
80002022: 16 86        	mv	a2, t0
80002024: e3 73 65 fc  	bgeu	a0, t1, 0x80001fea <_vsnprintf+0x4ec>
80002028: 13 06 00 03  	li	a2, 48
8000202c: 7d bf        	j	0x80001fea <_vsnprintf+0x4ec>
8000202e: 4a f0        	sd	s2, 32(sp)
80002030: 93 f9 24 00  	andi	s3, s1, 2
80002034: 05 49        	li	s2, 1
80002036: 63 95 09 02  	bnez	s3, 0x80002060 <_vsnprintf+0x562>
8000203a: 09 49        	li	s2, 2
8000203c: 63 62 2b 03  	bltu	s6, s2, 0x80002060 <_vsnprintf+0x562>
80002040: 1b 09 1b 00  	addiw	s2, s6, 1
80002044: 9b 04 fb ff  	addiw	s1, s6, -1
80002048: c2 7c        	ld	s9, 48(sp)
8000204a: 82 7b        	ld	s7, 32(sp)
8000204c: 62 84        	mv	s0, s8
8000204e: 56 86        	mv	a2, s5
80002050: 85 0a        	addi	s5, s5, 1
80002052: 13 05 00 02  	li	a0, 32
80002056: e6 85        	mv	a1, s9
80002058: de 86        	mv	a3, s7
8000205a: 02 94        	jalr	s0
8000205c: fd 34        	addiw	s1, s1, -1
8000205e: e5 f8        	bnez	s1, 0x8000204e <_vsnprintf+0x550>
80002060: a2 75        	ld	a1, 40(sp)
80002062: 03 c5 05 00  	lbu	a0, 0(a1)
80002066: b3 34 30 01  	snez	s1, s3
8000206a: 93 8b 85 00  	addi	s7, a1, 8
8000206e: 93 8c 1a 00  	addi	s9, s5, 1
80002072: c2 75        	ld	a1, 48(sp)
80002074: 56 86        	mv	a2, s5
80002076: 82 76        	ld	a3, 32(sp)
80002078: e2 8a        	mv	s5, s8
8000207a: 02 9c        	jalr	s8
8000207c: 33 35 69 01  	sltu	a0, s2, s6
80002080: 65 8d        	and	a0, a0, s1
80002082: 63 06 05 3e  	beqz	a0, 0x8000246e <_vsnprintf+0x970>
80002086: 3b 04 2b 41  	subw	s0, s6, s2
8000208a: c2 74        	ld	s1, 48(sp)
8000208c: 02 79        	ld	s2, 32(sp)
8000208e: 66 86        	mv	a2, s9
80002090: 85 0c        	addi	s9, s9, 1
80002092: 13 05 00 02  	li	a0, 32
80002096: a6 85        	mv	a1, s1
80002098: ca 86        	mv	a3, s2
8000209a: 82 9a        	jalr	s5
8000209c: 7d 34        	addiw	s0, s0, -1
8000209e: 65 f8        	bnez	s0, 0x8000208e <_vsnprintf+0x590>
800020a0: 13 0b 50 02  	li	s6, 37
800020a4: 13 84 1d 00  	addi	s0, s11, 1
800020a8: 45 b4        	j	0x80001b48 <_vsnprintf+0x4a>
800020aa: d3 94 94 22  	fneg.d	fs1, fs1
800020ae: 13 f5 04 40  	andi	a0, s1, 1024
800020b2: de 85        	mv	a1, s7
800020b4: e3 0f 05 c8  	beqz	a0, 0x80001d52 <_vsnprintf+0x254>
800020b8: 62 ec        	sd	s8, 24(sp)
800020ba: e3 e0 85 ca  	bltu	a1, s0, 0x80001d5a <_vsnprintf+0x25c>
800020be: 16 f0        	sd	t0, 32(sp)
800020c0: 1b 84 65 ff  	addiw	s0, a1, -10
800020c4: 7d 45        	li	a0, 31
800020c6: a2 85        	mv	a1, s0
800020c8: 63 63 a4 00  	bltu	s0, a0, 0x800020ce <_vsnprintf+0x5d0>
800020cc: fd 45        	li	a1, 31
800020ce: 2e e8        	sd	a1, 16(sp)
800020d0: 13 8c 15 00  	addi	s8, a1, 1
800020d4: 28 18        	addi	a0, sp, 56
800020d6: 93 05 00 03  	li	a1, 48
800020da: 62 86        	mv	a2, s8
800020dc: 97 10 00 00  	auipc	ra, 1
800020e0: e7 80 40 82  	jalr	-2012(ra)
800020e4: 42 65        	ld	a0, 16(sp)
800020e6: 13 45 f5 ff  	not	a0, a0
800020ea: bb 85 ab 00  	addw	a1, s7, a0
800020ee: 13 36 f4 01  	sltiu	a2, s0, 31
800020f2: 29 44        	li	s0, 10
800020f4: a2 7b        	ld	s7, 40(sp)
800020f6: 82 72        	ld	t0, 32(sp)
800020f8: 13 95 05 02  	slli	a0, a1, 32
800020fc: 75 81        	srli	a0, a0, 29
800020fe: 97 66 00 00  	auipc	a3, 6
80002102: 93 86 26 db  	addi	a3, a3, -590
80002106: 36 95        	add	a0, a0, a3
80002108: 87 30 05 00  	fld	ft1, 0(a0)
8000210c: 53 95 04 c2  	fcvt.w.d	a0, fs1, rtz
80002110: 53 00 05 d2  	fcvt.d.w	ft0, a0
80002114: 53 f1 04 0a  	fsub.d	ft2, fs1, ft0
80002118: d3 f1 20 12  	fmul.d	ft3, ft1, ft2
8000211c: 97 66 00 00  	auipc	a3, 6
80002120: 93 86 46 e0  	addi	a3, a3, -508
80002124: 07 b0 06 00  	fld	ft0, 0(a3)
80002128: d3 96 31 c2  	fcvt.lu.d	a3, ft3, rtz
8000212c: d3 f1 36 d2  	fcvt.d.lu	ft3, a3
80002130: 47 f1 20 1a  	fmsub.d	ft2, ft1, ft2, ft3
80002134: 53 07 01 a2  	fle.d	a4, ft2, ft0
80002138: 11 eb        	bnez	a4, 0x8000214c <_vsnprintf+0x64e>
8000213a: 85 06        	addi	a3, a3, 1
8000213c: 53 f1 36 d2  	fcvt.d.lu	ft2, a3
80002140: 53 17 11 a2  	flt.d	a4, ft2, ft1
80002144: 01 ef        	bnez	a4, 0x8000215c <_vsnprintf+0x65e>
80002146: 81 46        	li	a3, 0
80002148: 05 25        	addiw	a0, a0, 1
8000214a: 09 a8        	j	0x8000215c <_vsnprintf+0x65e>
8000214c: 53 17 01 a2  	flt.d	a4, ft2, ft0
80002150: 11 e7        	bnez	a4, 0x8000215c <_vsnprintf+0x65e>
80002152: 13 b7 16 00  	seqz	a4, a3
80002156: 55 8f        	or	a4, a4, a3
80002158: 05 8b        	andi	a4, a4, 1
8000215a: ba 96        	add	a3, a3, a4
8000215c: 17 67 00 00  	auipc	a4, 6
80002160: 13 07 c7 dc  	addi	a4, a4, -564
80002164: 87 30 07 00  	fld	ft1, 0(a4)
80002168: 53 97 90 a2  	flt.d	a4, ft1, fs1
8000216c: 01 c7        	beqz	a4, 0x80002174 <_vsnprintf+0x676>
8000216e: 81 4c        	li	s9, 0
80002170: 62 6c        	ld	s8, 24(sp)
80002172: bd ac        	j	0x800023f0 <_vsnprintf+0x8f2>
80002174: 63 87 05 1c  	beqz	a1, 0x80002342 <_vsnprintf+0x844>
80002178: 93 0b 00 02  	li	s7, 32
8000217c: 93 08 81 03  	addi	a7, sp, 56
80002180: 63 00 06 38  	beqz	a2, 0x80002500 <_vsnprintf+0xa02>
80002184: 29 48        	li	a6, 10
80002186: 17 66 00 00  	auipc	a2, 6
8000218a: 13 06 a6 da  	addi	a2, a2, -598
8000218e: 10 62        	ld	a2, 0(a2)
80002190: 62 84        	mv	s0, s8
80002192: fd 35        	addiw	a1, a1, -1
80002194: 33 b6 c6 02  	mulhu	a2, a3, a2
80002198: 93 57 36 00  	srli	a5, a2, 3
8000219c: 33 86 07 03  	mul	a2, a5, a6
800021a0: 33 86 c6 40  	sub	a2, a3, a2
800021a4: 13 66 06 03  	ori	a2, a2, 48
800021a8: 33 87 88 01  	add	a4, a7, s8
800021ac: 23 00 c7 00  	sb	a2, 0(a4)
800021b0: 13 b6 a6 00  	sltiu	a2, a3, 10
800021b4: 93 46 f6 ff  	not	a3, a2
800021b8: 13 36 fc 01  	sltiu	a2, s8, 31
800021bc: 33 f7 c6 00  	and	a4, a3, a2
800021c0: 05 0c        	addi	s8, s8, 1
800021c2: be 86        	mv	a3, a5
800021c4: 69 f3        	bnez	a4, 0x80002186 <_vsnprintf+0x688>
800021c6: 93 36 f4 01  	sltiu	a3, s0, 31
800021ca: 33 37 b0 00  	snez	a4, a1
800021ce: f9 8e        	and	a3, a3, a4
800021d0: 63 96 06 2a  	bnez	a3, 0x8000247c <_vsnprintf+0x97e>
800021d4: e2 8b        	mv	s7, s8
800021d6: 29 44        	li	s0, 10
800021d8: c1 ac        	j	0x800024a8 <_vsnprintf+0x9aa>
800021da: 22 75        	ld	a0, 40(sp)
800021dc: 03 48 05 00  	lbu	a6, 0(a0)
800021e0: 29 43        	li	t1, 10
800021e2: 63 13 08 00  	bnez	a6, 0x800021e8 <_vsnprintf+0x6ea>
800021e6: bd 98        	andi	s1, s1, -17
800021e8: 93 35 18 00  	seqz	a1, a6
800021ec: 13 96 54 03  	slli	a2, s1, 53
800021f0: 7d 92        	srli	a2, a2, 63
800021f2: f1 8d        	and	a1, a1, a2
800021f4: 63 9e 05 12  	bnez	a1, 0x80002330 <_vsnprintf+0x832>
800021f8: 1b 56 f8 41  	sraiw	a2, a6, 31
800021fc: b3 46 c8 00  	xor	a3, a6, a2
80002200: 91 9e        	subw	a3, a3, a2
80002202: 13 f6 04 02  	andi	a2, s1, 32
80002206: 13 46 16 06  	xori	a2, a2, 97
8000220a: 93 02 66 0f  	addi	t0, a2, 246
8000220e: 25 a0        	j	0x80002236 <_vsnprintf+0x738>
80002210: 3b 05 f6 00  	addw	a0, a2, a5
80002214: 93 87 15 00  	addi	a5, a1, 1
80002218: 33 86 b3 00  	add	a2, t2, a1
8000221c: b3 b6 16 01  	sltu	a3, a3, a7
80002220: 93 c6 f6 ff  	not	a3, a3
80002224: 93 b5 f5 01  	sltiu	a1, a1, 31
80002228: 33 f4 b6 00  	and	s0, a3, a1
8000222c: 23 00 a6 00  	sb	a0, 0(a2)
80002230: be 85        	mv	a1, a5
80002232: ba 86        	mv	a3, a4
80002234: 7d cc        	beqz	s0, 0x80002332 <_vsnprintf+0x834>
80002236: 33 d7 16 03  	divu	a4, a3, a7
8000223a: 3b 06 17 03  	mulw	a2, a4, a7
8000223e: bb 87 c6 40  	subw	a5, a3, a2
80002242: 13 f5 e7 0f  	andi	a0, a5, 254
80002246: 16 86        	mv	a2, t0
80002248: e3 74 65 fc  	bgeu	a0, t1, 0x80002210 <_vsnprintf+0x712>
8000224c: 13 06 00 03  	li	a2, 48
80002250: c1 b7        	j	0x80002210 <_vsnprintf+0x712>
80002252: 22 75        	ld	a0, 40(sp)
80002254: 08 61        	ld	a0, 0(a0)
80002256: 11 e1        	bnez	a0, 0x8000225a <_vsnprintf+0x75c>
80002258: bd 98        	andi	s1, s1, -17
8000225a: a9 42        	li	t0, 10
8000225c: 93 35 15 00  	seqz	a1, a0
80002260: 13 96 54 03  	slli	a2, s1, 53
80002264: 7d 92        	srli	a2, a2, 63
80002266: f1 8d        	and	a1, a1, a2
80002268: 63 94 05 16  	bnez	a1, 0x800023d0 <_vsnprintf+0x8d2>
8000226c: 01 46        	li	a2, 0
8000226e: 93 f5 04 02  	andi	a1, s1, 32
80002272: 93 c5 15 06  	xori	a1, a1, 97
80002276: 13 88 65 0f  	addi	a6, a1, 246
8000227a: 25 a0        	j	0x800022a2 <_vsnprintf+0x7a4>
8000227c: 3d 9f        	addw	a4, a4, a5
8000227e: 93 07 16 00  	addi	a5, a2, 1
80002282: 33 84 c3 00  	add	s0, t2, a2
80002286: 33 35 15 01  	sltu	a0, a0, a7
8000228a: 13 45 f5 ff  	not	a0, a0
8000228e: 13 36 f6 01  	sltiu	a2, a2, 31
80002292: b3 75 c5 00  	and	a1, a0, a2
80002296: 23 00 e4 00  	sb	a4, 0(s0)
8000229a: 3e 86        	mv	a2, a5
8000229c: 36 85        	mv	a0, a3
8000229e: 63 8a 05 12  	beqz	a1, 0x800023d2 <_vsnprintf+0x8d4>
800022a2: b3 56 15 03  	divu	a3, a0, a7
800022a6: 3b 87 16 03  	mulw	a4, a3, a7
800022aa: 3b 07 e5 40  	subw	a4, a0, a4
800022ae: 13 74 e7 0f  	andi	s0, a4, 254
800022b2: c2 87        	mv	a5, a6
800022b4: e3 74 54 fc  	bgeu	s0, t0, 0x8000227c <_vsnprintf+0x77e>
800022b8: 93 07 00 03  	li	a5, 48
800022bc: c1 b7        	j	0x8000227c <_vsnprintf+0x77e>
800022be: 29 43        	li	t1, 10
800022c0: 93 35 18 00  	seqz	a1, a6
800022c4: 13 96 54 03  	slli	a2, s1, 53
800022c8: 7d 92        	srli	a2, a2, 63
800022ca: f1 8d        	and	a1, a1, a2
800022cc: b1 ed        	bnez	a1, 0x80002328 <_vsnprintf+0x82a>
800022ce: 13 56 f8 43  	srai	a2, a6, 63
800022d2: b3 46 c8 00  	xor	a3, a6, a2
800022d6: 91 8e        	sub	a3, a3, a2
800022d8: 13 f6 04 02  	andi	a2, s1, 32
800022dc: 13 46 16 06  	xori	a2, a2, 97
800022e0: 93 02 66 0f  	addi	t0, a2, 246
800022e4: 25 a0        	j	0x8000230c <_vsnprintf+0x80e>
800022e6: 3b 05 f6 00  	addw	a0, a2, a5
800022ea: 93 87 15 00  	addi	a5, a1, 1
800022ee: 33 86 b3 00  	add	a2, t2, a1
800022f2: b3 b6 16 01  	sltu	a3, a3, a7
800022f6: 93 c6 f6 ff  	not	a3, a3
800022fa: 93 b5 f5 01  	sltiu	a1, a1, 31
800022fe: 33 f4 b6 00  	and	s0, a3, a1
80002302: 23 00 a6 00  	sb	a0, 0(a2)
80002306: be 85        	mv	a1, a5
80002308: ba 86        	mv	a3, a4
8000230a: 05 c0        	beqz	s0, 0x8000232a <_vsnprintf+0x82c>
8000230c: 33 d7 16 03  	divu	a4, a3, a7
80002310: 3b 06 17 03  	mulw	a2, a4, a7
80002314: bb 87 c6 40  	subw	a5, a3, a2
80002318: 13 f5 e7 0f  	andi	a0, a5, 254
8000231c: 16 86        	mv	a2, t0
8000231e: e3 74 65 fc  	bgeu	a0, t1, 0x800022e6 <_vsnprintf+0x7e8>
80002322: 13 06 00 03  	li	a2, 48
80002326: c1 b7        	j	0x800022e6 <_vsnprintf+0x7e8>
80002328: 81 47        	li	a5, 0
8000232a: 13 58 f8 03  	srli	a6, a6, 63
8000232e: 21 a0        	j	0x80002336 <_vsnprintf+0x838>
80002330: 81 47        	li	a5, 0
80002332: 1b 58 f8 01  	srliw	a6, a6, 31
80002336: 38 18        	addi	a4, sp, 56
80002338: 62 85        	mv	a0, s8
8000233a: c2 75        	ld	a1, 48(sp)
8000233c: 56 86        	mv	a2, s5
8000233e: ca 86        	mv	a3, s2
80002340: 79 a8        	j	0x800023de <_vsnprintf+0x8e0>
80002342: d3 00 05 d2  	fcvt.d.w	ft1, a0
80002346: d3 f0 14 0a  	fsub.d	ft1, fs1, ft1
8000234a: d3 05 10 a2  	fle.d	a1, ft0, ft1
8000234e: e9 8d        	and	a1, a1, a0
80002350: 2d 9d        	addw	a0, a0, a1
80002352: 93 0b 00 02  	li	s7, 32
80002356: 13 08 81 03  	addi	a6, sp, 56
8000235a: fd 45        	li	a1, 31
8000235c: 63 f6 85 17  	bgeu	a1, s8, 0x800024c8 <_vsnprintf+0x9ca>
80002360: 45 a2        	j	0x80002500 <_vsnprintf+0xa02>
80002362: 22 75        	ld	a0, 40(sp)
80002364: 03 45 05 00  	lbu	a0, 0(a0)
80002368: 11 e1        	bnez	a0, 0x8000236c <_vsnprintf+0x86e>
8000236a: bd 98        	andi	s1, s1, -17
8000236c: a9 42        	li	t0, 10
8000236e: 93 35 15 00  	seqz	a1, a0
80002372: 13 96 54 03  	slli	a2, s1, 53
80002376: 7d 92        	srli	a2, a2, 63
80002378: f1 8d        	and	a1, a1, a2
8000237a: b9 e9        	bnez	a1, 0x800023d0 <_vsnprintf+0x8d2>
8000237c: 02 15        	slli	a0, a0, 32
8000237e: 13 56 05 02  	srli	a2, a0, 32
80002382: 13 f5 04 02  	andi	a0, s1, 32
80002386: 13 45 15 06  	xori	a0, a0, 97
8000238a: 13 08 65 0f  	addi	a6, a0, 246
8000238e: 1d a0        	j	0x800023b4 <_vsnprintf+0x8b6>
80002390: 3d 9f        	addw	a4, a4, a5
80002392: 93 87 15 00  	addi	a5, a1, 1
80002396: 33 84 b3 00  	add	s0, t2, a1
8000239a: 33 36 16 01  	sltu	a2, a2, a7
8000239e: 13 46 f6 ff  	not	a2, a2
800023a2: 93 b5 f5 01  	sltiu	a1, a1, 31
800023a6: 33 75 b6 00  	and	a0, a2, a1
800023aa: 23 00 e4 00  	sb	a4, 0(s0)
800023ae: be 85        	mv	a1, a5
800023b0: 36 86        	mv	a2, a3
800023b2: 05 c1        	beqz	a0, 0x800023d2 <_vsnprintf+0x8d4>
800023b4: b3 56 16 03  	divu	a3, a2, a7
800023b8: 3b 87 16 03  	mulw	a4, a3, a7
800023bc: 3b 07 e6 40  	subw	a4, a2, a4
800023c0: 13 74 e7 0f  	andi	s0, a4, 254
800023c4: c2 87        	mv	a5, a6
800023c6: e3 75 54 fc  	bgeu	s0, t0, 0x80002390 <_vsnprintf+0x892>
800023ca: 93 07 00 03  	li	a5, 48
800023ce: c9 b7        	j	0x80002390 <_vsnprintf+0x892>
800023d0: 81 47        	li	a5, 0
800023d2: 38 18        	addi	a4, sp, 56
800023d4: 62 85        	mv	a0, s8
800023d6: c2 75        	ld	a1, 48(sp)
800023d8: 56 86        	mv	a2, s5
800023da: ca 86        	mv	a3, s2
800023dc: 01 48        	li	a6, 0
800023de: de 83        	mv	t2, s7
800023e0: 5a 8e        	mv	t3, s6
800023e2: a6 8e        	mv	t4, s1
800023e4: 97 00 00 00  	auipc	ra, 0
800023e8: e7 80 60 2a  	jalr	678(ra)
800023ec: aa 8c        	mv	s9, a0
800023ee: a2 7b        	ld	s7, 40(sp)
800023f0: a1 0b        	addi	s7, s7, 8
800023f2: 13 0b 50 02  	li	s6, 37
800023f6: 13 84 1d 00  	addi	s0, s11, 1
800023fa: 6f f0 ef f4  	j	0x80001b48 <_vsnprintf+0x4a>
800023fe: 85 25        	addiw	a1, a1, 1
80002400: 2e e8        	sd	a1, 16(sp)
80002402: c2 74        	ld	s1, 48(sp)
80002404: 1d c5        	beqz	a0, 0x80002432 <_vsnprintf+0x934>
80002406: 85 09        	addi	s3, s3, 1
80002408: 31 a8        	j	0x80002424 <_vsnprintf+0x926>
8000240a: 93 8c 1a 00  	addi	s9, s5, 1
8000240e: 13 75 f5 0f  	andi	a0, a0, 255
80002412: a6 85        	mv	a1, s1
80002414: 56 86        	mv	a2, s5
80002416: 82 76        	ld	a3, 32(sp)
80002418: 02 9c        	jalr	s8
8000241a: 03 c5 09 00  	lbu	a0, 0(s3)
8000241e: 85 09        	addi	s3, s3, 1
80002420: e6 8a        	mv	s5, s9
80002422: 09 c9        	beqz	a0, 0x80002434 <_vsnprintf+0x936>
80002424: e3 03 09 fe  	beqz	s2, 0x8000240a <_vsnprintf+0x90c>
80002428: 9b 85 0b 00  	sext.w	a1, s7
8000242c: 99 c1        	beqz	a1, 0x80002432 <_vsnprintf+0x934>
8000242e: fd 3b        	addiw	s7, s7, -1
80002430: e9 bf        	j	0x8000240a <_vsnprintf+0x90c>
80002432: d6 8c        	mv	s9, s5
80002434: 33 35 80 00  	snez	a0, s0
80002438: 42 66        	ld	a2, 16(sp)
8000243a: 9b 05 06 00  	sext.w	a1, a2
8000243e: b3 b5 65 01  	sltu	a1, a1, s6
80002442: 6d 8d        	and	a0, a0, a1
80002444: a2 7b        	ld	s7, 40(sp)
80002446: a1 0b        	addi	s7, s7, 8
80002448: 1d c1        	beqz	a0, 0x8000246e <_vsnprintf+0x970>
8000244a: 3b 04 cb 40  	subw	s0, s6, a2
8000244e: 02 79        	ld	s2, 32(sp)
80002450: 66 86        	mv	a2, s9
80002452: 85 0c        	addi	s9, s9, 1
80002454: 13 05 00 02  	li	a0, 32
80002458: a6 85        	mv	a1, s1
8000245a: ca 86        	mv	a3, s2
8000245c: 02 9c        	jalr	s8
8000245e: 7d 34        	addiw	s0, s0, -1
80002460: 65 f8        	bnez	s0, 0x80002450 <_vsnprintf+0x952>
80002462: 13 0b 50 02  	li	s6, 37
80002466: 13 84 1d 00  	addi	s0, s11, 1
8000246a: 6f f0 ef ed  	j	0x80001b48 <_vsnprintf+0x4a>
8000246e: 13 0b 50 02  	li	s6, 37
80002472: 02 79        	ld	s2, 32(sp)
80002474: 13 84 1d 00  	addi	s0, s11, 1
80002478: 6f f0 0f ed  	j	0x80001b48 <_vsnprintf+0x4a>
8000247c: 85 46        	li	a3, 1
8000247e: 29 44        	li	s0, 10
80002480: 13 08 81 03  	addi	a6, sp, 56
80002484: 93 07 00 03  	li	a5, 48
80002488: 93 0b 1c 00  	addi	s7, s8, 1
8000248c: 33 06 88 01  	add	a2, a6, s8
80002490: 23 00 f6 00  	sb	a5, 0(a2)
80002494: 13 36 fc 01  	sltiu	a2, s8, 31
80002498: 33 c7 d5 00  	xor	a4, a1, a3
8000249c: 33 37 e0 00  	snez	a4, a4
800024a0: 71 8f        	and	a4, a4, a2
800024a2: 85 26        	addiw	a3, a3, 1
800024a4: 5e 8c        	mv	s8, s7
800024a6: 6d f3        	bnez	a4, 0x80002488 <_vsnprintf+0x98a>
800024a8: 2c 18        	addi	a1, sp, 56
800024aa: 39 ca        	beqz	a2, 0x80002500 <_vsnprintf+0xa02>
800024ac: 13 8c 1b 00  	addi	s8, s7, 1
800024b0: ae 9b        	add	s7, s7, a1
800024b2: 93 05 e0 02  	li	a1, 46
800024b6: 23 80 bb 00  	sb	a1, 0(s7)
800024ba: 93 0b 00 02  	li	s7, 32
800024be: 13 08 81 03  	addi	a6, sp, 56
800024c2: fd 45        	li	a1, 31
800024c4: 63 ee 85 03  	bltu	a1, s8, 0x80002500 <_vsnprintf+0xa02>
800024c8: d2 87        	mv	a5, s4
800024ca: b3 05 f5 02  	mul	a1, a0, a5
800024ce: 13 d6 f5 03  	srli	a2, a1, 63
800024d2: 89 95        	srai	a1, a1, 34
800024d4: b1 9d        	addw	a1, a1, a2
800024d6: 3b 86 85 02  	mulw	a2, a1, s0
800024da: 3b 06 c5 40  	subw	a2, a0, a2
800024de: 1b 06 06 03  	addiw	a2, a2, 48
800024e2: 93 0b 1c 00  	addi	s7, s8, 1
800024e6: b3 06 88 01  	add	a3, a6, s8
800024ea: 59 35        	addiw	a0, a0, -10
800024ec: 13 35 d5 fe  	sltiu	a0, a0, -19
800024f0: 13 37 fc 01  	sltiu	a4, s8, 31
800024f4: 69 8f        	and	a4, a4, a0
800024f6: 23 80 c6 00  	sb	a2, 0(a3)
800024fa: 5e 8c        	mv	s8, s7
800024fc: 2e 85        	mv	a0, a1
800024fe: 71 f7        	bnez	a4, 0x800024ca <_vsnprintf+0x9cc>
80002500: 13 f4 34 00  	andi	s0, s1, 3
80002504: 05 45        	li	a0, 1
80002506: 63 11 a4 06  	bne	s0, a0, 0x80002568 <_vsnprintf+0xa6a>
8000250a: 63 0a 0b 00  	beqz	s6, 0x8000251e <_vsnprintf+0xa20>
8000250e: 13 f5 c4 00  	andi	a0, s1, 12
80002512: 33 35 a0 00  	snez	a0, a0
80002516: 33 65 55 00  	or	a0, a0, t0
8000251a: 3b 0b ab 40  	subw	s6, s6, a0
8000251e: 13 15 0b 02  	slli	a0, s6, 32
80002522: 13 5c 05 02  	srli	s8, a0, 32
80002526: 33 b5 8b 01  	sltu	a0, s7, s8
8000252a: 93 b5 0b 02  	sltiu	a1, s7, 32
8000252e: 6d 8d        	and	a0, a0, a1
80002530: 05 cd        	beqz	a0, 0x80002568 <_vsnprintf+0xa6a>
80002532: 16 f0        	sd	t0, 32(sp)
80002534: 13 c5 fb ff  	not	a0, s7
80002538: 2a 9c        	add	s8, s8, a0
8000253a: 7d 45        	li	a0, 31
8000253c: 33 05 75 41  	sub	a0, a0, s7
80002540: 63 63 ac 00  	bltu	s8, a0, 0x80002546 <_vsnprintf+0xa48>
80002544: 2a 8c        	mv	s8, a0
80002546: 28 18        	addi	a0, sp, 56
80002548: 5e 95        	add	a0, a0, s7
8000254a: 05 0c        	addi	s8, s8, 1
8000254c: 93 05 00 03  	li	a1, 48
80002550: 62 86        	mv	a2, s8
80002552: 97 00 00 00  	auipc	ra, 0
80002556: e7 80 e0 3a  	jalr	942(ra)
8000255a: e2 9b        	add	s7, s7, s8
8000255c: 62 6d        	ld	s10, 24(sp)
8000255e: 82 72        	ld	t0, 32(sp)
80002560: 7d 45        	li	a0, 31
80002562: 63 77 75 01  	bgeu	a0, s7, 0x80002570 <_vsnprintf+0xa72>
80002566: 05 a8        	j	0x80002596 <_vsnprintf+0xa98>
80002568: 62 6d        	ld	s10, 24(sp)
8000256a: 7d 45        	li	a0, 31
8000256c: 63 65 75 03  	bltu	a0, s7, 0x80002596 <_vsnprintf+0xa98>
80002570: 13 05 d0 02  	li	a0, 45
80002574: 63 9c 02 00  	bnez	t0, 0x8000258c <_vsnprintf+0xa8e>
80002578: 93 f5 44 00  	andi	a1, s1, 4
8000257c: 13 05 b0 02  	li	a0, 43
80002580: 91 e5        	bnez	a1, 0x8000258c <_vsnprintf+0xa8e>
80002582: 93 f5 84 00  	andi	a1, s1, 8
80002586: 13 05 00 02  	li	a0, 32
8000258a: 91 c5        	beqz	a1, 0x80002596 <_vsnprintf+0xa98>
8000258c: 2c 18        	addi	a1, sp, 56
8000258e: de 95        	add	a1, a1, s7
80002590: 85 0b        	addi	s7, s7, 1
80002592: 23 80 a5 00  	sb	a0, 0(a1)
80002596: 56 86        	mv	a2, s5
80002598: c2 75        	ld	a1, 48(sp)
8000259a: 4a 8c        	mv	s8, s2
8000259c: 0d ec        	bnez	s0, 0x800025d6 <_vsnprintf+0xad8>
8000259e: 13 15 0b 02  	slli	a0, s6, 32
800025a2: 01 91        	srli	a0, a0, 32
800025a4: 56 86        	mv	a2, s5
800025a6: 63 f8 ab 02  	bgeu	s7, a0, 0x800025d6 <_vsnprintf+0xad8>
800025aa: 01 44        	li	s0, 0
800025ac: b3 0c 75 41  	sub	s9, a0, s7
800025b0: 2e 89        	mv	s2, a1
800025b2: 33 86 8a 00  	add	a2, s5, s0
800025b6: 13 05 00 02  	li	a0, 32
800025ba: ca 85        	mv	a1, s2
800025bc: e2 86        	mv	a3, s8
800025be: 02 9d        	jalr	s10
800025c0: 05 04        	addi	s0, s0, 1
800025c2: e3 98 8c fe  	bne	s9, s0, 0x800025b2 <_vsnprintf+0xab4>
800025c6: 33 86 8a 00  	add	a2, s5, s0
800025ca: 32 84        	mv	s0, a2
800025cc: ca 85        	mv	a1, s2
800025ce: 93 0c 71 03  	addi	s9, sp, 55
800025d2: 63 84 0b 02  	beqz	s7, 0x800025fa <_vsnprintf+0xafc>
800025d6: 33 85 7c 01  	add	a0, s9, s7
800025da: 03 45 05 00  	lbu	a0, 0(a0)
800025de: 13 04 16 00  	addi	s0, a2, 1
800025e2: e2 86        	mv	a3, s8
800025e4: 62 89        	mv	s2, s8
800025e6: 66 8c        	mv	s8, s9
800025e8: ae 8c        	mv	s9, a1
800025ea: 02 9d        	jalr	s10
800025ec: e6 85        	mv	a1, s9
800025ee: e2 8c        	mv	s9, s8
800025f0: 4a 8c        	mv	s8, s2
800025f2: fd 1b        	addi	s7, s7, -1
800025f4: 22 86        	mv	a2, s0
800025f6: e3 90 0b fe  	bnez	s7, 0x800025d6 <_vsnprintf+0xad8>
800025fa: 62 86        	mv	a2, s8
800025fc: 13 f5 24 00  	andi	a0, s1, 2
80002600: 05 cd        	beqz	a0, 0x80002638 <_vsnprintf+0xb3a>
80002602: 02 1b        	slli	s6, s6, 32
80002604: 13 5b 0b 02  	srli	s6, s6, 32
80002608: 33 05 54 41  	sub	a0, s0, s5
8000260c: 63 76 65 03  	bgeu	a0, s6, 0x80002638 <_vsnprintf+0xb3a>
80002610: 2e 89        	mv	s2, a1
80002612: a2 99        	add	s3, s3, s0
80002614: a2 7b        	ld	s7, 40(sp)
80002616: ae 84        	mv	s1, a1
80002618: 32 89        	mv	s2, a2
8000261a: 6a 8c        	mv	s8, s10
8000261c: 41 4d        	li	s10, 16
8000261e: 93 0c 14 00  	addi	s9, s0, 1
80002622: 13 05 00 02  	li	a0, 32
80002626: a6 85        	mv	a1, s1
80002628: 22 86        	mv	a2, s0
8000262a: ca 86        	mv	a3, s2
8000262c: 02 9c        	jalr	s8
8000262e: 85 09        	addi	s3, s3, 1
80002630: 66 84        	mv	s0, s9
80002632: e3 e6 69 ff  	bltu	s3, s6, 0x8000261e <_vsnprintf+0xb20>
80002636: 6d bb        	j	0x800023f0 <_vsnprintf+0x8f2>
80002638: a2 8c        	mv	s9, s0
8000263a: a2 7b        	ld	s7, 40(sp)
8000263c: 32 89        	mv	s2, a2
8000263e: 6a 8c        	mv	s8, s10
80002640: 41 4d        	li	s10, 16
80002642: 7d b3        	j	0x800023f0 <_vsnprintf+0x8f2>
80002644: 63 e4 2a 01  	bltu	s5, s2, 0x8000264c <_vsnprintf+0xb4e>
80002648: 93 0a f9 ff  	addi	s5, s2, -1
8000264c: 01 45        	li	a0, 0
8000264e: c2 75        	ld	a1, 48(sp)
80002650: 56 86        	mv	a2, s5
80002652: ca 86        	mv	a3, s2
80002654: 02 9c        	jalr	s8
80002656: 1b 85 0c 00  	sext.w	a0, s9
8000265a: ae 60        	ld	ra, 200(sp)
8000265c: 0e 64        	ld	s0, 192(sp)
8000265e: ea 74        	ld	s1, 184(sp)
80002660: 4a 79        	ld	s2, 176(sp)
80002662: aa 79        	ld	s3, 168(sp)
80002664: 0a 7a        	ld	s4, 160(sp)
80002666: ea 6a        	ld	s5, 152(sp)
80002668: 4a 6b        	ld	s6, 144(sp)
8000266a: aa 6b        	ld	s7, 136(sp)
8000266c: 0a 6c        	ld	s8, 128(sp)
8000266e: e6 7c        	ld	s9, 120(sp)
80002670: 46 7d        	ld	s10, 112(sp)
80002672: a6 7d        	ld	s11, 104(sp)
80002674: 06 34        	fld	fs0, 96(sp)
80002676: e6 24        	fld	fs1, 88(sp)
80002678: 69 61        	addi	sp, sp, 208
8000267a: 82 80        	ret

000000008000267c <_out_char>:
8000267c: 09 c5        	beqz	a0, 0x80002686 <_out_char+0xa>
8000267e: 17 03 00 00  	auipc	t1, 0
80002682: 67 00 03 2d  	jr	720(t1)
80002686: 82 80        	ret

0000000080002688 <_out_null>:
80002688: 82 80        	ret

000000008000268a <_ntoa_format>:
8000268a: 19 71        	addi	sp, sp, -128
8000268c: 86 fc        	sd	ra, 120(sp)
8000268e: a2 f8        	sd	s0, 112(sp)
80002690: a6 f4        	sd	s1, 104(sp)
80002692: ca f0        	sd	s2, 96(sp)
80002694: ce ec        	sd	s3, 88(sp)
80002696: d2 e8        	sd	s4, 80(sp)
80002698: d6 e4        	sd	s5, 72(sp)
8000269a: da e0        	sd	s6, 64(sp)
8000269c: 5e fc        	sd	s7, 56(sp)
8000269e: 62 f8        	sd	s8, 48(sp)
800026a0: 66 f4        	sd	s9, 40(sp)
800026a2: 6a f0        	sd	s10, 32(sp)
800026a4: 6e ec        	sd	s11, 24(sp)
800026a6: f6 8b        	mv	s7, t4
800026a8: 93 f4 2e 00  	andi	s1, t4, 2
800026ac: 72 8a        	mv	s4, t3
800026ae: 1e 8d        	mv	s10, t2
800026b0: c6 8c        	mv	s9, a7
800026b2: 3e 8c        	mv	s8, a5
800026b4: 36 89        	mv	s2, a3
800026b6: b2 89        	mv	s3, a2
800026b8: ae 8a        	mv	s5, a1
800026ba: aa 8d        	mv	s11, a0
800026bc: 26 8b        	mv	s6, s1
800026be: 3a e8        	sd	a4, 16(sp)
800026c0: d5 e4        	bnez	s1, 0x8000276c <_ntoa_format+0xe2>
800026c2: 1b 05 0a 00  	sext.w	a0, s4
800026c6: 13 f4 1b 00  	andi	s0, s7, 1
800026ca: 19 c9        	beqz	a0, 0x800026e0 <_ntoa_format+0x56>
800026cc: 19 c8        	beqz	s0, 0x800026e2 <_ntoa_format+0x58>
800026ce: 13 f5 cb 00  	andi	a0, s7, 12
800026d2: 33 35 a0 00  	snez	a0, a0
800026d6: 33 65 05 01  	or	a0, a0, a6
800026da: 3b 0a aa 40  	subw	s4, s4, a0
800026de: 11 a0        	j	0x800026e2 <_ntoa_format+0x58>
800026e0: 01 4a        	li	s4, 0
800026e2: 13 15 0d 02  	slli	a0, s10, 32
800026e6: 01 91        	srli	a0, a0, 32
800026e8: b3 35 ac 00  	sltu	a1, s8, a0
800026ec: 13 36 0c 02  	sltiu	a2, s8, 32
800026f0: f1 8d        	and	a1, a1, a2
800026f2: 85 cd        	beqz	a1, 0x8000272a <_ntoa_format+0xa0>
800026f4: 52 e4        	sd	s4, 8(sp)
800026f6: 4e 8a        	mv	s4, s3
800026f8: c2 89        	mv	s3, a6
800026fa: 93 44 fc ff  	not	s1, s8
800026fe: aa 94        	add	s1, s1, a0
80002700: 7d 45        	li	a0, 31
80002702: b3 05 85 41  	sub	a1, a0, s8
80002706: 33 05 87 01  	add	a0, a4, s8
8000270a: 63 e3 b4 00  	bltu	s1, a1, 0x80002710 <_ntoa_format+0x86>
8000270e: ae 84        	mv	s1, a1
80002710: 85 04        	addi	s1, s1, 1
80002712: 93 05 00 03  	li	a1, 48
80002716: 26 86        	mv	a2, s1
80002718: 97 00 00 00  	auipc	ra, 0
8000271c: e7 80 80 1e  	jalr	488(ra)
80002720: 26 9c        	add	s8, s8, s1
80002722: 42 67        	ld	a4, 16(sp)
80002724: 4e 88        	mv	a6, s3
80002726: d2 89        	mv	s3, s4
80002728: 22 6a        	ld	s4, 8(sp)
8000272a: 29 c0        	beqz	s0, 0x8000276c <_ntoa_format+0xe2>
8000272c: 13 15 0a 02  	slli	a0, s4, 32
80002730: 01 91        	srli	a0, a0, 32
80002732: b3 35 ac 00  	sltu	a1, s8, a0
80002736: 13 36 0c 02  	sltiu	a2, s8, 32
8000273a: f1 8d        	and	a1, a1, a2
8000273c: 85 c9        	beqz	a1, 0x8000276c <_ntoa_format+0xe2>
8000273e: 42 84        	mv	s0, a6
80002740: 93 44 fc ff  	not	s1, s8
80002744: aa 94        	add	s1, s1, a0
80002746: 7d 45        	li	a0, 31
80002748: b3 05 85 41  	sub	a1, a0, s8
8000274c: 33 05 87 01  	add	a0, a4, s8
80002750: 63 e3 b4 00  	bltu	s1, a1, 0x80002756 <_ntoa_format+0xcc>
80002754: ae 84        	mv	s1, a1
80002756: 85 04        	addi	s1, s1, 1
80002758: 93 05 00 03  	li	a1, 48
8000275c: 26 86        	mv	a2, s1
8000275e: 97 00 00 00  	auipc	ra, 0
80002762: e7 80 20 1a  	jalr	418(ra)
80002766: 26 9c        	add	s8, s8, s1
80002768: 42 67        	ld	a4, 16(sp)
8000276a: 22 88        	mv	a6, s0
8000276c: 13 f5 0b 01  	andi	a0, s7, 16
80002770: 11 e5        	bnez	a0, 0x8000277c <_ntoa_format+0xf2>
80002772: da 8c        	mv	s9, s6
80002774: 7d 45        	li	a0, 31
80002776: 63 7b 85 0b  	bgeu	a0, s8, 0x8000282c <_ntoa_format+0x1a2>
8000277a: e1 a8        	j	0x80002852 <_ntoa_format+0x1c8>
8000277c: 13 f5 0b 40  	andi	a0, s7, 1024
80002780: 13 35 15 00  	seqz	a0, a0
80002784: b3 35 80 01  	snez	a1, s8
80002788: 6d 8d        	and	a0, a0, a1
8000278a: 15 cd        	beqz	a0, 0x800027c6 <_ntoa_format+0x13c>
8000278c: 02 1d        	slli	s10, s10, 32
8000278e: 13 55 0d 02  	srli	a0, s10, 32
80002792: 33 45 ac 00  	xor	a0, s8, a0
80002796: 33 35 a0 00  	snez	a0, a0
8000279a: 93 15 0a 02  	slli	a1, s4, 32
8000279e: 81 91        	srli	a1, a1, 32
800027a0: b3 45 bc 00  	xor	a1, s8, a1
800027a4: b3 35 b0 00  	snez	a1, a1
800027a8: 6d 8d        	and	a0, a0, a1
800027aa: 11 ed        	bnez	a0, 0x800027c6 <_ntoa_format+0x13c>
800027ac: 13 05 fc ff  	addi	a0, s8, -1
800027b0: b3 35 a0 00  	snez	a1, a0
800027b4: 13 86 0c ff  	addi	a2, s9, -16
800027b8: 13 36 16 00  	seqz	a2, a2
800027bc: f1 8d        	and	a1, a1, a2
800027be: 99 c1        	beqz	a1, 0x800027c4 <_ntoa_format+0x13a>
800027c0: 13 05 ec ff  	addi	a0, s8, -2
800027c4: 2a 8c        	mv	s8, a0
800027c6: 41 45        	li	a0, 16
800027c8: 63 96 ac 02  	bne	s9, a0, 0x800027f4 <_ntoa_format+0x16a>
800027cc: 93 f5 0b 02  	andi	a1, s7, 32
800027d0: 13 b5 15 00  	seqz	a0, a1
800027d4: 13 36 0c 02  	sltiu	a2, s8, 32
800027d8: b3 76 c5 00  	and	a3, a0, a2
800027dc: 13 05 80 07  	li	a0, 120
800027e0: da 8c        	mv	s9, s6
800027e2: 9d e2        	bnez	a3, 0x80002808 <_ntoa_format+0x17e>
800027e4: 33 35 b0 00  	snez	a0, a1
800027e8: b3 75 c5 00  	and	a1, a0, a2
800027ec: 13 05 80 05  	li	a0, 88
800027f0: 81 ed        	bnez	a1, 0x80002808 <_ntoa_format+0x17e>
800027f2: 05 a0        	j	0x80002812 <_ntoa_format+0x188>
800027f4: f9 1c        	addi	s9, s9, -2
800027f6: 13 b5 1c 00  	seqz	a0, s9
800027fa: 93 35 0c 02  	sltiu	a1, s8, 32
800027fe: e9 8d        	and	a1, a1, a0
80002800: 13 05 20 06  	li	a0, 98
80002804: da 8c        	mv	s9, s6
80002806: 91 c5        	beqz	a1, 0x80002812 <_ntoa_format+0x188>
80002808: b3 05 87 01  	add	a1, a4, s8
8000280c: 05 0c        	addi	s8, s8, 1
8000280e: 23 80 a5 00  	sb	a0, 0(a1)
80002812: 7d 45        	li	a0, 31
80002814: 63 6f 85 03  	bltu	a0, s8, 0x80002852 <_ntoa_format+0x1c8>
80002818: 33 05 87 01  	add	a0, a4, s8
8000281c: 05 0c        	addi	s8, s8, 1
8000281e: 93 05 00 03  	li	a1, 48
80002822: 23 00 b5 00  	sb	a1, 0(a0)
80002826: 7d 45        	li	a0, 31
80002828: 63 65 85 03  	bltu	a0, s8, 0x80002852 <_ntoa_format+0x1c8>
8000282c: 13 05 d0 02  	li	a0, 45
80002830: 63 1c 08 00  	bnez	a6, 0x80002848 <_ntoa_format+0x1be>
80002834: 93 f5 4b 00  	andi	a1, s7, 4
80002838: 13 05 b0 02  	li	a0, 43
8000283c: 91 e5        	bnez	a1, 0x80002848 <_ntoa_format+0x1be>
8000283e: 93 f5 8b 00  	andi	a1, s7, 8
80002842: 13 05 00 02  	li	a0, 32
80002846: 91 c5        	beqz	a1, 0x80002852 <_ntoa_format+0x1c8>
80002848: b3 05 87 01  	add	a1, a4, s8
8000284c: 05 0c        	addi	s8, s8, 1
8000284e: 23 80 a5 00  	sb	a0, 0(a1)
80002852: 13 f5 3b 00  	andi	a0, s7, 3
80002856: 4e 84        	mv	s0, s3
80002858: 05 e5        	bnez	a0, 0x80002880 <_ntoa_format+0x1f6>
8000285a: 13 15 0a 02  	slli	a0, s4, 32
8000285e: 01 91        	srli	a0, a0, 32
80002860: 4e 84        	mv	s0, s3
80002862: 63 7f ac 00  	bgeu	s8, a0, 0x80002880 <_ntoa_format+0x1f6>
80002866: b3 04 85 41  	sub	s1, a0, s8
8000286a: 4e 86        	mv	a2, s3
8000286c: 13 04 16 00  	addi	s0, a2, 1
80002870: 13 05 00 02  	li	a0, 32
80002874: d6 85        	mv	a1, s5
80002876: ca 86        	mv	a3, s2
80002878: 82 9d        	jalr	s11
8000287a: fd 14        	addi	s1, s1, -1
8000287c: 22 86        	mv	a2, s0
8000287e: fd f4        	bnez	s1, 0x8000286c <_ntoa_format+0x1e2>
80002880: 63 05 0c 02  	beqz	s8, 0x800028aa <_ntoa_format+0x220>
80002884: 42 6b        	ld	s6, 16(sp)
80002886: 7d 1b        	addi	s6, s6, -1
80002888: 33 05 8b 01  	add	a0, s6, s8
8000288c: 03 45 05 00  	lbu	a0, 0(a0)
80002890: 93 04 14 00  	addi	s1, s0, 1
80002894: d6 85        	mv	a1, s5
80002896: 22 86        	mv	a2, s0
80002898: ca 86        	mv	a3, s2
8000289a: 82 9d        	jalr	s11
8000289c: 7d 1c        	addi	s8, s8, -1
8000289e: 26 84        	mv	s0, s1
800028a0: e3 14 0c fe  	bnez	s8, 0x80002888 <_ntoa_format+0x1fe>
800028a4: 63 96 0c 00  	bnez	s9, 0x800028b0 <_ntoa_format+0x226>
800028a8: 1d a8        	j	0x800028de <_ntoa_format+0x254>
800028aa: a2 84        	mv	s1, s0
800028ac: 63 89 0c 02  	beqz	s9, 0x800028de <_ntoa_format+0x254>
800028b0: 02 1a        	slli	s4, s4, 32
800028b2: 13 5a 0a 02  	srli	s4, s4, 32
800028b6: 33 85 34 41  	sub	a0, s1, s3
800028ba: 63 72 45 03  	bgeu	a0, s4, 0x800028de <_ntoa_format+0x254>
800028be: b3 09 30 41  	neg	s3, s3
800028c2: 13 84 14 00  	addi	s0, s1, 1
800028c6: 13 05 00 02  	li	a0, 32
800028ca: d6 85        	mv	a1, s5
800028cc: 26 86        	mv	a2, s1
800028ce: ca 86        	mv	a3, s2
800028d0: 82 9d        	jalr	s11
800028d2: 33 85 89 00  	add	a0, s3, s0
800028d6: a2 84        	mv	s1, s0
800028d8: e3 65 45 ff  	bltu	a0, s4, 0x800028c2 <_ntoa_format+0x238>
800028dc: 11 a0        	j	0x800028e0 <_ntoa_format+0x256>
800028de: 26 84        	mv	s0, s1
800028e0: 22 85        	mv	a0, s0
800028e2: e6 70        	ld	ra, 120(sp)
800028e4: 46 74        	ld	s0, 112(sp)
800028e6: a6 74        	ld	s1, 104(sp)
800028e8: 06 79        	ld	s2, 96(sp)
800028ea: e6 69        	ld	s3, 88(sp)
800028ec: 46 6a        	ld	s4, 80(sp)
800028ee: a6 6a        	ld	s5, 72(sp)
800028f0: 06 6b        	ld	s6, 64(sp)
800028f2: e2 7b        	ld	s7, 56(sp)
800028f4: 42 7c        	ld	s8, 48(sp)
800028f6: a2 7c        	ld	s9, 40(sp)
800028f8: 02 7d        	ld	s10, 32(sp)
800028fa: e2 6d        	ld	s11, 24(sp)
800028fc: 09 61        	addi	sp, sp, 128
800028fe: 82 80        	ret

0000000080002900 <memset>:
80002900: b3 66 c5 00  	or	a3, a0, a2
80002904: 9d 8a        	andi	a3, a3, 7
80002906: 91 ce        	beqz	a3, 0x80002922 <memset+0x22>
80002908: b3 06 c5 00  	add	a3, a0, a2
8000290c: 63 70 d5 04  	bgeu	a0, a3, 0x8000294c <memset+0x4c>
80002910: aa 86        	mv	a3, a0
80002912: 13 87 16 00  	addi	a4, a3, 1
80002916: 7d 16        	addi	a2, a2, -1
80002918: 23 80 b6 00  	sb	a1, 0(a3)
8000291c: ba 86        	mv	a3, a4
8000291e: 75 fa        	bnez	a2, 0x80002912 <memset+0x12>
80002920: 35 a0        	j	0x8000294c <memset+0x4c>
80002922: 2a 96        	add	a2, a2, a0
80002924: 63 74 c5 02  	bgeu	a0, a2, 0x8000294c <memset+0x4c>
80002928: e2 15        	slli	a1, a1, 56
8000292a: b7 16 10 10  	lui	a3, 65793
8000292e: 92 06        	slli	a3, a3, 4
80002930: 93 86 06 10  	addi	a3, a3, 256
80002934: b3 b5 d5 02  	mulhu	a1, a1, a3
80002938: 93 96 05 02  	slli	a3, a1, 32
8000293c: d5 8d        	or	a1, a1, a3
8000293e: aa 86        	mv	a3, a0
80002940: 13 87 86 00  	addi	a4, a3, 8
80002944: 8c e2        	sd	a1, 0(a3)
80002946: ba 86        	mv	a3, a4
80002948: e3 6c c7 fe  	bltu	a4, a2, 0x80002940 <memset+0x40>
8000294c: 82 80        	ret

000000008000294e <_putchar>:
8000294e: 97 d5 ff 3f  	auipc	a1, 262141
80002952: 23 89 a5 6a  	sb	a0, 1714(a1)
80002956: 82 80        	ret

Disassembly of section .data:

0000000080002960 <H_real_fxp>:
80002960: b7 00 b1 00  	lui	ra, 2832
80002964: 67 00 76 00  	jr	7(a2)
80002968: 93 02 34 01  	addi	t0, s0, 19
8000296c: 1c 00        	<unknown>
8000296e: cb 01 f9 01  	fnmsub.s	ft3, fs2, ft11, ft0, rne
80002972: f8 01        	addi	a4, sp, 204
80002974: cf 01 9b 00  	fnmadd.s	ft3, fs6, fs1, ft0, rne
80002978: f2 00        	slli	ra, ra, 28
8000297a: d4 01        	addi	a3, sp, 196
8000297c: a3 01 0c 02  	sb	zero, 35(s8)
80002980: e9 01        	addi	gp, gp, 26
80002982: 58 00        	addi	a4, sp, 4
80002984: be 00        	slli	ra, ra, 15
80002986: a9 01        	addi	gp, gp, 10
80002988: 57 02 17 00  	vadd.vv	v4, v1, v14, v0.t
8000298c: 79 02        	addi	tp, tp, 30
8000298e: 79 01        	addi	sp, sp, 30
80002990: 98 02        	addi	a4, sp, 320
80002992: 15 01        	addi	sp, sp, 5
80002994: 69 00        	c.nop	26
80002996: 04 01        	addi	s1, sp, 128
80002998: 5d 02        	addi	tp, tp, 23
8000299a: 5d 02        	addi	tp, tp, 23
8000299c: 59 00        	c.nop	22
8000299e: ce 02        	slli	t0, t0, 19
800029a0: 5e 00        	c.slli	zero, 23
800029a2: 4e 00        	c.slli	zero, 19
800029a4: f1 01        	addi	gp, gp, 28
800029a6: c1 02        	addi	t0, t0, 16
800029a8: c1 01        	addi	gp, gp, 16
800029aa: 3e 02        	slli	tp, tp, 15
800029ac: 8e 02        	slli	t0, t0, 3
800029ae: 43 00 9f 02  	fmadd.d	ft0, ft10, fs1, ft0, rne
800029b2: bf 00 b0 00  	<unknown>
800029b6: af 02 77 01  	<unknown>
800029ba: b9 02        	addi	t0, t0, 14
800029bc: c8 00        	addi	a0, sp, 68
800029be: 1a 01        	slli	sp, sp, 6
800029c0: 81 01        	mv	gp, gp
800029c2: ee 01        	slli	gp, gp, 27
800029c4: 43 00 1f 01  	fmadd.s	ft0, ft10, fa7, ft0, rne
800029c8: bb 02 91 02  	mulw	t0, sp, s1
800029cc: 51 01        	addi	sp, sp, 20
800029ce: e6 01        	slli	gp, gp, 25
800029d0: 41 00        	c.nop	16
800029d2: df 00 db 01  	<unknown>
800029d6: 97 01 1e 01  	auipc	gp, 4576
800029da: e6 00        	slli	ra, ra, 25
800029dc: 31 02        	addi	tp, tp, 12
800029de: 99 02        	addi	t0, t0, 6
800029e0: ad 00        	addi	ra, ra, 11
800029e2: d5 01        	addi	gp, gp, 21
800029e4: ca 01        	slli	gp, gp, 18
800029e6: ee 01        	slli	gp, gp, 27
800029e8: 1a 02        	slli	tp, tp, 6
800029ea: 15 00        	c.nop	5
800029ec: 7e 00        	c.slli	zero, 31
800029ee: 56 00        	c.slli	zero, 21
800029f0: a5 02        	addi	t0, t0, 9
800029f2: ad 00        	addi	ra, ra, 11
800029f4: d0 01        	addi	a2, sp, 196
800029f6: d3 00 75 00  	fadd.s	ft1, fa0, ft7, rne
800029fa: 58 00        	addi	a4, sp, 4
800029fc: c6 00        	slli	ra, ra, 17
800029fe: aa 02        	slli	t0, t0, 10
80002a00: 32 00        	c.slli	zero, 12
80002a02: e5 01        	addi	gp, gp, 25
80002a04: 58 01        	addi	a4, sp, 132
80002a06: 5e 02        	slli	tp, tp, 23
80002a08: 25 00        	c.nop	9
80002a0a: 08 02        	addi	a0, sp, 256
80002a0c: 02 02        	c.slli64	tp
80002a0e: 52 01        	slli	sp, sp, 20
80002a10: bc 00        	addi	a5, sp, 72
80002a12: be 02        	slli	t0, t0, 15
80002a14: 8d 01        	addi	gp, gp, 3
80002a16: e8 01        	addi	a0, sp, 204
80002a18: e1 00        	addi	ra, ra, 24
80002a1a: 0e 00        	c.slli	zero, 3
80002a1c: cc 02        	addi	a1, sp, 324
80002a1e: 08 00        	<unknown>
80002a20: 08 00        	<unknown>
80002a22: d4 00        	addi	a3, sp, 68
80002a24: d0 00        	addi	a2, sp, 68
80002a26: 98 00        	addi	a4, sp, 64
80002a28: 51 01        	addi	sp, sp, 20
80002a2a: 02 01        	c.slli64	sp
80002a2c: a2 02        	slli	t0, t0, 8
80002a2e: bb 00 20 00  	addw	ra, zero, sp
80002a32: 08 01        	addi	a0, sp, 128
80002a34: aa 01        	slli	gp, gp, 10
80002a36: 07 02 df 01  	<unknown>
80002a3a: 69 01        	addi	sp, sp, 26
80002a3c: 4b 01 39 00  	fnmsub.s	ft2, fs2, ft3, ft0, rne
80002a40: 5e 02        	slli	tp, tp, 23
80002a42: 6f 00 81 00  	j	0x80012a4a <timer+0xab0a>
80002a46: 7c 01        	addi	a5, sp, 140
80002a48: 6d 02        	addi	tp, tp, 27
80002a4a: ee 00        	slli	ra, ra, 27
80002a4c: 20 02        	addi	s0, sp, 264
80002a4e: 0f 01 0b 00  	<unknown>
80002a52: cc 01        	addi	a1, sp, 196
80002a54: 0f 02 b6 01  	<unknown>
80002a58: 87 02 3a 00  	<unknown>
80002a5c: 0b 00 34 02  	<unknown>
80002a60: 8b 00 d1 02  	<unknown>
80002a64: cd 01        	addi	gp, gp, 19
80002a66: 31 02        	addi	tp, tp, 12
80002a68: 66 02        	slli	tp, tp, 25
80002a6a: bf 01 3a 01  	<unknown>
80002a6e: 65 00        	c.nop	25
80002a70: 6f 00 d1 02  	j	0x8001329c <timer+0xb35c>
80002a74: f3 01 c1 01  	<unknown>
80002a78: dd 00        	addi	ra, ra, 23
80002a7a: 50 00        	addi	a2, sp, 4
80002a7c: 5b 01 c5 00  	<unknown>
80002a80: 82 00        	c.slli64	ra
80002a82: d3 02 00 02  	fadd.d	ft5, ft0, ft0, rne
80002a86: 0a 01        	slli	sp, sp, 2
80002a88: 70 02        	addi	a2, sp, 268
80002a8a: 0a 02        	slli	tp, tp, 2
80002a8c: 95 02        	addi	t0, t0, 5
80002a8e: 41 01        	addi	sp, sp, 16
80002a90: 77 01 1e 00  	<unknown>
80002a94: f2 00        	slli	ra, ra, 28
80002a96: 8b 00 84 02  	<unknown>
80002a9a: 12 00        	c.slli	zero, 4
80002a9c: ea 00        	slli	ra, ra, 26
80002a9e: 6a 02        	slli	tp, tp, 26
80002aa0: 3a 00        	c.slli	zero, 14
80002aa2: 0f 01 c1 02  	<unknown>
80002aa6: ce 02        	slli	t0, t0, 19
80002aa8: 0e 02        	slli	tp, tp, 3
80002aaa: 12 00        	c.slli	zero, 4
80002aac: 9d 00        	addi	ra, ra, 7
80002aae: b1 02        	addi	t0, t0, 12
80002ab0: b8 01        	addi	a4, sp, 200
80002ab2: 58 02        	addi	a4, sp, 260
80002ab4: 7f 00 39 02  	<unknown>
80002ab8: 73 02 7b 02  	<unknown>
80002abc: 4c 01        	addi	a1, sp, 132
80002abe: 89 00        	addi	ra, ra, 2
80002ac0: 97 02 70 00  	auipc	t0, 1792
80002ac4: bd 02        	addi	t0, t0, 15
80002ac6: c9 01        	addi	gp, gp, 18
80002ac8: aa 02        	slli	t0, t0, 10
80002aca: 25 02        	addi	tp, tp, 9
80002acc: c6 01        	slli	gp, gp, 17
80002ace: 4d 02        	addi	tp, tp, 19
80002ad0: 7b 02 ff 00  	<unknown>
80002ad4: a9 01        	addi	gp, gp, 10
80002ad6: 2a 01        	slli	sp, sp, 10
80002ad8: ae 02        	slli	t0, t0, 11
80002ada: 5e 00        	c.slli	zero, 23
80002adc: 7a 02        	slli	tp, tp, 30
80002ade: c5 01        	addi	gp, gp, 17
80002ae0: 54 02        	addi	a3, sp, 260
80002ae2: 3d 00        	c.nop	15
80002ae4: 12 02        	slli	tp, tp, 4
80002ae6: 4f 00 30 02  	fnmadd.d	ft0, ft0, ft3, ft0, rne
80002aea: f0 01        	addi	a2, sp, 204
80002aec: f4 00        	addi	a3, sp, 76
80002aee: 6a 01        	slli	sp, sp, 26
80002af0: 20 01        	addi	s0, sp, 136
80002af2: c0 02        	addi	s0, sp, 324
80002af4: f6 00        	slli	ra, ra, 29
80002af6: 79 00        	c.nop	30
80002af8: 06 01        	slli	sp, sp, 1
80002afa: ba 00        	slli	ra, ra, 14
80002afc: c8 02        	addi	a0, sp, 324
80002afe: 4d 01        	addi	sp, sp, 19
80002b00: af 00 1d 00  	<unknown>
80002b04: 22 00        	c.slli	zero, 8
80002b06: 22 01        	slli	sp, sp, 8
80002b08: b0 02        	addi	a2, sp, 328
80002b0a: fb 00 89 01  	<unknown>
80002b0e: 2a 02        	slli	tp, tp, 10
80002b10: 56 01        	slli	sp, sp, 21
80002b12: 67 01 ae 02  	jalr	sp, 42(t3)
80002b16: d8 00        	addi	a4, sp, 68
80002b18: 5e 01        	slli	sp, sp, 23
80002b1a: b6 00        	slli	ra, ra, 13
80002b1c: 90 02        	addi	a2, sp, 320
80002b1e: 62 00        	c.slli	zero, 24
80002b20: cd 02        	addi	t0, t0, 19
80002b22: ea 00        	slli	ra, ra, 26
80002b24: d5 00        	addi	ra, ra, 21
80002b26: 35 01        	addi	sp, sp, 13
80002b28: 3f 02 e1 01  	<unknown>
80002b2c: 59 01        	addi	sp, sp, 22
80002b2e: 5b 01 7e 02  	<unknown>
80002b32: aa 02        	slli	t0, t0, 10
80002b34: 50 01        	addi	a2, sp, 132
80002b36: 2f 02 df 01  	<unknown>
80002b3a: 29 01        	addi	sp, sp, 10
80002b3c: 96 00        	slli	ra, ra, 5
80002b3e: 70 01        	addi	a2, sp, 140
80002b40: 2f 00 1b 02  	<unknown>
80002b44: c6 00        	slli	ra, ra, 17
80002b46: 1d 02        	addi	tp, tp, 7
80002b48: 7f 01 a5 00  	<unknown>
80002b4c: 82 00        	c.slli64	ra
80002b4e: 7b 01 b1 00  	<unknown>
80002b52: 75 00        	c.nop	29
80002b54: c0 00        	addi	s0, sp, 68
80002b56: 58 02        	addi	a4, sp, 260
80002b58: c7 02 8d 02  	fmsub.d	ft5, fs10, fs0, ft0, rne
80002b5c: 51 00        	c.nop	20
80002b5e: 78 02        	addi	a4, sp, 268
80002b60: ed 00        	addi	ra, ra, 27
80002b62: a6 02        	slli	t0, t0, 9
80002b64: 21 02        	addi	tp, tp, 8
80002b66: 44 00        	addi	s1, sp, 4
80002b68: 0b 00 23 00  	<unknown>
80002b6c: 0e 02        	slli	tp, tp, 3
80002b6e: 48 02        	addi	a0, sp, 260
80002b70: 65 02        	addi	tp, tp, 25
80002b72: 18 02        	addi	a4, sp, 256
80002b74: ce 01        	slli	gp, gp, 19
80002b76: 29 02        	addi	tp, tp, 10
80002b78: d7 00 05 01  	vadd.vv	v1, v16, v10, v0.t
80002b7c: e9 00        	addi	ra, ra, 26
80002b7e: 6c 01        	addi	a1, sp, 140
80002b80: 5b 01 48 01  	<unknown>
80002b84: 98 01        	addi	a4, sp, 192
80002b86: 1b 02 d4 02  	addiw	tp, s0, 45
80002b8a: 36 01        	slli	sp, sp, 13
80002b8c: 56 01        	slli	sp, sp, 21
80002b8e: d9 00        	addi	ra, ra, 22
80002b90: 8b 01 c7 02  	<unknown>
80002b94: a4 00        	addi	s1, sp, 72
80002b96: f6 01        	slli	gp, gp, 29
80002b98: 16 00        	c.slli	zero, 5
80002b9a: 1d 02        	addi	tp, tp, 7
80002b9c: 2f 01 a6 00  	<unknown>
80002ba0: d3 00 d0 00  	fadd.s	ft1, ft0, fa3, rne
80002ba4: 87 00 91 00  	<unknown>
80002ba8: 97 00 51 01  	auipc	ra, 5392
80002bac: ca 00        	slli	ra, ra, 18
80002bae: b5 02        	addi	t0, t0, 13
80002bb0: 31 01        	addi	sp, sp, 12
80002bb2: ca 02        	slli	t0, t0, 18
80002bb4: 48 00        	addi	a0, sp, 4
80002bb6: b1 01        	addi	gp, gp, 12
80002bb8: b4 02        	addi	a3, sp, 328
80002bba: e4 01        	addi	s1, sp, 204
80002bbc: 49 00        	c.nop	18
80002bbe: be 01        	slli	gp, gp, 15
80002bc0: 18 00        	<unknown>
80002bc2: e8 00        	addi	a0, sp, 76
80002bc4: 70 01        	addi	a2, sp, 140
80002bc6: 15 00        	c.nop	5
80002bc8: a6 01        	slli	gp, gp, 9
80002bca: 17 01 a9 02  	auipc	sp, 10896
80002bce: 67 02 8e 01  	jalr	tp, 24(t3)
80002bd2: bc 02        	addi	a5, sp, 328
80002bd4: b1 02        	addi	t0, t0, 12
80002bd6: c1 01        	addi	gp, gp, 16
80002bd8: e1 01        	addi	gp, gp, 24
80002bda: 33 01 2e 01  	add	sp, t3, s2
80002bde: c7 02 82 02  	fmsub.d	ft5, ft4, fs0, ft0, rne
80002be2: 5b 01 48 01  	<unknown>
80002be6: 99 02        	addi	t0, t0, 6
80002be8: 0f 02 16 01  	<unknown>
80002bec: 23 00 a0 00  	sb	a0, 0(zero)
80002bf0: b6 00        	slli	ra, ra, 13
80002bf2: 5b 01 4d 02  	<unknown>
80002bf6: c4 00        	addi	s1, sp, 68
80002bf8: 69 00        	c.nop	26
80002bfa: 41 00        	c.nop	16
80002bfc: 90 01        	addi	a2, sp, 192
80002bfe: ca 02        	slli	t0, t0, 18
80002c00: fd 01        	addi	gp, gp, 31
80002c02: 87 02 36 00  	<unknown>
80002c06: 7e 01        	slli	sp, sp, 31
80002c08: 90 02        	addi	a2, sp, 320
80002c0a: 0e 00        	c.slli	zero, 3
80002c0c: 2e 02        	slli	tp, tp, 11
80002c0e: e1 01        	addi	gp, gp, 24
80002c10: 26 02        	slli	tp, tp, 9
80002c12: 84 01        	addi	s1, sp, 192
80002c14: b4 02        	addi	a3, sp, 328
80002c16: d9 01        	addi	gp, gp, 22
80002c18: b2 02        	slli	t0, t0, 12
80002c1a: 56 00        	c.slli	zero, 21
80002c1c: bf 00 2d 02  	<unknown>
80002c20: 27 02 57 02  	<unknown>
80002c24: 8f 01 49 00  	<unknown>
80002c28: 4d 00        	c.nop	19
80002c2a: 28 02        	addi	a0, sp, 264
80002c2c: 96 02        	slli	t0, t0, 5
80002c2e: 84 00        	addi	s1, sp, 64
80002c30: 7e 02        	slli	tp, tp, 31
80002c32: 28 00        	addi	a0, sp, 8
80002c34: 3b 02 70 02  	mulw	tp, zero, t2
80002c38: 84 00        	addi	s1, sp, 64
80002c3a: 4b 00 c7 00  	fnmsub.s	ft0, fa4, fa2, ft0, rne
80002c3e: 2c 00        	addi	a1, sp, 8
80002c40: ba 02        	slli	t0, t0, 14
80002c42: 7a 01        	slli	sp, sp, 30
80002c44: 2e 02        	slli	tp, tp, 11
80002c46: f9 01        	addi	gp, gp, 30
80002c48: 0f 00 65 00  	<unknown>
80002c4c: 2f 01 b2 01  	<unknown>
80002c50: 78 01        	addi	a4, sp, 140
80002c52: 86 01        	slli	gp, gp, 1
80002c54: 12 00        	c.slli	zero, 4
80002c56: 35 01        	addi	sp, sp, 13
80002c58: 23 01 0c 01  	sb	a6, 2(s8)
80002c5c: b9 01        	addi	gp, gp, 14
80002c5e: b8 01        	addi	a4, sp, 200
80002c60: 64 02        	addi	s1, sp, 268
80002c62: 7a 02        	slli	tp, tp, 30
80002c64: c3 01 df 01  	fmadd.s	ft3, ft10, ft9, ft0, rne
80002c68: 11 02        	addi	tp, tp, 4
80002c6a: 1b 02 0f 01  	addiw	tp, t5, 16
80002c6e: a6 02        	slli	t0, t0, 9
80002c70: 43 02 37 02  	fmadd.d	ft4, fa4, ft3, ft0, rne
80002c74: a2 01        	slli	gp, gp, 8
80002c76: 6b 02 77 02  	<unknown>
80002c7a: 10 02        	addi	a2, sp, 256
80002c7c: c9 02        	addi	t0, t0, 18
80002c7e: a5 01        	addi	gp, gp, 9
80002c80: 4f 00 ac 01  	fnmadd.s	ft0, fs8, fs10, ft0, rne
80002c84: 56 01        	slli	sp, sp, 21
80002c86: f0 00        	addi	a2, sp, 76
80002c88: 84 01        	addi	s1, sp, 192
80002c8a: 53 00 40 01  	fadd.s	ft0, ft0, fs4, rne
80002c8e: 0f 02 0f 00  	<unknown>
80002c92: 62 00        	c.slli	zero, 24
80002c94: 14 01        	addi	a3, sp, 128
80002c96: 34 00        	addi	a3, sp, 8
80002c98: bf 01 39 00  	<unknown>
80002c9c: d3 00 31 00  	fadd.s	ft1, ft2, ft3, rne
80002ca0: d0 01        	addi	a2, sp, 196
80002ca2: 30 02        	addi	a2, sp, 264
80002ca4: 8c 00        	addi	a1, sp, 64
80002ca6: 32 01        	slli	sp, sp, 12
80002ca8: aa 00        	slli	ra, ra, 10
80002caa: d0 02        	addi	a2, sp, 324
80002cac: b3 02 38 01  	add	t0, a6, s3
80002cb0: 0d 02        	addi	tp, tp, 3
80002cb2: 96 01        	slli	gp, gp, 5
80002cb4: 14 02        	addi	a3, sp, 256
80002cb6: a0 01        	addi	s0, sp, 200
80002cb8: 24 01        	addi	s1, sp, 136
80002cba: c9 02        	addi	t0, t0, 18
80002cbc: 6d 02        	addi	tp, tp, 27
80002cbe: 3b 01 e4 00  	addw	sp, s0, a4
80002cc2: af 01 45 02  	<unknown>
80002cc6: a1 00        	addi	ra, ra, 8
80002cc8: e0 00        	addi	s0, sp, 76
80002cca: 2e 02        	slli	tp, tp, 11
80002ccc: 32 02        	slli	tp, tp, 12
80002cce: 6f 02 43 02  	jal	tp, 0x80032cf2 <timer+0x2adb2>
80002cd2: 79 02        	addi	tp, tp, 30
80002cd4: 4a 02        	slli	tp, tp, 18
80002cd6: 24 00        	addi	s1, sp, 8
80002cd8: ea 00        	slli	ra, ra, 26
80002cda: bb 02 30 02  	mulw	t0, zero, gp
80002cde: 72 01        	slli	sp, sp, 28
80002ce0: 9b 02 ab 02  	addiw	t0, s6, 42
80002ce4: 02 02        	c.slli64	tp
80002ce6: ba 00        	slli	ra, ra, 14
80002ce8: fe 01        	slli	gp, gp, 31
80002cea: ea 00        	slli	ra, ra, 26
80002cec: 51 00        	c.nop	20
80002cee: e9 00        	addi	ra, ra, 26
80002cf0: 49 02        	addi	tp, tp, 18
80002cf2: d5 00        	addi	ra, ra, 21
80002cf4: c4 02        	addi	s1, sp, 324
80002cf6: 35 01        	addi	sp, sp, 13
80002cf8: 32 00        	c.slli	zero, 12
80002cfa: a9 02        	addi	t0, t0, 10
80002cfc: d3 01 19 02  	fadd.d	ft3, fs2, ft1, rne
80002d00: 04 00        	<unknown>
80002d02: 4c 01        	addi	a1, sp, 132
80002d04: d3 02 4b 00  	fadd.s	ft5, fs6, ft4, rne
80002d08: 77 01 d8 01  	<unknown>
80002d0c: 1d 01        	addi	sp, sp, 7
80002d0e: a0 02        	addi	s0, sp, 328
80002d10: b9 02        	addi	t0, t0, 14
80002d12: 60 01        	addi	s0, sp, 140
80002d14: 28 00        	addi	a0, sp, 8
80002d16: 42 01        	slli	sp, sp, 16
80002d18: 4e 01        	slli	sp, sp, 19
80002d1a: 3d 00        	c.nop	15
80002d1c: d0 00        	addi	a2, sp, 68
80002d1e: 15 02        	addi	tp, tp, 5
80002d20: 0f 00 b3 02  	<unknown>
80002d24: a6 02        	slli	t0, t0, 9
80002d26: 04 01        	addi	s1, sp, 128
80002d28: 18 01        	addi	a4, sp, 128
80002d2a: b7 02 bc 01  	lui	t0, 7104
80002d2e: 6e 02        	slli	tp, tp, 27
80002d30: ad 01        	addi	gp, gp, 11
80002d32: 68 01        	addi	a0, sp, 140
80002d34: 62 01        	slli	sp, sp, 24
80002d36: e1 01        	addi	gp, gp, 24
80002d38: 78 01        	addi	a4, sp, 140
80002d3a: 04 01        	addi	s1, sp, 128
80002d3c: 76 01        	slli	sp, sp, 29
80002d3e: c3 02 83 02  	fmadd.d	ft5, ft6, fs0, ft0, rne
80002d42: 70 02        	addi	a2, sp, 268
80002d44: 4b 01 85 01  	fnmsub.s	ft2, fa0, fs8, ft0, rne
80002d48: d4 00        	addi	a3, sp, 68
80002d4a: b9 02        	addi	t0, t0, 14
80002d4c: 60 02        	addi	s0, sp, 268
80002d4e: 3a 00        	c.slli	zero, 14
80002d50: 53 00 21 02  	fadd.d	ft0, ft2, ft2, rne
80002d54: 55 01        	addi	sp, sp, 21
80002d56: ef 00 3e 01  	jal	0x800e3568 <timer+0xdb628>
80002d5a: 58 01        	addi	a4, sp, 132
80002d5c: 7d 01        	addi	sp, sp, 31
80002d5e: ee 01        	slli	gp, gp, 27
80002d60: 0f 01 8c 01  	<unknown>
80002d64: b1 00        	addi	ra, ra, 12
80002d66: aa 01        	slli	gp, gp, 10
80002d68: f4 01        	addi	a3, sp, 204
80002d6a: b0 02        	addi	a2, sp, 328
80002d6c: d0 01        	addi	a2, sp, 196
80002d6e: dc 01        	addi	a5, sp, 196
80002d70: fe 01        	slli	gp, gp, 31
80002d72: 89 00        	addi	ra, ra, 2
80002d74: 11 00        	c.nop	4
80002d76: dd 00        	addi	ra, ra, 23
80002d78: a6 02        	slli	t0, t0, 9
80002d7a: 09 01        	addi	sp, sp, 2
80002d7c: d6 01        	slli	gp, gp, 21
80002d7e: 6c 01        	addi	a1, sp, 140
80002d80: cf 00 0b 01  	fnmadd.s	ft1, fs6, fa6, ft0, rne
80002d84: 98 02        	addi	a4, sp, 320
80002d86: f0 00        	addi	a2, sp, 76
80002d88: f4 01        	addi	a3, sp, 204
80002d8a: 3a 02        	slli	tp, tp, 14
80002d8c: 39 00        	c.nop	14
80002d8e: 25 00        	c.nop	9
80002d90: e2 01        	slli	gp, gp, 24
80002d92: 7f 01 6f 00  	<unknown>
80002d96: 18 02        	addi	a4, sp, 256
80002d98: 96 01        	slli	gp, gp, 5
80002d9a: 99 01        	addi	gp, gp, 6
80002d9c: ec 00        	addi	a1, sp, 76
80002d9e: d7 00 9c 02  	vadd.vv	v1, v9, v24
80002da2: 01 01        	mv	sp, sp
80002da4: bb 02 cd 02  	mulw	t0, s10, a2
80002da8: e4 00        	addi	s1, sp, 76
80002daa: 26 01        	slli	sp, sp, 9
80002dac: c6 00        	slli	ra, ra, 17
80002dae: ab 02 0f 02  	<unknown>
80002db2: 3d 01        	addi	sp, sp, 15
80002db4: fc 00        	addi	a5, sp, 76
80002db6: d2 01        	slli	gp, gp, 20
80002db8: 12 01        	slli	sp, sp, 4
80002dba: 28 02        	addi	a0, sp, 264
80002dbc: 8a 01        	slli	gp, gp, 2
80002dbe: 41 02        	addi	tp, tp, 16
80002dc0: ac 01        	addi	a1, sp, 200
80002dc2: be 01        	slli	gp, gp, 15
80002dc4: 27 02 6b 00  	<unknown>
80002dc8: 93 02 60 00  	li	t0, 6
80002dcc: 72 01        	slli	sp, sp, 28
80002dce: 68 02        	addi	a0, sp, 268
80002dd0: 0b 00 83 00  	<unknown>
80002dd4: 7b 01 50 01  	<unknown>
80002dd8: 2c 02        	addi	a1, sp, 264
80002dda: 94 00        	addi	a3, sp, 64
80002ddc: 17 00 8c 01  	auipc	zero, 6336
80002de0: ca 02        	slli	t0, t0, 18
80002de2: 0f 00 32 02  	<unknown>
80002de6: 85 00        	addi	ra, ra, 1
80002de8: 2b 02 1e 00  	<unknown>
80002dec: 33 00 0c 00  	add	zero, s8, zero
80002df0: d9 01        	addi	gp, gp, 22
80002df2: 70 01        	addi	a2, sp, 140
80002df4: 76 00        	c.slli	zero, 29
80002df6: a8 02        	addi	a0, sp, 328
80002df8: 25 02        	addi	tp, tp, 9
80002dfa: b2 01        	slli	gp, gp, 12
80002dfc: 77 00 54 00  	<unknown>
80002e00: 39 00        	c.nop	14
80002e02: 4d 01        	addi	sp, sp, 19
80002e04: 8d 01        	addi	gp, gp, 3
80002e06: 39 01        	addi	sp, sp, 14
80002e08: 9f 00 69 00  	<unknown>
80002e0c: 6c 00        	addi	a1, sp, 12
80002e0e: 1c 00        	<unknown>
80002e10: 3b 00 c8 02  	mulw	zero, a6, a2
80002e14: 34 01        	addi	a3, sp, 136
80002e16: f8 00        	addi	a4, sp, 76
80002e18: 62 00        	c.slli	zero, 24
80002e1a: fa 01        	slli	gp, gp, 30
80002e1c: 9d 01        	addi	gp, gp, 7
80002e1e: 37 01 df 00  	lui	sp, 3568
80002e22: f6 01        	slli	gp, gp, 29
80002e24: 74 01        	addi	a3, sp, 140
80002e26: b7 01 47 01  	lui	gp, 5232
80002e2a: a1 02        	addi	t0, t0, 8
80002e2c: c8 02        	addi	a0, sp, 324
80002e2e: 1d 00        	c.nop	7
80002e30: 1c 02        	addi	a5, sp, 256
80002e32: b6 01        	slli	gp, gp, 13
80002e34: 10 00        	<unknown>
80002e36: 0f 02 5c 01  	<unknown>
80002e3a: 04 02        	addi	s1, sp, 256
80002e3c: 11 01        	addi	sp, sp, 4
80002e3e: ae 00        	slli	ra, ra, 11
80002e40: bc 02        	addi	a5, sp, 328
80002e42: 81 01        	mv	gp, gp
80002e44: 6f 02 dd 01  	jal	tp, 0x800d3660 <timer+0xcb720>
80002e48: ff 01 11 02  	<unknown>
80002e4c: 61 02        	addi	tp, tp, 24
80002e4e: b0 00        	addi	a2, sp, 72
80002e50: a7 00 da 00  	<unknown>
80002e54: 0c 00        	<unknown>
80002e56: 30 02        	addi	a2, sp, 264
80002e58: c2 02        	slli	t0, t0, 16
80002e5a: 97 00 45 00  	auipc	ra, 1104
80002e5e: 01 02        	mv	tp, tp
80002e60: 2a 02        	slli	tp, tp, 10
80002e62: 98 01        	addi	a4, sp, 192
80002e64: 57 00 ec 01  	vadd.vv	v0, v30, v24, v0.t
80002e68: 9e 02        	slli	t0, t0, 7
80002e6a: 8b 00 c7 01  	<unknown>
80002e6e: 3a 01        	slli	sp, sp, 14
80002e70: e5 00        	addi	ra, ra, 25
80002e72: 8e 00        	slli	ra, ra, 3
80002e74: 31 01        	addi	sp, sp, 12
80002e76: ec 01        	addi	a1, sp, 204
80002e78: 5c 02        	addi	a5, sp, 260
80002e7a: 8f 00 3b 01  	<unknown>
80002e7e: 34 01        	addi	a3, sp, 136
80002e80: a9 01        	addi	gp, gp, 10
80002e82: 3b 01 09 02  	mulw	sp, s2, zero
80002e86: 52 01        	slli	sp, sp, 20
80002e88: 61 00        	c.nop	24
80002e8a: a0 02        	addi	s0, sp, 328
80002e8c: 54 01        	addi	a3, sp, 132
80002e8e: d9 00        	addi	ra, ra, 22
80002e90: 73 00 90 00  	<unknown>
80002e94: a1 02        	addi	t0, t0, 8
80002e96: 49 02        	addi	tp, tp, 18
80002e98: c0 01        	addi	s0, sp, 196
80002e9a: d7 01 cc 00  	vadd.vv	v3, v12, v24, v0.t
80002e9e: a6 01        	slli	gp, gp, 9
80002ea0: 4b 02 3e 01  	fnmsub.s	ft4, ft8, fs3, ft0, rne
80002ea4: 06 00        	c.slli	zero, 1
80002ea6: 27 01 35 01  	<unknown>
80002eaa: 36 00        	c.slli	zero, 13
80002eac: d8 00        	addi	a4, sp, 68
80002eae: fc 01        	addi	a5, sp, 204
80002eb0: 86 02        	slli	t0, t0, 1
80002eb2: 0b 02 91 02  	<unknown>
80002eb6: f6 01        	slli	gp, gp, 29
80002eb8: 40 02        	addi	s0, sp, 260
80002eba: 79 00        	c.nop	30
80002ebc: dd 00        	addi	ra, ra, 23
80002ebe: ee 01        	slli	gp, gp, 27
80002ec0: 0d 01        	addi	sp, sp, 3
80002ec2: ac 02        	addi	a1, sp, 328
80002ec4: bd 02        	addi	t0, t0, 15
80002ec6: 55 01        	addi	sp, sp, 21
80002ec8: 31 02        	addi	tp, tp, 12
80002eca: 82 00        	c.slli64	ra
80002ecc: d1 00        	addi	ra, ra, 20
80002ece: e9 01        	addi	gp, gp, 26
80002ed0: f0 00        	addi	a2, sp, 76
80002ed2: ed 01        	addi	gp, gp, 27
80002ed4: 8f 01 4d 02  	<unknown>
80002ed8: 3d 01        	addi	sp, sp, 15
80002eda: ab 02 5f 01  	<unknown>
80002ede: 23 01 11 01  	sb	a7, 2(sp)
80002ee2: 05 02        	addi	tp, tp, 1
80002ee4: 03 00 a4 01  	lb	zero, 26(s0)
80002ee8: 6b 02 e5 01  	<unknown>
80002eec: 02 01        	c.slli64	sp
80002eee: 5d 02        	addi	tp, tp, 23
80002ef0: 26 01        	slli	sp, sp, 9
80002ef2: 78 01        	addi	a4, sp, 140
80002ef4: 45 01        	addi	sp, sp, 17
80002ef6: 80 02        	addi	s0, sp, 320
80002ef8: b3 02 20 00  	add	t0, zero, sp
80002efc: f5 01        	addi	gp, gp, 29
80002efe: c8 00        	addi	a0, sp, 68
80002f00: 51 01        	addi	sp, sp, 20
80002f02: 04 02        	addi	s1, sp, 256
80002f04: 82 02        	c.slli64	t0
80002f06: cd 02        	addi	t0, t0, 19
80002f08: 82 00        	c.slli64	ra
80002f0a: 33 00 f9 01  	add	zero, s2, t6
80002f0e: 92 00        	slli	ra, ra, 4
80002f10: 73 00 46 00  	<unknown>
80002f14: 74 02        	addi	a3, sp, 268
80002f16: 39 02        	addi	tp, tp, 14
80002f18: 8b 01 76 00  	<unknown>
80002f1c: 09 01        	addi	sp, sp, 2
80002f1e: 1c 01        	addi	a5, sp, 128
80002f20: 2e 00        	c.slli	zero, 11
80002f22: 6b 02 ba 02  	<unknown>
80002f26: f5 01        	addi	gp, gp, 29
80002f28: 65 01        	addi	sp, sp, 25
80002f2a: 8d 00        	addi	ra, ra, 3
80002f2c: db 00 2b 00  	<unknown>
80002f30: 34 01        	addi	a3, sp, 136
80002f32: 39 01        	addi	sp, sp, 14
80002f34: bf 00 9b 01  	<unknown>
80002f38: e2 00        	slli	ra, ra, 24
80002f3a: 7c 00        	addi	a5, sp, 12
80002f3c: 8d 00        	addi	ra, ra, 3
80002f3e: b4 01        	addi	a3, sp, 200
80002f40: e9 01        	addi	gp, gp, 26
80002f42: 4a 00        	c.slli	zero, 18
80002f44: 45 00        	c.nop	17
80002f46: 33 00 16 01  	add	zero, a2, a7
80002f4a: 66 00        	c.slli	zero, 25
80002f4c: a6 00        	slli	ra, ra, 9
80002f4e: 16 00        	c.slli	zero, 5
80002f50: f1 01        	addi	gp, gp, 28
80002f52: 73 00 82 01  	<unknown>
80002f56: 5d 01        	addi	sp, sp, 23
80002f58: bc 01        	addi	a5, sp, 200
80002f5a: 96 00        	slli	ra, ra, 5
80002f5c: 6f 00 7f 02  	j	0x800f3782 <timer+0xeb842>
80002f60: 22 02        	slli	tp, tp, 8
80002f62: 7f 00 24 02  	<unknown>
80002f66: 4d 01        	addi	sp, sp, 19
80002f68: ab 01 ed 00  	<unknown>
80002f6c: da 00        	slli	ra, ra, 22
80002f6e: 5a 01        	slli	sp, sp, 22
80002f70: d0 01        	addi	a2, sp, 196
80002f72: d2 02        	slli	t0, t0, 20
80002f74: d3 02 7f 01  	fadd.s	ft5, ft10, fs7, rne
80002f78: a7 01 1b 00  	<unknown>
80002f7c: c9 02        	addi	t0, t0, 18
80002f7e: 6e 01        	slli	sp, sp, 27
80002f80: 94 02        	addi	a3, sp, 320
80002f82: 68 02        	addi	a0, sp, 268
80002f84: 83 02 2f 00  	lb	t0, 2(t5)
80002f88: 30 00        	addi	a2, sp, 8
80002f8a: 8f 01 9b 01  	<unknown>
80002f8e: 71 02        	addi	tp, tp, 28
80002f90: 7c 00        	addi	a5, sp, 12
80002f92: 5b 02 fc 01  	<unknown>
80002f96: a9 00        	addi	ra, ra, 10
80002f98: b3 01 db 01  	add	gp, s6, t4
80002f9c: 4b 00 10 00  	fnmsub.s	ft0, ft0, ft1, ft0, rne
80002fa0: c0 02        	addi	s0, sp, 324
80002fa2: 04 01        	addi	s1, sp, 128
80002fa4: 3f 00 f1 01  	<unknown>
80002fa8: b7 02 46 00  	lui	t0, 1120
80002fac: 3a 02        	slli	tp, tp, 14
80002fae: e6 01        	slli	gp, gp, 25
80002fb0: dc 01        	addi	a5, sp, 196
80002fb2: 6c 00        	addi	a1, sp, 12
80002fb4: 4c 02        	addi	a1, sp, 260
80002fb6: ea 00        	slli	ra, ra, 26
80002fb8: c3 00 a5 00  	fmadd.s	ft1, fa0, fa0, ft0, rne
80002fbc: 2b 02 04 00  	<unknown>
80002fc0: 28 01        	addi	a0, sp, 136
80002fc2: 2a 00        	c.slli	zero, 10
80002fc4: 3e 02        	slli	tp, tp, 15
80002fc6: 08 01        	addi	a0, sp, 128
80002fc8: 0e 01        	slli	sp, sp, 3
80002fca: d3 01 51 01  	fadd.s	ft3, ft2, fs5, rne
80002fce: 39 02        	addi	tp, tp, 14
80002fd0: b2 02        	slli	t0, t0, 12
80002fd2: c6 02        	slli	t0, t0, 17
80002fd4: 94 01        	addi	a3, sp, 192
80002fd6: 00 02        	addi	s0, sp, 256
80002fd8: 22 00        	c.slli	zero, 8
80002fda: 4f 00 47 00  	fnmadd.s	ft0, fa4, ft4, ft0, rne
80002fde: ce 02        	slli	t0, t0, 19
80002fe0: 76 00        	c.slli	zero, 29
80002fe2: 16 00        	c.slli	zero, 5
80002fe4: 32 00        	c.slli	zero, 12
80002fe6: 04 01        	addi	s1, sp, 128
80002fe8: b2 02        	slli	t0, t0, 12
80002fea: 62 02        	slli	tp, tp, 24
80002fec: f5 00        	addi	ra, ra, 29
80002fee: 36 00        	c.slli	zero, 13
80002ff0: 54 01        	addi	a3, sp, 132
80002ff2: 65 02        	addi	tp, tp, 25
80002ff4: 0f 02 60 02  	<unknown>
80002ff8: db 00 2c 02  	<unknown>
80002ffc: 42 02        	slli	tp, tp, 16
80002ffe: 66 02        	slli	tp, tp, 25
80003000: 68 01        	addi	a0, sp, 140
80003002: 3f 02 62 02  	<unknown>
80003006: 3a 01        	slli	sp, sp, 14
80003008: 8b 00 7b 02  	<unknown>
8000300c: 95 02        	addi	t0, t0, 5
8000300e: 2d 02        	addi	tp, tp, 11
80003010: 42 02        	slli	tp, tp, 16
80003012: aa 02        	slli	t0, t0, 10
80003014: 8c 01        	addi	a1, sp, 192
80003016: 4d 02        	addi	tp, tp, 19
80003018: 7f 00 22 01  	<unknown>
8000301c: 50 02        	addi	a2, sp, 260
8000301e: cb 02 38 00  	fnmsub.s	ft5, fa6, ft3, ft0, rne
80003022: b7 00 2d 00  	lui	ra, 720
80003026: 87 02 5b 00  	<unknown>
8000302a: b1 00        	addi	ra, ra, 12
8000302c: 1c 00        	<unknown>
8000302e: 4c 02        	addi	a1, sp, 260
80003030: c3 01 8c 02  	fmadd.d	ft3, fs8, fs0, ft0, rne
80003034: 09 01        	addi	sp, sp, 2
80003036: 4f 02 48 01  	fnmadd.s	ft4, fa6, fs4, ft0, rne
8000303a: a4 00        	addi	s1, sp, 72
8000303c: 23 00 d0 02  	sb	a3, 32(zero)
80003040: f1 00        	addi	ra, ra, 28
80003042: 7e 01        	slli	sp, sp, 31
80003044: 19 01        	addi	sp, sp, 6
80003046: e2 00        	slli	ra, ra, 24
80003048: e0 00        	addi	s0, sp, 76
8000304a: c0 02        	addi	s0, sp, 324
8000304c: 00 02        	addi	s0, sp, 256
8000304e: 18 00        	<unknown>
80003050: b6 01        	slli	gp, gp, 13
80003052: eb 01 0b 00  	<unknown>
80003056: 9c 00        	addi	a5, sp, 64
80003058: cb 00 a9 00  	fnmsub.s	ft1, fs2, fa0, ft0, rne
8000305c: 12 00        	c.slli	zero, 4
8000305e: d8 01        	addi	a4, sp, 196
80003060: 1a 02        	slli	tp, tp, 6
80003062: 54 01        	addi	a3, sp, 132
80003064: 03 00 8a 01  	lb	zero, 24(s4)
80003068: 0d 01        	addi	sp, sp, 3
8000306a: 5d 01        	addi	sp, sp, 23
8000306c: 2f 01 a0 00  	<unknown>
80003070: 4a 00        	c.slli	zero, 18
80003072: 52 00        	c.slli	zero, 20
80003074: 2b 00 f8 00  	<unknown>
80003078: cf 02 5e 02  	fnmadd.d	ft5, ft8, ft5, ft0, rne
8000307c: 06 01        	slli	sp, sp, 1
8000307e: 14 01        	addi	a3, sp, 128
80003080: 19 00        	c.nop	6
80003082: 86 00        	slli	ra, ra, 1
80003084: 3b 00 34 01  	addw	zero, s0, s3
80003088: da 00        	slli	ra, ra, 22
8000308a: e7 00 83 00  	jalr	8(t1)
8000308e: 5c 00        	addi	a5, sp, 4
80003090: 9b 00 de 01  	addiw	ra, t3, 29
80003094: f1 01        	addi	gp, gp, 28
80003096: 2a 02        	slli	tp, tp, 10
80003098: 33 01 1a 02  	mul	sp, s4, ra
8000309c: 7f 02 47 00  	<unknown>
800030a0: 0e 01        	slli	sp, sp, 3
800030a2: f2 00        	slli	ra, ra, 28
800030a4: 13 00 aa 00  	addi	zero, s4, 10
800030a8: d9 00        	addi	ra, ra, 22
800030aa: 51 02        	addi	tp, tp, 20
800030ac: 98 01        	addi	a4, sp, 192
800030ae: ec 00        	addi	a1, sp, 76
800030b0: ae 00        	slli	ra, ra, 11
800030b2: 39 01        	addi	sp, sp, 14
800030b4: 97 01 b5 00  	auipc	gp, 2896
800030b8: 7d 00        	c.nop	31
800030ba: 89 02        	addi	t0, t0, 2
800030bc: ca 02        	slli	t0, t0, 18
800030be: f7 01 7b 00  	<unknown>
800030c2: 76 00        	c.slli	zero, 29
800030c4: 89 01        	addi	gp, gp, 2
800030c6: 2c 02        	addi	a1, sp, 264
800030c8: e2 01        	slli	gp, gp, 24
800030ca: e3 01 43 00  	beq	t1, tp, 0x800038cc <H_real_fxp+0xf6c>
800030ce: 7f 01 bf 01  	<unknown>
800030d2: 13 00 8d 00  	addi	zero, s10, 8
800030d6: a5 01        	addi	gp, gp, 9
800030d8: 1f 01 a0 02  	<unknown>
800030dc: a8 02        	addi	a0, sp, 328
800030de: 48 00        	addi	a0, sp, 4
800030e0: b3 00 38 02  	mul	ra, a6, gp
800030e4: 30 00        	addi	a2, sp, 8
800030e6: 37 02 f5 01  	lui	tp, 8016
800030ea: 95 01        	addi	gp, gp, 5
800030ec: d5 01        	addi	gp, gp, 21
800030ee: 33 00 1a 01  	add	zero, s4, a7
800030f2: c1 00        	addi	ra, ra, 16
800030f4: be 01        	slli	gp, gp, 15
800030f6: 57 02 51 02  	vadd.vv	v4, v5, v2
800030fa: df 00 e9 00  	<unknown>
800030fe: 09 02        	addi	tp, tp, 2
80003100: 5c 01        	addi	a5, sp, 132
80003102: da 00        	slli	ra, ra, 22
80003104: cb 02 b8 00  	fnmsub.s	ft5, fa6, fa1, ft0, rne
80003108: 33 02 78 01  	add	tp, a6, s7
8000310c: 46 00        	c.slli	zero, 17
8000310e: 7a 01        	slli	sp, sp, 30
80003110: 79 02        	addi	tp, tp, 30
80003112: 79 00        	c.nop	30
80003114: 52 01        	slli	sp, sp, 20
80003116: 3f 00 14 00  	<unknown>
8000311a: 32 00        	c.slli	zero, 12
8000311c: 83 02 4a 02  	lb	t0, 36(s4)
80003120: ec 01        	addi	a1, sp, 204
80003122: f3 00 e3 00  	<unknown>
80003126: 56 01        	slli	sp, sp, 21
80003128: d8 00        	addi	a4, sp, 68
8000312a: ba 00        	slli	ra, ra, 14
8000312c: 55 00        	c.nop	21
8000312e: 3b 01 80 01  	addw	sp, zero, s8
80003132: 67 01 52 02  	jalr	sp, 37(tp)
80003136: 9d 01        	addi	gp, gp, 7
80003138: d4 00        	addi	a3, sp, 68
8000313a: 7b 01 84 00  	<unknown>
8000313e: 27 00 8a 00  	<unknown>
80003142: 4b 01 3c 00  	fnmsub.s	ft2, fs8, ft3, ft0, rne
80003146: 2b 01 a8 00  	<unknown>
8000314a: 99 01        	addi	gp, gp, 6
8000314c: 43 00 25 02  	fmadd.d	ft0, fa0, ft2, ft0, rne
80003150: 62 02        	slli	tp, tp, 24
80003152: 82 00        	c.slli64	ra
80003154: 64 02        	addi	s1, sp, 268
80003156: 13 00 5d 00  	addi	zero, s10, 5
8000315a: 9d 00        	addi	ra, ra, 7
8000315c: 4f 02 b9 02  	fnmadd.d	ft4, fs2, fa1, ft0, rne
80003160: a5 02        	addi	t0, t0, 9
80003162: 5c 00        	addi	a5, sp, 4
80003164: f7 01 7a 02  	<unknown>
80003168: 36 00        	c.slli	zero, 13
8000316a: 3b 01 b0 02  	mulw	sp, zero, a1
8000316e: 8e 01        	slli	gp, gp, 3
80003170: 4c 00        	addi	a1, sp, 4
80003172: 18 02        	addi	a4, sp, 256
80003174: 53 00 b2 00  	fadd.s	ft0, ft4, fa1, rne
80003178: dd 00        	addi	ra, ra, 23
8000317a: 65 00        	c.nop	25
8000317c: d4 00        	addi	a3, sp, 68
8000317e: 00 01        	addi	s0, sp, 128
80003180: a2 02        	slli	t0, t0, 8
80003182: f8 00        	addi	a4, sp, 76
80003184: c9 01        	addi	gp, gp, 18
80003186: 92 00        	slli	ra, ra, 4
80003188: fe 00        	slli	ra, ra, 31
8000318a: ac 02        	addi	a1, sp, 328
8000318c: 67 02 70 02  	jalr	tp, 39(zero)
80003190: 16 01        	slli	sp, sp, 5
80003192: c5 01        	addi	gp, gp, 17
80003194: c9 02        	addi	t0, t0, 18
80003196: 7a 01        	slli	sp, sp, 30
80003198: 86 00        	slli	ra, ra, 1
8000319a: af 02 d1 02  	<unknown>
8000319e: 66 02        	slli	tp, tp, 25
800031a0: 31 01        	addi	sp, sp, 12
800031a2: 3c 01        	addi	a5, sp, 136
800031a4: 4b 02 0d 02  	fnmsub.d	ft4, fs10, ft0, ft0, rne
800031a8: c6 01        	slli	gp, gp, 17
800031aa: 8b 00 e1 00  	<unknown>
800031ae: 0c 00        	<unknown>
800031b0: 19 01        	addi	sp, sp, 6
800031b2: fd 01        	addi	gp, gp, 31
800031b4: 85 01        	addi	gp, gp, 1
800031b6: 84 02        	addi	s1, sp, 320
800031b8: f4 00        	addi	a3, sp, 76
800031ba: 24 01        	addi	s1, sp, 136
800031bc: ec 01        	addi	a1, sp, 204
800031be: ec 00        	addi	a1, sp, 76
800031c0: 3a 00        	c.slli	zero, 14
800031c2: a0 02        	addi	s0, sp, 328
800031c4: 9c 02        	addi	a5, sp, 320
800031c6: 77 02 ca 01  	<unknown>
800031ca: a0 02        	addi	s0, sp, 328
800031cc: 43 00 77 02  	fmadd.d	ft0, fa4, ft7, ft0, rne
800031d0: 8b 02 d1 01  	<unknown>
800031d4: 88 02        	addi	a0, sp, 320
800031d6: c7 00 08 02  	fmsub.d	ft1, fa6, ft0, ft0, rne
800031da: aa 01        	slli	gp, gp, 10
800031dc: 65 02        	addi	tp, tp, 25
800031de: 7f 00 49 00  	<unknown>
800031e2: 1a 00        	c.slli	zero, 6
800031e4: b0 01        	addi	a2, sp, 200
800031e6: cf 02 0b 02  	fnmadd.d	ft5, fs6, ft0, ft0, rne
800031ea: 94 01        	addi	a3, sp, 192
800031ec: a6 02        	slli	t0, t0, 9
800031ee: 48 00        	addi	a0, sp, 4
800031f0: 81 01        	mv	gp, gp
800031f2: 00 02        	addi	s0, sp, 256
800031f4: 78 02        	addi	a4, sp, 268
800031f6: 3b 00 57 01  	addw	zero, a4, s5
800031fa: da 00        	slli	ra, ra, 22
800031fc: 81 00        	mv	ra, ra
800031fe: e9 00        	addi	ra, ra, 26
80003200: ec 01        	addi	a1, sp, 204
80003202: c7 02 33 02  	fmsub.d	ft5, ft6, ft3, ft0, rne
80003206: 3a 01        	slli	sp, sp, 14
80003208: f8 01        	addi	a4, sp, 204
8000320a: 23 02 3e 01  	sb	s3, 4(t3)
8000320e: 2b 01 26 00  	<unknown>
80003212: 43 00 92 01  	fmadd.s	ft0, ft4, fs9, ft0, rne
80003216: 76 02        	slli	tp, tp, 29
80003218: 47 01 ac 02  	fmsub.d	ft2, fs8, fa0, ft0, rne
8000321c: aa 02        	slli	t0, t0, 10
8000321e: 64 00        	addi	s1, sp, 12
80003220: 2f 00 94 01  	<unknown>
80003224: 4c 01        	addi	a1, sp, 132
80003226: 92 02        	slli	t0, t0, 4
80003228: 91 00        	addi	ra, ra, 4
8000322a: 54 01        	addi	a3, sp, 132
8000322c: 93 02 99 01  	addi	t0, s2, 25
80003230: b4 01        	addi	a3, sp, 200
80003232: 3c 02        	addi	a5, sp, 264
80003234: 48 00        	addi	a0, sp, 4
80003236: 0c 02        	addi	a1, sp, 256
80003238: f4 00        	addi	a3, sp, 76
8000323a: 0c 01        	addi	a1, sp, 128
8000323c: e0 01        	addi	s0, sp, 204
8000323e: 9f 01 92 00  	<unknown>
80003242: c7 00 f5 01  	fmsub.s	ft1, fa0, ft11, ft0, rne
80003246: 99 01        	addi	gp, gp, 6
80003248: 06 02        	slli	tp, tp, 1
8000324a: 75 00        	c.nop	29
8000324c: 49 01        	addi	sp, sp, 18
8000324e: 2d 01        	addi	sp, sp, 11
80003250: 7d 00        	c.nop	31
80003252: 89 02        	addi	t0, t0, 2
80003254: ed 01        	addi	gp, gp, 27
80003256: 3f 01 94 02  	<unknown>
8000325a: 4c 00        	addi	a1, sp, 4
8000325c: 9d 00        	addi	ra, ra, 7
8000325e: 76 00        	c.slli	zero, 29
80003260: 1c 02        	addi	a5, sp, 256
80003262: b7 01 bb 01  	lui	gp, 7088
80003266: b0 01        	addi	a2, sp, 200
80003268: 8b 01 15 02  	<unknown>
8000326c: 8f 00 2b 00  	<unknown>
80003270: 83 01 28 02  	lb	gp, 34(a6)
80003274: e3 00 7b 00  	beq	s6, t2, 0x80003a74 <H_imag_fxp+0x114>
80003278: d9 00        	addi	ra, ra, 22
8000327a: 9c 00        	addi	a5, sp, 64
8000327c: 15 00        	c.nop	5
8000327e: 8d 00        	addi	ra, ra, 3
80003280: 0c 01        	addi	a1, sp, 128
80003282: b3 00 de 00  	add	ra, t3, a3
80003286: a1 01        	addi	gp, gp, 8
80003288: d5 00        	addi	ra, ra, 21
8000328a: 63 02 1e 00  	beq	t3, ra, 0x8000328e <H_real_fxp+0x92e>
8000328e: d4 01        	addi	a3, sp, 196
80003290: 7d 01        	addi	sp, sp, 31
80003292: bc 01        	addi	a5, sp, 200
80003294: bb 00 55 02  	mulw	ra, a0, t0
80003298: 08 00        	<unknown>
8000329a: 49 00        	c.nop	18
8000329c: 67 00 44 01  	jr	20(s0)
800032a0: 33 01 ca 00  	add	sp, s4, a2
800032a4: db 00 07 01  	<unknown>
800032a8: f5 00        	addi	ra, ra, 29
800032aa: 92 02        	slli	t0, t0, 4
800032ac: aa 01        	slli	gp, gp, 10
800032ae: 11 02        	addi	tp, tp, 4
800032b0: 3e 02        	slli	tp, tp, 15
800032b2: 8d 02        	addi	t0, t0, 3
800032b4: 4f 00 b9 01  	fnmadd.s	ft0, fs2, fs11, ft0, rne
800032b8: 6a 02        	slli	tp, tp, 26
800032ba: f3 00 62 01  	<unknown>
800032be: ce 02        	slli	t0, t0, 19
800032c0: 10 00        	<unknown>
800032c2: 89 02        	addi	t0, t0, 2
800032c4: 8f 02 b8 02  	<unknown>
800032c8: 3a 01        	slli	sp, sp, 14
800032ca: b8 00        	addi	a4, sp, 72
800032cc: 2c 00        	addi	a1, sp, 8
800032ce: 13 00 4b 00  	addi	zero, s6, 4
800032d2: 6e 02        	slli	tp, tp, 27
800032d4: e1 00        	addi	ra, ra, 24
800032d6: bb 01 01 01  	addw	gp, sp, a6
800032da: ad 01        	addi	gp, gp, 11
800032dc: 49 01        	addi	sp, sp, 18
800032de: 0f 02 c4 02  	<unknown>
800032e2: 51 00        	c.nop	20
800032e4: b4 01        	addi	a3, sp, 200
800032e6: bc 01        	addi	a5, sp, 200
800032e8: c6 00        	slli	ra, ra, 17
800032ea: 23 01 94 02  	sb	s1, 34(s0)
800032ee: 49 02        	addi	tp, tp, 18
800032f0: a8 00        	addi	a0, sp, 72
800032f2: 60 01        	addi	s0, sp, 140
800032f4: d4 00        	addi	a3, sp, 68
800032f6: 49 01        	addi	sp, sp, 18
800032f8: d6 00        	slli	ra, ra, 21
800032fa: 6e 02        	slli	tp, tp, 27
800032fc: 66 02        	slli	tp, tp, 25
800032fe: 8c 02        	addi	a1, sp, 320
80003300: 71 01        	addi	sp, sp, 28
80003302: 60 00        	addi	s0, sp, 12
80003304: 4c 01        	addi	a1, sp, 132
80003306: 17 02 2b 02  	auipc	tp, 8880
8000330a: 2b 02 a0 01  	<unknown>
8000330e: 4b 00 19 00  	fnmsub.s	ft0, fs2, ft1, ft0, rne
80003312: 42 01        	slli	sp, sp, 16
80003314: 3e 02        	slli	tp, tp, 15
80003316: 28 02        	addi	a0, sp, 264
80003318: e6 00        	slli	ra, ra, 25
8000331a: 90 01        	addi	a2, sp, 192
8000331c: d4 00        	addi	a3, sp, 68
8000331e: 0f 00 27 01  	<unknown>
80003322: 09 01        	addi	sp, sp, 2
80003324: 66 02        	slli	tp, tp, 25
80003326: b3 00 48 00  	add	ra, a6, tp
8000332a: 29 00        	c.nop	10
8000332c: 4b 00 24 02  	fnmsub.d	ft0, fs0, ft2, ft0, rne
80003330: a1 02        	addi	t0, t0, 8
80003332: 41 02        	addi	tp, tp, 16
80003334: 83 02 eb 01  	lb	t0, 30(s6)
80003338: aa 00        	slli	ra, ra, 10
8000333a: d1 01        	addi	gp, gp, 20
8000333c: 9c 02        	addi	a5, sp, 320
8000333e: 85 02        	addi	t0, t0, 1
80003340: 81 01        	mv	gp, gp
80003342: 8e 02        	slli	t0, t0, 3
80003344: 62 00        	c.slli	zero, 24
80003346: 26 01        	slli	sp, sp, 9
80003348: 89 01        	addi	gp, gp, 2
8000334a: 81 02        	mv	t0, t0
8000334c: b4 00        	addi	a3, sp, 72
8000334e: 11 02        	addi	tp, tp, 4
80003350: b9 01        	addi	gp, gp, 14
80003352: 1c 02        	addi	a5, sp, 256
80003354: 11 02        	addi	tp, tp, 4
80003356: c8 02        	addi	a0, sp, 324
80003358: d0 00        	addi	a2, sp, 68
8000335a: 5a 01        	slli	sp, sp, 22
8000335c: f7 01 d4 01  	<unknown>
80003360: 0e 01        	slli	sp, sp, 3
80003362: b5 01        	addi	gp, gp, 13
80003364: a8 02        	addi	a0, sp, 328
80003366: 05 00        	c.nop	1
80003368: 23 01 50 02  	sb	t0, 34(zero)
8000336c: a4 00        	addi	s1, sp, 72
8000336e: 38 02        	addi	a4, sp, 264
80003370: 5b 01 c2 02  	<unknown>
80003374: 68 01        	addi	a0, sp, 140
80003376: 4a 02        	slli	tp, tp, 18
80003378: a8 00        	addi	a0, sp, 72
8000337a: f8 00        	addi	a4, sp, 76
8000337c: 7d 01        	addi	sp, sp, 31
8000337e: bd 02        	addi	t0, t0, 15
80003380: f9 01        	addi	gp, gp, 30
80003382: b5 01        	addi	gp, gp, 13
80003384: fa 00        	slli	ra, ra, 30
80003386: dd 00        	addi	ra, ra, 23
80003388: bf 00 8c 02  	<unknown>
8000338c: c6 01        	slli	gp, gp, 17
8000338e: 8b 00 8b 02  	<unknown>
80003392: 5f 00 cc 02  	<unknown>
80003396: 6b 02 41 02  	<unknown>
8000339a: 2e 01        	slli	sp, sp, 11
8000339c: 70 00        	addi	a2, sp, 12
8000339e: 81 01        	mv	gp, gp
800033a0: 17 01 b3 01  	auipc	sp, 6960
800033a4: 2f 02 d5 01  	<unknown>
800033a8: 4e 00        	c.slli	zero, 19
800033aa: d7 00 7b 02  	vadd.vv	v1, v7, v22
800033ae: 8f 01 49 01  	<unknown>
800033b2: a1 02        	addi	t0, t0, 8
800033b4: 1f 01 c1 00  	<unknown>
800033b8: cf 00 b8 00  	fnmadd.s	ft1, fa6, fa1, ft0, rne
800033bc: b3 01 27 02  	mul	gp, a4, sp
800033c0: 0f 02 74 00  	<unknown>
800033c4: 40 00        	addi	s0, sp, 4
800033c6: 0d 00        	c.nop	3
800033c8: d4 01        	addi	a3, sp, 196
800033ca: 17 00 9c 02  	auipc	zero, 10688
800033ce: 77 00 a8 01  	<unknown>
800033d2: b8 02        	addi	a4, sp, 328
800033d4: 59 00        	c.nop	22
800033d6: 6a 00        	c.slli	zero, 26
800033d8: 66 00        	c.slli	zero, 25
800033da: 87 01 86 01  	<unknown>
800033de: 50 00        	addi	a2, sp, 4
800033e0: 0e 00        	c.slli	zero, 3
800033e2: 80 00        	addi	s0, sp, 64
800033e4: 94 02        	addi	a3, sp, 320
800033e6: d8 00        	addi	a4, sp, 68
800033e8: 1f 00 9d 01  	<unknown>
800033ec: f7 00 f2 01  	<unknown>
800033f0: 73 00 0e 02  	<unknown>
800033f4: 75 00        	c.nop	29
800033f6: 50 01        	addi	a2, sp, 132
800033f8: a4 00        	addi	s1, sp, 72
800033fa: 4a 00        	c.slli	zero, 18
800033fc: 19 02        	addi	tp, tp, 6
800033fe: 0e 00        	c.slli	zero, 3
80003400: 95 02        	addi	t0, t0, 5
80003402: 74 00        	addi	a3, sp, 12
80003404: e0 00        	addi	s0, sp, 76
80003406: be 01        	slli	gp, gp, 15
80003408: d4 00        	addi	a3, sp, 68
8000340a: 4e 00        	c.slli	zero, 19
8000340c: 54 01        	addi	a3, sp, 132
8000340e: e3 01 4d 01  	beq	s10, s4, 0x80003c10 <H_imag_fxp+0x2b0>
80003412: 02 02        	c.slli64	tp
80003414: 73 01 63 01  	<unknown>
80003418: 49 01        	addi	sp, sp, 18
8000341a: de 01        	slli	gp, gp, 23
8000341c: 33 00 55 00  	add	zero, a0, t0
80003420: 35 00        	c.nop	13
80003422: 92 01        	slli	gp, gp, 4
80003424: 98 00        	addi	a4, sp, 64
80003426: 9d 01        	addi	gp, gp, 7
80003428: 9f 01 b3 00  	<unknown>
8000342c: 5a 00        	c.slli	zero, 22
8000342e: b8 01        	addi	a4, sp, 200
80003430: 0c 00        	<unknown>
80003432: 17 00 b2 01  	auipc	zero, 6944
80003436: 42 02        	slli	tp, tp, 16
80003438: 71 02        	addi	tp, tp, 28
8000343a: 8c 00        	addi	a1, sp, 64
8000343c: b5 02        	addi	t0, t0, 13
8000343e: f5 01        	addi	gp, gp, 29
80003440: 83 02 d2 01  	lb	t0, 29(tp)
80003444: c1 00        	addi	ra, ra, 16
80003446: a3 01 2b 02  	sb	sp, 35(s6)
8000344a: e0 00        	addi	s0, sp, 76
8000344c: 5c 01        	addi	a5, sp, 132
8000344e: 94 00        	addi	a3, sp, 64
80003450: cd 02        	addi	t0, t0, 19
80003452: 78 02        	addi	a4, sp, 268
80003454: 00 00        	unimp	
80003456: 09 01        	addi	sp, sp, 2
80003458: 80 00        	addi	s0, sp, 64
8000345a: a5 01        	addi	gp, gp, 9
8000345c: 5f 00 c6 02  	<unknown>
80003460: 0d 02        	addi	tp, tp, 3
80003462: e8 01        	addi	a0, sp, 204
80003464: 8c 00        	addi	a1, sp, 64
80003466: 2f 01 fe 01  	<unknown>
8000346a: 29 01        	addi	sp, sp, 10
8000346c: 51 01        	addi	sp, sp, 20
8000346e: 65 00        	c.nop	25
80003470: 3a 01        	slli	sp, sp, 14
80003472: 5b 01 97 01  	<unknown>
80003476: 2d 01        	addi	sp, sp, 11
80003478: 33 01 44 00  	add	sp, s0, tp
8000347c: 5d 02        	addi	tp, tp, 23
8000347e: 4d 01        	addi	sp, sp, 19
80003480: 17 02 2a 00  	auipc	tp, 672
80003484: 74 00        	addi	a3, sp, 12
80003486: 8c 00        	addi	a1, sp, 64
80003488: dd 00        	addi	ra, ra, 23
8000348a: ac 00        	addi	a1, sp, 72
8000348c: cf 02 e7 00  	fnmadd.s	ft5, fa4, fa4, ft0, rne
80003490: 8b 02 86 01  	<unknown>
80003494: d5 01        	addi	gp, gp, 21
80003496: 2a 01        	slli	sp, sp, 10
80003498: 13 01 1d 01  	addi	sp, s10, 17
8000349c: 07 02 b0 02  	vlm.v	v4, (zero)
800034a0: f8 01        	addi	a4, sp, 204
800034a2: e5 01        	addi	gp, gp, 25
800034a4: 36 00        	c.slli	zero, 13
800034a6: eb 00 84 01  	<unknown>
800034aa: 91 00        	addi	ra, ra, 4
800034ac: d2 02        	slli	t0, t0, 20
800034ae: 1b 00 bd 02  	addiw	zero, s10, 43
800034b2: a2 01        	slli	gp, gp, 8
800034b4: 4e 02        	slli	tp, tp, 19
800034b6: 78 01        	addi	a4, sp, 140
800034b8: 10 02        	addi	a2, sp, 256
800034ba: 51 02        	addi	tp, tp, 20
800034bc: 25 02        	addi	tp, tp, 9
800034be: 32 01        	slli	sp, sp, 12
800034c0: 2e 00        	c.slli	zero, 11
800034c2: 11 02        	addi	tp, tp, 4
800034c4: bd 00        	addi	ra, ra, 15
800034c6: c8 00        	addi	a0, sp, 68
800034c8: 40 00        	addi	s0, sp, 4
800034ca: 55 01        	addi	sp, sp, 21
800034cc: b1 02        	addi	t0, t0, 12
800034ce: 22 00        	c.slli	zero, 8
800034d0: c9 01        	addi	gp, gp, 18
800034d2: 6a 00        	c.slli	zero, 26
800034d4: cb 00 33 01  	fnmsub.s	ft1, ft6, fs3, ft0, rne
800034d8: 23 01 b4 02  	sb	a1, 34(s0)
800034dc: 33 00 0a 01  	add	zero, s4, a6
800034e0: 46 01        	slli	sp, sp, 17
800034e2: ad 00        	addi	ra, ra, 11
800034e4: 45 01        	addi	sp, sp, 17
800034e6: 93 00 d2 01  	addi	ra, tp, 29
800034ea: 59 02        	addi	tp, tp, 22
800034ec: a8 01        	addi	a0, sp, 200
800034ee: 57 01 15 02  	vadd.vv	v2, v1, v10
800034f2: 58 01        	addi	a4, sp, 132
800034f4: 16 00        	c.slli	zero, 5
800034f6: ca 01        	slli	gp, gp, 18
800034f8: fb 01 a4 02  	<unknown>
800034fc: 09 02        	addi	tp, tp, 2
800034fe: 91 02        	addi	t0, t0, 4
80003500: b9 00        	addi	ra, ra, 14
80003502: 37 00 50 02  	lui	zero, 9472
80003506: 57 02 a7 01  	vadd.vv	v4, v26, v14, v0.t
8000350a: 77 01 f7 00  	<unknown>
8000350e: fa 00        	slli	ra, ra, 30
80003510: 26 02        	slli	tp, tp, 9
80003512: df 01 ac 02  	<unknown>
80003516: c0 02        	addi	s0, sp, 324
80003518: 02 00        	c.slli64	zero
8000351a: 70 02        	addi	a2, sp, 268
8000351c: fa 00        	slli	ra, ra, 30
8000351e: 0d 00        	c.nop	3
80003520: 7b 02 be 00  	<unknown>
80003524: 1e 02        	slli	tp, tp, 7
80003526: b0 00        	addi	a2, sp, 72
80003528: 43 00 54 02  	fmadd.d	ft0, fs0, ft5, ft0, rne
8000352c: 1e 00        	c.slli	zero, 7
8000352e: 66 01        	slli	sp, sp, 25
80003530: 60 00        	addi	s0, sp, 12
80003532: f3 00 df 01  	<unknown>
80003536: 2e 00        	c.slli	zero, 11
80003538: b4 00        	addi	a3, sp, 72
8000353a: 2e 02        	slli	tp, tp, 11
8000353c: 03 00 b2 02  	lb	zero, 43(tp)
80003540: ab 01 10 01  	<unknown>
80003544: f5 00        	addi	ra, ra, 29
80003546: fe 00        	slli	ra, ra, 31
80003548: 84 00        	addi	s1, sp, 64
8000354a: 01 00        	nop
8000354c: 78 01        	addi	a4, sp, 140
8000354e: f7 00 43 01  	<unknown>
80003552: 61 00        	c.nop	24
80003554: 94 02        	addi	a3, sp, 320
80003556: 06 02        	slli	tp, tp, 1
80003558: 1f 00 b2 00  	<unknown>
8000355c: 37 02 fd 01  	lui	tp, 8144
80003560: 53 02 a1 02  	fadd.d	ft4, ft2, fa0, rne
80003564: 83 00 18 02  	lb	ra, 33(a6)
80003568: 94 00        	addi	a3, sp, 64
8000356a: e2 00        	slli	ra, ra, 24
8000356c: dc 01        	addi	a5, sp, 196
8000356e: 39 02        	addi	tp, tp, 14
80003570: e8 00        	addi	a0, sp, 76
80003572: 21 00        	c.nop	8
80003574: 6c 01        	addi	a1, sp, 140
80003576: 0f 02 5c 00  	<unknown>
8000357a: 4f 01 87 01  	fnmadd.s	ft2, fa4, fs8, ft0, rne
8000357e: 09 01        	addi	sp, sp, 2
80003580: 0d 02        	addi	tp, tp, 3
80003582: 0a 00        	c.slli	zero, 2
80003584: 0d 01        	addi	sp, sp, 3
80003586: 25 01        	addi	sp, sp, 9
80003588: 62 02        	slli	tp, tp, 24
8000358a: c7 01 27 01  	fmsub.s	ft3, fa4, fs2, ft0, rne
8000358e: 00 00        	unimp	
80003590: 0c 02        	addi	a1, sp, 256
80003592: de 00        	slli	ra, ra, 23
80003594: 90 02        	addi	a2, sp, 320
80003596: ad 02        	addi	t0, t0, 11
80003598: 85 00        	addi	ra, ra, 1
8000359a: 89 01        	addi	gp, gp, 2
8000359c: d1 01        	addi	gp, gp, 20
8000359e: 3e 02        	slli	tp, tp, 15
800035a0: 49 00        	c.nop	18
800035a2: 4d 00        	c.nop	19
800035a4: 5e 00        	c.slli	zero, 23
800035a6: 8f 02 69 02  	<unknown>
800035aa: 22 01        	slli	sp, sp, 8
800035ac: ee 00        	slli	ra, ra, 27
800035ae: 7e 01        	slli	sp, sp, 31
800035b0: a8 02        	addi	a0, sp, 328
800035b2: cb 00 38 02  	fnmsub.d	ft1, fa6, ft3, ft0, rne
800035b6: d8 01        	addi	a4, sp, 196
800035b8: 6d 02        	addi	tp, tp, 27
800035ba: a9 00        	addi	ra, ra, 10
800035bc: 3c 01        	addi	a5, sp, 136
800035be: c3 01 c1 02  	fmadd.d	ft3, ft2, fa2, ft0, rne
800035c2: 6b 00 7f 00  	<unknown>
800035c6: ce 01        	slli	gp, gp, 19
800035c8: 6e 02        	slli	tp, tp, 27
800035ca: 7f 01 7e 00  	<unknown>
800035ce: 07 01 d5 01  	<unknown>
800035d2: 41 01        	addi	sp, sp, 16
800035d4: 1f 01 db 00  	<unknown>
800035d8: 70 01        	addi	a2, sp, 140
800035da: 2a 00        	c.slli	zero, 10
800035dc: 48 00        	addi	a0, sp, 4
800035de: ed 01        	addi	gp, gp, 27
800035e0: 6a 02        	slli	tp, tp, 26
800035e2: 57 02 50 01  	vadd.vv	v4, v21, v0, v0.t
800035e6: 6b 00 5b 02  	<unknown>
800035ea: 0b 02 73 01  	<unknown>
800035ee: 32 00        	c.slli	zero, 12
800035f0: b2 01        	slli	gp, gp, 12
800035f2: 94 01        	addi	a3, sp, 192
800035f4: c6 02        	slli	t0, t0, 17
800035f6: 5d 00        	c.nop	23
800035f8: 38 01        	addi	a4, sp, 136
800035fa: ad 01        	addi	gp, gp, 11
800035fc: 2e 01        	slli	sp, sp, 11
800035fe: 2d 01        	addi	sp, sp, 11
80003600: d1 01        	addi	gp, gp, 20
80003602: 43 02 87 01  	fmadd.s	ft4, fa4, fs8, ft0, rne
80003606: 68 02        	addi	a0, sp, 268
80003608: 43 01 31 01  	fmadd.s	ft2, ft2, fs3, ft0, rne
8000360c: 4a 01        	slli	sp, sp, 18
8000360e: 92 00        	slli	ra, ra, 4
80003610: 98 02        	addi	a4, sp, 320
80003612: 68 02        	addi	a0, sp, 268
80003614: ed 00        	addi	ra, ra, 27
80003616: 5c 02        	addi	a5, sp, 260
80003618: e6 01        	slli	gp, gp, 25
8000361a: d9 00        	addi	ra, ra, 22
8000361c: e1 01        	addi	gp, gp, 24
8000361e: 05 00        	c.nop	1
80003620: 22 01        	slli	sp, sp, 8
80003622: 3d 00        	c.nop	15
80003624: 3d 02        	addi	tp, tp, 15
80003626: 4f 00 21 01  	fnmadd.s	ft0, ft2, fs2, ft0, rne
8000362a: 97 01 78 01  	auipc	gp, 6016
8000362e: b7 01 2f 01  	lui	gp, 4848
80003632: c7 00 08 00  	fmsub.s	ft1, fa6, ft0, ft0, rne
80003636: 19 00        	c.nop	6
80003638: 8b 02 8c 01  	<unknown>
8000363c: 53 02 2c 02  	fadd.d	ft4, fs8, ft2, rne
80003640: 96 01        	slli	gp, gp, 5
80003642: 20 00        	addi	s0, sp, 8
80003644: 8c 02        	addi	a1, sp, 320
80003646: d4 00        	addi	a3, sp, 68
80003648: 8f 02 3a 00  	<unknown>
8000364c: ee 01        	slli	gp, gp, 27
8000364e: 52 01        	slli	sp, sp, 20
80003650: 86 01        	slli	gp, gp, 1
80003652: 06 00        	c.slli	zero, 1
80003654: 32 02        	slli	tp, tp, 12
80003656: 9b 02 44 02  	addiw	t0, s0, 36
8000365a: 68 01        	addi	a0, sp, 140
8000365c: 65 00        	c.nop	25
8000365e: cc 00        	addi	a1, sp, 68
80003660: 34 02        	addi	a3, sp, 264
80003662: b4 02        	addi	a3, sp, 328
80003664: 77 02 a3 01  	<unknown>
80003668: 22 01        	slli	sp, sp, 8
8000366a: 51 00        	c.nop	20
8000366c: 29 00        	c.nop	10
8000366e: ce 00        	slli	ra, ra, 19
80003670: ae 00        	slli	ra, ra, 11
80003672: a3 01 ef 01  	sb	t5, 3(t5)
80003676: 35 01        	addi	sp, sp, 13
80003678: 0c 02        	addi	a1, sp, 256
8000367a: be 02        	slli	t0, t0, 15
8000367c: fd 01        	addi	gp, gp, 31
8000367e: 53 00 4c 00  	fadd.s	ft0, fs8, ft4, rne
80003682: 03 00 12 02  	lb	zero, 33(tp)
80003686: 8b 01 b2 00  	<unknown>
8000368a: 60 02        	addi	s0, sp, 268
8000368c: b8 01        	addi	a4, sp, 200
8000368e: 09 01        	addi	sp, sp, 2
80003690: 5b 00 4a 02  	<unknown>
80003694: e7 00 a6 00  	jalr	10(a2)
80003698: 9e 00        	slli	ra, ra, 7
8000369a: f3 00 81 01  	<unknown>
8000369e: c0 02        	addi	s0, sp, 324
800036a0: 47 00 90 01  	fmsub.s	ft0, ft0, fs9, ft0, rne
800036a4: 7d 01        	addi	sp, sp, 31
800036a6: bd 01        	addi	gp, gp, 15
800036a8: fc 01        	addi	a5, sp, 204
800036aa: 58 02        	addi	a4, sp, 260
800036ac: 27 02 79 02  	<unknown>
800036b0: c8 01        	addi	a0, sp, 196
800036b2: 74 01        	addi	a3, sp, 140
800036b4: ec 00        	addi	a1, sp, 76
800036b6: 17 01 b0 01  	auipc	sp, 6912
800036ba: 37 02 1c 02  	lui	tp, 8640
800036be: 8c 01        	addi	a1, sp, 192
800036c0: 37 01 91 00  	lui	sp, 2320
800036c4: 89 00        	addi	ra, ra, 2
800036c6: dc 00        	addi	a5, sp, 68
800036c8: 75 02        	addi	tp, tp, 29
800036ca: 3e 00        	c.slli	zero, 15
800036cc: 05 01        	addi	sp, sp, 1
800036ce: 32 02        	slli	tp, tp, 12
800036d0: 95 01        	addi	gp, gp, 5
800036d2: 8b 01 34 01  	<unknown>
800036d6: 19 00        	c.nop	6
800036d8: bd 01        	addi	gp, gp, 15
800036da: 64 00        	addi	s1, sp, 12
800036dc: 03 01 6f 01  	lb	sp, 22(t5)
800036e0: 03 02 83 02  	lb	tp, 40(t1)
800036e4: 3f 02 58 00  	<unknown>
800036e8: da 01        	slli	gp, gp, 22
800036ea: b4 02        	addi	a3, sp, 328
800036ec: 7b 02 2e 00  	<unknown>
800036f0: 2a 02        	slli	tp, tp, 10
800036f2: 9b 00 cc 02  	addiw	ra, s8, 44
800036f6: 31 00        	c.nop	12
800036f8: 8b 02 82 00  	<unknown>
800036fc: 98 02        	addi	a4, sp, 320
800036fe: 85 02        	addi	t0, t0, 1
80003700: 03 02 48 01  	lb	tp, 20(a6)
80003704: 81 02        	mv	t0, t0
80003706: 4f 01 26 00  	fnmadd.s	ft2, fa2, ft2, ft0, rne
8000370a: 7d 01        	addi	sp, sp, 31
8000370c: 8b 02 dc 00  	<unknown>
80003710: b8 02        	addi	a4, sp, 328
80003712: d4 00        	addi	a3, sp, 68
80003714: e4 01        	addi	s1, sp, 204
80003716: 2e 02        	slli	tp, tp, 11
80003718: da 00        	slli	ra, ra, 22
8000371a: 03 00 7f 02  	lb	zero, 39(t5)
8000371e: 65 02        	addi	tp, tp, 25
80003720: 4a 01        	slli	sp, sp, 18
80003722: ff 01 61 00  	<unknown>
80003726: 41 00        	c.nop	16
80003728: df 01 7d 01  	<unknown>
8000372c: 36 00        	c.slli	zero, 13
8000372e: 9b 01 b0 02  	addiw	gp, zero, 43
80003732: 32 01        	slli	sp, sp, 12
80003734: a7 01 8e 01  	<unknown>
80003738: b6 01        	slli	gp, gp, 13
8000373a: f7 00 37 00  	<unknown>
8000373e: b6 02        	slli	t0, t0, 13
80003740: 2a 01        	slli	sp, sp, 10
80003742: 13 01 18 02  	addi	sp, a6, 33
80003746: bd 02        	addi	t0, t0, 15
80003748: 57 02 88 01  	vadd.vv	v4, v24, v16, v0.t
8000374c: f3 00 c7 01  	<unknown>
80003750: 30 01        	addi	a2, sp, 136
80003752: 22 02        	slli	tp, tp, 8
80003754: ed 00        	addi	ra, ra, 27
80003756: 31 01        	addi	sp, sp, 12
80003758: 28 02        	addi	a0, sp, 264
8000375a: ed 00        	addi	ra, ra, 27
8000375c: e8 01        	addi	a0, sp, 204
8000375e: 7f 02 7e 00  	<unknown>
80003762: 0c 01        	addi	a1, sp, 128
80003764: 0b 02 ad 01  	<unknown>
80003768: 23 02 69 02  	sb	t1, 36(s2)
8000376c: b6 01        	slli	gp, gp, 13
8000376e: 4b 00 32 02  	fnmsub.d	ft0, ft4, ft3, ft0, rne
80003772: 96 02        	slli	t0, t0, 5
80003774: e8 00        	addi	a0, sp, 76
80003776: 17 00 12 02  	auipc	zero, 8480
8000377a: 5b 02 2d 02  	<unknown>
8000377e: 2d 01        	addi	sp, sp, 11
80003780: 9e 01        	slli	gp, gp, 7
80003782: 53 02 47 01  	fadd.s	ft4, fa4, fs4, rne
80003786: 2e 01        	slli	sp, sp, 11
80003788: ae 01        	slli	gp, gp, 11
8000378a: 63 02 58 01  	beq	a6, s5, 0x8000378e <H_real_fxp+0xe2e>
8000378e: 5a 02        	slli	tp, tp, 22
80003790: ff 01 5d 01  	<unknown>
80003794: 3c 02        	addi	a5, sp, 264
80003796: bc 02        	addi	a5, sp, 328
80003798: 17 02 44 01  	auipc	tp, 5184
8000379c: b8 00        	addi	a4, sp, 72
8000379e: 81 01        	mv	gp, gp
800037a0: bd 00        	addi	ra, ra, 15
800037a2: 53 01 0e 00  	fadd.s	ft2, ft8, ft0, rne
800037a6: 6d 02        	addi	tp, tp, 27
800037a8: 49 00        	c.nop	18
800037aa: 24 00        	addi	s1, sp, 8
800037ac: d3 02 af 00  	fadd.s	ft5, ft10, fa0, rne
800037b0: 15 00        	c.nop	5
800037b2: 0f 01 fb 00  	<unknown>
800037b6: 08 02        	addi	a0, sp, 256
800037b8: 16 01        	slli	sp, sp, 5
800037ba: e6 01        	slli	gp, gp, 25
800037bc: af 02 a9 02  	<unknown>
800037c0: 88 02        	addi	a0, sp, 320
800037c2: b5 00        	addi	ra, ra, 13
800037c4: 0b 01 05 01  	<unknown>
800037c8: 60 01        	addi	s0, sp, 140
800037ca: 7b 00 b4 00  	<unknown>
800037ce: 14 00        	<unknown>
800037d0: 23 01 c5 02  	sb	a2, 34(a0)
800037d4: 28 00        	addi	a0, sp, 8
800037d6: ae 01        	slli	gp, gp, 11
800037d8: 1a 01        	slli	sp, sp, 6
800037da: 3c 00        	addi	a5, sp, 8
800037dc: 46 00        	c.slli	zero, 17
800037de: e3 01 96 00  	beq	a2, s1, 0x80003fe0 <H_imag_fxp+0x680>
800037e2: a6 02        	slli	t0, t0, 9
800037e4: 05 01        	addi	sp, sp, 1
800037e6: 7a 01        	slli	sp, sp, 30
800037e8: 15 01        	addi	sp, sp, 5
800037ea: 49 00        	c.nop	18
800037ec: 45 01        	addi	sp, sp, 17
800037ee: 0f 01 1e 00  	<unknown>
800037f2: a5 01        	addi	gp, gp, 9
800037f4: 63 01 1d 02  	beq	s10, ra, 0x80003816 <H_real_fxp+0xeb6>
800037f8: 68 00        	addi	a0, sp, 12
800037fa: 9f 00 0f 01  	<unknown>
800037fe: 0c 01        	addi	a1, sp, 128
80003800: 95 01        	addi	gp, gp, 5
80003802: 8d 01        	addi	gp, gp, 3
80003804: 09 01        	addi	sp, sp, 2
80003806: 1c 00        	<unknown>
80003808: 16 01        	slli	sp, sp, 5
8000380a: 45 01        	addi	sp, sp, 17
8000380c: fd 00        	addi	ra, ra, 31
8000380e: 4d 02        	addi	tp, tp, 19
80003810: 7e 01        	slli	sp, sp, 31
80003812: 5f 01 97 01  	<unknown>
80003816: 12 02        	slli	tp, tp, 4
80003818: d2 01        	slli	gp, gp, 20
8000381a: 7f 00 59 00  	<unknown>
8000381e: 1c 01        	addi	a5, sp, 128
80003820: 74 01        	addi	a3, sp, 140
80003822: a0 01        	addi	s0, sp, 200
80003824: fa 01        	slli	gp, gp, 30
80003826: bb 02 3d 00  	addw	t0, s10, gp
8000382a: c8 00        	addi	a0, sp, 68
8000382c: 2f 00 30 02  	<unknown>
80003830: 3e 00        	c.slli	zero, 15
80003832: 32 01        	slli	sp, sp, 12
80003834: 84 00        	addi	s1, sp, 64
80003836: c9 01        	addi	gp, gp, 18
80003838: 11 01        	addi	sp, sp, 4
8000383a: 5b 01 43 02  	<unknown>
8000383e: fc 00        	addi	a5, sp, 76
80003840: 31 02        	addi	tp, tp, 12
80003842: 18 01        	addi	a4, sp, 128
80003844: 08 01        	addi	a0, sp, 128
80003846: 12 02        	slli	tp, tp, 4
80003848: e1 00        	addi	ra, ra, 24
8000384a: ba 01        	slli	gp, gp, 14
8000384c: 24 00        	addi	s1, sp, 8
8000384e: 13 02 b2 02  	addi	tp, tp, 43
80003852: f2 00        	slli	ra, ra, 28
80003854: db 00 95 01  	<unknown>
80003858: 09 00        	c.nop	2
8000385a: 3a 00        	c.slli	zero, 14
8000385c: 05 02        	addi	tp, tp, 1
8000385e: 75 00        	c.nop	29
80003860: cf 02 8f 02  	fnmadd.d	ft5, ft10, fs0, ft0, rne
80003864: ab 00 a6 01  	<unknown>
80003868: b0 00        	addi	a2, sp, 72
8000386a: cc 02        	addi	a1, sp, 324
8000386c: 7b 02 eb 01  	<unknown>
80003870: 5d 00        	c.nop	23
80003872: 7a 02        	slli	tp, tp, 30
80003874: 80 01        	addi	s0, sp, 192
80003876: 60 00        	addi	s0, sp, 12
80003878: 21 00        	c.nop	8
8000387a: 63 01 8b 01  	beq	s6, s8, 0x8000387c <H_real_fxp+0xf1c>
8000387e: b4 00        	addi	a3, sp, 72
80003880: 62 01        	slli	sp, sp, 24
80003882: 10 01        	addi	a2, sp, 128
80003884: 64 00        	addi	s1, sp, 12
80003886: c8 01        	addi	a0, sp, 196
80003888: c1 01        	addi	gp, gp, 16
8000388a: 2e 02        	slli	tp, tp, 11
8000388c: 78 01        	addi	a4, sp, 140
8000388e: 1e 01        	slli	sp, sp, 7
80003890: 63 00 51 00  	beq	sp, t0, 0x80003890 <H_real_fxp+0xf30>
80003894: 63 01 74 00  	beq	s0, t2, 0x80003896 <H_real_fxp+0xf36>
80003898: 24 00        	addi	s1, sp, 8
8000389a: d4 01        	addi	a3, sp, 196
8000389c: 62 02        	slli	tp, tp, 24
8000389e: 64 01        	addi	s1, sp, 140
800038a0: 3d 01        	addi	sp, sp, 15
800038a2: 21 01        	addi	sp, sp, 8
800038a4: fc 00        	addi	a5, sp, 76
800038a6: b6 00        	slli	ra, ra, 13
800038a8: d6 01        	slli	gp, gp, 21
800038aa: ba 00        	slli	ra, ra, 14
800038ac: bd 02        	addi	t0, t0, 15
800038ae: 4f 00 5d 02  	fnmadd.d	ft0, fs10, ft5, ft0, rne
800038b2: b3 01 60 00  	add	gp, zero, t1
800038b6: 02 00        	c.slli64	zero
800038b8: 5e 02        	slli	tp, tp, 23
800038ba: bb 00 40 02  	mulw	ra, zero, tp
800038be: ad 02        	addi	t0, t0, 11
800038c0: e4 01        	addi	s1, sp, 204
800038c2: 86 00        	slli	ra, ra, 1
800038c4: c1 02        	addi	t0, t0, 16
800038c6: 79 02        	addi	tp, tp, 30
800038c8: 96 00        	slli	ra, ra, 5
800038ca: 89 00        	addi	ra, ra, 2
800038cc: 1d 00        	c.nop	7
800038ce: a4 01        	addi	s1, sp, 200
800038d0: b0 01        	addi	a2, sp, 200
800038d2: b4 00        	addi	a3, sp, 72
800038d4: 08 02        	addi	a0, sp, 256
800038d6: 69 00        	c.nop	26
800038d8: 88 01        	addi	a0, sp, 192
800038da: 65 01        	addi	sp, sp, 25
800038dc: 7c 01        	addi	a5, sp, 140
800038de: 6e 00        	c.slli	zero, 27
800038e0: 3f 01 09 02  	<unknown>
800038e4: 46 01        	slli	sp, sp, 17
800038e6: 7f 02 34 00  	<unknown>
800038ea: 47 02 31 00  	fmsub.s	ft4, ft2, ft3, ft0, rne
800038ee: 16 02        	slli	tp, tp, 5
800038f0: 94 02        	addi	a3, sp, 320
800038f2: 58 02        	addi	a4, sp, 260
800038f4: 40 02        	addi	s0, sp, 260
800038f6: 9d 01        	addi	gp, gp, 7
800038f8: c6 02        	slli	t0, t0, 17
800038fa: bd 01        	addi	gp, gp, 15
800038fc: ff 01 46 00  	<unknown>
80003900: 15 02        	addi	tp, tp, 5
80003902: 28 01        	addi	a0, sp, 136
80003904: 2b 01 7f 02  	<unknown>
80003908: a0 00        	addi	s0, sp, 72
8000390a: ce 01        	slli	gp, gp, 19
8000390c: 57 02 71 01  	vadd.vv	v4, v23, v2, v0.t
80003910: 07 02 87 00  	<unknown>
80003914: 75 00        	c.nop	29
80003916: 99 02        	addi	t0, t0, 6
80003918: 12 02        	slli	tp, tp, 4
8000391a: 9b 02 b2 02  	addiw	t0, tp, 43
8000391e: ac 00        	addi	a1, sp, 72
80003920: 50 00        	addi	a2, sp, 4
80003922: 4e 01        	slli	sp, sp, 19
80003924: 44 02        	addi	s1, sp, 260
80003926: 2b 01 87 00  	<unknown>
8000392a: 67 00 6f 00  	jr	6(t5)
8000392e: 6a 01        	slli	sp, sp, 26
80003930: c0 00        	addi	s0, sp, 68
80003932: 5b 00 8f 02  	<unknown>
80003936: 9d 00        	addi	ra, ra, 7
80003938: 5c 00        	addi	a5, sp, 4
8000393a: 33 01 f3 01  	add	sp, t1, t6
8000393e: d3 02 5b 00  	fadd.s	ft5, fs6, ft5, rne
80003942: a2 00        	slli	ra, ra, 8
80003944: 5a 02        	slli	tp, tp, 22
80003946: 47 00 ad 00  	fmsub.s	ft0, fs10, fa0, ft0, rne
8000394a: 63 00 14 01  	beq	s0, a7, 0x8000394a <H_real_fxp+0xfea>
8000394e: 2a 00        	c.slli	zero, 10
80003950: 22 02        	slli	tp, tp, 8
80003952: 50 02        	addi	a2, sp, 260
80003954: 32 01        	slli	sp, sp, 12
80003956: ae 02        	slli	t0, t0, 11
80003958: ba 01        	slli	gp, gp, 14
8000395a: 7f 01 17 00  	<unknown>
8000395e: 35 01        	addi	sp, sp, 13

0000000080003960 <H_imag_fxp>:
80003960: 3a 02        	slli	tp, tp, 14
80003962: db 00 2e 02  	<unknown>
80003966: 6a 01        	slli	sp, sp, 26
80003968: a2 00        	slli	ra, ra, 8
8000396a: b1 00        	addi	ra, ra, 12
8000396c: 56 01        	slli	sp, sp, 21
8000396e: cd 02        	addi	t0, t0, 19
80003970: c7 01 22 02  	fmsub.d	ft3, ft4, ft2, ft0, rne
80003974: 05 02        	addi	tp, tp, 1
80003976: 25 02        	addi	tp, tp, 9
80003978: 72 02        	slli	tp, tp, 28
8000397a: 76 02        	slli	tp, tp, 29
8000397c: 5a 01        	slli	sp, sp, 22
8000397e: 3d 01        	addi	sp, sp, 15
80003980: 0f 02 ac 00  	<unknown>
80003984: 17 01 5d 01  	auipc	sp, 5584
80003988: 83 02 59 02  	lb	t0, 37(s2)
8000398c: 54 00        	addi	a3, sp, 4
8000398e: e4 00        	addi	s1, sp, 76
80003990: 1d 00        	c.nop	7
80003992: 9e 02        	slli	t0, t0, 7
80003994: 69 01        	addi	sp, sp, 26
80003996: b7 02 34 00  	lui	t0, 832
8000399a: 6d 02        	addi	tp, tp, 27
8000399c: 77 00 f4 00  	<unknown>
800039a0: b9 02        	addi	t0, t0, 14
800039a2: aa 01        	slli	gp, gp, 10
800039a4: 0c 02        	addi	a1, sp, 256
800039a6: 30 01        	addi	a2, sp, 136
800039a8: d4 02        	addi	a3, sp, 324
800039aa: 07 01 92 02  	<unknown>
800039ae: 78 00        	addi	a4, sp, 12
800039b0: 7e 00        	c.slli	zero, 31
800039b2: 9f 00 4a 00  	<unknown>
800039b6: 79 01        	addi	sp, sp, 30
800039b8: 7e 00        	c.slli	zero, 31
800039ba: a9 02        	addi	t0, t0, 10
800039bc: 93 01 ce 00  	addi	gp, t3, 12
800039c0: 67 02 f9 00  	jalr	tp, 15(s2)
800039c4: 6b 00 c5 00  	<unknown>
800039c8: 1f 00 33 01  	<unknown>
800039cc: b9 01        	addi	gp, gp, 14
800039ce: ef 00 08 02  	jal	0x800839ee <timer+0x7baae>
800039d2: 78 01        	addi	a4, sp, 140
800039d4: 16 01        	slli	sp, sp, 5
800039d6: 37 01 32 01  	lui	sp, 4896
800039da: bd 02        	addi	t0, t0, 15
800039dc: 36 01        	slli	sp, sp, 13
800039de: 19 00        	c.nop	6
800039e0: 9a 01        	slli	gp, gp, 6
800039e2: c9 00        	addi	ra, ra, 18
800039e4: 85 01        	addi	gp, gp, 1
800039e6: 32 01        	slli	sp, sp, 12
800039e8: 9e 00        	slli	ra, ra, 7
800039ea: 81 02        	mv	t0, t0
800039ec: 70 00        	addi	a2, sp, 12
800039ee: 4e 01        	slli	sp, sp, 19
800039f0: 6d 01        	addi	sp, sp, 27
800039f2: f9 01        	addi	gp, gp, 30
800039f4: 4c 00        	addi	a1, sp, 4
800039f6: ca 02        	slli	t0, t0, 18
800039f8: 94 00        	addi	a3, sp, 64
800039fa: 15 02        	addi	tp, tp, 5
800039fc: 3b 01 f0 00  	addw	sp, zero, a5
80003a00: a4 02        	addi	s1, sp, 328
80003a02: 2c 00        	addi	a1, sp, 8
80003a04: 82 00        	c.slli64	ra
80003a06: 6b 02 87 01  	<unknown>
80003a0a: 94 01        	addi	a3, sp, 192
80003a0c: 70 02        	addi	a2, sp, 268
80003a0e: 67 00 0e 02  	jr	32(t3)
80003a12: 06 00        	c.slli	zero, 1
80003a14: a3 00 e9 00  	sb	a4, 1(s2)
80003a18: e3 00 0b 00  	beqz	s6, 0x80004218 <H_imag_fxp+0x8b8>
80003a1c: 96 02        	slli	t0, t0, 5
80003a1e: 0b 02 32 02  	<unknown>
80003a22: b9 01        	addi	gp, gp, 14
80003a24: 72 02        	slli	tp, tp, 28
80003a26: 5c 01        	addi	a5, sp, 132
80003a28: 01 00        	nop
80003a2a: 74 01        	addi	a3, sp, 140
80003a2c: ee 01        	slli	gp, gp, 27
80003a2e: 30 00        	addi	a2, sp, 8
80003a30: 52 01        	slli	sp, sp, 20
80003a32: 07 00 3f 02  	<unknown>
80003a36: 56 01        	slli	sp, sp, 21
80003a38: 34 02        	addi	a3, sp, 264
80003a3a: 1e 02        	slli	tp, tp, 7
80003a3c: 4a 02        	slli	tp, tp, 18
80003a3e: e0 00        	addi	s0, sp, 76
80003a40: 22 00        	c.slli	zero, 8
80003a42: ea 01        	slli	gp, gp, 26
80003a44: 2f 00 54 02  	<unknown>
80003a48: 0c 00        	<unknown>
80003a4a: 88 01        	addi	a0, sp, 192
80003a4c: 34 02        	addi	a3, sp, 264
80003a4e: 20 01        	addi	s0, sp, 136
80003a50: d5 01        	addi	gp, gp, 21
80003a52: c6 00        	slli	ra, ra, 17
80003a54: c7 02 11 01  	fmsub.s	ft5, ft2, fa7, ft0, rne
80003a58: 6c 02        	addi	a1, sp, 268
80003a5a: 4c 01        	addi	a1, sp, 132
80003a5c: b1 02        	addi	t0, t0, 12
80003a5e: b7 01 99 02  	lui	gp, 10640
80003a62: ad 02        	addi	t0, t0, 11
80003a64: 53 02 92 00  	fadd.s	ft4, ft4, fs1, rne
80003a68: 33 02 d6 00  	add	tp, a2, a3
80003a6c: 05 02        	addi	tp, tp, 1
80003a6e: c8 00        	addi	a0, sp, 68
80003a70: 31 00        	c.nop	12
80003a72: 66 01        	slli	sp, sp, 25
80003a74: c0 01        	addi	s0, sp, 196
80003a76: 56 02        	slli	tp, tp, 21
80003a78: ab 02 f3 01  	<unknown>
80003a7c: ae 01        	slli	gp, gp, 11
80003a7e: 67 01 15 01  	jalr	sp, 17(a0)
80003a82: 3c 00        	addi	a5, sp, 8
80003a84: 28 02        	addi	a0, sp, 264
80003a86: cf 01 13 00  	fnmadd.s	ft3, ft6, ft1, ft0, rne
80003a8a: 18 00        	<unknown>
80003a8c: 37 00 df 01  	lui	zero, 7664
80003a90: 1b 02 48 01  	addiw	tp, a6, 20
80003a94: 74 01        	addi	a3, sp, 140
80003a96: a9 01        	addi	gp, gp, 10
80003a98: 97 01 af 02  	auipc	gp, 10992
80003a9c: cf 01 59 02  	fnmadd.d	ft3, fs2, ft5, ft0, rne
80003aa0: 5d 00        	c.nop	23
80003aa2: 19 02        	addi	tp, tp, 6
80003aa4: 7e 02        	slli	tp, tp, 31
80003aa6: 6a 02        	slli	tp, tp, 26
80003aa8: be 01        	slli	gp, gp, 15
80003aaa: dd 01        	addi	gp, gp, 23
80003aac: 4b 01 3e 01  	fnmsub.s	ft2, ft8, fs3, ft0, rne
80003ab0: 82 01        	c.slli64	gp
80003ab2: 15 02        	addi	tp, tp, 5
80003ab4: cd 02        	addi	t0, t0, 19
80003ab6: 58 02        	addi	a4, sp, 260
80003ab8: c8 00        	addi	a0, sp, 68
80003aba: 80 02        	addi	s0, sp, 320
80003abc: 7f 00 f8 01  	<unknown>
80003ac0: 0c 01        	addi	a1, sp, 128
80003ac2: 1b 01 c3 00  	addiw	sp, t1, 12
80003ac6: 1f 02 e4 00  	<unknown>
80003aca: 11 00        	c.nop	4
80003acc: eb 00 69 02  	<unknown>
80003ad0: c7 00 6c 01  	fmsub.s	ft1, fs8, fs6, ft0, rne
80003ad4: c9 02        	addi	t0, t0, 18
80003ad6: 7e 00        	c.slli	zero, 31
80003ad8: fa 01        	slli	gp, gp, 30
80003ada: 98 02        	addi	a4, sp, 320
80003adc: e2 01        	slli	gp, gp, 24
80003ade: 19 00        	c.nop	6
80003ae0: c8 02        	addi	a0, sp, 324
80003ae2: c8 02        	addi	a0, sp, 324
80003ae4: 92 02        	slli	t0, t0, 4
80003ae6: bf 00 41 01  	<unknown>
80003aea: 85 02        	addi	t0, t0, 1
80003aec: fe 00        	slli	ra, ra, 31
80003aee: 54 02        	addi	a3, sp, 260
80003af0: a8 01        	addi	a0, sp, 200
80003af2: 8a 01        	slli	gp, gp, 2
80003af4: fe 01        	slli	gp, gp, 31
80003af6: f5 00        	addi	ra, ra, 29
80003af8: 51 00        	c.nop	20
80003afa: 5b 02 8a 00  	<unknown>
80003afe: 2d 02        	addi	tp, tp, 11
80003b00: 9c 01        	addi	a5, sp, 192
80003b02: bd 02        	addi	t0, t0, 15
80003b04: 10 00        	<unknown>
80003b06: 07 01 92 02  	<unknown>
80003b0a: 59 01        	addi	sp, sp, 22
80003b0c: b1 00        	addi	ra, ra, 12
80003b0e: 6e 01        	slli	sp, sp, 27
80003b10: 67 00 2f 01  	jr	18(t5)
80003b14: 66 02        	slli	tp, tp, 25
80003b16: 0c 01        	addi	a1, sp, 128
80003b18: 09 02        	addi	tp, tp, 2
80003b1a: af 02 1d 02  	<unknown>
80003b1e: 8b 00 48 02  	<unknown>
80003b22: f9 01        	addi	gp, gp, 30
80003b24: f5 00        	addi	ra, ra, 29
80003b26: 6f 02 c6 01  	jal	tp, 0x80063b42 <timer+0x5bc02>
80003b2a: 6b 01 14 00  	<unknown>
80003b2e: 38 00        	addi	a4, sp, 8
80003b30: 74 01        	addi	a3, sp, 140
80003b32: d1 01        	addi	gp, gp, 20
80003b34: fd 01        	addi	gp, gp, 31
80003b36: c7 00 49 02  	fmsub.d	ft1, fs2, ft4, ft0, rne
80003b3a: 6c 01        	addi	a1, sp, 140
80003b3c: ce 02        	slli	t0, t0, 19
80003b3e: ec 00        	addi	a1, sp, 76
80003b40: 5f 00 49 02  	<unknown>
80003b44: 4d 00        	c.nop	19
80003b46: 52 02        	slli	tp, tp, 20
80003b48: 83 01 86 01  	lb	gp, 24(a2)
80003b4c: 33 02 39 02  	mul	tp, s2, gp
80003b50: 9d 01        	addi	gp, gp, 7
80003b52: db 00 b7 01  	<unknown>
80003b56: 41 01        	addi	sp, sp, 16
80003b58: b3 01 ae 02  	mul	gp, t3, a0
80003b5c: a4 00        	addi	s1, sp, 72
80003b5e: b1 01        	addi	gp, gp, 12
80003b60: 69 02        	addi	tp, tp, 26
80003b62: 8f 01 96 00  	<unknown>
80003b66: b1 02        	addi	t0, t0, 12
80003b68: 5f 01 36 02  	<unknown>
80003b6c: 3d 01        	addi	sp, sp, 15
80003b6e: 94 02        	addi	a3, sp, 320
80003b70: 73 00 e5 01  	<unknown>
80003b74: 13 02 c5 01  	addi	tp, a0, 28
80003b78: 39 02        	addi	tp, tp, 14
80003b7a: 23 00 9e 02  	sb	s1, 32(t3)
80003b7e: 2e 01        	slli	sp, sp, 11
80003b80: 01 01        	mv	sp, sp
80003b82: c1 00        	addi	ra, ra, 16
80003b84: a9 00        	addi	ra, ra, 10
80003b86: b3 00 20 00  	add	ra, zero, sp
80003b8a: 2f 01 b2 01  	<unknown>
80003b8e: 59 01        	addi	sp, sp, 22
80003b90: 6c 02        	addi	a1, sp, 268
80003b92: 2b 01 62 02  	<unknown>
80003b96: 5e 02        	slli	tp, tp, 23
80003b98: 76 02        	slli	tp, tp, 29
80003b9a: d0 01        	addi	a2, sp, 196
80003b9c: 6a 00        	c.slli	zero, 26
80003b9e: f0 00        	addi	a2, sp, 76
80003ba0: 48 00        	addi	a0, sp, 4
80003ba2: 3c 02        	addi	a5, sp, 264
80003ba4: 60 02        	addi	s0, sp, 268
80003ba6: 0b 00 45 02  	<unknown>
80003baa: 3d 00        	c.nop	15
80003bac: 0a 02        	slli	tp, tp, 2
80003bae: ee 00        	slli	ra, ra, 27
80003bb0: 5e 00        	c.slli	zero, 23
80003bb2: 24 02        	addi	s1, sp, 264
80003bb4: 46 00        	c.slli	zero, 17
80003bb6: 2c 00        	addi	a1, sp, 8
80003bb8: d4 02        	addi	a3, sp, 324
80003bba: 5d 02        	addi	tp, tp, 23
80003bbc: fa 00        	slli	ra, ra, 30
80003bbe: c7 00 75 00  	fmsub.s	ft1, fa0, ft7, ft0, rne
80003bc2: 72 00        	c.slli	zero, 28
80003bc4: b6 00        	slli	ra, ra, 13
80003bc6: be 01        	slli	gp, gp, 15
80003bc8: f4 00        	addi	a3, sp, 76
80003bca: da 00        	slli	ra, ra, 22
80003bcc: ab 01 2e 00  	<unknown>
80003bd0: a9 01        	addi	gp, gp, 10
80003bd2: 5b 02 99 01  	<unknown>
80003bd6: aa 02        	slli	t0, t0, 10
80003bd8: 26 01        	slli	sp, sp, 9
80003bda: a0 00        	addi	s0, sp, 72
80003bdc: 0f 00 cc 01  	<unknown>
80003be0: cd 00        	addi	ra, ra, 19
80003be2: bb 00 6b 00  	addw	ra, s6, t1
80003be6: 08 02        	addi	a0, sp, 256
80003be8: dd 00        	addi	ra, ra, 23
80003bea: 0c 01        	addi	a1, sp, 128
80003bec: c7 01 25 01  	fmsub.s	ft3, fa0, fs2, ft0, rne
80003bf0: 6d 01        	addi	sp, sp, 27
80003bf2: 30 01        	addi	a2, sp, 136
80003bf4: 18 02        	addi	a4, sp, 256
80003bf6: 0e 02        	slli	tp, tp, 3
80003bf8: 15 01        	addi	sp, sp, 5
80003bfa: 1e 01        	slli	sp, sp, 7
80003bfc: 10 02        	addi	a2, sp, 256
80003bfe: 4c 00        	addi	a1, sp, 4
80003c00: a6 01        	slli	gp, gp, 9
80003c02: b3 00 de 01  	add	ra, t3, t4
80003c06: 00 02        	addi	s0, sp, 256
80003c08: 10 02        	addi	a2, sp, 256
80003c0a: a8 00        	addi	a0, sp, 72
80003c0c: 99 01        	addi	gp, gp, 6
80003c0e: 99 00        	addi	ra, ra, 6
80003c10: b2 02        	slli	t0, t0, 12
80003c12: 44 02        	addi	s1, sp, 260
80003c14: d3 00 d3 00  	fadd.s	ft1, ft6, fa3, rne
80003c18: cc 00        	addi	a1, sp, 68
80003c1a: ec 01        	addi	a1, sp, 204
80003c1c: 15 00        	c.nop	5
80003c1e: 49 01        	addi	sp, sp, 18
80003c20: 08 02        	addi	a0, sp, 256
80003c22: b5 01        	addi	gp, gp, 13
80003c24: 50 02        	addi	a2, sp, 260
80003c26: 99 01        	addi	gp, gp, 6
80003c28: a6 00        	slli	ra, ra, 9
80003c2a: 6a 01        	slli	sp, sp, 26
80003c2c: 10 01        	addi	a2, sp, 128
80003c2e: b6 00        	slli	ra, ra, 13
80003c30: 71 00        	c.nop	28
80003c32: 2d 01        	addi	sp, sp, 11
80003c34: c1 02        	addi	t0, t0, 16
80003c36: e2 00        	slli	ra, ra, 24
80003c38: 88 02        	addi	a0, sp, 320
80003c3a: 83 01 e0 01  	lb	gp, 30(zero)
80003c3e: cd 00        	addi	ra, ra, 19
80003c40: 42 02        	slli	tp, tp, 16
80003c42: b6 02        	slli	t0, t0, 13
80003c44: 35 02        	addi	tp, tp, 13
80003c46: 32 02        	slli	tp, tp, 12
80003c48: 76 01        	slli	sp, sp, 29
80003c4a: 8e 00        	slli	ra, ra, 3
80003c4c: f0 00        	addi	a2, sp, 76
80003c4e: 65 02        	addi	tp, tp, 25
80003c50: 79 01        	addi	sp, sp, 30
80003c52: 69 01        	addi	sp, sp, 26
80003c54: 7a 00        	c.slli	zero, 30
80003c56: 1a 01        	slli	sp, sp, 6
80003c58: 7b 01 f0 00  	<unknown>
80003c5c: d3 00 f8 00  	fadd.s	ft1, fa6, fa5, rne
80003c60: 9b 01 a4 01  	addiw	gp, s0, 26
80003c64: 1e 01        	slli	sp, sp, 7
80003c66: b6 01        	slli	gp, gp, 13
80003c68: 93 01 83 00  	addi	gp, t1, 8
80003c6c: 52 01        	slli	sp, sp, 20
80003c6e: 57 00 b3 02  	vadd.vv	v0, v11, v6
80003c72: 24 01        	addi	s1, sp, 136
80003c74: 19 01        	addi	sp, sp, 6
80003c76: 9e 01        	slli	gp, gp, 7
80003c78: a5 00        	addi	ra, ra, 9
80003c7a: 40 02        	addi	s0, sp, 260
80003c7c: 3d 00        	c.nop	15
80003c7e: 8c 00        	addi	a1, sp, 64
80003c80: 40 00        	addi	s0, sp, 4
80003c82: 69 02        	addi	tp, tp, 26
80003c84: c4 02        	addi	s1, sp, 324
80003c86: fd 00        	addi	ra, ra, 31
80003c88: de 00        	slli	ra, ra, 23
80003c8a: 75 02        	addi	tp, tp, 29
80003c8c: 51 01        	addi	sp, sp, 20
80003c8e: ed 00        	addi	ra, ra, 27
80003c90: 1d 00        	c.nop	7
80003c92: 0f 02 4a 00  	<unknown>
80003c96: b3 01 0e 00  	add	gp, t3, zero
80003c9a: 55 00        	c.nop	21
80003c9c: ec 01        	addi	a1, sp, 204
80003c9e: 74 00        	addi	a3, sp, 12
80003ca0: 46 02        	slli	tp, tp, 17
80003ca2: 76 01        	slli	sp, sp, 29
80003ca4: 90 01        	addi	a2, sp, 192
80003ca6: f4 01        	addi	a3, sp, 204
80003ca8: 9f 02 78 00  	<unknown>
80003cac: 95 02        	addi	t0, t0, 5
80003cae: bf 00 05 02  	<unknown>
80003cb2: 5a 00        	c.slli	zero, 22
80003cb4: 3b 02 12 00  	addw	tp, tp, ra
80003cb8: 67 00 fd 00  	jr	15(s10)
80003cbc: 8c 01        	addi	a1, sp, 192
80003cbe: 4f 00 c0 02  	fnmadd.d	ft0, ft0, fa2, ft0, rne
80003cc2: ee 01        	slli	gp, gp, 27
80003cc4: e9 00        	addi	ra, ra, 26
80003cc6: 7c 02        	addi	a5, sp, 268
80003cc8: e9 00        	addi	ra, ra, 26
80003cca: 0d 02        	addi	tp, tp, 3
80003ccc: f1 01        	addi	gp, gp, 28
80003cce: 87 02 82 01  	<unknown>
80003cd2: 0c 02        	addi	a1, sp, 256
80003cd4: be 02        	slli	t0, t0, 15
80003cd6: 13 02 88 00  	addi	tp, a6, 8
80003cda: 50 01        	addi	a2, sp, 132
80003cdc: 27 02 0d 02  	vse8.v	v4, (s10)
80003ce0: 0d 01        	addi	sp, sp, 3
80003ce2: f8 00        	addi	a4, sp, 76
80003ce4: 6e 00        	c.slli	zero, 27
80003ce6: 74 00        	addi	a3, sp, 12
80003ce8: aa 02        	slli	t0, t0, 10
80003cea: ad 02        	addi	t0, t0, 11
80003cec: 31 01        	addi	sp, sp, 12
80003cee: d7 00 d9 01  	vadd.vv	v1, v29, v18, v0.t
80003cf2: 41 00        	c.nop	16
80003cf4: d1 00        	addi	ra, ra, 20
80003cf6: 50 01        	addi	a2, sp, 132
80003cf8: 97 02 ce 00  	auipc	t0, 3296
80003cfc: 47 01 9c 02  	fmsub.d	ft2, fs8, fs1, ft0, rne
80003d00: 4d 00        	c.nop	19
80003d02: d1 01        	addi	gp, gp, 20
80003d04: 0e 01        	slli	sp, sp, 3
80003d06: b6 02        	slli	t0, t0, 13
80003d08: 5e 01        	slli	sp, sp, 23
80003d0a: 3b 01 d5 01  	addw	sp, a0, t4
80003d0e: 57 02 7c 00  	vadd.vv	v4, v7, v24, v0.t
80003d12: 8c 00        	addi	a1, sp, 64
80003d14: 13 00 1e 02  	addi	zero, t3, 33
80003d18: b8 01        	addi	a4, sp, 200
80003d1a: aa 01        	slli	gp, gp, 10
80003d1c: 11 02        	addi	tp, tp, 4
80003d1e: af 02 0c 00  	<unknown>
80003d22: 7d 02        	addi	tp, tp, 31
80003d24: 90 00        	addi	a2, sp, 64
80003d26: 8b 00 ad 01  	<unknown>
80003d2a: f0 01        	addi	a2, sp, 204
80003d2c: 2c 01        	addi	a1, sp, 136
80003d2e: da 01        	slli	gp, gp, 22
80003d30: d2 01        	slli	gp, gp, 20
80003d32: 5e 01        	slli	sp, sp, 23
80003d34: 75 02        	addi	tp, tp, 29
80003d36: 8f 02 be 02  	<unknown>
80003d3a: 4a 00        	c.slli	zero, 18
80003d3c: 47 02 24 00  	fmsub.s	ft4, fs0, ft2, ft0, rne
80003d40: 75 02        	addi	tp, tp, 29
80003d42: 77 00 56 02  	<unknown>
80003d46: e4 00        	addi	s1, sp, 76
80003d48: 4a 01        	slli	sp, sp, 18
80003d4a: a4 02        	addi	s1, sp, 328
80003d4c: 47 01 5b 00  	fmsub.s	ft2, fs6, ft5, ft0, rne
80003d50: d3 01 4d 02  	fadd.d	ft3, fs10, ft4, rne
80003d54: 71 00        	c.nop	28
80003d56: 84 02        	addi	s1, sp, 320
80003d58: 14 01        	addi	a3, sp, 128
80003d5a: 37 00 b4 01  	lui	zero, 6976
80003d5e: c3 02 53 02  	fmadd.d	ft5, ft6, ft5, ft0, rne
80003d62: 9f 02 b4 02  	<unknown>
80003d66: 74 00        	addi	a3, sp, 12
80003d68: c2 01        	slli	gp, gp, 16
80003d6a: ed 01        	addi	gp, gp, 27
80003d6c: f1 01        	addi	gp, gp, 28
80003d6e: 0b 01 e6 00  	<unknown>
80003d72: 9b 00 82 02  	addiw	ra, tp, 40
80003d76: 28 00        	addi	a0, sp, 8
80003d78: 72 02        	slli	tp, tp, 28
80003d7a: 28 01        	addi	a0, sp, 136
80003d7c: e1 00        	addi	ra, ra, 24
80003d7e: 7b 01 1a 02  	<unknown>
80003d82: cf 02 b0 00  	fnmadd.s	ft5, ft0, fa1, ft0, rne
80003d86: 4b 00 3b 02  	fnmsub.d	ft0, fs6, ft3, ft0, rne
80003d8a: a5 02        	addi	t0, t0, 9
80003d8c: e6 00        	slli	ra, ra, 25
80003d8e: c6 02        	slli	t0, t0, 17
80003d90: 36 02        	slli	tp, tp, 13
80003d92: ba 00        	slli	ra, ra, 14
80003d94: 0f 02 a2 00  	<unknown>
80003d98: 92 02        	slli	t0, t0, 4
80003d9a: 80 02        	addi	s0, sp, 320
80003d9c: dd 01        	addi	gp, gp, 23
80003d9e: c1 02        	addi	t0, t0, 16
80003da0: 2a 00        	c.slli	zero, 10
80003da2: 47 01 e0 00  	fmsub.s	ft2, ft0, fa4, ft0, rne
80003da6: 61 02        	addi	tp, tp, 24
80003da8: 0c 00        	<unknown>
80003daa: 74 01        	addi	a3, sp, 140
80003dac: 74 02        	addi	a3, sp, 268
80003dae: fe 01        	slli	gp, gp, 31
80003db0: 2a 00        	c.slli	zero, 10
80003db2: 1c 00        	<unknown>
80003db4: 17 00 46 02  	auipc	zero, 9312
80003db8: 14 01        	addi	a3, sp, 128
80003dba: 38 01        	addi	a4, sp, 136
80003dbc: 98 02        	addi	a4, sp, 320
80003dbe: 8a 02        	slli	t0, t0, 2
80003dc0: ea 01        	slli	gp, gp, 26
80003dc2: 1d 00        	c.nop	7
80003dc4: 00 01        	addi	s0, sp, 128
80003dc6: ea 00        	slli	ra, ra, 26
80003dc8: 3c 01        	addi	a5, sp, 136
80003dca: be 00        	slli	ra, ra, 15
80003dcc: c3 00 61 01  	fmadd.s	ft1, ft2, fs6, ft0, rne
80003dd0: 24 02        	addi	s1, sp, 264
80003dd2: ae 01        	slli	gp, gp, 11
80003dd4: 45 02        	addi	tp, tp, 17
80003dd6: ea 00        	slli	ra, ra, 26
80003dd8: 48 01        	addi	a0, sp, 132
80003dda: b6 01        	slli	gp, gp, 13
80003ddc: 79 02        	addi	tp, tp, 30
80003dde: 20 01        	addi	s0, sp, 136
80003de0: 89 01        	addi	gp, gp, 2
80003de2: 39 02        	addi	tp, tp, 14
80003de4: 00 01        	addi	s0, sp, 128
80003de6: 65 02        	addi	tp, tp, 25
80003de8: 24 00        	addi	s1, sp, 8
80003dea: 19 00        	c.nop	6
80003dec: 76 01        	slli	sp, sp, 29
80003dee: 96 01        	slli	gp, gp, 5
80003df0: 8f 00 ad 02  	<unknown>
80003df4: fd 01        	addi	gp, gp, 31
80003df6: aa 02        	slli	t0, t0, 10
80003df8: 7a 02        	slli	tp, tp, 30
80003dfa: 7a 00        	c.slli	zero, 30
80003dfc: e8 00        	addi	a0, sp, 76
80003dfe: 7b 01 c8 00  	<unknown>
80003e02: 8f 00 46 01  	<unknown>
80003e06: c5 02        	addi	t0, t0, 17
80003e08: 9c 02        	addi	a5, sp, 320
80003e0a: e0 01        	addi	s0, sp, 204
80003e0c: 98 01        	addi	a4, sp, 192
80003e0e: 76 00        	c.slli	zero, 29
80003e10: 24 00        	addi	s1, sp, 8
80003e12: 90 00        	addi	a2, sp, 64
80003e14: 81 02        	mv	t0, t0
80003e16: aa 02        	slli	t0, t0, 10
80003e18: 29 00        	c.nop	10
80003e1a: 9f 01 6c 02  	<unknown>
80003e1e: a6 00        	slli	ra, ra, 9
80003e20: 01 01        	mv	sp, sp
80003e22: 40 01        	addi	s0, sp, 132
80003e24: 14 00        	<unknown>
80003e26: e5 01        	addi	gp, gp, 25
80003e28: 8a 01        	slli	gp, gp, 2
80003e2a: 2f 00 6e 00  	<unknown>
80003e2e: bb 00 38 02  	mulw	ra, a6, gp
80003e32: 2d 01        	addi	sp, sp, 11
80003e34: b2 02        	slli	t0, t0, 12
80003e36: a8 01        	addi	a0, sp, 200
80003e38: e1 01        	addi	gp, gp, 24
80003e3a: b2 00        	slli	ra, ra, 12
80003e3c: 9a 00        	slli	ra, ra, 6
80003e3e: a3 02 43 02  	sb	tp, 37(t1)
80003e42: ae 01        	slli	gp, gp, 11
80003e44: cf 02 23 00  	fnmadd.s	ft5, ft6, ft2, ft0, rne
80003e48: f2 00        	slli	ra, ra, 28
80003e4a: ad 02        	addi	t0, t0, 11
80003e4c: ca 00        	slli	ra, ra, 18
80003e4e: 36 01        	slli	sp, sp, 13
80003e50: 28 00        	addi	a0, sp, 8
80003e52: c4 02        	addi	s1, sp, 324
80003e54: 88 01        	addi	a0, sp, 192
80003e56: fa 01        	slli	gp, gp, 30
80003e58: 73 02 34 02  	<unknown>
80003e5c: 7f 02 d7 00  	<unknown>
80003e60: b3 01 fd 01  	add	gp, s10, t6
80003e64: c6 01        	slli	gp, gp, 17
80003e66: 30 02        	addi	a2, sp, 264
80003e68: 81 02        	mv	t0, t0
80003e6a: 80 00        	addi	s0, sp, 64
80003e6c: 63 02 2b 00  	beq	s6, sp, 0x80003e70 <H_imag_fxp+0x510>
80003e70: 03 02 9e 01  	lb	tp, 25(t3)
80003e74: 30 00        	addi	a2, sp, 8
80003e76: cf 00 29 00  	fnmadd.s	ft1, fs2, ft2, ft0, rne
80003e7a: 14 01        	addi	a3, sp, 128
80003e7c: 92 01        	slli	gp, gp, 4
80003e7e: 46 00        	c.slli	zero, 17
80003e80: 06 00        	c.slli	zero, 1
80003e82: 15 01        	addi	sp, sp, 5
80003e84: 5e 01        	slli	sp, sp, 23
80003e86: a0 02        	addi	s0, sp, 328
80003e88: 48 00        	addi	a0, sp, 4
80003e8a: 6a 01        	slli	sp, sp, 26
80003e8c: 7b 02 9e 01  	<unknown>
80003e90: 03 02 2d 02  	lb	tp, 34(s10)
80003e94: 54 00        	addi	a3, sp, 4
80003e96: 72 00        	c.slli	zero, 28
80003e98: bd 02        	addi	t0, t0, 15
80003e9a: f7 01 92 00  	<unknown>
80003e9e: 5b 01 74 02  	<unknown>
80003ea2: 40 01        	addi	s0, sp, 132
80003ea4: ba 01        	slli	gp, gp, 14
80003ea6: 77 00 71 02  	<unknown>
80003eaa: 4b 01 80 02  	fnmsub.d	ft2, ft0, fs0, ft0, rne
80003eae: eb 01 4a 01  	<unknown>
80003eb2: c5 02        	addi	t0, t0, 17
80003eb4: 30 02        	addi	a2, sp, 264
80003eb6: 42 00        	c.slli	zero, 16
80003eb8: 94 01        	addi	a3, sp, 192
80003eba: 1e 02        	slli	tp, tp, 7
80003ebc: bc 01        	addi	a5, sp, 200
80003ebe: 02 01        	c.slli64	sp
80003ec0: 46 01        	slli	sp, sp, 17
80003ec2: 18 01        	addi	a4, sp, 128
80003ec4: 8c 01        	addi	a1, sp, 192
80003ec6: fe 00        	slli	ra, ra, 31
80003ec8: 26 02        	slli	tp, tp, 9
80003eca: c6 02        	slli	t0, t0, 17
80003ecc: 4d 00        	c.nop	19
80003ece: 44 00        	addi	s1, sp, 4
80003ed0: 6f 00 47 02  	j	0x80073ef4 <timer+0x6bfb4>
80003ed4: 9a 00        	slli	ra, ra, 6
80003ed6: 73 00 1a 02  	<unknown>
80003eda: 31 02        	addi	tp, tp, 12
80003edc: 28 02        	addi	a0, sp, 264
80003ede: 6c 00        	addi	a1, sp, 12
80003ee0: b2 02        	slli	t0, t0, 12
80003ee2: 33 00 30 02  	mul	zero, zero, gp
80003ee6: ed 01        	addi	gp, gp, 27
80003ee8: 46 02        	slli	tp, tp, 17
80003eea: ff 01 23 01  	<unknown>
80003eee: 18 02        	addi	a4, sp, 256
80003ef0: 6d 00        	c.nop	27
80003ef2: 89 01        	addi	gp, gp, 2
80003ef4: a6 01        	slli	gp, gp, 9
80003ef6: e5 00        	addi	ra, ra, 25
80003ef8: 4d 01        	addi	sp, sp, 19
80003efa: af 01 14 01  	<unknown>
80003efe: 8b 00 c0 02  	<unknown>
80003f02: ab 01 0d 02  	<unknown>
80003f06: f9 00        	addi	ra, ra, 30
80003f08: 11 01        	addi	sp, sp, 4
80003f0a: 26 00        	c.slli	zero, 9
80003f0c: 18 01        	addi	a4, sp, 128
80003f0e: c0 01        	addi	s0, sp, 196
80003f10: 86 02        	slli	t0, t0, 1
80003f12: a4 00        	addi	s1, sp, 72
80003f14: 9c 02        	addi	a5, sp, 320
80003f16: c2 00        	slli	ra, ra, 16
80003f18: 3e 01        	slli	sp, sp, 15
80003f1a: 6c 01        	addi	a1, sp, 140
80003f1c: 54 01        	addi	a3, sp, 132
80003f1e: ce 00        	slli	ra, ra, 19
80003f20: 16 01        	slli	sp, sp, 5
80003f22: 4e 02        	slli	tp, tp, 19
80003f24: 5d 01        	addi	sp, sp, 23
80003f26: cb 00 fd 01  	fnmsub.s	ft1, fs10, ft11, ft0, rne
80003f2a: 92 00        	slli	ra, ra, 4
80003f2c: 80 01        	addi	s0, sp, 192
80003f2e: 39 01        	addi	sp, sp, 14
80003f30: e5 00        	addi	ra, ra, 25
80003f32: cd 00        	addi	ra, ra, 19
80003f34: c4 01        	addi	s1, sp, 196
80003f36: 92 01        	slli	gp, gp, 4
80003f38: 8d 02        	addi	t0, t0, 3
80003f3a: 95 02        	addi	t0, t0, 5
80003f3c: d4 01        	addi	a3, sp, 196
80003f3e: 56 00        	c.slli	zero, 21
80003f40: c2 01        	slli	gp, gp, 16
80003f42: 90 00        	addi	a2, sp, 64
80003f44: f5 01        	addi	gp, gp, 29
80003f46: d0 00        	addi	a2, sp, 68
80003f48: 27 00 2b 02  	<unknown>
80003f4c: c5 01        	addi	gp, gp, 17
80003f4e: 23 02 ac 01  	sb	s10, 4(s8)
80003f52: 7e 01        	slli	sp, sp, 31
80003f54: 96 01        	slli	gp, gp, 5
80003f56: 70 02        	addi	a2, sp, 268
80003f58: 3b 02 5e 01  	addw	tp, t3, s5
80003f5c: 8f 02 1f 00  	<unknown>
80003f60: 83 01 45 00  	lb	gp, 4(a0)
80003f64: 2d 01        	addi	sp, sp, 11
80003f66: db 01 8d 01  	<unknown>
80003f6a: 81 01        	mv	gp, gp
80003f6c: 6a 02        	slli	tp, tp, 26
80003f6e: fc 00        	addi	a5, sp, 76
80003f70: a0 01        	addi	s0, sp, 200
80003f72: 07 02 bf 02  	vlm.v	v4, (t5)
80003f76: 31 02        	addi	tp, tp, 12
80003f78: e2 01        	slli	gp, gp, 24
80003f7a: b7 00 cc 00  	lui	ra, 3264
80003f7e: e0 01        	addi	s0, sp, 204
80003f80: 40 02        	addi	s0, sp, 260
80003f82: a6 01        	slli	gp, gp, 9
80003f84: 34 02        	addi	a3, sp, 264
80003f86: ec 00        	addi	a1, sp, 76
80003f88: 2b 01 a1 02  	<unknown>
80003f8c: ce 00        	slli	ra, ra, 19
80003f8e: 45 01        	addi	sp, sp, 17
80003f90: d7 01 4f 02  	vadd.vv	v3, v4, v30
80003f94: 87 01 e6 00  	<unknown>
80003f98: 95 00        	addi	ra, ra, 5
80003f9a: 5a 00        	c.slli	zero, 22
80003f9c: 10 00        	<unknown>
80003f9e: 96 01        	slli	gp, gp, 5
80003fa0: 7f 02 f6 01  	<unknown>
80003fa4: 81 01        	mv	gp, gp
80003fa6: 92 01        	slli	gp, gp, 4
80003fa8: 05 01        	addi	sp, sp, 1
80003faa: 01 00        	nop
80003fac: 41 01        	addi	sp, sp, 16
80003fae: c1 02        	addi	t0, t0, 16
80003fb0: 5c 02        	addi	a5, sp, 260
80003fb2: 63 00 29 01  	beq	s2, s2, 0x80003fb2 <H_imag_fxp+0x652>
80003fb6: 26 02        	slli	tp, tp, 9
80003fb8: 71 02        	addi	tp, tp, 28
80003fba: 9b 02 b2 00  	addiw	t0, tp, 11
80003fbe: e8 01        	addi	a0, sp, 204
80003fc0: c8 02        	addi	a0, sp, 324
80003fc2: a8 00        	addi	a0, sp, 72
80003fc4: b7 02 79 02  	lui	t0, 10128
80003fc8: 54 01        	addi	a3, sp, 132
80003fca: 0b 01 19 00  	<unknown>
80003fce: 63 00 32 02  	beq	tp, gp, 0x80003fee <H_imag_fxp+0x68e>
80003fd2: 03 02 a5 01  	lb	tp, 26(a0)
80003fd6: ce 02        	slli	t0, t0, 19
80003fd8: b7 00 ed 01  	lui	ra, 7888
80003fdc: b0 01        	addi	a2, sp, 200
80003fde: 1a 01        	slli	sp, sp, 6
80003fe0: 13 02 86 02  	addi	tp, a2, 40
80003fe4: 2d 02        	addi	tp, tp, 11
80003fe6: e4 01        	addi	s1, sp, 204
80003fe8: aa 01        	slli	gp, gp, 10
80003fea: ad 01        	addi	gp, gp, 11
80003fec: c9 02        	addi	t0, t0, 18
80003fee: 29 01        	addi	sp, sp, 10
80003ff0: d4 01        	addi	a3, sp, 196
80003ff2: 6b 02 24 01  	<unknown>
80003ff6: 16 01        	slli	sp, sp, 5
80003ff8: 78 01        	addi	a4, sp, 140
80003ffa: 46 01        	slli	sp, sp, 17
80003ffc: 1a 02        	slli	tp, tp, 6
80003ffe: 69 01        	addi	sp, sp, 26
80004000: b2 01        	slli	gp, gp, 12
80004002: fb 01 8b 00  	<unknown>
80004006: 14 01        	addi	a3, sp, 128
80004008: ea 00        	slli	ra, ra, 26
8000400a: 5b 02 22 01  	<unknown>
8000400e: 3f 01 0a 01  	<unknown>
80004012: 5f 02 13 01  	<unknown>
80004016: 76 02        	slli	tp, tp, 29
80004018: 49 01        	addi	sp, sp, 18
8000401a: 0e 00        	c.slli	zero, 3
8000401c: 93 02 ae 00  	addi	t0, t3, 10
80004020: c7 02 f7 00  	fmsub.s	ft5, fa4, fa5, ft0, rne
80004024: c1 02        	addi	t0, t0, 16
80004026: bc 00        	addi	a5, sp, 72
80004028: 67 01 6b 01  	jalr	sp, 22(s6)
8000402c: 2a 02        	slli	tp, tp, 10
8000402e: 52 00        	c.slli	zero, 20
80004030: ce 00        	slli	ra, ra, 19
80004032: a0 00        	addi	s0, sp, 72
80004034: d8 01        	addi	a4, sp, 196
80004036: 6c 01        	addi	a1, sp, 140
80004038: 93 01 21 00  	addi	gp, sp, 2
8000403c: c5 01        	addi	gp, gp, 17
8000403e: 07 01 f0 01  	<unknown>
80004042: fa 01        	slli	gp, gp, 30
80004044: 97 00 50 01  	auipc	ra, 5376
80004048: ad 02        	addi	t0, t0, 11
8000404a: a0 00        	addi	s0, sp, 72
8000404c: cd 00        	addi	ra, ra, 19
8000404e: 12 02        	slli	tp, tp, 4
80004050: 0c 00        	<unknown>
80004052: d8 00        	addi	a4, sp, 68
80004054: 73 01 69 01  	<unknown>
80004058: 91 00        	addi	ra, ra, 4
8000405a: b8 00        	addi	a4, sp, 72
8000405c: 24 00        	addi	s1, sp, 8
8000405e: c4 02        	addi	s1, sp, 324
80004060: 04 01        	addi	s1, sp, 128
80004062: 8f 02 4d 00  	<unknown>
80004066: 97 02 91 01  	auipc	t0, 6416
8000406a: 66 00        	c.slli	zero, 25
8000406c: 85 00        	addi	ra, ra, 1
8000406e: e6 00        	slli	ra, ra, 25
80004070: fc 00        	addi	a5, sp, 76
80004072: 81 01        	mv	gp, gp
80004074: 90 02        	addi	a2, sp, 320
80004076: 3d 02        	addi	tp, tp, 15
80004078: 43 02 83 02  	fmadd.d	ft4, ft6, fs0, ft0, rne
8000407c: 98 02        	addi	a4, sp, 320
8000407e: a6 00        	slli	ra, ra, 9
80004080: 6e 02        	slli	tp, tp, 27
80004082: 1b 02 15 02  	addiw	tp, a0, 33
80004086: 9a 02        	slli	t0, t0, 6
80004088: f3 00 f7 00  	<unknown>
8000408c: 8d 00        	addi	ra, ra, 3
8000408e: 17 01 77 00  	auipc	sp, 1904
80004092: f5 00        	addi	ra, ra, 29
80004094: dd 01        	addi	gp, gp, 23
80004096: ce 02        	slli	t0, t0, 19
80004098: d9 01        	addi	gp, gp, 22
8000409a: 3c 01        	addi	a5, sp, 136
8000409c: 5d 00        	c.nop	23
8000409e: 33 01 fd 00  	add	sp, s10, a5
800040a2: 9d 02        	addi	t0, t0, 7
800040a4: 9b 01 f6 00  	addiw	gp, a2, 15
800040a8: b1 02        	addi	t0, t0, 12
800040aa: d5 01        	addi	gp, gp, 21
800040ac: 52 01        	slli	sp, sp, 20
800040ae: 33 01 ca 02  	mul	sp, s4, a2
800040b2: 0e 01        	slli	sp, sp, 3
800040b4: a9 02        	addi	t0, t0, 10
800040b6: eb 01 19 02  	<unknown>
800040ba: 01 00        	nop
800040bc: 03 02 9d 01  	lb	tp, 25(s10)
800040c0: 4e 00        	c.slli	zero, 19
800040c2: 45 02        	addi	tp, tp, 17
800040c4: ad 02        	addi	t0, t0, 11
800040c6: a5 02        	addi	t0, t0, 9
800040c8: 86 00        	slli	ra, ra, 1
800040ca: 2d 02        	addi	tp, tp, 11
800040cc: 34 01        	addi	a3, sp, 136
800040ce: 66 00        	c.slli	zero, 25
800040d0: 85 02        	addi	t0, t0, 1
800040d2: 76 00        	c.slli	zero, 29
800040d4: 70 02        	addi	a2, sp, 268
800040d6: c8 00        	addi	a0, sp, 68
800040d8: e9 00        	addi	ra, ra, 26
800040da: 99 02        	addi	t0, t0, 6
800040dc: 60 02        	addi	s0, sp, 268
800040de: e1 01        	addi	gp, gp, 24
800040e0: 95 01        	addi	gp, gp, 5
800040e2: 1b 00 7d 00  	addiw	zero, s10, 7
800040e6: cd 02        	addi	t0, t0, 19
800040e8: f0 00        	addi	a2, sp, 76
800040ea: 62 00        	c.slli	zero, 24
800040ec: 3c 02        	addi	a5, sp, 264
800040ee: 93 02 60 01  	li	t0, 22
800040f2: 64 00        	addi	s1, sp, 12
800040f4: 8c 01        	addi	a1, sp, 192
800040f6: 9d 01        	addi	gp, gp, 7
800040f8: f6 00        	slli	ra, ra, 29
800040fa: 4b 01 9b 02  	fnmsub.d	ft2, fs6, fs1, ft0, rne
800040fe: 7b 00 2c 02  	<unknown>
80004102: cb 00 60 01  	fnmsub.s	ft1, ft0, fs6, ft0, rne
80004106: 98 00        	addi	a4, sp, 64
80004108: 26 00        	c.slli	zero, 9
8000410a: ed 01        	addi	gp, gp, 27
8000410c: 44 02        	addi	s1, sp, 260
8000410e: 4c 00        	addi	a1, sp, 4
80004110: ab 02 9c 01  	<unknown>
80004114: 4f 02 73 02  	fnmadd.d	ft4, ft6, ft7, ft0, rne
80004118: 7c 02        	addi	a5, sp, 268
8000411a: 54 01        	addi	a3, sp, 132
8000411c: 72 02        	slli	tp, tp, 28
8000411e: 9b 02 2e 01  	addiw	t0, t3, 18
80004122: 8c 02        	addi	a1, sp, 320
80004124: 6d 02        	addi	tp, tp, 27
80004126: 72 00        	c.slli	zero, 28
80004128: 63 02 6d 01  	beq	s10, s6, 0x8000412c <H_imag_fxp+0x7cc>
8000412c: f7 01 22 01  	<unknown>
80004130: 21 00        	c.nop	8
80004132: 9e 02        	slli	t0, t0, 7
80004134: c5 01        	addi	gp, gp, 17
80004136: 82 02        	c.slli64	t0
80004138: 6a 00        	c.slli	zero, 26
8000413a: a3 02 84 00  	sb	s0, 5(s0)
8000413e: da 01        	slli	gp, gp, 22
80004140: b2 01        	slli	gp, gp, 12
80004142: 9b 01 3b 01  	addiw	gp, s6, 19
80004146: e8 00        	addi	a0, sp, 76
80004148: ba 00        	slli	ra, ra, 14
8000414a: 5a 01        	slli	sp, sp, 22
8000414c: 0c 02        	addi	a1, sp, 256
8000414e: e1 00        	addi	ra, ra, 24
80004150: 71 01        	addi	sp, sp, 28
80004152: 5a 02        	slli	tp, tp, 22
80004154: 07 01 17 00  	<unknown>
80004158: a8 02        	addi	a0, sp, 328
8000415a: d4 00        	addi	a3, sp, 68
8000415c: 31 01        	addi	sp, sp, 12
8000415e: c9 02        	addi	t0, t0, 18
80004160: 4c 00        	addi	a1, sp, 4
80004162: ca 00        	slli	ra, ra, 18
80004164: e6 01        	slli	gp, gp, 25
80004166: 66 01        	slli	sp, sp, 25
80004168: 2f 01 2f 02  	<unknown>
8000416c: 08 01        	addi	a0, sp, 128
8000416e: c3 01 b8 01  	fmadd.s	ft3, fa6, fs11, ft0, rne
80004172: 09 01        	addi	sp, sp, 2
80004174: 0c 02        	addi	a1, sp, 256
80004176: fd 01        	addi	gp, gp, 31
80004178: 3e 02        	slli	tp, tp, 15
8000417a: a4 00        	addi	s1, sp, 72
8000417c: 6e 01        	slli	sp, sp, 27
8000417e: 3d 02        	addi	tp, tp, 15
80004180: 8e 01        	slli	gp, gp, 3
80004182: a0 02        	addi	s0, sp, 328
80004184: d4 02        	addi	a3, sp, 324
80004186: 79 02        	addi	tp, tp, 30
80004188: 78 00        	addi	a4, sp, 12
8000418a: a4 00        	addi	s1, sp, 72
8000418c: 9c 02        	addi	a5, sp, 320
8000418e: e7 00 e8 00  	jalr	14(a6)
80004192: a1 01        	addi	gp, gp, 8
80004194: af 00 bd 01  	<unknown>
80004198: 3c 02        	addi	a5, sp, 264
8000419a: d8 01        	addi	a4, sp, 196
8000419c: 02 01        	c.slli64	sp
8000419e: e4 01        	addi	s1, sp, 204
800041a0: 58 02        	addi	a4, sp, 260
800041a2: 05 01        	addi	sp, sp, 1
800041a4: 6f 00 a1 02  	j	0x800141ce <timer+0xc28e>
800041a8: 8e 01        	slli	gp, gp, 3
800041aa: 8f 01 bf 01  	<unknown>
800041ae: 5a 01        	slli	sp, sp, 22
800041b0: 15 00        	c.nop	5
800041b2: b5 00        	addi	ra, ra, 13
800041b4: 11 01        	addi	sp, sp, 4
800041b6: 8a 01        	slli	gp, gp, 2
800041b8: 29 01        	addi	sp, sp, 10
800041ba: 12 01        	slli	sp, sp, 4
800041bc: 23 00 c0 01  	sb	t3, 0(zero)
800041c0: 4a 00        	c.slli	zero, 18
800041c2: 05 02        	addi	tp, tp, 1
800041c4: c7 02 8f 00  	fmsub.s	ft5, ft10, fs0, ft0, rne
800041c8: aa 02        	slli	t0, t0, 10
800041ca: 94 01        	addi	a3, sp, 192
800041cc: ea 01        	slli	gp, gp, 26
800041ce: 6a 00        	c.slli	zero, 26
800041d0: d2 00        	slli	ra, ra, 20
800041d2: 0d 02        	addi	tp, tp, 3
800041d4: 0a 00        	c.slli	zero, 2
800041d6: 76 02        	slli	tp, tp, 29
800041d8: 9c 02        	addi	a5, sp, 320
800041da: d1 02        	addi	t0, t0, 20
800041dc: 3d 02        	addi	tp, tp, 15
800041de: 43 00 1d 00  	fmadd.s	ft0, fs10, ft1, ft0, rne
800041e2: 65 02        	addi	tp, tp, 25
800041e4: 24 01        	addi	s1, sp, 136
800041e6: 28 01        	addi	a0, sp, 136
800041e8: b9 01        	addi	gp, gp, 14
800041ea: 12 02        	slli	tp, tp, 4
800041ec: 85 02        	addi	t0, t0, 1
800041ee: 29 00        	c.nop	10
800041f0: 16 01        	slli	sp, sp, 5
800041f2: 45 01        	addi	sp, sp, 17
800041f4: 71 01        	addi	sp, sp, 28
800041f6: 8e 01        	slli	gp, gp, 3
800041f8: bb 02 47 01  	addw	t0, a4, s4
800041fc: cc 00        	addi	a1, sp, 68
800041fe: 92 02        	slli	t0, t0, 4
80004200: b8 02        	addi	a4, sp, 328
80004202: 6c 00        	addi	a1, sp, 12
80004204: 15 00        	c.nop	5
80004206: 23 02 19 00  	sb	ra, 4(s2)
8000420a: 41 02        	addi	tp, tp, 16
8000420c: d2 01        	slli	gp, gp, 20
8000420e: ba 01        	slli	gp, gp, 14
80004210: cf 02 01 02  	fnmadd.d	ft5, ft2, ft0, ft0, rne
80004214: 32 01        	slli	sp, sp, 12
80004216: 63 00 d0 01  	beq	zero, t4, 0x80004216 <H_imag_fxp+0x8b6>
8000421a: 52 02        	slli	tp, tp, 20
8000421c: c6 02        	slli	t0, t0, 17
8000421e: cd 02        	addi	t0, t0, 19
80004220: 11 00        	c.nop	4
80004222: 4f 01 19 01  	fnmadd.s	ft2, fs2, fa7, ft0, rne
80004226: 3a 02        	slli	tp, tp, 14
80004228: 31 01        	addi	sp, sp, 12
8000422a: 18 00        	<unknown>
8000422c: 70 02        	addi	a2, sp, 268
8000422e: 67 01 74 01  	jalr	sp, 23(s0)
80004232: e8 01        	addi	a0, sp, 204
80004234: 40 00        	addi	s0, sp, 4
80004236: b6 00        	slli	ra, ra, 13
80004238: f2 01        	slli	gp, gp, 28
8000423a: 11 01        	addi	sp, sp, 4
8000423c: 96 00        	slli	ra, ra, 5
8000423e: 18 01        	addi	a4, sp, 128
80004240: 43 00 02 00  	fmadd.s	ft0, ft4, ft0, ft0, rne
80004244: 46 00        	c.slli	zero, 17
80004246: 7d 02        	addi	tp, tp, 31
80004248: 8f 00 66 00  	<unknown>
8000424c: 29 02        	addi	tp, tp, 10
8000424e: 95 02        	addi	t0, t0, 5
80004250: 77 00 c4 02  	<unknown>
80004254: 67 00 7d 01  	jr	23(s10)
80004258: 56 02        	slli	tp, tp, 21
8000425a: 01 01        	mv	sp, sp
8000425c: 7d 02        	addi	tp, tp, 31
8000425e: 88 02        	addi	a0, sp, 320
80004260: f3 00 b2 00  	<unknown>
80004264: 26 01        	slli	sp, sp, 9
80004266: a9 01        	addi	gp, gp, 10
80004268: 4b 00 33 02  	fnmsub.d	ft0, ft6, ft3, ft0, rne
8000426c: c5 01        	addi	gp, gp, 17
8000426e: 5b 01 e3 01  	<unknown>
80004272: 82 02        	c.slli64	t0
80004274: 03 00 51 02  	lb	zero, 37(sp)
80004278: dd 01        	addi	gp, gp, 23
8000427a: cb 00 c7 01  	fnmsub.s	ft1, fa4, ft8, ft0, rne
8000427e: 15 02        	addi	tp, tp, 5
80004280: 58 01        	addi	a4, sp, 132
80004282: 39 01        	addi	sp, sp, 14
80004284: f0 01        	addi	a2, sp, 204
80004286: 8a 00        	slli	ra, ra, 2
80004288: 0a 00        	c.slli	zero, 2
8000428a: 30 02        	addi	a2, sp, 264
8000428c: 97 00 3d 02  	auipc	ra, 9168
80004290: 97 00 8a 00  	auipc	ra, 2208
80004294: ac 02        	addi	a1, sp, 328
80004296: 6d 01        	addi	sp, sp, 27
80004298: e2 00        	slli	ra, ra, 24
8000429a: 8b 01 3f 02  	<unknown>
8000429e: 7a 00        	c.slli	zero, 30
800042a0: 34 01        	addi	a3, sp, 136
800042a2: a6 00        	slli	ra, ra, 9
800042a4: 1c 00        	<unknown>
800042a6: 1e 02        	slli	tp, tp, 7
800042a8: 5f 00 a6 00  	<unknown>
800042ac: 8b 00 1d 01  	<unknown>
800042b0: 9a 02        	slli	t0, t0, 6
800042b2: b2 02        	slli	t0, t0, 12
800042b4: 97 02 a6 00  	auipc	t0, 2656
800042b8: 6d 01        	addi	sp, sp, 27
800042ba: 1e 00        	c.slli	zero, 7
800042bc: a5 01        	addi	gp, gp, 9
800042be: 66 01        	slli	sp, sp, 25
800042c0: 71 00        	c.nop	28
800042c2: 89 02        	addi	t0, t0, 2
800042c4: 0e 01        	slli	sp, sp, 3
800042c6: d3 02 bd 01  	fadd.s	ft5, fs10, fs11, rne
800042ca: 01 02        	mv	tp, tp
800042cc: 43 00 8c 02  	fmadd.d	ft0, fs8, fs0, ft0, rne
800042d0: 15 01        	addi	sp, sp, 5
800042d2: 32 01        	slli	sp, sp, 12
800042d4: b6 01        	slli	gp, gp, 13
800042d6: cc 02        	addi	a1, sp, 324
800042d8: 3d 01        	addi	sp, sp, 15
800042da: e2 01        	slli	gp, gp, 24
800042dc: 28 00        	addi	a0, sp, 8
800042de: 05 01        	addi	sp, sp, 1
800042e0: c3 02 a1 01  	fmadd.s	ft5, ft2, fs10, ft0, rne
800042e4: b2 01        	slli	gp, gp, 12
800042e6: 5d 00        	c.nop	23
800042e8: 39 02        	addi	tp, tp, 14
800042ea: a5 00        	addi	ra, ra, 9
800042ec: 42 02        	slli	tp, tp, 16
800042ee: fe 01        	slli	gp, gp, 31
800042f0: 84 01        	addi	s1, sp, 192
800042f2: 8c 00        	addi	a1, sp, 64
800042f4: 94 01        	addi	a3, sp, 192
800042f6: fa 01        	slli	gp, gp, 30
800042f8: 00 01        	addi	s0, sp, 128
800042fa: c4 00        	addi	s1, sp, 68
800042fc: 27 00 89 01  	<unknown>
80004300: 93 01 5e 02  	addi	gp, t3, 37
80004304: 63 00 ac 01  	beq	s8, s10, 0x80004304 <H_imag_fxp+0x9a4>
80004308: 72 01        	slli	sp, sp, 28
8000430a: 9d 01        	addi	gp, gp, 7
8000430c: 5b 02 5a 01  	<unknown>
80004310: 90 01        	addi	a2, sp, 192
80004312: e0 00        	addi	s0, sp, 76
80004314: a4 00        	addi	s1, sp, 72
80004316: 96 02        	slli	t0, t0, 5
80004318: 3e 01        	slli	sp, sp, 15
8000431a: e3 00 42 00  	beq	tp, tp, 0x80004b1a <Gram_ref_real+0x1ba>
8000431e: 43 01 53 00  	fmadd.s	ft2, ft6, ft5, ft0, rne
80004322: 41 02        	addi	tp, tp, 16
80004324: a2 00        	slli	ra, ra, 8
80004326: 94 02        	addi	a3, sp, 320
80004328: 70 02        	addi	a2, sp, 268
8000432a: e0 01        	addi	s0, sp, 204
8000432c: 88 00        	addi	a0, sp, 64
8000432e: 6e 00        	c.slli	zero, 27
80004330: 56 02        	slli	tp, tp, 21
80004332: fe 01        	slli	gp, gp, 31
80004334: 73 02 83 02  	<unknown>
80004338: 6d 01        	addi	sp, sp, 27
8000433a: 41 01        	addi	sp, sp, 16
8000433c: 1a 02        	slli	tp, tp, 6
8000433e: 01 00        	nop
80004340: 95 01        	addi	gp, gp, 5
80004342: 94 00        	addi	a3, sp, 64
80004344: 02 01        	c.slli64	sp
80004346: 68 01        	addi	a0, sp, 140
80004348: ed 00        	addi	ra, ra, 27
8000434a: cd 01        	addi	gp, gp, 19
8000434c: 0d 01        	addi	sp, sp, 3
8000434e: 41 01        	addi	sp, sp, 16
80004350: dc 01        	addi	a5, sp, 196
80004352: ae 01        	slli	gp, gp, 11
80004354: af 00 8f 00  	<unknown>
80004358: 5f 00 18 01  	<unknown>
8000435c: 50 02        	addi	a2, sp, 260
8000435e: 37 02 8a 01  	lui	tp, 6304
80004362: 4f 00 b2 00  	fnmadd.s	ft0, ft4, fa1, ft0, rne
80004366: b1 00        	addi	ra, ra, 12
80004368: ea 01        	slli	gp, gp, 26
8000436a: 1e 02        	slli	tp, tp, 7
8000436c: c1 00        	addi	ra, ra, 16
8000436e: 25 01        	addi	sp, sp, 9
80004370: 9b 00 5d 01  	addiw	ra, s10, 21
80004374: 9e 02        	slli	t0, t0, 7
80004376: a5 01        	addi	gp, gp, 9
80004378: 67 00 d4 02  	jr	45(s0)
8000437c: 48 02        	addi	a0, sp, 260
8000437e: c0 02        	addi	s0, sp, 324
80004380: 21 00        	c.nop	8
80004382: e6 00        	slli	ra, ra, 25
80004384: c0 01        	addi	s0, sp, 196
80004386: c6 01        	slli	gp, gp, 17
80004388: ea 01        	slli	gp, gp, 26
8000438a: 98 02        	addi	a4, sp, 320
8000438c: c5 02        	addi	t0, t0, 17
8000438e: 8b 00 75 02  	<unknown>
80004392: 18 01        	addi	a4, sp, 128
80004394: 7f 01 98 02  	<unknown>
80004398: 58 00        	addi	a4, sp, 4
8000439a: 8f 01 39 01  	<unknown>
8000439e: db 00 5f 00  	<unknown>
800043a2: af 01 62 00  	<unknown>
800043a6: 65 01        	addi	sp, sp, 25
800043a8: d4 00        	addi	a3, sp, 68
800043aa: d3 00 50 01  	fadd.s	ft1, ft0, fs5, rne
800043ae: 22 01        	slli	sp, sp, 8
800043b0: 4f 01 68 01  	fnmadd.s	ft2, fa6, fs6, ft0, rne
800043b4: b5 01        	addi	gp, gp, 13
800043b6: 15 00        	c.nop	5
800043b8: 0a 02        	slli	tp, tp, 2
800043ba: 5f 00 19 01  	<unknown>
800043be: 03 00 7b 01  	lb	zero, 23(s6)
800043c2: 4a 02        	slli	tp, tp, 18
800043c4: a6 01        	slli	gp, gp, 9
800043c6: 45 02        	addi	tp, tp, 17
800043c8: bd 02        	addi	t0, t0, 15
800043ca: 7e 01        	slli	sp, sp, 31
800043cc: c5 01        	addi	gp, gp, 17
800043ce: a5 01        	addi	gp, gp, 9
800043d0: 51 02        	addi	tp, tp, 20
800043d2: 8c 02        	addi	a1, sp, 320
800043d4: 00 00        	unimp	
800043d6: 70 02        	addi	a2, sp, 268
800043d8: 9b 01 89 00  	addiw	gp, s2, 8
800043dc: 13 01 c3 01  	addi	sp, t1, 28
800043e0: 90 01        	addi	a2, sp, 192
800043e2: a8 01        	addi	a0, sp, 200
800043e4: b9 00        	addi	ra, ra, 14
800043e6: c3 01 8b 00  	fmadd.s	ft3, fs6, fs0, ft0, rne
800043ea: e1 01        	addi	gp, gp, 24
800043ec: d5 01        	addi	gp, gp, 21
800043ee: c8 00        	addi	a0, sp, 68
800043f0: d2 02        	slli	t0, t0, 20
800043f2: cb 00 49 01  	fnmsub.s	ft1, fs2, fs4, ft0, rne
800043f6: 02 02        	c.slli64	tp
800043f8: 22 01        	slli	sp, sp, 8
800043fa: 3a 00        	c.slli	zero, 14
800043fc: c5 02        	addi	t0, t0, 17
800043fe: 49 02        	addi	tp, tp, 18
80004400: 7e 00        	c.slli	zero, 31
80004402: 9d 00        	addi	ra, ra, 7
80004404: 46 02        	slli	tp, tp, 17
80004406: 7c 01        	addi	a5, sp, 140
80004408: ca 02        	slli	t0, t0, 18
8000440a: 3a 02        	slli	tp, tp, 14
8000440c: cc 01        	addi	a1, sp, 196
8000440e: 1b 01 9f 01  	addiw	sp, t5, 25
80004412: bc 00        	addi	a5, sp, 72
80004414: 28 01        	addi	a0, sp, 136
80004416: 15 01        	addi	sp, sp, 5
80004418: bd 00        	addi	ra, ra, 15
8000441a: fe 00        	slli	ra, ra, 31
8000441c: 10 01        	addi	a2, sp, 128
8000441e: 6e 00        	c.slli	zero, 27
80004420: 03 01 94 02  	lb	sp, 41(s0)
80004424: 02 02        	c.slli64	tp
80004426: f5 01        	addi	gp, gp, 29
80004428: ec 00        	addi	a1, sp, 76
8000442a: 49 00        	c.nop	18
8000442c: 95 02        	addi	t0, t0, 5
8000442e: 6e 01        	slli	sp, sp, 27
80004430: 9c 00        	addi	a5, sp, 64
80004432: 79 00        	c.nop	30
80004434: 42 02        	slli	tp, tp, 16
80004436: f6 01        	slli	gp, gp, 29
80004438: d7 00 af 00  	vadd.vv	v1, v10, v30, v0.t
8000443c: 15 02        	addi	tp, tp, 5
8000443e: 90 02        	addi	a2, sp, 320
80004440: b8 01        	addi	a4, sp, 200
80004442: 7d 00        	c.nop	31
80004444: d6 01        	slli	gp, gp, 21
80004446: df 01 8f 01  	<unknown>
8000444a: 79 01        	addi	sp, sp, 30
8000444c: 94 01        	addi	a3, sp, 192
8000444e: ef 01 5d 01  	jal	gp, 0x800d4c62 <timer+0xccd22>
80004452: a6 01        	slli	gp, gp, 9
80004454: a9 02        	addi	t0, t0, 10
80004456: 68 01        	addi	a0, sp, 140
80004458: aa 00        	slli	ra, ra, 10
8000445a: ef 01 37 01  	jal	gp, 0x80074c6c <timer+0x6cd2c>
8000445e: a4 01        	addi	s1, sp, 200
80004460: 5c 01        	addi	a5, sp, 132
80004462: cf 00 02 00  	fnmadd.s	ft1, ft4, ft0, ft0, rne
80004466: 96 00        	slli	ra, ra, 5
80004468: 4f 00 97 00  	fnmadd.s	ft0, fa4, fs1, ft0, rne
8000446c: 2b 00 88 00  	<unknown>
80004470: 43 00 43 00  	fmadd.s	ft0, ft6, ft4, ft0, rne
80004474: 1d 01        	addi	sp, sp, 7
80004476: 34 02        	addi	a3, sp, 264
80004478: 7c 02        	addi	a5, sp, 268
8000447a: 14 02        	addi	a3, sp, 256
8000447c: a1 02        	addi	t0, t0, 8
8000447e: 52 00        	c.slli	zero, 20
80004480: f1 00        	addi	ra, ra, 28
80004482: 7d 02        	addi	tp, tp, 31
80004484: 67 00 81 01  	jr	24(sp)
80004488: 8c 02        	addi	a1, sp, 320
8000448a: 59 00        	c.nop	22
8000448c: 77 00 40 02  	<unknown>
80004490: 24 00        	addi	s1, sp, 8
80004492: 31 01        	addi	sp, sp, 12
80004494: b7 02 fa 01  	lui	t0, 8096
80004498: 3e 02        	slli	tp, tp, 15
8000449a: 63 01 a4 00  	beq	s0, a0, 0x8000449c <H_imag_fxp+0xb3c>
8000449e: ee 01        	slli	gp, gp, 27
800044a0: 02 01        	c.slli64	sp
800044a2: 7c 00        	addi	a5, sp, 12
800044a4: c9 00        	addi	ra, ra, 18
800044a6: 5c 01        	addi	a5, sp, 132
800044a8: 86 02        	slli	t0, t0, 1
800044aa: d5 00        	addi	ra, ra, 21
800044ac: bf 00 5b 00  	<unknown>
800044b0: 31 00        	c.nop	12
800044b2: 88 01        	addi	a0, sp, 192
800044b4: 63 02 60 02  	beq	zero, t1, 0x800044d8 <H_imag_fxp+0xb78>
800044b8: a8 00        	addi	a0, sp, 72
800044ba: 3e 02        	slli	tp, tp, 15
800044bc: 08 00        	<unknown>
800044be: 35 01        	addi	sp, sp, 13
800044c0: c2 01        	slli	gp, gp, 16
800044c2: 77 02 6d 02  	<unknown>
800044c6: 20 00        	addi	s0, sp, 8
800044c8: 95 00        	addi	ra, ra, 5
800044ca: 8e 01        	slli	gp, gp, 3
800044cc: b9 02        	addi	t0, t0, 14
800044ce: cf 00 1d 02  	fnmadd.d	ft1, fs10, ft1, ft0, rne
800044d2: e2 00        	slli	ra, ra, 24
800044d4: 33 02 2e 01  	add	tp, t3, s2
800044d8: 53 02 58 00  	fadd.s	ft4, fa6, ft5, rne
800044dc: bf 01 02 01  	<unknown>
800044e0: 4e 02        	slli	tp, tp, 19
800044e2: b5 01        	addi	gp, gp, 13
800044e4: 00 01        	addi	s0, sp, 128
800044e6: 77 01 ed 01  	<unknown>
800044ea: 00 00        	unimp	
800044ec: 83 01 51 01  	lb	gp, 21(sp)
800044f0: 97 00 4b 02  	auipc	ra, 9392
800044f4: 30 02        	addi	a2, sp, 264
800044f6: 18 01        	addi	a4, sp, 128
800044f8: f3 00 67 01  	<unknown>
800044fc: de 00        	slli	ra, ra, 23
800044fe: 3a 02        	slli	tp, tp, 14
80004500: 2f 01 8e 02  	<unknown>
80004504: 66 01        	slli	sp, sp, 25
80004506: f6 01        	slli	gp, gp, 29
80004508: 8e 01        	slli	gp, gp, 3
8000450a: 34 02        	addi	a3, sp, 264
8000450c: 71 02        	addi	tp, tp, 28
8000450e: e9 01        	addi	gp, gp, 26
80004510: 4c 01        	addi	a1, sp, 132
80004512: de 00        	slli	ra, ra, 23
80004514: 80 00        	addi	s0, sp, 64
80004516: 2d 00        	c.nop	11
80004518: 7d 01        	addi	sp, sp, 31
8000451a: a2 01        	slli	gp, gp, 8
8000451c: 07 02 fc 00  	<unknown>
80004520: ed 01        	addi	gp, gp, 27
80004522: 31 01        	addi	sp, sp, 12
80004524: 0a 02        	slli	tp, tp, 2
80004526: cd 00        	addi	ra, ra, 19
80004528: 98 00        	addi	a4, sp, 64
8000452a: ed 00        	addi	ra, ra, 27
8000452c: 11 01        	addi	sp, sp, 4
8000452e: 6e 01        	slli	sp, sp, 27
80004530: e9 01        	addi	gp, gp, 26
80004532: cb 01 8b 00  	fnmsub.s	ft3, fs6, fs0, ft0, rne
80004536: d9 00        	addi	ra, ra, 22
80004538: dd 00        	addi	ra, ra, 23
8000453a: 32 02        	slli	tp, tp, 12
8000453c: ee 01        	slli	gp, gp, 27
8000453e: 10 02        	addi	a2, sp, 256
80004540: eb 00 0d 01  	<unknown>
80004544: 58 02        	addi	a4, sp, 260
80004546: a6 02        	slli	t0, t0, 9
80004548: 1c 01        	addi	a5, sp, 128
8000454a: 20 00        	addi	s0, sp, 8
8000454c: 82 02        	c.slli64	t0
8000454e: fc 00        	addi	a5, sp, 76
80004550: 44 00        	addi	s1, sp, 4
80004552: 17 01 e6 00  	auipc	sp, 3680
80004556: 23 00 69 01  	sb	s6, 0(s2)
8000455a: 49 02        	addi	tp, tp, 18
8000455c: 1e 01        	slli	sp, sp, 7
8000455e: b3 00 26 02  	mul	ra, a2, sp
80004562: 24 00        	addi	s1, sp, 8
80004564: 5b 01 86 01  	<unknown>
80004568: f6 00        	slli	ra, ra, 29
8000456a: 51 01        	addi	sp, sp, 20
8000456c: c0 01        	addi	s0, sp, 196
8000456e: 4f 00 ae 02  	fnmadd.d	ft0, ft8, fa0, ft0, rne
80004572: 3e 02        	slli	tp, tp, 15
80004574: 3f 01 be 01  	<unknown>
80004578: 10 00        	<unknown>
8000457a: 7e 02        	slli	tp, tp, 31
8000457c: 4c 02        	addi	a1, sp, 260
8000457e: 31 02        	addi	tp, tp, 12
80004580: ad 00        	addi	ra, ra, 11
80004582: 0f 02 d5 01  	<unknown>
80004586: 26 00        	c.slli	zero, 9
80004588: 2c 00        	addi	a1, sp, 8
8000458a: 62 02        	slli	tp, tp, 24
8000458c: 0b 02 21 01  	<unknown>
80004590: 62 02        	slli	tp, tp, 24
80004592: 49 01        	addi	sp, sp, 18
80004594: 52 02        	slli	tp, tp, 20
80004596: 00 01        	addi	s0, sp, 128
80004598: a3 01 c9 02  	sb	a2, 35(s2)
8000459c: 00 01        	addi	s0, sp, 128
8000459e: 8b 01 58 02  	<unknown>
800045a2: c0 02        	addi	s0, sp, 324
800045a4: ac 02        	addi	a1, sp, 328
800045a6: ca 00        	slli	ra, ra, 18
800045a8: 28 00        	addi	a0, sp, 8
800045aa: 3d 00        	c.nop	15
800045ac: 48 00        	addi	a0, sp, 4
800045ae: 7a 00        	c.slli	zero, 30
800045b0: 6e 01        	slli	sp, sp, 27
800045b2: 54 00        	addi	a3, sp, 4
800045b4: 08 02        	addi	a0, sp, 256
800045b6: 75 02        	addi	tp, tp, 29
800045b8: b1 01        	addi	gp, gp, 12
800045ba: e9 01        	addi	gp, gp, 26
800045bc: b5 01        	addi	gp, gp, 13
800045be: c0 01        	addi	s0, sp, 196
800045c0: 6a 02        	slli	tp, tp, 26
800045c2: 29 02        	addi	tp, tp, 10
800045c4: 1d 02        	addi	tp, tp, 7
800045c6: bf 00 59 02  	<unknown>
800045ca: 83 00 af 02  	lb	ra, 42(t5)
800045ce: 3b 01 63 00  	addw	sp, t1, t1
800045d2: 62 00        	c.slli	zero, 24
800045d4: 4e 02        	slli	tp, tp, 19
800045d6: be 01        	slli	gp, gp, 15
800045d8: fc 00        	addi	a5, sp, 76
800045da: 59 00        	c.nop	22
800045dc: 41 02        	addi	tp, tp, 16
800045de: 25 00        	c.nop	9
800045e0: 9e 00        	slli	ra, ra, 7
800045e2: 17 01 42 02  	auipc	sp, 9248
800045e6: 4e 02        	slli	tp, tp, 19
800045e8: 80 02        	addi	s0, sp, 320
800045ea: 2b 01 38 02  	<unknown>
800045ee: 21 02        	addi	tp, tp, 8
800045f0: d7 01 62 00  	vadd.vv	v3, v6, v4, v0.t
800045f4: 1b 01 66 02  	addiw	sp, a2, 38
800045f8: cd 00        	addi	ra, ra, 19
800045fa: 65 01        	addi	sp, sp, 25
800045fc: c9 02        	addi	t0, t0, 18
800045fe: 0c 02        	addi	a1, sp, 256
80004600: e1 00        	addi	ra, ra, 24
80004602: 13 02 91 02  	addi	tp, sp, 41
80004606: d9 01        	addi	gp, gp, 22
80004608: 72 01        	slli	sp, sp, 28
8000460a: 3f 01 bc 00  	<unknown>
8000460e: 93 00 0d 02  	addi	ra, s10, 32
80004612: 5f 02 5e 01  	<unknown>
80004616: 31 00        	c.nop	12
80004618: 5e 02        	slli	tp, tp, 23
8000461a: 97 00 5c 01  	auipc	ra, 5568
8000461e: c2 02        	slli	t0, t0, 16
80004620: 36 00        	c.slli	zero, 13
80004622: 6d 02        	addi	tp, tp, 27
80004624: 94 00        	addi	a3, sp, 64
80004626: 64 01        	addi	s1, sp, 140
80004628: d8 00        	addi	a4, sp, 68
8000462a: 90 00        	addi	a2, sp, 64
8000462c: 15 02        	addi	tp, tp, 5
8000462e: 60 00        	addi	s0, sp, 12
80004630: 65 02        	addi	tp, tp, 25
80004632: 31 01        	addi	sp, sp, 12
80004634: 3e 02        	slli	tp, tp, 15
80004636: 6b 01 53 02  	<unknown>
8000463a: a9 01        	addi	gp, gp, 10
8000463c: ec 01        	addi	a1, sp, 204
8000463e: f4 00        	addi	a3, sp, 76
80004640: 8d 00        	addi	ra, ra, 3
80004642: b3 00 5f 00  	add	ra, t5, t0
80004646: 09 01        	addi	sp, sp, 2
80004648: ef 01 96 02  	jal	gp, 0x80064e70 <timer+0x5cf30>
8000464c: ca 01        	slli	gp, gp, 18
8000464e: ce 01        	slli	gp, gp, 19
80004650: 62 01        	slli	sp, sp, 24
80004652: 33 02 41 02  	mul	tp, sp, tp
80004656: 88 00        	addi	a0, sp, 64
80004658: 44 00        	addi	s1, sp, 4
8000465a: 01 02        	mv	tp, tp
8000465c: 38 02        	addi	a4, sp, 264
8000465e: 76 01        	slli	sp, sp, 29
80004660: 84 00        	addi	s1, sp, 64
80004662: c9 02        	addi	t0, t0, 18
80004664: 51 02        	addi	tp, tp, 20
80004666: bc 02        	addi	a5, sp, 328
80004668: 9d 00        	addi	ra, ra, 7
8000466a: 60 01        	addi	s0, sp, 140
8000466c: 65 00        	c.nop	25
8000466e: fb 00 e3 01  	<unknown>
80004672: 24 00        	addi	s1, sp, 8
80004674: 5b 00 38 00  	<unknown>
80004678: 1b 01 cb 02  	addiw	sp, s6, 44
8000467c: 0d 00        	c.nop	3
8000467e: 6b 00 30 02  	<unknown>
80004682: 0a 02        	slli	tp, tp, 2
80004684: 4a 02        	slli	tp, tp, 18
80004686: 5a 00        	c.slli	zero, 22
80004688: 64 00        	addi	s1, sp, 12
8000468a: 46 01        	slli	sp, sp, 17
8000468c: 32 02        	slli	tp, tp, 12
8000468e: 8c 01        	addi	a1, sp, 192
80004690: f7 01 e7 01  	<unknown>
80004694: 04 01        	addi	s1, sp, 128
80004696: 52 00        	c.slli	zero, 20
80004698: 40 00        	addi	s0, sp, 4
8000469a: 64 00        	addi	s1, sp, 12
8000469c: b9 02        	addi	t0, t0, 14
8000469e: e7 01 fd 00  	jalr	gp, 15(s10)
800046a2: 57 00 ab 00  	vadd.vv	v0, v10, v22, v0.t
800046a6: bb 01 83 02  	mulw	gp, t1, s0
800046aa: 66 00        	c.slli	zero, 25
800046ac: 8a 01        	slli	gp, gp, 2
800046ae: b0 00        	addi	a2, sp, 72
800046b0: c9 01        	addi	gp, gp, 18
800046b2: 43 00 ad 02  	fmadd.d	ft0, fs10, fa0, ft0, rne
800046b6: eb 01 12 01  	<unknown>
800046ba: 30 01        	addi	a2, sp, 136
800046bc: 18 00        	<unknown>
800046be: 44 00        	addi	s1, sp, 4
800046c0: 74 00        	addi	a3, sp, 12
800046c2: 7b 01 d1 00  	<unknown>
800046c6: d5 01        	addi	gp, gp, 21
800046c8: 0e 02        	slli	tp, tp, 3
800046ca: bf 01 06 01  	<unknown>
800046ce: bb 01 0c 00  	addw	gp, s8, zero
800046d2: 0f 00 37 01  	<unknown>
800046d6: 92 02        	slli	t0, t0, 4
800046d8: 41 00        	c.nop	16
800046da: b3 00 7c 02  	mul	ra, s8, t2
800046de: 07 01 1c 01  	<unknown>
800046e2: f7 01 c0 02  	<unknown>
800046e6: ad 02        	addi	t0, t0, 11
800046e8: 0a 02        	slli	tp, tp, 2
800046ea: 43 00 11 00  	fmadd.s	ft0, ft2, ft1, ft0, rne
800046ee: 16 00        	c.slli	zero, 5
800046f0: e6 01        	slli	gp, gp, 25
800046f2: 6f 00 f9 00  	j	0x80094f00 <timer+0x8cfc0>
800046f6: 2d 01        	addi	sp, sp, 11
800046f8: 0f 00 b3 00  	<unknown>
800046fc: 40 00        	addi	s0, sp, 4
800046fe: 05 02        	addi	tp, tp, 1
80004700: 56 00        	c.slli	zero, 21
80004702: 64 00        	addi	s1, sp, 12
80004704: 34 02        	addi	a3, sp, 264
80004706: c6 02        	slli	t0, t0, 17
80004708: c4 01        	addi	s1, sp, 196
8000470a: e7 00 29 00  	jalr	2(s2)
8000470e: 41 01        	addi	sp, sp, 16
80004710: a2 02        	slli	t0, t0, 8
80004712: 37 01 44 00  	lui	sp, 1088
80004716: 24 01        	addi	s1, sp, 136
80004718: 23 02 13 00  	sb	ra, 4(t1)
8000471c: a2 02        	slli	t0, t0, 8
8000471e: 9d 02        	addi	t0, t0, 7
80004720: 3b 01 ed 01  	addw	sp, s10, t5
80004724: bd 02        	addi	t0, t0, 15
80004726: 1c 01        	addi	a5, sp, 128
80004728: e0 00        	addi	s0, sp, 76
8000472a: b9 02        	addi	t0, t0, 14
8000472c: fc 01        	addi	a5, sp, 204
8000472e: 2f 00 ab 01  	<unknown>
80004732: a2 00        	slli	ra, ra, 8
80004734: 8b 01 b3 01  	<unknown>
80004738: 05 01        	addi	sp, sp, 1
8000473a: b0 02        	addi	a2, sp, 328
8000473c: 27 01 4a 00  	<unknown>
80004740: 5c 00        	addi	a5, sp, 4
80004742: f7 01 e4 01  	<unknown>
80004746: 35 02        	addi	tp, tp, 13
80004748: 42 00        	c.slli	zero, 16
8000474a: 71 00        	c.nop	28
8000474c: 11 01        	addi	sp, sp, 4
8000474e: 75 02        	addi	tp, tp, 29
80004750: 6d 00        	c.nop	27
80004752: f0 01        	addi	a2, sp, 204
80004754: 74 02        	addi	a3, sp, 268
80004756: c4 02        	addi	s1, sp, 324
80004758: 5c 01        	addi	a5, sp, 132
8000475a: f1 00        	addi	ra, ra, 28
8000475c: b4 01        	addi	a3, sp, 200
8000475e: 02 00        	c.slli64	zero
80004760: ce 01        	slli	gp, gp, 19
80004762: 48 01        	addi	a0, sp, 132
80004764: 17 00 3d 02  	auipc	zero, 9168
80004768: 8d 02        	addi	t0, t0, 3
8000476a: 8d 01        	addi	gp, gp, 3
8000476c: b4 01        	addi	a3, sp, 200
8000476e: bd 02        	addi	t0, t0, 15
80004770: cb 00 3e 00  	fnmsub.s	ft1, ft8, ft3, ft0, rne
80004774: 0d 01        	addi	sp, sp, 3
80004776: a9 01        	addi	gp, gp, 10
80004778: 44 02        	addi	s1, sp, 260
8000477a: 16 00        	c.slli	zero, 5
8000477c: 3f 01 15 02  	<unknown>
80004780: 26 00        	c.slli	zero, 9
80004782: 01 02        	mv	tp, tp
80004784: 99 02        	addi	t0, t0, 6
80004786: bb 00 cf 02  	mulw	ra, t5, a2
8000478a: d3 00 b5 02  	fadd.d	ft1, fa0, fa1, rne
8000478e: 1e 01        	slli	sp, sp, 7
80004790: 7f 01 78 02  	<unknown>
80004794: 3e 00        	c.slli	zero, 15
80004796: fa 00        	slli	ra, ra, 30
80004798: 91 00        	addi	ra, ra, 4
8000479a: 18 01        	addi	a4, sp, 128
8000479c: 99 02        	addi	t0, t0, 6
8000479e: 61 01        	addi	sp, sp, 24
800047a0: 0b 02 d1 01  	<unknown>
800047a4: c6 01        	slli	gp, gp, 17
800047a6: 44 02        	addi	s1, sp, 260
800047a8: 2c 01        	addi	a1, sp, 136
800047aa: 6a 01        	slli	sp, sp, 26
800047ac: 11 01        	addi	sp, sp, 4
800047ae: 05 00        	c.nop	1
800047b0: 37 02 47 01  	lui	tp, 5232
800047b4: 09 00        	c.nop	2
800047b6: 37 02 9f 00  	lui	tp, 2544
800047ba: aa 01        	slli	gp, gp, 10
800047bc: b6 02        	slli	t0, t0, 13
800047be: 87 00 79 01  	<unknown>
800047c2: c3 02 6e 02  	fmadd.d	ft5, ft8, ft6, ft0, rne
800047c6: 0b 00 1f 01  	<unknown>
800047ca: 55 02        	addi	tp, tp, 21
800047cc: f3 00 30 01  	<unknown>
800047d0: 4e 02        	slli	tp, tp, 19
800047d2: 8d 02        	addi	t0, t0, 3
800047d4: fd 00        	addi	ra, ra, 31
800047d6: 3d 00        	c.nop	15
800047d8: 4f 01 5b 02  	fnmadd.d	ft2, fs6, ft5, ft0, rne
800047dc: 85 02        	addi	t0, t0, 1
800047de: 15 01        	addi	sp, sp, 5
800047e0: ce 02        	slli	t0, t0, 19
800047e2: 6f 02 49 02  	jal	tp, 0x80094806 <timer+0x8c8c6>
800047e6: ec 00        	addi	a1, sp, 76
800047e8: 30 01        	addi	a2, sp, 136
800047ea: f9 00        	addi	ra, ra, 30
800047ec: 3b 02 b3 00  	addw	tp, t1, a1
800047f0: 3d 01        	addi	sp, sp, 15
800047f2: d1 01        	addi	gp, gp, 20
800047f4: b4 00        	addi	a3, sp, 72
800047f6: 92 01        	slli	gp, gp, 4
800047f8: a3 00 7f 00  	sb	t2, 1(t5)
800047fc: 76 02        	slli	tp, tp, 29
800047fe: a5 01        	addi	gp, gp, 9
80004800: d9 01        	addi	gp, gp, 22
80004802: c5 00        	addi	ra, ra, 17
80004804: 7d 00        	c.nop	31
80004806: 58 02        	addi	a4, sp, 260
80004808: 85 02        	addi	t0, t0, 1
8000480a: aa 01        	slli	gp, gp, 10
8000480c: 16 01        	slli	sp, sp, 5
8000480e: 33 00 71 02  	mul	zero, sp, t2
80004812: 1a 00        	c.slli	zero, 6
80004814: ba 02        	slli	t0, t0, 14
80004816: ce 01        	slli	gp, gp, 19
80004818: 8d 02        	addi	t0, t0, 3
8000481a: 47 00 56 02  	fmsub.d	ft0, fa2, ft5, ft0, rne
8000481e: 06 00        	c.slli	zero, 1
80004820: 16 00        	c.slli	zero, 5
80004822: 53 00 5b 01  	fadd.s	ft0, fs6, fs5, rne
80004826: 1f 02 dd 01  	<unknown>
8000482a: 05 01        	addi	sp, sp, 1
8000482c: 85 02        	addi	t0, t0, 1
8000482e: 75 00        	c.nop	29
80004830: 26 00        	c.slli	zero, 9
80004832: b9 02        	addi	t0, t0, 14
80004834: d4 01        	addi	a3, sp, 196
80004836: f1 00        	addi	ra, ra, 28
80004838: b1 00        	addi	ra, ra, 12
8000483a: 61 01        	addi	sp, sp, 24
8000483c: 83 00 4e 02  	lb	ra, 36(t3)
80004840: fa 01        	slli	gp, gp, 30
80004842: 60 00        	addi	s0, sp, 12
80004844: ba 02        	slli	t0, t0, 14
80004846: 5b 00 de 01  	<unknown>
8000484a: cf 00 4d 02  	fnmadd.d	ft1, fs10, ft4, ft0, rne
8000484e: 8b 02 11 00  	<unknown>
80004852: e7 01 ee 01  	jalr	gp, 30(t3)
80004856: 34 01        	addi	a3, sp, 136
80004858: 68 02        	addi	a0, sp, 268
8000485a: 96 02        	slli	t0, t0, 5
8000485c: ff 01 e8 01  	<unknown>
80004860: 73 02 53 01  	<unknown>
80004864: 7a 01        	slli	sp, sp, 30
80004866: 17 02 ac 01  	auipc	tp, 6848
8000486a: a5 02        	addi	t0, t0, 9
8000486c: ab 01 1a 01  	<unknown>
80004870: bf 01 25 01  	<unknown>
80004874: 06 01        	slli	sp, sp, 1
80004876: 14 02        	addi	a3, sp, 256
80004878: b6 01        	slli	gp, gp, 13
8000487a: 61 01        	addi	sp, sp, 24
8000487c: 6d 00        	c.nop	27
8000487e: d4 01        	addi	a3, sp, 196
80004880: 2a 00        	c.slli	zero, 10
80004882: 40 01        	addi	s0, sp, 132
80004884: c6 01        	slli	gp, gp, 17
80004886: 83 02 ac 01  	lb	t0, 26(s8)
8000488a: 54 01        	addi	a3, sp, 132
8000488c: 6f 01 90 02  	jal	sp, 0x800050b4 <Gram_ref_real+0x754>
80004890: b7 00 b6 00  	lui	ra, 2912
80004894: 8a 02        	slli	t0, t0, 2
80004896: 8a 02        	slli	t0, t0, 2
80004898: 9c 02        	addi	a5, sp, 320
8000489a: 3e 00        	c.slli	zero, 15
8000489c: d6 00        	slli	ra, ra, 21
8000489e: 80 02        	addi	s0, sp, 320
800048a0: 60 02        	addi	s0, sp, 268
800048a2: ab 02 ad 01  	<unknown>
800048a6: 66 01        	slli	sp, sp, 25
800048a8: 15 00        	c.nop	5
800048aa: 7d 01        	addi	sp, sp, 31
800048ac: 0c 00        	<unknown>
800048ae: 0a 02        	slli	tp, tp, 2
800048b0: e0 01        	addi	s0, sp, 204
800048b2: 0a 02        	slli	tp, tp, 2
800048b4: 90 02        	addi	a2, sp, 320
800048b6: 86 02        	slli	t0, t0, 1
800048b8: 4a 01        	slli	sp, sp, 18
800048ba: 05 02        	addi	tp, tp, 1
800048bc: 91 02        	addi	t0, t0, 4
800048be: ea 00        	slli	ra, ra, 26
800048c0: 80 02        	addi	s0, sp, 320
800048c2: 54 02        	addi	a3, sp, 260
800048c4: cf 00 1a 02  	fnmadd.d	ft1, fs4, ft1, ft0, rne
800048c8: 57 01 2c 00  	vadd.vv	v2, v2, v24, v0.t
800048cc: 58 00        	addi	a4, sp, 4
800048ce: 48 00        	addi	a0, sp, 4
800048d0: ea 01        	slli	gp, gp, 26
800048d2: 51 00        	c.nop	20
800048d4: e5 01        	addi	gp, gp, 25
800048d6: 6a 00        	c.slli	zero, 26
800048d8: 97 02 11 02  	auipc	t0, 8464
800048dc: 97 01 88 00  	auipc	gp, 2176
800048e0: 53 01 ea 01  	fadd.s	ft2, fs4, ft10, rne
800048e4: 0d 00        	c.nop	3
800048e6: d5 00        	addi	ra, ra, 21
800048e8: ce 01        	slli	gp, gp, 19
800048ea: 90 01        	addi	a2, sp, 192
800048ec: c3 01 da 01  	fmadd.s	ft3, fs4, ft9, ft0, rne
800048f0: 6e 01        	slli	sp, sp, 27
800048f2: 93 02 d2 01  	addi	t0, tp, 29
800048f6: 46 02        	slli	tp, tp, 17
800048f8: c6 01        	slli	gp, gp, 17
800048fa: 67 02 10 00  	jalr	tp, 1(zero)
800048fe: dc 00        	addi	a5, sp, 68
80004900: 9f 02 e6 00  	<unknown>
80004904: 8c 00        	addi	a1, sp, 64
80004906: 4d 02        	addi	tp, tp, 19
80004908: 30 00        	addi	a2, sp, 8
8000490a: ca 00        	slli	ra, ra, 18
8000490c: 5c 01        	addi	a5, sp, 132
8000490e: 03 00 7c 01  	lb	zero, 23(s8)
80004912: 60 02        	addi	s0, sp, 268
80004914: 9b 01 93 02  	addiw	gp, t1, 41
80004918: 52 02        	slli	tp, tp, 20
8000491a: f9 01        	addi	gp, gp, 30
8000491c: cd 02        	addi	t0, t0, 19
8000491e: 97 00 c8 01  	auipc	ra, 7296
80004922: c3 00 9e 00  	fmadd.s	ft1, ft8, fs1, ft0, rne
80004926: 3d 02        	addi	tp, tp, 15
80004928: 33 02 7e 02  	mul	tp, t3, t2
8000492c: 9d 02        	addi	t0, t0, 7
8000492e: 41 01        	addi	sp, sp, 16
80004930: 27 00 17 01  	<unknown>
80004934: 19 02        	addi	tp, tp, 6
80004936: 76 00        	c.slli	zero, 29
80004938: 5b 02 0d 02  	<unknown>
8000493c: 6c 00        	addi	a1, sp, 12
8000493e: f3 01 82 02  	<unknown>
80004942: e2 00        	slli	ra, ra, 24
80004944: 78 02        	addi	a4, sp, 268
80004946: b0 01        	addi	a2, sp, 200
80004948: 5f 01 d0 01  	<unknown>
8000494c: 1a 01        	slli	sp, sp, 6
8000494e: 79 02        	addi	tp, tp, 30
80004950: a7 01 d8 01  	<unknown>
80004954: fb 01 b9 02  	<unknown>
80004958: 66 00        	c.slli	zero, 25
8000495a: 3a 02        	slli	tp, tp, 14
8000495c: 5b 02 c8 02  	<unknown>

0000000080004960 <Gram_ref_real>:
80004960: ab 07 ef 04  	<unknown>
80004964: f6 05        	slli	a1, a1, 29
80004966: 64 05        	addi	s1, sp, 652
80004968: 8e 04        	slli	s1, s1, 3
8000496a: cf 05 50 06  	<unknown>
8000496e: f0 06        	addi	a2, sp, 844
80004970: 1d 06        	addi	a2, a2, 7
80004972: 4a 05        	slli	a0, a0, 18
80004974: c6 05        	slli	a1, a1, 17
80004976: c2 04        	slli	s1, s1, 16
80004978: d7 06 78 05  	<unknown>
8000497c: 25 05        	addi	a0, a0, 9
8000497e: da 05        	slli	a1, a1, 22
80004980: 23 07 cd 05  	sb	t3, 78(s10)
80004984: 8b 06 bc 03  	<unknown>
80004988: 45 07        	addi	a4, a4, 17
8000498a: dc 08        	addi	a5, sp, 84
8000498c: b0 06        	addi	a2, sp, 840
8000498e: 13 05 28 07  	addi	a0, a6, 114
80004992: 24 05        	addi	s1, sp, 648
80004994: 16 07        	slli	a4, a4, 5
80004996: 09 07        	addi	a4, a4, 2
80004998: 23 06 a5 0a  	sb	a0, 172(a0)
8000499c: df 04 d9 08  	<unknown>
800049a0: 1d 07        	addi	a4, a4, 7
800049a2: 53 04 9f 07  	<unknown>
800049a6: 98 0a        	addi	a4, sp, 336
800049a8: 36 06        	slli	a2, a2, 13
800049aa: ca 03        	slli	t2, t2, 18
800049ac: 86 06        	slli	a3, a3, 1
800049ae: 50 04        	addi	a2, sp, 516
800049b0: d2 05        	slli	a1, a1, 20
800049b2: 51 02        	addi	tp, tp, 20
800049b4: e7 03 65 09  	jalr	t2, 150(a0)
800049b8: 52 04        	slli	s0, s0, 20
800049ba: 2f 07 7b 05  	<unknown>
800049be: 43 06 68 07  	<unknown>
800049c2: 47 06 ad 06  	<unknown>
800049c6: a9 03        	addi	t2, t2, 10
800049c8: bb 09 8c 05  	<unknown>
800049cc: 08 05        	addi	a0, sp, 640
800049ce: a4 05        	addi	s1, sp, 712
800049d0: 40 05        	addi	s0, sp, 644
800049d2: 34 04        	addi	a3, sp, 520
800049d4: a2 06        	slli	a3, a3, 8
800049d6: a5 04        	addi	s1, s1, 9
800049d8: 26 06        	slli	a2, a2, 9
800049da: 00 06        	addi	s0, sp, 768
800049dc: 78 07        	addi	a4, sp, 908
800049de: 03 04 43 05  	lb	s0, 84(t1)
800049e2: ba 05        	slli	a1, a1, 14
800049e4: f9 05        	addi	a1, a1, 30
800049e6: dd 06        	addi	a3, a3, 23
800049e8: 83 07 0d 05  	lb	a5, 80(s10)
800049ec: 25 06        	addi	a2, a2, 9
800049ee: a6 02        	slli	t0, t0, 9
800049f0: 02 06        	c.slli64	a2
800049f2: da 05        	slli	a1, a1, 22
800049f4: 8e 06        	slli	a3, a3, 3
800049f6: 23 08 0f 06  	sb	zero, 112(t5)
800049fa: 10 04        	addi	a2, sp, 512
800049fc: b1 03        	addi	t2, t2, 12
800049fe: 38 06        	addi	a4, sp, 776
80004a00: 1a 06        	slli	a2, a2, 6
80004a02: 21 06        	addi	a2, a2, 8
80004a04: 5c 05        	addi	a5, sp, 644
80004a06: 5e 09        	slli	s2, s2, 23
80004a08: ad 04        	addi	s1, s1, 11
80004a0a: 20 06        	addi	s0, sp, 776
80004a0c: 55 05        	addi	a0, a0, 21
80004a0e: 2e 02        	slli	tp, tp, 11
80004a10: 51 06        	addi	a2, a2, 20
80004a12: 2a 08        	slli	a6, a6, 10
80004a14: af 04 79 06  	<unknown>
80004a18: 5c 04        	addi	a5, sp, 516
80004a1a: 6e 05        	slli	a0, a0, 27
80004a1c: 2f 0b d1 05  	<unknown>
80004a20: 62 02        	slli	tp, tp, 24
80004a22: 33 05 a5 04  	<unknown>
80004a26: fa 05        	slli	a1, a1, 30
80004a28: c3 02 12 04  	<unknown>
80004a2c: ce 09        	slli	s3, s3, 19
80004a2e: 93 02 37 06  	addi	t0, a4, 99
80004a32: 67 04 76 05  	jalr	s0, 87(a2)
80004a36: 4b 05 f8 07  	<unknown>
80004a3a: ff 04 bd 05  	<unknown>
80004a3e: d1 04        	addi	s1, s1, 20
80004a40: c1 05        	addi	a1, a1, 16
80004a42: e8 02        	addi	a0, sp, 332
80004a44: 8e 06        	slli	a3, a3, 3
80004a46: cd 05        	addi	a1, a1, 19
80004a48: c3 06 d5 05  	<unknown>
80004a4c: 9f 07 bd 04  	<unknown>
80004a50: 85 02        	addi	t0, t0, 1
80004a52: 2d 08        	addi	a6, a6, 11
80004a54: 6a 07        	slli	a4, a4, 26
80004a56: 4c 06        	addi	a1, sp, 772
80004a58: 30 0b        	addi	a2, sp, 408
80004a5a: e7 03 b2 06  	jalr	t2, 107(tp)
80004a5e: df 05 20 06  	<unknown>
80004a62: 24 05        	addi	s1, sp, 648
80004a64: 33 05 06 05  	<unknown>
80004a68: bf 04 a3 03  	<unknown>
80004a6c: c0 03        	addi	s0, sp, 452
80004a6e: 85 02        	addi	t0, t0, 1
80004a70: 89 03        	addi	t2, t2, 2
80004a72: 5c 04        	addi	a5, sp, 516
80004a74: c7 02 ea 03  	fmsub.d	ft5, fs4, ft10, ft0, rne
80004a78: ec 04        	addi	a1, sp, 588
80004a7a: 9f 04 78 03  	<unknown>
80004a7e: f8 02        	addi	a4, sp, 332
80004a80: e1 02        	addi	t0, t0, 24
80004a82: 62 03        	slli	t1, t1, 24
80004a84: dc 05        	addi	a5, sp, 708
80004a86: 91 02        	addi	t0, t0, 4
80004a88: 74 02        	addi	a3, sp, 268
80004a8a: 41 06        	addi	a2, a2, 16
80004a8c: 50 04        	addi	a2, sp, 516
80004a8e: 15 04        	addi	s0, s0, 5
80004a90: 39 04        	addi	s0, s0, 14
80004a92: 91 03        	addi	t2, t2, 4
80004a94: 32 03        	slli	t1, t1, 12
80004a96: 86 04        	slli	s1, s1, 1
80004a98: b3 04 2b 05  	<unknown>
80004a9c: f3 02 ca 06  	<unknown>
80004aa0: 86 03        	slli	t2, t2, 1
80004aa2: 6c 02        	addi	a1, sp, 268
80004aa4: 17 04 1a 07  	auipc	s0, 29088
80004aa8: 4a 04        	slli	s0, s0, 18
80004aaa: 56 02        	slli	tp, tp, 21
80004aac: 21 04        	addi	s0, s0, 8
80004aae: 01 04        	mv	s0, s0
80004ab0: 27 05 85 03  	<unknown>
80004ab4: a5 03        	addi	t2, t2, 9
80004ab6: 68 06        	addi	a0, sp, 780
80004ab8: 7c 04        	addi	a5, sp, 524
80004aba: 7c 05        	addi	a5, sp, 652
80004abc: 51 03        	addi	t1, t1, 20
80004abe: 53 04 cb 03  	fadd.d	fs0, fs6, ft8, rne
80004ac2: 7a 05        	slli	a0, a0, 30
80004ac4: 04 05        	addi	s1, sp, 640
80004ac6: 12 04        	slli	s0, s0, 4
80004ac8: 52 08        	slli	a6, a6, 20
80004aca: 88 03        	addi	a0, sp, 448
80004acc: 47 02 4c 04  	<unknown>
80004ad0: ee 01        	slli	gp, gp, 27
80004ad2: 25 04        	addi	s0, s0, 9
80004ad4: 0d 04        	addi	s0, s0, 3
80004ad6: aa 04        	slli	s1, s1, 10
80004ad8: b0 04        	addi	a2, sp, 584
80004ada: 47 05 9e 05  	<unknown>
80004ade: c2 02        	slli	t0, t0, 16
80004ae0: f2 04        	slli	s1, s1, 28
80004ae2: c8 03        	addi	a0, sp, 452
80004ae4: f2 05        	slli	a1, a1, 28
80004ae6: a3 04 73 06  	sb	t2, 105(t1)
80004aea: f5 03        	addi	t2, t2, 29
80004aec: c1 04        	addi	s1, s1, 16
80004aee: 07 02 5f 04  	vluxei8.v	v4, (t5), v5, v0.t
80004af2: eb 03 d6 04  	<unknown>
80004af6: 95 04        	addi	s1, s1, 5
80004af8: 2a 04        	slli	s0, s0, 10
80004afa: c2 02        	slli	t0, t0, 16
80004afc: 72 02        	slli	tp, tp, 28
80004afe: fb 04 74 04  	<unknown>
80004b02: 7f 02 c4 04  	<unknown>
80004b06: 6c 06        	addi	a1, sp, 780
80004b08: a3 03 e9 03  	sb	t5, 39(s2)
80004b0c: 42 04        	slli	s0, s0, 16
80004b0e: 0b 02 c7 04  	<unknown>
80004b12: fc 02        	addi	a5, sp, 332
80004b14: 64 05        	addi	s1, sp, 652
80004b16: 99 04        	addi	s1, s1, 6
80004b18: 77 03 69 02  	<unknown>
80004b1c: 2d 07        	addi	a4, a4, 11
80004b1e: 73 03 12 02  	<unknown>
80004b22: 60 05        	addi	s0, sp, 652
80004b24: 54 03        	addi	a3, sp, 388
80004b26: 82 04        	c.slli64	s1
80004b28: 6e 03        	slli	t1, t1, 27
80004b2a: 72 02        	slli	tp, tp, 28
80004b2c: 4d 03        	addi	t1, t1, 19
80004b2e: 32 02        	slli	tp, tp, 12
80004b30: 73 05 16 04  	<unknown>
80004b34: 12 04        	slli	s0, s0, 4
80004b36: e9 04        	addi	s1, s1, 26
80004b38: 29 06        	addi	a2, a2, 10
80004b3a: 27 04 6c 04  	vsuxei8.v	v8, (s8), v6, v0.t
80004b3e: 5b 03 3f 03  	<unknown>
80004b42: 8a 02        	slli	t0, t0, 2
80004b44: 6a 03        	slli	t1, t1, 26
80004b46: ba 04        	slli	s1, s1, 14
80004b48: 07 04 3a 03  	<unknown>
80004b4c: f1 03        	addi	t2, t2, 28
80004b4e: ca 04        	slli	s1, s1, 18
80004b50: 27 02 12 05  	vsuxei8.v	v4, (tp), v17, v0.t
80004b54: 27 05 81 05  	vsuxei8.v	v10, (sp), v24, v0.t
80004b58: 65 07        	addi	a4, a4, 25
80004b5a: 06 03        	slli	t1, t1, 1
80004b5c: ee 04        	slli	s1, s1, 27
80004b5e: 79 05        	addi	a0, a0, 30
80004b60: 04 05        	addi	s1, sp, 640
80004b62: 1b 02 9f 03  	addiw	tp, t5, 57
80004b66: b7 03 49 03  	lui	t2, 13456
80004b6a: ad 04        	addi	s1, s1, 11
80004b6c: 31 04        	addi	s0, s0, 12
80004b6e: 74 05        	addi	a3, sp, 652
80004b70: 09 04        	addi	s0, s0, 2
80004b72: bd 04        	addi	s1, s1, 15
80004b74: bc 05        	addi	a5, sp, 712
80004b76: ab 03 64 04  	<unknown>
80004b7a: 28 02        	addi	a0, sp, 264
80004b7c: 61 05        	addi	a0, a0, 24
80004b7e: f6 05        	slli	a1, a1, 29
80004b80: 11 05        	addi	a0, a0, 4
80004b82: 14 04        	addi	a3, sp, 512
80004b84: ae 05        	slli	a1, a1, 11
80004b86: ce 02        	slli	t0, t0, 19
80004b88: 01 04        	mv	s0, s0
80004b8a: fe 06        	slli	a3, a3, 31
80004b8c: e0 05        	addi	s0, sp, 716
80004b8e: 59 02        	addi	tp, tp, 22
80004b90: 79 05        	addi	a0, a0, 30
80004b92: 83 04 ae 05  	lb	s1, 90(t3)
80004b96: af 06 36 02  	<unknown>
80004b9a: 10 06        	addi	a2, sp, 768
80004b9c: d6 01        	slli	gp, gp, 21
80004b9e: 76 04        	slli	s0, s0, 29
80004ba0: f4 03        	addi	a3, sp, 460
80004ba2: 2c 04        	addi	a1, sp, 520
80004ba4: 73 04 8c 06  	<unknown>
80004ba8: 27 03 70 01  	<unknown>
80004bac: dc 04        	addi	a5, sp, 580
80004bae: 95 03        	addi	t2, t2, 5
80004bb0: 1a 03        	slli	t1, t1, 6
80004bb2: dd 02        	addi	t0, t0, 23
80004bb4: 1a 02        	slli	tp, tp, 6
80004bb6: a3 05 e7 03  	sb	t5, 43(a4)
80004bba: 69 05        	addi	a0, a0, 26
80004bbc: 90 04        	addi	a2, sp, 576
80004bbe: c2 03        	slli	t2, t2, 16
80004bc0: fa 04        	slli	s1, s1, 30
80004bc2: a7 03 c6 04  	vsuxei8.v	v7, (a2), v12, v0.t
80004bc6: d8 01        	addi	a4, sp, 196
80004bc8: 60 06        	addi	s0, sp, 780
80004bca: 71 02        	addi	tp, tp, 28
80004bcc: d4 03        	addi	a3, sp, 452
80004bce: 7e 03        	slli	t1, t1, 31
80004bd0: 6a 04        	slli	s0, s0, 26
80004bd2: 50 06        	addi	a2, sp, 772
80004bd4: 08 04        	addi	a0, sp, 512
80004bd6: d8 04        	addi	a4, sp, 580
80004bd8: 22 03        	slli	t1, t1, 8
80004bda: ca 02        	slli	t0, t0, 18
80004bdc: aa 04        	slli	s1, s1, 10
80004bde: 57 04 b2 02  	vadd.vv	v8, v11, v4
80004be2: 62 05        	slli	a0, a0, 24
80004be4: 4d 04        	addi	s0, s0, 19
80004be6: e9 04        	addi	s1, s1, 26
80004be8: 68 04        	addi	a0, sp, 524
80004bea: d3 02 c4 04  	<unknown>
80004bee: 7a 01        	slli	sp, sp, 30
80004bf0: 66 03        	slli	t1, t1, 25
80004bf2: 64 05        	addi	s1, sp, 652
80004bf4: e7 03 e1 05  	jalr	t2, 94(sp)
80004bf8: cf 02 3e 02  	fnmadd.d	ft5, ft8, ft3, ft0, rne
80004bfc: 84 04        	addi	s1, sp, 576
80004bfe: 46 05        	slli	a0, a0, 17
80004c00: 4b 04 e3 03  	fnmsub.d	fs0, ft6, ft10, ft0, rne
80004c04: a4 02        	addi	s1, sp, 328
80004c06: b0 05        	addi	a2, sp, 712
80004c08: 4a 03        	slli	t1, t1, 18
80004c0a: f5 03        	addi	t2, t2, 29
80004c0c: 8a 04        	slli	s1, s1, 2
80004c0e: 44 02        	addi	s1, sp, 260
80004c10: 59 05        	addi	a0, a0, 22
80004c12: 9f 04 87 04  	<unknown>
80004c16: 87 05 fc 03  	<unknown>
80004c1a: 93 02 e4 04  	addi	t0, s0, 78
80004c1e: fc 01        	addi	a5, sp, 204
80004c20: 51 02        	addi	tp, tp, 20
80004c22: a0 03        	addi	s0, sp, 456
80004c24: e4 03        	addi	s1, sp, 460
80004c26: 17 05 b7 01  	auipc	a0, 7024
80004c2a: 44 02        	addi	s1, sp, 260
80004c2c: b3 05 6b 02  	mul	a1, s6, t1
80004c30: 00 02        	addi	s0, sp, 256
80004c32: a3 02 05 05  	sb	a6, 69(a0)
80004c36: 30 05        	addi	a2, sp, 648
80004c38: e1 04        	addi	s1, s1, 24
80004c3a: ab 02 c2 04  	<unknown>
80004c3e: ea 03        	slli	t2, t2, 26
80004c40: 0a 05        	slli	a0, a0, 2
80004c42: 4d 03        	addi	t1, t1, 19
80004c44: dc 02        	addi	a5, sp, 324
80004c46: cd 04        	addi	s1, s1, 19
80004c48: e6 03        	slli	t2, t2, 25
80004c4a: 02 03        	c.slli64	t1
80004c4c: e0 04        	addi	s0, sp, 588
80004c4e: 03 05 85 02  	lb	a0, 40(a0)
80004c52: b4 05        	addi	a3, sp, 712
80004c54: bf 02 e0 03  	<unknown>
80004c58: 65 03        	addi	t1, t1, 25
80004c5a: d6 02        	slli	t0, t0, 21
80004c5c: c8 02        	addi	a0, sp, 324
80004c5e: 02 05        	c.slli64	a0
80004c60: df 06 07 05  	<unknown>
80004c64: d9 01        	addi	gp, gp, 22
80004c66: 59 04        	addi	s0, s0, 22
80004c68: 7a 03        	slli	t1, t1, 30
80004c6a: fe 03        	slli	t2, t2, 31
80004c6c: 11 04        	addi	s0, s0, 4
80004c6e: 7c 03        	addi	a5, sp, 396
80004c70: 22 04        	slli	s0, s0, 8
80004c72: 77 03 73 04  	<unknown>
80004c76: ed 03        	addi	t2, t2, 27
80004c78: e8 05        	addi	a0, sp, 716
80004c7a: 56 05        	slli	a0, a0, 21
80004c7c: 85 04        	addi	s1, s1, 1
80004c7e: 52 03        	slli	t1, t1, 20
80004c80: 0c 04        	addi	a1, sp, 512
80004c82: 7d 04        	addi	s0, s0, 31
80004c84: e9 02        	addi	t0, t0, 26
80004c86: cf 02 01 04  	<unknown>
80004c8a: da 04        	slli	s1, s1, 22
80004c8c: 2d 04        	addi	s0, s0, 11
80004c8e: 83 03 ed 01  	lb	t2, 30(s10)
80004c92: c7 03 7b 05  	<unknown>
80004c96: 02 05        	c.slli64	a0
80004c98: 2d 05        	addi	a0, a0, 11
80004c9a: 33 04 eb 03  	mul	s0, s6, t5
80004c9e: 64 05        	addi	s1, sp, 652
80004ca0: 19 05        	addi	a0, a0, 6
80004ca2: 79 04        	addi	s0, s0, 30
80004ca4: e1 02        	addi	t0, t0, 24
80004ca6: 88 04        	addi	a0, sp, 576
80004ca8: 20 05        	addi	s0, sp, 648
80004caa: b9 03        	addi	t2, t2, 14
80004cac: 16 06        	slli	a2, a2, 5
80004cae: db 01 0d 05  	<unknown>
80004cb2: 58 02        	addi	a4, sp, 260
80004cb4: fd 03        	addi	t2, t2, 31
80004cb6: eb 05 d3 03  	<unknown>
80004cba: 44 06        	addi	s1, sp, 772
80004cbc: 47 06 ea 04  	<unknown>
80004cc0: 47 05 75 05  	<unknown>
80004cc4: ac 04        	addi	a1, sp, 584
80004cc6: 7d 03        	addi	t1, t1, 31
80004cc8: a3 03 4d 04  	sb	tp, 71(s10)
80004ccc: 9b 03 74 03  	addiw	t2, s0, 55
80004cd0: cd 04        	addi	s1, s1, 19
80004cd2: 62 02        	slli	tp, tp, 24
80004cd4: 93 05 a1 02  	addi	a1, sp, 42
80004cd8: 98 04        	addi	a4, sp, 576
80004cda: 9b 04 79 05  	addiw	s1, s2, 87
80004cde: 0b 02 11 03  	<unknown>
80004ce2: 41 04        	addi	s0, s0, 16
80004ce4: 8d 02        	addi	t0, t0, 3
80004ce6: 04 04        	addi	s1, sp, 512
80004ce8: 8e 05        	slli	a1, a1, 3
80004cea: 4b 04 2c 04  	<unknown>
80004cee: 9b 02 90 05  	addiw	t0, zero, 89
80004cf2: 5e 03        	slli	t1, t1, 23
80004cf4: 30 05        	addi	a2, sp, 648
80004cf6: d4 05        	addi	a3, sp, 708
80004cf8: be 04        	slli	s1, s1, 15
80004cfa: bf 03 80 02  	<unknown>
80004cfe: e3 04 5f 03  	beq	t5, s5, 0x80005526 <Gram_ref_real+0xbc6>
80004d02: 9e 02        	slli	t0, t0, 7
80004d04: b3 04 c5 06  	<unknown>
80004d08: 21 02        	addi	tp, tp, 8
80004d0a: 48 05        	addi	a0, sp, 644
80004d0c: 05 05        	addi	a0, a0, 1
80004d0e: 7e 02        	slli	tp, tp, 31
80004d10: 0d 04        	addi	s0, s0, 3
80004d12: c8 03        	addi	a0, sp, 452
80004d14: c4 03        	addi	s1, sp, 452
80004d16: 22 06        	slli	a2, a2, 8
80004d18: ce 03        	slli	t2, t2, 19
80004d1a: 13 04 ab 08  	addi	s0, s6, 138
80004d1e: 9b 03 11 01  	addiw	t2, sp, 17
80004d22: 1d 04        	addi	s0, s0, 7
80004d24: da 03        	slli	t2, t2, 22
80004d26: df 02 60 02  	<unknown>
80004d2a: 3c 03        	addi	a5, sp, 392
80004d2c: 64 04        	addi	s1, sp, 524
80004d2e: 8e 02        	slli	t0, t0, 3
80004d30: ae 02        	slli	t0, t0, 11
80004d32: 84 03        	addi	s1, sp, 448
80004d34: 8b 04 18 04  	<unknown>
80004d38: db 04 2f 04  	<unknown>
80004d3c: 9d 03        	addi	t2, t2, 7
80004d3e: 15 05        	addi	a0, a0, 5
80004d40: ad 03        	addi	t2, t2, 11
80004d42: 07 02 a1 03  	<unknown>
80004d46: 31 04        	addi	s0, s0, 12
80004d48: 86 02        	slli	t0, t0, 1
80004d4a: 94 04        	addi	a3, sp, 576
80004d4c: 5d 05        	addi	a0, a0, 23
80004d4e: e2 02        	slli	t0, t0, 24
80004d50: da 02        	slli	t0, t0, 22
80004d52: 27 05 84 04  	vsuxei8.v	v10, (s0), v8, v0.t
80004d56: f1 03        	addi	t2, t2, 28
80004d58: 38 05        	addi	a4, sp, 648
80004d5a: f5 02        	addi	t0, t0, 29
80004d5c: 69 04        	addi	s0, s0, 26
80004d5e: 1f 06 20 06  	<unknown>
80004d62: 24 05        	addi	s1, sp, 648
80004d64: 33 05 06 05  	<unknown>
80004d68: bf 04 a3 03  	<unknown>
80004d6c: c0 03        	addi	s0, sp, 452
80004d6e: 85 02        	addi	t0, t0, 1
80004d70: 89 03        	addi	t2, t2, 2
80004d72: 5c 04        	addi	a5, sp, 516
80004d74: c7 02 ea 03  	fmsub.d	ft5, fs4, ft10, ft0, rne
80004d78: ec 04        	addi	a1, sp, 588
80004d7a: 9f 04 78 03  	<unknown>
80004d7e: f8 02        	addi	a4, sp, 332
80004d80: e1 02        	addi	t0, t0, 24
80004d82: 62 03        	slli	t1, t1, 24
80004d84: dc 05        	addi	a5, sp, 708
80004d86: 91 02        	addi	t0, t0, 4
80004d88: 74 02        	addi	a3, sp, 268
80004d8a: 41 06        	addi	a2, a2, 16
80004d8c: 50 04        	addi	a2, sp, 516
80004d8e: 15 04        	addi	s0, s0, 5
80004d90: 39 04        	addi	s0, s0, 14
80004d92: 91 03        	addi	t2, t2, 4
80004d94: 32 03        	slli	t1, t1, 12
80004d96: 86 04        	slli	s1, s1, 1
80004d98: b3 04 2b 05  	<unknown>
80004d9c: f3 02 ca 06  	<unknown>
80004da0: 86 03        	slli	t2, t2, 1
80004da2: 6c 02        	addi	a1, sp, 268
80004da4: 17 04 1a 07  	auipc	s0, 29088
80004da8: 4a 04        	slli	s0, s0, 18
80004daa: 56 02        	slli	tp, tp, 21
80004dac: 21 04        	addi	s0, s0, 8
80004dae: 01 04        	mv	s0, s0
80004db0: 27 05 85 03  	<unknown>
80004db4: a5 03        	addi	t2, t2, 9
80004db6: 68 06        	addi	a0, sp, 780
80004db8: 7c 04        	addi	a5, sp, 524
80004dba: 7c 05        	addi	a5, sp, 652
80004dbc: 51 03        	addi	t1, t1, 20
80004dbe: 53 04 cb 03  	fadd.d	fs0, fs6, ft8, rne
80004dc2: 7a 05        	slli	a0, a0, 30
80004dc4: 04 05        	addi	s1, sp, 640
80004dc6: 12 04        	slli	s0, s0, 4
80004dc8: 52 08        	slli	a6, a6, 20
80004dca: 88 03        	addi	a0, sp, 448
80004dcc: 47 02 4c 04  	<unknown>
80004dd0: ee 01        	slli	gp, gp, 27
80004dd2: 25 04        	addi	s0, s0, 9
80004dd4: 0d 04        	addi	s0, s0, 3
80004dd6: aa 04        	slli	s1, s1, 10
80004dd8: b0 04        	addi	a2, sp, 584
80004dda: 47 05 9e 05  	<unknown>
80004dde: c2 02        	slli	t0, t0, 16
80004de0: f2 04        	slli	s1, s1, 28
80004de2: c8 03        	addi	a0, sp, 452
80004de4: f2 05        	slli	a1, a1, 28
80004de6: a3 04 73 06  	sb	t2, 105(t1)
80004dea: f5 03        	addi	t2, t2, 29
80004dec: c1 04        	addi	s1, s1, 16
80004dee: 07 02 5f 04  	vluxei8.v	v4, (t5), v5, v0.t
80004df2: eb 03 d6 04  	<unknown>
80004df6: 95 04        	addi	s1, s1, 5
80004df8: 2a 04        	slli	s0, s0, 10
80004dfa: c2 02        	slli	t0, t0, 16
80004dfc: 72 02        	slli	tp, tp, 28
80004dfe: fb 04 74 04  	<unknown>
80004e02: 7f 02 c4 04  	<unknown>
80004e06: 6c 06        	addi	a1, sp, 780
80004e08: a3 03 e9 03  	sb	t5, 39(s2)
80004e0c: 42 04        	slli	s0, s0, 16
80004e0e: 0b 02 c7 04  	<unknown>
80004e12: fc 02        	addi	a5, sp, 332
80004e14: 64 05        	addi	s1, sp, 652
80004e16: 99 04        	addi	s1, s1, 6
80004e18: 77 03 69 02  	<unknown>
80004e1c: 2d 07        	addi	a4, a4, 11
80004e1e: 73 03 12 02  	<unknown>
80004e22: 60 05        	addi	s0, sp, 652
80004e24: 54 03        	addi	a3, sp, 388
80004e26: 82 04        	c.slli64	s1
80004e28: 6e 03        	slli	t1, t1, 27
80004e2a: 72 02        	slli	tp, tp, 28
80004e2c: 4d 03        	addi	t1, t1, 19
80004e2e: 32 02        	slli	tp, tp, 12
80004e30: 73 05 16 04  	<unknown>
80004e34: 12 04        	slli	s0, s0, 4
80004e36: e9 04        	addi	s1, s1, 26
80004e38: 29 06        	addi	a2, a2, 10
80004e3a: 27 04 6c 04  	vsuxei8.v	v8, (s8), v6, v0.t
80004e3e: 5b 03 3f 03  	<unknown>
80004e42: 8a 02        	slli	t0, t0, 2
80004e44: 6a 03        	slli	t1, t1, 26
80004e46: ba 04        	slli	s1, s1, 14
80004e48: 07 04 3a 03  	<unknown>
80004e4c: f1 03        	addi	t2, t2, 28
80004e4e: ca 04        	slli	s1, s1, 18
80004e50: 27 02 12 05  	vsuxei8.v	v4, (tp), v17, v0.t
80004e54: 27 05 81 05  	vsuxei8.v	v10, (sp), v24, v0.t
80004e58: 65 07        	addi	a4, a4, 25
80004e5a: 06 03        	slli	t1, t1, 1
80004e5c: ee 04        	slli	s1, s1, 27
80004e5e: 79 05        	addi	a0, a0, 30
80004e60: ab 06 6a 0a  	<unknown>
80004e64: 50 07        	addi	a2, sp, 900
80004e66: bd 07        	addi	a5, a5, 15
80004e68: 5b 07 43 04  	<unknown>
80004e6c: ea 04        	slli	s1, s1, 26
80004e6e: d7 01 22 04  	<unknown>
80004e72: 02 07        	c.slli64	a4
80004e74: a3 03 64 05  	sb	s6, 71(s0)
80004e78: 29 06        	addi	a2, a2, 10
80004e7a: d2 05        	slli	a1, a1, 20
80004e7c: 56 04        	slli	s0, s0, 21
80004e7e: a5 02        	addi	t0, t0, 9
80004e80: 63 03 9c 04  	beq	s8, s1, 0x80004ec6 <Gram_ref_real+0x566>
80004e84: 92 07        	slli	a5, a5, 4
80004e86: 01 05        	mv	a0, a0
80004e88: 45 02        	addi	tp, tp, 17
80004e8a: 19 08        	addi	a6, a6, 6
80004e8c: 16 06        	slli	a2, a2, 5
80004e8e: 74 05        	addi	a3, sp, 652
80004e90: be 04        	slli	s1, s1, 15
80004e92: 1d 05        	addi	a0, a0, 7
80004e94: 48 05        	addi	a0, sp, 644
80004e96: 83 04 8e 05  	lb	s1, 88(t3)
80004e9a: e3 04 62 05  	beq	tp, s6, 0x800056e2 <Gram_ref_real+0xd82>
80004e9e: 9f 07 3f 04  	<unknown>
80004ea2: 74 03        	addi	a3, sp, 396
80004ea4: 71 05        	addi	a0, a0, 28
80004ea6: 18 07        	addi	a4, sp, 896
80004ea8: e4 06        	addi	s1, sp, 844
80004eaa: dd 04        	addi	s1, s1, 23
80004eac: 2a 05        	slli	a0, a0, 10
80004eae: 85 07        	addi	a5, a5, 1
80004eb0: 40 08        	addi	s0, sp, 20
80004eb2: cd 09        	addi	s3, s3, 19
80004eb4: f7 08 0c 06  	<unknown>
80004eb8: e7 06 7b 06  	jalr	a3, 103(s6)
80004ebc: 16 04        	slli	s0, s0, 5
80004ebe: b1 05        	addi	a1, a1, 12
80004ec0: 80 03        	addi	s0, sp, 448
80004ec2: ad 06        	addi	a3, a3, 11
80004ec4: 0b 07 e0 07  	<unknown>
80004ec8: 6b 08 72 05  	<unknown>
80004ecc: 21 02        	addi	tp, tp, 8
80004ece: ae 07        	slli	a5, a5, 11
80004ed0: 4b 03 ce 05  	<unknown>
80004ed4: 61 05        	addi	a0, a0, 24
80004ed6: 87 06 10 06  	vluxei8.v	v13, (zero), v1
80004eda: d7 06 ab 06  	<unknown>
80004ede: a5 03        	addi	t2, t2, 9
80004ee0: ed 0a        	addi	s5, s5, 27
80004ee2: 9b 06 e9 08  	addiw	a3, s2, 142
80004ee6: c4 04        	addi	s1, sp, 580
80004ee8: 05 08        	addi	a6, a6, 1
80004eea: 16 07        	slli	a4, a4, 5
80004eec: ec 05        	addi	a1, sp, 716
80004eee: 0d 07        	addi	a4, a4, 3
80004ef0: 87 04 b2 04  	vluxei8.v	v9, (tp), v11, v0.t
80004ef4: b0 05        	addi	a2, sp, 712
80004ef6: 30 04        	addi	a2, sp, 520
80004ef8: f8 04        	addi	a4, sp, 588
80004efa: 70 04        	addi	a2, sp, 524
80004efc: cb 06 0c 07  	<unknown>
80004f00: aa 05        	slli	a1, a1, 10
80004f02: df 05 44 06  	<unknown>
80004f06: 52 07        	slli	a4, a4, 20
80004f08: af 06 b0 03  	<unknown>
80004f0c: 0c 06        	addi	a1, sp, 768
80004f0e: fb 03 b8 06  	<unknown>
80004f12: 7d 02        	addi	tp, tp, 31
80004f14: 1b 09 93 06  	addiw	s2, t1, 105
80004f18: ca 04        	slli	s1, s1, 18
80004f1a: b1 03        	addi	t2, t2, 12
80004f1c: 58 07        	addi	a4, sp, 900
80004f1e: 84 04        	addi	s1, sp, 576
80004f20: 1d 05        	addi	a0, a0, 7
80004f22: d4 07        	addi	a3, sp, 964
80004f24: 92 06        	slli	a3, a3, 4
80004f26: 77 05 7e 06  	<unknown>
80004f2a: 3b 05 af 02  	mulw	a0, t5, a0
80004f2e: 18 03        	addi	a4, sp, 384
80004f30: a2 08        	slli	a7, a7, 8
80004f32: 40 06        	addi	s0, sp, 772
80004f34: 17 07 d3 06  	auipc	a4, 27952
80004f38: 02 06        	c.slli64	a2
80004f3a: 38 06        	addi	a4, sp, 776
80004f3c: 83 06 53 05  	lb	a3, 85(t1)
80004f40: b0 03        	addi	a2, sp, 456
80004f42: e1 05        	addi	a1, a1, 24
80004f44: d3 03 f3 06  	<unknown>
80004f48: 04 04        	addi	s1, sp, 512
80004f4a: 4f 05 78 03  	fnmadd.d	fa0, fa6, fs7, ft0, rne
80004f4e: 15 07        	addi	a4, a4, 5
80004f50: d0 04        	addi	a2, sp, 580
80004f52: 22 05        	slli	a0, a0, 8
80004f54: 5f 05 64 08  	<unknown>
80004f58: de 06        	slli	a3, a3, 23
80004f5a: 90 05        	addi	a2, sp, 704
80004f5c: 25 06        	addi	a2, a2, 9
80004f5e: d1 07        	addi	a5, a5, 20
80004f60: e9 04        	addi	s1, s1, 26
80004f62: 9f 05 a9 04  	<unknown>
80004f66: ae 04        	slli	s1, s1, 11
80004f68: 6a 04        	slli	s0, s0, 26
80004f6a: ed 03        	addi	t2, t2, 27
80004f6c: bb 03 65 02  	mulw	t2, a0, t1
80004f70: 0c 03        	addi	a1, sp, 384
80004f72: c1 06        	addi	a3, a3, 16
80004f74: 9b 03 7c 04  	addiw	t2, s8, 71
80004f78: b9 04        	addi	s1, s1, 14
80004f7a: bc 02        	addi	a5, sp, 328
80004f7c: b7 04 5d 03  	lui	s1, 13776
80004f80: 49 02        	addi	tp, tp, 18
80004f82: bc 03        	addi	a5, sp, 456
80004f84: 64 06        	addi	s1, sp, 780
80004f86: a3 02 90 02  	sb	s1, 37(zero)
80004f8a: 37 07 82 04  	lui	a4, 18464
80004f8e: 84 03        	addi	s1, sp, 448
80004f90: 0a 05        	slli	a0, a0, 2
80004f92: 4e 04        	slli	s0, s0, 19
80004f94: 85 04        	addi	s1, s1, 1
80004f96: 94 04        	addi	a3, sp, 576
80004f98: a0 02        	addi	s0, sp, 328
80004f9a: 5f 03 4b 03  	<unknown>
80004f9e: c5 03        	addi	t2, t2, 17
80004fa0: 2c 04        	addi	a1, sp, 520
80004fa2: 98 03        	addi	a4, sp, 448
80004fa4: 49 03        	addi	t1, t1, 18
80004fa6: 68 04        	addi	a0, sp, 524
80004fa8: c2 03        	slli	t2, t2, 16
80004faa: 0b 01 2c 05  	<unknown>
80004fae: eb 05 2e 05  	<unknown>
80004fb2: 52 06        	slli	a2, a2, 20
80004fb4: c6 03        	slli	t2, t2, 17
80004fb6: 94 03        	addi	a3, sp, 448
80004fb8: 70 05        	addi	a2, sp, 652
80004fba: d4 05        	addi	a3, sp, 708
80004fbc: 80 03        	addi	s0, sp, 448
80004fbe: ae 03        	slli	t2, t2, 11
80004fc0: 80 02        	addi	s0, sp, 320
80004fc2: 5f 03 ef 04  	<unknown>
80004fc6: ca 03        	slli	t2, t2, 18
80004fc8: c5 05        	addi	a1, a1, 17
80004fca: 5d 03        	addi	t1, t1, 23
80004fcc: 7c 02        	addi	a5, sp, 268
80004fce: 30 04        	addi	a2, sp, 520
80004fd0: 61 03        	addi	t1, t1, 24
80004fd2: 84 07        	addi	s1, sp, 960
80004fd4: 83 03 61 04  	lb	t2, 70(sp)
80004fd8: 66 03        	slli	t1, t1, 25
80004fda: 1a 03        	slli	t1, t1, 6
80004fdc: ed 03        	addi	t2, t2, 27
80004fde: bf 03 b9 05  	<unknown>
80004fe2: 54 04        	addi	a3, sp, 516
80004fe4: ab 05 2c 03  	<unknown>
80004fe8: 67 05 2a 04  	jalr	a0, 66(s4)
80004fec: fc 03        	addi	a5, sp, 460
80004fee: 2e 03        	slli	t1, t1, 11
80004ff0: 28 03        	addi	a0, sp, 392
80004ff2: 74 04        	addi	a3, sp, 524
80004ff4: 76 04        	slli	s0, s0, 29
80004ff6: 49 04        	addi	s0, s0, 18
80004ff8: ee 01        	slli	gp, gp, 27
80004ffa: b1 01        	addi	gp, gp, 12
80004ffc: 3d 05        	addi	a0, a0, 15
80004ffe: 21 04        	addi	s0, s0, 8
80005000: b4 04        	addi	a3, sp, 584
80005002: 7c 03        	addi	a5, sp, 396
80005004: 3a 03        	slli	t1, t1, 14
80005006: 3f 05 f7 05  	<unknown>
8000500a: 5b 02 f7 04  	<unknown>
8000500e: 27 03 2f 05  	vsuxei8.v	v6, (t5), v18, v0.t
80005012: de 02        	slli	t0, t0, 23
80005014: e2 05        	slli	a1, a1, 24
80005016: 70 05        	addi	a2, sp, 652
80005018: 2f 04 74 02  	<unknown>
8000501c: d6 03        	slli	t2, t2, 21
8000501e: 1d 02        	addi	tp, tp, 7
80005020: 10 04        	addi	a2, sp, 512
80005022: 30 05        	addi	a2, sp, 648
80005024: b9 03        	addi	t2, t2, 14
80005026: be 04        	slli	s1, s1, 15
80005028: 78 02        	addi	a4, sp, 268
8000502a: f5 02        	addi	t0, t0, 29
8000502c: 5a 03        	slli	t1, t1, 22
8000502e: 61 02        	addi	tp, tp, 24
80005030: 08 03        	addi	a0, sp, 384
80005032: 9d 02        	addi	t0, t0, 7
80005034: 79 06        	addi	a2, a2, 30
80005036: 65 06        	addi	a2, a2, 25
80005038: 4f 04 7f 02  	fnmadd.d	fs0, ft10, ft7, ft0, rne
8000503c: 62 05        	slli	a0, a0, 24
8000503e: 99 03        	addi	t2, t2, 6
80005040: 13 04 6c 04  	addi	s0, s8, 70
80005044: 50 03        	addi	a2, sp, 388
80005046: 5e 05        	slli	a0, a0, 23
80005048: bd 02        	addi	t0, t0, 15
8000504a: d9 02        	addi	t0, t0, 22
8000504c: a4 02        	addi	s1, sp, 328
8000504e: 74 06        	addi	a3, sp, 780
80005050: 58 04        	addi	a4, sp, 516
80005052: 6c 04        	addi	a1, sp, 524
80005054: a4 02        	addi	s1, sp, 328
80005056: 56 04        	slli	s0, s0, 21
80005058: 13 03 62 03  	addi	t1, tp, 54
8000505c: 10 03        	addi	a2, sp, 384
8000505e: 2b 05 33 06  	<unknown>
80005062: 40 08        	addi	s0, sp, 20
80005064: 15 03        	addi	t1, t1, 5
80005066: 45 06        	addi	a2, a2, 17
80005068: 03 05 51 03  	lb	a0, 53(sp)
8000506c: 59 02        	addi	tp, tp, 22
8000506e: 68 01        	addi	a0, sp, 140
80005070: 68 02        	addi	a0, sp, 268
80005072: 8f 04 9e 02  	<unknown>
80005076: 91 04        	addi	s1, s1, 4
80005078: a8 04        	addi	a0, sp, 584
8000507a: a1 04        	addi	s1, s1, 8
8000507c: 5d 04        	addi	s0, s0, 23
8000507e: 78 01        	addi	a4, sp, 140
80005080: 37 01 7b 03  	lui	sp, 14256
80005084: 7f 04 20 04  	<unknown>
80005088: c2 01        	slli	gp, gp, 16
8000508a: 76 03        	slli	t1, t1, 29
8000508c: f5 02        	addi	t0, t0, 29
8000508e: 8b 04 bc 01  	<unknown>
80005092: cb 02 e4 04  	<unknown>
80005096: f0 03        	addi	a2, sp, 460
80005098: 98 03        	addi	a4, sp, 448
8000509a: df 02 a2 03  	<unknown>
8000509e: 20 04        	addi	s0, sp, 520
800050a0: 15 03        	addi	t1, t1, 5
800050a2: 93 03 c1 02  	addi	t2, sp, 44
800050a6: 30 04        	addi	a2, sp, 520
800050a8: f0 04        	addi	a2, sp, 588
800050aa: 0e 02        	slli	tp, tp, 3
800050ac: 2d 05        	addi	a0, a0, 11
800050ae: c7 02 84 06  	<unknown>
800050b2: 4a 05        	slli	a0, a0, 18
800050b4: d1 07        	addi	a5, a5, 20
800050b6: a4 03        	addi	s1, sp, 456
800050b8: b3 04 44 04  	<unknown>
800050bc: 74 04        	addi	a3, sp, 524
800050be: 06 04        	slli	s0, s0, 1
800050c0: 92 02        	slli	t0, t0, 4
800050c2: 74 05        	addi	a3, sp, 652
800050c4: 75 05        	addi	a0, a0, 29
800050c6: 17 05 79 03  	auipc	a0, 14224
800050ca: 13 04 f9 01  	addi	s0, s2, 31
800050ce: 33 05 c5 03  	mul	a0, a0, t3
800050d2: 6e 02        	slli	tp, tp, 27
800050d4: bd 05        	addi	a1, a1, 15
800050d6: f3 02 88 03  	<unknown>
800050da: 11 06        	addi	a2, a2, 4
800050dc: 0d 06        	addi	a2, a2, 3
800050de: 0c 02        	addi	a1, sp, 256
800050e0: f7 06 ec 04  	<unknown>
800050e4: 4c 03        	addi	a1, sp, 388
800050e6: 8c 03        	addi	a1, sp, 448
800050e8: 13 06 60 05  	li	a2, 86
800050ec: 89 03        	addi	t2, t2, 2
800050ee: d4 03        	addi	a3, sp, 452
800050f0: 82 04        	c.slli64	s1
800050f2: 81 02        	mv	t0, t0
800050f4: 28 05        	addi	a0, sp, 648
800050f6: 23 04 92 04  	sb	s1, 72(tp)
800050fa: 0a 04        	slli	s0, s0, 2
800050fc: 23 05 a8 05  	sb	s10, 74(a6)
80005100: 0e 04        	slli	s0, s0, 3
80005102: 07 04 7b 04  	vluxei8.v	v8, (s6), v7, v0.t
80005106: e1 05        	addi	a1, a1, 24
80005108: be 03        	slli	t2, t2, 15
8000510a: 8b 03 de 04  	<unknown>
8000510e: a0 03        	addi	s0, sp, 456
80005110: d5 05        	addi	a1, a1, 21
80005112: 8a 02        	slli	t0, t0, 2
80005114: 5d 04        	addi	s0, s0, 23
80005116: 2a 05        	slli	a0, a0, 10
80005118: 44 04        	addi	s1, sp, 516
8000511a: 03 03 ee 06  	lb	t1, 110(t3)
8000511e: d2 02        	slli	t0, t0, 20
80005120: fe 01        	slli	gp, gp, 31
80005122: c4 05        	addi	s1, sp, 708
80005124: 58 04        	addi	a4, sp, 516
80005126: b5 02        	addi	t0, t0, 13
80005128: f2 03        	slli	t2, t2, 28
8000512a: a3 04 e2 02  	sb	a4, 41(tp)
8000512e: d9 02        	addi	t0, t0, 22
80005130: 1d 04        	addi	s0, s0, 7
80005132: 37 04 43 06  	lui	s0, 25648
80005136: 35 04        	addi	s0, s0, 13
80005138: e1 03        	addi	t2, t2, 24
8000513a: 9f 05 5d 03  	<unknown>
8000513e: ff 04 aa 02  	<unknown>
80005142: 4d 03        	addi	t1, t1, 19
80005144: 1f 04 e6 03  	<unknown>
80005148: f0 01        	addi	a2, sp, 204
8000514a: be 02        	slli	t0, t0, 15
8000514c: 6b 03 32 03  	<unknown>
80005150: 06 04        	slli	s0, s0, 1
80005152: 74 04        	addi	a3, sp, 524
80005154: b9 04        	addi	s1, s1, 14
80005156: 85 05        	addi	a1, a1, 1
80005158: 2e 04        	slli	s0, s0, 11
8000515a: 1a 03        	slli	t1, t1, 6
8000515c: 2e 04        	slli	s0, s0, 11
8000515e: 32 06        	slli	a2, a2, 12
80005160: 04 05        	addi	s1, sp, 640
80005162: 1b 02 9f 03  	addiw	tp, t5, 57
80005166: b7 03 49 03  	lui	t2, 13456
8000516a: ad 04        	addi	s1, s1, 11
8000516c: 31 04        	addi	s0, s0, 12
8000516e: 74 05        	addi	a3, sp, 652
80005170: 09 04        	addi	s0, s0, 2
80005172: bd 04        	addi	s1, s1, 15
80005174: bc 05        	addi	a5, sp, 712
80005176: ab 03 64 04  	<unknown>
8000517a: 28 02        	addi	a0, sp, 264
8000517c: 61 05        	addi	a0, a0, 24
8000517e: f6 05        	slli	a1, a1, 29
80005180: 11 05        	addi	a0, a0, 4
80005182: 14 04        	addi	a3, sp, 512
80005184: ae 05        	slli	a1, a1, 11
80005186: ce 02        	slli	t0, t0, 19
80005188: 01 04        	mv	s0, s0
8000518a: fe 06        	slli	a3, a3, 31
8000518c: e0 05        	addi	s0, sp, 716
8000518e: 59 02        	addi	tp, tp, 22
80005190: 79 05        	addi	a0, a0, 30
80005192: 83 04 ae 05  	lb	s1, 90(t3)
80005196: af 06 36 02  	<unknown>
8000519a: 10 06        	addi	a2, sp, 768
8000519c: d6 01        	slli	gp, gp, 21
8000519e: 76 04        	slli	s0, s0, 29
800051a0: f4 03        	addi	a3, sp, 460
800051a2: 2c 04        	addi	a1, sp, 520
800051a4: 73 04 8c 06  	<unknown>
800051a8: 27 03 70 01  	<unknown>
800051ac: dc 04        	addi	a5, sp, 580
800051ae: 95 03        	addi	t2, t2, 5
800051b0: 1a 03        	slli	t1, t1, 6
800051b2: dd 02        	addi	t0, t0, 23
800051b4: 1a 02        	slli	tp, tp, 6
800051b6: a3 05 e7 03  	sb	t5, 43(a4)
800051ba: 69 05        	addi	a0, a0, 26
800051bc: 90 04        	addi	a2, sp, 576
800051be: c2 03        	slli	t2, t2, 16
800051c0: fa 04        	slli	s1, s1, 30
800051c2: a7 03 c6 04  	vsuxei8.v	v7, (a2), v12, v0.t
800051c6: d8 01        	addi	a4, sp, 196
800051c8: 60 06        	addi	s0, sp, 780
800051ca: 71 02        	addi	tp, tp, 28
800051cc: d4 03        	addi	a3, sp, 452
800051ce: 7e 03        	slli	t1, t1, 31
800051d0: 6a 04        	slli	s0, s0, 26
800051d2: 50 06        	addi	a2, sp, 772
800051d4: 08 04        	addi	a0, sp, 512
800051d6: d8 04        	addi	a4, sp, 580
800051d8: 22 03        	slli	t1, t1, 8
800051da: ca 02        	slli	t0, t0, 18
800051dc: aa 04        	slli	s1, s1, 10
800051de: 57 04 b2 02  	vadd.vv	v8, v11, v4
800051e2: 62 05        	slli	a0, a0, 24
800051e4: 4d 04        	addi	s0, s0, 19
800051e6: e9 04        	addi	s1, s1, 26
800051e8: 68 04        	addi	a0, sp, 524
800051ea: d3 02 c4 04  	<unknown>
800051ee: 7a 01        	slli	sp, sp, 30
800051f0: 66 03        	slli	t1, t1, 25
800051f2: 64 05        	addi	s1, sp, 652
800051f4: e7 03 e1 05  	jalr	t2, 94(sp)
800051f8: cf 02 3e 02  	fnmadd.d	ft5, ft8, ft3, ft0, rne
800051fc: 84 04        	addi	s1, sp, 576
800051fe: 46 05        	slli	a0, a0, 17
80005200: 4b 04 e3 03  	fnmsub.d	fs0, ft6, ft10, ft0, rne
80005204: a4 02        	addi	s1, sp, 328
80005206: b0 05        	addi	a2, sp, 712
80005208: 4a 03        	slli	t1, t1, 18
8000520a: f5 03        	addi	t2, t2, 29
8000520c: 8a 04        	slli	s1, s1, 2
8000520e: 44 02        	addi	s1, sp, 260
80005210: 59 05        	addi	a0, a0, 22
80005212: 9f 04 87 04  	<unknown>
80005216: 87 05 fc 03  	<unknown>
8000521a: 93 02 e4 04  	addi	t0, s0, 78
8000521e: fc 01        	addi	a5, sp, 204
80005220: 51 02        	addi	tp, tp, 20
80005222: a0 03        	addi	s0, sp, 456
80005224: e4 03        	addi	s1, sp, 460
80005226: 17 05 b7 01  	auipc	a0, 7024
8000522a: 44 02        	addi	s1, sp, 260
8000522c: b3 05 6b 02  	mul	a1, s6, t1
80005230: 00 02        	addi	s0, sp, 256
80005232: a3 02 05 05  	sb	a6, 69(a0)
80005236: 30 05        	addi	a2, sp, 648
80005238: e1 04        	addi	s1, s1, 24
8000523a: ab 02 c2 04  	<unknown>
8000523e: ea 03        	slli	t2, t2, 26
80005240: 0a 05        	slli	a0, a0, 2
80005242: 4d 03        	addi	t1, t1, 19
80005244: dc 02        	addi	a5, sp, 324
80005246: cd 04        	addi	s1, s1, 19
80005248: e6 03        	slli	t2, t2, 25
8000524a: 02 03        	c.slli64	t1
8000524c: e0 04        	addi	s0, sp, 588
8000524e: 03 05 85 02  	lb	a0, 40(a0)
80005252: b4 05        	addi	a3, sp, 712
80005254: bf 02 e0 03  	<unknown>
80005258: 65 03        	addi	t1, t1, 25
8000525a: d6 02        	slli	t0, t0, 21
8000525c: c8 02        	addi	a0, sp, 324
8000525e: 02 05        	c.slli64	a0
80005260: e9 04        	addi	s1, s1, 26
80005262: 9f 05 a9 04  	<unknown>
80005266: ae 04        	slli	s1, s1, 11
80005268: 6a 04        	slli	s0, s0, 26
8000526a: ed 03        	addi	t2, t2, 27
8000526c: bb 03 65 02  	mulw	t2, a0, t1
80005270: 0c 03        	addi	a1, sp, 384
80005272: c1 06        	addi	a3, a3, 16
80005274: 9b 03 7c 04  	addiw	t2, s8, 71
80005278: b9 04        	addi	s1, s1, 14
8000527a: bc 02        	addi	a5, sp, 328
8000527c: b7 04 5d 03  	lui	s1, 13776
80005280: 49 02        	addi	tp, tp, 18
80005282: bc 03        	addi	a5, sp, 456
80005284: 64 06        	addi	s1, sp, 780
80005286: a3 02 90 02  	sb	s1, 37(zero)
8000528a: 37 07 82 04  	lui	a4, 18464
8000528e: 84 03        	addi	s1, sp, 448
80005290: 0a 05        	slli	a0, a0, 2
80005292: 4e 04        	slli	s0, s0, 19
80005294: 85 04        	addi	s1, s1, 1
80005296: 94 04        	addi	a3, sp, 576
80005298: a0 02        	addi	s0, sp, 328
8000529a: 5f 03 4b 03  	<unknown>
8000529e: c5 03        	addi	t2, t2, 17
800052a0: 2c 04        	addi	a1, sp, 520
800052a2: 98 03        	addi	a4, sp, 448
800052a4: 49 03        	addi	t1, t1, 18
800052a6: 68 04        	addi	a0, sp, 524
800052a8: c2 03        	slli	t2, t2, 16
800052aa: 0b 01 2c 05  	<unknown>
800052ae: eb 05 2e 05  	<unknown>
800052b2: 52 06        	slli	a2, a2, 20
800052b4: c6 03        	slli	t2, t2, 17
800052b6: 94 03        	addi	a3, sp, 448
800052b8: 70 05        	addi	a2, sp, 652
800052ba: d4 05        	addi	a3, sp, 708
800052bc: 80 03        	addi	s0, sp, 448
800052be: ae 03        	slli	t2, t2, 11
800052c0: 80 02        	addi	s0, sp, 320
800052c2: 5f 03 ef 04  	<unknown>
800052c6: ca 03        	slli	t2, t2, 18
800052c8: c5 05        	addi	a1, a1, 17
800052ca: 5d 03        	addi	t1, t1, 23
800052cc: 7c 02        	addi	a5, sp, 268
800052ce: 30 04        	addi	a2, sp, 520
800052d0: 61 03        	addi	t1, t1, 24
800052d2: 84 07        	addi	s1, sp, 960
800052d4: 83 03 61 04  	lb	t2, 70(sp)
800052d8: 66 03        	slli	t1, t1, 25
800052da: 1a 03        	slli	t1, t1, 6
800052dc: ed 03        	addi	t2, t2, 27
800052de: bf 03 b9 05  	<unknown>
800052e2: 54 04        	addi	a3, sp, 516
800052e4: ab 05 2c 03  	<unknown>
800052e8: 67 05 2a 04  	jalr	a0, 66(s4)
800052ec: fc 03        	addi	a5, sp, 460
800052ee: 2e 03        	slli	t1, t1, 11
800052f0: 28 03        	addi	a0, sp, 392
800052f2: 74 04        	addi	a3, sp, 524
800052f4: 76 04        	slli	s0, s0, 29
800052f6: 49 04        	addi	s0, s0, 18
800052f8: ee 01        	slli	gp, gp, 27
800052fa: b1 01        	addi	gp, gp, 12
800052fc: 3d 05        	addi	a0, a0, 15
800052fe: 21 04        	addi	s0, s0, 8
80005300: b4 04        	addi	a3, sp, 584
80005302: 7c 03        	addi	a5, sp, 396
80005304: 3a 03        	slli	t1, t1, 14
80005306: 3f 05 f7 05  	<unknown>
8000530a: 5b 02 f7 04  	<unknown>
8000530e: 27 03 2f 05  	vsuxei8.v	v6, (t5), v18, v0.t
80005312: de 02        	slli	t0, t0, 23
80005314: e2 05        	slli	a1, a1, 24
80005316: 70 05        	addi	a2, sp, 652
80005318: 2f 04 74 02  	<unknown>
8000531c: d6 03        	slli	t2, t2, 21
8000531e: 1d 02        	addi	tp, tp, 7
80005320: 10 04        	addi	a2, sp, 512
80005322: 30 05        	addi	a2, sp, 648
80005324: b9 03        	addi	t2, t2, 14
80005326: be 04        	slli	s1, s1, 15
80005328: 78 02        	addi	a4, sp, 268
8000532a: f5 02        	addi	t0, t0, 29
8000532c: 5a 03        	slli	t1, t1, 22
8000532e: 61 02        	addi	tp, tp, 24
80005330: 08 03        	addi	a0, sp, 384
80005332: 9d 02        	addi	t0, t0, 7
80005334: 79 06        	addi	a2, a2, 30
80005336: 65 06        	addi	a2, a2, 25
80005338: 4f 04 7f 02  	fnmadd.d	fs0, ft10, ft7, ft0, rne
8000533c: 62 05        	slli	a0, a0, 24
8000533e: 99 03        	addi	t2, t2, 6
80005340: 13 04 6c 04  	addi	s0, s8, 70
80005344: 50 03        	addi	a2, sp, 388
80005346: 5e 05        	slli	a0, a0, 23
80005348: bd 02        	addi	t0, t0, 15
8000534a: d9 02        	addi	t0, t0, 22
8000534c: a4 02        	addi	s1, sp, 328
8000534e: 74 06        	addi	a3, sp, 780
80005350: 58 04        	addi	a4, sp, 516
80005352: 6c 04        	addi	a1, sp, 524
80005354: a4 02        	addi	s1, sp, 328
80005356: 56 04        	slli	s0, s0, 21
80005358: 13 03 62 03  	addi	t1, tp, 54
8000535c: 10 03        	addi	a2, sp, 384
8000535e: 2b 05 84 05  	<unknown>
80005362: 46 04        	slli	s0, s0, 17
80005364: 09 06        	addi	a2, a2, 2
80005366: 95 05        	addi	a1, a1, 5
80005368: 2c 06        	addi	a1, sp, 776
8000536a: ea 06        	slli	a3, a3, 26
8000536c: 2d 05        	addi	a0, a0, 11
8000536e: 83 07 46 05  	lb	a5, 84(a2)
80005372: 75 09        	addi	s2, s2, 29
80005374: db 08 c8 06  	<unknown>
80005378: e1 05        	addi	a1, a1, 24
8000537a: 6a 04        	slli	s0, s0, 26
8000537c: d7 07 d6 07  	<unknown>
80005380: ac 05        	addi	a1, sp, 712
80005382: 5c 06        	addi	a5, sp, 772
80005384: 08 07        	addi	a0, sp, 896
80005386: 4d 03        	addi	t1, t1, 19
80005388: 7b 06 59 08  	<unknown>
8000538c: 5b 07 c4 04  	<unknown>
80005390: 0b 08 b5 07  	<unknown>
80005394: 44 07        	addi	s1, sp, 900
80005396: 52 08        	slli	a6, a6, 20
80005398: 31 05        	addi	a0, a0, 12
8000539a: e1 04        	addi	s1, s1, 24
8000539c: 0d 03        	addi	t1, t1, 3
8000539e: 24 03        	addi	s1, sp, 392
800053a0: 8c 05        	addi	a1, sp, 704
800053a2: b9 05        	addi	a1, a1, 14
800053a4: 79 04        	addi	s0, s0, 30
800053a6: 1e 06        	slli	a2, a2, 7
800053a8: 6f 04 b7 01  	jal	s0, 0x80075bc2 <timer+0x6dc82>
800053ac: 79 07        	addi	a4, a4, 30
800053ae: 49 06        	addi	a2, a2, 18
800053b0: 1c 05        	addi	a5, sp, 640
800053b2: 7b 06 60 03  	<unknown>
800053b6: e2 04        	slli	s1, s1, 24
800053b8: 74 07        	addi	a3, sp, 908
800053ba: 3f 06 9d 06  	<unknown>
800053be: 36 05        	slli	a0, a0, 13
800053c0: 78 06        	addi	a4, sp, 780
800053c2: 29 04        	addi	s0, s0, 10
800053c4: 95 06        	addi	a3, a3, 5
800053c6: 80 04        	addi	s0, sp, 576
800053c8: 85 05        	addi	a1, a1, 1
800053ca: f4 03        	addi	a3, sp, 460
800053cc: 21 06        	addi	a2, a2, 8
800053ce: 34 04        	addi	a3, sp, 520
800053d0: 64 08        	addi	s1, sp, 28
800053d2: 9a 0d        	slli	s11, s11, 6
800053d4: 6d 04        	addi	s0, s0, 27
800053d6: 27 08 28 03  	<unknown>
800053da: dc 03        	addi	a5, sp, 452
800053dc: f3 03 63 07  	<unknown>
800053e0: ec 05        	addi	a1, sp, 716
800053e2: 91 06        	addi	a3, a3, 4
800053e4: 67 05 fa 05  	jalr	a0, 95(s4)
800053e8: e0 04        	addi	s0, sp, 588
800053ea: e0 04        	addi	s0, sp, 588
800053ec: 14 06        	addi	a3, sp, 768
800053ee: ac 02        	addi	a1, sp, 328
800053f0: bc 04        	addi	a5, sp, 584
800053f2: d1 06        	addi	a3, a3, 20
800053f4: 45 05        	addi	a0, a0, 17
800053f6: 7a 06        	slli	a2, a2, 30
800053f8: 05 02        	addi	tp, tp, 1
800053fa: 80 02        	addi	s0, sp, 320
800053fc: 43 09 8e 06  	<unknown>
80005400: 7c 06        	addi	a5, sp, 780
80005402: 41 05        	addi	a0, a0, 16
80005404: 95 04        	addi	s1, s1, 5
80005406: 4e 05        	slli	a0, a0, 19
80005408: 62 07        	slli	a4, a4, 24
8000540a: ca 05        	slli	a1, a1, 18
8000540c: ff 05 78 05  	<unknown>
80005410: 0a 08        	slli	a6, a6, 2
80005412: 0d 07        	addi	a4, a4, 3
80005414: a1 06        	addi	a3, a3, 8
80005416: eb 06 da 05  	<unknown>
8000541a: de 02        	slli	t0, t0, 23
8000541c: 38 05        	addi	a4, sp, 648
8000541e: 71 04        	addi	s0, s0, 28
80005420: 53 05 d2 05  	<unknown>
80005424: c7 06 62 07  	<unknown>
80005428: cd 02        	addi	t0, t0, 19
8000542a: 3c 03        	addi	a5, sp, 392
8000542c: d1 06        	addi	a3, a3, 20
8000542e: 6f 04 0d 03  	jal	s0, 0x800d545e <timer+0xcd51e>
80005432: bc 04        	addi	a5, sp, 584
80005434: 8d 07        	addi	a5, a5, 3
80005436: 2b 07 2a 05  	<unknown>
8000543a: 39 02        	addi	tp, tp, 14
8000543c: 79 06        	addi	a2, a2, 30
8000543e: fa 06        	slli	a3, a3, 30
80005440: 2f 09 89 05  	<unknown>
80005444: 4d 06        	addi	a2, a2, 19
80005446: d9 05        	addi	a1, a1, 22
80005448: c2 05        	slli	a1, a1, 16
8000544a: 25 04        	addi	s0, s0, 9
8000544c: 8a 04        	slli	s1, s1, 2
8000544e: 55 07        	addi	a4, a4, 21
80005450: 74 06        	addi	a3, sp, 780
80005452: e7 05 dd 03  	jalr	a1, 61(s10)
80005456: 67 03 20 03  	jalr	t1, 50(zero)
8000545a: 6c 04        	addi	a1, sp, 524
8000545c: bc 03        	addi	a5, sp, 456
8000545e: b0 07        	addi	a2, sp, 968
80005460: 8a 05        	slli	a1, a1, 2
80005462: 95 04        	addi	s1, s1, 5
80005464: ef 01 f1 04  	jal	gp, 0x80015cb2 <timer+0xdd72>
80005468: c1 03        	addi	t2, t2, 16
8000546a: 83 04 88 03  	lb	s1, 56(a6)
8000546e: 6d 03        	addi	t1, t1, 27
80005470: 30 03        	addi	a2, sp, 392
80005472: 61 05        	addi	a0, a0, 24
80005474: 14 05        	addi	a3, sp, 640
80005476: 0f 06 95 04  	<unknown>
8000547a: 7e 03        	slli	t1, t1, 31
8000547c: 5e 05        	slli	a0, a0, 23
8000547e: b4 03        	addi	a3, sp, 456
80005480: 39 03        	addi	t1, t1, 14
80005482: 0b 04 d7 03  	<unknown>
80005486: 16 03        	slli	t1, t1, 5
80005488: b4 04        	addi	a3, sp, 584
8000548a: 09 04        	addi	s0, s0, 2
8000548c: 52 04        	slli	s0, s0, 20
8000548e: 1d 03        	addi	t1, t1, 7
80005490: 8a 02        	slli	t0, t0, 2
80005492: 88 03        	addi	a0, sp, 448
80005494: 3e 05        	slli	a0, a0, 15
80005496: 01 05        	mv	a0, a0
80005498: 17 02 dd 02  	auipc	tp, 11728
8000549c: 05 02        	addi	tp, tp, 1
8000549e: 6c 03        	addi	a1, sp, 396
800054a0: f2 03        	slli	t2, t2, 28
800054a2: 60 05        	addi	s0, sp, 652
800054a4: 8e 02        	slli	t0, t0, 3
800054a6: 01 03        	mv	t1, t1
800054a8: a3 03 f4 01  	sb	t6, 7(s0)
800054ac: 16 07        	slli	a4, a4, 5
800054ae: 77 02 c9 04  	<unknown>
800054b2: 3c 04        	addi	a5, sp, 520
800054b4: c3 03 9b 03  	fmadd.d	ft7, fs6, fs9, ft0, rne
800054b8: 05 04        	addi	s0, s0, 1
800054ba: 1f 04 94 06  	<unknown>
800054be: eb 03 8b 03  	<unknown>
800054c2: 55 04        	addi	s0, s0, 21
800054c4: e8 05        	addi	a0, sp, 716
800054c6: 05 04        	addi	s0, s0, 1
800054c8: 56 02        	slli	tp, tp, 21
800054ca: 3b 03 72 05  	<unknown>
800054ce: e8 02        	addi	a0, sp, 332
800054d0: 9c 07        	addi	a5, sp, 960
800054d2: b6 04        	slli	s1, s1, 13
800054d4: 78 04        	addi	a4, sp, 524
800054d6: da 03        	slli	t2, t2, 22
800054d8: 18 03        	addi	a4, sp, 384
800054da: da 04        	slli	s1, s1, 22
800054dc: 82 03        	c.slli64	t2
800054de: 82 03        	c.slli64	t2
800054e0: c6 04        	slli	s1, s1, 17
800054e2: 7f 04 50 02  	<unknown>
800054e6: 77 04 37 04  	<unknown>
800054ea: 8a 03        	slli	t2, t2, 2
800054ec: ab 04 ec 02  	<unknown>
800054f0: 3a 03        	slli	t1, t1, 14
800054f2: 52 04        	slli	s0, s0, 20
800054f4: 2b 05 9d 05  	<unknown>
800054f8: b8 02        	addi	a4, sp, 328
800054fa: 1d 02        	addi	tp, tp, 7
800054fc: 7c 05        	addi	a5, sp, 652
800054fe: c7 04 2d 04  	<unknown>
80005502: 0b 03 29 04  	<unknown>
80005506: 02 05        	c.slli64	a0
80005508: b0 03        	addi	a2, sp, 456
8000550a: 82 04        	c.slli64	s1
8000550c: 85 04        	addi	s1, s1, 1
8000550e: 4b 04 c3 06  	<unknown>
80005512: 70 03        	addi	a2, sp, 396
80005514: a3 03 2c 06  	sb	sp, 103(s8)
80005518: ba 04        	slli	s1, s1, 14
8000551a: e5 02        	addi	t0, t0, 25
8000551c: ad 05        	addi	a1, a1, 11
8000551e: 55 04        	addi	s0, s0, 21
80005520: bf 01 13 05  	<unknown>
80005524: bb 05 de 03  	mulw	a1, t3, t4
80005528: 90 02        	addi	a2, sp, 320
8000552a: f7 03 de 04  	<unknown>
8000552e: 77 03 47 02  	<unknown>
80005532: d7 02 44 06  	<unknown>
80005536: 6e 04        	slli	s0, s0, 27
80005538: 77 03 4a 02  	<unknown>
8000553c: c3 03 30 05  	<unknown>
80005540: ec 06        	addi	a1, sp, 844
80005542: 5b 03 c8 05  	<unknown>
80005546: bb 03 9c 02  	mulw	t2, s8, s1
8000554a: 86 02        	slli	t0, t0, 1
8000554c: b3 03 16 03  	mul	t2, a2, a7
80005550: 43 04 77 04  	<unknown>
80005554: 48 02        	addi	a0, sp, 260
80005556: 77 03 b4 01  	<unknown>
8000555a: 91 03        	addi	t2, t2, 4
8000555c: d7 02 ce 07  	<unknown>
80005560: df 06 07 05  	<unknown>
80005564: d9 01        	addi	gp, gp, 22
80005566: 59 04        	addi	s0, s0, 22
80005568: 7a 03        	slli	t1, t1, 30
8000556a: fe 03        	slli	t2, t2, 31
8000556c: 11 04        	addi	s0, s0, 4
8000556e: 7c 03        	addi	a5, sp, 396
80005570: 22 04        	slli	s0, s0, 8
80005572: 77 03 73 04  	<unknown>
80005576: ed 03        	addi	t2, t2, 27
80005578: e8 05        	addi	a0, sp, 716
8000557a: 56 05        	slli	a0, a0, 21
8000557c: 85 04        	addi	s1, s1, 1
8000557e: 52 03        	slli	t1, t1, 20
80005580: 0c 04        	addi	a1, sp, 512
80005582: 7d 04        	addi	s0, s0, 31
80005584: e9 02        	addi	t0, t0, 26
80005586: cf 02 01 04  	<unknown>
8000558a: da 04        	slli	s1, s1, 22
8000558c: 2d 04        	addi	s0, s0, 11
8000558e: 83 03 ed 01  	lb	t2, 30(s10)
80005592: c7 03 7b 05  	<unknown>
80005596: 02 05        	c.slli64	a0
80005598: 2d 05        	addi	a0, a0, 11
8000559a: 33 04 eb 03  	mul	s0, s6, t5
8000559e: 64 05        	addi	s1, sp, 652
800055a0: 19 05        	addi	a0, a0, 6
800055a2: 79 04        	addi	s0, s0, 30
800055a4: e1 02        	addi	t0, t0, 24
800055a6: 88 04        	addi	a0, sp, 576
800055a8: 20 05        	addi	s0, sp, 648
800055aa: b9 03        	addi	t2, t2, 14
800055ac: 16 06        	slli	a2, a2, 5
800055ae: db 01 0d 05  	<unknown>
800055b2: 58 02        	addi	a4, sp, 260
800055b4: fd 03        	addi	t2, t2, 31
800055b6: eb 05 d3 03  	<unknown>
800055ba: 44 06        	addi	s1, sp, 772
800055bc: 47 06 ea 04  	<unknown>
800055c0: 47 05 75 05  	<unknown>
800055c4: ac 04        	addi	a1, sp, 584
800055c6: 7d 03        	addi	t1, t1, 31
800055c8: a3 03 4d 04  	sb	tp, 71(s10)
800055cc: 9b 03 74 03  	addiw	t2, s0, 55
800055d0: cd 04        	addi	s1, s1, 19
800055d2: 62 02        	slli	tp, tp, 24
800055d4: 93 05 a1 02  	addi	a1, sp, 42
800055d8: 98 04        	addi	a4, sp, 576
800055da: 9b 04 79 05  	addiw	s1, s2, 87
800055de: 0b 02 11 03  	<unknown>
800055e2: 41 04        	addi	s0, s0, 16
800055e4: 8d 02        	addi	t0, t0, 3
800055e6: 04 04        	addi	s1, sp, 512
800055e8: 8e 05        	slli	a1, a1, 3
800055ea: 4b 04 2c 04  	<unknown>
800055ee: 9b 02 90 05  	addiw	t0, zero, 89
800055f2: 5e 03        	slli	t1, t1, 23
800055f4: 30 05        	addi	a2, sp, 648
800055f6: d4 05        	addi	a3, sp, 708
800055f8: be 04        	slli	s1, s1, 15
800055fa: bf 03 80 02  	<unknown>
800055fe: e3 04 5f 03  	beq	t5, s5, 0x80005e26 <Gram_ref_imag+0x4c6>
80005602: 9e 02        	slli	t0, t0, 7
80005604: b3 04 c5 06  	<unknown>
80005608: 21 02        	addi	tp, tp, 8
8000560a: 48 05        	addi	a0, sp, 644
8000560c: 05 05        	addi	a0, a0, 1
8000560e: 7e 02        	slli	tp, tp, 31
80005610: 0d 04        	addi	s0, s0, 3
80005612: c8 03        	addi	a0, sp, 452
80005614: c4 03        	addi	s1, sp, 452
80005616: 22 06        	slli	a2, a2, 8
80005618: ce 03        	slli	t2, t2, 19
8000561a: 13 04 ab 08  	addi	s0, s6, 138
8000561e: 9b 03 11 01  	addiw	t2, sp, 17
80005622: 1d 04        	addi	s0, s0, 7
80005624: da 03        	slli	t2, t2, 22
80005626: df 02 60 02  	<unknown>
8000562a: 3c 03        	addi	a5, sp, 392
8000562c: 64 04        	addi	s1, sp, 524
8000562e: 8e 02        	slli	t0, t0, 3
80005630: ae 02        	slli	t0, t0, 11
80005632: 84 03        	addi	s1, sp, 448
80005634: 8b 04 18 04  	<unknown>
80005638: db 04 2f 04  	<unknown>
8000563c: 9d 03        	addi	t2, t2, 7
8000563e: 15 05        	addi	a0, a0, 5
80005640: ad 03        	addi	t2, t2, 11
80005642: 07 02 a1 03  	<unknown>
80005646: 31 04        	addi	s0, s0, 12
80005648: 86 02        	slli	t0, t0, 1
8000564a: 94 04        	addi	a3, sp, 576
8000564c: 5d 05        	addi	a0, a0, 23
8000564e: e2 02        	slli	t0, t0, 24
80005650: da 02        	slli	t0, t0, 22
80005652: 27 05 84 04  	vsuxei8.v	v10, (s0), v8, v0.t
80005656: f1 03        	addi	t2, t2, 28
80005658: 38 05        	addi	a4, sp, 648
8000565a: f5 02        	addi	t0, t0, 29
8000565c: 69 04        	addi	s0, s0, 26
8000565e: 1f 06 33 06  	<unknown>
80005662: 40 08        	addi	s0, sp, 20
80005664: 15 03        	addi	t1, t1, 5
80005666: 45 06        	addi	a2, a2, 17
80005668: 03 05 51 03  	lb	a0, 53(sp)
8000566c: 59 02        	addi	tp, tp, 22
8000566e: 68 01        	addi	a0, sp, 140
80005670: 68 02        	addi	a0, sp, 268
80005672: 8f 04 9e 02  	<unknown>
80005676: 91 04        	addi	s1, s1, 4
80005678: a8 04        	addi	a0, sp, 584
8000567a: a1 04        	addi	s1, s1, 8
8000567c: 5d 04        	addi	s0, s0, 23
8000567e: 78 01        	addi	a4, sp, 140
80005680: 37 01 7b 03  	lui	sp, 14256
80005684: 7f 04 20 04  	<unknown>
80005688: c2 01        	slli	gp, gp, 16
8000568a: 76 03        	slli	t1, t1, 29
8000568c: f5 02        	addi	t0, t0, 29
8000568e: 8b 04 bc 01  	<unknown>
80005692: cb 02 e4 04  	<unknown>
80005696: f0 03        	addi	a2, sp, 460
80005698: 98 03        	addi	a4, sp, 448
8000569a: df 02 a2 03  	<unknown>
8000569e: 20 04        	addi	s0, sp, 520
800056a0: 15 03        	addi	t1, t1, 5
800056a2: 93 03 c1 02  	addi	t2, sp, 44
800056a6: 30 04        	addi	a2, sp, 520
800056a8: f0 04        	addi	a2, sp, 588
800056aa: 0e 02        	slli	tp, tp, 3
800056ac: 2d 05        	addi	a0, a0, 11
800056ae: c7 02 84 06  	<unknown>
800056b2: 4a 05        	slli	a0, a0, 18
800056b4: d1 07        	addi	a5, a5, 20
800056b6: a4 03        	addi	s1, sp, 456
800056b8: b3 04 44 04  	<unknown>
800056bc: 74 04        	addi	a3, sp, 524
800056be: 06 04        	slli	s0, s0, 1
800056c0: 92 02        	slli	t0, t0, 4
800056c2: 74 05        	addi	a3, sp, 652
800056c4: 75 05        	addi	a0, a0, 29
800056c6: 17 05 79 03  	auipc	a0, 14224
800056ca: 13 04 f9 01  	addi	s0, s2, 31
800056ce: 33 05 c5 03  	mul	a0, a0, t3
800056d2: 6e 02        	slli	tp, tp, 27
800056d4: bd 05        	addi	a1, a1, 15
800056d6: f3 02 88 03  	<unknown>
800056da: 11 06        	addi	a2, a2, 4
800056dc: 0d 06        	addi	a2, a2, 3
800056de: 0c 02        	addi	a1, sp, 256
800056e0: f7 06 ec 04  	<unknown>
800056e4: 4c 03        	addi	a1, sp, 388
800056e6: 8c 03        	addi	a1, sp, 448
800056e8: 13 06 60 05  	li	a2, 86
800056ec: 89 03        	addi	t2, t2, 2
800056ee: d4 03        	addi	a3, sp, 452
800056f0: 82 04        	c.slli64	s1
800056f2: 81 02        	mv	t0, t0
800056f4: 28 05        	addi	a0, sp, 648
800056f6: 23 04 92 04  	sb	s1, 72(tp)
800056fa: 0a 04        	slli	s0, s0, 2
800056fc: 23 05 a8 05  	sb	s10, 74(a6)
80005700: 0e 04        	slli	s0, s0, 3
80005702: 07 04 7b 04  	vluxei8.v	v8, (s6), v7, v0.t
80005706: e1 05        	addi	a1, a1, 24
80005708: be 03        	slli	t2, t2, 15
8000570a: 8b 03 de 04  	<unknown>
8000570e: a0 03        	addi	s0, sp, 456
80005710: d5 05        	addi	a1, a1, 21
80005712: 8a 02        	slli	t0, t0, 2
80005714: 5d 04        	addi	s0, s0, 23
80005716: 2a 05        	slli	a0, a0, 10
80005718: 44 04        	addi	s1, sp, 516
8000571a: 03 03 ee 06  	lb	t1, 110(t3)
8000571e: d2 02        	slli	t0, t0, 20
80005720: fe 01        	slli	gp, gp, 31
80005722: c4 05        	addi	s1, sp, 708
80005724: 58 04        	addi	a4, sp, 516
80005726: b5 02        	addi	t0, t0, 13
80005728: f2 03        	slli	t2, t2, 28
8000572a: a3 04 e2 02  	sb	a4, 41(tp)
8000572e: d9 02        	addi	t0, t0, 22
80005730: 1d 04        	addi	s0, s0, 7
80005732: 37 04 43 06  	lui	s0, 25648
80005736: 35 04        	addi	s0, s0, 13
80005738: e1 03        	addi	t2, t2, 24
8000573a: 9f 05 5d 03  	<unknown>
8000573e: ff 04 aa 02  	<unknown>
80005742: 4d 03        	addi	t1, t1, 19
80005744: 1f 04 e6 03  	<unknown>
80005748: f0 01        	addi	a2, sp, 204
8000574a: be 02        	slli	t0, t0, 15
8000574c: 6b 03 32 03  	<unknown>
80005750: 06 04        	slli	s0, s0, 1
80005752: 74 04        	addi	a3, sp, 524
80005754: b9 04        	addi	s1, s1, 14
80005756: 85 05        	addi	a1, a1, 1
80005758: 2e 04        	slli	s0, s0, 11
8000575a: 1a 03        	slli	t1, t1, 6
8000575c: 2e 04        	slli	s0, s0, 11
8000575e: 32 06        	slli	a2, a2, 12
80005760: 8a 05        	slli	a1, a1, 2
80005762: 95 04        	addi	s1, s1, 5
80005764: ef 01 f1 04  	jal	gp, 0x80015fb2 <timer+0xe072>
80005768: c1 03        	addi	t2, t2, 16
8000576a: 83 04 88 03  	lb	s1, 56(a6)
8000576e: 6d 03        	addi	t1, t1, 27
80005770: 30 03        	addi	a2, sp, 392
80005772: 61 05        	addi	a0, a0, 24
80005774: 14 05        	addi	a3, sp, 640
80005776: 0f 06 95 04  	<unknown>
8000577a: 7e 03        	slli	t1, t1, 31
8000577c: 5e 05        	slli	a0, a0, 23
8000577e: b4 03        	addi	a3, sp, 456
80005780: 39 03        	addi	t1, t1, 14
80005782: 0b 04 d7 03  	<unknown>
80005786: 16 03        	slli	t1, t1, 5
80005788: b4 04        	addi	a3, sp, 584
8000578a: 09 04        	addi	s0, s0, 2
8000578c: 52 04        	slli	s0, s0, 20
8000578e: 1d 03        	addi	t1, t1, 7
80005790: 8a 02        	slli	t0, t0, 2
80005792: 88 03        	addi	a0, sp, 448
80005794: 3e 05        	slli	a0, a0, 15
80005796: 01 05        	mv	a0, a0
80005798: 17 02 dd 02  	auipc	tp, 11728
8000579c: 05 02        	addi	tp, tp, 1
8000579e: 6c 03        	addi	a1, sp, 396
800057a0: f2 03        	slli	t2, t2, 28
800057a2: 60 05        	addi	s0, sp, 652
800057a4: 8e 02        	slli	t0, t0, 3
800057a6: 01 03        	mv	t1, t1
800057a8: a3 03 f4 01  	sb	t6, 7(s0)
800057ac: 16 07        	slli	a4, a4, 5
800057ae: 77 02 c9 04  	<unknown>
800057b2: 3c 04        	addi	a5, sp, 520
800057b4: c3 03 9b 03  	fmadd.d	ft7, fs6, fs9, ft0, rne
800057b8: 05 04        	addi	s0, s0, 1
800057ba: 1f 04 94 06  	<unknown>
800057be: eb 03 8b 03  	<unknown>
800057c2: 55 04        	addi	s0, s0, 21
800057c4: e8 05        	addi	a0, sp, 716
800057c6: 05 04        	addi	s0, s0, 1
800057c8: 56 02        	slli	tp, tp, 21
800057ca: 3b 03 72 05  	<unknown>
800057ce: e8 02        	addi	a0, sp, 332
800057d0: 9c 07        	addi	a5, sp, 960
800057d2: b6 04        	slli	s1, s1, 13
800057d4: 78 04        	addi	a4, sp, 524
800057d6: da 03        	slli	t2, t2, 22
800057d8: 18 03        	addi	a4, sp, 384
800057da: da 04        	slli	s1, s1, 22
800057dc: 82 03        	c.slli64	t2
800057de: 82 03        	c.slli64	t2
800057e0: c6 04        	slli	s1, s1, 17
800057e2: 7f 04 50 02  	<unknown>
800057e6: 77 04 37 04  	<unknown>
800057ea: 8a 03        	slli	t2, t2, 2
800057ec: ab 04 ec 02  	<unknown>
800057f0: 3a 03        	slli	t1, t1, 14
800057f2: 52 04        	slli	s0, s0, 20
800057f4: 2b 05 9d 05  	<unknown>
800057f8: b8 02        	addi	a4, sp, 328
800057fa: 1d 02        	addi	tp, tp, 7
800057fc: 7c 05        	addi	a5, sp, 652
800057fe: c7 04 2d 04  	<unknown>
80005802: 0b 03 29 04  	<unknown>
80005806: 02 05        	c.slli64	a0
80005808: b0 03        	addi	a2, sp, 456
8000580a: 82 04        	c.slli64	s1
8000580c: 85 04        	addi	s1, s1, 1
8000580e: 4b 04 c3 06  	<unknown>
80005812: 70 03        	addi	a2, sp, 396
80005814: a3 03 2c 06  	sb	sp, 103(s8)
80005818: ba 04        	slli	s1, s1, 14
8000581a: e5 02        	addi	t0, t0, 25
8000581c: ad 05        	addi	a1, a1, 11
8000581e: 55 04        	addi	s0, s0, 21
80005820: bf 01 13 05  	<unknown>
80005824: bb 05 de 03  	mulw	a1, t3, t4
80005828: 90 02        	addi	a2, sp, 320
8000582a: f7 03 de 04  	<unknown>
8000582e: 77 03 47 02  	<unknown>
80005832: d7 02 44 06  	<unknown>
80005836: 6e 04        	slli	s0, s0, 27
80005838: 77 03 4a 02  	<unknown>
8000583c: c3 03 30 05  	<unknown>
80005840: ec 06        	addi	a1, sp, 844
80005842: 5b 03 c8 05  	<unknown>
80005846: bb 03 9c 02  	mulw	t2, s8, s1
8000584a: 86 02        	slli	t0, t0, 1
8000584c: b3 03 16 03  	mul	t2, a2, a7
80005850: 43 04 77 04  	<unknown>
80005854: 48 02        	addi	a0, sp, 260
80005856: 77 03 b4 01  	<unknown>
8000585a: 91 03        	addi	t2, t2, 4
8000585c: d7 02 ce 07  	<unknown>
80005860: d1 08        	addi	a7, a7, 20
80005862: d4 07        	addi	a3, sp, 964
80005864: 3d 02        	addi	tp, tp, 15
80005866: 7b 06 ce 04  	<unknown>
8000586a: 34 06        	addi	a3, sp, 776
8000586c: 34 04        	addi	a3, sp, 520
8000586e: d0 03        	addi	a2, sp, 452
80005870: f3 04 e0 04  	<unknown>
80005874: c7 04 ac 06  	<unknown>
80005878: e9 07        	addi	a5, a5, 26
8000587a: c2 07        	slli	a5, a5, 16
8000587c: 0f 08 f3 02  	<unknown>
80005880: b6 03        	slli	t2, t2, 13
80005882: f4 05        	addi	a3, sp, 716
80005884: c5 04        	addi	s1, s1, 17
80005886: ed 05        	addi	a1, a1, 27
80005888: d7 04 24 04  	<unknown>
8000588c: 71 04        	addi	s0, s0, 28
8000588e: 6c 05        	addi	a1, sp, 652
80005890: 55 02        	addi	tp, tp, 21
80005892: ae 03        	slli	t2, t2, 11
80005894: 4b 07 3f 07  	<unknown>
80005898: a0 05        	addi	s0, sp, 712
8000589a: 90 03        	addi	a2, sp, 448
8000589c: ce 05        	slli	a1, a1, 19
8000589e: 9e 05        	slli	a1, a1, 7
800058a0: 0c 06        	addi	a1, sp, 768
800058a2: 1c 07        	addi	a5, sp, 896
800058a4: d6 02        	slli	t0, t0, 21
800058a6: 56 03        	slli	t1, t1, 21
800058a8: 3a 07        	slli	a4, a4, 14
800058aa: 8c 05        	addi	a1, sp, 704
800058ac: f5 08        	addi	a7, a7, 29
800058ae: 94 02        	addi	a3, sp, 320
800058b0: b0 08        	addi	a2, sp, 88
800058b2: b9 04        	addi	s1, s1, 14
800058b4: 8d 09        	addi	s3, s3, 3
800058b6: a5 05        	addi	a1, a1, 9
800058b8: e9 04        	addi	s1, s1, 26
800058ba: f0 07        	addi	a2, sp, 972
800058bc: 7c 09        	addi	a5, sp, 156
800058be: 23 05 ce 05  	sb	t3, 74(t3)
800058c2: 63 07 f0 07  	beq	zero, t6, 0x80005930 <Gram_ref_real+0xfd0>
800058c6: c1 07        	addi	a5, a5, 16
800058c8: 62 02        	slli	tp, tp, 24
800058ca: d6 05        	slli	a1, a1, 21
800058cc: 9f 06 ef 04  	<unknown>
800058d0: 22 08        	slli	a6, a6, 8
800058d2: 6a 03        	slli	t1, t1, 26
800058d4: 71 08        	addi	a6, a6, 28
800058d6: 19 03        	addi	t1, t1, 6
800058d8: 22 05        	slli	a0, a0, 8
800058da: 83 09 e1 07  	lb	s3, 126(sp)
800058de: 83 03 ad 05  	lb	t2, 90(s10)
800058e2: 70 06        	addi	a2, sp, 780
800058e4: 94 02        	addi	a3, sp, 320
800058e6: 1e 06        	slli	a2, a2, 7
800058e8: ec 06        	addi	a1, sp, 844
800058ea: 58 06        	addi	a4, sp, 772
800058ec: e8 04        	addi	a0, sp, 588
800058ee: 46 05        	slli	a0, a0, 17
800058f0: ad 06        	addi	a3, a3, 11
800058f2: 90 05        	addi	a2, sp, 704
800058f4: 20 07        	addi	s0, sp, 904
800058f6: 41 06        	addi	a2, a2, 16
800058f8: 92 07        	slli	a5, a5, 4
800058fa: 5e 07        	slli	a4, a4, 23
800058fc: c3 05 62 07  	<unknown>
80005900: 58 05        	addi	a4, sp, 644
80005902: 29 04        	addi	s0, s0, 10
80005904: 55 07        	addi	a4, a4, 21
80005906: af 07 02 04  	<unknown>
8000590a: d0 05        	addi	a2, sp, 708
8000590c: 67 06 ba 05  	jalr	a2, 91(s4)
80005910: c5 08        	addi	a7, a7, 17
80005912: 31 04        	addi	s0, s0, 12
80005914: b7 04 ab 08  	lui	s1, 35504
80005918: 14 06        	addi	a3, sp, 768
8000591a: 60 06        	addi	s0, sp, 780
8000591c: bf 09 bb 06  	<unknown>
80005920: f4 04        	addi	a3, sp, 588
80005922: ad 06        	addi	a3, a3, 11
80005924: 6f 07 19 03  	jal	a4, 0x80096154 <timer+0x8e214>
80005928: 62 04        	slli	s0, s0, 24
8000592a: fb 06 87 04  	<unknown>
8000592e: 52 05        	slli	a0, a0, 20
80005930: 96 03        	slli	t2, t2, 5
80005932: eb 04 33 08  	<unknown>
80005936: 79 05        	addi	a0, a0, 30
80005938: c2 04        	slli	s1, s1, 16
8000593a: c4 06        	addi	s1, sp, 836
8000593c: 49 04        	addi	s0, s0, 18
8000593e: ff 08 c9 06  	<unknown>
80005942: da 03        	slli	t2, t2, 22
80005944: 14 07        	addi	a3, sp, 896
80005946: 73 04 2e 02  	<unknown>
8000594a: f3 05 fc 05  	<unknown>
8000594e: cb 03 6e 05  	<unknown>
80005952: d2 06        	slli	a3, a3, 20
80005954: c8 05        	addi	a0, sp, 708
80005956: e0 06        	addi	s0, sp, 844
80005958: 28 04        	addi	a0, sp, 520
8000595a: 5a 04        	slli	s0, s0, 22
8000595c: 4a 06        	slli	a2, a2, 18
8000595e: 6f 0a 00 00  	jal	s4, 0x8000595e <Gram_ref_real+0xffe>

0000000080005960 <Gram_ref_imag>:
		...
80005a60: f1 fe        	bnez	a3, 0x80005a3c <Gram_ref_imag+0xdc>
80005a62: 0b 01 88 fe  	<unknown>
80005a66: 3a 01        	slli	sp, sp, 14
80005a68: 7b 00 c3 ff  	<unknown>
80005a6c: 05 01        	addi	sp, sp, 1
80005a6e: c4 00        	addi	s1, sp, 68
80005a70: 2a 00        	c.slli	zero, 10
80005a72: 29 ff        	bnez	a4, 0x800059cc <Gram_ref_imag+0x6c>
80005a74: 22 fe        	sd	s0, 312(sp)
80005a76: 43 ff c2 fe  	<unknown>
80005a7a: 00 00        	unimp	
80005a7c: e5 ff        	bnez	a5, 0x80005a74 <Gram_ref_imag+0x114>
80005a7e: 46 00        	c.slli	zero, 17
80005a80: ef 00 d0 fe  	jal	0x7ff06a6c <v_compute_z_cfxp16.c+0x7ff06a6c>
80005a84: 4b 00 07 00  	fnmsub.s	ft0, fa4, ft0, ft0, rne
80005a88: 8d fe        	bnez	a3, 0x800059c2 <Gram_ref_imag+0x62>
80005a8a: 16 fe        	sd	t0, 312(sp)
80005a8c: cb ff 8a 00  	fnmsub.s	ft11, fs5, fs0, ft0
80005a90: a3 02 30 00  	sb	gp, 5(zero)
80005a94: 5c 00        	addi	a5, sp, 4
80005a96: 7d ff        	bnez	a4, 0x80005a94 <Gram_ref_imag+0x134>
80005a98: a6 00        	slli	ra, ra, 9
80005a9a: 92 01        	slli	gp, gp, 4
80005a9c: 26 02        	slli	tp, tp, 9
80005a9e: e9 ff        	bnez	a5, 0x80005a78 <Gram_ref_imag+0x118>
80005aa0: f2 00        	slli	ra, ra, 28
80005aa2: 96 fe        	sd	t0, 376(sp)
80005aa4: 02 00        	c.slli64	zero
80005aa6: a4 01        	addi	s1, sp, 200
80005aa8: 11 01        	addi	sp, sp, 4
80005aaa: 61 00        	c.nop	24
80005aac: ff ff 55 ff  	<unknown>
80005ab0: 8d 02        	addi	t0, t0, 3
80005ab2: a5 01        	addi	gp, gp, 9
80005ab4: d8 02        	addi	a4, sp, 324
80005ab6: b7 ff 60 ff  	lui	t6, 1046031
80005aba: f7 ff 90 ff  	<unknown>
80005abe: 50 fe        	sd	a2, 184(a2)
80005ac0: 77 fe 0f 01  	<unknown>
80005ac4: a4 fe        	sd	s1, 120(a3)
80005ac6: 13 02 00 01  	li	tp, 16
80005aca: 38 01        	addi	a4, sp, 136
80005acc: de fe        	sd	s7, 376(sp)
80005ace: 70 01        	addi	a2, sp, 140
80005ad0: c9 fe        	bnez	a3, 0x80005a6a <Gram_ref_imag+0x10a>
80005ad2: 98 fe        	sd	a4, 56(a3)
80005ad4: e6 00        	slli	ra, ra, 25
80005ad6: 73 ff 22 00  	csrrci	t5, frm, 5
80005ada: 1a ff        	sd	t1, 440(sp)
80005adc: 76 fe        	sd	t4, 312(sp)
80005ade: 4c 00        	addi	a1, sp, 4
80005ae0: 7c 01        	addi	a5, sp, 140
80005ae2: 6c 00        	addi	a1, sp, 12
80005ae4: 6c 01        	addi	a1, sp, 140
80005ae6: 5e ff        	sd	s7, 440(sp)
80005ae8: 50 02        	addi	a2, sp, 260
80005aea: dc fd        	sd	a5, 184(a1)
80005aec: 39 fe        	bnez	a2, 0x80005a4a <Gram_ref_imag+0xea>
80005aee: c7 fe ee 00  	fmsub.s	ft9, ft9, fa4, ft0
80005af2: 6c fe        	sd	a1, 248(a2)
80005af4: f7 00 67 fe  	<unknown>
80005af8: 30 fe        	sd	a2, 120(a2)
80005afa: 06 00        	c.slli	zero, 1
80005afc: bd fc        	bnez	s1, 0x80005a7a <Gram_ref_imag+0x11a>
80005afe: ea fe        	sd	s10, 376(sp)
80005b00: 02 ff        	sd	zero, 440(sp)
80005b02: b6 02        	slli	t0, t0, 13
80005b04: 6b ff bd fe  	<unknown>
80005b08: 10 00        	<unknown>
80005b0a: aa ff        	sd	a0, 504(sp)
80005b0c: 51 fe        	bnez	a2, 0x80005aa8 <Gram_ref_imag+0x148>
80005b0e: 8f 00 d1 ff  	<unknown>
80005b12: e0 00        	addi	s0, sp, 76
80005b14: bf fe f6 00  	<unknown>
80005b18: b3 00 3e 00  	add	ra, t3, gp
80005b1c: b7 ff 51 fe  	lui	t6, 1041695
80005b20: f2 fe        	sd	t3, 376(sp)
80005b22: d8 ff        	sd	a4, 184(a5)
80005b24: 26 01        	slli	sp, sp, 9
80005b26: a0 00        	addi	s0, sp, 72
80005b28: cb 00 84 01  	fnmsub.s	ft1, fs0, fs8, ft0, rne
80005b2c: 22 01        	slli	sp, sp, 8
80005b2e: 54 ff        	sd	a3, 184(a4)
80005b30: f3 fd 3d 00  	csrrci	s11, fcsr, 27
80005b34: b7 fe 3e 00  	lui	t4, 1007
80005b38: 29 00        	c.nop	10
80005b3a: 96 01        	slli	gp, gp, 5
80005b3c: 25 02        	addi	tp, tp, 9
80005b3e: 7e fd        	sd	t6, 184(sp)
80005b40: 71 00        	c.nop	28
80005b42: 4f ff 7a 02  	fnmadd.d	ft10, fs5, ft7, ft0
80005b46: 99 ff        	bnez	a5, 0x80005a64 <Gram_ref_imag+0x104>
80005b48: 01 00        	nop
80005b4a: f3 ff dc 01  	csrrci	t6, 29, 25
80005b4e: 8e ff        	sd	gp, 504(sp)
80005b50: ad ff        	bnez	a5, 0x80005aca <Gram_ref_imag+0x16a>
80005b52: bf fe bf 00  	<unknown>
80005b56: 5a 01        	slli	sp, sp, 22
80005b58: 42 00        	c.slli	zero, 16
80005b5a: d0 fe        	sd	a2, 184(a3)
80005b5c: f0 fd        	sd	a2, 248(a1)
80005b5e: 99 fd        	bnez	a1, 0x80005a7c <Gram_ref_imag+0x11c>
80005b60: cc 00        	addi	a1, sp, 68
80005b62: fa ff        	sd	t5, 504(sp)
80005b64: 0e fc        	sd	gp, 56(sp)
80005b66: cb 01 85 00  	fnmsub.s	ft3, fa0, fs0, ft0, rne
80005b6a: 24 00        	addi	s1, sp, 8
80005b6c: 69 00        	c.nop	26
80005b6e: a1 00        	addi	ra, ra, 8
80005b70: bb fd 37 fe  	<unknown>
80005b74: e2 fd        	sd	s8, 248(sp)
80005b76: 7c ff        	sd	a5, 248(a4)
80005b78: 23 00 46 fe  	sb	tp, -32(a2)
80005b7c: af ff 59 ff  	<unknown>
80005b80: 00 fe        	sd	s0, 56(a2)
80005b82: 82 fc        	sd	zero, 120(sp)
80005b84: df 00 a8 ff  	<unknown>
80005b88: c0 00        	addi	s0, sp, 68
80005b8a: 04 00        	<unknown>
80005b8c: 38 01        	addi	a4, sp, 136
80005b8e: 34 fe        	sd	a3, 120(a2)
80005b90: ca 01        	slli	gp, gp, 18
80005b92: 5d ff        	bnez	a4, 0x80005b50 <Gram_ref_imag+0x1f0>
80005b94: 95 fe        	bnez	a3, 0x80005ad0 <Gram_ref_imag+0x170>
80005b96: 83 ff 97 fe  	<unknown>
80005b9a: cf fe 86 01  	fnmadd.s	ft9, fa3, fs8, ft0
80005b9e: c9 00        	addi	ra, ra, 18
80005ba0: 2a 00        	c.slli	zero, 10
80005ba2: 50 ff        	sd	a2, 184(a4)
80005ba4: f6 01        	slli	gp, gp, 29
80005ba6: 49 00        	c.nop	18
80005ba8: b7 01 df ff  	lui	gp, 1048048
80005bac: ed fe        	bnez	a3, 0x80005ba6 <Gram_ref_imag+0x246>
80005bae: 0c 00        	<unknown>
80005bb0: 01 03        	mv	t1, t1
80005bb2: 79 00        	c.nop	30
80005bb4: 21 00        	c.nop	8
80005bb6: 7c ff        	sd	a5, 248(a4)
80005bb8: 51 01        	addi	sp, sp, 20
80005bba: d7 00 19 ff  	<unknown>
80005bbe: 0e ff        	sd	gp, 440(sp)
80005bc0: 25 00        	c.nop	9
80005bc2: 74 01        	addi	a3, sp, 140
80005bc4: 72 01        	slli	sp, sp, 28
80005bc6: b7 01 02 01  	lui	gp, 4128
80005bca: bb 01 b3 fd  	<unknown>
80005bce: 3c 00        	addi	a5, sp, 8
80005bd0: f9 ff        	bnez	a5, 0x80005bae <Gram_ref_imag+0x24e>
80005bd2: e6 fe        	sd	s9, 376(sp)
80005bd4: e8 ff        	sd	a0, 248(a5)
80005bd6: 87 00 dc 00  	<unknown>
80005bda: b0 fe        	sd	a2, 120(a3)
80005bdc: 5a ff        	sd	s6, 440(sp)
80005bde: 63 01 1c 02  	beq	s8, ra, 0x80005c00 <Gram_ref_imag+0x2a0>
80005be2: 80 00        	addi	s0, sp, 64
80005be4: 96 00        	slli	ra, ra, 5
80005be6: 14 00        	<unknown>
80005be8: 30 01        	addi	a2, sp, 136
80005bea: a7 ff b3 00  	<unknown>
80005bee: 45 ff        	bnez	a4, 0x80005ba6 <Gram_ref_imag+0x246>
80005bf0: c1 02        	addi	t0, t0, 16
80005bf2: 1a ff        	sd	t1, 440(sp)
80005bf4: 9e 00        	slli	ra, ra, 7
80005bf6: 82 fd        	sd	zero, 248(sp)
80005bf8: 60 00        	addi	s0, sp, 12
80005bfa: 31 00        	c.nop	12
80005bfc: 92 ff        	sd	tp, 504(sp)
80005bfe: 34 ff        	sd	a3, 120(a4)
80005c00: 8f fd 8f 00  	<unknown>
80005c04: ce 00        	slli	ra, ra, 19
80005c06: a5 00        	addi	ra, ra, 9
80005c08: a3 00 82 00  	sb	s0, 1(tp)
80005c0c: af fe ff fe  	<unknown>
80005c10: 56 ff        	sd	s5, 440(sp)
80005c12: 1b 01 5a ff  	addiw	sp, s4, -11
80005c16: 88 00        	addi	a0, sp, 64
80005c18: 77 ff 27 ff  	<unknown>
80005c1c: c3 00 b2 fd  	<unknown>
80005c20: 60 ff        	sd	s0, 248(a4)
80005c22: 21 ff        	bnez	a4, 0x80005b7a <Gram_ref_imag+0x21a>
80005c24: 79 01        	addi	sp, sp, 30
80005c26: d4 fe        	sd	a3, 184(a3)
80005c28: a5 00        	addi	ra, ra, 9
80005c2a: d8 00        	addi	a4, sp, 68
80005c2c: 38 03        	addi	a4, sp, 392
80005c2e: a7 ff c7 fe  	<unknown>
80005c32: 37 00 00 ff  	lui	zero, 1044480
80005c36: 66 ff        	sd	s9, 440(sp)
80005c38: aa ff        	sd	a0, 504(sp)
80005c3a: 55 00        	c.nop	21
80005c3c: 67 00 d9 ff  	jr	-3(s2)
80005c40: 99 02        	addi	t0, t0, 6
80005c42: 9d ff        	bnez	a5, 0x80005b80 <Gram_ref_imag+0x220>
80005c44: 40 02        	addi	s0, sp, 260
80005c46: 83 ff 44 03  	<unknown>
80005c4a: 78 fd        	sd	a4, 248(a0)
80005c4c: bf 00 95 00  	<unknown>
80005c50: 37 fe 05 fe  	lui	t3, 1040479
80005c54: 0e 02        	slli	tp, tp, 3
80005c56: 3e 01        	slli	sp, sp, 15
80005c58: a6 01        	slli	gp, gp, 9
80005c5a: fb ff d8 fd  	<unknown>
80005c5e: 71 ff        	bnez	a4, 0x80005c3a <Gram_ref_imag+0x2da>
80005c60: aa fe        	sd	a0, 376(sp)
80005c62: 59 00        	c.nop	22
80005c64: e7 fe da 00  	<unknown>
80005c68: 7e 00        	c.slli	zero, 31
80005c6a: 9c fe        	sd	a5, 56(a3)
80005c6c: ce fe        	sd	s3, 376(sp)
80005c6e: 0c ff        	sd	a1, 56(a4)
80005c70: 65 00        	c.nop	25
80005c72: f7 fd c8 fe  	<unknown>
80005c76: 19 00        	c.nop	6
80005c78: 71 fe        	bnez	a2, 0x80005c54 <Gram_ref_imag+0x2f4>
80005c7a: 79 ff        	bnez	a4, 0x80005c58 <Gram_ref_imag+0x2f8>
80005c7c: 19 ff        	bnez	a4, 0x80005b9a <Gram_ref_imag+0x23a>
80005c7e: 0a ff        	sd	sp, 440(sp)
80005c80: 0e 00        	c.slli	zero, 3
80005c82: 11 00        	c.nop	4
80005c84: 9b 01 24 01  	addiw	gp, s0, 18
80005c88: fe 00        	slli	ra, ra, 31
80005c8a: 38 ff        	sd	a4, 120(a4)
80005c8c: bc fe        	sd	a5, 120(a3)
80005c8e: 86 00        	slli	ra, ra, 1
80005c90: 8d ff        	bnez	a5, 0x80005bca <Gram_ref_imag+0x26a>
80005c92: 48 00        	addi	a0, sp, 4
80005c94: 40 01        	addi	s0, sp, 132
80005c96: 3a 03        	slli	t1, t1, 14
80005c98: e1 ff        	bnez	a5, 0x80005c70 <Gram_ref_imag+0x310>
80005c9a: 7a fe        	sd	t5, 312(sp)
80005c9c: b7 fe 15 01  	lui	t4, 4447
80005ca0: 2a fe        	sd	a0, 312(sp)
80005ca2: a5 fe        	bnez	a3, 0x80005c1a <Gram_ref_imag+0x2ba>
80005ca4: 7b 01 1d 02  	<unknown>
80005ca8: c6 01        	slli	gp, gp, 17
80005caa: 7e ff        	sd	t6, 440(sp)
80005cac: f1 fd        	bnez	a1, 0x80005c88 <Gram_ref_imag+0x328>
80005cae: f0 00        	addi	a2, sp, 76
80005cb0: e0 02        	addi	s0, sp, 332
80005cb2: d9 00        	addi	ra, ra, 22
80005cb4: 60 02        	addi	s0, sp, 268
80005cb6: 01 02        	mv	tp, tp
80005cb8: c6 ff        	sd	a7, 504(sp)
80005cba: 0d fe        	bnez	a2, 0x80005bf4 <Gram_ref_imag+0x294>
80005cbc: 16 fe        	sd	t0, 312(sp)
80005cbe: 7c fe        	sd	a5, 248(a2)
80005cc0: 10 01        	addi	a2, sp, 128
80005cc2: 08 02        	addi	a0, sp, 256
80005cc4: 97 00 cf 00  	auipc	ra, 3312
80005cc8: ea 00        	slli	ra, ra, 26
80005cca: 01 01        	mv	sp, sp
80005ccc: ef fe 68 00  	jal	t4, 0x80094cd2 <timer+0x8cd92>
80005cd0: bb ff c9 ff  	<unknown>
80005cd4: fc 01        	addi	a5, sp, 204
80005cd6: 10 00        	<unknown>
80005cd8: 00 01        	addi	s0, sp, 128
80005cda: e1 fb        	bnez	a5, 0x80005caa <Gram_ref_imag+0x34a>
80005cdc: 23 ff 3d 02  	<unknown>
80005ce0: b4 00        	addi	a3, sp, 72
80005ce2: e4 fe        	sd	s1, 248(a3)
80005ce4: 02 ff        	sd	zero, 440(sp)
80005ce6: 8c fe        	sd	a1, 56(a3)
80005ce8: aa 02        	slli	t0, t0, 10
80005cea: 5f fe 0b 00  	<unknown>
80005cee: be fe        	sd	a5, 376(sp)
80005cf0: f7 ff c7 00  	<unknown>
80005cf4: 6f 01 8c fd  	jal	sp, 0x7ffc64cc <v_compute_z_cfxp16.c+0x7ffc64cc>
80005cf8: 4c fe        	sd	a1, 184(a2)
80005cfa: fc fe        	sd	a5, 248(a3)
80005cfc: 1d fe        	bnez	a2, 0x80005c3a <Gram_ref_imag+0x2da>
80005cfe: 80 ff        	sd	s0, 56(a5)
80005d00: ab 00 9a 02  	<unknown>
80005d04: d2 ff        	sd	s4, 504(sp)
80005d06: b1 00        	addi	ra, ra, 12
80005d08: a2 fe        	sd	s0, 376(sp)
80005d0a: 6e ff        	sd	s11, 440(sp)
80005d0c: b2 00        	slli	ra, ra, 12
80005d0e: 46 00        	c.slli	zero, 17
80005d10: 38 fd        	sd	a4, 120(a0)
80005d12: a7 01 7c ff  	<unknown>
80005d16: 63 02 ab 00  	beq	s6, a0, 0x80005d1a <Gram_ref_imag+0x3ba>
80005d1a: 4e 00        	c.slli	zero, 19
80005d1c: 75 01        	addi	sp, sp, 29
80005d1e: fa fe        	sd	t5, 376(sp)
80005d20: 47 00 c9 ff  	<unknown>
80005d24: 75 ff        	bnez	a4, 0x80005d20 <Gram_ref_imag+0x3c0>
80005d26: 31 ff        	bnez	a4, 0x80005c82 <Gram_ref_imag+0x322>
80005d28: 80 01        	addi	s0, sp, 192
80005d2a: 97 01 9d 02  	auipc	gp, 10704
80005d2e: 84 00        	addi	s1, sp, 64
80005d30: 03 ff b4 01  	<unknown>
80005d34: 36 fd        	sd	a3, 184(sp)
80005d36: 7c 01        	addi	a5, sp, 140
80005d38: 60 01        	addi	s0, sp, 140
80005d3a: ec 00        	addi	a1, sp, 76
80005d3c: 2b 00 1a 00  	<unknown>
80005d40: 31 03        	addi	t1, t1, 12
80005d42: 10 ff        	sd	a2, 56(a4)
80005d44: 41 03        	addi	t1, t1, 16
80005d46: 8b 00 04 02  	<unknown>
80005d4a: 11 ff        	bnez	a4, 0x80005c66 <Gram_ref_imag+0x306>
80005d4c: 99 00        	addi	ra, ra, 6
80005d4e: f0 ff        	sd	a2, 248(a5)
80005d50: ca ff        	sd	s2, 504(sp)
80005d52: f0 ff        	sd	a2, 248(a5)
80005d54: fc fe        	sd	a5, 248(a3)
80005d56: 8b 01 7c 02  	<unknown>
80005d5a: 63 ff a1 fc  	bgeu	gp, a0, 0x80005538 <Gram_ref_real+0xbd8>
80005d5e: 73 00 0e 01  	<unknown>
80005d62: f4 fe        	sd	a3, 248(a3)
80005d64: 77 01 c5 fe  	<unknown>
80005d68: 84 ff        	sd	s1, 56(a5)
80005d6a: 3c 00        	addi	a5, sp, 8
80005d6c: fa fe        	sd	t5, 376(sp)
80005d6e: 3b ff d5 ff  	<unknown>
80005d72: d6 00        	slli	ra, ra, 21
80005d74: dd 01        	addi	gp, gp, 23
80005d76: bc 00        	addi	a5, sp, 72
80005d78: 3d 01        	addi	sp, sp, 15
80005d7a: ff ff 1a 00  	<unknown>
80005d7e: b9 ff        	bnez	a5, 0x80005cdc <Gram_ref_imag+0x37c>
80005d80: 10 ff        	sd	a2, 56(a4)
80005d82: 2f 01 b4 ff  	<unknown>
80005d86: f8 ff        	sd	a4, 248(a5)
80005d88: 72 01        	slli	sp, sp, 28
80005d8a: e9 01        	addi	gp, gp, 26
80005d8c: 34 00        	addi	a3, sp, 8
80005d8e: 75 ff        	bnez	a4, 0x80005d8a <Gram_ref_imag+0x42a>
80005d90: 5c fd        	sd	a5, 184(a0)
80005d92: cf ff a3 ff  	<unknown>
80005d96: 82 00        	c.slli64	ra
80005d98: 59 ff        	bnez	a4, 0x80005d36 <Gram_ref_imag+0x3d6>
80005d9a: 6d fe        	bnez	a2, 0x80005d94 <Gram_ref_imag+0x434>
80005d9c: d9 fd        	bnez	a1, 0x80005d3a <Gram_ref_imag+0x3da>
80005d9e: 16 00        	c.slli	zero, 5
80005da0: 0d ff        	bnez	a4, 0x80005cda <Gram_ref_imag+0x37a>
80005da2: 69 01        	addi	sp, sp, 26
80005da4: fd ff        	bnez	a5, 0x80005da2 <Gram_ref_imag+0x442>
80005da6: 5b fe ee fe  	<unknown>
80005daa: 9e ff        	sd	t2, 504(sp)
80005dac: 00 00        	unimp	
80005dae: aa 00        	slli	ra, ra, 10
80005db0: 72 fd        	sd	t3, 184(sp)
80005db2: 5a fe        	sd	s6, 312(sp)
80005db4: 27 fd 48 00  	<unknown>
80005db8: 9f 00 08 00  	<unknown>
80005dbc: 6f 00 af 01  	j	0x800f5dd6 <timer+0xede96>
80005dc0: 88 01        	addi	a0, sp, 192
80005dc2: f0 fe        	sd	a2, 248(a3)
80005dc4: 5b 01 ec fd  	<unknown>
80005dc8: ff fe c7 fe  	<unknown>
80005dcc: 21 01        	addi	sp, sp, 8
80005dce: 8f fe 36 01  	<unknown>
80005dd2: 67 01 19 ff  	jalr	sp, -15(s2)
80005dd6: 8c 00        	addi	a1, sp, 64
80005dd8: dd ff        	bnez	a5, 0x80005d96 <Gram_ref_imag+0x436>
80005dda: e5 00        	addi	ra, ra, 25
80005ddc: 89 01        	addi	gp, gp, 2
80005dde: b3 ff 83 fe  	<unknown>
80005de2: 93 ff 93 fe  	andi	t6, t2, -23
80005de6: a1 00        	addi	ra, ra, 8
80005de8: af fd 23 02  	<unknown>
80005dec: c6 01        	slli	gp, gp, 17
80005dee: 38 01        	addi	a4, sp, 136
80005df0: 11 ff        	bnez	a4, 0x80005d0c <Gram_ref_imag+0x3ac>
80005df2: 93 01 08 ff  	addi	gp, a6, -16
80005df6: 98 01        	addi	a4, sp, 192
80005df8: cf 01 f9 ff  	<unknown>
80005dfc: 42 03        	slli	t1, t1, 16
80005dfe: 15 01        	addi	sp, sp, 5
80005e00: fd 00        	addi	ra, ra, 31
80005e02: 49 fd        	bnez	a0, 0x80005d9c <Gram_ref_imag+0x43c>
80005e04: 94 00        	addi	a3, sp, 64
80005e06: 42 01        	slli	sp, sp, 16
80005e08: ef ff 55 00  	jal	t6, 0x8006560c <timer+0x5d6cc>
80005e0c: ae 01        	slli	gp, gp, 11
80005e0e: 70 ff        	sd	a2, 248(a4)
80005e10: 2e 00        	c.slli	zero, 11
80005e12: 1f ff 40 01  	<unknown>
80005e16: 09 ff        	bnez	a4, 0x80005d30 <Gram_ref_imag+0x3d0>
80005e18: 4c ff        	sd	a1, 184(a4)
80005e1a: c1 ff        	bnez	a5, 0x80005db2 <Gram_ref_imag+0x452>
80005e1c: 48 00        	addi	a0, sp, 4
80005e1e: ae 01        	slli	gp, gp, 11
80005e20: 0d 01        	addi	sp, sp, 3
80005e22: 27 00 d9 fe  	<unknown>
80005e26: 5f ff 34 ff  	<unknown>
80005e2a: 7b fe dd fe  	<unknown>
80005e2e: ab 00 0c 02  	<unknown>
80005e32: c2 ff        	sd	a6, 504(sp)
80005e34: 48 01        	addi	a0, sp, 132
80005e36: c1 ff        	bnez	a5, 0x80005dce <Gram_ref_imag+0x46e>
80005e38: d6 ff        	sd	s5, 504(sp)
80005e3a: 69 fe        	bnez	a2, 0x80005e14 <Gram_ref_imag+0x4b4>
80005e3c: da fd        	sd	s6, 248(sp)
80005e3e: 81 02        	mv	t0, t0
80005e40: 8e ff        	sd	gp, 504(sp)
80005e42: b0 00        	addi	a2, sp, 72
80005e44: 85 fd        	bnez	a1, 0x80005d7c <Gram_ref_imag+0x41c>
80005e46: 66 00        	c.slli	zero, 25
80005e48: fe ff        	sd	t6, 504(sp)
80005e4a: 0c 00        	<unknown>
80005e4c: 23 fe 71 00  	<unknown>
80005e50: 52 00        	c.slli	zero, 20
80005e52: 40 01        	addi	s0, sp, 132
80005e54: 40 ff        	sd	s0, 184(a4)
80005e56: a5 fe        	bnez	a3, 0x80005dce <Gram_ref_imag+0x46e>
80005e58: bd ff        	bnez	a5, 0x80005dd6 <Gram_ref_imag+0x476>
80005e5a: 2f 01 0f 02  	<unknown>
80005e5e: 66 02        	slli	tp, tp, 25
		...
80005f60: 21 01        	addi	sp, sp, 8
80005f62: 28 ff        	sd	a0, 120(a4)
80005f64: 96 fc        	sd	t0, 120(sp)
80005f66: ab 01 d1 01  	<unknown>
80005f6a: 26 00        	c.slli	zero, 9
80005f6c: a0 ff        	sd	s0, 120(a5)
80005f6e: d4 ff        	sd	a3, 184(a5)
80005f70: 13 fe c1 fe  	andi	t3, gp, -20
80005f74: e9 01        	addi	gp, gp, 26
80005f76: a2 ff        	sd	s0, 504(sp)
80005f78: 54 01        	addi	a3, sp, 132
80005f7a: 3d fe        	bnez	a2, 0x80005ef8 <Gram_ref_imag+0x598>
80005f7c: a2 ff        	sd	s0, 504(sp)
80005f7e: 31 ff        	bnez	a4, 0x80005eda <Gram_ref_imag+0x57a>
80005f80: 2d ff        	bnez	a4, 0x80005efa <Gram_ref_imag+0x59a>
80005f82: c5 fe        	bnez	a3, 0x80005f3a <Gram_ref_imag+0x5da>
80005f84: 40 00        	addi	s0, sp, 4
80005f86: 32 00        	c.slli	zero, 12
80005f88: d6 00        	slli	ra, ra, 21
80005f8a: a2 01        	slli	gp, gp, 8
80005f8c: 8a 00        	slli	ra, ra, 2
80005f8e: a1 fe        	bnez	a3, 0x80005ee6 <Gram_ref_imag+0x586>
80005f90: ba ff        	sd	a4, 504(sp)
80005f92: 60 ff        	sd	s0, 248(a4)
80005f94: 10 ff        	sd	a2, 56(a4)
80005f96: 89 00        	addi	ra, ra, 2
80005f98: 11 00        	c.nop	4
80005f9a: a8 fd        	sd	a0, 120(a1)
80005f9c: e5 ff        	bnez	a5, 0x80005f94 <Gram_ref_imag+0x634>
80005f9e: 24 01        	addi	s1, sp, 136
80005fa0: 6d ff        	bnez	a4, 0x80005f9a <Gram_ref_imag+0x63a>
80005fa2: 1c 01        	addi	a5, sp, 128
80005fa4: e1 01        	addi	gp, gp, 24
80005fa6: 3d ff        	bnez	a4, 0x80005f24 <Gram_ref_imag+0x5c4>
80005fa8: 21 00        	c.nop	8
80005faa: 82 00        	c.slli64	ra
80005fac: a0 fe        	sd	s0, 120(a3)
80005fae: 49 00        	c.nop	18
80005fb0: 71 01        	addi	sp, sp, 28
80005fb2: 3a ff        	sd	a4, 440(sp)
80005fb4: 15 fe        	bnez	a2, 0x80005ef0 <Gram_ref_imag+0x590>
80005fb6: a4 ff        	sd	s1, 120(a5)
80005fb8: 30 03        	addi	a2, sp, 392
80005fba: ac 00        	addi	a1, sp, 72
80005fbc: 89 00        	addi	ra, ra, 2
80005fbe: 71 ff        	bnez	a4, 0x80005f9a <Gram_ref_imag+0x63a>
80005fc0: 97 00 7c 01  	auipc	ra, 6080
80005fc4: 4e 02        	slli	tp, tp, 19
80005fc6: 59 02        	addi	tp, tp, 22
80005fc8: 74 00        	addi	a3, sp, 12
80005fca: 75 ff        	bnez	a4, 0x80005fc6 <Gram_ref_imag+0x666>
80005fcc: 04 00        	<unknown>
80005fce: 0b ff 91 01  	<unknown>
80005fd2: ae 00        	slli	ra, ra, 11
80005fd4: 4b ff a3 01  	fnmsub.s	ft10, ft7, fs10, ft0
80005fd8: c5 00        	addi	ra, ra, 17
80005fda: 16 00        	c.slli	zero, 5
80005fdc: a9 00        	addi	ra, ra, 10
80005fde: 79 01        	addi	sp, sp, 30
80005fe0: 41 01        	addi	sp, sp, 16
80005fe2: 86 00        	slli	ra, ra, 1
80005fe4: 17 ff bc ff  	auipc	t5, 1047503
80005fe8: 56 ff        	sd	s5, 440(sp)
80005fea: 57 00 d1 02  	vadd.vv	v0, v13, v2
80005fee: 1a 00        	c.slli	zero, 6
80005ff0: 65 01        	addi	sp, sp, 25
80005ff2: 5a 00        	c.slli	zero, 22
80005ff4: 1c ff        	sd	a5, 56(a4)
80005ff6: a8 ff        	sd	a0, 120(a5)
80005ff8: 6e 01        	slli	sp, sp, 27
80005ffa: 37 ff c0 04  	lui	t5, 19471
80005ffe: 78 00        	addi	a4, sp, 12
80006000: 07 ff 3c fe  	<unknown>
80006004: 90 ff        	sd	a2, 56(a5)
80006006: 60 01        	addi	s0, sp, 140
80006008: 89 00        	addi	ra, ra, 2
8000600a: 95 01        	addi	gp, gp, 5
8000600c: b0 00        	addi	a2, sp, 72
8000600e: a4 fd        	sd	s1, 120(a1)
80006010: 95 ff        	bnez	a5, 0x80005f4c <Gram_ref_imag+0x5ec>
80006012: 7a ff        	sd	t5, 440(sp)
80006014: 2e 00        	c.slli	zero, 11
80006016: b3 00 94 fe  	<unknown>
8000601a: af ff fe 00  	<unknown>
8000601e: a5 fe        	bnez	a3, 0x80005f96 <Gram_ref_imag+0x636>
80006020: 1d 00        	c.nop	7
80006022: 91 fe        	bnez	a3, 0x80005f3e <Gram_ref_imag+0x5de>
80006024: cf 01 d8 fe  	<unknown>
80006028: 70 00        	addi	a2, sp, 12
8000602a: 87 ff e9 00  	<unknown>
8000602e: 30 00        	addi	a2, sp, 8
80006030: 96 ff        	sd	t0, 504(sp)
80006032: 3d 01        	addi	sp, sp, 15
80006034: 9e 00        	slli	ra, ra, 7
80006036: cd fe        	bnez	a3, 0x80005ff0 <Gram_ref_imag+0x690>
80006038: b6 ff        	sd	a3, 504(sp)
8000603a: 7f ff 38 ff  	<unknown>
8000603e: 8d 03        	addi	t2, t2, 3
80006040: 64 00        	addi	s1, sp, 12
80006042: 20 00        	addi	s0, sp, 8
80006044: b0 00        	addi	a2, sp, 72
80006046: f6 fe        	sd	t4, 376(sp)
80006048: 59 02        	addi	tp, tp, 22
8000604a: 28 ff        	sd	a0, 120(a4)
8000604c: 24 ff        	sd	s1, 120(a4)
8000604e: 9c 00        	addi	a5, sp, 64
80006050: fc fd        	sd	a5, 248(a1)
80006052: 9a ff        	sd	t1, 504(sp)
80006054: e2 01        	slli	gp, gp, 24
80006056: 79 00        	c.nop	30
80006058: b8 01        	addi	a4, sp, 200
8000605a: 86 00        	slli	ra, ra, 1
8000605c: 3b 00 f1 01  	addw	zero, sp, t6
80006060: 8a ff        	sd	sp, 504(sp)
80006062: fc fe        	sd	a5, 248(a3)
80006064: de ff        	sd	s7, 504(sp)
80006066: 8e 00        	slli	ra, ra, 3
80006068: 84 00        	addi	s1, sp, 64
8000606a: 95 fe        	bnez	a3, 0x80005fa6 <Gram_ref_imag+0x646>
8000606c: a8 fe        	sd	a0, 120(a3)
8000606e: 67 ff e7 ff  	<unknown>
80006072: c7 ff 2d 01  	fmsub.s	ft11, fs11, fs2, ft0
80006076: 5d 00        	c.nop	23
80006078: 86 00        	slli	ra, ra, 1
8000607a: 1f ff 80 fe  	<unknown>
8000607e: 17 ff c1 ff  	auipc	t5, 1047583
80006082: f4 01        	addi	a3, sp, 204
80006084: 34 02        	addi	a3, sp, 264
80006086: 40 01        	addi	s0, sp, 132
80006088: 2b 01 7e 01  	<unknown>
8000608c: 0e 00        	c.slli	zero, 3
8000608e: 2a 00        	c.slli	zero, 10
80006090: 4f ff 9f ff  	<unknown>
80006094: 3c 00        	addi	a5, sp, 8
80006096: 9e 02        	slli	t0, t0, 7
80006098: 80 ff        	sd	s0, 56(a5)
8000609a: f0 fe        	sd	a2, 248(a3)
8000609c: 66 fd        	sd	s9, 184(sp)
8000609e: e8 01        	addi	a0, sp, 204
800060a0: 73 ff 7d 00  	csrrci	t5, 7, 27
800060a4: 55 01        	addi	sp, sp, 21
800060a6: 02 01        	c.slli64	sp
800060a8: b3 00 49 ff  	<unknown>
800060ac: b4 fd        	sd	a3, 120(a1)
800060ae: a3 01 bd ff  	sb	s11, -29(s10)
800060b2: 94 ff        	sd	a3, 56(a5)
800060b4: b0 fe        	sd	a2, 120(a3)
800060b6: 73 01 95 00  	<unknown>
800060ba: e5 fe        	bnez	a3, 0x800060b2 <Gram_ref_imag+0x752>
800060bc: da ff        	sd	s6, 504(sp)
800060be: 52 00        	c.slli	zero, 20
800060c0: 06 02        	slli	tp, tp, 1
800060c2: 86 01        	slli	gp, gp, 1
800060c4: 55 02        	addi	tp, tp, 21
800060c6: f8 ff        	sd	a4, 248(a5)
800060c8: 47 00 6b ff  	<unknown>
800060cc: 95 00        	addi	ra, ra, 5
800060ce: 74 ff        	sd	a3, 248(a4)
800060d0: 4e 01        	slli	sp, sp, 19
800060d2: 55 00        	c.nop	21
800060d4: 82 00        	c.slli64	ra
800060d6: 44 00        	addi	s1, sp, 4
800060d8: db 00 79 fd  	<unknown>
800060dc: b7 ff b5 01  	lui	t6, 7007
800060e0: c9 ff        	bnez	a5, 0x8000607a <Gram_ref_imag+0x71a>
800060e2: 35 fe        	bnez	a2, 0x8000605e <Gram_ref_imag+0x6fe>
800060e4: df fd f7 fe  	<unknown>
800060e8: 61 00        	c.nop	24
800060ea: a4 00        	addi	s1, sp, 72
800060ec: 60 01        	addi	s0, sp, 140
800060ee: 4e 01        	slli	sp, sp, 19
800060f0: b5 fe        	bnez	a3, 0x8000606c <Gram_ref_imag+0x70c>
800060f2: 72 00        	c.slli	zero, 28
800060f4: bc ff        	sd	a5, 120(a5)
800060f6: 74 ff        	sd	a3, 248(a4)
800060f8: 55 01        	addi	sp, sp, 21
800060fa: 99 fe        	bnez	a3, 0x80006018 <Gram_ref_imag+0x6b8>
800060fc: 07 02 5c 00  	<unknown>
80006100: 1c 01        	addi	a5, sp, 128
80006102: 7e ff        	sd	t6, 440(sp)
80006104: 59 ff        	bnez	a4, 0x800060a2 <Gram_ref_imag+0x742>
80006106: 00 00        	unimp	
80006108: 62 ff        	sd	s8, 440(sp)
8000610a: 36 00        	c.slli	zero, 13
8000610c: bf 02 15 ff  	<unknown>
80006110: 7e fd        	sd	t6, 184(sp)
80006112: 03 00 17 01  	lb	zero, 17(a4)
80006116: 69 00        	c.nop	26
80006118: 93 00 46 00  	addi	ra, a2, 4
8000611c: 06 01        	slli	sp, sp, 1
8000611e: 26 00        	c.slli	zero, 9
80006120: 5c 00        	addi	a5, sp, 4
80006122: df ff 3a 00  	<unknown>
80006126: 03 ff aa 01  	<unknown>
8000612a: a3 ff a4 00  	<unknown>
8000612e: 38 01        	addi	a4, sp, 136
80006130: 0e 01        	slli	sp, sp, 3
80006132: 99 01        	addi	gp, gp, 6
80006134: 7f fe 9d 01  	<unknown>
80006138: d0 00        	addi	a2, sp, 68
8000613a: 16 ff        	sd	t0, 440(sp)
8000613c: db ff 9a 02  	<unknown>
80006140: d5 00        	addi	ra, ra, 21
80006142: 3a ff        	sd	a4, 440(sp)
80006144: 7c 00        	addi	a5, sp, 12
80006146: cf 00 68 01  	fnmadd.s	ft1, fa6, fs6, ft0, rne
8000614a: 62 ff        	sd	s8, 440(sp)
8000614c: 19 ff        	bnez	a4, 0x8000606a <Gram_ref_imag+0x70a>
8000614e: 15 00        	c.nop	5
80006150: ad ff        	bnez	a5, 0x800060ca <Gram_ref_imag+0x76a>
80006152: 29 00        	c.nop	10
80006154: b3 fe ef ff  	<unknown>
80006158: 12 01        	slli	sp, sp, 4
8000615a: e4 ff        	sd	s1, 248(a5)
8000615c: e6 fe        	sd	s9, 376(sp)
8000615e: 7e 03        	slli	t1, t1, 31
80006160: 33 ff 05 00  	and	t5, a1, zero
80006164: f1 03        	addi	t2, t2, 28
80006166: 34 fe        	sd	a3, 120(a2)
80006168: 7a ff        	sd	t5, 440(sp)
8000616a: db ff 96 ff  	<unknown>
8000616e: 5e ff        	sd	s7, 440(sp)
80006170: 44 02        	addi	s1, sp, 260
80006172: c8 01        	addi	a0, sp, 196
80006174: 1d 02        	addi	tp, tp, 7
80006176: 83 00 dc ff  	lb	ra, -3(s8)
8000617a: b9 01        	addi	gp, gp, 14
8000617c: 50 00        	addi	a2, sp, 4
8000617e: a6 00        	slli	ra, ra, 9
80006180: ff 01 7d 03  	<unknown>
80006184: 20 ff        	sd	s0, 120(a4)
80006186: 57 00 3f ff  	<unknown>
8000618a: fb ff c7 fe  	<unknown>
8000618e: cb 01 35 fe  	<unknown>
80006192: a2 00        	slli	ra, ra, 8
80006194: 6a 01        	slli	sp, sp, 26
80006196: 7c 00        	addi	a5, sp, 12
80006198: 68 01        	addi	a0, sp, 140
8000619a: 30 01        	addi	a2, sp, 136
8000619c: 79 fe        	bnez	a2, 0x8000617a <Gram_ref_imag+0x81a>
8000619e: 36 ff        	sd	a3, 440(sp)
800061a0: d5 ff        	bnez	a5, 0x8000615c <Gram_ref_imag+0x7fc>
800061a2: af 00 09 fe  	<unknown>
800061a6: b6 ff        	sd	a3, 504(sp)
800061a8: 48 fe        	sd	a0, 184(a2)
800061aa: 20 00        	addi	s0, sp, 8
800061ac: 12 01        	slli	sp, sp, 4
800061ae: f3 ff fe fc  	csrrci	t6, 4047, 29
800061b2: 86 ff        	sd	ra, 504(sp)
800061b4: de ff        	sd	s7, 504(sp)
800061b6: 83 00 ae fe  	lb	ra, -22(t3)
800061ba: 28 ff        	sd	a0, 120(a4)
800061bc: e6 00        	slli	ra, ra, 25
800061be: f1 00        	addi	ra, ra, 28
800061c0: da ff        	sd	s6, 504(sp)
800061c2: 8b fe 8d fe  	<unknown>
800061c6: 48 fe        	sd	a0, 184(a2)
800061c8: fd fe        	bnez	a3, 0x800061c6 <Gram_ref_imag+0x866>
800061ca: 44 fe        	sd	s1, 184(a2)
800061cc: 4c 02        	addi	a1, sp, 260
800061ce: c3 ff 06 00  	fmadd.s	ft11, fa3, ft0, ft0
800061d2: 19 01        	addi	sp, sp, 6
800061d4: 17 00 78 ff  	auipc	zero, 1046400
800061d8: 23 ff 4f 01  	<unknown>
800061dc: a5 00        	addi	ra, ra, 9
800061de: 9c fe        	sd	a5, 56(a3)
800061e0: e3 fd 7f ff  	bgeu	t6, s7, 0x800061da <Gram_ref_imag+0x87a>
800061e4: 69 ff        	bnez	a4, 0x800061be <Gram_ref_imag+0x85e>
800061e6: eb ff cf fe  	<unknown>
800061ea: 58 00        	addi	a4, sp, 4
800061ec: 4c ff        	sd	a1, 184(a4)
800061ee: ba 00        	slli	ra, ra, 14
800061f0: 3e fd        	sd	a5, 184(sp)
800061f2: e5 00        	addi	ra, ra, 25
800061f4: 61 ff        	bnez	a4, 0x800061cc <Gram_ref_imag+0x86c>
800061f6: 7d 02        	addi	tp, tp, 31
800061f8: 9f ff ce ff  	<unknown>
800061fc: 6d 00        	c.nop	27
800061fe: cb 00 70 02  	fnmsub.d	ft1, ft0, ft7, ft0, rne
80006202: 70 ff        	sd	a2, 248(a4)
80006204: 31 ff        	bnez	a4, 0x80006160 <Gram_ref_imag+0x800>
80006206: 5a ff        	sd	s6, 440(sp)
80006208: 5c ff        	sd	a5, 184(a4)
8000620a: 7d ff        	bnez	a4, 0x80006208 <Gram_ref_imag+0x8a8>
8000620c: 50 01        	addi	a2, sp, 132
8000620e: 00 01        	addi	s0, sp, 128
80006210: a9 00        	addi	ra, ra, 10
80006212: e4 fe        	sd	s1, 248(a3)
80006214: a5 00        	addi	ra, ra, 9
80006216: 77 ff 88 00  	<unknown>
8000621a: d8 00        	addi	a4, sp, 68
8000621c: 3c ff        	sd	a5, 120(a4)
8000621e: 4d 02        	addi	tp, tp, 19
80006220: 9f 00 de 00  	<unknown>
80006224: 86 fe        	sd	ra, 376(sp)
80006226: 2b 01 5a ff  	<unknown>
8000622a: 27 ff c7 fc  	<unknown>
8000622e: 58 00        	addi	a4, sp, 4
80006230: 38 01        	addi	a4, sp, 136
80006232: c8 ff        	sd	a0, 184(a5)
80006234: ff 00 99 00  	<unknown>
80006238: 55 00        	c.nop	21
8000623a: aa ff        	sd	a0, 504(sp)
8000623c: 98 ff        	sd	a4, 56(a5)
8000623e: 26 00        	c.slli	zero, 9
80006240: 66 fd        	sd	s9, 184(sp)
80006242: 62 00        	c.slli	zero, 24
80006244: bf fd 7c 00  	<unknown>
80006248: bb fc 87 02  	remuw	s9, a5, s0
8000624c: 40 ff        	sd	s0, 184(a4)
8000624e: 6a ff        	sd	s10, 440(sp)
80006250: c8 01        	addi	a0, sp, 196
80006252: fa 01        	slli	gp, gp, 30
80006254: f1 fd        	bnez	a1, 0x80006230 <Gram_ref_imag+0x8d0>
80006256: c1 fe        	bnez	a3, 0x800061ee <Gram_ref_imag+0x88e>
80006258: 59 fe        	bnez	a2, 0x800061f6 <Gram_ref_imag+0x896>
8000625a: 04 00        	<unknown>
8000625c: 27 02 8e 00  	<unknown>
80006260: de fe        	sd	s7, 376(sp)
80006262: d7 00 69 03  	vadd.vv	v1, v22, v18
80006266: 54 fe        	sd	a3, 184(a2)
80006268: 2e fe        	sd	a1, 312(sp)
8000626a: d9 ff        	bnez	a5, 0x80006208 <Gram_ref_imag+0x8a8>
8000626c: 5f 00 2b 00  	<unknown>
80006270: ec 01        	addi	a1, sp, 204
80006272: 3e 01        	slli	sp, sp, 15
80006274: 16 fe        	sd	t0, 312(sp)
80006276: 5d 00        	c.nop	23
80006278: ab fe c2 01  	<unknown>
8000627c: 5d 00        	c.nop	23
8000627e: ce 00        	slli	ra, ra, 19
80006280: d2 00        	slli	ra, ra, 20
80006282: 3a 01        	slli	sp, sp, 14
80006284: bf ff cd ff  	<unknown>
80006288: 29 ff        	bnez	a4, 0x800061e2 <Gram_ref_imag+0x882>
8000628a: 5d fe        	bnez	a2, 0x80006248 <Gram_ref_imag+0x8e8>
8000628c: 75 ff        	bnez	a4, 0x80006288 <Gram_ref_imag+0x928>
8000628e: 5e 01        	slli	sp, sp, 23
80006290: 45 00        	c.nop	17
80006292: 9f 00 ef 00  	<unknown>
80006296: 76 ff        	sd	t4, 440(sp)
80006298: ee ff        	sd	s11, 504(sp)
8000629a: 57 02 1a 00  	vadd.vv	v4, v1, v20, v0.t
8000629e: db fe 92 00  	<unknown>
800062a2: e3 fe 1e fe  	bgeu	t4, ra, 0x8000629e <Gram_ref_imag+0x93e>
800062a6: c2 00        	slli	ra, ra, 16
800062a8: de ff        	sd	s7, 504(sp)
800062aa: 7d ff        	bnez	a4, 0x800062a8 <Gram_ref_imag+0x948>
800062ac: 5f 01 b6 ff  	<unknown>
800062b0: 8e fe        	sd	gp, 376(sp)
800062b2: c5 00        	addi	ra, ra, 17
800062b4: ea 01        	slli	gp, gp, 26
800062b6: 5b 00 cf fc  	<unknown>
800062ba: 53 ff 76 ff  	<unknown>
800062be: 8e 00        	slli	ra, ra, 3
800062c0: 68 ff        	sd	a0, 248(a4)
800062c2: 83 fe b1 fd  	<unknown>
800062c6: a6 fd        	sd	s1, 248(sp)
800062c8: 8b ff 8a 00  	<unknown>
800062cc: fb ff f4 00  	<unknown>
800062d0: 6e fe        	sd	s11, 312(sp)
800062d2: 51 ff        	bnez	a4, 0x8000626e <Gram_ref_imag+0x90e>
800062d4: b4 00        	addi	a3, sp, 72
800062d6: 5c fe        	sd	a5, 184(a2)
800062d8: 3a ff        	sd	a4, 440(sp)
800062da: e9 ff        	bnez	a5, 0x800062b4 <Gram_ref_imag+0x954>
800062dc: 56 ff        	sd	s5, 440(sp)
800062de: 86 fe        	sd	ra, 376(sp)
800062e0: be fe        	sd	a5, 376(sp)
800062e2: 79 ff        	bnez	a4, 0x800062c0 <Gram_ref_imag+0x960>
800062e4: e9 00        	addi	ra, ra, 26
800062e6: 43 00 a9 00  	fmadd.s	ft0, fs2, fa0, ft0, rne
800062ea: a8 ff        	sd	a0, 120(a5)
800062ec: 2e fd        	sd	a1, 184(sp)
800062ee: e5 ff        	bnez	a5, 0x800062e6 <Gram_ref_imag+0x986>
800062f0: 9a fe        	sd	t1, 376(sp)
800062f2: a5 ff        	bnez	a5, 0x8000626a <Gram_ref_imag+0x90a>
800062f4: e3 00 57 00  	beq	a4, t0, 0x80006af4 <Z_ref_real+0x194>
800062f8: 91 fe        	bnez	a3, 0x80006214 <Gram_ref_imag+0x8b4>
800062fa: c8 00        	addi	a0, sp, 68
800062fc: 3f fb 87 ff  	<unknown>
80006300: f8 00        	addi	a4, sp, 76
80006302: c3 01 6f 00  	fmadd.s	ft3, ft10, ft6, ft0, rne
80006306: 9f fe 76 ff  	<unknown>
8000630a: 6a fe        	sd	s10, 312(sp)
8000630c: 4f ff 5b 02  	fnmadd.d	ft10, fs7, ft5, ft0
80006310: 6a 00        	c.slli	zero, 26
80006312: 85 00        	addi	ra, ra, 1
80006314: d1 ff        	bnez	a5, 0x800062b0 <Gram_ref_imag+0x950>
80006316: 4c ff        	sd	a1, 184(a4)
80006318: 6b 01 50 00  	<unknown>
8000631c: 01 ff        	bnez	a4, 0x80006234 <Gram_ref_imag+0x8d4>
8000631e: 5a 01        	slli	sp, sp, 22
80006320: e2 ff        	sd	s8, 504(sp)
80006322: 6e 01        	slli	sp, sp, 27
80006324: 30 fe        	sd	a2, 120(a2)
80006326: 27 01 8f ff  	<unknown>
8000632a: 78 00        	addi	a4, sp, 12
8000632c: 16 ff        	sd	t0, 440(sp)
8000632e: cf ff 69 00  	fnmadd.s	ft11, fs3, ft6, ft0
80006332: c2 fe        	sd	a6, 376(sp)
80006334: 61 ff        	bnez	a4, 0x8000630c <Gram_ref_imag+0x9ac>
80006336: 32 01        	slli	sp, sp, 12
80006338: 49 00        	c.nop	18
8000633a: 80 00        	addi	s0, sp, 64
8000633c: c7 00 72 fc  	<unknown>
80006340: 9b ff df ff  	<unknown>
80006344: 4f ff 09 01  	fnmadd.s	ft10, fs3, fa6, ft0
80006348: a6 fd        	sd	s1, 248(sp)
8000634a: d7 00 db 00  	vadd.vv	v1, v13, v22, v0.t
8000634e: 63 ff 03 02  	bgeu	t2, zero, 0x8000638c <Gram_ref_imag+0xa2c>
80006352: 65 00        	c.nop	25
80006354: 1d fe        	bnez	a2, 0x80006292 <Gram_ref_imag+0x932>
80006356: 86 ff        	sd	ra, 504(sp)
80006358: 47 fe 79 ff  	<unknown>
8000635c: c4 ff        	sd	s1, 184(a5)
8000635e: 0e fe        	sd	gp, 312(sp)
		...
80006460: 48 fd        	sd	a0, 184(a0)
80006462: 12 00        	c.slli	zero, 4
80006464: 24 01        	addi	s1, sp, 136
80006466: bb fe 24 ff  	<unknown>
8000646a: ab fe 2e ff  	<unknown>
8000646e: 96 fd        	sd	t0, 248(sp)
80006470: 7a 02        	slli	tp, tp, 30
80006472: c1 00        	addi	ra, ra, 16
80006474: 88 00        	addi	a0, sp, 64
80006476: c7 00 7a ff  	<unknown>
8000647a: 3e 01        	slli	sp, sp, 15
8000647c: 37 ff ee fe  	lui	t5, 1044207
80006480: ee 01        	slli	gp, gp, 27
80006482: ba 02        	slli	t0, t0, 14
80006484: 46 02        	slli	tp, tp, 17
80006486: b2 00        	slli	ra, ra, 12
80006488: e4 ff        	sd	s1, 248(a5)
8000648a: 8f 00 c6 fd  	<unknown>
8000648e: 6e 01        	slli	sp, sp, 27
80006490: 86 fe        	sd	ra, 376(sp)
80006492: 8b 00 22 02  	<unknown>
80006496: c1 02        	addi	t0, t0, 16
80006498: 0d 02        	addi	tp, tp, 3
8000649a: 03 00 86 fe  	lb	zero, -24(a2)
8000649e: 8c 00        	addi	a1, sp, 64
800064a0: 42 00        	c.slli	zero, 16
800064a2: 0d ff        	bnez	a4, 0x800063dc <Gram_ref_imag+0xa7c>
800064a4: f2 ff        	sd	t3, 504(sp)
800064a6: 37 01 f7 00  	lui	sp, 3952
800064aa: f6 ff        	sd	t4, 504(sp)
800064ac: 35 fe        	bnez	a2, 0x80006428 <Gram_ref_imag+0xac8>
800064ae: 9c 00        	addi	a5, sp, 64
800064b0: 34 ff        	sd	a3, 120(a4)
800064b2: d1 ff        	bnez	a5, 0x8000644e <Gram_ref_imag+0xaee>
800064b4: 64 01        	addi	s1, sp, 140
800064b6: b6 01        	slli	gp, gp, 13
800064b8: a1 fe        	bnez	a3, 0x80006410 <Gram_ref_imag+0xab0>
800064ba: 03 fe be ff  	<unknown>
800064be: dd ff        	bnez	a5, 0x8000647c <Gram_ref_imag+0xb1c>
800064c0: 70 01        	addi	a2, sp, 140
800064c2: 69 ff        	bnez	a4, 0x8000649c <Gram_ref_imag+0xb3c>
800064c4: c4 fe        	sd	s1, 184(a3)
800064c6: 2f ff 12 00  	<unknown>
800064ca: d7 ff 62 01  	vsetvli	t6, t0, e32, mf4, tu, mu
800064ce: 0b 01 cc ff  	<unknown>
800064d2: 55 00        	c.nop	21
800064d4: 6d 01        	addi	sp, sp, 27
800064d6: 98 ff        	sd	a4, 56(a5)
800064d8: cd ff        	bnez	a5, 0x80006492 <Gram_ref_imag+0xb32>
800064da: f9 fd        	bnez	a1, 0x800064b8 <Gram_ref_imag+0xb58>
800064dc: 6e ff        	sd	s11, 440(sp)
800064de: c5 01        	addi	gp, gp, 17
800064e0: cf fe 68 fe  	<unknown>
800064e4: 8c ff        	sd	a1, 56(a5)
800064e6: 60 ff        	sd	s0, 248(a4)
800064e8: ff 00 81 fe  	<unknown>
800064ec: 37 ff 73 00  	lui	t5, 1855
800064f0: 4f fd 85 00  	fnmadd.s	fs10, fa1, fs0, ft0
800064f4: c7 ff fb ff  	<unknown>
800064f8: e5 fe        	bnez	a3, 0x800064f0 <Gram_ref_imag+0xb90>
800064fa: d7 ff 62 fe  	vsetivli	t6, 5, 998
800064fe: e9 ff        	bnez	a5, 0x800064d8 <Gram_ref_imag+0xb78>
80006500: 14 01        	addi	a3, sp, 128
80006502: 53 01 2a fe  	<unknown>
80006506: 70 ff        	sd	a2, 248(a4)
80006508: 77 fe e5 fe  	<unknown>
8000650c: 04 02        	addi	s1, sp, 256
8000650e: f9 00        	addi	ra, ra, 30
80006510: 28 fe        	sd	a0, 120(a2)
80006512: 1c 01        	addi	a5, sp, 128
80006514: 4a 00        	c.slli	zero, 18
80006516: 74 01        	addi	a3, sp, 140
80006518: 64 01        	addi	s1, sp, 140
8000651a: 9e 00        	slli	ra, ra, 7
8000651c: ad fe        	bnez	a3, 0x80006496 <Gram_ref_imag+0xb36>
8000651e: 74 02        	addi	a3, sp, 268
80006520: d6 fe        	sd	s5, 376(sp)
80006522: b9 00        	addi	ra, ra, 14
80006524: f6 fc        	sd	t4, 120(sp)
80006526: 90 00        	addi	a2, sp, 64
80006528: ee ff        	sd	s11, 504(sp)
8000652a: 74 00        	addi	a3, sp, 12
8000652c: 09 00        	c.nop	2
8000652e: ff 00 a6 00  	<unknown>
80006532: 19 01        	addi	sp, sp, 6
80006534: 14 fe        	sd	a3, 56(a2)
80006536: 78 02        	addi	a4, sp, 268
80006538: 2d 00        	c.nop	11
8000653a: 38 00        	addi	a4, sp, 8
8000653c: d6 00        	slli	ra, ra, 21
8000653e: d9 fe        	bnez	a3, 0x800064dc <Gram_ref_imag+0xb7c>
80006540: 73 01 02 ff  	<unknown>
80006544: e6 ff        	sd	s9, 504(sp)
80006546: e3 00 d2 ff  	beq	tp, t4, 0x80006526 <Gram_ref_imag+0xbc6>
8000654a: 4a 01        	slli	sp, sp, 18
8000654c: 7b 00 c7 ff  	<unknown>
80006550: f9 01        	addi	gp, gp, 30
80006552: ff 00 20 fd  	<unknown>
80006556: 15 00        	c.nop	5
80006558: 71 ff        	bnez	a4, 0x80006534 <Gram_ref_imag+0xbd4>
8000655a: 87 ff f1 00  	<unknown>
8000655e: 88 ff        	sd	a0, 56(a5)
80006560: 55 01        	addi	sp, sp, 21
80006562: a6 ff        	sd	s1, 504(sp)
80006564: 18 01        	addi	a4, sp, 128
80006566: 25 ff        	bnez	a4, 0x800064de <Gram_ref_imag+0xb7e>
80006568: 81 ff        	bnez	a5, 0x80006480 <Gram_ref_imag+0xb20>
8000656a: 63 01 31 01  	beq	sp, s3, 0x8000656c <Gram_ref_imag+0xc0c>
8000656e: f3 00 9a ff  	<unknown>
80006572: 08 02        	addi	a0, sp, 256
80006574: 37 01 e6 ff  	lui	sp, 1048160
80006578: 8e 01        	slli	gp, gp, 3
8000657a: 86 00        	slli	ra, ra, 1
8000657c: e6 00        	slli	ra, ra, 25
8000657e: f5 00        	addi	ra, ra, 29
80006580: f1 ff        	bnez	a5, 0x8000655c <Gram_ref_imag+0xbfc>
80006582: ee ff        	sd	s11, 504(sp)
80006584: 64 fe        	sd	s1, 248(a2)
80006586: db fe 01 ff  	<unknown>
8000658a: c7 00 43 01  	fmsub.s	ft1, ft6, fs4, ft0, rne
8000658e: 79 ff        	bnez	a4, 0x8000656c <Gram_ref_imag+0xc0c>
80006590: 72 00        	c.slli	zero, 28
80006592: b7 ff bf fe  	lui	t6, 1043455
80006596: c5 fc        	bnez	s1, 0x8000654e <Gram_ref_imag+0xbee>
80006598: 1e 00        	c.slli	zero, 7
8000659a: 85 01        	addi	gp, gp, 1
8000659c: 48 01        	addi	a0, sp, 132
8000659e: ea fe        	sd	s10, 376(sp)
800065a0: d5 01        	addi	gp, gp, 21
800065a2: 5a 01        	slli	sp, sp, 22
800065a4: 84 fe        	sd	s1, 56(a3)
800065a6: e2 fd        	sd	s8, 248(sp)
800065a8: 39 fe        	bnez	a2, 0x80006506 <Gram_ref_imag+0xba6>
800065aa: 81 00        	mv	ra, ra
800065ac: 0e 02        	slli	tp, tp, 3
800065ae: 0f ff 1f fd  	<unknown>
800065b2: 26 ff        	sd	s1, 440(sp)
800065b4: 9f fd fe fd  	<unknown>
800065b8: 39 00        	c.nop	14
800065ba: f2 01        	slli	gp, gp, 28
800065bc: e9 01        	addi	gp, gp, 26
800065be: 83 01 ef fe  	lb	gp, -18(t5)
800065c2: f7 fd 68 ff  	<unknown>
800065c6: 30 ff        	sd	a2, 120(a4)
800065c8: 15 ff        	bnez	a4, 0x80006504 <Gram_ref_imag+0xba4>
800065ca: fe fe        	sd	t6, 376(sp)
800065cc: 10 01        	addi	a2, sp, 128
800065ce: 97 ff 44 00  	auipc	t6, 1103
800065d2: 36 00        	c.slli	zero, 13
800065d4: 03 fe ef ff  	<unknown>
800065d8: ff fe 1e 04  	<unknown>
800065dc: dc 00        	addi	a5, sp, 68
800065de: c2 fd        	sd	a6, 248(sp)
800065e0: 4b ff 1b 01  	fnmsub.s	ft10, fs7, fa7, ft0
800065e4: fd 00        	addi	ra, ra, 31
800065e6: 73 01 55 fd  	<unknown>
800065ea: a0 01        	addi	s0, sp, 200
800065ec: f4 ff        	sd	a3, 248(a5)
800065ee: 41 01        	addi	sp, sp, 16
800065f0: 08 00        	<unknown>
800065f2: 38 ff        	sd	a4, 120(a4)
800065f4: 90 fe        	sd	a2, 56(a3)
800065f6: 73 02 b3 01  	<unknown>
800065fa: 03 01 e2 01  	lb	sp, 30(tp)
800065fe: 7f 00 54 ff  	<unknown>
80006602: 65 fd        	bnez	a0, 0x800065fa <Gram_ref_imag+0xc9a>
80006604: 2d 00        	c.nop	11
80006606: 4e ff        	sd	s3, 440(sp)
80006608: 5d 01        	addi	sp, sp, 23
8000660a: 91 00        	addi	ra, ra, 4
8000660c: 4d ff        	bnez	a4, 0x800065c6 <Gram_ref_imag+0xc66>
8000660e: b9 ff        	bnez	a5, 0x8000656c <Gram_ref_imag+0xc0c>
80006610: c7 02 58 fe  	<unknown>
80006614: 83 00 9c fd  	lb	ra, -39(s8)
80006618: 54 ff        	sd	a3, 184(a4)
8000661a: b1 ff        	bnez	a5, 0x80006576 <Gram_ref_imag+0xc16>
8000661c: 8a fe        	sd	sp, 376(sp)
8000661e: 05 01        	addi	sp, sp, 1
80006620: b8 ff        	sd	a4, 120(a5)
80006622: 36 00        	c.slli	zero, 13
80006624: 8a 00        	slli	ra, ra, 2
80006626: ce 00        	slli	ra, ra, 19
80006628: 7f fe 68 fe  	<unknown>
8000662c: 62 fd        	sd	s8, 184(sp)
8000662e: 7b ff fc 00  	<unknown>
80006632: 4b fe c9 02  	fnmsub.d	ft8, fs3, fa2, ft0
80006636: 83 fe 9f fe  	<unknown>
8000663a: 13 ff d4 ff  	andi	t5, s1, -3
8000663e: e5 ff        	bnez	a5, 0x80006636 <Gram_ref_imag+0xcd6>
80006640: ce fc        	sd	s3, 120(sp)
80006642: ef 00 be fc  	jal	0x7ffe760c <v_compute_z_cfxp16.c+0x7ffe760c>
80006646: 74 ff        	sd	a3, 248(a4)
80006648: fb fd ee 00  	<unknown>
8000664c: 66 ff        	sd	s9, 440(sp)
8000664e: 0f 00 35 00  	<unknown>
80006652: 0f 00 03 01  	<unknown>
80006656: 74 fe        	sd	a3, 248(a2)
80006658: 83 fd 9c 00  	<unknown>
8000665c: 5e 03        	slli	t1, t1, 23
8000665e: 8c ff        	sd	a1, 56(a5)
80006660: 75 00        	c.nop	29
80006662: 03 01 21 00  	lb	sp, 2(sp)
80006666: 71 ff        	bnez	a4, 0x80006642 <Gram_ref_imag+0xce2>
80006668: 7b ff 6a 01  	<unknown>
8000666c: 57 01 98 00  	vadd.vv	v2, v9, v16, v0.t
80006670: 18 00        	<unknown>
80006672: 38 00        	addi	a4, sp, 8
80006674: d2 fe        	sd	s4, 376(sp)
80006676: a2 ff        	sd	s0, 504(sp)
80006678: 79 ff        	bnez	a4, 0x80006656 <Gram_ref_imag+0xcf6>
8000667a: e0 00        	addi	s0, sp, 76
8000667c: 7f 01 e8 00  	<unknown>
80006680: 3e 00        	c.slli	zero, 15
80006682: 0b fe cb fd  	<unknown>
80006686: bf fe d4 fe  	<unknown>
8000668a: 81 fe        	bnez	a3, 0x800065a2 <Gram_ref_imag+0xc42>
8000668c: f1 ff        	bnez	a5, 0x80006668 <Gram_ref_imag+0xd08>
8000668e: d5 ff        	bnez	a5, 0x8000664a <Gram_ref_imag+0xcea>
80006690: b0 00        	addi	a2, sp, 72
80006692: 60 00        	addi	s0, sp, 12
80006694: c3 ff 61 fd  	<unknown>
80006698: 7f 00 0f 01  	<unknown>
8000669c: 99 02        	addi	t0, t0, 6
8000669e: 17 fe 8c 00  	auipc	t3, 2255
800066a2: 82 ff        	sd	zero, 504(sp)
800066a4: aa fe        	sd	a0, 376(sp)
800066a6: fd fe        	bnez	a3, 0x800066a4 <Gram_ref_imag+0xd44>
800066a8: 4c ff        	sd	a1, 184(a4)
800066aa: b6 00        	slli	ra, ra, 13
800066ac: 4b 02 5c fe  	<unknown>
800066b0: 42 00        	c.slli	zero, 16
800066b2: 6b 00 4f 01  	<unknown>
800066b6: 8c fe        	sd	a1, 56(a3)
800066b8: 6a ff        	sd	s10, 440(sp)
800066ba: 1a 01        	slli	sp, sp, 6
800066bc: 25 00        	c.nop	9
800066be: ad ff        	bnez	a5, 0x80006638 <Gram_ref_imag+0xcd8>
800066c0: f9 fd        	bnez	a1, 0x8000669e <Gram_ref_imag+0xd3e>
800066c2: 79 fe        	bnez	a2, 0x800066a0 <Gram_ref_imag+0xd40>
800066c4: aa fd        	sd	a0, 248(sp)
800066c6: 07 00 b8 ff  	<unknown>
800066ca: 94 00        	addi	a3, sp, 64
800066cc: 6a ff        	sd	s10, 440(sp)
800066ce: 8b 00 b1 fe  	<unknown>
800066d2: aa ff        	sd	a0, 504(sp)
800066d4: 7d ff        	bnez	a4, 0x800066d2 <Gram_ref_imag+0xd72>
800066d6: bb ff 24 ff  	<unknown>
800066da: 86 02        	slli	t0, t0, 1
800066dc: 48 00        	addi	a0, sp, 4
800066de: 4a fe        	sd	s2, 312(sp)
800066e0: 36 00        	c.slli	zero, 13
800066e2: ca 01        	slli	gp, gp, 18
800066e4: 20 02        	addi	s0, sp, 264
800066e6: 08 01        	addi	a0, sp, 128
800066e8: 9e ff        	sd	t2, 504(sp)
800066ea: 5b ff 9f fe  	<unknown>
800066ee: b1 fe        	bnez	a3, 0x8000664a <Gram_ref_imag+0xcea>
800066f0: 4a 01        	slli	sp, sp, 18
800066f2: 8d ff        	bnez	a5, 0x8000662c <Gram_ref_imag+0xccc>
800066f4: 43 00 8b 00  	fmadd.s	ft0, fs6, fs0, ft0, rne
800066f8: aa fe        	sd	a0, 376(sp)
800066fa: 66 01        	slli	sp, sp, 25
800066fc: f8 fd        	sd	a4, 248(a1)
800066fe: a3 ff e3 fe  	<unknown>
80006702: 81 00        	mv	ra, ra
80006704: a6 00        	slli	ra, ra, 9
80006706: ff ff 9d 00  	<unknown>
8000670a: c9 ff        	bnez	a5, 0x800066a4 <Gram_ref_imag+0xd44>
8000670c: 40 fd        	sd	s0, 184(a0)
8000670e: ea 00        	slli	ra, ra, 26
80006710: 81 02        	mv	t0, t0
80006712: fc ff        	sd	a5, 248(a5)
80006714: e8 fe        	sd	a0, 248(a3)
80006716: 96 ff        	sd	t0, 504(sp)
80006718: 6c ff        	sd	a1, 248(a4)
8000671a: b9 ff        	bnez	a5, 0x80006678 <Gram_ref_imag+0xd18>
8000671c: f9 fe        	bnez	a3, 0x800066fa <Gram_ref_imag+0xd9a>
8000671e: d9 ff        	bnez	a5, 0x800066bc <Gram_ref_imag+0xd5c>
80006720: a3 ff 20 00  	<unknown>
80006724: c5 ff        	bnez	a5, 0x800066dc <Gram_ref_imag+0xd7c>
80006726: fc 00        	addi	a5, sp, 76
80006728: 55 fe        	bnez	a2, 0x800066e4 <Gram_ref_imag+0xd84>
8000672a: 5c 00        	addi	a5, sp, 4
8000672c: 5b ff c7 fe  	<unknown>
80006730: f1 fe        	bnez	a3, 0x8000670c <Gram_ref_imag+0xdac>
80006732: 66 fe        	sd	s9, 312(sp)
80006734: 80 01        	addi	s0, sp, 192
80006736: 62 fe        	sd	s8, 312(sp)
80006738: 2f ff e9 00  	<unknown>
8000673c: 24 00        	addi	s1, sp, 8
8000673e: 65 fd        	bnez	a0, 0x80006736 <Gram_ref_imag+0xdd6>
80006740: 2a ff        	sd	a0, 440(sp)
80006742: c5 00        	addi	ra, ra, 17
80006744: 83 ff 30 ff  	<unknown>
80006748: 97 fe 9d 00  	auipc	t4, 2527
8000674c: e6 00        	slli	ra, ra, 25
8000674e: ea ff        	sd	s10, 504(sp)
80006750: 52 00        	c.slli	zero, 20
80006752: d6 ff        	sd	s5, 504(sp)
80006754: 4c 01        	addi	a1, sp, 132
80006756: 10 00        	<unknown>
80006758: ed fe        	bnez	a3, 0x80006752 <Gram_ref_imag+0xdf2>
8000675a: 1b 00 19 01  	addiw	zero, s2, 17
8000675e: 81 fc        	bnez	s1, 0x80006676 <Gram_ref_imag+0xd16>
80006760: b7 02 ed ff  	lui	t0, 1048272
80006764: db fe 44 01  	<unknown>
80006768: db 00 54 01  	<unknown>
8000676c: d1 00        	addi	ra, ra, 20
8000676e: 69 02        	addi	tp, tp, 26
80006770: 85 fd        	bnez	a1, 0x800066a8 <Gram_ref_imag+0xd48>
80006772: 3e ff        	sd	a5, 440(sp)
80006774: 77 ff 38 ff  	<unknown>
80006778: 85 00        	addi	ra, ra, 1
8000677a: c1 fe        	bnez	a3, 0x80006712 <Gram_ref_imag+0xdb2>
8000677c: c8 00        	addi	a0, sp, 68
8000677e: 11 01        	addi	sp, sp, 4
80006780: 11 fe        	bnez	a2, 0x8000669c <Gram_ref_imag+0xd3c>
80006782: 45 fd        	bnez	a0, 0x8000673a <Gram_ref_imag+0xdda>
80006784: b9 fd        	bnez	a1, 0x800066e2 <Gram_ref_imag+0xd82>
80006786: 4d ff        	bnez	a4, 0x80006740 <Gram_ref_imag+0xde0>
80006788: 1b 00 70 ff  	addiw	zero, zero, -9
8000678c: 39 02        	addi	tp, tp, 14
8000678e: 91 fe        	bnez	a3, 0x800066aa <Gram_ref_imag+0xd4a>
80006790: 79 01        	addi	sp, sp, 30
80006792: 74 ff        	sd	a3, 248(a4)
80006794: dd fd        	bnez	a1, 0x80006752 <Gram_ref_imag+0xdf2>
80006796: 3e fd        	sd	a5, 184(sp)
80006798: f2 fd        	sd	t3, 248(sp)
8000679a: fc ff        	sd	a5, 248(a5)
8000679c: 79 01        	addi	sp, sp, 30
8000679e: 73 ff bd ff  	csrrci	t5, 4091, 27
800067a2: f2 00        	slli	ra, ra, 28
800067a4: 0d 00        	c.nop	3
800067a6: c8 fe        	sd	a0, 184(a3)
800067a8: 08 ff        	sd	a0, 56(a4)
800067aa: 09 00        	c.nop	2
800067ac: ca 01        	slli	gp, gp, 18
800067ae: 63 ff cb 00  	bgeu	s7, a2, 0x800067cc <Gram_ref_imag+0xe6c>
800067b2: 2e 00        	c.slli	zero, 11
800067b4: 9b fe 49 fe  	<unknown>
800067b8: 5e 01        	slli	sp, sp, 23
800067ba: fc 01        	addi	a5, sp, 204
800067bc: 41 00        	c.nop	16
800067be: 22 00        	c.slli	zero, 8
800067c0: 8f fe 96 00  	<unknown>
800067c4: 3b 01 d0 00  	addw	sp, zero, a3
800067c8: ed ff        	bnez	a5, 0x800067c2 <Gram_ref_imag+0xe62>
800067ca: 28 00        	addi	a0, sp, 8
800067cc: 9d fe        	bnez	a3, 0x8000670a <Gram_ref_imag+0xdaa>
800067ce: f4 fe        	sd	a3, 248(a3)
800067d0: 33 00 aa ff  	<unknown>
800067d4: 92 fe        	sd	tp, 376(sp)
800067d6: 67 00 32 00  	jr	3(tp)
800067da: 06 02        	slli	tp, tp, 1
800067dc: 91 00        	addi	ra, ra, 4
800067de: 3a fe        	sd	a4, 312(sp)
800067e0: 30 01        	addi	a2, sp, 136
800067e2: 97 01 73 00  	auipc	gp, 1840
800067e6: 9f 00 00 ff  	<unknown>
800067ea: 7e 01        	slli	sp, sp, 31
800067ec: c8 00        	addi	a0, sp, 68
800067ee: 8c ff        	sd	a1, 56(a5)
800067f0: b0 02        	addi	a2, sp, 328
800067f2: 7a ff        	sd	t5, 440(sp)
800067f4: 38 00        	addi	a4, sp, 8
800067f6: 04 00        	<unknown>
800067f8: 1a 01        	slli	sp, sp, 6
800067fa: 28 00        	addi	a0, sp, 8
800067fc: 9d 01        	addi	gp, gp, 7
800067fe: 16 00        	c.slli	zero, 5
80006800: eb fe ac fe  	<unknown>
80006804: d5 01        	addi	gp, gp, 21
80006806: 8f 00 88 01  	<unknown>
8000680a: 1a 01        	slli	sp, sp, 6
8000680c: fb fd 06 ff  	<unknown>
80006810: d7 01 e3 fe  	<unknown>
80006814: b5 ff        	bnez	a5, 0x80006790 <Gram_ref_imag+0xe30>
80006816: 8b fe 9b fe  	<unknown>
8000681a: 61 ff        	bnez	a4, 0x800067f2 <Gram_ref_imag+0xe92>
8000681c: 52 01        	slli	sp, sp, 20
8000681e: 8b fd 29 01  	<unknown>
80006822: 46 ff        	sd	a7, 440(sp)
80006824: 09 03        	addi	t1, t1, 2
80006826: 6f ff 11 00  	jal	t5, 0x80026026 <timer+0x1e0e6>
8000682a: 8b ff f6 ff  	<unknown>
8000682e: 00 ff        	sd	s0, 56(a4)
80006830: 59 ff        	bnez	a4, 0x800067ce <Gram_ref_imag+0xe6e>
80006832: e6 fe        	sd	s9, 376(sp)
80006834: eb 01 87 fd  	<unknown>
80006838: d2 ff        	sd	s4, 504(sp)
8000683a: c7 ff 29 ff  	<unknown>
8000683e: 26 01        	slli	sp, sp, 9
80006840: 8c fe        	sd	a1, 56(a3)
80006842: fd 00        	addi	ra, ra, 31
80006844: 19 00        	c.nop	6
80006846: 1c ff        	sd	a5, 56(a4)
80006848: 2d 00        	c.nop	11
8000684a: b5 fe        	bnez	a3, 0x800067c6 <Gram_ref_imag+0xe66>
8000684c: 84 ff        	sd	s1, 56(a5)
8000684e: 38 00        	addi	a4, sp, 8
80006850: 06 fe        	sd	ra, 312(sp)
80006852: 00 ff        	sd	s0, 56(a4)
80006854: df 02 ea ff  	<unknown>
80006858: 8e 00        	slli	ra, ra, 3
8000685a: 78 00        	addi	a4, sp, 12
8000685c: 0e ff        	sd	gp, 440(sp)
8000685e: 77 00 00 00  	<unknown>
		...
8000695e: 00 00        	unimp	

0000000080006960 <Z_ref_real>:
80006960: 3d 02        	addi	tp, tp, 15
80006962: 01 f9        	bnez	a0, 0x80006872 <Gram_ref_imag+0xf12>
80006964: 67 f9 95 fb  	<unknown>
80006968: 7e fc        	sd	t6, 56(sp)
8000696a: 14 00        	<unknown>
8000696c: 8a fa        	sd	sp, 368(sp)
8000696e: 8a 06        	slli	a3, a3, 2
80006970: f8 f8        	sd	a4, 240(s1)
80006972: 50 f6        	sd	a2, 168(a2)
80006974: 1f fe ad 06  	<unknown>
80006978: 67 f1 ca f7  	<unknown>
8000697c: fe f9        	sd	t6, 240(sp)
8000697e: d7 ef 2e fc  	vwmaccsu.vx	v31, t4, v2, v0.t
80006982: 34 02        	addi	a3, sp, 264
80006984: 90 f0        	sd	a2, 32(s1)
80006986: ac ff        	sd	a1, 120(a5)
80006988: 03 f6 db ed  	<unknown>
8000698c: 35 ff        	bnez	a4, 0x80006908 <Gram_ref_imag+0xfa8>
8000698e: fd fa        	bnez	a3, 0x80006984 <Z_ref_real+0x24>
80006990: a7 06 be 05  	vsuxei8.v	v13, (t3), v27, v0.t
80006994: 94 08        	addi	a3, sp, 80
80006996: ba 06        	slli	a3, a3, 14
80006998: a9 03        	addi	t2, t2, 10
8000699a: 33 ec 20 fe  	<unknown>
8000699e: ed fd        	bnez	a1, 0x80006998 <Z_ref_real+0x38>
800069a0: d0 01        	addi	a2, sp, 196
800069a2: 95 fe        	bnez	a3, 0x800068de <Gram_ref_imag+0xf7e>
800069a4: c7 08 1a f8  	fmsub.s	fa7, fs4, ft1, ft11, rne
800069a8: b3 fd 62 fb  	<unknown>
800069ac: 78 fe        	sd	a4, 248(a2)
800069ae: a7 f7 f3 f9  	<unknown>
800069b2: 9b 01 d9 fa  	addiw	gp, s2, -83
800069b6: 63 0a a5 f6  	beq	a0, a0, 0x8000612a <Gram_ref_imag+0x7ca>
800069ba: 09 06        	addi	a2, a2, 2
800069bc: a1 07        	addi	a5, a5, 8
800069be: f9 0d        	addi	s11, s11, 30
800069c0: e0 0f        	addi	s0, sp, 988
800069c2: 77 fc c9 f0  	<unknown>
800069c6: 6b 0b ce fc  	<unknown>
800069ca: 9c 08        	addi	a5, sp, 80
800069cc: 0d ff        	bnez	a4, 0x80006906 <Gram_ref_imag+0xfa6>
800069ce: 39 05        	addi	a0, a0, 14
800069d0: 0a 02        	slli	tp, tp, 2
800069d2: aa fd        	sd	a0, 248(sp)
800069d4: 04 f9        	sd	s1, 48(a0)
800069d6: 16 ff        	sd	t0, 440(sp)
800069d8: 93 09 c2 0a  	addi	s3, tp, 172
800069dc: aa 0c        	slli	s9, s9, 10
800069de: 52 02        	slli	tp, tp, 20
800069e0: 27 02 90 eb  	vssseg8e8.v	v4, (zero), s9
800069e4: cf 03 bb 00  	fnmadd.s	ft7, fs6, fa1, ft0, rne
800069e8: 18 19        	addi	a4, sp, 176
800069ea: 53 f8 5a fa  	<unknown>
800069ee: d7 ff 84 02  	vsetvli	t6, s1, 40
800069f2: df 01 b2 07  	<unknown>
800069f6: dc f2        	sd	a5, 160(a3)
800069f8: 75 f4        	bnez	s0, 0x800069e4 <Z_ref_real+0x84>
800069fa: c0 f9        	sd	s0, 176(a1)
800069fc: fc fe        	sd	a5, 248(a3)
800069fe: d1 f6        	bnez	a3, 0x8000698a <Z_ref_real+0x2a>
80006a00: bb f4 d0 ff  	<unknown>
80006a04: f5 01        	addi	gp, gp, 29
80006a06: bb 15 c1 fa  	<unknown>
80006a0a: ea 0b        	slli	s7, s7, 26
80006a0c: 4f f9 b6 fc  	<unknown>
80006a10: e5 fc        	bnez	s1, 0x80006a08 <Z_ref_real+0xa8>
80006a12: 29 fa        	bnez	a2, 0x80006964 <Z_ref_real+0x4>
80006a14: 34 04        	addi	a3, sp, 520
80006a16: ef fc 2c 00  	jal	s9, 0x800d5a18 <timer+0xcdad8>
80006a1a: be 03        	slli	t2, t2, 15
80006a1c: cc ef        	sd	a1, 152(a5)
80006a1e: d6 fb        	sd	s5, 496(sp)
80006a20: 4d 00        	c.nop	19
80006a22: 17 0a a6 fd  	auipc	s4, 1038944
80006a26: c7 fc ad fd  	<unknown>
80006a2a: 23 04 6a f2  	sb	t1, -216(s4)
80006a2e: c2 fe        	sd	a6, 376(sp)
80006a30: e5 02        	addi	t0, t0, 25
80006a32: b8 07        	addi	a4, sp, 968
80006a34: 3e 03        	slli	t1, t1, 15
80006a36: 65 07        	addi	a4, a4, 25
80006a38: 39 fd        	bnez	a0, 0x80006996 <Z_ref_real+0x36>
80006a3a: cc fb        	sd	a1, 176(a5)
80006a3c: 6b f7 78 f8  	<unknown>
80006a40: 2d f9        	bnez	a0, 0x800069b2 <Z_ref_real+0x52>
80006a42: 20 01        	addi	s0, sp, 136
80006a44: e6 ff        	sd	s9, 504(sp)
80006a46: a4 f3        	sd	s1, 96(a5)
80006a48: 85 03        	addi	t2, t2, 1
80006a4a: 89 ff        	bnez	a5, 0x80006964 <Z_ref_real+0x4>
80006a4c: 4e 07        	slli	a4, a4, 19
80006a4e: 8e fc        	sd	gp, 120(sp)
80006a50: 19 07        	addi	a4, a4, 6
80006a52: 7e f9        	sd	t6, 176(sp)
80006a54: fa 03        	slli	t2, t2, 30
80006a56: 84 0d        	addi	s1, sp, 720
80006a58: 2f f7 44 ff  	<unknown>
80006a5c: da f9        	sd	s6, 240(sp)
80006a5e: c2 eb        	sd	a6, 464(sp)
80006a60: 1f 04 26 f8  	<unknown>
80006a64: ef fa 11 fb  	jal	s5, 0x7ff26a14 <v_compute_z_cfxp16.c+0x7ff26a14>
80006a68: 9a f9        	sd	t1, 240(sp)
80006a6a: f6 ff        	sd	t4, 504(sp)
80006a6c: 54 fa        	sd	a3, 176(a2)
80006a6e: 3b 01 96 fa  	<unknown>
80006a72: ad f5        	bnez	a1, 0x800069dc <Z_ref_real+0x7c>
80006a74: a2 03        	slli	t2, t2, 8
80006a76: cc 06        	addi	a1, sp, 836
80006a78: a5 f7        	bnez	a5, 0x800069e0 <Z_ref_real+0x80>
80006a7a: 29 f9        	bnez	a0, 0x800069cc <Z_ref_real+0x6c>
80006a7c: b9 fa        	bnez	a3, 0x800069d2 <Z_ref_real+0x72>
80006a7e: 59 f5        	bnez	a0, 0x80006a0c <Z_ref_real+0xac>
80006a80: 77 00 95 fe  	<unknown>
80006a84: a3 ee 97 01  	<unknown>
80006a88: 88 f9        	sd	a0, 48(a1)
80006a8a: 57 ec 92 fd  	vwmaccsu.vx	v24, t0, v25, v0.t
80006a8e: 9a fa        	sd	t1, 368(sp)
80006a90: d9 ff        	bnez	a5, 0x80006a2e <Z_ref_real+0xce>
80006a92: fd 03        	addi	t2, t2, 31
80006a94: ab 05 93 07  	<unknown>
80006a98: a0 04        	addi	s0, sp, 584
80006a9a: 18 f3        	sd	a4, 32(a4)
80006a9c: ba ff        	sd	a4, 504(sp)
80006a9e: 38 fe        	sd	a4, 120(a2)
80006aa0: e7 fa 65 fe  	<unknown>
80006aa4: 7a 06        	slli	a2, a2, 30
80006aa6: ca fa        	sd	s2, 368(sp)
80006aa8: b5 ff        	bnez	a5, 0x80006a24 <Z_ref_real+0xc4>
80006aaa: de fb        	sd	s7, 496(sp)
80006aac: 28 ff        	sd	a0, 120(a4)
80006aae: 67 f2 7b f6  	<unknown>
80006ab2: 83 07 09 01  	lb	a5, 16(s2)
80006ab6: d7 08 09 f3  	<unknown>
80006aba: 6c 05        	addi	a1, sp, 652
80006abc: b9 08        	addi	a7, a7, 14
80006abe: ad 08        	addi	a7, a7, 11
80006ac0: 98 09        	addi	a4, sp, 208
80006ac2: b2 fd        	sd	a2, 248(sp)
80006ac4: 6e ec        	sd	s11, 24(sp)
80006ac6: b2 13        	slli	t2, t2, 44
80006ac8: 08 fe        	sd	a0, 56(a2)
80006aca: 63 05 34 01  	beq	s0, s3, 0x80006ad4 <Z_ref_real+0x174>
80006ace: b1 09        	addi	s3, s3, 12
80006ad0: e7 04 30 fa  	jalr	s1, -93(zero)
80006ad4: bd f7        	bnez	a5, 0x80006a42 <Z_ref_real+0xe2>
80006ad6: e7 fd ac 08  	<unknown>
80006ada: 9b 0d 2f 0a  	addiw	s11, t5, 162
80006ade: 88 03        	addi	a0, sp, 448
80006ae0: 1f fc de e9  	<unknown>
80006ae4: fb 00 3f ff  	<unknown>
80006ae8: 87 19 12 f8  	<unknown>
80006aec: 8e fe        	sd	gp, 376(sp)
80006aee: 9d 01        	addi	gp, gp, 7
80006af0: 45 02        	addi	tp, tp, 17
80006af2: ae fe        	sd	a1, 376(sp)
80006af4: 1c 07        	addi	a5, sp, 896
80006af6: 7b f8 a6 f7  	<unknown>
80006afa: a2 f7        	sd	s0, 488(sp)
80006afc: d2 ff        	sd	s4, 504(sp)
80006afe: 41 f7        	bnez	a4, 0x80006a86 <Z_ref_real+0x126>
80006b00: a5 f7        	bnez	a5, 0x80006a68 <Z_ref_real+0x108>
80006b02: 9c 01        	addi	a5, sp, 192
80006b04: 88 00        	addi	a0, sp, 64
80006b06: e9 14        	addi	s1, s1, -6
80006b08: 09 f6        	bnez	a2, 0x80006a12 <Z_ref_real+0xb2>
80006b0a: a1 06        	addi	a3, a3, 8
80006b0c: 65 fa        	bnez	a2, 0x80006afc <Z_ref_real+0x19c>
80006b0e: 33 fb bc fb  	<unknown>
80006b12: 09 fc        	bnez	s0, 0x80006a2c <Z_ref_real+0xcc>
80006b14: 53 05 bc fd  	<unknown>
80006b18: a3 01 75 03  	sb	s7, 35(a0)
80006b1c: 33 f2 1e fd  	<unknown>
80006b20: 03 fe 07 0e  	<unknown>
80006b24: 44 fe        	sd	s1, 184(a2)
80006b26: 24 fe        	sd	s1, 120(a2)
80006b28: 95 f9        	bnez	a1, 0x80006a5c <Z_ref_real+0xfc>
80006b2a: 71 05        	addi	a0, a0, 28
80006b2c: b9 f6        	bnez	a3, 0x80006a7a <Z_ref_real+0x11a>
80006b2e: b5 ff        	bnez	a5, 0x80006aaa <Z_ref_real+0x14a>
80006b30: 00 06        	addi	s0, sp, 768
80006b32: ef 08 62 05  	jal	a7, 0x80026b88 <timer+0x1ec48>
80006b36: 50 09        	addi	a2, sp, 148
80006b38: da fd        	sd	s6, 248(sp)
80006b3a: 7d fe        	bnez	a2, 0x80006b38 <Z_ref_real+0x1d8>
80006b3c: 7d f8        	bnez	s0, 0x80006b32 <Z_ref_real+0x1d2>
80006b3e: d7 f6 00 fd  	vsetivli	a3, 1, 976
80006b42: 1f ff f2 fd  	<unknown>
80006b46: eb f3 06 02  	<unknown>
80006b4a: 49 fe        	bnez	a2, 0x80006ae4 <Z_ref_real+0x184>
80006b4c: 69 04        	addi	s0, s0, 26
80006b4e: d5 fb        	bnez	a5, 0x80006b02 <Z_ref_real+0x1a2>
80006b50: e9 0a        	addi	s5, s5, 26
80006b52: 17 fd f5 02  	auipc	s10, 12127
80006b56: 02 0b        	c.slli64	s6
80006b58: 20 fb        	sd	s0, 112(a4)
80006b5a: 40 fe        	sd	s0, 184(a2)
80006b5c: 12 f7        	sd	tp, 424(sp)
80006b5e: cd e7        	bnez	a5, 0x80006c08 <Z_ref_real+0x2a8>
80006b60: cb 02 8a fc  	<unknown>
80006b64: e7 00 ce 01  	jalr	28(t3)
80006b68: e4 f8        	sd	s1, 240(s1)
80006b6a: 57 01 19 fc  	<unknown>
80006b6e: 1e 06        	slli	a2, a2, 7
80006b70: 17 f8 37 f5  	auipc	a6, 1004415
80006b74: 43 02 83 07  	<unknown>
80006b78: 75 f4        	bnez	s0, 0x80006b64 <Z_ref_real+0x204>
80006b7a: 94 f9        	sd	a3, 48(a1)
80006b7c: 97 f9 70 ed  	auipc	s3, 972559
80006b80: 85 fe        	bnez	a3, 0x80006ab8 <Z_ref_real+0x158>
80006b82: 4d f9        	bnez	a0, 0x80006b34 <Z_ref_real+0x1d4>
80006b84: e3 ef b0 00  	bltu	ra, a1, 0x800073a2 <Y_ref_real+0x242>
80006b88: be fb        	sd	a5, 496(sp)
80006b8a: 46 eb        	sd	a7, 400(sp)
80006b8c: 99 fd        	bnez	a1, 0x80006aaa <Z_ref_real+0x14a>
80006b8e: c3 f6 4f 02  	fmadd.d	fa3, ft11, ft4, ft0
80006b92: 63 05 99 09  	beq	s2, s9, 0x80006c1c <Z_ref_real+0x2bc>
80006b96: 82 09        	c.slli64	s3
80006b98: 58 00        	addi	a4, sp, 4
80006b9a: 05 f5        	bnez	a0, 0x80006ac2 <Z_ref_real+0x162>
80006b9c: f7 ff b3 01  	<unknown>
80006ba0: 1c fc        	sd	a5, 56(s0)
80006ba2: 0a fe        	sd	sp, 312(sp)
80006ba4: ec 03        	addi	a1, sp, 460
80006ba6: 96 fb        	sd	t0, 496(sp)
80006ba8: 43 00 93 fe  	<unknown>
80006bac: 60 ff        	sd	s0, 248(a4)
80006bae: e2 f4        	sd	s8, 104(sp)
80006bb0: 6e f8        	sd	s11, 48(sp)
80006bb2: 86 04        	slli	s1, s1, 1
80006bb4: c3 fe b6 06  	<unknown>
80006bb8: fc f1        	sd	a5, 224(a1)
80006bba: e7 04 ce 0a  	jalr	s1, 172(t3)
80006bbe: 41 05        	addi	a0, a0, 16
80006bc0: 52 0d        	slli	s10, s10, 20
80006bc2: cf 05 89 f5  	<unknown>
80006bc6: c0 0b        	addi	s0, sp, 468
80006bc8: cc fe        	sd	a1, 184(a3)
80006bca: b5 04        	addi	s1, s1, 13
80006bcc: f5 00        	addi	ra, ra, 29
80006bce: f1 07        	addi	a5, a5, 28
80006bd0: a5 fe        	bnez	a3, 0x80006b48 <Z_ref_real+0x1e8>
80006bd2: b0 f6        	sd	a2, 104(a3)
80006bd4: bc f9        	sd	a5, 112(a1)
80006bd6: 90 ff        	sd	a2, 56(a5)
80006bd8: 31 05        	addi	a0, a0, 12
80006bda: 91 06        	addi	a3, a3, 4
80006bdc: 60 09        	addi	s0, sp, 156
80006bde: 12 00        	c.slli	zero, 4
80006be0: 3b fb 95 e9  	<unknown>
80006be4: 6d 02        	addi	tp, tp, 27
80006be6: b1 01        	addi	gp, gp, 12
80006be8: 9b 13 1e fa  	<unknown>
80006bec: 11 f7        	bnez	a4, 0x80006af8 <Z_ref_real+0x198>
80006bee: 3c ff        	sd	a5, 120(a4)
80006bf0: ba 03        	slli	t2, t2, 14
80006bf2: c5 00        	addi	ra, ra, 17
80006bf4: 9c 04        	addi	a5, sp, 576
80006bf6: 14 f6        	sd	a3, 40(a2)
80006bf8: e9 f9        	bnez	a1, 0x80006bca <Z_ref_real+0x26a>
80006bfa: 78 fc        	sd	a4, 248(s0)
80006bfc: a0 fd        	sd	s0, 120(a1)
80006bfe: e4 f5        	sd	s1, 232(a1)
80006c00: a4 f9        	sd	s1, 112(a1)
80006c02: 27 ff fc ff  	<unknown>
80006c06: d1 10        	addi	ra, ra, -12
80006c08: d8 f5        	sd	a4, 168(a1)
80006c0a: 4b 0e 9f f9  	fnmsub.s	ft8, ft10, fs9, ft11, rne
80006c0e: 2f f9 c6 f8  	<unknown>
80006c12: a6 f9        	sd	s1, 240(sp)
80006c14: 5f 04 39 fd  	<unknown>
80006c18: 7d fe        	bnez	a2, 0x80006c16 <Z_ref_real+0x2b6>
80006c1a: 68 02        	addi	a0, sp, 268
80006c1c: 54 f5        	sd	a3, 168(a0)
80006c1e: 33 fd 3f fe  	<unknown>
80006c22: 33 0a c0 f9  	<unknown>
80006c26: 36 fc        	sd	a3, 56(sp)
80006c28: 88 fc        	sd	a0, 56(s1)
80006c2a: 56 03        	slli	t1, t1, 21
80006c2c: 9e ee        	sd	t2, 344(sp)
80006c2e: 35 00        	c.nop	13
80006c30: de 01        	slli	gp, gp, 23
80006c32: 6e 05        	slli	a0, a0, 27
80006c34: 5e 05        	slli	a0, a0, 23
80006c36: 60 06        	addi	s0, sp, 780
80006c38: d9 fd        	bnez	a1, 0x80006bd6 <Z_ref_real+0x276>
80006c3a: 48 fe        	sd	a0, 184(a2)
80006c3c: db f6 72 f8  	<unknown>
80006c40: d8 f9        	sd	a4, 176(a1)
80006c42: 6b 01 ca ff  	<unknown>
80006c46: dd f3        	bnez	a5, 0x80006bec <Z_ref_real+0x28c>
80006c48: 61 07        	addi	a4, a4, 24
80006c4a: 08 00        	<unknown>
80006c4c: 8e 04        	slli	s1, s1, 3
80006c4e: 1f fb e1 0f  	<unknown>
80006c52: d8 fc        	sd	a4, 184(s1)
80006c54: 91 ff        	bnez	a5, 0x80006b70 <Z_ref_real+0x210>
80006c56: a1 06        	addi	a3, a3, 8
80006c58: f6 f8        	sd	t4, 112(sp)
80006c5a: 65 ff        	bnez	a4, 0x80006c52 <Z_ref_real+0x2f2>
80006c5c: 83 fa 59 e9  	<unknown>
80006c60: 9c 04        	addi	a5, sp, 576
80006c62: 59 f8        	bnez	s0, 0x80006bf8 <Z_ref_real+0x298>
80006c64: 68 fe        	sd	a0, 248(a2)
80006c66: 04 fd        	sd	s1, 56(a0)
80006c68: db fa f1 01  	<unknown>
80006c6c: f5 fb        	bnez	a5, 0x80006c60 <Z_ref_real+0x300>
80006c6e: 40 05        	addi	s0, sp, 644
80006c70: 70 f8        	sd	a2, 240(s0)
80006c72: a8 f9        	sd	a0, 112(a1)
80006c74: c3 fe da 08  	fmadd.s	ft9, fs5, fa3, ft1
80006c78: 37 f3 93 f4  	lui	t1, 1001791
80006c7c: 20 fe        	sd	s0, 120(a2)
80006c7e: 03 f8 c9 fc  	<unknown>
80006c82: 96 03        	slli	t2, t2, 5
80006c84: 78 f8        	sd	a4, 240(s0)
80006c86: 82 01        	c.slli64	gp
80006c88: 93 fb b3 f4  	andi	s7, t2, -181
80006c8c: 64 01        	addi	s1, sp, 140
80006c8e: 0c fc        	sd	a1, 56(s0)
80006c90: 81 03        	mv	t2, t2
80006c92: 69 04        	addi	s0, s0, 26
80006c94: 80 07        	addi	s0, sp, 960
80006c96: 4e 00        	c.slli	zero, 19
80006c98: 6a 02        	slli	tp, tp, 26
80006c9a: 3d f7        	bnez	a4, 0x80006c08 <Z_ref_real+0x2a8>
80006c9c: 24 02        	addi	s1, sp, 264
80006c9e: fe 02        	slli	t0, t0, 31
80006ca0: 45 00        	c.nop	17
80006ca2: dc fc        	sd	a5, 184(s1)
80006ca4: 7e 03        	slli	t1, t1, 31
80006ca6: e0 fe        	sd	s0, 248(a3)
80006ca8: 6b fe fe f9  	<unknown>
80006cac: fa fd        	sd	t5, 248(sp)
80006cae: 84 f9        	sd	s1, 48(a1)
80006cb0: cd f4        	bnez	s1, 0x80006c5a <Z_ref_real+0x2fa>
80006cb2: 5b 04 1e fe  	<unknown>
80006cb6: 48 05        	addi	a0, sp, 644
80006cb8: 8a f5        	sd	sp, 232(sp)
80006cba: e3 03 d0 0f  	beq	zero, t4, 0x800075a0 <Y_ref_imag+0x40>
80006cbe: fe 08        	slli	a7, a7, 31
80006cc0: a3 08 dd 05  	sb	t4, 81(s10)
80006cc4: d8 f2        	sd	a4, 160(a3)
80006cc6: 6a 11        	slli	sp, sp, 58
80006cc8: 9d 00        	addi	ra, ra, 7
80006cca: f1 05        	addi	a1, a1, 28
80006ccc: c5 fd        	bnez	a1, 0x80006c84 <Z_ref_real+0x324>
80006cce: df 08 c4 00  	<unknown>
80006cd2: 4f fc 3d f6  	<unknown>
80006cd6: b5 ff        	bnez	a5, 0x80006c52 <Z_ref_real+0x2f2>
80006cd8: 3b 07 31 10  	<unknown>
80006cdc: 86 08        	slli	a7, a7, 1
80006cde: 26 ff        	sd	s1, 440(sp)
80006ce0: 7e fd        	sd	t6, 184(sp)
80006ce2: 80 ea        	sd	s0, 16(a3)
80006ce4: 20 03        	addi	s0, sp, 392
80006ce6: c3 00 c4 15  	<unknown>
80006cea: 7c f9        	sd	a5, 240(a0)
80006cec: cc f8        	sd	a1, 176(s1)
80006cee: 4d fe        	bnez	a2, 0x80006ca8 <Z_ref_real+0x348>
80006cf0: 63 01 41 04  	beq	sp, tp, 0x80006d32 <Z_ref_real+0x3d2>
80006cf4: b1 05        	addi	a1, a1, 12
80006cf6: 4f f6 ae f3  	fnmadd.d	fa2, ft9, fs10, ft10
80006cfa: 45 f9        	bnez	a0, 0x80006caa <Z_ref_real+0x34a>
80006cfc: de ff        	sd	s7, 504(sp)
80006cfe: 43 f6 a9 f9  	fmadd.s	fa2, fs3, fs10, ft11
80006d02: 54 02        	addi	a3, sp, 260
80006d04: 51 00        	c.nop	20
80006d06: e4 12        	addi	s1, sp, 364
80006d08: 92 f8        	sd	tp, 112(sp)
80006d0a: c6 0b        	slli	s7, s7, 17
80006d0c: 31 f8        	bnez	s0, 0x80006c60 <Z_ref_real+0x300>
80006d0e: 8c f8        	sd	a1, 48(s1)
80006d10: 31 f6        	bnez	a2, 0x80006c5c <Z_ref_real+0x2fc>
80006d12: 7f fa d0 02  	<unknown>
80006d16: a1 01        	addi	gp, gp, 8
80006d18: 2a 03        	slli	t1, t1, 10
80006d1a: 14 03        	addi	a3, sp, 384
80006d1c: 98 ef        	sd	a4, 24(a5)
80006d1e: 7e f9        	sd	t6, 176(sp)
80006d20: d3 fd f7 0a  	fsub.d	fs11, fa5, fa5
80006d24: 6e f8        	sd	s11, 48(sp)
80006d26: 53 fe 01 f9  	<unknown>
80006d2a: 60 06        	addi	s0, sp, 780
80006d2c: a9 f1        	bnez	a1, 0x80006c6e <Z_ref_real+0x30e>
80006d2e: 19 fd        	bnez	a0, 0x80006c4c <Z_ref_real+0x2ec>
80006d30: 5c 01        	addi	a5, sp, 132
80006d32: a3 05 44 07  	sb	s4, 107(s0)
80006d36: fa 0a        	slli	s5, s5, 30
80006d38: 5e ff        	sd	s7, 440(sp)
80006d3a: 16 fd        	sd	t0, 184(sp)
80006d3c: 7a fa        	sd	t5, 304(sp)
80006d3e: 23 f5 08 fd  	<unknown>
80006d42: a6 ff        	sd	s1, 504(sp)
80006d44: 5f fe c3 f5  	<unknown>
80006d48: 4d 04        	addi	s0, s0, 19
80006d4a: 91 00        	addi	ra, ra, 4
80006d4c: 93 05 39 fd  	addi	a1, s2, -45
80006d50: f6 0b        	slli	s7, s7, 29
80006d52: 99 fa        	bnez	a3, 0x80006c68 <Z_ref_real+0x308>
80006d54: e3 05 3f 05  	beq	t5, s3, 0x8000759e <Y_ref_imag+0x3e>
80006d58: 11 f8        	bnez	s0, 0x80006c6c <Z_ref_real+0x30c>
80006d5a: 07 fe d2 f7  	<unknown>
80006d5e: ce e2        	sd	s3, 320(sp)

0000000080006d60 <Z_ref_imag>:
80006d60: 2b fa 7b 02  	<unknown>
80006d64: eb f9 fd 0c  	<unknown>
80006d68: 50 fa        	sd	a2, 176(a2)
80006d6a: c8 fd        	sd	a0, 184(a1)
80006d6c: 8f 05 5a f4  	<unknown>
80006d70: 63 01 c3 fe  	beq	t1, a2, 0x80006552 <Gram_ref_imag+0xbf2>
80006d74: 7c f8        	sd	a5, 240(s0)
80006d76: 8b 05 91 f2  	<unknown>
80006d7a: 62 04        	slli	s0, s0, 24
80006d7c: f1 f5        	bnez	a1, 0x80006d48 <Z_ref_real+0x3e8>
80006d7e: 35 fb        	bnez	a4, 0x80006cf2 <Z_ref_real+0x392>
80006d80: e0 ff        	sd	s0, 248(a5)
80006d82: 7a 0c        	slli	s8, s8, 30
80006d84: d0 04        	addi	a2, sp, 580
80006d86: 5d fe        	bnez	a2, 0x80006d44 <Z_ref_real+0x3e4>
80006d88: 5f 0d ab 01  	<unknown>
80006d8c: 27 f8 54 0b  	vsse64.v	v16, (s1), s5
80006d90: c7 f1 61 fb  	fmsub.d	ft3, ft3, fs6, ft11
80006d94: bd f4        	bnez	s1, 0x80006d02 <Z_ref_real+0x3a2>
80006d96: bb f0 68 05  	<unknown>
80006d9a: 70 f8        	sd	a2, 240(s0)
80006d9c: 15 fc        	bnez	s0, 0x80006cd8 <Z_ref_real+0x378>
80006d9e: 90 0d        	addi	a2, sp, 720
80006da0: dc f5        	sd	a5, 168(a1)
80006da2: c2 03        	slli	t2, t2, 16
80006da4: 8c f8        	sd	a1, 48(s1)
80006da6: d3 0c f7 08  	fsub.s	fs9, fa4, fa5, rne
80006daa: fe 05        	slli	a1, a1, 31
80006dac: 60 fc        	sd	s0, 248(s0)
80006dae: 61 03        	addi	t1, t1, 24
80006db0: ea f8        	sd	s10, 112(sp)
80006db2: cd 04        	addi	s1, s1, 19
80006db4: d2 04        	slli	s1, s1, 20
80006db6: 65 f9        	bnez	a0, 0x80006da6 <Z_ref_imag+0x46>
80006db8: 2a ff        	sd	a0, 440(sp)
80006dba: ce fe        	sd	s3, 376(sp)
80006dbc: fc ed        	sd	a5, 216(a1)
80006dbe: 2a 09        	slli	s2, s2, 10
80006dc0: 7c fa        	sd	a5, 240(a2)
80006dc2: bf 14 4c 10  	<unknown>
80006dc6: f7 02 f5 0a  	<unknown>
80006dca: bf 00 31 fa  	<unknown>
80006dce: 5d fb        	bnez	a4, 0x80006d84 <Z_ref_imag+0x24>
80006dd0: a1 f1        	bnez	a1, 0x80006d10 <Z_ref_real+0x3b0>
80006dd2: b4 08        	addi	a3, sp, 88
80006dd4: 61 01        	addi	sp, sp, 24
80006dd6: 86 fa        	sd	ra, 368(sp)
80006dd8: 6d ff        	bnez	a4, 0x80006dd2 <Z_ref_imag+0x72>
80006dda: 1b f8 95 f8  	<unknown>
80006dde: 78 fb        	sd	a4, 240(a4)
80006de0: a7 f7 ee fd  	<unknown>
80006de4: f6 f7        	sd	t4, 488(sp)
80006de6: 73 f4 f8 00  	csrrci	s0, vcsr, 17
80006dea: 71 fd        	bnez	a0, 0x80006dc6 <Z_ref_imag+0x66>
80006dec: d8 f7        	sd	a4, 168(a5)
80006dee: 9c 00        	addi	a5, sp, 64
80006df0: 14 03        	addi	a3, sp, 384
80006df2: 21 0a        	addi	s4, s4, 8
80006df4: 20 00        	addi	s0, sp, 8
80006df6: 57 fe 05 01  	vsetvli	t3, a1, e32, m1, tu, mu
80006dfa: a1 f9        	bnez	a1, 0x80006d4a <Z_ref_real+0x3ea>
80006dfc: cb fe a3 02  	fnmsub.d	ft9, ft7, fa0, ft0
80006e00: ea fc        	sd	s10, 120(sp)
80006e02: b6 07        	slli	a5, a5, 13
80006e04: 7f 04 e3 fd  	<unknown>
80006e08: 7b 04 c2 0b  	<unknown>
80006e0c: d5 fb        	bnez	a5, 0x80006dc0 <Z_ref_imag+0x60>
80006e0e: bc 00        	addi	a5, sp, 72
80006e10: 0d 08        	addi	a6, a6, 3
80006e12: 74 f5        	sd	a3, 232(a0)
80006e14: 1f 03 5b 0a  	<unknown>
80006e18: 95 0a        	addi	s5, s5, 5
80006e1a: 83 01 f0 06  	lb	gp, 111(zero)
80006e1e: a6 00        	slli	ra, ra, 9
80006e20: f9 02        	addi	t0, t0, 30
80006e22: 42 fc        	sd	a6, 56(sp)
80006e24: 51 02        	addi	tp, tp, 20
80006e26: 53 ff 0c f9  	<unknown>
80006e2a: 83 02 43 ee  	lb	t0, -284(t1)
80006e2e: 8c fb        	sd	a1, 48(a5)
80006e30: e2 f4        	sd	s8, 104(sp)
80006e32: 2e fd        	sd	a1, 184(sp)
80006e34: cb fb 24 0d  	<unknown>
80006e38: eb fe fe 06  	<unknown>
80006e3c: e6 04        	slli	s1, s1, 25
80006e3e: 29 05        	addi	a0, a0, 10
80006e40: e9 06        	addi	a3, a3, 26
80006e42: 2d fc        	bnez	s0, 0x80006dbc <Z_ref_imag+0x5c>
80006e44: 01 fa        	bnez	a2, 0x80006d54 <Z_ref_real+0x3f4>
80006e46: d6 ff        	sd	s5, 504(sp)
80006e48: ff 08 5e fd  	<unknown>
80006e4c: 58 ff        	sd	a4, 184(a4)
80006e4e: 73 f5 6b fa  	csrrci	a0, 4006, 23
80006e52: 65 f5        	bnez	a0, 0x80006e3a <Z_ref_imag+0xda>
80006e54: 9d f5        	bnez	a1, 0x80006d82 <Z_ref_imag+0x22>
80006e56: 17 f5 98 e8  	auipc	a0, 952719
80006e5a: d0 05        	addi	a2, sp, 708
80006e5c: ef 07 a3 04  	jal	a5, 0x80036ea6 <timer+0x2ef66>
80006e60: bc f9        	sd	a5, 112(a1)
80006e62: 64 08        	addi	s1, sp, 28
80006e64: ea f5        	sd	s10, 232(sp)
80006e66: cd 12        	addi	t0, t0, -13
80006e68: 39 f8        	bnez	s0, 0x80006dbe <Z_ref_imag+0x5e>
80006e6a: 8a fe        	sd	sp, 376(sp)
80006e6c: 81 05        	mv	a1, a1
80006e6e: ab fa b5 01  	<unknown>
80006e72: 00 ff        	sd	s0, 56(a4)
80006e74: 92 fb        	sd	tp, 496(sp)
80006e76: 9b 08 29 f1  	addiw	a7, s2, -238
80006e7a: 9e 04        	slli	s1, s1, 7
80006e7c: 24 f6        	sd	s1, 104(a2)
80006e7e: 35 fe        	bnez	a2, 0x80006dfa <Z_ref_imag+0x9a>
80006e80: c9 01        	addi	gp, gp, 18
80006e82: af 0b 29 08  	<unknown>
80006e86: b3 00 a8 02  	mul	ra, a6, a0
80006e8a: 7d fa        	bnez	a2, 0x80006e80 <Z_ref_imag+0x120>
80006e8c: 6b f9 8c 0d  	<unknown>
80006e90: 7e f3        	sd	t6, 416(sp)
80006e92: f5 fb        	bnez	a5, 0x80006e86 <Z_ref_imag+0x126>
80006e94: 7e f5        	sd	t6, 168(sp)
80006e96: e7 f6 8a 03  	<unknown>
80006e9a: 53 fd 85 fd  	<unknown>
80006e9e: 50 0e        	addi	a2, sp, 788
80006ea0: d3 f6 2f 01  	fadd.s	fa3, ft11, fs2
80006ea4: 44 fb        	sd	s1, 176(a4)
80006ea6: 25 0b        	addi	s6, s6, 9
80006ea8: ba 06        	slli	a3, a3, 14
80006eaa: 78 05        	addi	a4, sp, 652
80006eac: f7 fe af 01  	<unknown>
80006eb0: 7e fc        	sd	t6, 56(sp)
80006eb2: bf 07 a7 0a  	<unknown>
80006eb6: a3 fc ff fa  	<unknown>
80006eba: ad fb        	bnez	a5, 0x80006e2c <Z_ref_imag+0xcc>
80006ebc: 95 f4        	bnez	s1, 0x80006de8 <Z_ref_imag+0x88>
80006ebe: 71 0d        	addi	s10, s10, 28
80006ec0: 1b 00 30 16  	addiw	zero, zero, 355
80006ec4: da 0e        	slli	t4, t4, 22
80006ec6: fb fd c2 09  	<unknown>
80006eca: 9e fd        	sd	t2, 248(sp)
80006ecc: 77 fc cf f6  	<unknown>
80006ed0: 72 f7        	sd	t3, 424(sp)
80006ed2: 5a 0a        	slli	s4, s4, 22
80006ed4: e4 ff        	sd	s1, 248(a5)
80006ed6: 38 f9        	sd	a4, 112(a0)
80006ed8: c6 00        	slli	ra, ra, 17
80006eda: a8 f8        	sd	a0, 112(s1)
80006edc: 60 fd        	sd	s0, 248(a0)
80006ede: a1 fb        	bnez	a5, 0x80006e2e <Z_ref_imag+0xce>
80006ee0: 8a f1        	sd	sp, 224(sp)
80006ee2: d2 01        	slli	gp, gp, 20
80006ee4: b0 f4        	sd	a2, 104(s1)
80006ee6: af f6 b4 f7  	<unknown>
80006eea: d7 f7 45 f6  	vsetivli	a5, 11, 868
80006eee: 91 fe        	bnez	a3, 0x80006e0a <Z_ref_imag+0xaa>
80006ef0: 08 02        	addi	a0, sp, 256
80006ef2: 1b 07 7b ff  	addiw	a4, s6, -9
80006ef6: 96 fc        	sd	t0, 120(sp)
80006ef8: 8d fb        	bnez	a5, 0x80006e2a <Z_ref_imag+0xca>
80006efa: 53 f9 a0 fe  	<unknown>
80006efe: ae fd        	sd	a1, 248(sp)
80006f00: b0 fa        	sd	a2, 112(a3)
80006f02: 97 06 7f 05  	auipc	a3, 22512
80006f06: eb 01 d0 02  	<unknown>
80006f0a: 50 0a        	addi	a2, sp, 276
80006f0c: ef f9 81 03  	jal	s3, 0x80025f44 <timer+0x1e004>
80006f10: fe 06        	slli	a3, a3, 31
80006f12: 9d fb        	bnez	a5, 0x80006e48 <Z_ref_imag+0xe8>
80006f14: de 06        	slli	a3, a3, 23
80006f16: 4b 07 4e 0b  	fnmsub.d	fa4, ft8, fs4, ft1, rne
80006f1a: 0c fd        	sd	a1, 56(a0)
80006f1c: aa 01        	slli	gp, gp, 10
80006f1e: ac ff        	sd	a1, 120(a5)
80006f20: 39 05        	addi	a0, a0, 14
80006f22: 1c fc        	sd	a5, 56(s0)
80006f24: ae fd        	sd	a1, 248(sp)
80006f26: a8 fe        	sd	a0, 120(a3)
80006f28: f5 f6        	bnez	a3, 0x80006f14 <Z_ref_imag+0x1b4>
80006f2a: 46 fe        	sd	a7, 312(sp)
80006f2c: 00 fa        	sd	s0, 48(a2)
80006f2e: 50 fb        	sd	a2, 176(a4)
80006f30: 91 f4        	bnez	s1, 0x80006e3c <Z_ref_imag+0xdc>
80006f32: e2 fc        	sd	s8, 120(sp)
80006f34: 70 f8        	sd	a2, 240(s0)
80006f36: 07 10 ba fe  	<unknown>
80006f3a: fc 07        	addi	a5, sp, 972
80006f3c: f4 07        	addi	a3, sp, 972
80006f3e: e7 ff 3c 07  	<unknown>
80006f42: f6 fb        	sd	t4, 496(sp)
80006f44: af fc 91 00  	<unknown>
80006f48: 7e 07        	slli	a4, a4, 31
80006f4a: 2d fc        	bnez	s0, 0x80006ec4 <Z_ref_imag+0x164>
80006f4c: 1b fe e0 f0  	<unknown>
80006f50: 2f f9 ab f6  	<unknown>
80006f54: d6 f7        	sd	s5, 488(sp)
80006f56: b0 f0        	sd	a2, 96(s1)
80006f58: b8 ec        	sd	a4, 88(s1)
80006f5a: dd 05        	addi	a1, a1, 23
80006f5c: 8e 04        	slli	s1, s1, 3
80006f5e: 7a fa        	sd	t5, 304(sp)
80006f60: 9e fa        	sd	t2, 368(sp)
80006f62: 83 04 f9 f6  	lb	s1, -145(s2)
80006f66: 6a 0f        	slli	t5, t5, 26
80006f68: c7 fc 32 fe  	<unknown>
80006f6c: 45 04        	addi	s0, s0, 17
80006f6e: 9e f4        	sd	t2, 104(sp)
80006f70: 59 fd        	bnez	a0, 0x80006f0e <Z_ref_imag+0x1ae>
80006f72: a4 fd        	sd	s1, 120(a1)
80006f74: f2 f4        	sd	t3, 104(sp)
80006f76: 33 0b 8a f3  	<unknown>
80006f7a: 0d 02        	addi	tp, tp, 3
80006f7c: 78 f2        	sd	a4, 224(a2)
80006f7e: 04 f8        	sd	s1, 48(s0)
80006f80: b8 fd        	sd	a4, 120(a1)
80006f82: 25 0b        	addi	s6, s6, 9
80006f84: 10 08        	addi	a2, sp, 16
80006f86: 63 fe d6 0a  	bgeu	a3, a3, 0x80007042 <Z_ref_imag+0x2e2>
80006f8a: 75 ff        	bnez	a4, 0x80006f86 <Z_ref_imag+0x226>
80006f8c: af f6 0e 08  	<unknown>
80006f90: 25 f0        	bnez	s0, 0x80006ef0 <Z_ref_imag+0x190>
80006f92: d2 fb        	sd	s4, 496(sp)
80006f94: 65 f6        	bnez	a2, 0x80006f7c <Z_ref_imag+0x21c>
80006f96: 1f ef 02 02  	<unknown>
80006f9a: a8 f7        	sd	a0, 104(a5)
80006f9c: 23 00 89 07  	sb	s8, 96(s2)
80006fa0: 59 f5        	bnez	a0, 0x80006f2e <Z_ref_imag+0x1ce>
80006fa2: 67 03 88 f8  	jalr	t1, -120(a6)
80006fa6: 34 09        	addi	a3, sp, 152
80006fa8: 79 03        	addi	t1, t1, 30
80006faa: d5 02        	addi	t0, t0, 21
80006fac: 1e 00        	c.slli	zero, 7
80006fae: 79 04        	addi	s0, s0, 30
80006fb0: b5 fe        	bnez	a3, 0x80006f2c <Z_ref_imag+0x1cc>
80006fb2: 0c 07        	addi	a1, sp, 896
80006fb4: c8 04        	addi	a0, sp, 580
80006fb6: b4 fb        	sd	a3, 112(a5)
80006fb8: 43 01 3e fb  	fmadd.d	ft2, ft8, fs3, ft11, rne
80006fbc: 30 ee        	sd	a2, 88(a2)
80006fbe: b6 0a        	slli	s5, s5, 13
80006fc0: 29 f8        	bnez	s0, 0x80006f12 <Z_ref_imag+0x1b2>
80006fc2: ba 0f        	slli	t6, t6, 14
80006fc4: 29 15        	addi	a0, a0, -22
80006fc6: f0 f7        	sd	a2, 232(a5)
80006fc8: ef 07 e0 fb  	jal	a5, 0x7ff07786 <v_compute_z_cfxp16.c+0x7ff07786>
80006fcc: f4 f8        	sd	a3, 240(s1)
80006fce: ef fd 3a ed  	jal	s11, 0x7ffb6ea0 <v_compute_z_cfxp16.c+0x7ffb6ea0>
80006fd2: 95 10        	addi	ra, ra, -27
80006fd4: d7 ff af fa  	vsetivli	t6, 31, 938
80006fd8: 47 fe 48 fc  	<unknown>
80006fdc: 8a fc        	sd	sp, 120(sp)
80006fde: 9d f7        	bnez	a5, 0x80006f0c <Z_ref_imag+0x1ac>
80006fe0: 99 f5        	bnez	a1, 0x80006eee <Z_ref_imag+0x18e>
80006fe2: 5b 01 49 f8  	<unknown>
80006fe6: 0a f4        	sd	sp, 40(sp)
80006fe8: d2 fc        	sd	s4, 120(sp)
80006fea: 3e fa        	sd	a5, 304(sp)
80006fec: 9b f8 51 00  	<unknown>
80006ff0: 0b 01 44 0a  	<unknown>
80006ff4: 36 01        	slli	sp, sp, 13
80006ff6: c6 fa        	sd	a7, 368(sp)
80006ff8: e9 00        	addi	ra, ra, 26
80006ffa: 90 fb        	sd	a2, 48(a5)
80006ffc: 7e ff        	sd	t6, 440(sp)
80006ffe: f3 02 4a f8  	<unknown>
80007002: 1e 08        	slli	a6, a6, 7
80007004: f9 01        	addi	gp, gp, 30
80007006: 94 fd        	sd	a3, 56(a1)
80007008: 8e 02        	slli	t0, t0, 3
8000700a: 9c 07        	addi	a5, sp, 960
8000700c: c0 fa        	sd	s0, 176(a3)
8000700e: e2 00        	slli	ra, ra, 24
80007010: d2 09        	slli	s3, s3, 20
80007012: 61 f6        	bnez	a2, 0x80006fda <Z_ref_imag+0x27a>
80007014: 67 03 7a 0a  	jalr	t1, 167(s4)
80007018: d3 0c 06 ff  	<unknown>
8000701c: 92 06        	slli	a3, a3, 4
8000701e: 4a fa        	sd	s2, 304(sp)
80007020: fe 05        	slli	a1, a1, 31
80007022: 95 00        	addi	ra, ra, 5
80007024: d6 02        	slli	t0, t0, 21
80007026: 15 fe        	bnez	a2, 0x80006f62 <Z_ref_imag+0x202>
80007028: b0 fb        	sd	a2, 112(a5)
8000702a: b1 00        	addi	ra, ra, 12
8000702c: 07 f9 2e fa  	<unknown>
80007030: 9a fd        	sd	t1, 248(sp)
80007032: 62 fc        	sd	s8, 56(sp)
80007034: 89 f8        	bnez	s1, 0x80006f46 <Z_ref_imag+0x1e6>
80007036: 1e 12        	slli	tp, tp, 39
80007038: 5d fd        	bnez	a0, 0x80006ff6 <Z_ref_imag+0x296>
8000703a: 75 04        	addi	s0, s0, 29
8000703c: 34 07        	addi	a3, sp, 904
8000703e: 96 04        	slli	s1, s1, 5
80007040: 44 0d        	addi	s1, sp, 660
80007042: bd fa        	bnez	a3, 0x80006fb8 <Z_ref_imag+0x258>
80007044: aa fc        	sd	a0, 120(sp)
80007046: f6 fe        	sd	t4, 376(sp)
80007048: 86 05        	slli	a1, a1, 1
8000704a: 84 fd        	sd	s1, 56(a1)
8000704c: 5e fe        	sd	s7, 312(sp)
8000704e: 4b f1 74 fe  	<unknown>
80007052: 88 f6        	sd	a0, 40(a3)
80007054: e6 f9        	sd	s9, 240(sp)
80007056: 24 f5        	sd	s1, 104(a0)
80007058: 02 f6        	sd	zero, 296(sp)
8000705a: b9 07        	addi	a5, a5, 14
8000705c: 85 02        	addi	t0, t0, 1
8000705e: 0e 08        	slli	a6, a6, 3
80007060: 4a fb        	sd	s2, 432(sp)
80007062: 23 06 c9 fa  	sb	a2, -84(s2)
80007066: 70 12        	addi	a2, sp, 300
80007068: 62 fb        	sd	s8, 432(sp)
8000706a: 39 fd        	bnez	a0, 0x80006fc8 <Z_ref_imag+0x268>
8000706c: 71 02        	addi	tp, tp, 28
8000706e: 66 fb        	sd	s9, 432(sp)
80007070: ab 02 1f fd  	<unknown>
80007074: 0f f9 38 0a  	<unknown>
80007078: 56 ee        	sd	s5, 280(sp)
8000707a: c8 04        	addi	a0, sp, 580
8000707c: 8a f1        	sd	sp, 224(sp)
8000707e: 34 f9        	sd	a3, 112(a0)
80007080: 4c fe        	sd	a1, 184(a2)
80007082: c4 0a        	addi	s1, sp, 340
80007084: 00 0b        	addi	s0, sp, 400
80007086: 46 00        	c.slli	zero, 17
80007088: 97 0b b3 02  	auipc	s7, 11056
8000708c: 14 fa        	sd	a3, 48(a2)
8000708e: 80 0d        	addi	s0, sp, 720
80007090: fc fa        	sd	a5, 240(a3)
80007092: 35 fc        	bnez	s0, 0x8000700e <Z_ref_imag+0x2ae>
80007094: 42 f1        	sd	a6, 160(sp)
80007096: 64 f1        	sd	s1, 224(a0)
80007098: 61 05        	addi	a0, a0, 24
8000709a: 3b f8 7c fa  	<unknown>
8000709e: 00 07        	addi	s0, sp, 896
800070a0: 1d fa        	bnez	a2, 0x80006fd6 <Z_ref_imag+0x276>
800070a2: 2a 05        	slli	a0, a0, 10
800070a4: 9d fa        	bnez	a3, 0x80006fda <Z_ref_imag+0x27a>
800070a6: 35 08        	addi	a6, a6, 13
800070a8: ef 09 0b 06  	jal	s3, 0x800b7108 <timer+0xaf1c8>
800070ac: f1 fd        	bnez	a1, 0x80007088 <Z_ref_imag+0x328>
800070ae: 82 03        	c.slli64	t2
800070b0: 94 fb        	sd	a3, 48(a5)
800070b2: 92 05        	slli	a1, a1, 4
800070b4: 60 09        	addi	s0, sp, 156
800070b6: 05 f9        	bnez	a0, 0x80006fe6 <Z_ref_imag+0x286>
800070b8: 10 fe        	sd	a2, 56(a2)
800070ba: ca 01        	slli	gp, gp, 18
800070bc: 26 eb        	sd	s1, 400(sp)
800070be: 92 0b        	slli	s7, s7, 4
800070c0: e2 f8        	sd	s8, 112(sp)
800070c2: 2c 17        	addi	a1, sp, 936
800070c4: c6 14        	slli	s1, s1, 49
800070c6: 9b fa ec 03  	<unknown>
800070ca: 64 fd        	sd	s1, 248(a0)
800070cc: 29 f9        	bnez	a0, 0x8000701e <Z_ref_imag+0x2be>
800070ce: 79 f7        	bnez	a4, 0x8000709c <Z_ref_imag+0x33c>
800070d0: 26 ed        	sd	s1, 152(sp)
800070d2: ba 04        	slli	s1, s1, 14
800070d4: 6e 01        	slli	sp, sp, 27
800070d6: b0 fb        	sd	a2, 112(a5)
800070d8: b9 fc        	bnez	s1, 0x80007036 <Z_ref_imag+0x2d6>
800070da: 9d fe        	bnez	a3, 0x80007018 <Z_ref_imag+0x2b8>
800070dc: db fb 9d fb  	<unknown>
800070e0: 37 f5 bc f9  	lui	a0, 1022927
800070e4: b8 fb        	sd	a4, 112(a5)
800070e6: 91 f5        	bnez	a1, 0x80006ff2 <Z_ref_imag+0x292>
800070e8: 26 f6        	sd	s1, 296(sp)
800070ea: 73 f9 e1 f8  	csrrci	s2, 3982, 3
800070ee: 8a 00        	slli	ra, ra, 2
800070f0: 59 02        	addi	tp, tp, 22
800070f2: 21 06        	addi	a2, a2, 8
800070f4: 2d ff        	bnez	a4, 0x8000706e <Z_ref_imag+0x30e>
800070f6: fa f9        	sd	t5, 240(sp)
800070f8: 68 fb        	sd	a0, 240(a4)
800070fa: 12 f3        	sd	tp, 416(sp)
800070fc: a7 ff 58 00  	<unknown>
80007100: 79 ff        	bnez	a4, 0x800070de <Z_ref_imag+0x37e>
80007102: ff 05 d0 04  	<unknown>
80007106: 3e 00        	c.slli	zero, 15
80007108: f0 ff        	sd	a2, 248(a5)
8000710a: 0f 0d bb fc  	<unknown>
8000710e: 69 02        	addi	tp, tp, 26
80007110: 21 07        	addi	a4, a4, 8
80007112: ec fb        	sd	a1, 240(a5)
80007114: 9c 01        	addi	a5, sp, 192
80007116: 5c 0c        	addi	a5, sp, 532
80007118: 02 0d        	c.slli64	s10
8000711a: f2 00        	slli	ra, ra, 28
8000711c: 2c 06        	addi	a1, sp, 776
8000711e: 3e fb        	sd	a5, 432(sp)
80007120: cc 01        	addi	a1, sp, 196
80007122: e6 fb        	sd	s9, 496(sp)
80007124: 00 ff        	sd	s0, 56(a4)
80007126: 98 ff        	sd	a4, 56(a5)
80007128: ac fa        	sd	a1, 112(a3)
8000712a: d6 00        	slli	ra, ra, 21
8000712c: 82 fa        	sd	zero, 368(sp)
8000712e: 3c fb        	sd	a5, 112(a4)
80007130: bb fb 21 fa  	<unknown>
80007134: 93 fa c2 09  	andi	s5, t0, 156
80007138: 4b ff 00 07  	<unknown>
8000713c: f0 04        	addi	a2, sp, 588
8000713e: 63 06 4d 0b  	beq	s10, s4, 0x800071ea <Y_ref_real+0x8a>
80007142: 5f fc 11 fc  	<unknown>
80007146: 40 01        	addi	s0, sp, 132
80007148: ef 02 7d fe  	jal	t0, 0x7ffd812e <v_compute_z_cfxp16.c+0x7ffd812e>
8000714c: ec fe        	sd	a1, 248(a3)
8000714e: 53 f8 a8 f7  	<unknown>
80007152: 5f f6 15 fa  	<unknown>
80007156: 67 f1 d7 f6  	<unknown>
8000715a: 7e 07        	slli	a4, a4, 31
8000715c: 8d 02        	addi	t0, t0, 3
8000715e: a5 09        	addi	s3, s3, 9

0000000080007160 <Y_ref_real>:
80007160: c3 03 d2 fc  	<unknown>
80007164: 64 03        	addi	s1, sp, 396
80007166: 59 f9        	bnez	a0, 0x800070fc <Z_ref_imag+0x39c>
80007168: 69 01        	addi	sp, sp, 26
8000716a: d3 ff 97 fc  	<unknown>
8000716e: 14 06        	addi	a3, sp, 768
80007170: 3d fb        	bnez	a4, 0x800070e6 <Z_ref_imag+0x386>
80007172: d1 fa        	bnez	a3, 0x80007106 <Z_ref_imag+0x3a6>
80007174: 41 03        	addi	t1, t1, 16
80007176: fc ff        	sd	a5, 248(a5)
80007178: fe 00        	slli	ra, ra, 31
8000717a: b9 fa        	bnez	a3, 0x800070d0 <Z_ref_imag+0x370>
8000717c: d4 01        	addi	a3, sp, 196
8000717e: c6 fc        	sd	a7, 120(sp)
80007180: 46 fe        	sd	a7, 312(sp)
80007182: 23 ff 45 f9  	<unknown>
80007186: ba ff        	sd	a4, 504(sp)
80007188: a7 f8 32 fa  	<unknown>
8000718c: e1 00        	addi	ra, ra, 24
8000718e: 9d fb        	bnez	a5, 0x800070c4 <Z_ref_imag+0x364>
80007190: 91 04        	addi	s1, s1, 4
80007192: 90 03        	addi	a2, sp, 448
80007194: ba 03        	slli	t2, t2, 14
80007196: 3a 07        	slli	a4, a4, 14
80007198: 7f 01 53 fe  	<unknown>
8000719c: 02 04        	c.slli64	s0
8000719e: 53 f9 c6 00  	fadd.s	fs2, fa3, fa2
800071a2: 7e ff        	sd	t6, 440(sp)
800071a4: b0 04        	addi	a2, sp, 584
800071a6: 7e fa        	sd	t6, 304(sp)
800071a8: 46 fc        	sd	a7, 56(sp)
800071aa: f1 fc        	bnez	s1, 0x80007186 <Y_ref_real+0x26>
800071ac: c3 ff e8 fb  	fmadd.d	ft11, fa7, ft10, ft11
800071b0: 94 fd        	sd	a3, 56(a1)
800071b2: 65 00        	c.nop	25
800071b4: b6 fd        	sd	a3, 248(sp)
800071b6: 02 03        	c.slli64	t1
800071b8: 8c fc        	sd	a1, 56(s1)
800071ba: dc 03        	addi	a5, sp, 452
800071bc: 1d 06        	addi	a2, a2, 7
800071be: f1 fe        	bnez	a3, 0x8000719a <Y_ref_real+0x3a>
800071c0: ad 03        	addi	t2, t2, 11
800071c2: 39 fd        	bnez	a0, 0x80007120 <Z_ref_imag+0x3c0>
800071c4: e7 f9 5e 05  	<unknown>
800071c8: 2c ff        	sd	a1, 120(a4)
800071ca: 60 04        	addi	s0, sp, 524
800071cc: 94 02        	addi	a3, sp, 320
800071ce: 58 0a        	addi	a4, sp, 276
800071d0: 5d 06        	addi	a2, a2, 23
800071d2: f8 fa        	sd	a4, 240(a3)
800071d4: a5 fd        	bnez	a1, 0x8000714c <Z_ref_imag+0x3ec>
800071d6: ad 02        	addi	t0, t0, 11
800071d8: 0e 01        	slli	sp, sp, 3
800071da: 6b 05 3f 04  	<unknown>
800071de: 6d 02        	addi	tp, tp, 27
800071e0: ae 00        	slli	ra, ra, 11
800071e2: 18 f9        	sd	a4, 48(a0)
800071e4: 0e 03        	slli	t1, t1, 3
800071e6: 54 06        	addi	a3, sp, 772
800071e8: 41 0a        	addi	s4, s4, 16
800071ea: e8 00        	addi	a0, sp, 76
800071ec: a4 02        	addi	s1, sp, 328
800071ee: 18 01        	addi	a4, sp, 128
800071f0: 46 01        	slli	sp, sp, 17
800071f2: 0d fd        	bnez	a0, 0x8000712c <Z_ref_imag+0x3cc>
800071f4: 95 00        	addi	ra, ra, 5
800071f6: 3b fe 8d 00  	<unknown>
800071fa: cf 00 85 00  	fnmadd.s	ft1, fa0, fs0, ft0, rne
800071fe: 44 fd        	sd	s1, 184(a0)
80007200: 87 02 03 ff  	<unknown>
80007204: 7b 00 19 04  	<unknown>
80007208: 94 f9        	sd	a3, 48(a1)
8000720a: 9b ff f8 ff  	<unknown>
8000720e: fd fa        	bnez	a3, 0x80007204 <Y_ref_real+0xa4>
80007210: 43 fa e7 00  	fmadd.s	fs4, fa5, fa4, ft0
80007214: f6 ff        	sd	t4, 504(sp)
80007216: cf fd 72 fc  	<unknown>
8000721a: 06 05        	slli	a0, a0, 1
8000721c: a6 fc        	sd	s1, 120(sp)
8000721e: f4 ff        	sd	a3, 248(a5)
80007220: 2f fc 7c 04  	<unknown>
80007224: cb fa 1b 02  	fnmsub.d	fs5, fs7, ft1, ft0
80007228: ed fd        	bnez	a1, 0x80007222 <Y_ref_real+0xc2>
8000722a: 8c 00        	addi	a1, sp, 64
8000722c: 89 fc        	bnez	s1, 0x80007146 <Z_ref_imag+0x3e6>
8000722e: 2f fe 04 01  	<unknown>
80007232: 3e 03        	slli	t1, t1, 15
80007234: 33 04 6d 00  	add	s0, s10, t1
80007238: da 01        	slli	gp, gp, 22
8000723a: 24 fb        	sd	s1, 112(a4)
8000723c: 5c fc        	sd	a5, 184(s0)
8000723e: 5f fc 7d fa  	<unknown>
80007242: fa ff        	sd	t5, 504(sp)
80007244: bf 01 a2 fb  	<unknown>
80007248: c1 fe        	bnez	a3, 0x800071e0 <Y_ref_real+0x80>
8000724a: bc 00        	addi	a5, sp, 72
8000724c: 90 01        	addi	a2, sp, 192
8000724e: 29 05        	addi	a0, a0, 10
80007250: 50 02        	addi	a2, sp, 260
80007252: 14 ff        	sd	a3, 56(a4)
80007254: 01 05        	mv	a0, a0
80007256: 39 09        	addi	s2, s2, 14
80007258: 56 04        	slli	s0, s0, 21
8000725a: 8d fe        	bnez	a3, 0x80007194 <Y_ref_real+0x34>
8000725c: cc fd        	sd	a1, 184(a1)
8000725e: 3d f9        	bnez	a0, 0x800071d4 <Y_ref_real+0x74>
80007260: fa 02        	slli	t0, t0, 30
80007262: d4 fb        	sd	a3, 176(a5)
80007264: 74 01        	addi	a3, sp, 140
80007266: 02 f8        	sd	zero, 48(sp)
80007268: aa ff        	sd	a0, 504(sp)
8000726a: 46 00        	c.slli	zero, 17
8000726c: 96 fa        	sd	t0, 368(sp)
8000726e: 91 04        	addi	s1, s1, 4
80007270: f5 fe        	bnez	a3, 0x8000726c <Y_ref_real+0x10c>
80007272: d8 fd        	sd	a4, 184(a1)
80007274: 7c 06        	addi	a5, sp, 780
80007276: 58 fd        	sd	a4, 184(a0)
80007278: 75 00        	c.nop	29
8000727a: f5 fb        	bnez	a5, 0x8000726e <Y_ref_real+0x10e>
8000727c: ac 00        	addi	a1, sp, 72
8000727e: 64 fc        	sd	s1, 248(s0)
80007280: ee 02        	slli	t0, t0, 27
80007282: 24 fb        	sd	s1, 112(a4)
80007284: f2 f7        	sd	t3, 488(sp)
80007286: 8f ff 8a f9  	<unknown>
8000728a: 5a fb        	sd	s6, 432(sp)
8000728c: c3 00 73 f9  	fmadd.s	ft1, ft6, fs7, ft11, rne
80007290: 36 07        	slli	a4, a4, 13
80007292: 68 02        	addi	a0, sp, 268
80007294: 98 05        	addi	a4, sp, 704
80007296: e9 03        	addi	t2, t2, 26
80007298: c9 ff        	bnez	a5, 0x80007232 <Y_ref_real+0xd2>
8000729a: 46 fd        	sd	a7, 184(sp)
8000729c: 75 03        	addi	t1, t1, 29
8000729e: 47 fb 7a 02  	fmsub.d	fs6, fs5, ft7, ft0
800072a2: e9 fd        	bnez	a1, 0x8000727c <Y_ref_real+0x11c>
800072a4: 2b 03 b8 fb  	<unknown>
800072a8: 1b fe 82 fa  	<unknown>
800072ac: d0 02        	addi	a2, sp, 324
800072ae: 85 f8        	bnez	s1, 0x800071de <Y_ref_real+0x7e>
800072b0: f2 ff        	sd	t3, 504(sp)
800072b2: c4 00        	addi	s1, sp, 68
800072b4: 91 00        	addi	ra, ra, 4
800072b6: ee 06        	slli	a3, a3, 27
800072b8: 33 fe 3e 04  	<unknown>
800072bc: 97 09 2c 02  	auipc	s3, 8896
800072c0: 4f 07 e9 f8  	fnmadd.s	fa4, fs2, fa4, ft11, rne
800072c4: 2f f3 5c 07  	<unknown>
800072c8: 2c ff        	sd	a1, 120(a4)
800072ca: 92 00        	slli	ra, ra, 4
800072cc: f9 02        	addi	t0, t0, 30
800072ce: 0c 03        	addi	a1, sp, 384
800072d0: 97 03 33 f9  	auipc	t2, 1020720
800072d4: 28 fc        	sd	a0, 120(s0)
800072d6: d2 fe        	sd	s4, 376(sp)
800072d8: 93 02 7a 07  	addi	t0, s4, 119
800072dc: 99 01        	addi	gp, gp, 6
800072de: e2 ff        	sd	s8, 504(sp)
800072e0: 19 05        	addi	a0, a0, 6
800072e2: 2f fc 8b 04  	<unknown>
800072e6: 82 03        	c.slli64	t2
800072e8: ee 0a        	slli	s5, s5, 27
800072ea: 2a 00        	c.slli	zero, 10
800072ec: 9f ff 6b 02  	<unknown>
800072f0: 57 02 8a fb  	<unknown>
800072f4: 5a ff        	sd	s6, 440(sp)
800072f6: c8 fd        	sd	a0, 184(a1)
800072f8: 6a fb        	sd	s10, 432(sp)
800072fa: 27 00 a1 fe  	<unknown>
800072fe: 7f fb 85 01  	<unknown>
80007302: f9 fb        	bnez	a5, 0x800072d8 <Y_ref_real+0x178>
80007304: cd fc        	bnez	s1, 0x800072be <Y_ref_real+0x15e>
80007306: 14 08        	addi	a3, sp, 16
80007308: f6 fb        	sd	t4, 496(sp)
8000730a: 57 01 ec fe  	<unknown>
8000730e: fa fc        	sd	t5, 120(sp)
80007310: 5f fc 98 ff  	<unknown>
80007314: 3d ff        	bnez	a4, 0x80007292 <Y_ref_real+0x132>
80007316: 94 f9        	sd	a3, 48(a1)
80007318: fe fb        	sd	t6, 496(sp)
8000731a: b9 00        	addi	ra, ra, 14
8000731c: cb f8 66 00  	fnmsub.s	fa7, fa3, ft6, ft0
80007320: 2d fd        	bnez	a0, 0x8000729a <Y_ref_real+0x13a>
80007322: e7 06 ac 01  	jalr	a3, 26(s8)
80007326: 9f fe c0 02  	<unknown>
8000732a: 4a 01        	slli	sp, sp, 18
8000732c: a0 fe        	sd	s0, 120(a3)
8000732e: 2c 02        	addi	a1, sp, 264
80007330: be 03        	slli	t2, t2, 15
80007332: 93 03 9b 01  	addi	t2, s6, 25
80007336: fa fd        	sd	t5, 248(sp)
80007338: 1d 00        	c.nop	7
8000733a: c1 fc        	bnez	s1, 0x800072d2 <Y_ref_real+0x172>
8000733c: 8c fc        	sd	a1, 56(s1)
8000733e: 36 fc        	sd	a3, 56(sp)
80007340: 9e fb        	sd	t2, 496(sp)
80007342: 17 05 34 03  	auipc	a0, 13120
80007346: 2f fc d2 fe  	<unknown>
8000734a: 2a 02        	slli	tp, tp, 10
8000734c: 83 01 55 04  	lb	gp, 69(a0)
80007350: 1b 07 00 03  	addiw	a4, zero, 48
80007354: 76 04        	slli	s0, s0, 29
80007356: a1 06        	addi	a3, a3, 8
80007358: b7 02 28 ff  	lui	t0, 1045120
8000735c: f2 fc        	sd	t3, 120(sp)
8000735e: bd f3        	bnez	a5, 0x800072c4 <Y_ref_real+0x164>
80007360: f5 01        	addi	gp, gp, 29
80007362: 91 00        	addi	ra, ra, 4
80007364: 2a ff        	sd	a0, 440(sp)
80007366: 6d fd        	bnez	a0, 0x80007360 <Y_ref_real+0x200>
80007368: 7a ff        	sd	t5, 440(sp)
8000736a: 26 00        	c.slli	zero, 9
8000736c: 45 fc        	bnez	s0, 0x80007324 <Y_ref_real+0x1c4>
8000736e: 57 06 e6 fc  	<unknown>
80007372: ca fb        	sd	s2, 496(sp)
80007374: a6 00        	slli	ra, ra, 9
80007376: b0 fe        	sd	a2, 120(a3)
80007378: fc 01        	addi	a5, sp, 204
8000737a: e1 fb        	bnez	a5, 0x8000734a <Y_ref_real+0x1ea>
8000737c: a1 05        	addi	a1, a1, 8
8000737e: 3c fd        	sd	a5, 120(a0)
80007380: 7e fe        	sd	t6, 312(sp)
80007382: f4 fa        	sd	a3, 240(a3)
80007384: 49 fc        	bnez	s0, 0x8000731e <Y_ref_real+0x1be>
80007386: fe 02        	slli	t0, t0, 31
80007388: 4d fa        	bnez	a2, 0x8000733a <Y_ref_real+0x1da>
8000738a: 6f fb a5 03  	jal	s6, 0x800663c4 <timer+0x5e484>
8000738e: 04 f9        	sd	s1, 48(a0)
80007390: 57 04 60 04  	<unknown>
80007394: 7a 06        	slli	a2, a2, 30
80007396: 41 09        	addi	s2, s2, 16
80007398: bd fd        	bnez	a1, 0x80007316 <Y_ref_real+0x1b6>
8000739a: 57 ff 9b ff  	vsetivli	t5, 23, 1017
8000739e: 9e ff        	sd	t2, 504(sp)
800073a0: a5 00        	addi	ra, ra, 9
800073a2: 1c ff        	sd	a5, 56(a4)
800073a4: 2d 03        	addi	t1, t1, 11
800073a6: fa fc        	sd	t5, 120(sp)
800073a8: 0a fb        	sd	sp, 432(sp)
800073aa: ec fb        	sd	a1, 240(a5)
800073ac: e6 ff        	sd	s9, 504(sp)
800073ae: 4d fa        	bnez	a2, 0x80007360 <Y_ref_real+0x200>
800073b0: 18 fd        	sd	a4, 56(a0)
800073b2: f4 fe        	sd	a3, 248(a3)
800073b4: 3d fa        	bnez	a2, 0x8000732a <Y_ref_real+0x1ca>
800073b6: 8d 02        	addi	t0, t0, 3
800073b8: e2 fa        	sd	s8, 368(sp)
800073ba: 6a ff        	sd	s10, 440(sp)
800073bc: a1 04        	addi	s1, s1, 8
800073be: a4 ff        	sd	s1, 120(a5)
800073c0: 98 03        	addi	a4, sp, 448
800073c2: 07 f7 e9 f4  	<unknown>
800073c6: 2a 05        	slli	a0, a0, 10
800073c8: cd fb        	bnez	a5, 0x8000737a <Y_ref_real+0x21a>
800073ca: 31 04        	addi	s0, s0, 12
800073cc: da 00        	slli	ra, ra, 22
800073ce: 59 fe        	bnez	a2, 0x8000736c <Y_ref_real+0x20c>
800073d0: ba 05        	slli	a1, a1, 14
800073d2: 14 fd        	sd	a3, 56(a0)
800073d4: 8a 00        	slli	ra, ra, 2
800073d6: bf 02 26 04  	<unknown>
800073da: bf 04 d4 07  	<unknown>
800073de: bc 04        	addi	a5, sp, 584
800073e0: 75 02        	addi	tp, tp, 29
800073e2: 75 ff        	bnez	a4, 0x800073de <Y_ref_real+0x27e>
800073e4: 71 03        	addi	t1, t1, 28
800073e6: eb 03 a6 06  	<unknown>
800073ea: 7c ff        	sd	a5, 248(a4)
800073ec: 87 01 78 ff  	<unknown>
800073f0: 11 fe        	bnez	a2, 0x8000730c <Y_ref_real+0x1ac>
800073f2: 6e ff        	sd	s11, 440(sp)
800073f4: 50 02        	addi	a2, sp, 260
800073f6: c6 fe        	sd	a7, 376(sp)
800073f8: 9a fb        	sd	t1, 496(sp)
800073fa: c6 fd        	sd	a7, 248(sp)
800073fc: da fe        	sd	s6, 376(sp)
800073fe: e0 fc        	sd	s0, 248(s1)
80007400: 49 fd        	bnez	a0, 0x8000739a <Y_ref_real+0x23a>
80007402: f9 fd        	bnez	a1, 0x800073e0 <Y_ref_real+0x280>
80007404: 1e 01        	slli	sp, sp, 7
80007406: 6f 05 02 ff  	jal	a0, 0x7ff27bf6 <v_compute_z_cfxp16.c+0x7ff27bf6>
8000740a: 9a fc        	sd	t1, 120(sp)
8000740c: b3 ff 00 ff  	<unknown>
80007410: 16 fb        	sd	t0, 432(sp)
80007412: 1c 02        	addi	a5, sp, 256
80007414: e9 fe        	bnez	a3, 0x800073ee <Y_ref_real+0x28e>
80007416: d6 ff        	sd	s5, 504(sp)
80007418: 60 fb        	sd	s0, 240(a4)
8000741a: 48 02        	addi	a0, sp, 260
8000741c: e2 f9        	sd	s8, 240(sp)
8000741e: c1 fe        	bnez	a3, 0x800073b6 <Y_ref_real+0x256>
80007420: 1e fe        	sd	t2, 312(sp)
80007422: 81 00        	mv	ra, ra
80007424: 83 fe e7 fe  	<unknown>
80007428: ca 02        	slli	t0, t0, 18
8000742a: b3 03 a3 01  	add	t2, t1, s10
8000742e: e0 02        	addi	s0, sp, 332
80007430: e3 04 73 05  	beq	t1, s7, 0x80007c78 <v_compute_z_cfxp16.c+0x80007c78>
80007434: 45 05        	addi	a0, a0, 17
80007436: c2 fd        	sd	a6, 248(sp)
80007438: ba fe        	sd	a4, 376(sp)
8000743a: d6 fd        	sd	s5, 248(sp)
8000743c: 5f fa ad fa  	<unknown>
80007440: 40 fb        	sd	s0, 176(a4)
80007442: a4 ff        	sd	s1, 120(a5)
80007444: 53 00 4b fd  	<unknown>
80007448: e0 ff        	sd	s0, 248(a5)
8000744a: 2a 00        	c.slli	zero, 10
8000744c: 91 02        	addi	t0, t0, 4
8000744e: 0a 01        	slli	sp, sp, 2
80007450: 49 05        	addi	a0, a0, 18
80007452: 28 02        	addi	a0, sp, 264
80007454: fc 01        	addi	a5, sp, 204
80007456: 7a 04        	slli	s0, s0, 30
80007458: 35 ff        	bnez	a4, 0x800073d4 <Y_ref_real+0x274>
8000745a: d2 fb        	sd	s4, 496(sp)
8000745c: 90 fb        	sd	a2, 48(a5)
8000745e: e9 f9        	bnez	a1, 0x80007430 <Y_ref_real+0x2d0>
80007460: fe 00        	slli	ra, ra, 31
80007462: 41 fa        	bnez	a2, 0x800073f2 <Y_ref_real+0x292>
80007464: 77 01 00 f9  	<unknown>
80007468: 85 fe        	bnez	a3, 0x800073a0 <Y_ref_real+0x240>
8000746a: 23 03 d7 ff  	sb	t4, -26(a4)
8000746e: 9d 02        	addi	t0, t0, 7
80007470: d1 fd        	bnez	a1, 0x8000740c <Y_ref_real+0x2ac>
80007472: 7d 01        	addi	sp, sp, 31
80007474: 75 01        	addi	sp, sp, 29
80007476: 3e ff        	sd	a5, 440(sp)
80007478: 2f 02 1e fd  	<unknown>
8000747c: b5 ff        	bnez	a5, 0x800073f8 <Y_ref_real+0x298>
8000747e: 8a ff        	sd	sp, 504(sp)
80007480: cc fc        	sd	a1, 184(s1)
80007482: 44 f9        	sd	s1, 176(a0)
80007484: c6 f8        	sd	a7, 112(sp)
80007486: 5d ff        	bnez	a4, 0x80007444 <Y_ref_real+0x2e4>
80007488: 5c fb        	sd	a5, 176(a4)
8000748a: 58 f9        	sd	a4, 176(a0)
8000748c: 0e 03        	slli	t1, t1, 3
8000748e: 3c f8        	sd	a5, 112(s0)
80007490: 12 06        	slli	a2, a2, 4
80007492: 72 02        	slli	tp, tp, 28
80007494: 1f 08 25 04  	<unknown>
80007498: 60 fe        	sd	s0, 248(a2)
8000749a: 56 fc        	sd	s5, 56(sp)
8000749c: f9 fe        	bnez	a3, 0x8000747a <Y_ref_real+0x31a>
8000749e: 7b fd ce 02  	<unknown>
800074a2: 1c fc        	sd	a5, 56(s0)
800074a4: a8 05        	addi	a0, sp, 712
800074a6: 0a fb        	sd	sp, 432(sp)
800074a8: f9 ff        	bnez	a5, 0x80007486 <Y_ref_real+0x326>
800074aa: b8 fc        	sd	a4, 120(s1)
800074ac: 05 ff        	bnez	a4, 0x800073e4 <Y_ref_real+0x284>
800074ae: 46 fd        	sd	a7, 184(sp)
800074b0: 23 fe 1b 00  	<unknown>
800074b4: 6f fb b1 03  	jal	s6, 0x80026cee <timer+0x1edae>
800074b8: e3 fb 60 00  	bgeu	ra, t1, 0x80007cce <v_compute_z_cfxp16.c+0x80007cce>
800074bc: 66 0b        	slli	s6, s6, 25
800074be: f3 00 78 07  	<unknown>
800074c2: 33 f7 0a f9  	<unknown>
800074c6: 92 05        	slli	a1, a1, 4
800074c8: ce fb        	sd	s3, 496(sp)
800074ca: c9 02        	addi	t0, t0, 18
800074cc: 08 02        	addi	a0, sp, 256
800074ce: 28 03        	addi	a0, sp, 392
800074d0: d5 05        	addi	a1, a1, 21
800074d2: fc fa        	sd	a5, 240(a3)
800074d4: 96 fb        	sd	t0, 496(sp)
800074d6: b2 03        	slli	t2, t2, 12
800074d8: 70 04        	addi	a2, sp, 524
800074da: 61 02        	addi	tp, tp, 24
800074dc: 25 02        	addi	tp, tp, 9
800074de: 93 01 c8 03  	addi	gp, a6, 60
800074e2: e2 f4        	sd	s8, 104(sp)
800074e4: 67 03 aa 03  	jalr	t1, 58(s4)
800074e8: 8e 06        	slli	a3, a3, 3
800074ea: 09 fe        	bnez	a2, 0x80007404 <Y_ref_real+0x2a4>
800074ec: e8 02        	addi	a0, sp, 332
800074ee: a7 fc e2 fe  	<unknown>
800074f2: a9 ff        	bnez	a5, 0x8000744c <Y_ref_real+0x2ec>
800074f4: 40 05        	addi	s0, sp, 644
800074f6: ef ff 48 fd  	jal	t6, 0x7ff96cca <v_compute_z_cfxp16.c+0x7ff96cca>
800074fa: 7f 03 70 01  	<unknown>
800074fe: b8 fe        	sd	a4, 120(a3)
80007500: 5f fc e7 fe  	<unknown>
80007504: fd fe        	bnez	a3, 0x80007502 <Y_ref_real+0x3a2>
80007506: 02 04        	c.slli64	s0
80007508: a3 fd 2d 02  	<unknown>
8000750c: 2a ff        	sd	a0, 440(sp)
8000750e: 32 fd        	sd	a2, 184(sp)
80007510: b6 fc        	sd	a3, 120(sp)
80007512: 69 fe        	bnez	a2, 0x800074ec <Y_ref_real+0x38c>
80007514: 58 03        	addi	a4, sp, 388
80007516: fb fc c9 fa  	<unknown>
8000751a: 8c fd        	sd	a1, 56(a1)
8000751c: b9 fb        	bnez	a5, 0x80007472 <Y_ref_real+0x312>
8000751e: 4e fe        	sd	s3, 312(sp)
80007520: c6 ff        	sd	a7, 504(sp)
80007522: 8d 04        	addi	s1, s1, 3
80007524: 22 ff        	sd	s0, 440(sp)
80007526: 7d fe        	bnez	a2, 0x80007524 <Y_ref_real+0x3c4>
80007528: d7 01 33 02  	vadd.vv	v3, v3, v6
8000752c: f4 02        	addi	a3, sp, 332
8000752e: 4c 00        	addi	a1, sp, 4
80007530: df 06 0d 03  	<unknown>
80007534: 12 02        	slli	tp, tp, 4
80007536: 41 fe        	bnez	a2, 0x800074ce <Y_ref_real+0x36e>
80007538: 42 fe        	sd	a6, 312(sp)
8000753a: 05 fc        	bnez	s0, 0x80007472 <Y_ref_real+0x312>
8000753c: b9 fb        	bnez	a5, 0x80007492 <Y_ref_real+0x332>
8000753e: f9 fb        	bnez	a5, 0x80007514 <Y_ref_real+0x3b4>
80007540: 02 fc        	sd	zero, 56(sp)
80007542: f1 01        	addi	gp, gp, 28
80007544: 43 00 5f fc  	<unknown>
80007548: d8 00        	addi	a4, sp, 68
8000754a: c5 ff        	bnez	a5, 0x80007502 <Y_ref_real+0x3a2>
8000754c: 29 03        	addi	t1, t1, 10
8000754e: fc 04        	addi	a5, sp, 588
80007550: 69 08        	addi	a6, a6, 26
80007552: 68 03        	addi	a0, sp, 396
80007554: 93 04 8a 07  	addi	s1, s4, 120
80007558: 9a 04        	slli	s1, s1, 6
8000755a: d3 f9 8a fb  	<unknown>
8000755e: 86 f8        	sd	ra, 112(sp)

0000000080007560 <Y_ref_imag>:
80007560: 67 02 e3 01  	jalr	tp, 30(t1)
80007564: a5 fa        	bnez	a3, 0x800074d4 <Y_ref_real+0x374>
80007566: 80 05        	addi	s0, sp, 704
80007568: 17 fb e9 ff  	auipc	s6, 1048223
8000756c: b9 fc        	bnez	s1, 0x800074ca <Y_ref_real+0x36a>
8000756e: d6 ff        	sd	s5, 504(sp)
80007570: 64 fd        	sd	s1, 248(a0)
80007572: e1 fa        	bnez	a3, 0x80007542 <Y_ref_real+0x3e2>
80007574: 14 ff        	sd	a3, 56(a4)
80007576: e1 07        	addi	a5, a5, 24
80007578: 48 f8        	sd	a0, 176(s0)
8000757a: 22 fe        	sd	s0, 312(sp)
8000757c: 37 fa e9 f9  	lui	s4, 1023647
80007580: b0 00        	addi	a2, sp, 72
80007582: 30 05        	addi	a2, sp, 648
80007584: 81 fe        	bnez	a3, 0x8000749c <Y_ref_real+0x33c>
80007586: 51 fe        	bnez	a2, 0x80007522 <Y_ref_real+0x3c2>
80007588: af 00 7b fc  	<unknown>
8000758c: 85 fe        	bnez	a3, 0x800074c4 <Y_ref_real+0x364>
8000758e: a7 01 0b fd  	<unknown>
80007592: dd 01        	addi	gp, gp, 23
80007594: 93 fd fd fc  	andi	s11, s11, -49
80007598: 1f 03 34 fa  	<unknown>
8000759c: b8 01        	addi	a4, sp, 200
8000759e: 36 05        	slli	a0, a0, 13
800075a0: 81 01        	mv	gp, gp
800075a2: 69 02        	addi	tp, tp, 26
800075a4: 5e ff        	sd	s7, 440(sp)
800075a6: 1a 02        	slli	tp, tp, 6
800075a8: 92 01        	slli	gp, gp, 4
800075aa: 0c 02        	addi	a1, sp, 256
800075ac: d6 fb        	sd	s5, 496(sp)
800075ae: 21 fe        	bnez	a2, 0x80007506 <Y_ref_real+0x3a6>
800075b0: 48 fc        	sd	a0, 184(s0)
800075b2: 72 03        	slli	t1, t1, 28
800075b4: d1 00        	addi	ra, ra, 20
800075b6: 6c 00        	addi	a1, sp, 12
800075b8: 36 fb        	sd	a3, 432(sp)
800075ba: e1 02        	addi	t0, t0, 24
800075bc: 7f ff 3a 04  	<unknown>
800075c0: 0c 04        	addi	a1, sp, 512
800075c2: 9b 04 df 04  	addiw	s1, t5, 77
800075c6: dd 06        	addi	a3, a3, 23
800075c8: ed 04        	addi	s1, s1, 27
800075ca: 68 01        	addi	a0, sp, 140
800075cc: b4 fc        	sd	a3, 120(s1)
800075ce: 18 00        	<unknown>
800075d0: ad fd        	bnez	a1, 0x8000754a <Y_ref_real+0x3ea>
800075d2: 5f ff 81 fb  	<unknown>
800075d6: 96 00        	slli	ra, ra, 5
800075d8: 55 03        	addi	t1, t1, 21
800075da: 82 05        	c.slli64	a1
800075dc: eb fd 6e fb  	<unknown>
800075e0: 0d fb        	bnez	a4, 0x80007512 <Y_ref_real+0x3b2>
800075e2: f2 f7        	sd	t3, 488(sp)
800075e4: 14 fd        	sd	a3, 56(a0)
800075e6: 45 fd        	bnez	a0, 0x8000759e <Y_ref_imag+0x3e>
800075e8: 0e 03        	slli	t1, t1, 3
800075ea: e8 f9        	sd	a0, 240(a1)
800075ec: a5 fc        	bnez	s1, 0x80007564 <Y_ref_imag+0x4>
800075ee: 8d 00        	addi	ra, ra, 3
800075f0: e6 01        	slli	gp, gp, 25
800075f2: f8 00        	addi	a4, sp, 76
800075f4: ed 01        	addi	gp, gp, 27
800075f6: 1c fa        	sd	a5, 48(a2)
800075f8: 49 fd        	bnez	a0, 0x80007592 <Y_ref_imag+0x32>
800075fa: 88 f9        	sd	a0, 48(a1)
800075fc: 92 ff        	sd	tp, 504(sp)
800075fe: 5d 00        	c.nop	23
80007600: fe f9        	sd	t6, 240(sp)
80007602: 48 03        	addi	a0, sp, 388
80007604: 02 02        	c.slli64	tp
80007606: 82 05        	c.slli64	a1
80007608: 6d fb        	bnez	a4, 0x800075fa <Y_ref_imag+0x9a>
8000760a: 09 07        	addi	a4, a4, 2
8000760c: d3 fb 75 fe  	<unknown>
80007610: 21 01        	addi	sp, sp, 8
80007612: f8 fa        	sd	a4, 240(a3)
80007614: 64 03        	addi	s1, sp, 396
80007616: a0 02        	addi	s0, sp, 328
80007618: ee 04        	slli	s1, s1, 27
8000761a: a8 00        	addi	a0, sp, 72
8000761c: 1b fe b8 fa  	<unknown>
80007620: 55 02        	addi	tp, tp, 21
80007622: 64 02        	addi	s1, sp, 268
80007624: 15 ff        	bnez	a4, 0x80007560 <Y_ref_imag>
80007626: c8 ff        	sd	a0, 184(a5)
80007628: 9d fa        	bnez	a3, 0x8000755e <Y_ref_real+0x3fe>
8000762a: af 01 ec f8  	<unknown>
8000762e: ef fe e7 ff  	jal	t4, 0x7ff86e2c <v_compute_z_cfxp16.c+0x7ff86e2c>
80007632: 8a 00        	slli	ra, ra, 2
80007634: 2e 02        	slli	tp, tp, 11
80007636: a4 07        	addi	s1, sp, 968
80007638: 5a 00        	c.slli	zero, 22
8000763a: ba 00        	slli	ra, ra, 14
8000763c: f8 fc        	sd	a4, 248(s1)
8000763e: 2f 00 7f 01  	<unknown>
80007642: 3b 01 f9 ff  	<unknown>
80007646: b4 fb        	sd	a3, 112(a5)
80007648: 00 02        	addi	s0, sp, 256
8000764a: 68 00        	addi	a0, sp, 12
8000764c: bf 02 c0 fb  	<unknown>
80007650: b7 05 34 fb  	lui	a1, 1028928
80007654: 0b fe cc fc  	<unknown>
80007658: a8 f6        	sd	a0, 104(a3)
8000765a: d7 01 3d ff  	<unknown>
8000765e: 96 f9        	sd	t0, 240(sp)
80007660: e9 fd        	bnez	a1, 0x8000763a <Y_ref_imag+0xda>
80007662: 6b fd e0 fe  	<unknown>
80007666: 6e 03        	slli	t1, t1, 27
80007668: f2 fa        	sd	t3, 368(sp)
8000766a: ad fe        	bnez	a3, 0x800075e4 <Y_ref_imag+0x84>
8000766c: 8d ff        	bnez	a5, 0x800075a6 <Y_ref_imag+0x46>
8000766e: ab fd f8 fb  	<unknown>
80007672: 22 fe        	sd	s0, 312(sp)
80007674: 8c fb        	sd	a1, 48(a5)
80007676: 1e 05        	slli	a0, a0, 7
80007678: 92 f4        	sd	tp, 104(sp)
8000767a: 13 fc 61 fc  	andi	s8, gp, -58
8000767e: 89 fa        	bnez	a3, 0x80007590 <Y_ref_imag+0x30>
80007680: 68 fe        	sd	a0, 248(a2)
80007682: c9 03        	addi	t2, t2, 18
80007684: 2f fe 54 02  	<unknown>
80007688: ab 01 43 f9  	<unknown>
8000768c: c0 fc        	sd	s0, 184(s1)
8000768e: a1 ff        	bnez	a5, 0x800075e6 <Y_ref_imag+0x86>
80007690: 04 fd        	sd	s1, 56(a0)
80007692: 92 ff        	sd	tp, 504(sp)
80007694: a3 fd 1e fe  	<unknown>
80007698: 6e 03        	slli	t1, t1, 27
8000769a: 1f f8 1c fc  	<unknown>
8000769e: 34 02        	addi	a3, sp, 264
800076a0: 39 f5        	bnez	a0, 0x800075ee <Y_ref_imag+0x8e>
800076a2: d9 fe        	bnez	a3, 0x80007640 <Y_ref_imag+0xe0>
800076a4: b2 00        	slli	ra, ra, 12
800076a6: e3 03 ac fe  	beq	s8, a0, 0x8000768c <Y_ref_imag+0x12c>
800076aa: b5 fe        	bnez	a3, 0x80007626 <Y_ref_imag+0xc6>
800076ac: 5a 00        	c.slli	zero, 22
800076ae: e5 fd        	bnez	a1, 0x800076a6 <Y_ref_imag+0x146>
800076b0: 48 fc        	sd	a0, 184(s0)
800076b2: 92 02        	slli	t0, t0, 4
800076b4: 1a 04        	slli	s0, s0, 6
800076b6: c3 ff 53 fb  	fmadd.d	ft11, ft7, fs5, ft11
800076ba: be 02        	slli	t0, t0, 15
800076bc: 84 fe        	sd	s1, 56(a3)
800076be: 4b 07 32 06  	<unknown>
800076c2: 13 07 13 02  	addi	a4, t1, 33
800076c6: ed 02        	addi	t0, t0, 27
800076c8: 4c 00        	addi	a1, sp, 4
800076ca: 9e fe        	sd	t2, 376(sp)
800076cc: e2 fc        	sd	s8, 120(sp)
800076ce: 85 fd        	bnez	a1, 0x80007606 <Y_ref_imag+0xa6>
800076d0: 25 fd        	bnez	a0, 0x80007648 <Y_ref_imag+0xe8>
800076d2: 87 03 98 fe  	<unknown>
800076d6: 5f fd e2 02  	<unknown>
800076da: 06 02        	slli	tp, tp, 1
800076dc: 61 04        	addi	s0, s0, 24
800076de: 83 fe 41 fc  	<unknown>
800076e2: 08 fb        	sd	a0, 48(a4)
800076e4: 57 ff 63 fb  	vsetivli	t5, 7, 950
800076e8: 4c 04        	addi	a1, sp, 516
800076ea: 36 fb        	sd	a3, 432(sp)
800076ec: a6 fa        	sd	s1, 368(sp)
800076ee: ce fe        	sd	s3, 376(sp)
800076f0: a9 00        	addi	ra, ra, 10
800076f2: b1 02        	addi	t0, t0, 12
800076f4: 86 03        	slli	t2, t2, 1
800076f6: 63 fb d4 fb  	bgeu	s1, t4, 0x80006eac <Z_ref_imag+0x14c>
800076fa: a2 fb        	sd	s0, 496(sp)
800076fc: 42 00        	c.slli	zero, 16
800076fe: 9d ff        	bnez	a5, 0x8000763c <Y_ref_imag+0xdc>
80007700: 67 fd 90 01  	<unknown>
80007704: 33 02 23 04  	<unknown>
80007708: 21 ff        	bnez	a4, 0x80007660 <Y_ref_imag+0x100>
8000770a: 1a 07        	slli	a4, a4, 6
8000770c: 37 fe ee ff  	lui	t3, 1048303
80007710: 00 01        	addi	s0, sp, 128
80007712: 5b fa ce 03  	<unknown>
80007716: 97 00 d4 01  	auipc	ra, 7488
8000771a: db 01 a6 fd  	<unknown>
8000771e: 01 fc        	bnez	s0, 0x80007636 <Y_ref_imag+0xd6>
80007720: 06 ff        	sd	ra, 440(sp)
80007722: 25 02        	addi	tp, tp, 9
80007724: 1a fc        	sd	t1, 56(sp)
80007726: a4 fd        	sd	s1, 120(a1)
80007728: 1d fb        	bnez	a4, 0x8000765e <Y_ref_imag+0xfe>
8000772a: e1 00        	addi	ra, ra, 24
8000772c: 7c f8        	sd	a5, 240(s0)
8000772e: 69 fd        	bnez	a0, 0x80007708 <Y_ref_imag+0x1a8>
80007730: 54 ff        	sd	a3, 184(a4)
80007732: bf ff 8f ff  	<unknown>
80007736: c5 07        	addi	a5, a5, 17
80007738: ca fd        	sd	s2, 248(sp)
8000773a: a1 01        	addi	gp, gp, 8
8000773c: 71 fd        	bnez	a0, 0x80007718 <Y_ref_imag+0x1b8>
8000773e: 9a fc        	sd	t1, 120(sp)
80007740: 3d 02        	addi	tp, tp, 15
80007742: 03 fe a2 fc  	<unknown>
80007746: 30 fe        	sd	a2, 120(a2)
80007748: 25 03        	addi	t1, t1, 9
8000774a: 94 fe        	sd	a3, 56(a3)
8000774c: fd 00        	addi	ra, ra, 31
8000774e: 57 fd 9c fe  	vsetivli	s10, 25, 1001
80007752: 22 fe        	sd	s0, 312(sp)
80007754: a1 00        	addi	ra, ra, 8
80007756: 6f 02 bb f6  	jal	tp, 0x7ffb86c0 <v_compute_z_cfxp16.c+0x7ffb86c0>
8000775a: c8 00        	addi	a0, sp, 68
8000775c: 96 fc        	sd	t0, 120(sp)
8000775e: 65 fb        	bnez	a4, 0x8000774e <Y_ref_imag+0x1ee>
80007760: 30 00        	addi	a2, sp, 8
80007762: 0a 01        	slli	sp, sp, 2
80007764: 3c fc        	sd	a5, 120(s0)
80007766: dd 03        	addi	t2, t2, 23
80007768: 14 ff        	sd	a3, 56(a4)
8000776a: df ff 08 00  	<unknown>
8000776e: db fc fd ff  	<unknown>
80007772: a0 fc        	sd	s0, 120(s1)
80007774: 4d ff        	bnez	a4, 0x8000772e <Y_ref_imag+0x1ce>
80007776: a5 04        	addi	s1, s1, 9
80007778: eb f8 e8 fd  	<unknown>
8000777c: 30 fb        	sd	a2, 112(a4)
8000777e: 60 f5        	sd	s0, 232(a0)
80007780: 72 fe        	sd	t3, 312(sp)
80007782: fe 02        	slli	t0, t0, 31
80007784: 2a fb        	sd	a0, 432(sp)
80007786: 09 00        	c.nop	2
80007788: a6 00        	slli	ra, ra, 9
8000778a: 96 f9        	sd	t0, 240(sp)
8000778c: ab fd 60 02  	<unknown>
80007790: c0 fc        	sd	s0, 184(s1)
80007792: 1c 01        	addi	a5, sp, 128
80007794: a5 fe        	bnez	a3, 0x8000770c <Y_ref_imag+0x1ac>
80007796: 55 00        	c.nop	21
80007798: 40 02        	addi	s0, sp, 260
8000779a: 14 fa        	sd	a3, 48(a2)
8000779c: fd fe        	bnez	a3, 0x8000779a <Y_ref_imag+0x23a>
8000779e: c2 01        	slli	gp, gp, 16
800077a0: d1 fd        	bnez	a1, 0x8000773c <Y_ref_imag+0x1dc>
800077a2: aa 00        	slli	ra, ra, 10
800077a4: bd fe        	bnez	a3, 0x80007722 <Y_ref_imag+0x1c2>
800077a6: 6f 00 b9 01  	j	0x80097fc0 <timer+0x90080>
800077aa: e8 ff        	sd	a0, 248(a5)
800077ac: c9 01        	addi	gp, gp, 18
800077ae: 47 ff 29 fe  	<unknown>
800077b2: a0 05        	addi	s0, sp, 712
800077b4: 3a 00        	c.slli	zero, 14
800077b6: 49 00        	c.nop	18
800077b8: 8f fa d9 fe  	<unknown>
800077bc: cc fa        	sd	a1, 176(a3)
800077be: 55 09        	addi	s2, s2, 21
800077c0: 03 fe 41 07  	<unknown>
800077c4: af ff 09 06  	<unknown>
800077c8: 3a 01        	slli	sp, sp, 14
800077ca: b6 03        	slli	t2, t2, 13
800077cc: 20 fd        	sd	s0, 120(a0)
800077ce: c8 02        	addi	a0, sp, 324
800077d0: 79 f9        	bnez	a0, 0x800077a6 <Y_ref_imag+0x246>
800077d2: 06 02        	slli	tp, tp, 1
800077d4: 04 ff        	sd	s1, 56(a4)
800077d6: fa fd        	sd	t5, 248(sp)
800077d8: 3a 03        	slli	t1, t1, 14
800077da: 70 02        	addi	a2, sp, 268
800077dc: 04 02        	addi	s1, sp, 256
800077de: 6a 00        	c.slli	zero, 26
800077e0: 71 fc        	bnez	s0, 0x800077bc <Y_ref_imag+0x25c>
800077e2: 3f f9 7b fe  	<unknown>
800077e6: f6 fc        	sd	t4, 120(sp)
800077e8: cc 03        	addi	a1, sp, 452
800077ea: 41 fc        	bnez	s0, 0x80007782 <Y_ref_imag+0x222>
800077ec: e4 fb        	sd	s1, 240(a5)
800077ee: 1b 01 7f 02  	addiw	sp, t5, 39
800077f2: 6a 05        	slli	a0, a0, 26
800077f4: cb 01 5f fc  	<unknown>
800077f8: 87 fb 24 f9  	<unknown>
800077fc: 19 ff        	bnez	a4, 0x8000771a <Y_ref_imag+0x1ba>
800077fe: 3b fa 89 fa  	<unknown>
80007802: 38 01        	addi	a4, sp, 136
80007804: 86 00        	slli	ra, ra, 1
80007806: 16 06        	slli	a2, a2, 5
80007808: 09 ff        	bnez	a4, 0x80007722 <Y_ref_imag+0x1c2>
8000780a: af 08 c9 fa  	<unknown>
8000780e: 25 fe        	bnez	a2, 0x80007786 <Y_ref_imag+0x226>
80007810: 4a 00        	c.slli	zero, 18
80007812: a2 fc        	sd	s0, 120(sp)
80007814: 0b 01 29 02  	<unknown>
80007818: 8a 02        	slli	t0, t0, 2
8000781a: 0c 02        	addi	a1, sp, 256
8000781c: d3 ff 0d ff  	<unknown>
80007820: 6d 00        	c.nop	27
80007822: ca 03        	slli	t2, t2, 18
80007824: 22 fe        	sd	s0, 312(sp)
80007826: 0b ff 2e fd  	<unknown>
8000782a: e5 03        	addi	t2, t2, 25
8000782c: e1 f9        	bnez	a1, 0x800077fc <Y_ref_imag+0x29c>
8000782e: d0 fb        	sd	a2, 176(a5)
80007830: aa fb        	sd	a0, 496(sp)
80007832: 47 02 71 fd  	<unknown>
80007836: 9f 06 45 fe  	<unknown>
8000783a: 34 00        	addi	a3, sp, 8
8000783c: 8b 00 75 fe  	<unknown>
80007840: 9e 02        	slli	t0, t0, 7
80007842: a8 fc        	sd	a0, 120(s1)
80007844: a3 ff 92 f9  	<unknown>
80007848: bb 04 0b fd  	<unknown>
8000784c: 7b 01 d7 fb  	<unknown>
80007850: ad 01        	addi	gp, gp, 11
80007852: a5 fb        	bnez	a5, 0x800077c2 <Y_ref_imag+0x262>
80007854: d0 fe        	sd	a2, 184(a3)
80007856: 56 ff        	sd	s5, 440(sp)
80007858: 60 f9        	sd	s0, 240(a0)
8000785a: 52 01        	slli	sp, sp, 20
8000785c: 73 fe 47 fc  	csrrci	t3, 4036, 15
80007860: b7 fd 54 ff  	lui	s11, 1045839
80007864: 93 fb 47 03  	andi	s7, a5, 52
80007868: ee fc        	sd	s11, 120(sp)
8000786a: cd ff        	bnez	a5, 0x80007824 <Y_ref_imag+0x2c4>
8000786c: 3a 02        	slli	tp, tp, 14
8000786e: 83 fe f6 fd  	<unknown>
80007872: 91 fe        	bnez	a3, 0x8000778e <Y_ref_imag+0x22e>
80007874: ad fe        	bnez	a3, 0x800077ee <Y_ref_imag+0x28e>
80007876: 9d 02        	addi	t0, t0, 7
80007878: ae fa        	sd	a1, 368(sp)
8000787a: bf fe a7 f9  	<unknown>
8000787e: 53 fb d1 00  	fadd.s	fs6, ft3, fa3
80007882: b9 fe        	bnez	a3, 0x800077e0 <Y_ref_imag+0x280>
80007884: 3c fd        	sd	a5, 120(a0)
80007886: c0 00        	addi	s0, sp, 68
80007888: e4 04        	addi	s1, sp, 588
8000788a: dd fc        	bnez	s1, 0x80007848 <Y_ref_imag+0x2e8>
8000788c: f1 fb        	bnez	a5, 0x80007860 <Y_ref_imag+0x300>
8000788e: 98 01        	addi	a4, sp, 192
80007890: 75 fd        	bnez	a0, 0x8000788c <Y_ref_imag+0x32c>
80007892: 73 ff 50 00  	csrrci	t5, utvec, 1
80007896: 6e fb        	sd	s11, 432(sp)
80007898: 65 ff        	bnez	a4, 0x80007890 <Y_ref_imag+0x330>
8000789a: 3f f9 61 fe  	<unknown>
8000789e: 48 04        	addi	a0, sp, 516
800078a0: be 00        	slli	ra, ra, 15
800078a2: 6b fe 76 03  	<unknown>
800078a6: 03 02 5a 05  	lb	tp, 85(s4)
800078aa: 58 02        	addi	a4, sp, 260
800078ac: 25 00        	c.nop	9
800078ae: df fb 19 fb  	<unknown>
800078b2: 62 02        	slli	tp, tp, 24
800078b4: 3e ff        	sd	a5, 440(sp)
800078b6: e7 02 e7 fe  	jalr	t0, -18(a4)
800078ba: 75 fd        	bnez	a0, 0x800078b6 <Y_ref_imag+0x356>
800078bc: 1e fc        	sd	t2, 56(sp)
800078be: 2f 07 65 01  	<unknown>
800078c2: 0a 05        	slli	a0, a0, 2
800078c4: cf fe 50 03  	fnmadd.d	ft9, ft1, fs5, ft0
800078c8: 2b 02 95 02  	<unknown>
800078cc: 51 00        	c.nop	20
800078ce: 84 fd        	sd	s1, 56(a1)
800078d0: 20 f9        	sd	s0, 112(a0)
800078d2: 87 02 53 fd  	<unknown>
800078d6: 24 fd        	sd	s1, 120(a0)
800078d8: a6 00        	slli	ra, ra, 9
800078da: 6e 00        	c.slli	zero, 27
800078dc: 04 04        	addi	s1, sp, 512
800078de: a9 fe        	bnez	a3, 0x80007838 <Y_ref_imag+0x2d8>
800078e0: 15 fd        	bnez	a0, 0x8000781c <Y_ref_imag+0x2bc>
800078e2: 83 f7 64 fe  	<unknown>
800078e6: 7a fd        	sd	t5, 184(sp)
800078e8: d6 06        	slli	a3, a3, 21
800078ea: e1 fd        	bnez	a1, 0x800078c2 <Y_ref_imag+0x362>
800078ec: 66 fa        	sd	s9, 304(sp)
800078ee: 52 00        	c.slli	zero, 20
800078f0: c3 00 28 04  	<unknown>
800078f4: a2 ff        	sd	s0, 504(sp)
800078f6: 9b fb ed fb  	<unknown>
800078fa: 49 fc        	bnez	s0, 0x80007894 <Y_ref_imag+0x334>
800078fc: 97 fe d2 fb  	auipc	t4, 1031471
80007900: 77 fe 0a 06  	<unknown>
80007904: e0 02        	addi	s0, sp, 332
80007906: 2f 07 c1 fd  	<unknown>
8000790a: e6 06        	slli	a3, a3, 25
8000790c: e5 fc        	bnez	s1, 0x80007904 <Y_ref_imag+0x3a4>
8000790e: ba 00        	slli	ra, ra, 14
80007910: 55 ff        	bnez	a4, 0x800078cc <Y_ref_imag+0x36c>
80007912: 33 fb 8d 02  	remu	s6, s11, s0
80007916: 93 04 06 05  	addi	s1, a2, 80
8000791a: 7d 02        	addi	tp, tp, 31
8000791c: d5 f9        	bnez	a1, 0x800078d0 <Y_ref_imag+0x370>
8000791e: cb ff 13 01  	fnmsub.s	ft11, ft7, fa7, ft0
80007922: e9 03        	addi	t2, t2, 26
80007924: 81 01        	mv	gp, gp
80007926: de fe        	sd	s7, 376(sp)
80007928: a7 fc 32 02  	<unknown>
8000792c: 4a f7        	sd	s2, 424(sp)
8000792e: 4a fd        	sd	s2, 184(sp)
80007930: ed fd        	bnez	a1, 0x8000792a <Y_ref_imag+0x3ca>
80007932: 5d 02        	addi	tp, tp, 23
80007934: 92 00        	slli	ra, ra, 4
80007936: f5 06        	addi	a3, a3, 29
80007938: ff fe 49 01  	<unknown>
8000793c: 6b 01 31 01  	<unknown>
80007940: 84 01        	addi	s1, sp, 192
80007942: 05 fd        	bnez	a0, 0x8000787a <Y_ref_imag+0x31a>
80007944: d1 fd        	bnez	a1, 0x800078e0 <Y_ref_imag+0x380>
80007946: d4 fd        	sd	a3, 184(a1)
80007948: 21 06        	addi	a2, a2, 8
8000794a: f8 fe        	sd	a4, 248(a3)
8000794c: 9e 01        	slli	gp, gp, 7
8000794e: c2 f9        	sd	a6, 240(sp)
80007950: 01 fe        	bnez	a2, 0x80007868 <Y_ref_imag+0x308>
80007952: c0 fa        	sd	s0, 176(a3)
80007954: 72 fe        	sd	t3, 312(sp)
80007956: 88 fc        	sd	a0, 56(s1)
80007958: 37 fb 32 01  	lui	s6, 4911
8000795c: db fd 39 fa  	<unknown>

Disassembly of section .rodata:

0000000080007960 <.rodata>:
80007960: 47 72 61 6d  	<unknown>
80007964: 5f 72 65 66  	<unknown>
80007968: 5f 69 6d 61  	<unknown>
8000796c: 67 0a 00 7a  	jalr	s4, 1952(zero)
80007970: 5f 72 65 61  	<unknown>
80007974: 6c 0a        	addi	a1, sp, 284
80007976: 00 3d        	fld	fs0, 56(a0)
80007978: 3d 3d        	addiw	s10, s10, -17
8000797a: 3d 3d        	addiw	s10, s10, -17
8000797c: 3d 3d        	addiw	s10, s10, -17
8000797e: 3d 3d        	addiw	s10, s10, -17
80007980: 3d 3d        	addiw	s10, s10, -17
80007982: 3d 3d        	addiw	s10, s10, -17
80007984: 3d 3d        	addiw	s10, s10, -17
80007986: 3d 3d        	addiw	s10, s10, -17
80007988: 3d 3d        	addiw	s10, s10, -17
8000798a: 44 45        	lw	s1, 12(a0)
8000798c: 42 55        	lw	a0, 48(sp)
8000798e: 47 3a 76 5f  	<unknown>
80007992: 4c 4c        	lw	a1, 28(s0)
80007994: 5f 64 65 63  	<unknown>
80007998: 6f 6d 70 28  	jal	s10, 0x8000e41e <timer+0x64de>
8000799c: 29 3d        	addiw	s10, s10, -22
8000799e: 3d 3d        	addiw	s10, s10, -17
800079a0: 3d 3d        	addiw	s10, s10, -17
800079a2: 3d 3d        	addiw	s10, s10, -17
800079a4: 3d 3d        	addiw	s10, s10, -17
800079a6: 3d 3d        	addiw	s10, s10, -17
800079a8: 3d 3d        	addiw	s10, s10, -17
800079aa: 3d 3d        	addiw	s10, s10, -17
800079ac: 3d 3d        	addiw	s10, s10, -17
800079ae: 3d 3d        	addiw	s10, s10, -17
800079b0: 3d 3d        	addiw	s10, s10, -17
800079b2: 0a 00        	c.slli	zero, 2
800079b4: 20 20        	fld	fs0, 64(s0)
800079b6: 25 64        	lui	s0, 9
800079b8: 20 20        	fld	fs0, 64(s0)
800079ba: 20 20        	fld	fs0, 64(s0)
800079bc: 00 7a        	ld	s0, 48(a2)
800079be: 5f 72 65 66  	<unknown>
800079c2: 5f 69 6d 61  	<unknown>
800079c6: 67 0a 00 47  	jalr	s4, 1136(zero)
800079ca: 72 61        	ld	sp, 280(sp)
800079cc: 6d 5f        	li	t5, -5
800079ce: 69 6d        	lui	s10, 26
800079d0: 61 67        	lui	a4, 24
800079d2: 0a 00        	c.slli	zero, 2
800079d4: 7a 5f        	lw	t5, 188(sp)
800079d6: 69 6d        	lui	s10, 26
800079d8: 61 67        	lui	a4, 24
800079da: 0a 00        	c.slli	zero, 2
800079dc: 3d 3d        	addiw	s10, s10, -17
800079de: 3d 3d        	addiw	s10, s10, -17
800079e0: 3d 3d        	addiw	s10, s10, -17
800079e2: 3d 3d        	addiw	s10, s10, -17
800079e4: 3d 3d        	addiw	s10, s10, -17
800079e6: 3d 3d        	addiw	s10, s10, -17
800079e8: 3d 3d        	addiw	s10, s10, -17
800079ea: 3d 3d        	addiw	s10, s10, -17
800079ec: 3d 3d        	addiw	s10, s10, -17
800079ee: 3d 44        	li	s0, 15
800079f0: 45 42        	li	tp, 17
800079f2: 55 47        	li	a4, 21
800079f4: 3a 76        	ld	a2, 424(sp)
800079f6: 5f 63 6f 6d  	<unknown>
800079fa: 70 75        	ld	a2, 232(a0)
800079fc: 74 65        	ld	a3, 200(a0)
800079fe: 5f 67 72 61  	<unknown>
80007a02: 6d 28        	addiw	a6, a6, 27
80007a04: 29 3d        	addiw	s10, s10, -22
80007a06: 3d 3d        	addiw	s10, s10, -17
80007a08: 3d 3d        	addiw	s10, s10, -17
80007a0a: 3d 3d        	addiw	s10, s10, -17
80007a0c: 3d 3d        	addiw	s10, s10, -17
80007a0e: 3d 3d        	addiw	s10, s10, -17
80007a10: 3d 3d        	addiw	s10, s10, -17
80007a12: 3d 3d        	addiw	s10, s10, -17
80007a14: 3d 3d        	addiw	s10, s10, -17
80007a16: 3d 3d        	addiw	s10, s10, -17
80007a18: 3d 3d        	addiw	s10, s10, -17
80007a1a: 0a 00        	c.slli	zero, 2
80007a1c: 47 72 61 6d  	<unknown>
80007a20: 5f 72 65 61  	<unknown>
80007a24: 6c 0a        	addi	a1, sp, 284
80007a26: 00 54        	lw	s0, 40(s0)
80007a28: 68 65        	ld	a0, 200(a0)
80007a2a: 20 70        	ld	s0, 96(s0)
80007a2c: 65 72        	lui	tp, 1048569
80007a2e: 66 6f        	ld	t5, 88(sp)
80007a30: 72 6d        	ld	s10, 280(sp)
80007a32: 61 6e        	lui	t3, 24
80007a34: 63 65 20 69  	bltu	zero, s2, 0x800080be <timer+0x17e>
80007a38: 73 20 25 66  	csrs	1634, a0
80007a3c: 20 46        	lw	s0, 72(a2)
80007a3e: 4c 4f        	lw	a1, 28(a4)
80007a40: 50 2f        	fld	fa2, 152(a4)
80007a42: 63 79 63 6c  	bgeu	t1, t1, 0x80008114 <timer+0x1d4>
80007a46: 65 20        	<unknown>
80007a48: 28 25        	fld	fa0, 72(a0)
80007a4a: 66 25        	fld	fa0, 88(sp)
80007a4c: 25 20        	<unknown>
80007a4e: 75 74        	lui	s0, 1048573
80007a50: 69 6c        	lui	s8, 26
80007a52: 69 7a        	lui	s4, 1048570
80007a54: 61 74        	lui	s0, 1048568
80007a56: 69 6f        	lui	t5, 26
80007a58: 6e 29        	fld	fs2, 216(sp)
80007a5a: 2e 0a        	slli	s4, s4, 11
80007a5c: 00 54        	lw	s0, 40(s0)
80007a5e: 68 65        	ld	a0, 200(a0)
80007a60: 20 65        	ld	s0, 72(a0)
80007a62: 78 65        	ld	a4, 200(a0)
80007a64: 63 75 74 69  	bgeu	s0, s7, 0x800080ee <timer+0x1ae>
80007a68: 6f 6e 20 6f  	jal	t3, 0x8000e15a <timer+0x621a>
80007a6c: 66 20        	fld	ft0, 88(sp)
80007a6e: 67 72 61 6d  	<unknown>
80007a72: 20 6d        	ld	s0, 88(a0)
80007a74: 61 74        	lui	s0, 1048568
80007a76: 72 69        	ld	s2, 280(sp)
80007a78: 78 20        	fld	fa4, 192(s0)
80007a7a: 63 6f 6d 70  	bltu	s10, t1, 0x80008198 <timer+0x258>
80007a7e: 75 74        	lui	s0, 1048573
80007a80: 61 74        	lui	s0, 1048568
80007a82: 69 6f        	lui	t5, 26
80007a84: 6e 20        	fld	ft0, 216(sp)
80007a86: 74 6f        	ld	a3, 216(a4)
80007a88: 6f 6b 20 25  	jal	s6, 0x8000dcda <timer+0x5d9a>
80007a8c: 64 20        	fld	fs1, 192(s0)
80007a8e: 63 79 63 6c  	bgeu	t1, t1, 0x80008160 <timer+0x220>
80007a92: 65 73        	lui	t1, 1048569
80007a94: 2e 0a        	slli	s4, s4, 11
80007a96: 00 0a        	addi	s0, sp, 272
80007a98: 00 47        	lw	s0, 8(a4)
80007a9a: 72 61        	ld	sp, 280(sp)
80007a9c: 6d 5f        	li	t5, -5
80007a9e: 72 65        	ld	a0, 280(sp)
80007aa0: 66 5f        	lw	t5, 120(sp)
80007aa2: 72 65        	ld	a0, 280(sp)
80007aa4: 61 6c        	lui	s8, 24
80007aa6: 0a 00        	c.slli	zero, 2
80007aa8: 3d 3d        	addiw	s10, s10, -17
80007aaa: 3d 3d        	addiw	s10, s10, -17
80007aac: 3d 3d        	addiw	s10, s10, -17
80007aae: 3d 3d        	addiw	s10, s10, -17
80007ab0: 3d 3d        	addiw	s10, s10, -17
80007ab2: 3d 3d        	addiw	s10, s10, -17
80007ab4: 3d 3d        	addiw	s10, s10, -17
80007ab6: 3d 3d        	addiw	s10, s10, -17
80007ab8: 3d 3d        	addiw	s10, s10, -17
80007aba: 3d 44        	li	s0, 15
80007abc: 45 42        	li	tp, 17
80007abe: 55 47        	li	a4, 21
80007ac0: 3a 76        	ld	a2, 424(sp)
80007ac2: 5f 63 6f 6d  	<unknown>
80007ac6: 70 75        	ld	a2, 232(a0)
80007ac8: 74 65        	ld	a3, 200(a0)
80007aca: 5f 7a 28 29  	<unknown>
80007ace: 3d 3d        	addiw	s10, s10, -17
80007ad0: 3d 3d        	addiw	s10, s10, -17
80007ad2: 3d 3d        	addiw	s10, s10, -17
80007ad4: 3d 3d        	addiw	s10, s10, -17
80007ad6: 3d 3d        	addiw	s10, s10, -17
80007ad8: 3d 3d        	addiw	s10, s10, -17
80007ada: 3d 3d        	addiw	s10, s10, -17
80007adc: 3d 3d        	addiw	s10, s10, -17
80007ade: 3d 3d        	addiw	s10, s10, -17
80007ae0: 3d 3d        	addiw	s10, s10, -17
80007ae2: 3d 0a        	addi	s4, s4, 15
80007ae4: 00 20        	fld	fs0, 0(s0)
80007ae6: 20 20        	fld	fs0, 64(s0)
80007ae8: 20 53        	lw	s0, 96(a4)
80007aea: 4b 49 50 50  	fnmsub.s	fs2, ft0, ft5, fa0, rmm
80007aee: 45 44        	li	s0, 17
80007af0: 2c 20        	fld	fa1, 64(s0)
80007af2: 43 79 63 6c  	<unknown>
80007af6: 65 20        	<unknown>
80007af8: 50 65        	ld	a2, 136(a0)
80007afa: 72 66        	ld	a2, 280(sp)
80007afc: 6f 72 6d 61  	jal	tp, 0x800df112 <timer+0xd71d2>
80007b00: 6e 63        	ld	t1, 216(sp)
80007b02: 65 20        	<unknown>
80007b04: 53 69 6d 75  	<unknown>
80007b08: 6c 61        	ld	a1, 192(a0)
80007b0a: 74 69        	ld	a3, 208(a0)
80007b0c: 6f 6e 2c 20  	jal	t3, 0x800cdd0e <timer+0xc5dce>
80007b10: 46 75        	ld	a0, 112(sp)
80007b12: 6e 63        	ld	t1, 216(sp)
80007b14: 74 69        	ld	a3, 208(a0)
80007b16: 6f 6e 61 6c  	jal	t3, 0x8001e1dc <timer+0x1629c>
80007b1a: 6c 79        	ld	a1, 240(a0)
80007b1c: 20 49        	lw	s0, 80(a0)
80007b1e: 6e 63        	ld	t1, 216(sp)
80007b20: 6f 72 72 65  	jal	tp, 0x8002f976 <timer+0x27a36>
80007b24: 63 74 21 0a  	bgeu	sp, sp, 0x80007bcc <.rodata+0x26c>
80007b28: 00 7a        	ld	s0, 48(a2)
80007b2a: 5f 72 65 66  	<unknown>
80007b2e: 5f 72 65 61  	<unknown>
80007b32: 6c 0a        	addi	a1, sp, 284
80007b34: 00 00        	unimp	
80007b36: 00 00        	unimp	
80007b38: ae 1b        	slli	s7, s7, 43
80007b3a: 00 80        	<unknown>
80007b3c: 00 00        	unimp	
80007b3e: 00 00        	unimp	
80007b40: ba 1b        	slli	s7, s7, 46
80007b42: 00 80        	<unknown>
80007b44: 00 00        	unimp	
80007b46: 00 00        	unimp	
80007b48: ba 1b        	slli	s7, s7, 46
80007b4a: 00 80        	<unknown>
80007b4c: 00 00        	unimp	
80007b4e: 00 00        	unimp	
80007b50: 8a 1b        	slli	s7, s7, 34
80007b52: 00 80        	<unknown>
80007b54: 00 00        	unimp	
80007b56: 00 00        	unimp	
80007b58: ba 1b        	slli	s7, s7, 46
80007b5a: 00 80        	<unknown>
80007b5c: 00 00        	unimp	
80007b5e: 00 00        	unimp	
80007b60: ba 1b        	slli	s7, s7, 46
80007b62: 00 80        	<unknown>
80007b64: 00 00        	unimp	
80007b66: 00 00        	unimp	
80007b68: ba 1b        	slli	s7, s7, 46
80007b6a: 00 80        	<unknown>
80007b6c: 00 00        	unimp	
80007b6e: 00 00        	unimp	
80007b70: ba 1b        	slli	s7, s7, 46
80007b72: 00 80        	<unknown>
80007b74: 00 00        	unimp	
80007b76: 00 00        	unimp	
80007b78: ba 1b        	slli	s7, s7, 46
80007b7a: 00 80        	<unknown>
80007b7c: 00 00        	unimp	
80007b7e: 00 00        	unimp	
80007b80: ba 1b        	slli	s7, s7, 46
80007b82: 00 80        	<unknown>
80007b84: 00 00        	unimp	
80007b86: 00 00        	unimp	
80007b88: ba 1b        	slli	s7, s7, 46
80007b8a: 00 80        	<unknown>
80007b8c: 00 00        	unimp	
80007b8e: 00 00        	unimp	
80007b90: b2 1b        	slli	s7, s7, 44
80007b92: 00 80        	<unknown>
80007b94: 00 00        	unimp	
80007b96: 00 00        	unimp	
80007b98: ba 1b        	slli	s7, s7, 46
80007b9a: 00 80        	<unknown>
80007b9c: 00 00        	unimp	
80007b9e: 00 00        	unimp	
80007ba0: b6 1b        	slli	s7, s7, 45
80007ba2: 00 80        	<unknown>
80007ba4: 00 00        	unimp	
80007ba6: 00 00        	unimp	
80007ba8: ba 1b        	slli	s7, s7, 46
80007baa: 00 80        	<unknown>
80007bac: 00 00        	unimp	
80007bae: 00 00        	unimp	
80007bb0: ba 1b        	slli	s7, s7, 46
80007bb2: 00 80        	<unknown>
80007bb4: 00 00        	unimp	
80007bb6: 00 00        	unimp	
80007bb8: 8c 1b        	addi	a1, sp, 496
80007bba: 00 80        	<unknown>
80007bbc: 00 00        	unimp	
80007bbe: 00 00        	unimp	
80007bc0: 14 1d        	addi	a3, sp, 688
80007bc2: 00 80        	<unknown>
80007bc4: 00 00        	unimp	
80007bc6: 00 00        	unimp	
80007bc8: c8 1c        	addi	a0, sp, 628
80007bca: 00 80        	<unknown>
80007bcc: 00 00        	unimp	
80007bce: 00 00        	unimp	
80007bd0: 28 1d        	addi	a0, sp, 696
80007bd2: 00 80        	<unknown>
80007bd4: 00 00        	unimp	
80007bd6: 00 00        	unimp	
80007bd8: d0 1c        	addi	a2, sp, 628
80007bda: 00 80        	<unknown>
80007bdc: 00 00        	unimp	
80007bde: 00 00        	unimp	
80007be0: d0 1c        	addi	a2, sp, 628
80007be2: 00 80        	<unknown>
80007be4: 00 00        	unimp	
80007be6: 00 00        	unimp	
80007be8: d0 1c        	addi	a2, sp, 628
80007bea: 00 80        	<unknown>
80007bec: 00 00        	unimp	
80007bee: 00 00        	unimp	
80007bf0: c8 1c        	addi	a0, sp, 628
80007bf2: 00 80        	<unknown>
80007bf4: 00 00        	unimp	
80007bf6: 00 00        	unimp	
80007bf8: d0 1c        	addi	a2, sp, 628
80007bfa: 00 80        	<unknown>
80007bfc: 00 00        	unimp	
80007bfe: 00 00        	unimp	
80007c00: d0 1c        	addi	a2, sp, 628
80007c02: 00 80        	<unknown>
80007c04: 00 00        	unimp	
80007c06: 00 00        	unimp	
80007c08: c8 1c        	addi	a0, sp, 628
80007c0a: 00 80        	<unknown>
80007c0c: 00 00        	unimp	
80007c0e: 00 00        	unimp	
80007c10: 72 1d        	slli	s10, s10, 60
80007c12: 00 80        	<unknown>
80007c14: 00 00        	unimp	
80007c16: 00 00        	unimp	
80007c18: 7c 1d        	addi	a5, sp, 700
80007c1a: 00 80        	<unknown>
80007c1c: 00 00        	unimp	
80007c1e: 00 00        	unimp	
80007c20: 7c 1d        	addi	a5, sp, 700
80007c22: 00 80        	<unknown>
80007c24: 00 00        	unimp	
80007c26: 00 00        	unimp	
80007c28: 7c 1d        	addi	a5, sp, 700
80007c2a: 00 80        	<unknown>
80007c2c: 00 00        	unimp	
80007c2e: 00 00        	unimp	
80007c30: 7c 1d        	addi	a5, sp, 700
80007c32: 00 80        	<unknown>
80007c34: 00 00        	unimp	
80007c36: 00 00        	unimp	
80007c38: 7c 1d        	addi	a5, sp, 700
80007c3a: 00 80        	<unknown>
80007c3c: 00 00        	unimp	
80007c3e: 00 00        	unimp	
80007c40: 7c 1d        	addi	a5, sp, 700
80007c42: 00 80        	<unknown>
80007c44: 00 00        	unimp	
80007c46: 00 00        	unimp	
80007c48: 7c 1d        	addi	a5, sp, 700
80007c4a: 00 80        	<unknown>
80007c4c: 00 00        	unimp	
80007c4e: 00 00        	unimp	
80007c50: 7c 1d        	addi	a5, sp, 700
80007c52: 00 80        	<unknown>
80007c54: 00 00        	unimp	
80007c56: 00 00        	unimp	
80007c58: 7c 1d        	addi	a5, sp, 700
80007c5a: 00 80        	<unknown>
80007c5c: 00 00        	unimp	
80007c5e: 00 00        	unimp	
80007c60: 7c 1d        	addi	a5, sp, 700
80007c62: 00 80        	<unknown>
80007c64: 00 00        	unimp	
80007c66: 00 00        	unimp	
80007c68: 7c 1d        	addi	a5, sp, 700
80007c6a: 00 80        	<unknown>
80007c6c: 00 00        	unimp	
80007c6e: 00 00        	unimp	
80007c70: 7c 1d        	addi	a5, sp, 700
80007c72: 00 80        	<unknown>
80007c74: 00 00        	unimp	
80007c76: 00 00        	unimp	
80007c78: 7c 1d        	addi	a5, sp, 700
80007c7a: 00 80        	<unknown>
80007c7c: 00 00        	unimp	
80007c7e: 00 00        	unimp	
80007c80: 7c 1d        	addi	a5, sp, 700
80007c82: 00 80        	<unknown>
80007c84: 00 00        	unimp	
80007c86: 00 00        	unimp	
80007c88: 7c 1d        	addi	a5, sp, 700
80007c8a: 00 80        	<unknown>
80007c8c: 00 00        	unimp	
80007c8e: 00 00        	unimp	
80007c90: 7c 1d        	addi	a5, sp, 700
80007c92: 00 80        	<unknown>
80007c94: 00 00        	unimp	
80007c96: 00 00        	unimp	
80007c98: 7c 1d        	addi	a5, sp, 700
80007c9a: 00 80        	<unknown>
80007c9c: 00 00        	unimp	
80007c9e: 00 00        	unimp	
80007ca0: 7c 1d        	addi	a5, sp, 700
80007ca2: 00 80        	<unknown>
80007ca4: 00 00        	unimp	
80007ca6: 00 00        	unimp	
80007ca8: 7c 1d        	addi	a5, sp, 700
80007caa: 00 80        	<unknown>
80007cac: 00 00        	unimp	
80007cae: 00 00        	unimp	
80007cb0: 7c 1d        	addi	a5, sp, 700
80007cb2: 00 80        	<unknown>
80007cb4: 00 00        	unimp	
80007cb6: 00 00        	unimp	
80007cb8: 7c 1d        	addi	a5, sp, 700
80007cba: 00 80        	<unknown>
80007cbc: 00 00        	unimp	
80007cbe: 00 00        	unimp	
80007cc0: 7c 1d        	addi	a5, sp, 700
80007cc2: 00 80        	<unknown>
80007cc4: 00 00        	unimp	
80007cc6: 00 00        	unimp	
80007cc8: 7c 1d        	addi	a5, sp, 700
80007cca: 00 80        	<unknown>
80007ccc: 00 00        	unimp	
80007cce: 00 00        	unimp	
80007cd0: 7c 1d        	addi	a5, sp, 700
80007cd2: 00 80        	<unknown>
80007cd4: 00 00        	unimp	
80007cd6: 00 00        	unimp	
80007cd8: 7c 1d        	addi	a5, sp, 700
80007cda: 00 80        	<unknown>
80007cdc: 00 00        	unimp	
80007cde: 00 00        	unimp	
80007ce0: 7c 1d        	addi	a5, sp, 700
80007ce2: 00 80        	<unknown>
80007ce4: 00 00        	unimp	
80007ce6: 00 00        	unimp	
80007ce8: 7c 1d        	addi	a5, sp, 700
80007cea: 00 80        	<unknown>
80007cec: 00 00        	unimp	
80007cee: 00 00        	unimp	
80007cf0: 7c 1d        	addi	a5, sp, 700
80007cf2: 00 80        	<unknown>
80007cf4: 00 00        	unimp	
80007cf6: 00 00        	unimp	
80007cf8: 7c 1d        	addi	a5, sp, 700
80007cfa: 00 80        	<unknown>
80007cfc: 00 00        	unimp	
80007cfe: 00 00        	unimp	
80007d00: 7c 1d        	addi	a5, sp, 700
80007d02: 00 80        	<unknown>
80007d04: 00 00        	unimp	
80007d06: 00 00        	unimp	
80007d08: 7c 1d        	addi	a5, sp, 700
80007d0a: 00 80        	<unknown>
80007d0c: 00 00        	unimp	
80007d0e: 00 00        	unimp	
80007d10: 7c 1d        	addi	a5, sp, 700
80007d12: 00 80        	<unknown>
80007d14: 00 00        	unimp	
80007d16: 00 00        	unimp	
80007d18: 3c 1d        	addi	a5, sp, 696
80007d1a: 00 80        	<unknown>
80007d1c: 00 00        	unimp	
80007d1e: 00 00        	unimp	
80007d20: 7c 1d        	addi	a5, sp, 700
80007d22: 00 80        	<unknown>
80007d24: 00 00        	unimp	
80007d26: 00 00        	unimp	
80007d28: 7c 1d        	addi	a5, sp, 700
80007d2a: 00 80        	<unknown>
80007d2c: 00 00        	unimp	
80007d2e: 00 00        	unimp	
80007d30: 7c 1d        	addi	a5, sp, 700
80007d32: 00 80        	<unknown>
80007d34: 00 00        	unimp	
80007d36: 00 00        	unimp	
80007d38: 7c 1d        	addi	a5, sp, 700
80007d3a: 00 80        	<unknown>
80007d3c: 00 00        	unimp	
80007d3e: 00 00        	unimp	
80007d40: 7c 1d        	addi	a5, sp, 700
80007d42: 00 80        	<unknown>
80007d44: 00 00        	unimp	
80007d46: 00 00        	unimp	
80007d48: 7c 1d        	addi	a5, sp, 700
80007d4a: 00 80        	<unknown>
80007d4c: 00 00        	unimp	
80007d4e: 00 00        	unimp	
80007d50: 7c 1d        	addi	a5, sp, 700
80007d52: 00 80        	<unknown>
80007d54: 00 00        	unimp	
80007d56: 00 00        	unimp	
80007d58: 7c 1d        	addi	a5, sp, 700
80007d5a: 00 80        	<unknown>
80007d5c: 00 00        	unimp	
80007d5e: 00 00        	unimp	
80007d60: 7c 1d        	addi	a5, sp, 700
80007d62: 00 80        	<unknown>
80007d64: 00 00        	unimp	
80007d66: 00 00        	unimp	
80007d68: 7c 1d        	addi	a5, sp, 700
80007d6a: 00 80        	<unknown>
80007d6c: 00 00        	unimp	
80007d6e: 00 00        	unimp	
80007d70: 7c 1d        	addi	a5, sp, 700
80007d72: 00 80        	<unknown>
80007d74: 00 00        	unimp	
80007d76: 00 00        	unimp	
80007d78: 7c 1d        	addi	a5, sp, 700
80007d7a: 00 80        	<unknown>
80007d7c: 00 00        	unimp	
80007d7e: 00 00        	unimp	
80007d80: 7c 1d        	addi	a5, sp, 700
80007d82: 00 80        	<unknown>
80007d84: 00 00        	unimp	
80007d86: 00 00        	unimp	
80007d88: 7c 1d        	addi	a5, sp, 700
80007d8a: 00 80        	<unknown>
80007d8c: 00 00        	unimp	
80007d8e: 00 00        	unimp	
80007d90: 7c 1d        	addi	a5, sp, 700
80007d92: 00 80        	<unknown>
80007d94: 00 00        	unimp	
80007d96: 00 00        	unimp	
80007d98: 7c 1d        	addi	a5, sp, 700
80007d9a: 00 80        	<unknown>
80007d9c: 00 00        	unimp	
80007d9e: 00 00        	unimp	
80007da0: 7c 1d        	addi	a5, sp, 700
80007da2: 00 80        	<unknown>
80007da4: 00 00        	unimp	
80007da6: 00 00        	unimp	
80007da8: f4 1c        	addi	a3, sp, 636
80007daa: 00 80        	<unknown>
80007dac: 00 00        	unimp	
80007dae: 00 00        	unimp	
80007db0: 7c 1d        	addi	a5, sp, 700
80007db2: 00 80        	<unknown>
80007db4: 00 00        	unimp	
80007db6: 00 00        	unimp	
80007db8: 7c 1d        	addi	a5, sp, 700
80007dba: 00 80        	<unknown>
80007dbc: 00 00        	unimp	
80007dbe: 00 00        	unimp	
80007dc0: 7c 1d        	addi	a5, sp, 700
80007dc2: 00 80        	<unknown>
80007dc4: 00 00        	unimp	
80007dc6: 00 00        	unimp	
80007dc8: 7c 1d        	addi	a5, sp, 700
80007dca: 00 80        	<unknown>
80007dcc: 00 00        	unimp	
80007dce: 00 00        	unimp	
80007dd0: 7c 1d        	addi	a5, sp, 700
80007dd2: 00 80        	<unknown>
80007dd4: 00 00        	unimp	
80007dd6: 00 00        	unimp	
80007dd8: 7c 1d        	addi	a5, sp, 700
80007dda: 00 80        	<unknown>
80007ddc: 00 00        	unimp	
80007dde: 00 00        	unimp	
80007de0: 7c 1d        	addi	a5, sp, 700
80007de2: 00 80        	<unknown>
80007de4: 00 00        	unimp	
80007de6: 00 00        	unimp	
80007de8: 7c 1d        	addi	a5, sp, 700
80007dea: 00 80        	<unknown>
80007dec: 00 00        	unimp	
80007dee: 00 00        	unimp	
80007df0: 7c 1d        	addi	a5, sp, 700
80007df2: 00 80        	<unknown>
80007df4: 00 00        	unimp	
80007df6: 00 00        	unimp	
80007df8: be 1e        	slli	t4, t4, 47
80007dfa: 00 80        	<unknown>
80007dfc: 00 00        	unimp	
80007dfe: 00 00        	unimp	
80007e00: 2e 20        	fld	ft0, 200(sp)
80007e02: 00 80        	<unknown>
80007e04: 00 00        	unimp	
80007e06: 00 00        	unimp	
80007e08: f0 1c        	addi	a2, sp, 636
80007e0a: 00 80        	<unknown>
80007e0c: 00 00        	unimp	
80007e0e: 00 00        	unimp	
80007e10: 7c 1d        	addi	a5, sp, 700
80007e12: 00 80        	<unknown>
80007e14: 00 00        	unimp	
80007e16: 00 00        	unimp	
80007e18: 3c 1d        	addi	a5, sp, 696
80007e1a: 00 80        	<unknown>
80007e1c: 00 00        	unimp	
80007e1e: 00 00        	unimp	
80007e20: 7c 1d        	addi	a5, sp, 700
80007e22: 00 80        	<unknown>
80007e24: 00 00        	unimp	
80007e26: 00 00        	unimp	
80007e28: 7c 1d        	addi	a5, sp, 700
80007e2a: 00 80        	<unknown>
80007e2c: 00 00        	unimp	
80007e2e: 00 00        	unimp	
80007e30: f0 1c        	addi	a2, sp, 636
80007e32: 00 80        	<unknown>
80007e34: 00 00        	unimp	
80007e36: 00 00        	unimp	
80007e38: 7c 1d        	addi	a5, sp, 700
80007e3a: 00 80        	<unknown>
80007e3c: 00 00        	unimp	
80007e3e: 00 00        	unimp	
80007e40: 7c 1d        	addi	a5, sp, 700
80007e42: 00 80        	<unknown>
80007e44: 00 00        	unimp	
80007e46: 00 00        	unimp	
80007e48: 7c 1d        	addi	a5, sp, 700
80007e4a: 00 80        	<unknown>
80007e4c: 00 00        	unimp	
80007e4e: 00 00        	unimp	
80007e50: 7c 1d        	addi	a5, sp, 700
80007e52: 00 80        	<unknown>
80007e54: 00 00        	unimp	
80007e56: 00 00        	unimp	
80007e58: 7c 1d        	addi	a5, sp, 700
80007e5a: 00 80        	<unknown>
80007e5c: 00 00        	unimp	
80007e5e: 00 00        	unimp	
80007e60: c0 1e        	addi	s0, sp, 884
80007e62: 00 80        	<unknown>
80007e64: 00 00        	unimp	
80007e66: 00 00        	unimp	
80007e68: 94 1d        	addi	a3, sp, 752
80007e6a: 00 80        	<unknown>
80007e6c: 00 00        	unimp	
80007e6e: 00 00        	unimp	
80007e70: 7c 1d        	addi	a5, sp, 700
80007e72: 00 80        	<unknown>
80007e74: 00 00        	unimp	
80007e76: 00 00        	unimp	
80007e78: 7c 1d        	addi	a5, sp, 700
80007e7a: 00 80        	<unknown>
80007e7c: 00 00        	unimp	
80007e7e: 00 00        	unimp	
80007e80: 16 1e        	slli	t3, t3, 37
80007e82: 00 80        	<unknown>
80007e84: 00 00        	unimp	
80007e86: 00 00        	unimp	
80007e88: 7c 1d        	addi	a5, sp, 700
80007e8a: 00 80        	<unknown>
80007e8c: 00 00        	unimp	
80007e8e: 00 00        	unimp	
80007e90: f0 1c        	addi	a2, sp, 636
80007e92: 00 80        	<unknown>
80007e94: 00 00        	unimp	
80007e96: 00 00        	unimp	
80007e98: 7c 1d        	addi	a5, sp, 700
80007e9a: 00 80        	<unknown>
80007e9c: 00 00        	unimp	
80007e9e: 00 00        	unimp	
80007ea0: 7c 1d        	addi	a5, sp, 700
80007ea2: 00 80        	<unknown>
80007ea4: 00 00        	unimp	
80007ea6: 00 00        	unimp	
80007ea8: f4 1c        	addi	a3, sp, 636
80007eaa: 00 80        	<unknown>
80007eac: 00 00        	unimp	
80007eae: 00 00        	unimp	

0000000080007eb0 <_ftoa.pow10>:
80007eb0: 00 00        	unimp	
80007eb2: 00 00        	unimp	
80007eb4: 00 00        	unimp	
80007eb6: f0 3f        	fld	fa2, 248(a5)
80007eb8: 00 00        	unimp	
80007eba: 00 00        	unimp	
80007ebc: 00 00        	unimp	
80007ebe: 24 40        	lw	s1, 64(s0)
80007ec0: 00 00        	unimp	
80007ec2: 00 00        	unimp	
80007ec4: 00 00        	unimp	
80007ec6: 59 40        	c.li	zero, 22
80007ec8: 00 00        	unimp	
80007eca: 00 00        	unimp	
80007ecc: 00 40        	lw	s0, 0(s0)
80007ece: 8f 40 00 00  	<unknown>
80007ed2: 00 00        	unimp	
80007ed4: 00 88        	<unknown>
80007ed6: c3 40 00 00  	fmadd.s	ft1, ft0, ft0, ft0, rmm
80007eda: 00 00        	unimp	
80007edc: 00 6a        	ld	s0, 16(a2)
80007ede: f8 40        	lw	a4, 68(s1)
80007ee0: 00 00        	unimp	
80007ee2: 00 00        	unimp	
80007ee4: 80 84        	<unknown>
80007ee6: 2e 41        	lw	sp, 200(sp)
80007ee8: 00 00        	unimp	
80007eea: 00 00        	unimp	
80007eec: d0 12        	addi	a2, sp, 356
80007eee: 63 41 00 00  	bltz	zero, 0x80007ef0 <_ftoa.pow10+0x40>
80007ef2: 00 00        	unimp	
80007ef4: 84 d7        	sw	s1, 40(a5)
80007ef6: 97 41 00 00  	auipc	gp, 4
80007efa: 00 00        	unimp	
80007efc: 65 cd        	beqz	a0, 0x80007ff4 <timer+0xb4>
80007efe: cd 41        	li	gp, 19

Disassembly of section .sdata:

0000000080007f00 <.sdata>:
80007f00: 00 00        	unimp	
80007f02: 00 00        	unimp	
80007f04: 00 00        	unimp	
80007f06: 80 40        	lw	s0, 0(s1)
80007f08: 00 00        	unimp	
80007f0a: 48 40        	lw	a0, 4(s0)
		...
80007f14: 00 00        	unimp	
80007f16: d0 3f        	fld	fa2, 184(a5)

0000000080007f18 <sigma_n2_fxp>:
80007f18: 66 00        	c.slli	zero, 25
		...
80007f26: e0 3f        	fld	fs0, 248(a5)
80007f28: 00 00        	unimp	
80007f2a: c0 ff        	sd	s0, 184(a5)
80007f2c: ff ff df 41  	<unknown>
80007f30: cd cc        	beqz	s1, 0x80007fea <timer+0xaa>
80007f32: cc cc        	sw	a1, 28(s1)
80007f34: cc cc        	sw	a1, 28(s1)
80007f36: cc cc        	sw	a1, 28(s1)

Disassembly of section .l2:

0000000080007f40 <timer>:
		...

Disassembly of section .comment:

0000000000000000 <.comment>:
       0: 63 6c 61 6e  	bltu	sp, t1, 0x6f8 <.comment+0x6f8>
       4: 67 20 76 65  	<unknown>
       8: 72 73        	ld	t1, 312(sp)
       a: 69 6f        	lui	t5, 26
       c: 6e 20        	fld	ft0, 216(sp)
       e: 31 36        	addiw	a2, a2, -20
      10: 2e 30        	fld	ft0, 232(sp)
      12: 2e 30        	fld	ft0, 232(sp)
      14: 20 28        	fld	fs0, 80(s0)
      16: 68 74        	ld	a0, 232(s0)
      18: 74 70        	ld	a3, 224(s0)
      1a: 73 3a 2f 2f  	csrrc	s4, 754, t5
      1e: 67 69 74 68  	<unknown>
      22: 75 62        	lui	tp, 29
      24: 2e 63        	ld	t1, 200(sp)
      26: 6f 6d 2f 6c  	jal	s10, 0xf66e8 <.comment+0xf66e8>
      2a: 6c 76        	ld	a1, 232(a2)
      2c: 6d 2f        	addiw	t5, t5, 27
      2e: 6c 6c        	ld	a1, 216(s0)
      30: 76 6d        	ld	s10, 344(sp)
      32: 2d 70        	c.lui	zero, -21
      34: 72 6f        	ld	t5, 280(sp)
      36: 6a 65        	ld	a0, 152(sp)
      38: 63 74 2e 67  	bgeu	t3, s2, 0x6a0 <.comment+0x6a0>
      3c: 69 74        	lui	s0, 1048570
      3e: 20 35        	fld	fs0, 104(a0)
      40: 30 34        	fld	fa2, 104(s0)
      42: 37 31 30 34  	lui	sp, 213763
      46: 61 37        	addiw	a4, a4, -8
      48: 36 34        	fld	fs0, 360(sp)
      4a: 34 35        	fld	fa3, 104(a0)
      4c: 62 62        	ld	tp, 24(sp)
      4e: 34 32        	fld	fa3, 96(a2)
      50: 34 65        	ld	a3, 72(a0)
      52: 34 38        	fld	fa3, 112(s0)
      54: 30 35        	fld	fa2, 104(a0)
      56: 39 34        	addiw	s0, s0, -18
      58: 66 30        	fld	ft0, 120(sp)
      5a: 65 62        	lui	tp, 25
      5c: 32 65        	ld	a0, 264(sp)
      5e: 64 37        	fld	fs1, 232(a4)
      60: 36 38        	fld	fa6, 360(sp)
      62: 33 31 35 62  	<unknown>
      66: 33 29 00 00  	sltz	s2, zero
      6a: 4c 69        	ld	a1, 144(a0)
      6c: 6e 6b        	ld	s6, 216(sp)
      6e: 65 72        	lui	tp, 1048569
      70: 3a 20        	fld	ft0, 392(sp)
      72: 4c 4c        	lw	a1, 28(s0)
      74: 44 20        	fld	fs1, 128(s0)
      76: 31 36        	addiw	a2, a2, -20
      78: 2e 30        	fld	ft0, 232(sp)
      7a: 2e 30        	fld	ft0, 232(sp)
      7c: 00           	<unknown>

Disassembly of section .riscv.attributes:

0000000000000000 <.riscv.attributes>:
       0: 41 99        	andi	a0, a0, -16
       2: 00 00        	unimp	
       4: 00 72        	ld	s0, 32(a2)
       6: 69 73        	lui	t1, 1048570
       8: 63 76 00 01  	bgeu	zero, a6, 0x14 <.riscv.attributes+0x14>
       c: 8f 00 00 00  	<unknown>
      10: 04 10        	addi	s1, sp, 32
      12: 05 72        	lui	tp, 1048545
      14: 76 36        	fld	fa2, 376(sp)
      16: 34 69        	ld	a3, 80(a0)
      18: 32 70        	<unknown>
      1a: 30 5f        	lw	a2, 120(a4)
      1c: 6d 32        	addiw	tp, tp, -5
      1e: 70 30        	fld	fa2, 224(s0)
      20: 5f 61 32 70  	<unknown>
      24: 30 5f        	lw	a2, 120(a4)
      26: 66 32        	fld	ft4, 120(sp)
      28: 70 30        	fld	fa2, 224(s0)
      2a: 5f 64 32 70  	<unknown>
      2e: 30 5f        	lw	a2, 120(a4)
      30: 63 32 70 30  	<unknown>
      34: 5f 76 31 70  	<unknown>
      38: 30 5f        	lw	a2, 120(a4)
      3a: 7a 66        	ld	a2, 408(sp)
      3c: 68 31        	fld	fa0, 224(a0)
      3e: 70 30        	fld	fa2, 224(s0)
      40: 5f 7a 76 65  	<unknown>
      44: 33 32 66 31  	<unknown>
      48: 70 30        	fld	fa2, 224(s0)
      4a: 5f 7a 76 65  	<unknown>
      4e: 33 32 78 31  	<unknown>
      52: 70 30        	fld	fa2, 224(s0)
      54: 5f 7a 76 65  	<unknown>
      58: 36 34        	fld	fs0, 360(sp)
      5a: 64 31        	fld	fs1, 224(a0)
      5c: 70 30        	fld	fa2, 224(s0)
      5e: 5f 7a 76 65  	<unknown>
      62: 36 34        	fld	fs0, 360(sp)
      64: 66 31        	fld	ft2, 120(sp)
      66: 70 30        	fld	fa2, 224(s0)
      68: 5f 7a 76 65  	<unknown>
      6c: 36 34        	fld	fs0, 360(sp)
      6e: 78 31        	fld	fa4, 224(a0)
      70: 70 30        	fld	fa2, 224(s0)
      72: 5f 7a 76 66  	<unknown>
      76: 68 30        	fld	fa0, 224(s0)
      78: 70 31        	fld	fa2, 224(a0)
      7a: 5f 7a 76 6c  	<unknown>
      7e: 31 32        	addiw	tp, tp, -20
      80: 38 62        	ld	a4, 64(a2)
      82: 31 70        	c.lui	zero, -20
      84: 30 5f        	lw	a2, 120(a4)
      86: 7a 76        	ld	a2, 440(sp)
      88: 6c 33        	fld	fa1, 224(a4)
      8a: 32 62        	ld	tp, 264(sp)
      8c: 31 70        	c.lui	zero, -20
      8e: 30 5f        	lw	a2, 120(a4)
      90: 7a 76        	ld	a2, 440(sp)
      92: 6c 36        	fld	fa1, 232(a2)
      94: 34 62        	ld	a3, 64(a2)
      96: 31 70        	c.lui	zero, -20
      98: 30 00        	addi	a2, sp, 8

Disassembly of section .symtab:

0000000000000000 <.symtab>:
		...
      18: 01 00        	nop
      1a: 00 00        	unimp	
      1c: 04 00        	<unknown>
      1e: f1 ff        	bnez	a5, 0xfffffffffffffffa <timer+0xffffffff7fff80ba>
		...
      30: 08 00        	<unknown>
      32: 00 00        	unimp	
      34: 04 00        	<unknown>
      36: f1 ff        	bnez	a5, 0x12 <.symtab+0x12>
		...
      48: 1d 00        	c.nop	7
      4a: 00 00        	unimp	
      4c: 04 00        	<unknown>
      4e: f1 ff        	bnez	a5, 0x2a <.symtab+0x2a>
		...
      60: 35 00        	c.nop	13
      62: 00 00        	unimp	
      64: 04 00        	<unknown>
      66: f1 ff        	bnez	a5, 0x42 <.symtab+0x42>
		...
      78: 4a 00        	c.slli	zero, 18
      7a: 00 00        	unimp	
      7c: 04 00        	<unknown>
      7e: f1 ff        	bnez	a5, 0x5a <.symtab+0x5a>
		...
      90: 54 00        	addi	a3, sp, 4
      92: 00 00        	unimp	
      94: 00 00        	unimp	
      96: 01 00        	nop
      98: 0a 00        	c.slli	zero, 2
      9a: 00 80        	<unknown>
		...
      a8: 61 00        	c.nop	24
      aa: 00 00        	unimp	
      ac: 00 00        	unimp	
      ae: 01 00        	nop
      b0: d8 00        	addi	a4, sp, 68
      b2: 00 80        	<unknown>
		...
      c0: 6d 00        	c.nop	27
      c2: 00 00        	unimp	
      c4: 04 00        	<unknown>
      c6: f1 ff        	bnez	a5, 0xa2 <.symtab+0xa2>
		...
      d8: 76 00        	c.slli	zero, 29
      da: 00 00        	unimp	
      dc: 02 00        	c.slli64	zero
      de: 01 00        	nop
      e0: 7c 26        	fld	fa5, 200(a2)
      e2: 00 80        	<unknown>
      e4: 00 00        	unimp	
      e6: 00 00        	unimp	
      e8: 0c 00        	<unknown>
      ea: 00 00        	unimp	
      ec: 00 00        	unimp	
      ee: 00 00        	unimp	
      f0: 80 00        	addi	s0, sp, 64
      f2: 00 00        	unimp	
      f4: 02 00        	c.slli64	zero
      f6: 01 00        	nop
      f8: fe 1a        	slli	s5, s5, 63
      fa: 00 80        	<unknown>
      fc: 00 00        	unimp	
      fe: 00 00        	unimp	
     100: 7e 0b        	slli	s6, s6, 31
     102: 00 00        	unimp	
     104: 00 00        	unimp	
     106: 00 00        	unimp	
     108: 8b 00 00 00  	<unknown>
     10c: 02 00        	c.slli64	zero
     10e: 01 00        	nop
     110: 88 26        	fld	fa0, 8(a3)
     112: 00 80        	<unknown>
     114: 00 00        	unimp	
     116: 00 00        	unimp	
     118: 02 00        	c.slli64	zero
     11a: 00 00        	unimp	
     11c: 00 00        	unimp	
     11e: 00 00        	unimp	
     120: 95 00        	addi	ra, ra, 5
     122: 00 00        	unimp	
     124: 02 00        	c.slli64	zero
     126: 01 00        	nop
     128: 8a 26        	fld	fa3, 128(sp)
     12a: 00 80        	<unknown>
     12c: 00 00        	unimp	
     12e: 00 00        	unimp	
     130: 76 02        	slli	tp, tp, 29
     132: 00 00        	unimp	
     134: 00 00        	unimp	
     136: 00 00        	unimp	
     138: a2 00        	slli	ra, ra, 8
     13a: 00 00        	unimp	
     13c: 01 00        	nop
     13e: 03 00 b0 7e  	lb	zero, 2027(zero)
     142: 00 80        	<unknown>
     144: 00 00        	unimp	
     146: 00 00        	unimp	
     148: 50 00        	addi	a2, sp, 4
     14a: 00 00        	unimp	
     14c: 00 00        	unimp	
     14e: 00 00        	unimp	
     150: ae 00        	slli	ra, ra, 11
     152: 00 00        	unimp	
     154: 04 00        	<unknown>
     156: f1 ff        	bnez	a5, 0x132 <.symtab+0x132>
		...
     168: b7 00 00 00  	lui	ra, 0
     16c: 04 00        	<unknown>
     16e: f1 ff        	bnez	a5, 0x14a <.symtab+0x14a>
		...
     180: c0 00        	addi	s0, sp, 68
     182: 00 00        	unimp	
     184: 04 00        	<unknown>
     186: f1 ff        	bnez	a5, 0x162 <.symtab+0x162>
		...
     198: c7 00 00 00  	fmsub.s	ft1, ft0, ft0, ft0, rne
     19c: 12 00        	c.slli	zero, 4
     19e: 01 00        	nop
     1a0: 10 01        	addi	a2, sp, 128
     1a2: 00 80        	<unknown>
     1a4: 00 00        	unimp	
     1a6: 00 00        	unimp	
     1a8: ee 09        	slli	s3, s3, 27
     1aa: 00 00        	unimp	
     1ac: 00 00        	unimp	
     1ae: 00 00        	unimp	
     1b0: cc 00        	addi	a1, sp, 68
     1b2: 00 00        	unimp	
     1b4: 12 00        	c.slli	zero, 4
     1b6: 01 00        	nop
     1b8: 00 29        	fld	fs0, 16(a0)
     1ba: 00 80        	<unknown>
     1bc: 00 00        	unimp	
     1be: 00 00        	unimp	
     1c0: 4e 00        	c.slli	zero, 19
     1c2: 00 00        	unimp	
     1c4: 00 00        	unimp	
     1c6: 00 00        	unimp	
     1c8: d3 00 00 00  	fadd.s	ft1, ft0, ft0, rne
     1cc: 11 00        	c.nop	4
     1ce: 04 00        	<unknown>
     1d0: 18 7f        	ld	a4, 56(a4)
     1d2: 00 80        	<unknown>
     1d4: 00 00        	unimp	
     1d6: 00 00        	unimp	
     1d8: 02 00        	c.slli64	zero
     1da: 00 00        	unimp	
     1dc: 00 00        	unimp	
     1de: 00 00        	unimp	
     1e0: e0 00        	addi	s0, sp, 76
     1e2: 00 00        	unimp	
     1e4: 10 00        	<unknown>
     1e6: 06 00        	c.slli	zero, 1
     1e8: 40 7f        	ld	s0, 184(a4)
     1ea: 00 80        	<unknown>
		...
     1f8: e6 00        	slli	ra, ra, 25
     1fa: 00 00        	unimp	
     1fc: 11 00        	c.nop	4
     1fe: 02 00        	c.slli64	zero
     200: 60 29        	fld	fs0, 208(a0)
     202: 00 80        	<unknown>
     204: 00 00        	unimp	
     206: 00 00        	unimp	
     208: 00 10        	addi	s0, sp, 32
     20a: 00 00        	unimp	
     20c: 00 00        	unimp	
     20e: 00 00        	unimp	
     210: f1 00        	addi	ra, ra, 28
     212: 00 00        	unimp	
     214: 11 00        	c.nop	4
     216: 02 00        	c.slli64	zero
     218: 60 39        	fld	fs0, 240(a0)
     21a: 00 80        	<unknown>
     21c: 00 00        	unimp	
     21e: 00 00        	unimp	
     220: 00 10        	addi	s0, sp, 32
     222: 00 00        	unimp	
     224: 00 00        	unimp	
     226: 00 00        	unimp	
     228: fc 00        	addi	a5, sp, 76
     22a: 00 00        	unimp	
     22c: 12 00        	c.slli	zero, 4
     22e: 01 00        	nop
     230: cc 0c        	addi	a1, sp, 596
     232: 00 80        	<unknown>
     234: 00 00        	unimp	
     236: 00 00        	unimp	
     238: bc 09        	addi	a5, sp, 216
     23a: 00 00        	unimp	
     23c: 00 00        	unimp	
     23e: 00 00        	unimp	
     240: 12 01        	slli	sp, sp, 4
     242: 00 00        	unimp	
     244: 12 00        	c.slli	zero, 4
     246: 01 00        	nop
     248: 88 16        	addi	a0, sp, 864
     24a: 00 80        	<unknown>
     24c: 00 00        	unimp	
     24e: 00 00        	unimp	
     250: 3e 04        	slli	s0, s0, 15
     252: 00 00        	unimp	
     254: 00 00        	unimp	
     256: 00 00        	unimp	
     258: 25 01        	addi	sp, sp, 9
     25a: 00 00        	unimp	
     25c: 11 00        	c.nop	4
     25e: 02 00        	c.slli64	zero
     260: 60 75        	ld	s0, 232(a0)
     262: 00 80        	<unknown>
     264: 00 00        	unimp	
     266: 00 00        	unimp	
     268: 00 04        	addi	s0, sp, 512
     26a: 00 00        	unimp	
     26c: 00 00        	unimp	
     26e: 00 00        	unimp	
     270: 30 01        	addi	a2, sp, 136
     272: 00 00        	unimp	
     274: 11 00        	c.nop	4
     276: 02 00        	c.slli64	zero
     278: 60 71        	ld	s0, 224(a0)
     27a: 00 80        	<unknown>
     27c: 00 00        	unimp	
     27e: 00 00        	unimp	
     280: 00 04        	addi	s0, sp, 512
     282: 00 00        	unimp	
     284: 00 00        	unimp	
     286: 00 00        	unimp	
     288: 3b 01 00 00  	addw	sp, zero, zero
     28c: 12 00        	c.slli	zero, 4
     28e: 01 00        	nop
     290: fe 0a        	slli	s5, s5, 31
     292: 00 80        	<unknown>
     294: 00 00        	unimp	
     296: 00 00        	unimp	
     298: ce 01        	slli	gp, gp, 19
     29a: 00 00        	unimp	
     29c: 00 00        	unimp	
     29e: 00 00        	unimp	
     2a0: 4e 01        	slli	sp, sp, 19
     2a2: 00 00        	unimp	
     2a4: 12 00        	c.slli	zero, 4
     2a6: 01 00        	nop
     2a8: c6 1a        	slli	s5, s5, 49
     2aa: 00 80        	<unknown>
     2ac: 00 00        	unimp	
     2ae: 00 00        	unimp	
     2b0: 38 00        	addi	a4, sp, 8
     2b2: 00 00        	unimp	
     2b4: 00 00        	unimp	
     2b6: 00 00        	unimp	
     2b8: 56 01        	slli	sp, sp, 21
     2ba: 00 00        	unimp	
     2bc: 11 00        	c.nop	4
     2be: 02 00        	c.slli64	zero
     2c0: 60 49        	lw	s0, 84(a0)
     2c2: 00 80        	<unknown>
     2c4: 00 00        	unimp	
     2c6: 00 00        	unimp	
     2c8: 00 10        	addi	s0, sp, 32
     2ca: 00 00        	unimp	
     2cc: 00 00        	unimp	
     2ce: 00 00        	unimp	
     2d0: 64 01        	addi	s1, sp, 140
     2d2: 00 00        	unimp	
     2d4: 11 00        	c.nop	4
     2d6: 02 00        	c.slli64	zero
     2d8: 60 59        	lw	s0, 116(a0)
     2da: 00 80        	<unknown>
     2dc: 00 00        	unimp	
     2de: 00 00        	unimp	
     2e0: 00 10        	addi	s0, sp, 32
     2e2: 00 00        	unimp	
     2e4: 00 00        	unimp	
     2e6: 00 00        	unimp	
     2e8: 72 01        	slli	sp, sp, 28
     2ea: 00 00        	unimp	
     2ec: 11 00        	c.nop	4
     2ee: 02 00        	c.slli64	zero
     2f0: 60 69        	ld	s0, 208(a0)
     2f2: 00 80        	<unknown>
     2f4: 00 00        	unimp	
     2f6: 00 00        	unimp	
     2f8: 00 04        	addi	s0, sp, 512
     2fa: 00 00        	unimp	
     2fc: 00 00        	unimp	
     2fe: 00 00        	unimp	
     300: 7d 01        	addi	sp, sp, 31
     302: 00 00        	unimp	
     304: 11 00        	c.nop	4
     306: 02 00        	c.slli64	zero
     308: 60 6d        	ld	s0, 216(a0)
     30a: 00 80        	<unknown>
     30c: 00 00        	unimp	
     30e: 00 00        	unimp	
     310: 00 04        	addi	s0, sp, 512
     312: 00 00        	unimp	
     314: 00 00        	unimp	
     316: 00 00        	unimp	
     318: 88 01        	addi	a0, sp, 192
     31a: 00 00        	unimp	
     31c: 10 00        	<unknown>
     31e: 01 00        	nop
     320: 00 00        	unimp	
     322: 00 80        	<unknown>
		...
     330: 8f 01 00 00  	<unknown>
     334: 10 00        	<unknown>
     336: 01 00        	nop
     338: f0 00        	addi	a2, sp, 76
     33a: 00 80        	<unknown>
		...
     348: 94 01        	addi	a3, sp, 192
     34a: 00 00        	unimp	
     34c: 10 00        	<unknown>
     34e: 01 00        	nop
     350: 00 01        	addi	s0, sp, 128
     352: 00 80        	<unknown>
		...
     360: 9a 01        	slli	gp, gp, 6
     362: 00 00        	unimp	
     364: 20 00        	addi	s0, sp, 8
		...
     376: 00 00        	unimp	
     378: a8 01        	addi	a0, sp, 200
     37a: 00 00        	unimp	
     37c: 20 00        	addi	s0, sp, 8
		...
     38e: 00 00        	unimp	
     390: b6 01        	slli	gp, gp, 13
     392: 00 00        	unimp	
     394: 20 00        	addi	s0, sp, 8
		...
     3a6: 00 00        	unimp	
     3a8: c2 01        	slli	gp, gp, 16
     3aa: 00 00        	unimp	
     3ac: 10 00        	<unknown>
     3ae: 04 00        	<unknown>
     3b0: 00 87        	<unknown>
     3b2: 00 80        	<unknown>
		...
     3c0: d4 01        	addi	a3, sp, 196
     3c2: 00 00        	unimp	
     3c4: 10 00        	<unknown>
     3c6: f1 ff        	bnez	a5, 0x3a2 <.symtab+0x3a2>
     3c8: 10 00        	<unknown>
     3ca: 00 d0        	sw	s0, 32(s0)
		...
     3d8: e9 01        	addi	gp, gp, 26
     3da: 00 00        	unimp	
     3dc: 10 00        	<unknown>
     3de: f1 ff        	bnez	a5, 0x3ba <.symtab+0x3ba>
     3e0: 00 00        	unimp	
     3e2: 00 d0        	sw	s0, 32(s0)
		...
     3f0: f9 01        	addi	gp, gp, 30
     3f2: 00 00        	unimp	
     3f4: 12 00        	c.slli	zero, 4
     3f6: 01 00        	nop
     3f8: 4e 29        	fld	fs2, 208(sp)
     3fa: 00 80        	<unknown>
     3fc: 00 00        	unimp	
     3fe: 00 00        	unimp	
     400: 0a 00        	c.slli	zero, 2
     402: 00 00        	unimp	
     404: 00 00        	unimp	
     406: 00 00        	unimp	
     408: 02 02        	c.slli64	tp
     40a: 00 00        	unimp	
     40c: 10 00        	<unknown>
     40e: f1 ff        	bnez	a5, 0x3ea <.symtab+0x3ea>
     410: 00 00        	unimp	
     412: 00 c0        	sw	s0, 0(s0)
		...
     420: 0c 02        	addi	a1, sp, 256
     422: 00 00        	unimp	
     424: 10 00        	<unknown>
     426: 05 00        	c.nop	1
     428: 40 7f        	ld	s0, 184(a4)
     42a: 00 80        	<unknown>
		...
     438: 18 02        	addi	a4, sp, 256
     43a: 00 00        	unimp	
     43c: 10 00        	<unknown>
     43e: 05 00        	c.nop	1
     440: 40 7f        	ld	s0, 184(a4)
     442: 00 80        	<unknown>
		...
     450: 22 02        	slli	tp, tp, 8
     452: 00 00        	unimp	
     454: 10 00        	<unknown>
     456: f1 ff        	bnez	a5, 0x432 <.symtab+0x432>
     458: 50 7f        	ld	a2, 184(a4)
     45a: 00 80        	<unknown>
		...
     468: 30 02        	addi	a2, sp, 264
     46a: 00 00        	unimp	
     46c: 10 00        	<unknown>
     46e: f1 ff        	bnez	a5, 0x44a <.symtab+0x44a>
     470: 08 00        	<unknown>
     472: 00 d0        	sw	s0, 32(s0)
		...
     480: 47 02 00 00  	fmsub.s	ft4, ft0, ft0, ft0, rne
     484: 10 00        	<unknown>
     486: f1 ff        	bnez	a5, 0x462 <.symtab+0x462>
     488: 18 00        	<unknown>
     48a: 00 d0        	sw	s0, 32(s0)
		...
     498: 55 02        	addi	tp, tp, 21
     49a: 00 00        	unimp	
     49c: 10 00        	<unknown>
     49e: f1 ff        	bnez	a5, 0x47a <.symtab+0x47a>
     4a0: 20 00        	addi	s0, sp, 8
     4a2: 00 d0        	sw	s0, 32(s0)
		...

Disassembly of section .shstrtab:

0000000000000000 <.shstrtab>:
       0: 00 2e        	fld	fs0, 24(a2)
       2: 74 65        	ld	a3, 200(a0)
       4: 78 74        	ld	a4, 232(s0)
       6: 00 2e        	fld	fs0, 24(a2)
       8: 64 61        	ld	s1, 192(a0)
       a: 74 61        	ld	a3, 192(a0)
       c: 00 2e        	fld	fs0, 24(a2)
       e: 72 6f        	ld	t5, 280(sp)
      10: 64 61        	ld	s1, 192(a0)
      12: 74 61        	ld	a3, 192(a0)
      14: 00 2e        	fld	fs0, 24(a2)
      16: 73 64 61 74  	csrrsi	s0, 1862, 2
      1a: 61 00        	c.nop	24
      1c: 2e 62        	ld	tp, 200(sp)
      1e: 73 73 00 2e  	csrrci	t1, 736, 0
      22: 6c 32        	fld	fa1, 224(a2)
      24: 00 2e        	fld	fs0, 24(a2)
      26: 63 6f 6d 6d  	bltu	s10, s6, 0x704 <.symtab+0x704>
      2a: 65 6e        	lui	t3, 25
      2c: 74 00        	addi	a3, sp, 12
      2e: 2e 72        	ld	tp, 232(sp)
      30: 69 73        	lui	t1, 1048570
      32: 63 76 2e 61  	bgeu	t3, s2, 0x63e <.symtab+0x63e>
      36: 74 74        	ld	a3, 232(s0)
      38: 72 69        	ld	s2, 280(sp)
      3a: 62 75        	ld	a0, 56(sp)
      3c: 74 65        	ld	a3, 200(a0)
      3e: 73 00 2e 73  	<unknown>
      42: 79 6d        	lui	s10, 30
      44: 74 61        	ld	a3, 192(a0)
      46: 62 00        	c.slli	zero, 24
      48: 2e 73        	ld	t1, 232(sp)
      4a: 68 73        	ld	a0, 224(a4)
      4c: 74 72        	ld	a3, 224(a2)
      4e: 74 61        	ld	a3, 192(a0)
      50: 62 00        	c.slli	zero, 24
      52: 2e 73        	ld	t1, 232(sp)
      54: 74 72        	ld	a3, 224(a2)
      56: 74 61        	ld	a3, 192(a0)
      58: 62 00        	c.slli	zero, 24

Disassembly of section .strtab:

0000000000000000 <.strtab>:
       0: 00 6d        	ld	s0, 24(a0)
       2: 61 69        	lui	s2, 24
       4: 6e 2e        	fld	ft8, 216(sp)
       6: 63 00 76 5f  	beq	a2, s7, 0x5e6 <.symtab+0x5e6>
       a: 63 6f 6d 70  	bltu	s10, t1, 0x728 <.symtab+0x728>
       e: 75 74        	lui	s0, 1048573
      10: 65 5f        	li	t5, -7
      12: 7a 5f        	lw	t5, 188(sp)
      14: 63 66 78 70  	bltu	a6, t2, 0x720 <.symtab+0x720>
      18: 31 36        	addiw	a2, a2, -20
      1a: 2e 63        	ld	t1, 200(sp)
      1c: 00 76        	ld	s0, 40(a2)
      1e: 5f 63 6f 6d  	<unknown>
      22: 70 75        	ld	a2, 232(a0)
      24: 74 65        	ld	a3, 200(a0)
      26: 5f 67 72 61  	<unknown>
      2a: 6d 5f        	li	t5, -5
      2c: 63 66 78 70  	bltu	a6, t2, 0x738 <.symtab+0x738>
      30: 31 36        	addiw	a2, a2, -20
      32: 2e 63        	ld	t1, 200(sp)
      34: 00 76        	ld	s0, 40(a2)
      36: 5f 4c 4c 5f  	<unknown>
      3a: 64 65        	ld	s1, 200(a0)
      3c: 63 6f 6d 70  	bltu	s10, t1, 0x75a <.symtab+0x75a>
      40: 5f 63 66 78  	<unknown>
      44: 70 31        	fld	fa2, 224(a0)
      46: 36 2e        	fld	ft8, 328(sp)
      48: 63 00 64 61  	beq	s0, s6, 0x648 <.symtab+0x648>
      4c: 74 61        	ld	a3, 192(a0)
      4e: 73 65 74 2e  	csrrsi	a0, 743, 8
      52: 63 00 72 65  	beq	tp, s7, 0x692 <.symtab+0x692>
      56: 73 65 74 5f  	csrrsi	a0, 1527, 8
      5a: 76 65        	ld	a0, 344(sp)
      5c: 63 74 6f 72  	bgeu	t5, t1, 0x784 <.symtab+0x784>
      60: 00 74        	ld	s0, 40(s0)
      62: 72 61        	ld	sp, 280(sp)
      64: 70 5f        	lw	a2, 124(a4)
      66: 76 65        	ld	a0, 344(sp)
      68: 63 74 6f 72  	bgeu	t5, t1, 0x790 <.symtab+0x790>
      6c: 00 70        	ld	s0, 32(s0)
      6e: 72 69        	ld	s2, 280(sp)
      70: 6e 74        	ld	s0, 248(sp)
      72: 66 2e        	fld	ft8, 88(sp)
      74: 63 00 5f 6f  	beq	t5, s5, 0x754 <.symtab+0x754>
      78: 75 74        	lui	s0, 1048573
      7a: 5f 63 68 61  	<unknown>
      7e: 72 00        	c.slli	zero, 28
      80: 5f 76 73 6e  	<unknown>
      84: 70 72        	ld	a2, 224(a2)
      86: 69 6e        	lui	t3, 26
      88: 74 66        	ld	a3, 200(a2)
      8a: 00 5f        	lw	s0, 56(a4)
      8c: 6f 75 74 5f  	jal	a0, 0x47e82 <.symtab+0x47e82>
      90: 6e 75        	ld	a0, 248(sp)
      92: 6c 6c        	ld	a1, 216(s0)
      94: 00 5f        	lw	s0, 56(a4)
      96: 6e 74        	ld	s0, 248(sp)
      98: 6f 61 5f 66  	jal	sp, 0xf6efc <.symtab+0xf6efc>
      9c: 6f 72 6d 61  	jal	tp, 0xd76b2 <.symtab+0xd76b2>
      a0: 74 00        	addi	a3, sp, 12
      a2: 5f 66 74 6f  	<unknown>
      a6: 61 2e        	addiw	t3, t3, 24
      a8: 70 6f        	ld	a2, 216(a4)
      aa: 77 31 30 00  	<unknown>
      ae: 73 74 72 69  	csrrci	s0, 1687, 4
      b2: 6e 67        	ld	a4, 216(sp)
      b4: 2e 63        	ld	t1, 200(sp)
      b6: 00 73        	ld	s0, 32(a4)
      b8: 65 72        	lui	tp, 1048569
      ba: 69 61        	addi	sp, sp, 208
      bc: 6c 2e        	fld	fa1, 216(a2)
      be: 63 00 75 74  	beq	a0, t2, 0x7fe <.symtab+0x7fe>
      c2: 69 6c        	lui	s8, 26
      c4: 2e 63        	ld	t1, 200(sp)
      c6: 00 6d        	ld	s0, 24(a0)
      c8: 61 69        	lui	s2, 24
      ca: 6e 00        	c.slli	zero, 27
      cc: 6d 65        	lui	a0, 27
      ce: 6d 73        	lui	t1, 1048571
      d0: 65 74        	lui	s0, 1048569
      d2: 00 73        	ld	s0, 32(a4)
      d4: 69 67        	lui	a4, 26
      d6: 6d 61        	addi	sp, sp, 240
      d8: 5f 6e 32 5f  	<unknown>
      dc: 66 78        	ld	a6, 120(sp)
      de: 70 00        	addi	a2, sp, 12
      e0: 74 69        	ld	a3, 208(a0)
      e2: 6d 65        	lui	a0, 27
      e4: 72 00        	c.slli	zero, 28
      e6: 48 5f        	lw	a0, 60(a4)
      e8: 72 65        	ld	a0, 280(sp)
      ea: 61 6c        	lui	s8, 24
      ec: 5f 66 78 70  	<unknown>
      f0: 00 48        	lw	s0, 16(s0)
      f2: 5f 69 6d 61  	<unknown>
      f6: 67 5f 66 78  	<unknown>
      fa: 70 00        	addi	a2, sp, 12
      fc: 76 5f        	lw	t5, 124(sp)
      fe: 63 6f 6d 70  	bltu	s10, t1, 0x81c <.symtab+0x81c>
     102: 75 74        	lui	s0, 1048573
     104: 65 5f        	li	t5, -7
     106: 67 72 61 6d  	<unknown>
     10a: 5f 63 66 78  	<unknown>
     10e: 70 31        	fld	fa2, 224(a0)
     110: 36 00        	c.slli	zero, 13
     112: 76 5f        	lw	t5, 124(sp)
     114: 4c 4c        	lw	a1, 28(s0)
     116: 5f 64 65 63  	<unknown>
     11a: 6f 6d 70 5f  	jal	s10, 0x6f10 <.symtab+0x6f10>
     11e: 63 66 78 70  	bltu	a6, t2, 0x82a <.symtab+0x82a>
     122: 31 36        	addiw	a2, a2, -20
     124: 00 59        	lw	s0, 48(a0)
     126: 5f 72 65 66  	<unknown>
     12a: 5f 69 6d 61  	<unknown>
     12e: 67 00 59 5f  	jr	1525(s2)
     132: 72 65        	ld	a0, 280(sp)
     134: 66 5f        	lw	t5, 120(sp)
     136: 72 65        	ld	a0, 280(sp)
     138: 61 6c        	lui	s8, 24
     13a: 00 76        	ld	s0, 40(a2)
     13c: 5f 63 6f 6d  	<unknown>
     140: 70 75        	ld	a2, 232(a0)
     142: 74 65        	ld	a3, 200(a0)
     144: 5f 7a 5f 63  	<unknown>
     148: 66 78        	ld	a6, 120(sp)
     14a: 70 31        	fld	fa2, 224(a0)
     14c: 36 00        	c.slli	zero, 13
     14e: 70 72        	ld	a2, 224(a2)
     150: 69 6e        	lui	t3, 26
     152: 74 66        	ld	a3, 200(a2)
     154: 5f 00 47 72  	<unknown>
     158: 61 6d        	lui	s10, 24
     15a: 5f 72 65 66  	<unknown>
     15e: 5f 72 65 61  	<unknown>
     162: 6c 00        	addi	a1, sp, 12
     164: 47 72 61 6d  	<unknown>
     168: 5f 72 65 66  	<unknown>
     16c: 5f 69 6d 61  	<unknown>
     170: 67 00 5a 5f  	jr	1525(s4)
     174: 72 65        	ld	a0, 280(sp)
     176: 66 5f        	lw	t5, 120(sp)
     178: 72 65        	ld	a0, 280(sp)
     17a: 61 6c        	lui	s8, 24
     17c: 00 5a        	lw	s0, 48(a2)
     17e: 5f 72 65 66  	<unknown>
     182: 5f 69 6d 61  	<unknown>
     186: 67 00 5f 73  	jr	1845(t5)
     18a: 74 61        	ld	a3, 192(a0)
     18c: 72 74        	ld	s0, 312(sp)
     18e: 00 5f        	lw	s0, 56(a4)
     190: 65 6f        	lui	t5, 25
     192: 63 00 5f 66  	beq	t5, t0, 0x7f2 <.symtab+0x7f2>
     196: 61 69        	lui	s2, 24
     198: 6c 00        	addi	a1, sp, 12
     19a: 6d 74        	lui	s0, 1048571
     19c: 76 65        	ld	a0, 344(sp)
     19e: 63 5f 68 61  	bge	a6, s6, 0x7bc <.symtab+0x7bc>
     1a2: 6e 64        	ld	s0, 216(sp)
     1a4: 6c 65        	ld	a1, 200(a0)
     1a6: 72 00        	c.slli	zero, 28
     1a8: 73 74 76 65  	csrrci	s0, 1623, 12
     1ac: 63 5f 68 61  	bge	a6, s6, 0x7ca <.symtab+0x7ca>
     1b0: 6e 64        	ld	s0, 216(sp)
     1b2: 6c 65        	ld	a1, 200(a0)
     1b4: 72 00        	c.slli	zero, 28
     1b6: 72 76        	ld	a2, 312(sp)
     1b8: 74 65        	ld	a3, 200(a0)
     1ba: 73 74 5f 69  	csrrci	s0, 1685, 30
     1be: 6e 69        	ld	s2, 216(sp)
     1c0: 74 00        	addi	a3, sp, 12
     1c2: 5f 5f 67 6c  	<unknown>
     1c6: 6f 62 61 6c  	jal	tp, 0x1688c <.symtab+0x1688c>
     1ca: 5f 70 6f 69  	<unknown>
     1ce: 6e 74        	ld	s0, 248(sp)
     1d0: 65 72        	lui	tp, 1048569
     1d2: 24 00        	addi	s1, sp, 8
     1d4: 64 72        	ld	s1, 224(a2)
     1d6: 61 6d        	lui	s10, 24
     1d8: 5f 65 6e 64  	<unknown>
     1dc: 5f 61 64 64  	<unknown>
     1e0: 72 65        	ld	a0, 280(sp)
     1e2: 73 73 5f 72  	csrrci	t1, 1829, 30
     1e6: 65 67        	lui	a4, 25
     1e8: 00 65        	ld	s0, 8(a0)
     1ea: 6f 63 5f 61  	jal	t1, 0xf6ffe <.symtab+0xf6ffe>
     1ee: 64 64        	ld	s1, 200(s0)
     1f0: 72 65        	ld	a0, 280(sp)
     1f2: 73 73 5f 72  	csrrci	t1, 1829, 30
     1f6: 65 67        	lui	a4, 25
     1f8: 00 5f        	lw	s0, 56(a4)
     1fa: 70 75        	ld	a2, 232(a0)
     1fc: 74 63        	ld	a3, 192(a4)
     1fe: 68 61        	ld	a0, 192(a0)
     200: 72 00        	c.slli	zero, 28
     202: 66 61        	ld	sp, 88(sp)
     204: 6b 65 5f 75  	<unknown>
     208: 61 72        	lui	tp, 1048568
     20a: 74 00        	addi	a3, sp, 12
     20c: 5f 5f 62 73  	<unknown>
     210: 73 5f 73 74  	csrrwi	t5, mseccfg, 6
     214: 61 72        	lui	tp, 1048568
     216: 74 00        	addi	a3, sp, 12
     218: 5f 5f 62 73  	<unknown>
     21c: 73 5f 65 6e  	csrrwi	t5, 1766, 10
     220: 64 00        	addi	s1, sp, 12
     222: 6c 32        	fld	fa1, 224(a2)
     224: 5f 61 6c 6c  	<unknown>
     228: 6f 63 5f 62  	jal	t1, 0xf704c <.symtab+0xf704c>
     22c: 61 73        	lui	t1, 1048568
     22e: 65 00        	c.nop	25
     230: 64 72        	ld	s1, 224(a2)
     232: 61 6d        	lui	s10, 24
     234: 5f 73 74 61  	<unknown>
     238: 72 74        	ld	s0, 312(sp)
     23a: 5f 61 64 64  	<unknown>
     23e: 72 65        	ld	a0, 280(sp)
     240: 73 73 5f 72  	csrrci	t1, 1829, 30
     244: 65 67        	lui	a4, 25
     246: 00 65        	ld	s0, 8(a0)
     248: 76 65        	ld	a0, 344(sp)
     24a: 6e 74        	ld	s0, 248(sp)
     24c: 5f 74 72 69  	<unknown>
     250: 67 67 65 72  	<unknown>
     254: 00 68        	ld	s0, 16(s0)
     256: 77 5f 63 6e  	<unknown>
     25a: 74 5f        	lw	a3, 124(a4)
     25c: 65 6e        	lui	t3, 25
     25e: 5f 72 65 67  	<unknown>
     262: 00           	<unknown>
