
bin/ut_MMSE_Equalizer_4x4MIMO_fp32:	file format elf64-littleriscv

Disassembly of section .text:

0000000080000000 <_start>:
80000000: 97 71 00 00  	auipc	gp, 7
80000004: 93 81 01 91  	addi	gp, gp, -1776
80000008: 09 a0        	j	0x8000000a <reset_vector>

000000008000000a <reset_vector>:
8000000a: 81 40        	li	ra, 0
8000000c: 01 42        	li	tp, 0
8000000e: 81 42        	li	t0, 0
80000010: 01 43        	li	t1, 0
80000012: 81 43        	li	t2, 0
80000014: 01 44        	li	s0, 0
80000016: 81 44        	li	s1, 0
80000018: 01 45        	li	a0, 0
8000001a: 81 45        	li	a1, 0
8000001c: 01 46        	li	a2, 0
8000001e: 81 46        	li	a3, 0
80000020: 01 47        	li	a4, 0
80000022: 81 47        	li	a5, 0
80000024: 01 48        	li	a6, 0
80000026: 81 48        	li	a7, 0
80000028: 01 49        	li	s2, 0
8000002a: 81 49        	li	s3, 0
8000002c: 01 4a        	li	s4, 0
8000002e: 81 4a        	li	s5, 0
80000030: 01 4b        	li	s6, 0
80000032: 81 4b        	li	s7, 0
80000034: 01 4c        	li	s8, 0
80000036: 81 4c        	li	s9, 0
80000038: 01 4d        	li	s10, 0
8000003a: 81 4d        	li	s11, 0
8000003c: 01 4e        	li	t3, 0
8000003e: 81 4e        	li	t4, 0
80000040: 01 4f        	li	t5, 0
80000042: 81 4f        	li	t6, 0
80000044: 97 02 00 50  	auipc	t0, 327680
80000048: 93 82 c2 fc  	addi	t0, t0, -52
8000004c: 03 b1 02 00  	ld	sp, 0(t0)
80000050: fd 52        	li	t0, -1
80000052: 93 d2 b2 00  	srli	t0, t0, 11
80000056: 73 90 02 3b  	csrw	pmpaddr0, t0
8000005a: fd 42        	li	t0, 31
8000005c: 73 90 02 3a  	csrw	pmpcfg0, t0
80000060: 73 50 40 30  	csrwi	mie, 0
80000064: 97 02 00 00  	auipc	t0, 0
80000068: 93 82 42 07  	addi	t0, t0, 116
8000006c: 73 90 52 30  	csrw	mtvec, t0
80000070: 73 50 20 30  	csrwi	medeleg, 0
80000074: 73 50 30 30  	csrwi	mideleg, 0
80000078: 97 02 00 80  	auipc	t0, 524288
8000007c: 93 82 82 f8  	addi	t0, t0, -120
80000080: 63 8a 02 00  	beqz	t0, 0x80000094 <reset_vector+0x8a>
80000084: 73 90 52 10  	csrw	stvec, t0
80000088: ad 62        	lui	t0, 11
8000008a: 9b 82 92 10  	addiw	t0, t0, 265
8000008e: 73 90 22 30  	csrw	medeleg, t0
80000092: 01 00        	nop
80000094: 73 50 00 30  	csrwi	mstatus, 0
80000098: 89 62        	lui	t0, 2
8000009a: 73 a0 02 30  	csrs	mstatus, t0
8000009e: 73 50 30 00  	csrwi	fcsr, 0
800000a2: 93 02 00 20  	li	t0, 512
800000a6: 73 a0 02 30  	csrs	mstatus, t0
800000aa: 73 e0 60 30  	csrsi	mcounteren, 1
800000ae: 73 e0 60 10  	csrsi	scounteren, 1
800000b2: 97 02 00 80  	auipc	t0, 524288
800000b6: 93 82 e2 f4  	addi	t0, t0, -178
800000ba: 63 83 02 00  	beqz	t0, 0x800000c0 <reset_vector+0xb6>
800000be: 82 92        	jalr	t0
800000c0: 97 00 00 00  	auipc	ra, 0
800000c4: 93 80 00 03  	addi	ra, ra, 48
800000c8: 97 02 00 00  	auipc	t0, 0
800000cc: 93 82 82 04  	addi	t0, t0, 72
800000d0: 73 90 12 34  	csrw	mepc, t0
800000d4: 73 00 20 30  	mret	

00000000800000d8 <trap_vector>:
800000d8: 17 0f 00 80  	auipc	t5, 524288
800000dc: 13 0f 8f f2  	addi	t5, t5, -216
800000e0: 63 03 0f 00  	beqz	t5, 0x800000e6 <trap_vector+0xe>
800000e4: 02 8f        	jr	t5
800000e6: 73 25 20 34  	csrr	a0, mcause
800000ea: 6f 00 60 01  	j	0x80000100 <_fail>
800000ee: 01 00        	nop

00000000800000f0 <_eoc>:
800000f0: 97 02 00 50  	auipc	t0, 327680
800000f4: 93 82 02 f1  	addi	t0, t0, -240
800000f8: 23 b0 a2 00  	sd	a0, 0(t0)
800000fc: 6f f0 5f ff  	j	0x800000f0 <_eoc>

0000000080000100 <_fail>:
80000100: 97 02 00 50  	auipc	t0, 327680
80000104: 93 82 02 f0  	addi	t0, t0, -256
80000108: 23 b0 a2 00  	sd	a0, 0(t0)
8000010c: 6f f0 5f fe  	j	0x800000f0 <_eoc>

0000000080000110 <main>:
80000110: 13 01 01 81  	addi	sp, sp, -2032
80000114: 23 34 11 7e  	sd	ra, 2024(sp)
80000118: 23 30 81 7e  	sd	s0, 2016(sp)
8000011c: 23 3c 91 7c  	sd	s1, 2008(sp)
80000120: 23 38 21 7d  	sd	s2, 2000(sp)
80000124: 27 34 81 7c  	fsd	fs0, 1992(sp)
80000128: 27 30 91 7c  	fsd	fs1, 1984(sp)
8000012c: 11 65        	lui	a0, 4
8000012e: 1b 05 05 85  	addiw	a0, a0, -1968
80000132: 33 01 a1 40  	sub	sp, sp, a0
80000136: 13 05 00 08  	li	a0, 128
8000013a: 57 79 05 05  	vsetvli	s2, a0, e32, m1, ta, mu
8000013e: 09 65        	lui	a0, 2
80000140: 41 25        	addiw	a0, a0, 16
80000142: 0a 95        	add	a0, a0, sp
80000144: 09 66        	lui	a2, 2
80000146: 81 45        	li	a1, 0
80000148: 97 20 00 00  	auipc	ra, 2
8000014c: e7 80 40 ad  	jalr	-1324(ra)
80000150: 08 08        	addi	a0, sp, 16
80000152: 09 66        	lui	a2, 2
80000154: 81 45        	li	a1, 0
80000156: 97 20 00 00  	auipc	ra, 2
8000015a: e7 80 60 ac  	jalr	-1338(ra)
8000015e: 0f 00 f0 0f  	fence
80000162: 73 25 00 c0  	rdcycle	a0
80000166: 33 05 a0 40  	neg	a0, a0
8000016a: 17 64 00 00  	auipc	s0, 6
8000016e: 23 3b a4 fc  	sd	a0, -42(s0)
80000172: 17 25 00 00  	auipc	a0, 2
80000176: 93 06 e5 b0  	addi	a3, a0, -1266
8000017a: 17 45 00 00  	auipc	a0, 4
8000017e: 13 07 65 b0  	addi	a4, a0, -1274
80000182: 17 65 00 00  	auipc	a0, 6
80000186: 13 05 e5 f8  	addi	a0, a0, -114
8000018a: 07 25 05 00  	flw	fa0, 0(a0)
8000018e: 11 45        	li	a0, 4
80000190: 91 45        	li	a1, 4
80000192: 89 67        	lui	a5, 2
80000194: c1 27        	addiw	a5, a5, 16
80000196: 8a 97        	add	a5, a5, sp
80000198: 13 08 01 01  	addi	a6, sp, 16
8000019c: 4a 86        	mv	a2, s2
8000019e: 97 00 00 00  	auipc	ra, 0
800001a2: e7 80 20 15  	jalr	338(ra)
800001a6: 0f 00 f0 0f  	fence
800001aa: f3 24 00 c0  	rdcycle	s1
800001ae: 03 35 64 fd  	ld	a0, -42(s0)
800001b2: 97 65 00 00  	auipc	a1, 6
800001b6: 93 85 65 f6  	addi	a1, a1, -154
800001ba: 07 b0 05 00  	fld	ft0, 0(a1)
800001be: aa 94        	add	s1, s1, a0
800001c0: d3 00 19 d2  	fcvt.d.wu	ft1, s2
800001c4: 53 f0 00 12  	fmul.d	ft0, ft1, ft0
800001c8: d3 f0 24 d2  	fcvt.d.l	ft1, s1
800001cc: 17 65 00 00  	auipc	a0, 6
800001d0: 13 05 45 f5  	addi	a0, a0, -172
800001d4: 07 21 05 00  	flw	ft2, 0(a0)
800001d8: 53 70 10 1a  	fdiv.d	ft0, ft0, ft1
800001dc: 23 3b 94 fc  	sd	s1, -42(s0)
800001e0: 53 74 10 40  	fcvt.s.d	fs0, ft0
800001e4: d3 74 24 10  	fmul.s	fs1, fs0, ft2
800001e8: 17 65 00 00  	auipc	a0, 6
800001ec: 13 04 95 b2  	addi	s0, a0, -1239
800001f0: 22 85        	mv	a0, s0
800001f2: a6 85        	mv	a1, s1
800001f4: 97 10 00 00  	auipc	ra, 1
800001f8: e7 80 e0 be  	jalr	-1042(ra)
800001fc: 53 00 04 42  	fcvt.d.s	ft0, fs0
80000200: d3 80 04 42  	fcvt.d.s	ft1, fs1
80000204: d3 05 00 e2  	fmv.x.d	a1, ft0
80000208: 53 86 00 e2  	fmv.x.d	a2, ft1
8000020c: 17 65 00 00  	auipc	a0, 6
80000210: 13 05 f5 ac  	addi	a0, a0, -1329
80000214: 97 10 00 00  	auipc	ra, 1
80000218: e7 80 e0 bc  	jalr	-1074(ra)
8000021c: 17 65 00 00  	auipc	a0, 6
80000220: 13 05 65 a9  	addi	a0, a0, -1386
80000224: 97 10 00 00  	auipc	ra, 1
80000228: e7 80 e0 bb  	jalr	-1090(ra)
8000022c: 17 65 00 00  	auipc	a0, 6
80000230: 13 05 15 a6  	addi	a0, a0, -1439
80000234: ca 85        	mv	a1, s2
80000236: 97 10 00 00  	auipc	ra, 1
8000023a: e7 80 c0 ba  	jalr	-1108(ra)
8000023e: 17 65 00 00  	auipc	a0, 6
80000242: 13 05 25 a4  	addi	a0, a0, -1470
80000246: 93 05 00 08  	li	a1, 128
8000024a: 97 10 00 00  	auipc	ra, 1
8000024e: e7 80 80 b9  	jalr	-1128(ra)
80000252: 17 65 00 00  	auipc	a0, 6
80000256: 13 05 e5 ad  	addi	a0, a0, -1314
8000025a: 91 45        	li	a1, 4
8000025c: 97 10 00 00  	auipc	ra, 1
80000260: e7 80 60 b8  	jalr	-1146(ra)
80000264: 17 65 00 00  	auipc	a0, 6
80000268: 13 05 a5 a6  	addi	a0, a0, -1430
8000026c: d1 45        	li	a1, 20
8000026e: 97 10 00 00  	auipc	ra, 1
80000272: e7 80 40 b7  	jalr	-1164(ra)
80000276: 22 85        	mv	a0, s0
80000278: a6 85        	mv	a1, s1
8000027a: 97 10 00 00  	auipc	ra, 1
8000027e: e7 80 80 b6  	jalr	-1176(ra)
80000282: 17 65 00 00  	auipc	a0, 6
80000286: 13 05 45 a1  	addi	a0, a0, -1516
8000028a: 97 10 00 00  	auipc	ra, 1
8000028e: e7 80 80 b5  	jalr	-1192(ra)
80000292: 01 45        	li	a0, 0
80000294: 91 65        	lui	a1, 4
80000296: 9b 85 05 85  	addiw	a1, a1, -1968
8000029a: 2e 91        	add	sp, sp, a1
8000029c: 83 30 81 7e  	ld	ra, 2024(sp)
800002a0: 03 34 01 7e  	ld	s0, 2016(sp)
800002a4: 83 34 81 7d  	ld	s1, 2008(sp)
800002a8: 03 39 01 7d  	ld	s2, 2000(sp)
800002ac: 07 34 81 7c  	fld	fs0, 1992(sp)
800002b0: 87 34 01 7c  	fld	fs1, 1984(sp)
800002b4: 13 01 01 7f  	addi	sp, sp, 2032
800002b8: 82 80        	ret

00000000800002ba <vcfmac_vv_f32m1_sim>:
800002ba: 57 70 06 0d  	vsetvli	zero, a2, e32, m1, ta, ma
800002be: 57 17 85 92  	vfmul.vv	v14, v8, v10
800002c2: 57 70 00 09  	vsetvli	zero, zero, e32, m1, tu, ma
800002c6: 57 97 b4 be  	vfnmsac.vv	v14, v9, v11
800002ca: 57 70 00 0d  	vsetvli	zero, zero, e32, m1, ta, ma
800002ce: 57 94 85 92  	vfmul.vv	v8, v8, v11
800002d2: 57 70 00 09  	vsetvli	zero, zero, e32, m1, tu, ma
800002d6: 57 94 a4 b2  	vfmacc.vv	v8, v9, v10
800002da: 57 70 00 0d  	vsetvli	zero, zero, e32, m1, ta, ma
800002de: d7 14 c7 02  	vfadd.vv	v9, v12, v14
800002e2: a7 04 85 02  	vs1r.v	v9, (a0)
800002e6: 57 14 d4 02  	vfadd.vv	v8, v13, v8
800002ea: 27 84 85 02  	vs1r.v	v8, (a1)
800002ee: 82 80        	ret

00000000800002f0 <v_compute_gram_fp32>:
800002f0: 35 71        	addi	sp, sp, -160
800002f2: 06 ed        	sd	ra, 152(sp)
800002f4: 22 e9        	sd	s0, 144(sp)
800002f6: 26 e5        	sd	s1, 136(sp)
800002f8: 4a e1        	sd	s2, 128(sp)
800002fa: ce fc        	sd	s3, 120(sp)
800002fc: d2 f8        	sd	s4, 112(sp)
800002fe: d6 f4        	sd	s5, 104(sp)
80000300: da f0        	sd	s6, 96(sp)
80000302: de ec        	sd	s7, 88(sp)
80000304: e2 e8        	sd	s8, 80(sp)
80000306: e6 e4        	sd	s9, 72(sp)
80000308: ea e0        	sd	s10, 64(sp)
8000030a: 6e fc        	sd	s11, 56(sp)
8000030c: 73 25 20 c2  	csrr	a0, vlenb
80000310: 16 05        	slli	a0, a0, 5
80000312: 33 01 a1 40  	sub	sp, sp, a0
80000316: 42 f0        	sd	a6, 32(sp)
80000318: 3e ec        	sd	a5, 24(sp)
8000031a: 3a 8c        	mv	s8, a4
8000031c: 36 8d        	mv	s10, a3
8000031e: 32 84        	mv	s0, a2
80000320: 81 44        	li	s1, 0
80000322: 57 70 06 0d  	vsetvli	zero, a2, e32, m1, ta, ma
80000326: 57 34 00 5e  	vmv.v.i	v8, 0
8000032a: 73 25 20 c2  	csrr	a0, vlenb
8000032e: 79 46        	li	a2, 30
80000330: 33 05 c5 02  	mul	a0, a0, a2
80000334: 0a 95        	add	a0, a0, sp
80000336: 13 05 05 03  	addi	a0, a0, 48
8000033a: 27 04 85 02  	vs1r.v	v8, (a0)
8000033e: 73 26 20 c2  	csrr	a2, vlenb
80000342: f5 46        	li	a3, 29
80000344: 33 06 d6 02  	mul	a2, a2, a3
80000348: 0a 96        	add	a2, a2, sp
8000034a: 13 06 06 03  	addi	a2, a2, 48
8000034e: 27 04 86 02  	vs1r.v	v8, (a2)
80000352: 73 26 20 c2  	csrr	a2, vlenb
80000356: f1 46        	li	a3, 28
80000358: 33 06 d6 02  	mul	a2, a2, a3
8000035c: 0a 96        	add	a2, a2, sp
8000035e: 13 06 06 03  	addi	a2, a2, 48
80000362: 27 04 86 02  	vs1r.v	v8, (a2)
80000366: 73 26 20 c2  	csrr	a2, vlenb
8000036a: ed 46        	li	a3, 27
8000036c: 33 06 d6 02  	mul	a2, a2, a3
80000370: 0a 96        	add	a2, a2, sp
80000372: 13 06 06 03  	addi	a2, a2, 48
80000376: 27 04 86 02  	vs1r.v	v8, (a2)
8000037a: 73 26 20 c2  	csrr	a2, vlenb
8000037e: e9 46        	li	a3, 26
80000380: 33 06 d6 02  	mul	a2, a2, a3
80000384: 0a 96        	add	a2, a2, sp
80000386: 13 06 06 03  	addi	a2, a2, 48
8000038a: 27 04 86 02  	vs1r.v	v8, (a2)
8000038e: f3 26 20 c2  	csrr	a3, vlenb
80000392: 65 47        	li	a4, 25
80000394: b3 86 e6 02  	mul	a3, a3, a4
80000398: 8a 96        	add	a3, a3, sp
8000039a: 93 86 06 03  	addi	a3, a3, 48
8000039e: 27 84 86 02  	vs1r.v	v8, (a3)
800003a2: f3 26 20 c2  	csrr	a3, vlenb
800003a6: 61 47        	li	a4, 24
800003a8: b3 86 e6 02  	mul	a3, a3, a4
800003ac: 8a 96        	add	a3, a3, sp
800003ae: 93 86 06 03  	addi	a3, a3, 48
800003b2: 27 84 86 02  	vs1r.v	v8, (a3)
800003b6: f3 26 20 c2  	csrr	a3, vlenb
800003ba: 5d 47        	li	a4, 23
800003bc: b3 86 e6 02  	mul	a3, a3, a4
800003c0: 8a 96        	add	a3, a3, sp
800003c2: 93 86 06 03  	addi	a3, a3, 48
800003c6: 27 84 86 02  	vs1r.v	v8, (a3)
800003ca: 73 27 20 c2  	csrr	a4, vlenb
800003ce: d9 47        	li	a5, 22
800003d0: 33 07 f7 02  	mul	a4, a4, a5
800003d4: 0a 97        	add	a4, a4, sp
800003d6: 13 07 07 03  	addi	a4, a4, 48
800003da: 27 04 87 02  	vs1r.v	v8, (a4)
800003de: 73 27 20 c2  	csrr	a4, vlenb
800003e2: d5 47        	li	a5, 21
800003e4: 33 07 f7 02  	mul	a4, a4, a5
800003e8: 0a 97        	add	a4, a4, sp
800003ea: 13 07 07 03  	addi	a4, a4, 48
800003ee: 27 04 87 02  	vs1r.v	v8, (a4)
800003f2: f3 27 20 c2  	csrr	a5, vlenb
800003f6: 51 48        	li	a6, 20
800003f8: b3 87 07 03  	mul	a5, a5, a6
800003fc: 8a 97        	add	a5, a5, sp
800003fe: 93 87 07 03  	addi	a5, a5, 48
80000402: 27 84 87 02  	vs1r.v	v8, (a5)
80000406: f3 27 20 c2  	csrr	a5, vlenb
8000040a: 4d 48        	li	a6, 19
8000040c: b3 87 07 03  	mul	a5, a5, a6
80000410: 8a 97        	add	a5, a5, sp
80000412: 93 87 07 03  	addi	a5, a5, 48
80000416: 27 84 87 02  	vs1r.v	v8, (a5)
8000041a: f3 27 20 c2  	csrr	a5, vlenb
8000041e: 49 48        	li	a6, 18
80000420: b3 87 07 03  	mul	a5, a5, a6
80000424: 8a 97        	add	a5, a5, sp
80000426: 93 87 07 03  	addi	a5, a5, 48
8000042a: 27 84 87 02  	vs1r.v	v8, (a5)
8000042e: f3 27 20 c2  	csrr	a5, vlenb
80000432: 13 98 47 00  	slli	a6, a5, 4
80000436: c2 97        	add	a5, a5, a6
80000438: 8a 97        	add	a5, a5, sp
8000043a: 93 87 07 03  	addi	a5, a5, 48
8000043e: 27 84 87 02  	vs1r.v	v8, (a5)
80000442: f3 27 20 c2  	csrr	a5, vlenb
80000446: 92 07        	slli	a5, a5, 4
80000448: 8a 97        	add	a5, a5, sp
8000044a: 93 87 07 03  	addi	a5, a5, 48
8000044e: 27 84 87 02  	vs1r.v	v8, (a5)
80000452: f3 27 20 c2  	csrr	a5, vlenb
80000456: 13 98 47 00  	slli	a6, a5, 4
8000045a: b3 07 f8 40  	sub	a5, a6, a5
8000045e: 8a 97        	add	a5, a5, sp
80000460: 93 87 07 03  	addi	a5, a5, 48
80000464: 27 84 87 02  	vs1r.v	v8, (a5)
80000468: f3 27 20 c2  	csrr	a5, vlenb
8000046c: 39 48        	li	a6, 14
8000046e: b3 87 07 03  	mul	a5, a5, a6
80000472: 8a 97        	add	a5, a5, sp
80000474: 93 87 07 03  	addi	a5, a5, 48
80000478: 27 84 87 02  	vs1r.v	v8, (a5)
8000047c: f3 27 20 c2  	csrr	a5, vlenb
80000480: 35 48        	li	a6, 13
80000482: b3 87 07 03  	mul	a5, a5, a6
80000486: 8a 97        	add	a5, a5, sp
80000488: 93 87 07 03  	addi	a5, a5, 48
8000048c: 27 84 87 02  	vs1r.v	v8, (a5)
80000490: f3 27 20 c2  	csrr	a5, vlenb
80000494: 31 48        	li	a6, 12
80000496: b3 87 07 03  	mul	a5, a5, a6
8000049a: 8a 97        	add	a5, a5, sp
8000049c: 93 87 07 03  	addi	a5, a5, 48
800004a0: 27 84 87 02  	vs1r.v	v8, (a5)
800004a4: f3 27 20 c2  	csrr	a5, vlenb
800004a8: 2d 48        	li	a6, 11
800004aa: b3 87 07 03  	mul	a5, a5, a6
800004ae: 8a 97        	add	a5, a5, sp
800004b0: 93 87 07 03  	addi	a5, a5, 48
800004b4: 27 84 87 02  	vs1r.v	v8, (a5)
800004b8: 57 54 85 02  	vfadd.vf	v8, v8, fa0
800004bc: 27 04 85 02  	vs1r.v	v8, (a0)
800004c0: 27 04 86 02  	vs1r.v	v8, (a2)
800004c4: 27 84 86 02  	vs1r.v	v8, (a3)
800004c8: 27 04 87 02  	vs1r.v	v8, (a4)
800004cc: 31 45        	li	a0, 12
800004ce: 33 0b a4 02  	mul	s6, s0, a0
800004d2: 2e e8        	sd	a1, 16(sp)
800004d4: b3 0b b4 02  	mul	s7, s0, a1
800004d8: 8a 0b        	slli	s7, s7, 2
800004da: b3 0a 6c 01  	add	s5, s8, s6
800004de: 6a 9b        	add	s6, s6, s10
800004e0: 93 19 34 00  	slli	s3, s0, 3
800004e4: 33 09 3c 01  	add	s2, s8, s3
800004e8: ea 99        	add	s3, s3, s10
800004ea: 13 1a 24 00  	slli	s4, s0, 2
800004ee: b3 0d 4c 01  	add	s11, s8, s4
800004f2: 6a 9a        	add	s4, s4, s10
800004f4: 91 4c        	li	s9, 4
800004f6: 33 05 9d 00  	add	a0, s10, s1
800004fa: 57 70 04 0d  	vsetvli	zero, s0, e32, m1, ta, ma
800004fe: 07 64 05 02  	vle32.v	v8, (a0)
80000502: 73 25 20 c2  	csrr	a0, vlenb
80000506: 99 45        	li	a1, 6
80000508: 33 05 b5 02  	mul	a0, a0, a1
8000050c: 0a 95        	add	a0, a0, sp
8000050e: 13 05 05 03  	addi	a0, a0, 48
80000512: 27 04 85 02  	vs1r.v	v8, (a0)
80000516: 33 05 9c 00  	add	a0, s8, s1
8000051a: 87 65 05 02  	vle32.v	v11, (a0)
8000051e: 73 25 20 c2  	csrr	a0, vlenb
80000522: 93 15 25 00  	slli	a1, a0, 2
80000526: 2e 95        	add	a0, a0, a1
80000528: 0a 95        	add	a0, a0, sp
8000052a: 13 05 05 03  	addi	a0, a0, 48
8000052e: a7 05 85 02  	vs1r.v	v11, (a0)
80000532: 73 25 20 c2  	csrr	a0, vlenb
80000536: f9 45        	li	a1, 30
80000538: 33 05 b5 02  	mul	a0, a0, a1
8000053c: 0a 95        	add	a0, a0, sp
8000053e: 13 05 05 03  	addi	a0, a0, 48
80000542: 07 66 85 02  	vl1re32.v	v12, (a0)
80000546: 73 25 20 c2  	csrr	a0, vlenb
8000054a: d1 45        	li	a1, 20
8000054c: 33 05 b5 02  	mul	a0, a0, a1
80000550: 0a 95        	add	a0, a0, sp
80000552: 13 05 05 03  	addi	a0, a0, 48
80000556: 87 66 85 02  	vl1re32.v	v13, (a0)
8000055a: d7 94 b5 26  	vfneg.v	v9, v11
8000055e: 73 25 20 c2  	csrr	a0, vlenb
80000562: f9 45        	li	a1, 30
80000564: 33 05 b5 02  	mul	a0, a0, a1
80000568: 0a 95        	add	a0, a0, sp
8000056a: 13 05 05 03  	addi	a0, a0, 48
8000056e: f3 25 20 c2  	csrr	a1, vlenb
80000572: 51 46        	li	a2, 20
80000574: b3 85 c5 02  	mul	a1, a1, a2
80000578: 8a 95        	add	a1, a1, sp
8000057a: 93 85 05 03  	addi	a1, a1, 48
8000057e: 57 05 04 5e  	vmv.v.v	v10, v8
80000582: 22 86        	mv	a2, s0
80000584: 97 00 00 00  	auipc	ra, 0
80000588: e7 80 60 d3  	jalr	-714(ra)
8000058c: 33 05 9a 00  	add	a0, s4, s1
80000590: 57 70 04 0d  	vsetvli	zero, s0, e32, m1, ta, ma
80000594: 07 64 05 02  	vle32.v	v8, (a0)
80000598: 73 25 20 c2  	csrr	a0, vlenb
8000059c: 0a 05        	slli	a0, a0, 2
8000059e: 0a 95        	add	a0, a0, sp
800005a0: 13 05 05 03  	addi	a0, a0, 48
800005a4: 27 04 85 02  	vs1r.v	v8, (a0)
800005a8: 33 85 9d 00  	add	a0, s11, s1
800005ac: 87 64 05 02  	vle32.v	v9, (a0)
800005b0: 73 25 20 c2  	csrr	a0, vlenb
800005b4: a9 45        	li	a1, 10
800005b6: 33 05 b5 02  	mul	a0, a0, a1
800005ba: 0a 95        	add	a0, a0, sp
800005bc: 13 05 05 03  	addi	a0, a0, 48
800005c0: a7 04 85 02  	vs1r.v	v9, (a0)
800005c4: 73 25 20 c2  	csrr	a0, vlenb
800005c8: f5 45        	li	a1, 29
800005ca: 33 05 b5 02  	mul	a0, a0, a1
800005ce: 0a 95        	add	a0, a0, sp
800005d0: 13 05 05 03  	addi	a0, a0, 48
800005d4: 07 66 85 02  	vl1re32.v	v12, (a0)
800005d8: 73 25 20 c2  	csrr	a0, vlenb
800005dc: cd 45        	li	a1, 19
800005de: 33 05 b5 02  	mul	a0, a0, a1
800005e2: 0a 95        	add	a0, a0, sp
800005e4: 13 05 05 03  	addi	a0, a0, 48
800005e8: 87 66 85 02  	vl1re32.v	v13, (a0)
800005ec: d7 94 94 26  	vfneg.v	v9, v9
800005f0: 08 18        	addi	a0, sp, 48
800005f2: a7 04 85 02  	vs1r.v	v9, (a0)
800005f6: 73 25 20 c2  	csrr	a0, vlenb
800005fa: f5 45        	li	a1, 29
800005fc: 33 05 b5 02  	mul	a0, a0, a1
80000600: 0a 95        	add	a0, a0, sp
80000602: 13 05 05 03  	addi	a0, a0, 48
80000606: f3 25 20 c2  	csrr	a1, vlenb
8000060a: 4d 46        	li	a2, 19
8000060c: b3 85 c5 02  	mul	a1, a1, a2
80000610: 8a 95        	add	a1, a1, sp
80000612: 93 85 05 03  	addi	a1, a1, 48
80000616: 73 26 20 c2  	csrr	a2, vlenb
8000061a: 99 46        	li	a3, 6
8000061c: 33 06 d6 02  	mul	a2, a2, a3
80000620: 0a 96        	add	a2, a2, sp
80000622: 13 06 06 03  	addi	a2, a2, 48
80000626: 07 05 86 02  	vl1r.v	v10, (a2)
8000062a: 73 26 20 c2  	csrr	a2, vlenb
8000062e: 93 16 26 00  	slli	a3, a2, 2
80000632: 36 96        	add	a2, a2, a3
80000634: 0a 96        	add	a2, a2, sp
80000636: 13 06 06 03  	addi	a2, a2, 48
8000063a: 87 05 86 02  	vl1r.v	v11, (a2)
8000063e: 22 86        	mv	a2, s0
80000640: 97 00 00 00  	auipc	ra, 0
80000644: e7 80 a0 c7  	jalr	-902(ra)
80000648: 33 85 99 00  	add	a0, s3, s1
8000064c: 57 70 04 0d  	vsetvli	zero, s0, e32, m1, ta, ma
80000650: 07 64 05 02  	vle32.v	v8, (a0)
80000654: 73 25 20 c2  	csrr	a0, vlenb
80000658: 93 15 35 00  	slli	a1, a0, 3
8000065c: 33 85 a5 40  	sub	a0, a1, a0
80000660: 0a 95        	add	a0, a0, sp
80000662: 13 05 05 03  	addi	a0, a0, 48
80000666: 27 04 85 02  	vs1r.v	v8, (a0)
8000066a: 33 05 99 00  	add	a0, s2, s1
8000066e: 87 64 05 02  	vle32.v	v9, (a0)
80000672: 73 25 20 c2  	csrr	a0, vlenb
80000676: 93 15 15 00  	slli	a1, a0, 1
8000067a: 2e 95        	add	a0, a0, a1
8000067c: 0a 95        	add	a0, a0, sp
8000067e: 13 05 05 03  	addi	a0, a0, 48
80000682: a7 04 85 02  	vs1r.v	v9, (a0)
80000686: 73 25 20 c2  	csrr	a0, vlenb
8000068a: f1 45        	li	a1, 28
8000068c: 33 05 b5 02  	mul	a0, a0, a1
80000690: 0a 95        	add	a0, a0, sp
80000692: 13 05 05 03  	addi	a0, a0, 48
80000696: 07 66 85 02  	vl1re32.v	v12, (a0)
8000069a: 73 25 20 c2  	csrr	a0, vlenb
8000069e: c9 45        	li	a1, 18
800006a0: 33 05 b5 02  	mul	a0, a0, a1
800006a4: 0a 95        	add	a0, a0, sp
800006a6: 13 05 05 03  	addi	a0, a0, 48
800006aa: 87 66 85 02  	vl1re32.v	v13, (a0)
800006ae: d7 94 94 26  	vfneg.v	v9, v9
800006b2: 73 25 20 c2  	csrr	a0, vlenb
800006b6: 06 05        	slli	a0, a0, 1
800006b8: 0a 95        	add	a0, a0, sp
800006ba: 13 05 05 03  	addi	a0, a0, 48
800006be: a7 04 85 02  	vs1r.v	v9, (a0)
800006c2: 73 25 20 c2  	csrr	a0, vlenb
800006c6: f1 45        	li	a1, 28
800006c8: 33 05 b5 02  	mul	a0, a0, a1
800006cc: 0a 95        	add	a0, a0, sp
800006ce: 13 05 05 03  	addi	a0, a0, 48
800006d2: f3 25 20 c2  	csrr	a1, vlenb
800006d6: 49 46        	li	a2, 18
800006d8: b3 85 c5 02  	mul	a1, a1, a2
800006dc: 8a 95        	add	a1, a1, sp
800006de: 93 85 05 03  	addi	a1, a1, 48
800006e2: 73 26 20 c2  	csrr	a2, vlenb
800006e6: 99 46        	li	a3, 6
800006e8: 33 06 d6 02  	mul	a2, a2, a3
800006ec: 0a 96        	add	a2, a2, sp
800006ee: 13 06 06 03  	addi	a2, a2, 48
800006f2: 07 05 86 02  	vl1r.v	v10, (a2)
800006f6: 73 26 20 c2  	csrr	a2, vlenb
800006fa: 93 16 26 00  	slli	a3, a2, 2
800006fe: 36 96        	add	a2, a2, a3
80000700: 0a 96        	add	a2, a2, sp
80000702: 13 06 06 03  	addi	a2, a2, 48
80000706: 87 05 86 02  	vl1r.v	v11, (a2)
8000070a: 22 86        	mv	a2, s0
8000070c: 97 00 00 00  	auipc	ra, 0
80000710: e7 80 e0 ba  	jalr	-1106(ra)
80000714: 33 05 9b 00  	add	a0, s6, s1
80000718: 57 70 04 0d  	vsetvli	zero, s0, e32, m1, ta, ma
8000071c: 07 64 05 02  	vle32.v	v8, (a0)
80000720: 73 25 20 c2  	csrr	a0, vlenb
80000724: 0e 05        	slli	a0, a0, 3
80000726: 0a 95        	add	a0, a0, sp
80000728: 13 05 05 03  	addi	a0, a0, 48
8000072c: 27 04 85 02  	vs1r.v	v8, (a0)
80000730: 33 85 9a 00  	add	a0, s5, s1
80000734: 87 64 05 02  	vle32.v	v9, (a0)
80000738: 73 25 20 c2  	csrr	a0, vlenb
8000073c: 0a 95        	add	a0, a0, sp
8000073e: 13 05 05 03  	addi	a0, a0, 48
80000742: a7 04 85 02  	vs1r.v	v9, (a0)
80000746: 73 25 20 c2  	csrr	a0, vlenb
8000074a: ed 45        	li	a1, 27
8000074c: 33 05 b5 02  	mul	a0, a0, a1
80000750: 0a 95        	add	a0, a0, sp
80000752: 13 05 05 03  	addi	a0, a0, 48
80000756: 07 66 85 02  	vl1re32.v	v12, (a0)
8000075a: 73 25 20 c2  	csrr	a0, vlenb
8000075e: 93 15 45 00  	slli	a1, a0, 4
80000762: 2e 95        	add	a0, a0, a1
80000764: 0a 95        	add	a0, a0, sp
80000766: 13 05 05 03  	addi	a0, a0, 48
8000076a: 87 66 85 02  	vl1re32.v	v13, (a0)
8000076e: d7 94 94 26  	vfneg.v	v9, v9
80000772: 73 25 20 c2  	csrr	a0, vlenb
80000776: 93 15 35 00  	slli	a1, a0, 3
8000077a: 2e 95        	add	a0, a0, a1
8000077c: 0a 95        	add	a0, a0, sp
8000077e: 13 05 05 03  	addi	a0, a0, 48
80000782: a7 04 85 02  	vs1r.v	v9, (a0)
80000786: 73 25 20 c2  	csrr	a0, vlenb
8000078a: ed 45        	li	a1, 27
8000078c: 33 05 b5 02  	mul	a0, a0, a1
80000790: 0a 95        	add	a0, a0, sp
80000792: 13 05 05 03  	addi	a0, a0, 48
80000796: f3 25 20 c2  	csrr	a1, vlenb
8000079a: 13 96 45 00  	slli	a2, a1, 4
8000079e: b2 95        	add	a1, a1, a2
800007a0: 8a 95        	add	a1, a1, sp
800007a2: 93 85 05 03  	addi	a1, a1, 48
800007a6: 73 26 20 c2  	csrr	a2, vlenb
800007aa: 99 46        	li	a3, 6
800007ac: 33 06 d6 02  	mul	a2, a2, a3
800007b0: 0a 96        	add	a2, a2, sp
800007b2: 13 06 06 03  	addi	a2, a2, 48
800007b6: 07 05 86 02  	vl1r.v	v10, (a2)
800007ba: 73 26 20 c2  	csrr	a2, vlenb
800007be: 93 16 26 00  	slli	a3, a2, 2
800007c2: 36 96        	add	a2, a2, a3
800007c4: 0a 96        	add	a2, a2, sp
800007c6: 13 06 06 03  	addi	a2, a2, 48
800007ca: 87 05 86 02  	vl1r.v	v11, (a2)
800007ce: 22 86        	mv	a2, s0
800007d0: 97 00 00 00  	auipc	ra, 0
800007d4: e7 80 a0 ae  	jalr	-1302(ra)
800007d8: 73 25 20 c2  	csrr	a0, vlenb
800007dc: e9 45        	li	a1, 26
800007de: 33 05 b5 02  	mul	a0, a0, a1
800007e2: 0a 95        	add	a0, a0, sp
800007e4: 13 05 05 03  	addi	a0, a0, 48
800007e8: 07 66 85 02  	vl1re32.v	v12, (a0)
800007ec: 73 25 20 c2  	csrr	a0, vlenb
800007f0: 12 05        	slli	a0, a0, 4
800007f2: 0a 95        	add	a0, a0, sp
800007f4: 13 05 05 03  	addi	a0, a0, 48
800007f8: 87 66 85 02  	vl1re32.v	v13, (a0)
800007fc: 73 25 20 c2  	csrr	a0, vlenb
80000800: e9 45        	li	a1, 26
80000802: 33 05 b5 02  	mul	a0, a0, a1
80000806: 0a 95        	add	a0, a0, sp
80000808: 13 05 05 03  	addi	a0, a0, 48
8000080c: f3 25 20 c2  	csrr	a1, vlenb
80000810: 92 05        	slli	a1, a1, 4
80000812: 8a 95        	add	a1, a1, sp
80000814: 93 85 05 03  	addi	a1, a1, 48
80000818: 73 26 20 c2  	csrr	a2, vlenb
8000081c: 0a 06        	slli	a2, a2, 2
8000081e: 0a 96        	add	a2, a2, sp
80000820: 13 06 06 03  	addi	a2, a2, 48
80000824: 07 04 86 02  	vl1r.v	v8, (a2)
80000828: 10 18        	addi	a2, sp, 48
8000082a: 87 04 86 02  	vl1r.v	v9, (a2)
8000082e: 57 35 80 9e  	vmv1r.v	v10, v8
80000832: 73 26 20 c2  	csrr	a2, vlenb
80000836: a9 46        	li	a3, 10
80000838: 33 06 d6 02  	mul	a2, a2, a3
8000083c: 0a 96        	add	a2, a2, sp
8000083e: 13 06 06 03  	addi	a2, a2, 48
80000842: 87 05 86 02  	vl1r.v	v11, (a2)
80000846: 22 86        	mv	a2, s0
80000848: 97 00 00 00  	auipc	ra, 0
8000084c: e7 80 20 a7  	jalr	-1422(ra)
80000850: 73 25 20 c2  	csrr	a0, vlenb
80000854: e5 45        	li	a1, 25
80000856: 33 05 b5 02  	mul	a0, a0, a1
8000085a: 0a 95        	add	a0, a0, sp
8000085c: 13 05 05 03  	addi	a0, a0, 48
80000860: 07 66 85 02  	vl1re32.v	v12, (a0)
80000864: 73 25 20 c2  	csrr	a0, vlenb
80000868: 93 15 45 00  	slli	a1, a0, 4
8000086c: 33 85 a5 40  	sub	a0, a1, a0
80000870: 0a 95        	add	a0, a0, sp
80000872: 13 05 05 03  	addi	a0, a0, 48
80000876: 87 66 85 02  	vl1re32.v	v13, (a0)
8000087a: 73 25 20 c2  	csrr	a0, vlenb
8000087e: e5 45        	li	a1, 25
80000880: 33 05 b5 02  	mul	a0, a0, a1
80000884: 0a 95        	add	a0, a0, sp
80000886: 13 05 05 03  	addi	a0, a0, 48
8000088a: f3 25 20 c2  	csrr	a1, vlenb
8000088e: 13 96 45 00  	slli	a2, a1, 4
80000892: b3 05 b6 40  	sub	a1, a2, a1
80000896: 8a 95        	add	a1, a1, sp
80000898: 93 85 05 03  	addi	a1, a1, 48
8000089c: 73 26 20 c2  	csrr	a2, vlenb
800008a0: 93 16 36 00  	slli	a3, a2, 3
800008a4: 33 86 c6 40  	sub	a2, a3, a2
800008a8: 0a 96        	add	a2, a2, sp
800008aa: 13 06 06 03  	addi	a2, a2, 48
800008ae: 07 04 86 02  	vl1r.v	v8, (a2)
800008b2: 73 26 20 c2  	csrr	a2, vlenb
800008b6: 06 06        	slli	a2, a2, 1
800008b8: 0a 96        	add	a2, a2, sp
800008ba: 13 06 06 03  	addi	a2, a2, 48
800008be: 87 04 86 02  	vl1r.v	v9, (a2)
800008c2: 73 26 20 c2  	csrr	a2, vlenb
800008c6: 0a 06        	slli	a2, a2, 2
800008c8: 0a 96        	add	a2, a2, sp
800008ca: 13 06 06 03  	addi	a2, a2, 48
800008ce: 07 05 86 02  	vl1r.v	v10, (a2)
800008d2: 73 26 20 c2  	csrr	a2, vlenb
800008d6: a9 46        	li	a3, 10
800008d8: 33 06 d6 02  	mul	a2, a2, a3
800008dc: 0a 96        	add	a2, a2, sp
800008de: 13 06 06 03  	addi	a2, a2, 48
800008e2: 87 05 86 02  	vl1r.v	v11, (a2)
800008e6: 22 86        	mv	a2, s0
800008e8: 97 00 00 00  	auipc	ra, 0
800008ec: e7 80 20 9d  	jalr	-1582(ra)
800008f0: 73 25 20 c2  	csrr	a0, vlenb
800008f4: e1 45        	li	a1, 24
800008f6: 33 05 b5 02  	mul	a0, a0, a1
800008fa: 0a 95        	add	a0, a0, sp
800008fc: 13 05 05 03  	addi	a0, a0, 48
80000900: 07 66 85 02  	vl1re32.v	v12, (a0)
80000904: 73 25 20 c2  	csrr	a0, vlenb
80000908: b9 45        	li	a1, 14
8000090a: 33 05 b5 02  	mul	a0, a0, a1
8000090e: 0a 95        	add	a0, a0, sp
80000910: 13 05 05 03  	addi	a0, a0, 48
80000914: 87 66 85 02  	vl1re32.v	v13, (a0)
80000918: 73 25 20 c2  	csrr	a0, vlenb
8000091c: e1 45        	li	a1, 24
8000091e: 33 05 b5 02  	mul	a0, a0, a1
80000922: 0a 95        	add	a0, a0, sp
80000924: 13 05 05 03  	addi	a0, a0, 48
80000928: f3 25 20 c2  	csrr	a1, vlenb
8000092c: 39 46        	li	a2, 14
8000092e: b3 85 c5 02  	mul	a1, a1, a2
80000932: 8a 95        	add	a1, a1, sp
80000934: 93 85 05 03  	addi	a1, a1, 48
80000938: 73 26 20 c2  	csrr	a2, vlenb
8000093c: 0e 06        	slli	a2, a2, 3
8000093e: 0a 96        	add	a2, a2, sp
80000940: 13 06 06 03  	addi	a2, a2, 48
80000944: 07 04 86 02  	vl1r.v	v8, (a2)
80000948: 73 26 20 c2  	csrr	a2, vlenb
8000094c: 93 16 36 00  	slli	a3, a2, 3
80000950: 36 96        	add	a2, a2, a3
80000952: 0a 96        	add	a2, a2, sp
80000954: 13 06 06 03  	addi	a2, a2, 48
80000958: 87 04 86 02  	vl1r.v	v9, (a2)
8000095c: 73 26 20 c2  	csrr	a2, vlenb
80000960: 0a 06        	slli	a2, a2, 2
80000962: 0a 96        	add	a2, a2, sp
80000964: 13 06 06 03  	addi	a2, a2, 48
80000968: 07 05 86 02  	vl1r.v	v10, (a2)
8000096c: 73 26 20 c2  	csrr	a2, vlenb
80000970: a9 46        	li	a3, 10
80000972: 33 06 d6 02  	mul	a2, a2, a3
80000976: 0a 96        	add	a2, a2, sp
80000978: 13 06 06 03  	addi	a2, a2, 48
8000097c: 87 05 86 02  	vl1r.v	v11, (a2)
80000980: 22 86        	mv	a2, s0
80000982: 97 00 00 00  	auipc	ra, 0
80000986: e7 80 80 93  	jalr	-1736(ra)
8000098a: 73 25 20 c2  	csrr	a0, vlenb
8000098e: dd 45        	li	a1, 23
80000990: 33 05 b5 02  	mul	a0, a0, a1
80000994: 0a 95        	add	a0, a0, sp
80000996: 13 05 05 03  	addi	a0, a0, 48
8000099a: 07 66 85 02  	vl1re32.v	v12, (a0)
8000099e: 73 25 20 c2  	csrr	a0, vlenb
800009a2: b5 45        	li	a1, 13
800009a4: 33 05 b5 02  	mul	a0, a0, a1
800009a8: 0a 95        	add	a0, a0, sp
800009aa: 13 05 05 03  	addi	a0, a0, 48
800009ae: 87 66 85 02  	vl1re32.v	v13, (a0)
800009b2: 73 25 20 c2  	csrr	a0, vlenb
800009b6: dd 45        	li	a1, 23
800009b8: 33 05 b5 02  	mul	a0, a0, a1
800009bc: 0a 95        	add	a0, a0, sp
800009be: 13 05 05 03  	addi	a0, a0, 48
800009c2: f3 25 20 c2  	csrr	a1, vlenb
800009c6: 35 46        	li	a2, 13
800009c8: b3 85 c5 02  	mul	a1, a1, a2
800009cc: 8a 95        	add	a1, a1, sp
800009ce: 93 85 05 03  	addi	a1, a1, 48
800009d2: 73 26 20 c2  	csrr	a2, vlenb
800009d6: 93 16 36 00  	slli	a3, a2, 3
800009da: 33 86 c6 40  	sub	a2, a3, a2
800009de: 0a 96        	add	a2, a2, sp
800009e0: 13 06 06 03  	addi	a2, a2, 48
800009e4: 07 04 86 02  	vl1r.v	v8, (a2)
800009e8: 73 26 20 c2  	csrr	a2, vlenb
800009ec: 06 06        	slli	a2, a2, 1
800009ee: 0a 96        	add	a2, a2, sp
800009f0: 13 06 06 03  	addi	a2, a2, 48
800009f4: 87 04 86 02  	vl1r.v	v9, (a2)
800009f8: 57 35 80 9e  	vmv1r.v	v10, v8
800009fc: 73 26 20 c2  	csrr	a2, vlenb
80000a00: 93 16 16 00  	slli	a3, a2, 1
80000a04: 36 96        	add	a2, a2, a3
80000a06: 0a 96        	add	a2, a2, sp
80000a08: 13 06 06 03  	addi	a2, a2, 48
80000a0c: 87 05 86 02  	vl1r.v	v11, (a2)
80000a10: 22 86        	mv	a2, s0
80000a12: 97 00 00 00  	auipc	ra, 0
80000a16: e7 80 80 8a  	jalr	-1880(ra)
80000a1a: 73 25 20 c2  	csrr	a0, vlenb
80000a1e: d9 45        	li	a1, 22
80000a20: 33 05 b5 02  	mul	a0, a0, a1
80000a24: 0a 95        	add	a0, a0, sp
80000a26: 13 05 05 03  	addi	a0, a0, 48
80000a2a: 07 66 85 02  	vl1re32.v	v12, (a0)
80000a2e: 73 25 20 c2  	csrr	a0, vlenb
80000a32: b1 45        	li	a1, 12
80000a34: 33 05 b5 02  	mul	a0, a0, a1
80000a38: 0a 95        	add	a0, a0, sp
80000a3a: 13 05 05 03  	addi	a0, a0, 48
80000a3e: 87 66 85 02  	vl1re32.v	v13, (a0)
80000a42: 73 25 20 c2  	csrr	a0, vlenb
80000a46: d9 45        	li	a1, 22
80000a48: 33 05 b5 02  	mul	a0, a0, a1
80000a4c: 0a 95        	add	a0, a0, sp
80000a4e: 13 05 05 03  	addi	a0, a0, 48
80000a52: f3 25 20 c2  	csrr	a1, vlenb
80000a56: 31 46        	li	a2, 12
80000a58: b3 85 c5 02  	mul	a1, a1, a2
80000a5c: 8a 95        	add	a1, a1, sp
80000a5e: 93 85 05 03  	addi	a1, a1, 48
80000a62: 73 26 20 c2  	csrr	a2, vlenb
80000a66: 0e 06        	slli	a2, a2, 3
80000a68: 0a 96        	add	a2, a2, sp
80000a6a: 13 06 06 03  	addi	a2, a2, 48
80000a6e: 07 04 86 02  	vl1r.v	v8, (a2)
80000a72: 73 26 20 c2  	csrr	a2, vlenb
80000a76: 93 16 36 00  	slli	a3, a2, 3
80000a7a: 36 96        	add	a2, a2, a3
80000a7c: 0a 96        	add	a2, a2, sp
80000a7e: 13 06 06 03  	addi	a2, a2, 48
80000a82: 87 04 86 02  	vl1r.v	v9, (a2)
80000a86: 73 26 20 c2  	csrr	a2, vlenb
80000a8a: 93 16 36 00  	slli	a3, a2, 3
80000a8e: 33 86 c6 40  	sub	a2, a3, a2
80000a92: 0a 96        	add	a2, a2, sp
80000a94: 13 06 06 03  	addi	a2, a2, 48
80000a98: 07 05 86 02  	vl1r.v	v10, (a2)
80000a9c: 73 26 20 c2  	csrr	a2, vlenb
80000aa0: 93 16 16 00  	slli	a3, a2, 1
80000aa4: 36 96        	add	a2, a2, a3
80000aa6: 0a 96        	add	a2, a2, sp
80000aa8: 13 06 06 03  	addi	a2, a2, 48
80000aac: 87 05 86 02  	vl1r.v	v11, (a2)
80000ab0: 22 86        	mv	a2, s0
80000ab2: 97 00 00 00  	auipc	ra, 0
80000ab6: e7 80 80 80  	jalr	-2040(ra)
80000aba: 73 25 20 c2  	csrr	a0, vlenb
80000abe: d5 45        	li	a1, 21
80000ac0: 33 05 b5 02  	mul	a0, a0, a1
80000ac4: 0a 95        	add	a0, a0, sp
80000ac6: 13 05 05 03  	addi	a0, a0, 48
80000aca: 07 66 85 02  	vl1re32.v	v12, (a0)
80000ace: 73 25 20 c2  	csrr	a0, vlenb
80000ad2: ad 45        	li	a1, 11
80000ad4: 33 05 b5 02  	mul	a0, a0, a1
80000ad8: 0a 95        	add	a0, a0, sp
80000ada: 13 05 05 03  	addi	a0, a0, 48
80000ade: 87 66 85 02  	vl1re32.v	v13, (a0)
80000ae2: 73 25 20 c2  	csrr	a0, vlenb
80000ae6: d5 45        	li	a1, 21
80000ae8: 33 05 b5 02  	mul	a0, a0, a1
80000aec: 0a 95        	add	a0, a0, sp
80000aee: 13 05 05 03  	addi	a0, a0, 48
80000af2: f3 25 20 c2  	csrr	a1, vlenb
80000af6: 2d 46        	li	a2, 11
80000af8: b3 85 c5 02  	mul	a1, a1, a2
80000afc: 8a 95        	add	a1, a1, sp
80000afe: 93 85 05 03  	addi	a1, a1, 48
80000b02: 73 26 20 c2  	csrr	a2, vlenb
80000b06: 0e 06        	slli	a2, a2, 3
80000b08: 0a 96        	add	a2, a2, sp
80000b0a: 13 06 06 03  	addi	a2, a2, 48
80000b0e: 07 04 86 02  	vl1r.v	v8, (a2)
80000b12: 73 26 20 c2  	csrr	a2, vlenb
80000b16: 93 16 36 00  	slli	a3, a2, 3
80000b1a: 36 96        	add	a2, a2, a3
80000b1c: 0a 96        	add	a2, a2, sp
80000b1e: 13 06 06 03  	addi	a2, a2, 48
80000b22: 87 04 86 02  	vl1r.v	v9, (a2)
80000b26: 57 35 80 9e  	vmv1r.v	v10, v8
80000b2a: 73 26 20 c2  	csrr	a2, vlenb
80000b2e: 0a 96        	add	a2, a2, sp
80000b30: 13 06 06 03  	addi	a2, a2, 48
80000b34: 87 05 86 02  	vl1r.v	v11, (a2)
80000b38: 22 86        	mv	a2, s0
80000b3a: 97 f0 ff ff  	auipc	ra, 1048575
80000b3e: e7 80 00 78  	jalr	1920(ra)
80000b42: fd 1c        	addi	s9, s9, -1
80000b44: de 94        	add	s1, s1, s7
80000b46: e3 98 0c 9a  	bnez	s9, 0x800004f6 <v_compute_gram_fp32+0x206>
80000b4a: 73 25 20 c2  	csrr	a0, vlenb
80000b4e: f9 45        	li	a1, 30
80000b50: 33 05 b5 02  	mul	a0, a0, a1
80000b54: 0a 95        	add	a0, a0, sp
80000b56: 13 05 05 03  	addi	a0, a0, 48
80000b5a: 07 64 85 02  	vl1re32.v	v8, (a0)
80000b5e: 57 70 04 0d  	vsetvli	zero, s0, e32, m1, ta, ma
80000b62: e2 62        	ld	t0, 24(sp)
80000b64: 27 e4 02 02  	vse32.v	v8, (t0)
80000b68: 73 25 20 c2  	csrr	a0, vlenb
80000b6c: f5 45        	li	a1, 29
80000b6e: 33 05 b5 02  	mul	a0, a0, a1
80000b72: 0a 95        	add	a0, a0, sp
80000b74: 13 05 05 03  	addi	a0, a0, 48
80000b78: 07 64 85 02  	vl1re32.v	v8, (a0)
80000b7c: 33 85 72 01  	add	a0, t0, s7
80000b80: 27 64 05 02  	vse32.v	v8, (a0)
80000b84: c2 67        	ld	a5, 16(sp)
80000b86: 13 95 17 00  	slli	a0, a5, 1
80000b8a: f3 25 20 c2  	csrr	a1, vlenb
80000b8e: 71 46        	li	a2, 28
80000b90: b3 85 c5 02  	mul	a1, a1, a2
80000b94: 8a 95        	add	a1, a1, sp
80000b96: 93 85 05 03  	addi	a1, a1, 48
80000b9a: 07 e4 85 02  	vl1re32.v	v8, (a1)
80000b9e: b3 05 85 02  	mul	a1, a0, s0
80000ba2: 13 98 25 00  	slli	a6, a1, 2
80000ba6: 33 86 02 01  	add	a2, t0, a6
80000baa: 27 64 06 02  	vse32.v	v8, (a2)
80000bae: 33 06 f5 00  	add	a2, a0, a5
80000bb2: f3 26 20 c2  	csrr	a3, vlenb
80000bb6: ed 45        	li	a1, 27
80000bb8: b3 86 b6 02  	mul	a3, a3, a1
80000bbc: 8a 96        	add	a3, a3, sp
80000bbe: 93 86 06 03  	addi	a3, a3, 48
80000bc2: 07 e4 86 02  	vl1re32.v	v8, (a3)
80000bc6: b3 06 86 02  	mul	a3, a2, s0
80000bca: 93 98 26 00  	slli	a7, a3, 2
80000bce: 33 87 12 01  	add	a4, t0, a7
80000bd2: 27 64 07 02  	vse32.v	v8, (a4)
80000bd6: 13 87 17 00  	addi	a4, a5, 1
80000bda: f3 27 20 c2  	csrr	a5, vlenb
80000bde: e9 45        	li	a1, 26
80000be0: b3 87 b7 02  	mul	a5, a5, a1
80000be4: 8a 97        	add	a5, a5, sp
80000be6: 93 87 07 03  	addi	a5, a5, 48
80000bea: 07 e4 87 02  	vl1re32.v	v8, (a5)
80000bee: 33 07 87 02  	mul	a4, a4, s0
80000bf2: 0a 07        	slli	a4, a4, 2
80000bf4: b3 87 e2 00  	add	a5, t0, a4
80000bf8: 27 e4 07 02  	vse32.v	v8, (a5)
80000bfc: 93 67 15 00  	ori	a5, a0, 1
80000c00: f3 24 20 c2  	csrr	s1, vlenb
80000c04: e5 45        	li	a1, 25
80000c06: b3 84 b4 02  	mul	s1, s1, a1
80000c0a: 8a 94        	add	s1, s1, sp
80000c0c: 93 84 04 03  	addi	s1, s1, 48
80000c10: 07 e4 84 02  	vl1re32.v	v8, (s1)
80000c14: b3 87 87 02  	mul	a5, a5, s0
80000c18: 93 94 27 00  	slli	s1, a5, 2
80000c1c: b3 87 92 00  	add	a5, t0, s1
80000c20: 27 e4 07 02  	vse32.v	v8, (a5)
80000c24: 93 07 16 00  	addi	a5, a2, 1
80000c28: f3 25 20 c2  	csrr	a1, vlenb
80000c2c: e1 46        	li	a3, 24
80000c2e: b3 85 d5 02  	mul	a1, a1, a3
80000c32: 8a 95        	add	a1, a1, sp
80000c34: 93 85 05 03  	addi	a1, a1, 48
80000c38: 07 e4 85 02  	vl1re32.v	v8, (a1)
80000c3c: b3 85 87 02  	mul	a1, a5, s0
80000c40: 8a 05        	slli	a1, a1, 2
80000c42: b3 87 b2 00  	add	a5, t0, a1
80000c46: 27 e4 07 02  	vse32.v	v8, (a5)
80000c4a: 09 05        	addi	a0, a0, 2
80000c4c: f3 27 20 c2  	csrr	a5, vlenb
80000c50: dd 46        	li	a3, 23
80000c52: b3 87 d7 02  	mul	a5, a5, a3
80000c56: 8a 97        	add	a5, a5, sp
80000c58: 93 87 07 03  	addi	a5, a5, 48
80000c5c: 07 e4 87 02  	vl1re32.v	v8, (a5)
80000c60: 33 05 85 02  	mul	a0, a0, s0
80000c64: 0a 05        	slli	a0, a0, 2
80000c66: b3 87 a2 00  	add	a5, t0, a0
80000c6a: 27 e4 07 02  	vse32.v	v8, (a5)
80000c6e: 93 07 26 00  	addi	a5, a2, 2
80000c72: f3 26 20 c2  	csrr	a3, vlenb
80000c76: 59 43        	li	t1, 22
80000c78: b3 86 66 02  	mul	a3, a3, t1
80000c7c: 8a 96        	add	a3, a3, sp
80000c7e: 93 86 06 03  	addi	a3, a3, 48
80000c82: 07 e4 86 02  	vl1re32.v	v8, (a3)
80000c86: b3 86 87 02  	mul	a3, a5, s0
80000c8a: 8a 06        	slli	a3, a3, 2
80000c8c: b3 87 d2 00  	add	a5, t0, a3
80000c90: 27 e4 07 02  	vse32.v	v8, (a5)
80000c94: 0d 06        	addi	a2, a2, 3
80000c96: f3 27 20 c2  	csrr	a5, vlenb
80000c9a: 55 43        	li	t1, 21
80000c9c: b3 87 67 02  	mul	a5, a5, t1
80000ca0: 8a 97        	add	a5, a5, sp
80000ca2: 93 87 07 03  	addi	a5, a5, 48
80000ca6: 07 e4 87 02  	vl1re32.v	v8, (a5)
80000caa: 33 06 86 02  	mul	a2, a2, s0
80000cae: 13 14 26 00  	slli	s0, a2, 2
80000cb2: b3 87 82 00  	add	a5, t0, s0
80000cb6: 27 e4 07 02  	vse32.v	v8, (a5)
80000cba: f3 27 20 c2  	csrr	a5, vlenb
80000cbe: 51 46        	li	a2, 20
80000cc0: b3 87 c7 02  	mul	a5, a5, a2
80000cc4: 8a 97        	add	a5, a5, sp
80000cc6: 93 87 07 03  	addi	a5, a5, 48
80000cca: 07 e4 87 02  	vl1re32.v	v8, (a5)
80000cce: 02 76        	ld	a2, 32(sp)
80000cd0: 27 64 06 02  	vse32.v	v8, (a2)
80000cd4: f3 27 20 c2  	csrr	a5, vlenb
80000cd8: cd 42        	li	t0, 19
80000cda: b3 87 57 02  	mul	a5, a5, t0
80000cde: 8a 97        	add	a5, a5, sp
80000ce0: 93 87 07 03  	addi	a5, a5, 48
80000ce4: 07 e4 87 02  	vl1re32.v	v8, (a5)
80000ce8: b2 9b        	add	s7, s7, a2
80000cea: 27 e4 0b 02  	vse32.v	v8, (s7)
80000cee: f3 27 20 c2  	csrr	a5, vlenb
80000cf2: c9 42        	li	t0, 18
80000cf4: b3 87 57 02  	mul	a5, a5, t0
80000cf8: 8a 97        	add	a5, a5, sp
80000cfa: 93 87 07 03  	addi	a5, a5, 48
80000cfe: 07 e4 87 02  	vl1re32.v	v8, (a5)
80000d02: 32 98        	add	a6, a6, a2
80000d04: 27 64 08 02  	vse32.v	v8, (a6)
80000d08: f3 27 20 c2  	csrr	a5, vlenb
80000d0c: 13 98 47 00  	slli	a6, a5, 4
80000d10: c2 97        	add	a5, a5, a6
80000d12: 8a 97        	add	a5, a5, sp
80000d14: 93 87 07 03  	addi	a5, a5, 48
80000d18: 07 e4 87 02  	vl1re32.v	v8, (a5)
80000d1c: b2 98        	add	a7, a7, a2
80000d1e: 27 e4 08 02  	vse32.v	v8, (a7)
80000d22: f3 27 20 c2  	csrr	a5, vlenb
80000d26: 92 07        	slli	a5, a5, 4
80000d28: 8a 97        	add	a5, a5, sp
80000d2a: 93 87 07 03  	addi	a5, a5, 48
80000d2e: 07 e4 87 02  	vl1re32.v	v8, (a5)
80000d32: 32 97        	add	a4, a4, a2
80000d34: 27 64 07 02  	vse32.v	v8, (a4)
80000d38: 73 27 20 c2  	csrr	a4, vlenb
80000d3c: 93 17 47 00  	slli	a5, a4, 4
80000d40: 33 87 e7 40  	sub	a4, a5, a4
80000d44: 0a 97        	add	a4, a4, sp
80000d46: 13 07 07 03  	addi	a4, a4, 48
80000d4a: 07 64 87 02  	vl1re32.v	v8, (a4)
80000d4e: b2 94        	add	s1, s1, a2
80000d50: 27 e4 04 02  	vse32.v	v8, (s1)
80000d54: 73 27 20 c2  	csrr	a4, vlenb
80000d58: b9 47        	li	a5, 14
80000d5a: 33 07 f7 02  	mul	a4, a4, a5
80000d5e: 0a 97        	add	a4, a4, sp
80000d60: 13 07 07 03  	addi	a4, a4, 48
80000d64: 07 64 87 02  	vl1re32.v	v8, (a4)
80000d68: b2 95        	add	a1, a1, a2
80000d6a: 27 e4 05 02  	vse32.v	v8, (a1)
80000d6e: f3 25 20 c2  	csrr	a1, vlenb
80000d72: 35 47        	li	a4, 13
80000d74: b3 85 e5 02  	mul	a1, a1, a4
80000d78: 8a 95        	add	a1, a1, sp
80000d7a: 93 85 05 03  	addi	a1, a1, 48
80000d7e: 07 e4 85 02  	vl1re32.v	v8, (a1)
80000d82: 32 95        	add	a0, a0, a2
80000d84: 27 64 05 02  	vse32.v	v8, (a0)
80000d88: 73 25 20 c2  	csrr	a0, vlenb
80000d8c: b1 45        	li	a1, 12
80000d8e: 33 05 b5 02  	mul	a0, a0, a1
80000d92: 0a 95        	add	a0, a0, sp
80000d94: 13 05 05 03  	addi	a0, a0, 48
80000d98: 07 64 85 02  	vl1re32.v	v8, (a0)
80000d9c: b2 96        	add	a3, a3, a2
80000d9e: 27 e4 06 02  	vse32.v	v8, (a3)
80000da2: 73 25 20 c2  	csrr	a0, vlenb
80000da6: ad 45        	li	a1, 11
80000da8: 33 05 b5 02  	mul	a0, a0, a1
80000dac: 0a 95        	add	a0, a0, sp
80000dae: 13 05 05 03  	addi	a0, a0, 48
80000db2: 07 64 85 02  	vl1re32.v	v8, (a0)
80000db6: 22 96        	add	a2, a2, s0
80000db8: 27 64 06 02  	vse32.v	v8, (a2)
80000dbc: 73 25 20 c2  	csrr	a0, vlenb
80000dc0: 16 05        	slli	a0, a0, 5
80000dc2: 2a 91        	add	sp, sp, a0
80000dc4: ea 60        	ld	ra, 152(sp)
80000dc6: 4a 64        	ld	s0, 144(sp)
80000dc8: aa 64        	ld	s1, 136(sp)
80000dca: 0a 69        	ld	s2, 128(sp)
80000dcc: e6 79        	ld	s3, 120(sp)
80000dce: 46 7a        	ld	s4, 112(sp)
80000dd0: a6 7a        	ld	s5, 104(sp)
80000dd2: 06 7b        	ld	s6, 96(sp)
80000dd4: e6 6b        	ld	s7, 88(sp)
80000dd6: 46 6c        	ld	s8, 80(sp)
80000dd8: a6 6c        	ld	s9, 72(sp)
80000dda: 06 6d        	ld	s10, 64(sp)
80000ddc: e2 7d        	ld	s11, 56(sp)
80000dde: 0d 61        	addi	sp, sp, 160
80000de0: 82 80        	ret

0000000080000de2 <printf_>:
80000de2: 1d 71        	addi	sp, sp, -96
80000de4: 06 ec        	sd	ra, 24(sp)
80000de6: aa 82        	mv	t0, a0
80000de8: c6 ec        	sd	a7, 88(sp)
80000dea: c2 e8        	sd	a6, 80(sp)
80000dec: be e4        	sd	a5, 72(sp)
80000dee: ba e0        	sd	a4, 64(sp)
80000df0: 36 fc        	sd	a3, 56(sp)
80000df2: 32 f8        	sd	a2, 48(sp)
80000df4: 2e f4        	sd	a1, 40(sp)
80000df6: 28 10        	addi	a0, sp, 40
80000df8: 2a e8        	sd	a0, 16(sp)
80000dfa: 17 15 00 00  	auipc	a0, 1
80000dfe: 13 05 e5 b9  	addi	a0, a0, -1122
80000e02: 93 05 f1 00  	addi	a1, sp, 15
80000e06: 7d 56        	li	a2, -1
80000e08: 38 10        	addi	a4, sp, 40
80000e0a: 96 86        	mv	a3, t0
80000e0c: 97 00 00 00  	auipc	ra, 0
80000e10: e7 80 e0 00  	jalr	14(ra)
80000e14: e2 60        	ld	ra, 24(sp)
80000e16: 25 61        	addi	sp, sp, 96
80000e18: 82 80        	ret

0000000080000e1a <_vsnprintf>:
80000e1a: 55 71        	addi	sp, sp, -208
80000e1c: 86 e5        	sd	ra, 200(sp)
80000e1e: a2 e1        	sd	s0, 192(sp)
80000e20: 26 fd        	sd	s1, 184(sp)
80000e22: 4a f9        	sd	s2, 176(sp)
80000e24: 4e f5        	sd	s3, 168(sp)
80000e26: 52 f1        	sd	s4, 160(sp)
80000e28: 56 ed        	sd	s5, 152(sp)
80000e2a: 5a e9        	sd	s6, 144(sp)
80000e2c: 5e e5        	sd	s7, 136(sp)
80000e2e: 62 e1        	sd	s8, 128(sp)
80000e30: e6 fc        	sd	s9, 120(sp)
80000e32: ea f8        	sd	s10, 112(sp)
80000e34: ee f4        	sd	s11, 104(sp)
80000e36: a2 b0        	fsd	fs0, 96(sp)
80000e38: a6 ac        	fsd	fs1, 88(sp)
80000e3a: ba 8b        	mv	s7, a4
80000e3c: 36 84        	mv	s0, a3
80000e3e: 32 89        	mv	s2, a2
80000e40: 2e f8        	sd	a1, 48(sp)
80000e42: 99 c1        	beqz	a1, 0x80000e48 <_vsnprintf+0x2e>
80000e44: 2a 8c        	mv	s8, a0
80000e46: 29 a0        	j	0x80000e50 <_vsnprintf+0x36>
80000e48: 17 15 00 00  	auipc	a0, 1
80000e4c: 13 0c c5 b5  	addi	s8, a0, -1188
80000e50: 81 4c        	li	s9, 0
80000e52: 13 0b 50 02  	li	s6, 37
80000e56: 41 4d        	li	s10, 16
80000e58: 53 04 00 f2  	fmv.d.x	fs0, zero
80000e5c: 37 65 66 66  	lui	a0, 419430
80000e60: 1b 0a 75 66  	addiw	s4, a0, 1639
80000e64: 93 0d 24 00  	addi	s11, s0, 2
80000e68: b3 09 90 41  	neg	s3, s9
80000e6c: e6 8a        	mv	s5, s9
80000e6e: 03 45 04 00  	lbu	a0, 0(s0)
80000e72: e3 07 05 2e  	beqz	a0, 0x80001960 <_vsnprintf+0xb46>
80000e76: 63 02 65 03  	beq	a0, s6, 0x80000e9a <_vsnprintf+0x80>
80000e7a: 93 84 1a 00  	addi	s1, s5, 1
80000e7e: c2 75        	ld	a1, 48(sp)
80000e80: 56 86        	mv	a2, s5
80000e82: ca 86        	mv	a3, s2
80000e84: 02 9c        	jalr	s8
80000e86: 05 04        	addi	s0, s0, 1
80000e88: 85 2c        	addiw	s9, s9, 1
80000e8a: 85 0d        	addi	s11, s11, 1
80000e8c: fd 19        	addi	s3, s3, -1
80000e8e: a6 8a        	mv	s5, s1
80000e90: 03 45 04 00  	lbu	a0, 0(s0)
80000e94: 6d f1        	bnez	a0, 0x80000e76 <_vsnprintf+0x5c>
80000e96: 6f 00 b0 2c  	j	0x80001960 <_vsnprintf+0xb46>
80000e9a: 81 44        	li	s1, 0
80000e9c: 93 0c 71 03  	addi	s9, sp, 55
80000ea0: 25 47        	li	a4, 9
80000ea2: 29 44        	li	s0, 10
80000ea4: 21 a0        	j	0x80000eac <_vsnprintf+0x92>
80000ea6: c1 45        	li	a1, 16
80000ea8: cd 8c        	or	s1, s1, a1
80000eaa: 85 0d        	addi	s11, s11, 1
80000eac: 03 c5 fd ff  	lbu	a0, -1(s11)
80000eb0: 93 05 05 fe  	addi	a1, a0, -32
80000eb4: 63 61 bd 02  	bltu	s10, a1, 0x80000ed6 <_vsnprintf+0xbc>
80000eb8: 8e 05        	slli	a1, a1, 3
80000eba: 17 56 00 00  	auipc	a2, 5
80000ebe: 13 06 66 e8  	addi	a2, a2, -378
80000ec2: b2 95        	add	a1, a1, a2
80000ec4: 90 61        	ld	a2, 0(a1)
80000ec6: 85 45        	li	a1, 1
80000ec8: 02 86        	jr	a2
80000eca: a1 45        	li	a1, 8
80000ecc: f1 bf        	j	0x80000ea8 <_vsnprintf+0x8e>
80000ece: 91 45        	li	a1, 4
80000ed0: e1 bf        	j	0x80000ea8 <_vsnprintf+0x8e>
80000ed2: 89 45        	li	a1, 2
80000ed4: d1 bf        	j	0x80000ea8 <_vsnprintf+0x8e>
80000ed6: 9b 05 05 fd  	addiw	a1, a0, -48
80000eda: 13 f6 f5 0f  	andi	a2, a1, 255
80000ede: 93 85 fd ff  	addi	a1, s11, -1
80000ee2: 63 67 c7 06  	bltu	a4, a2, 0x80000f50 <_vsnprintf+0x136>
80000ee6: 01 4b        	li	s6, 0
80000ee8: 13 76 f5 0f  	andi	a2, a0, 255
80000eec: 03 c5 15 00  	lbu	a0, 1(a1)
80000ef0: bb 06 8b 02  	mulw	a3, s6, s0
80000ef4: 85 05        	addi	a1, a1, 1
80000ef6: 35 9e        	addw	a2, a2, a3
80000ef8: 9b 06 05 fd  	addiw	a3, a0, -48
80000efc: 93 f6 f6 0f  	andi	a3, a3, 255
80000f00: 1b 0b 06 fd  	addiw	s6, a2, -48
80000f04: e3 e2 86 fe  	bltu	a3, s0, 0x80000ee8 <_vsnprintf+0xce>
80000f08: ae 8d        	mv	s11, a1
80000f0a: 93 05 e0 02  	li	a1, 46
80000f0e: 63 11 b5 0a  	bne	a0, a1, 0x80000fb0 <_vsnprintf+0x196>
80000f12: 03 c5 1d 00  	lbu	a0, 1(s11)
80000f16: 93 e4 04 40  	ori	s1, s1, 1024
80000f1a: 9b 05 05 fd  	addiw	a1, a0, -48
80000f1e: 13 f6 f5 0f  	andi	a2, a1, 255
80000f22: 93 85 1d 00  	addi	a1, s11, 1
80000f26: 63 6c c7 04  	bltu	a4, a2, 0x80000f7e <_vsnprintf+0x164>
80000f2a: 5e f4        	sd	s7, 40(sp)
80000f2c: 81 4b        	li	s7, 0
80000f2e: 13 76 f5 0f  	andi	a2, a0, 255
80000f32: 03 c5 15 00  	lbu	a0, 1(a1)
80000f36: bb 86 8b 02  	mulw	a3, s7, s0
80000f3a: 85 05        	addi	a1, a1, 1
80000f3c: 35 9e        	addw	a2, a2, a3
80000f3e: 9b 06 05 fd  	addiw	a3, a0, -48
80000f42: 93 f6 f6 0f  	andi	a3, a3, 255
80000f46: 9b 0b 06 fd  	addiw	s7, a2, -48
80000f4a: e3 e2 86 fe  	bltu	a3, s0, 0x80000f2e <_vsnprintf+0x114>
80000f4e: b5 a0        	j	0x80000fba <_vsnprintf+0x1a0>
80000f50: 13 06 a0 02  	li	a2, 42
80000f54: 63 18 c5 04  	bne	a0, a2, 0x80000fa4 <_vsnprintf+0x18a>
80000f58: 83 a5 0b 00  	lw	a1, 0(s7)
80000f5c: 63 d4 05 00  	bgez	a1, 0x80000f64 <_vsnprintf+0x14a>
80000f60: 93 e4 24 00  	ori	s1, s1, 2
80000f64: 1b d6 f5 41  	sraiw	a2, a1, 31
80000f68: 03 c5 0d 00  	lbu	a0, 0(s11)
80000f6c: b1 8d        	xor	a1, a1, a2
80000f6e: 3b 8b c5 40  	subw	s6, a1, a2
80000f72: a1 0b        	addi	s7, s7, 8
80000f74: 93 05 e0 02  	li	a1, 46
80000f78: e3 0d b5 f8  	beq	a0, a1, 0x80000f12 <_vsnprintf+0xf8>
80000f7c: 15 a8        	j	0x80000fb0 <_vsnprintf+0x196>
80000f7e: 13 06 a0 02  	li	a2, 42
80000f82: 63 1a c5 02  	bne	a0, a2, 0x80000fb6 <_vsnprintf+0x19c>
80000f86: 83 a5 0b 00  	lw	a1, 0(s7)
80000f8a: 13 86 8b 00  	addi	a2, s7, 8
80000f8e: b3 26 b0 00  	sgtz	a3, a1
80000f92: 03 c5 2d 00  	lbu	a0, 2(s11)
80000f96: b3 06 d0 40  	neg	a3, a3
80000f9a: 89 0d        	addi	s11, s11, 2
80000f9c: b3 fb b6 00  	and	s7, a3, a1
80000fa0: 32 f4        	sd	a2, 40(sp)
80000fa2: 29 a8        	j	0x80000fbc <_vsnprintf+0x1a2>
80000fa4: 01 4b        	li	s6, 0
80000fa6: ae 8d        	mv	s11, a1
80000fa8: 93 05 e0 02  	li	a1, 46
80000fac: e3 03 b5 f6  	beq	a0, a1, 0x80000f12 <_vsnprintf+0xf8>
80000fb0: 5e f4        	sd	s7, 40(sp)
80000fb2: 81 4b        	li	s7, 0
80000fb4: 21 a0        	j	0x80000fbc <_vsnprintf+0x1a2>
80000fb6: 5e f4        	sd	s7, 40(sp)
80000fb8: 81 4b        	li	s7, 0
80000fba: ae 8d        	mv	s11, a1
80000fbc: 9b 05 85 f9  	addiw	a1, a0, -104
80000fc0: 1b 16 f5 01  	slliw	a2, a0, 31
80000fc4: 9b d5 15 00  	srliw	a1, a1, 1
80000fc8: d1 8d        	or	a1, a1, a2
80000fca: 63 61 b7 02  	bltu	a4, a1, 0x80000fec <_vsnprintf+0x1d2>
80000fce: 8e 05        	slli	a1, a1, 3
80000fd0: 17 56 00 00  	auipc	a2, 5
80000fd4: 13 06 86 df  	addi	a2, a2, -520
80000fd8: b2 95        	add	a1, a1, a2
80000fda: 94 61        	ld	a3, 0(a1)
80000fdc: 85 45        	li	a1, 1
80000fde: 13 06 00 10  	li	a2, 256
80000fe2: 82 86        	jr	a3
80000fe4: ae 9d        	add	s11, s11, a1
80000fe6: 03 c5 0d 00  	lbu	a0, 0(s11)
80000fea: d1 8c        	or	s1, s1, a2
80000fec: 93 05 b5 fd  	addi	a1, a0, -37
80000ff0: 13 06 30 05  	li	a2, 83
80000ff4: 63 62 b6 0a  	bltu	a2, a1, 0x80001098 <_vsnprintf+0x27e>
80000ff8: 8e 05        	slli	a1, a1, 3
80000ffa: 17 56 00 00  	auipc	a2, 5
80000ffe: 13 06 e6 e1  	addi	a2, a2, -482
80001002: b2 95        	add	a1, a1, a2
80001004: 90 61        	ld	a2, 0(a1)
80001006: a1 45        	li	a1, 8
80001008: c1 48        	li	a7, 16
8000100a: 02 86        	jr	a2
8000100c: bd 98        	andi	s1, s1, -17
8000100e: a9 48        	li	a7, 10
80001010: 93 05 80 05  	li	a1, 88
80001014: 63 14 b5 00  	bne	a0, a1, 0x8000101c <_vsnprintf+0x202>
80001018: 93 e4 04 02  	ori	s1, s1, 32
8000101c: 93 05 40 06  	li	a1, 100
80001020: 63 00 b5 1c  	beq	a0, a1, 0x800011e0 <_vsnprintf+0x3c6>
80001024: c6 85        	mv	a1, a7
80001026: 13 06 90 06  	li	a2, 105
8000102a: 63 0b c5 1a  	beq	a0, a2, 0x800011e0 <_vsnprintf+0x3c6>
8000102e: 7d a2        	j	0x800011dc <_vsnprintf+0x3c2>
80001030: 03 c5 1d 00  	lbu	a0, 1(s11)
80001034: 93 05 80 06  	li	a1, 104
80001038: 63 13 b5 04  	bne	a0, a1, 0x8000107e <_vsnprintf+0x264>
8000103c: 89 45        	li	a1, 2
8000103e: 13 06 00 0c  	li	a2, 192
80001042: 4d b7        	j	0x80000fe4 <_vsnprintf+0x1ca>
80001044: 03 c5 1d 00  	lbu	a0, 1(s11)
80001048: 93 05 c0 06  	li	a1, 108
8000104c: 63 1d b5 02  	bne	a0, a1, 0x80001086 <_vsnprintf+0x26c>
80001050: 89 45        	li	a1, 2
80001052: 13 06 00 30  	li	a2, 768
80001056: 79 b7        	j	0x80000fe4 <_vsnprintf+0x1ca>
80001058: 22 75        	ld	a0, 40(sp)
8000105a: 04 21        	fld	fs1, 0(a0)
8000105c: d3 92 84 a2  	flt.d	t0, fs1, fs0
80001060: 63 93 02 36  	bnez	t0, 0x800013c6 <_vsnprintf+0x5ac>
80001064: 13 f5 04 40  	andi	a0, s1, 1024
80001068: de 85        	mv	a1, s7
8000106a: 63 15 05 36  	bnez	a0, 0x800013d4 <_vsnprintf+0x5ba>
8000106e: 99 45        	li	a1, 6
80001070: 62 ec        	sd	s8, 24(sp)
80001072: 63 f4 85 36  	bgeu	a1, s0, 0x800013da <_vsnprintf+0x5c0>
80001076: 01 4c        	li	s8, 0
80001078: 05 46        	li	a2, 1
8000107a: a2 7b        	ld	s7, 40(sp)
8000107c: 61 ae        	j	0x80001414 <_vsnprintf+0x5fa>
8000107e: 93 e4 04 08  	ori	s1, s1, 128
80001082: 85 0d        	addi	s11, s11, 1
80001084: a5 b7        	j	0x80000fec <_vsnprintf+0x1d2>
80001086: 93 e4 04 10  	ori	s1, s1, 256
8000108a: 85 0d        	addi	s11, s11, 1
8000108c: 85 b7        	j	0x80000fec <_vsnprintf+0x1d2>
8000108e: 93 8c 1a 00  	addi	s9, s5, 1
80001092: 13 05 50 02  	li	a0, 37
80001096: 19 a0        	j	0x8000109c <_vsnprintf+0x282>
80001098: 93 8c 1a 00  	addi	s9, s5, 1
8000109c: c2 75        	ld	a1, 48(sp)
8000109e: 56 86        	mv	a2, s5
800010a0: ca 86        	mv	a3, s2
800010a2: 02 9c        	jalr	s8
800010a4: 13 0b 50 02  	li	s6, 37
800010a8: a2 7b        	ld	s7, 40(sp)
800010aa: 13 84 1d 00  	addi	s0, s11, 1
800010ae: 5d bb        	j	0x80000e64 <_vsnprintf+0x4a>
800010b0: 22 75        	ld	a0, 40(sp)
800010b2: 08 61        	ld	a0, 0(a0)
800010b4: 93 ee 14 02  	ori	t4, s1, 33
800010b8: 19 e1        	bnez	a0, 0x800010be <_vsnprintf+0x2a4>
800010ba: 93 fe fe fe  	andi	t4, t4, -17
800010be: 24 18        	addi	s1, sp, 56
800010c0: 93 35 15 00  	seqz	a1, a0
800010c4: 13 96 5e 03  	slli	a2, t4, 53
800010c8: 7d 92        	srli	a2, a2, 63
800010ca: f1 8d        	and	a1, a1, a2
800010cc: 13 0b 50 02  	li	s6, 37
800010d0: a1 c9        	beqz	a1, 0x80001120 <_vsnprintf+0x306>
800010d2: 81 47        	li	a5, 0
800010d4: a2 74        	ld	s1, 40(sp)
800010d6: a1 04        	addi	s1, s1, 8
800010d8: 38 18        	addi	a4, sp, 56
800010da: c1 48        	li	a7, 16
800010dc: 41 4e        	li	t3, 16
800010de: 62 85        	mv	a0, s8
800010e0: c2 75        	ld	a1, 48(sp)
800010e2: 56 86        	mv	a2, s5
800010e4: ca 86        	mv	a3, s2
800010e6: 01 48        	li	a6, 0
800010e8: de 83        	mv	t2, s7
800010ea: a6 8b        	mv	s7, s1
800010ec: 97 10 00 00  	auipc	ra, 1
800010f0: e7 80 a0 8b  	jalr	-1862(ra)
800010f4: aa 8c        	mv	s9, a0
800010f6: 13 84 1d 00  	addi	s0, s11, 1
800010fa: ad b3        	j	0x80000e64 <_vsnprintf+0x4a>
800010fc: 93 76 f5 00  	andi	a3, a0, 15
80001100: 35 9e        	addw	a2, a2, a3
80001102: 93 36 05 01  	sltiu	a3, a0, 16
80001106: 93 c6 f6 ff  	not	a3, a3
8000110a: 13 b7 f5 01  	sltiu	a4, a1, 31
8000110e: f9 8e        	and	a3, a3, a4
80001110: 93 87 15 00  	addi	a5, a1, 1
80001114: a6 95        	add	a1, a1, s1
80001116: 11 81        	srli	a0, a0, 4
80001118: 23 80 c5 00  	sb	a2, 0(a1)
8000111c: be 85        	mv	a1, a5
8000111e: dd da        	beqz	a3, 0x800010d4 <_vsnprintf+0x2ba>
80001120: 93 76 e5 00  	andi	a3, a0, 14
80001124: 13 06 00 03  	li	a2, 48
80001128: e3 ea 86 fc  	bltu	a3, s0, 0x800010fc <_vsnprintf+0x2e2>
8000112c: 13 06 70 03  	li	a2, 55
80001130: f1 b7        	j	0x800010fc <_vsnprintf+0x2e2>
80001132: 22 75        	ld	a0, 40(sp)
80001134: 83 39 05 00  	ld	s3, 0(a0)
80001138: b3 35 70 01  	snez	a1, s7
8000113c: 13 96 0b 02  	slli	a2, s7, 32
80001140: 03 c5 09 00  	lbu	a0, 0(s3)
80001144: 01 92        	srli	a2, a2, 32
80001146: fd 15        	addi	a1, a1, -1
80001148: d1 8d        	or	a1, a1, a2
8000114a: 13 36 15 00  	seqz	a2, a0
8000114e: 93 b6 15 00  	seqz	a3, a1
80001152: d1 8e        	or	a3, a3, a2
80001154: 4e 86        	mv	a2, s3
80001156: 99 ee        	bnez	a3, 0x80001174 <_vsnprintf+0x35a>
80001158: fd 15        	addi	a1, a1, -1
8000115a: ce 86        	mv	a3, s3
8000115c: 03 c7 16 00  	lbu	a4, 1(a3)
80001160: 13 86 16 00  	addi	a2, a3, 1
80001164: 93 36 17 00  	seqz	a3, a4
80001168: 13 b7 15 00  	seqz	a4, a1
8000116c: 55 8f        	or	a4, a4, a3
8000116e: fd 15        	addi	a1, a1, -1
80001170: b2 86        	mv	a3, a2
80001172: 6d d7        	beqz	a4, 0x8000115c <_vsnprintf+0x342>
80001174: 4a f0        	sd	s2, 32(sp)
80001176: bb 05 36 41  	subw	a1, a2, s3
8000117a: 63 ee 75 01  	bltu	a1, s7, 0x80001196 <_vsnprintf+0x37c>
8000117e: de 85        	mv	a1, s7
80001180: 13 f9 04 40  	andi	s2, s1, 1024
80001184: 63 1d 09 00  	bnez	s2, 0x8000119e <_vsnprintf+0x384>
80001188: b3 05 36 41  	sub	a1, a2, s3
8000118c: 13 f4 24 00  	andi	s0, s1, 2
80001190: 63 16 04 58  	bnez	s0, 0x8000171c <_vsnprintf+0x902>
80001194: 09 a8        	j	0x800011a6 <_vsnprintf+0x38c>
80001196: 13 f9 04 40  	andi	s2, s1, 1024
8000119a: e3 07 09 fe  	beqz	s2, 0x80001188 <_vsnprintf+0x36e>
8000119e: 13 f4 24 00  	andi	s0, s1, 2
800011a2: 63 1d 04 56  	bnez	s0, 0x8000171c <_vsnprintf+0x902>
800011a6: 1b 86 05 00  	sext.w	a2, a1
800011aa: 63 78 66 57  	bgeu	a2, s6, 0x8000171a <_vsnprintf+0x900>
800011ae: 22 e4        	sd	s0, 8(sp)
800011b0: 1b 05 1b 00  	addiw	a0, s6, 1
800011b4: 2a e8        	sd	a0, 16(sp)
800011b6: bb 04 bb 40  	subw	s1, s6, a1
800011ba: c2 7c        	ld	s9, 48(sp)
800011bc: 02 74        	ld	s0, 32(sp)
800011be: 56 86        	mv	a2, s5
800011c0: 85 0a        	addi	s5, s5, 1
800011c2: 13 05 00 02  	li	a0, 32
800011c6: e6 85        	mv	a1, s9
800011c8: a2 86        	mv	a3, s0
800011ca: 02 9c        	jalr	s8
800011cc: fd 34        	addiw	s1, s1, -1
800011ce: e5 f8        	bnez	s1, 0x800011be <_vsnprintf+0x3a4>
800011d0: 03 c5 09 00  	lbu	a0, 0(s3)
800011d4: e6 84        	mv	s1, s9
800011d6: 22 64        	ld	s0, 8(sp)
800011d8: a1 a3        	j	0x80001720 <_vsnprintf+0x906>
800011da: 89 45        	li	a1, 2
800011dc: cd 98        	andi	s1, s1, -13
800011de: ae 88        	mv	a7, a1
800011e0: 93 f5 04 40  	andi	a1, s1, 1024
800011e4: 91 c1        	beqz	a1, 0x800011e8 <_vsnprintf+0x3ce>
800011e6: f9 98        	andi	s1, s1, -2
800011e8: 93 03 81 03  	addi	t2, sp, 56
800011ec: 93 05 90 06  	li	a1, 105
800011f0: 63 06 b5 00  	beq	a0, a1, 0x800011fc <_vsnprintf+0x3e2>
800011f4: 93 05 40 06  	li	a1, 100
800011f8: 63 18 b5 02  	bne	a0, a1, 0x80001228 <_vsnprintf+0x40e>
800011fc: 13 f5 04 20  	andi	a0, s1, 512
80001200: 21 e9        	bnez	a0, 0x80001250 <_vsnprintf+0x436>
80001202: 13 f5 04 10  	andi	a0, s1, 256
80001206: 29 ed        	bnez	a0, 0x80001260 <_vsnprintf+0x446>
80001208: 13 f5 04 04  	andi	a0, s1, 64
8000120c: 63 15 05 2e  	bnez	a0, 0x800014f6 <_vsnprintf+0x6dc>
80001210: 22 75        	ld	a0, 40(sp)
80001212: 03 28 05 00  	lw	a6, 0(a0)
80001216: 93 f5 04 08  	andi	a1, s1, 128
8000121a: 63 81 05 2e  	beqz	a1, 0x800014fc <_vsnprintf+0x6e2>
8000121e: 13 15 08 03  	slli	a0, a6, 48
80001222: 13 58 05 43  	srai	a6, a0, 48
80001226: d9 ac        	j	0x800014fc <_vsnprintf+0x6e2>
80001228: 13 f5 04 20  	andi	a0, s1, 512
8000122c: 31 e1        	bnez	a0, 0x80001270 <_vsnprintf+0x456>
8000122e: 13 f5 04 10  	andi	a0, s1, 256
80001232: 63 1e 05 32  	bnez	a0, 0x8000156e <_vsnprintf+0x754>
80001236: 13 f5 04 04  	andi	a0, s1, 64
8000123a: 63 12 05 44  	bnez	a0, 0x8000167e <_vsnprintf+0x864>
8000123e: 22 75        	ld	a0, 40(sp)
80001240: 08 41        	lw	a0, 0(a0)
80001242: 93 f5 04 08  	andi	a1, s1, 128
80001246: 63 8f 05 42  	beqz	a1, 0x80001684 <_vsnprintf+0x86a>
8000124a: 42 15        	slli	a0, a0, 48
8000124c: 41 91        	srli	a0, a0, 48
8000124e: 1d a9        	j	0x80001684 <_vsnprintf+0x86a>
80001250: 22 75        	ld	a0, 40(sp)
80001252: 03 38 05 00  	ld	a6, 0(a0)
80001256: 63 13 08 08  	bnez	a6, 0x800012dc <_vsnprintf+0x4c2>
8000125a: 29 43        	li	t1, 10
8000125c: bd 98        	andi	s1, s1, -17
8000125e: 41 a0        	j	0x800012de <_vsnprintf+0x4c4>
80001260: 22 75        	ld	a0, 40(sp)
80001262: 03 38 05 00  	ld	a6, 0(a0)
80001266: 63 1a 08 36  	bnez	a6, 0x800015da <_vsnprintf+0x7c0>
8000126a: 29 43        	li	t1, 10
8000126c: bd 98        	andi	s1, s1, -17
8000126e: bd a6        	j	0x800015dc <_vsnprintf+0x7c2>
80001270: 22 75        	ld	a0, 40(sp)
80001272: 08 61        	ld	a0, 0(a0)
80001274: 11 e1        	bnez	a0, 0x80001278 <_vsnprintf+0x45e>
80001276: bd 98        	andi	s1, s1, -17
80001278: 93 35 15 00  	seqz	a1, a0
8000127c: 13 96 54 03  	slli	a2, s1, 53
80001280: 7d 92        	srli	a2, a2, 63
80001282: f1 8d        	and	a1, a1, a2
80001284: 63 94 05 46  	bnez	a1, 0x800016ec <_vsnprintf+0x8d2>
80001288: a9 42        	li	t0, 10
8000128a: 01 46        	li	a2, 0
8000128c: 93 f5 04 02  	andi	a1, s1, 32
80001290: 93 c5 15 06  	xori	a1, a1, 97
80001294: 13 88 65 0f  	addi	a6, a1, 246
80001298: 25 a0        	j	0x800012c0 <_vsnprintf+0x4a6>
8000129a: 3d 9f        	addw	a4, a4, a5
8000129c: 93 07 16 00  	addi	a5, a2, 1
800012a0: 33 84 c3 00  	add	s0, t2, a2
800012a4: 33 35 15 01  	sltu	a0, a0, a7
800012a8: 13 45 f5 ff  	not	a0, a0
800012ac: 13 36 f6 01  	sltiu	a2, a2, 31
800012b0: b3 75 c5 00  	and	a1, a0, a2
800012b4: 23 00 e4 00  	sb	a4, 0(s0)
800012b8: 3e 86        	mv	a2, a5
800012ba: 36 85        	mv	a0, a3
800012bc: 63 89 05 42  	beqz	a1, 0x800016ee <_vsnprintf+0x8d4>
800012c0: b3 56 15 03  	divu	a3, a0, a7
800012c4: 3b 87 16 03  	mulw	a4, a3, a7
800012c8: 3b 07 e5 40  	subw	a4, a0, a4
800012cc: 13 74 e7 0f  	andi	s0, a4, 254
800012d0: c2 87        	mv	a5, a6
800012d2: e3 74 54 fc  	bgeu	s0, t0, 0x8000129a <_vsnprintf+0x480>
800012d6: 93 07 00 03  	li	a5, 48
800012da: c1 b7        	j	0x8000129a <_vsnprintf+0x480>
800012dc: 29 43        	li	t1, 10
800012de: 93 35 18 00  	seqz	a1, a6
800012e2: 13 96 54 03  	slli	a2, s1, 53
800012e6: 7d 92        	srli	a2, a2, 63
800012e8: f1 8d        	and	a1, a1, a2
800012ea: 63 9d 05 34  	bnez	a1, 0x80001644 <_vsnprintf+0x82a>
800012ee: 13 56 f8 43  	srai	a2, a6, 63
800012f2: b3 46 c8 00  	xor	a3, a6, a2
800012f6: 91 8e        	sub	a3, a3, a2
800012f8: 13 f6 04 02  	andi	a2, s1, 32
800012fc: 13 46 16 06  	xori	a2, a2, 97
80001300: 93 02 66 0f  	addi	t0, a2, 246
80001304: 2d a0        	j	0x8000132e <_vsnprintf+0x514>
80001306: 3b 05 f6 00  	addw	a0, a2, a5
8000130a: 93 87 15 00  	addi	a5, a1, 1
8000130e: 33 86 b3 00  	add	a2, t2, a1
80001312: b3 b6 16 01  	sltu	a3, a3, a7
80001316: 93 c6 f6 ff  	not	a3, a3
8000131a: 93 b5 f5 01  	sltiu	a1, a1, 31
8000131e: 33 f4 b6 00  	and	s0, a3, a1
80001322: 23 00 a6 00  	sb	a0, 0(a2)
80001326: be 85        	mv	a1, a5
80001328: ba 86        	mv	a3, a4
8000132a: 63 0e 04 30  	beqz	s0, 0x80001646 <_vsnprintf+0x82c>
8000132e: 33 d7 16 03  	divu	a4, a3, a7
80001332: 3b 06 17 03  	mulw	a2, a4, a7
80001336: bb 87 c6 40  	subw	a5, a3, a2
8000133a: 13 f5 e7 0f  	andi	a0, a5, 254
8000133e: 16 86        	mv	a2, t0
80001340: e3 73 65 fc  	bgeu	a0, t1, 0x80001306 <_vsnprintf+0x4ec>
80001344: 13 06 00 03  	li	a2, 48
80001348: 7d bf        	j	0x80001306 <_vsnprintf+0x4ec>
8000134a: 4a f0        	sd	s2, 32(sp)
8000134c: 93 f9 24 00  	andi	s3, s1, 2
80001350: 05 49        	li	s2, 1
80001352: 63 95 09 02  	bnez	s3, 0x8000137c <_vsnprintf+0x562>
80001356: 09 49        	li	s2, 2
80001358: 63 62 2b 03  	bltu	s6, s2, 0x8000137c <_vsnprintf+0x562>
8000135c: 1b 09 1b 00  	addiw	s2, s6, 1
80001360: 9b 04 fb ff  	addiw	s1, s6, -1
80001364: c2 7c        	ld	s9, 48(sp)
80001366: 82 7b        	ld	s7, 32(sp)
80001368: 62 84        	mv	s0, s8
8000136a: 56 86        	mv	a2, s5
8000136c: 85 0a        	addi	s5, s5, 1
8000136e: 13 05 00 02  	li	a0, 32
80001372: e6 85        	mv	a1, s9
80001374: de 86        	mv	a3, s7
80001376: 02 94        	jalr	s0
80001378: fd 34        	addiw	s1, s1, -1
8000137a: e5 f8        	bnez	s1, 0x8000136a <_vsnprintf+0x550>
8000137c: a2 75        	ld	a1, 40(sp)
8000137e: 03 c5 05 00  	lbu	a0, 0(a1)
80001382: b3 34 30 01  	snez	s1, s3
80001386: 93 8b 85 00  	addi	s7, a1, 8
8000138a: 93 8c 1a 00  	addi	s9, s5, 1
8000138e: c2 75        	ld	a1, 48(sp)
80001390: 56 86        	mv	a2, s5
80001392: 82 76        	ld	a3, 32(sp)
80001394: e2 8a        	mv	s5, s8
80001396: 02 9c        	jalr	s8
80001398: 33 35 69 01  	sltu	a0, s2, s6
8000139c: 65 8d        	and	a0, a0, s1
8000139e: 63 06 05 3e  	beqz	a0, 0x8000178a <_vsnprintf+0x970>
800013a2: 3b 04 2b 41  	subw	s0, s6, s2
800013a6: c2 74        	ld	s1, 48(sp)
800013a8: 02 79        	ld	s2, 32(sp)
800013aa: 66 86        	mv	a2, s9
800013ac: 85 0c        	addi	s9, s9, 1
800013ae: 13 05 00 02  	li	a0, 32
800013b2: a6 85        	mv	a1, s1
800013b4: ca 86        	mv	a3, s2
800013b6: 82 9a        	jalr	s5
800013b8: 7d 34        	addiw	s0, s0, -1
800013ba: 65 f8        	bnez	s0, 0x800013aa <_vsnprintf+0x590>
800013bc: 13 0b 50 02  	li	s6, 37
800013c0: 13 84 1d 00  	addi	s0, s11, 1
800013c4: 45 b4        	j	0x80000e64 <_vsnprintf+0x4a>
800013c6: d3 94 94 22  	fneg.d	fs1, fs1
800013ca: 13 f5 04 40  	andi	a0, s1, 1024
800013ce: de 85        	mv	a1, s7
800013d0: e3 0f 05 c8  	beqz	a0, 0x8000106e <_vsnprintf+0x254>
800013d4: 62 ec        	sd	s8, 24(sp)
800013d6: e3 e0 85 ca  	bltu	a1, s0, 0x80001076 <_vsnprintf+0x25c>
800013da: 16 f0        	sd	t0, 32(sp)
800013dc: 1b 84 65 ff  	addiw	s0, a1, -10
800013e0: 7d 45        	li	a0, 31
800013e2: a2 85        	mv	a1, s0
800013e4: 63 63 a4 00  	bltu	s0, a0, 0x800013ea <_vsnprintf+0x5d0>
800013e8: fd 45        	li	a1, 31
800013ea: 2e e8        	sd	a1, 16(sp)
800013ec: 13 8c 15 00  	addi	s8, a1, 1
800013f0: 28 18        	addi	a0, sp, 56
800013f2: 93 05 00 03  	li	a1, 48
800013f6: 62 86        	mv	a2, s8
800013f8: 97 10 00 00  	auipc	ra, 1
800013fc: e7 80 40 82  	jalr	-2012(ra)
80001400: 42 65        	ld	a0, 16(sp)
80001402: 13 45 f5 ff  	not	a0, a0
80001406: bb 85 ab 00  	addw	a1, s7, a0
8000140a: 13 36 f4 01  	sltiu	a2, s0, 31
8000140e: 29 44        	li	s0, 10
80001410: a2 7b        	ld	s7, 40(sp)
80001412: 82 72        	ld	t0, 32(sp)
80001414: 13 95 05 02  	slli	a0, a1, 32
80001418: 75 81        	srli	a0, a0, 29
8000141a: 97 56 00 00  	auipc	a3, 5
8000141e: 93 86 e6 c9  	addi	a3, a3, -866
80001422: 36 95        	add	a0, a0, a3
80001424: 87 30 05 00  	fld	ft1, 0(a0)
80001428: 53 95 04 c2  	fcvt.w.d	a0, fs1, rtz
8000142c: 53 00 05 d2  	fcvt.d.w	ft0, a0
80001430: 53 f1 04 0a  	fsub.d	ft2, fs1, ft0
80001434: d3 f1 20 12  	fmul.d	ft3, ft1, ft2
80001438: 97 56 00 00  	auipc	a3, 5
8000143c: 93 86 06 cf  	addi	a3, a3, -784
80001440: 07 b0 06 00  	fld	ft0, 0(a3)
80001444: d3 96 31 c2  	fcvt.lu.d	a3, ft3, rtz
80001448: d3 f1 36 d2  	fcvt.d.lu	ft3, a3
8000144c: 47 f1 20 1a  	fmsub.d	ft2, ft1, ft2, ft3
80001450: 53 07 01 a2  	fle.d	a4, ft2, ft0
80001454: 11 eb        	bnez	a4, 0x80001468 <_vsnprintf+0x64e>
80001456: 85 06        	addi	a3, a3, 1
80001458: 53 f1 36 d2  	fcvt.d.lu	ft2, a3
8000145c: 53 17 11 a2  	flt.d	a4, ft2, ft1
80001460: 01 ef        	bnez	a4, 0x80001478 <_vsnprintf+0x65e>
80001462: 81 46        	li	a3, 0
80001464: 05 25        	addiw	a0, a0, 1
80001466: 09 a8        	j	0x80001478 <_vsnprintf+0x65e>
80001468: 53 17 01 a2  	flt.d	a4, ft2, ft0
8000146c: 11 e7        	bnez	a4, 0x80001478 <_vsnprintf+0x65e>
8000146e: 13 b7 16 00  	seqz	a4, a3
80001472: 55 8f        	or	a4, a4, a3
80001474: 05 8b        	andi	a4, a4, 1
80001476: ba 96        	add	a3, a3, a4
80001478: 17 57 00 00  	auipc	a4, 5
8000147c: 13 07 87 cb  	addi	a4, a4, -840
80001480: 87 30 07 00  	fld	ft1, 0(a4)
80001484: 53 97 90 a2  	flt.d	a4, ft1, fs1
80001488: 01 c7        	beqz	a4, 0x80001490 <_vsnprintf+0x676>
8000148a: 81 4c        	li	s9, 0
8000148c: 62 6c        	ld	s8, 24(sp)
8000148e: bd ac        	j	0x8000170c <_vsnprintf+0x8f2>
80001490: 63 87 05 1c  	beqz	a1, 0x8000165e <_vsnprintf+0x844>
80001494: 93 0b 00 02  	li	s7, 32
80001498: 93 08 81 03  	addi	a7, sp, 56
8000149c: 63 00 06 38  	beqz	a2, 0x8000181c <_vsnprintf+0xa02>
800014a0: 29 48        	li	a6, 10
800014a2: 17 56 00 00  	auipc	a2, 5
800014a6: 13 06 66 c9  	addi	a2, a2, -874
800014aa: 10 62        	ld	a2, 0(a2)
800014ac: 62 84        	mv	s0, s8
800014ae: fd 35        	addiw	a1, a1, -1
800014b0: 33 b6 c6 02  	mulhu	a2, a3, a2
800014b4: 93 57 36 00  	srli	a5, a2, 3
800014b8: 33 86 07 03  	mul	a2, a5, a6
800014bc: 33 86 c6 40  	sub	a2, a3, a2
800014c0: 13 66 06 03  	ori	a2, a2, 48
800014c4: 33 87 88 01  	add	a4, a7, s8
800014c8: 23 00 c7 00  	sb	a2, 0(a4)
800014cc: 13 b6 a6 00  	sltiu	a2, a3, 10
800014d0: 93 46 f6 ff  	not	a3, a2
800014d4: 13 36 fc 01  	sltiu	a2, s8, 31
800014d8: 33 f7 c6 00  	and	a4, a3, a2
800014dc: 05 0c        	addi	s8, s8, 1
800014de: be 86        	mv	a3, a5
800014e0: 69 f3        	bnez	a4, 0x800014a2 <_vsnprintf+0x688>
800014e2: 93 36 f4 01  	sltiu	a3, s0, 31
800014e6: 33 37 b0 00  	snez	a4, a1
800014ea: f9 8e        	and	a3, a3, a4
800014ec: 63 96 06 2a  	bnez	a3, 0x80001798 <_vsnprintf+0x97e>
800014f0: e2 8b        	mv	s7, s8
800014f2: 29 44        	li	s0, 10
800014f4: c1 ac        	j	0x800017c4 <_vsnprintf+0x9aa>
800014f6: 22 75        	ld	a0, 40(sp)
800014f8: 03 48 05 00  	lbu	a6, 0(a0)
800014fc: 29 43        	li	t1, 10
800014fe: 63 13 08 00  	bnez	a6, 0x80001504 <_vsnprintf+0x6ea>
80001502: bd 98        	andi	s1, s1, -17
80001504: 93 35 18 00  	seqz	a1, a6
80001508: 13 96 54 03  	slli	a2, s1, 53
8000150c: 7d 92        	srli	a2, a2, 63
8000150e: f1 8d        	and	a1, a1, a2
80001510: 63 9e 05 12  	bnez	a1, 0x8000164c <_vsnprintf+0x832>
80001514: 1b 56 f8 41  	sraiw	a2, a6, 31
80001518: b3 46 c8 00  	xor	a3, a6, a2
8000151c: 91 9e        	subw	a3, a3, a2
8000151e: 13 f6 04 02  	andi	a2, s1, 32
80001522: 13 46 16 06  	xori	a2, a2, 97
80001526: 93 02 66 0f  	addi	t0, a2, 246
8000152a: 25 a0        	j	0x80001552 <_vsnprintf+0x738>
8000152c: 3b 05 f6 00  	addw	a0, a2, a5
80001530: 93 87 15 00  	addi	a5, a1, 1
80001534: 33 86 b3 00  	add	a2, t2, a1
80001538: b3 b6 16 01  	sltu	a3, a3, a7
8000153c: 93 c6 f6 ff  	not	a3, a3
80001540: 93 b5 f5 01  	sltiu	a1, a1, 31
80001544: 33 f4 b6 00  	and	s0, a3, a1
80001548: 23 00 a6 00  	sb	a0, 0(a2)
8000154c: be 85        	mv	a1, a5
8000154e: ba 86        	mv	a3, a4
80001550: 7d cc        	beqz	s0, 0x8000164e <_vsnprintf+0x834>
80001552: 33 d7 16 03  	divu	a4, a3, a7
80001556: 3b 06 17 03  	mulw	a2, a4, a7
8000155a: bb 87 c6 40  	subw	a5, a3, a2
8000155e: 13 f5 e7 0f  	andi	a0, a5, 254
80001562: 16 86        	mv	a2, t0
80001564: e3 74 65 fc  	bgeu	a0, t1, 0x8000152c <_vsnprintf+0x712>
80001568: 13 06 00 03  	li	a2, 48
8000156c: c1 b7        	j	0x8000152c <_vsnprintf+0x712>
8000156e: 22 75        	ld	a0, 40(sp)
80001570: 08 61        	ld	a0, 0(a0)
80001572: 11 e1        	bnez	a0, 0x80001576 <_vsnprintf+0x75c>
80001574: bd 98        	andi	s1, s1, -17
80001576: a9 42        	li	t0, 10
80001578: 93 35 15 00  	seqz	a1, a0
8000157c: 13 96 54 03  	slli	a2, s1, 53
80001580: 7d 92        	srli	a2, a2, 63
80001582: f1 8d        	and	a1, a1, a2
80001584: 63 94 05 16  	bnez	a1, 0x800016ec <_vsnprintf+0x8d2>
80001588: 01 46        	li	a2, 0
8000158a: 93 f5 04 02  	andi	a1, s1, 32
8000158e: 93 c5 15 06  	xori	a1, a1, 97
80001592: 13 88 65 0f  	addi	a6, a1, 246
80001596: 25 a0        	j	0x800015be <_vsnprintf+0x7a4>
80001598: 3d 9f        	addw	a4, a4, a5
8000159a: 93 07 16 00  	addi	a5, a2, 1
8000159e: 33 84 c3 00  	add	s0, t2, a2
800015a2: 33 35 15 01  	sltu	a0, a0, a7
800015a6: 13 45 f5 ff  	not	a0, a0
800015aa: 13 36 f6 01  	sltiu	a2, a2, 31
800015ae: b3 75 c5 00  	and	a1, a0, a2
800015b2: 23 00 e4 00  	sb	a4, 0(s0)
800015b6: 3e 86        	mv	a2, a5
800015b8: 36 85        	mv	a0, a3
800015ba: 63 8a 05 12  	beqz	a1, 0x800016ee <_vsnprintf+0x8d4>
800015be: b3 56 15 03  	divu	a3, a0, a7
800015c2: 3b 87 16 03  	mulw	a4, a3, a7
800015c6: 3b 07 e5 40  	subw	a4, a0, a4
800015ca: 13 74 e7 0f  	andi	s0, a4, 254
800015ce: c2 87        	mv	a5, a6
800015d0: e3 74 54 fc  	bgeu	s0, t0, 0x80001598 <_vsnprintf+0x77e>
800015d4: 93 07 00 03  	li	a5, 48
800015d8: c1 b7        	j	0x80001598 <_vsnprintf+0x77e>
800015da: 29 43        	li	t1, 10
800015dc: 93 35 18 00  	seqz	a1, a6
800015e0: 13 96 54 03  	slli	a2, s1, 53
800015e4: 7d 92        	srli	a2, a2, 63
800015e6: f1 8d        	and	a1, a1, a2
800015e8: b1 ed        	bnez	a1, 0x80001644 <_vsnprintf+0x82a>
800015ea: 13 56 f8 43  	srai	a2, a6, 63
800015ee: b3 46 c8 00  	xor	a3, a6, a2
800015f2: 91 8e        	sub	a3, a3, a2
800015f4: 13 f6 04 02  	andi	a2, s1, 32
800015f8: 13 46 16 06  	xori	a2, a2, 97
800015fc: 93 02 66 0f  	addi	t0, a2, 246
80001600: 25 a0        	j	0x80001628 <_vsnprintf+0x80e>
80001602: 3b 05 f6 00  	addw	a0, a2, a5
80001606: 93 87 15 00  	addi	a5, a1, 1
8000160a: 33 86 b3 00  	add	a2, t2, a1
8000160e: b3 b6 16 01  	sltu	a3, a3, a7
80001612: 93 c6 f6 ff  	not	a3, a3
80001616: 93 b5 f5 01  	sltiu	a1, a1, 31
8000161a: 33 f4 b6 00  	and	s0, a3, a1
8000161e: 23 00 a6 00  	sb	a0, 0(a2)
80001622: be 85        	mv	a1, a5
80001624: ba 86        	mv	a3, a4
80001626: 05 c0        	beqz	s0, 0x80001646 <_vsnprintf+0x82c>
80001628: 33 d7 16 03  	divu	a4, a3, a7
8000162c: 3b 06 17 03  	mulw	a2, a4, a7
80001630: bb 87 c6 40  	subw	a5, a3, a2
80001634: 13 f5 e7 0f  	andi	a0, a5, 254
80001638: 16 86        	mv	a2, t0
8000163a: e3 74 65 fc  	bgeu	a0, t1, 0x80001602 <_vsnprintf+0x7e8>
8000163e: 13 06 00 03  	li	a2, 48
80001642: c1 b7        	j	0x80001602 <_vsnprintf+0x7e8>
80001644: 81 47        	li	a5, 0
80001646: 13 58 f8 03  	srli	a6, a6, 63
8000164a: 21 a0        	j	0x80001652 <_vsnprintf+0x838>
8000164c: 81 47        	li	a5, 0
8000164e: 1b 58 f8 01  	srliw	a6, a6, 31
80001652: 38 18        	addi	a4, sp, 56
80001654: 62 85        	mv	a0, s8
80001656: c2 75        	ld	a1, 48(sp)
80001658: 56 86        	mv	a2, s5
8000165a: ca 86        	mv	a3, s2
8000165c: 79 a8        	j	0x800016fa <_vsnprintf+0x8e0>
8000165e: d3 00 05 d2  	fcvt.d.w	ft1, a0
80001662: d3 f0 14 0a  	fsub.d	ft1, fs1, ft1
80001666: d3 05 10 a2  	fle.d	a1, ft0, ft1
8000166a: e9 8d        	and	a1, a1, a0
8000166c: 2d 9d        	addw	a0, a0, a1
8000166e: 93 0b 00 02  	li	s7, 32
80001672: 13 08 81 03  	addi	a6, sp, 56
80001676: fd 45        	li	a1, 31
80001678: 63 f6 85 17  	bgeu	a1, s8, 0x800017e4 <_vsnprintf+0x9ca>
8000167c: 45 a2        	j	0x8000181c <_vsnprintf+0xa02>
8000167e: 22 75        	ld	a0, 40(sp)
80001680: 03 45 05 00  	lbu	a0, 0(a0)
80001684: 11 e1        	bnez	a0, 0x80001688 <_vsnprintf+0x86e>
80001686: bd 98        	andi	s1, s1, -17
80001688: a9 42        	li	t0, 10
8000168a: 93 35 15 00  	seqz	a1, a0
8000168e: 13 96 54 03  	slli	a2, s1, 53
80001692: 7d 92        	srli	a2, a2, 63
80001694: f1 8d        	and	a1, a1, a2
80001696: b9 e9        	bnez	a1, 0x800016ec <_vsnprintf+0x8d2>
80001698: 02 15        	slli	a0, a0, 32
8000169a: 13 56 05 02  	srli	a2, a0, 32
8000169e: 13 f5 04 02  	andi	a0, s1, 32
800016a2: 13 45 15 06  	xori	a0, a0, 97
800016a6: 13 08 65 0f  	addi	a6, a0, 246
800016aa: 1d a0        	j	0x800016d0 <_vsnprintf+0x8b6>
800016ac: 3d 9f        	addw	a4, a4, a5
800016ae: 93 87 15 00  	addi	a5, a1, 1
800016b2: 33 84 b3 00  	add	s0, t2, a1
800016b6: 33 36 16 01  	sltu	a2, a2, a7
800016ba: 13 46 f6 ff  	not	a2, a2
800016be: 93 b5 f5 01  	sltiu	a1, a1, 31
800016c2: 33 75 b6 00  	and	a0, a2, a1
800016c6: 23 00 e4 00  	sb	a4, 0(s0)
800016ca: be 85        	mv	a1, a5
800016cc: 36 86        	mv	a2, a3
800016ce: 05 c1        	beqz	a0, 0x800016ee <_vsnprintf+0x8d4>
800016d0: b3 56 16 03  	divu	a3, a2, a7
800016d4: 3b 87 16 03  	mulw	a4, a3, a7
800016d8: 3b 07 e6 40  	subw	a4, a2, a4
800016dc: 13 74 e7 0f  	andi	s0, a4, 254
800016e0: c2 87        	mv	a5, a6
800016e2: e3 75 54 fc  	bgeu	s0, t0, 0x800016ac <_vsnprintf+0x892>
800016e6: 93 07 00 03  	li	a5, 48
800016ea: c9 b7        	j	0x800016ac <_vsnprintf+0x892>
800016ec: 81 47        	li	a5, 0
800016ee: 38 18        	addi	a4, sp, 56
800016f0: 62 85        	mv	a0, s8
800016f2: c2 75        	ld	a1, 48(sp)
800016f4: 56 86        	mv	a2, s5
800016f6: ca 86        	mv	a3, s2
800016f8: 01 48        	li	a6, 0
800016fa: de 83        	mv	t2, s7
800016fc: 5a 8e        	mv	t3, s6
800016fe: a6 8e        	mv	t4, s1
80001700: 97 00 00 00  	auipc	ra, 0
80001704: e7 80 60 2a  	jalr	678(ra)
80001708: aa 8c        	mv	s9, a0
8000170a: a2 7b        	ld	s7, 40(sp)
8000170c: a1 0b        	addi	s7, s7, 8
8000170e: 13 0b 50 02  	li	s6, 37
80001712: 13 84 1d 00  	addi	s0, s11, 1
80001716: 6f f0 ef f4  	j	0x80000e64 <_vsnprintf+0x4a>
8000171a: 85 25        	addiw	a1, a1, 1
8000171c: 2e e8        	sd	a1, 16(sp)
8000171e: c2 74        	ld	s1, 48(sp)
80001720: 1d c5        	beqz	a0, 0x8000174e <_vsnprintf+0x934>
80001722: 85 09        	addi	s3, s3, 1
80001724: 31 a8        	j	0x80001740 <_vsnprintf+0x926>
80001726: 93 8c 1a 00  	addi	s9, s5, 1
8000172a: 13 75 f5 0f  	andi	a0, a0, 255
8000172e: a6 85        	mv	a1, s1
80001730: 56 86        	mv	a2, s5
80001732: 82 76        	ld	a3, 32(sp)
80001734: 02 9c        	jalr	s8
80001736: 03 c5 09 00  	lbu	a0, 0(s3)
8000173a: 85 09        	addi	s3, s3, 1
8000173c: e6 8a        	mv	s5, s9
8000173e: 09 c9        	beqz	a0, 0x80001750 <_vsnprintf+0x936>
80001740: e3 03 09 fe  	beqz	s2, 0x80001726 <_vsnprintf+0x90c>
80001744: 9b 85 0b 00  	sext.w	a1, s7
80001748: 99 c1        	beqz	a1, 0x8000174e <_vsnprintf+0x934>
8000174a: fd 3b        	addiw	s7, s7, -1
8000174c: e9 bf        	j	0x80001726 <_vsnprintf+0x90c>
8000174e: d6 8c        	mv	s9, s5
80001750: 33 35 80 00  	snez	a0, s0
80001754: 42 66        	ld	a2, 16(sp)
80001756: 9b 05 06 00  	sext.w	a1, a2
8000175a: b3 b5 65 01  	sltu	a1, a1, s6
8000175e: 6d 8d        	and	a0, a0, a1
80001760: a2 7b        	ld	s7, 40(sp)
80001762: a1 0b        	addi	s7, s7, 8
80001764: 1d c1        	beqz	a0, 0x8000178a <_vsnprintf+0x970>
80001766: 3b 04 cb 40  	subw	s0, s6, a2
8000176a: 02 79        	ld	s2, 32(sp)
8000176c: 66 86        	mv	a2, s9
8000176e: 85 0c        	addi	s9, s9, 1
80001770: 13 05 00 02  	li	a0, 32
80001774: a6 85        	mv	a1, s1
80001776: ca 86        	mv	a3, s2
80001778: 02 9c        	jalr	s8
8000177a: 7d 34        	addiw	s0, s0, -1
8000177c: 65 f8        	bnez	s0, 0x8000176c <_vsnprintf+0x952>
8000177e: 13 0b 50 02  	li	s6, 37
80001782: 13 84 1d 00  	addi	s0, s11, 1
80001786: 6f f0 ef ed  	j	0x80000e64 <_vsnprintf+0x4a>
8000178a: 13 0b 50 02  	li	s6, 37
8000178e: 02 79        	ld	s2, 32(sp)
80001790: 13 84 1d 00  	addi	s0, s11, 1
80001794: 6f f0 0f ed  	j	0x80000e64 <_vsnprintf+0x4a>
80001798: 85 46        	li	a3, 1
8000179a: 29 44        	li	s0, 10
8000179c: 13 08 81 03  	addi	a6, sp, 56
800017a0: 93 07 00 03  	li	a5, 48
800017a4: 93 0b 1c 00  	addi	s7, s8, 1
800017a8: 33 06 88 01  	add	a2, a6, s8
800017ac: 23 00 f6 00  	sb	a5, 0(a2)
800017b0: 13 36 fc 01  	sltiu	a2, s8, 31
800017b4: 33 c7 d5 00  	xor	a4, a1, a3
800017b8: 33 37 e0 00  	snez	a4, a4
800017bc: 71 8f        	and	a4, a4, a2
800017be: 85 26        	addiw	a3, a3, 1
800017c0: 5e 8c        	mv	s8, s7
800017c2: 6d f3        	bnez	a4, 0x800017a4 <_vsnprintf+0x98a>
800017c4: 2c 18        	addi	a1, sp, 56
800017c6: 39 ca        	beqz	a2, 0x8000181c <_vsnprintf+0xa02>
800017c8: 13 8c 1b 00  	addi	s8, s7, 1
800017cc: ae 9b        	add	s7, s7, a1
800017ce: 93 05 e0 02  	li	a1, 46
800017d2: 23 80 bb 00  	sb	a1, 0(s7)
800017d6: 93 0b 00 02  	li	s7, 32
800017da: 13 08 81 03  	addi	a6, sp, 56
800017de: fd 45        	li	a1, 31
800017e0: 63 ee 85 03  	bltu	a1, s8, 0x8000181c <_vsnprintf+0xa02>
800017e4: d2 87        	mv	a5, s4
800017e6: b3 05 f5 02  	mul	a1, a0, a5
800017ea: 13 d6 f5 03  	srli	a2, a1, 63
800017ee: 89 95        	srai	a1, a1, 34
800017f0: b1 9d        	addw	a1, a1, a2
800017f2: 3b 86 85 02  	mulw	a2, a1, s0
800017f6: 3b 06 c5 40  	subw	a2, a0, a2
800017fa: 1b 06 06 03  	addiw	a2, a2, 48
800017fe: 93 0b 1c 00  	addi	s7, s8, 1
80001802: b3 06 88 01  	add	a3, a6, s8
80001806: 59 35        	addiw	a0, a0, -10
80001808: 13 35 d5 fe  	sltiu	a0, a0, -19
8000180c: 13 37 fc 01  	sltiu	a4, s8, 31
80001810: 69 8f        	and	a4, a4, a0
80001812: 23 80 c6 00  	sb	a2, 0(a3)
80001816: 5e 8c        	mv	s8, s7
80001818: 2e 85        	mv	a0, a1
8000181a: 71 f7        	bnez	a4, 0x800017e6 <_vsnprintf+0x9cc>
8000181c: 13 f4 34 00  	andi	s0, s1, 3
80001820: 05 45        	li	a0, 1
80001822: 63 11 a4 06  	bne	s0, a0, 0x80001884 <_vsnprintf+0xa6a>
80001826: 63 0a 0b 00  	beqz	s6, 0x8000183a <_vsnprintf+0xa20>
8000182a: 13 f5 c4 00  	andi	a0, s1, 12
8000182e: 33 35 a0 00  	snez	a0, a0
80001832: 33 65 55 00  	or	a0, a0, t0
80001836: 3b 0b ab 40  	subw	s6, s6, a0
8000183a: 13 15 0b 02  	slli	a0, s6, 32
8000183e: 13 5c 05 02  	srli	s8, a0, 32
80001842: 33 b5 8b 01  	sltu	a0, s7, s8
80001846: 93 b5 0b 02  	sltiu	a1, s7, 32
8000184a: 6d 8d        	and	a0, a0, a1
8000184c: 05 cd        	beqz	a0, 0x80001884 <_vsnprintf+0xa6a>
8000184e: 16 f0        	sd	t0, 32(sp)
80001850: 13 c5 fb ff  	not	a0, s7
80001854: 2a 9c        	add	s8, s8, a0
80001856: 7d 45        	li	a0, 31
80001858: 33 05 75 41  	sub	a0, a0, s7
8000185c: 63 63 ac 00  	bltu	s8, a0, 0x80001862 <_vsnprintf+0xa48>
80001860: 2a 8c        	mv	s8, a0
80001862: 28 18        	addi	a0, sp, 56
80001864: 5e 95        	add	a0, a0, s7
80001866: 05 0c        	addi	s8, s8, 1
80001868: 93 05 00 03  	li	a1, 48
8000186c: 62 86        	mv	a2, s8
8000186e: 97 00 00 00  	auipc	ra, 0
80001872: e7 80 e0 3a  	jalr	942(ra)
80001876: e2 9b        	add	s7, s7, s8
80001878: 62 6d        	ld	s10, 24(sp)
8000187a: 82 72        	ld	t0, 32(sp)
8000187c: 7d 45        	li	a0, 31
8000187e: 63 77 75 01  	bgeu	a0, s7, 0x8000188c <_vsnprintf+0xa72>
80001882: 05 a8        	j	0x800018b2 <_vsnprintf+0xa98>
80001884: 62 6d        	ld	s10, 24(sp)
80001886: 7d 45        	li	a0, 31
80001888: 63 65 75 03  	bltu	a0, s7, 0x800018b2 <_vsnprintf+0xa98>
8000188c: 13 05 d0 02  	li	a0, 45
80001890: 63 9c 02 00  	bnez	t0, 0x800018a8 <_vsnprintf+0xa8e>
80001894: 93 f5 44 00  	andi	a1, s1, 4
80001898: 13 05 b0 02  	li	a0, 43
8000189c: 91 e5        	bnez	a1, 0x800018a8 <_vsnprintf+0xa8e>
8000189e: 93 f5 84 00  	andi	a1, s1, 8
800018a2: 13 05 00 02  	li	a0, 32
800018a6: 91 c5        	beqz	a1, 0x800018b2 <_vsnprintf+0xa98>
800018a8: 2c 18        	addi	a1, sp, 56
800018aa: de 95        	add	a1, a1, s7
800018ac: 85 0b        	addi	s7, s7, 1
800018ae: 23 80 a5 00  	sb	a0, 0(a1)
800018b2: 56 86        	mv	a2, s5
800018b4: c2 75        	ld	a1, 48(sp)
800018b6: 4a 8c        	mv	s8, s2
800018b8: 0d ec        	bnez	s0, 0x800018f2 <_vsnprintf+0xad8>
800018ba: 13 15 0b 02  	slli	a0, s6, 32
800018be: 01 91        	srli	a0, a0, 32
800018c0: 56 86        	mv	a2, s5
800018c2: 63 f8 ab 02  	bgeu	s7, a0, 0x800018f2 <_vsnprintf+0xad8>
800018c6: 01 44        	li	s0, 0
800018c8: b3 0c 75 41  	sub	s9, a0, s7
800018cc: 2e 89        	mv	s2, a1
800018ce: 33 86 8a 00  	add	a2, s5, s0
800018d2: 13 05 00 02  	li	a0, 32
800018d6: ca 85        	mv	a1, s2
800018d8: e2 86        	mv	a3, s8
800018da: 02 9d        	jalr	s10
800018dc: 05 04        	addi	s0, s0, 1
800018de: e3 98 8c fe  	bne	s9, s0, 0x800018ce <_vsnprintf+0xab4>
800018e2: 33 86 8a 00  	add	a2, s5, s0
800018e6: 32 84        	mv	s0, a2
800018e8: ca 85        	mv	a1, s2
800018ea: 93 0c 71 03  	addi	s9, sp, 55
800018ee: 63 84 0b 02  	beqz	s7, 0x80001916 <_vsnprintf+0xafc>
800018f2: 33 85 7c 01  	add	a0, s9, s7
800018f6: 03 45 05 00  	lbu	a0, 0(a0)
800018fa: 13 04 16 00  	addi	s0, a2, 1
800018fe: e2 86        	mv	a3, s8
80001900: 62 89        	mv	s2, s8
80001902: 66 8c        	mv	s8, s9
80001904: ae 8c        	mv	s9, a1
80001906: 02 9d        	jalr	s10
80001908: e6 85        	mv	a1, s9
8000190a: e2 8c        	mv	s9, s8
8000190c: 4a 8c        	mv	s8, s2
8000190e: fd 1b        	addi	s7, s7, -1
80001910: 22 86        	mv	a2, s0
80001912: e3 90 0b fe  	bnez	s7, 0x800018f2 <_vsnprintf+0xad8>
80001916: 62 86        	mv	a2, s8
80001918: 13 f5 24 00  	andi	a0, s1, 2
8000191c: 05 cd        	beqz	a0, 0x80001954 <_vsnprintf+0xb3a>
8000191e: 02 1b        	slli	s6, s6, 32
80001920: 13 5b 0b 02  	srli	s6, s6, 32
80001924: 33 05 54 41  	sub	a0, s0, s5
80001928: 63 76 65 03  	bgeu	a0, s6, 0x80001954 <_vsnprintf+0xb3a>
8000192c: 2e 89        	mv	s2, a1
8000192e: a2 99        	add	s3, s3, s0
80001930: a2 7b        	ld	s7, 40(sp)
80001932: ae 84        	mv	s1, a1
80001934: 32 89        	mv	s2, a2
80001936: 6a 8c        	mv	s8, s10
80001938: 41 4d        	li	s10, 16
8000193a: 93 0c 14 00  	addi	s9, s0, 1
8000193e: 13 05 00 02  	li	a0, 32
80001942: a6 85        	mv	a1, s1
80001944: 22 86        	mv	a2, s0
80001946: ca 86        	mv	a3, s2
80001948: 02 9c        	jalr	s8
8000194a: 85 09        	addi	s3, s3, 1
8000194c: 66 84        	mv	s0, s9
8000194e: e3 e6 69 ff  	bltu	s3, s6, 0x8000193a <_vsnprintf+0xb20>
80001952: 6d bb        	j	0x8000170c <_vsnprintf+0x8f2>
80001954: a2 8c        	mv	s9, s0
80001956: a2 7b        	ld	s7, 40(sp)
80001958: 32 89        	mv	s2, a2
8000195a: 6a 8c        	mv	s8, s10
8000195c: 41 4d        	li	s10, 16
8000195e: 7d b3        	j	0x8000170c <_vsnprintf+0x8f2>
80001960: 63 e4 2a 01  	bltu	s5, s2, 0x80001968 <_vsnprintf+0xb4e>
80001964: 93 0a f9 ff  	addi	s5, s2, -1
80001968: 01 45        	li	a0, 0
8000196a: c2 75        	ld	a1, 48(sp)
8000196c: 56 86        	mv	a2, s5
8000196e: ca 86        	mv	a3, s2
80001970: 02 9c        	jalr	s8
80001972: 1b 85 0c 00  	sext.w	a0, s9
80001976: ae 60        	ld	ra, 200(sp)
80001978: 0e 64        	ld	s0, 192(sp)
8000197a: ea 74        	ld	s1, 184(sp)
8000197c: 4a 79        	ld	s2, 176(sp)
8000197e: aa 79        	ld	s3, 168(sp)
80001980: 0a 7a        	ld	s4, 160(sp)
80001982: ea 6a        	ld	s5, 152(sp)
80001984: 4a 6b        	ld	s6, 144(sp)
80001986: aa 6b        	ld	s7, 136(sp)
80001988: 0a 6c        	ld	s8, 128(sp)
8000198a: e6 7c        	ld	s9, 120(sp)
8000198c: 46 7d        	ld	s10, 112(sp)
8000198e: a6 7d        	ld	s11, 104(sp)
80001990: 06 34        	fld	fs0, 96(sp)
80001992: e6 24        	fld	fs1, 88(sp)
80001994: 69 61        	addi	sp, sp, 208
80001996: 82 80        	ret

0000000080001998 <_out_char>:
80001998: 09 c5        	beqz	a0, 0x800019a2 <_out_char+0xa>
8000199a: 17 03 00 00  	auipc	t1, 0
8000199e: 67 00 03 2d  	jr	720(t1)
800019a2: 82 80        	ret

00000000800019a4 <_out_null>:
800019a4: 82 80        	ret

00000000800019a6 <_ntoa_format>:
800019a6: 19 71        	addi	sp, sp, -128
800019a8: 86 fc        	sd	ra, 120(sp)
800019aa: a2 f8        	sd	s0, 112(sp)
800019ac: a6 f4        	sd	s1, 104(sp)
800019ae: ca f0        	sd	s2, 96(sp)
800019b0: ce ec        	sd	s3, 88(sp)
800019b2: d2 e8        	sd	s4, 80(sp)
800019b4: d6 e4        	sd	s5, 72(sp)
800019b6: da e0        	sd	s6, 64(sp)
800019b8: 5e fc        	sd	s7, 56(sp)
800019ba: 62 f8        	sd	s8, 48(sp)
800019bc: 66 f4        	sd	s9, 40(sp)
800019be: 6a f0        	sd	s10, 32(sp)
800019c0: 6e ec        	sd	s11, 24(sp)
800019c2: f6 8b        	mv	s7, t4
800019c4: 93 f4 2e 00  	andi	s1, t4, 2
800019c8: 72 8a        	mv	s4, t3
800019ca: 1e 8d        	mv	s10, t2
800019cc: c6 8c        	mv	s9, a7
800019ce: 3e 8c        	mv	s8, a5
800019d0: 36 89        	mv	s2, a3
800019d2: b2 89        	mv	s3, a2
800019d4: ae 8a        	mv	s5, a1
800019d6: aa 8d        	mv	s11, a0
800019d8: 26 8b        	mv	s6, s1
800019da: 3a e8        	sd	a4, 16(sp)
800019dc: d5 e4        	bnez	s1, 0x80001a88 <_ntoa_format+0xe2>
800019de: 1b 05 0a 00  	sext.w	a0, s4
800019e2: 13 f4 1b 00  	andi	s0, s7, 1
800019e6: 19 c9        	beqz	a0, 0x800019fc <_ntoa_format+0x56>
800019e8: 19 c8        	beqz	s0, 0x800019fe <_ntoa_format+0x58>
800019ea: 13 f5 cb 00  	andi	a0, s7, 12
800019ee: 33 35 a0 00  	snez	a0, a0
800019f2: 33 65 05 01  	or	a0, a0, a6
800019f6: 3b 0a aa 40  	subw	s4, s4, a0
800019fa: 11 a0        	j	0x800019fe <_ntoa_format+0x58>
800019fc: 01 4a        	li	s4, 0
800019fe: 13 15 0d 02  	slli	a0, s10, 32
80001a02: 01 91        	srli	a0, a0, 32
80001a04: b3 35 ac 00  	sltu	a1, s8, a0
80001a08: 13 36 0c 02  	sltiu	a2, s8, 32
80001a0c: f1 8d        	and	a1, a1, a2
80001a0e: 85 cd        	beqz	a1, 0x80001a46 <_ntoa_format+0xa0>
80001a10: 52 e4        	sd	s4, 8(sp)
80001a12: 4e 8a        	mv	s4, s3
80001a14: c2 89        	mv	s3, a6
80001a16: 93 44 fc ff  	not	s1, s8
80001a1a: aa 94        	add	s1, s1, a0
80001a1c: 7d 45        	li	a0, 31
80001a1e: b3 05 85 41  	sub	a1, a0, s8
80001a22: 33 05 87 01  	add	a0, a4, s8
80001a26: 63 e3 b4 00  	bltu	s1, a1, 0x80001a2c <_ntoa_format+0x86>
80001a2a: ae 84        	mv	s1, a1
80001a2c: 85 04        	addi	s1, s1, 1
80001a2e: 93 05 00 03  	li	a1, 48
80001a32: 26 86        	mv	a2, s1
80001a34: 97 00 00 00  	auipc	ra, 0
80001a38: e7 80 80 1e  	jalr	488(ra)
80001a3c: 26 9c        	add	s8, s8, s1
80001a3e: 42 67        	ld	a4, 16(sp)
80001a40: 4e 88        	mv	a6, s3
80001a42: d2 89        	mv	s3, s4
80001a44: 22 6a        	ld	s4, 8(sp)
80001a46: 29 c0        	beqz	s0, 0x80001a88 <_ntoa_format+0xe2>
80001a48: 13 15 0a 02  	slli	a0, s4, 32
80001a4c: 01 91        	srli	a0, a0, 32
80001a4e: b3 35 ac 00  	sltu	a1, s8, a0
80001a52: 13 36 0c 02  	sltiu	a2, s8, 32
80001a56: f1 8d        	and	a1, a1, a2
80001a58: 85 c9        	beqz	a1, 0x80001a88 <_ntoa_format+0xe2>
80001a5a: 42 84        	mv	s0, a6
80001a5c: 93 44 fc ff  	not	s1, s8
80001a60: aa 94        	add	s1, s1, a0
80001a62: 7d 45        	li	a0, 31
80001a64: b3 05 85 41  	sub	a1, a0, s8
80001a68: 33 05 87 01  	add	a0, a4, s8
80001a6c: 63 e3 b4 00  	bltu	s1, a1, 0x80001a72 <_ntoa_format+0xcc>
80001a70: ae 84        	mv	s1, a1
80001a72: 85 04        	addi	s1, s1, 1
80001a74: 93 05 00 03  	li	a1, 48
80001a78: 26 86        	mv	a2, s1
80001a7a: 97 00 00 00  	auipc	ra, 0
80001a7e: e7 80 20 1a  	jalr	418(ra)
80001a82: 26 9c        	add	s8, s8, s1
80001a84: 42 67        	ld	a4, 16(sp)
80001a86: 22 88        	mv	a6, s0
80001a88: 13 f5 0b 01  	andi	a0, s7, 16
80001a8c: 11 e5        	bnez	a0, 0x80001a98 <_ntoa_format+0xf2>
80001a8e: da 8c        	mv	s9, s6
80001a90: 7d 45        	li	a0, 31
80001a92: 63 7b 85 0b  	bgeu	a0, s8, 0x80001b48 <_ntoa_format+0x1a2>
80001a96: e1 a8        	j	0x80001b6e <_ntoa_format+0x1c8>
80001a98: 13 f5 0b 40  	andi	a0, s7, 1024
80001a9c: 13 35 15 00  	seqz	a0, a0
80001aa0: b3 35 80 01  	snez	a1, s8
80001aa4: 6d 8d        	and	a0, a0, a1
80001aa6: 15 cd        	beqz	a0, 0x80001ae2 <_ntoa_format+0x13c>
80001aa8: 02 1d        	slli	s10, s10, 32
80001aaa: 13 55 0d 02  	srli	a0, s10, 32
80001aae: 33 45 ac 00  	xor	a0, s8, a0
80001ab2: 33 35 a0 00  	snez	a0, a0
80001ab6: 93 15 0a 02  	slli	a1, s4, 32
80001aba: 81 91        	srli	a1, a1, 32
80001abc: b3 45 bc 00  	xor	a1, s8, a1
80001ac0: b3 35 b0 00  	snez	a1, a1
80001ac4: 6d 8d        	and	a0, a0, a1
80001ac6: 11 ed        	bnez	a0, 0x80001ae2 <_ntoa_format+0x13c>
80001ac8: 13 05 fc ff  	addi	a0, s8, -1
80001acc: b3 35 a0 00  	snez	a1, a0
80001ad0: 13 86 0c ff  	addi	a2, s9, -16
80001ad4: 13 36 16 00  	seqz	a2, a2
80001ad8: f1 8d        	and	a1, a1, a2
80001ada: 99 c1        	beqz	a1, 0x80001ae0 <_ntoa_format+0x13a>
80001adc: 13 05 ec ff  	addi	a0, s8, -2
80001ae0: 2a 8c        	mv	s8, a0
80001ae2: 41 45        	li	a0, 16
80001ae4: 63 96 ac 02  	bne	s9, a0, 0x80001b10 <_ntoa_format+0x16a>
80001ae8: 93 f5 0b 02  	andi	a1, s7, 32
80001aec: 13 b5 15 00  	seqz	a0, a1
80001af0: 13 36 0c 02  	sltiu	a2, s8, 32
80001af4: b3 76 c5 00  	and	a3, a0, a2
80001af8: 13 05 80 07  	li	a0, 120
80001afc: da 8c        	mv	s9, s6
80001afe: 9d e2        	bnez	a3, 0x80001b24 <_ntoa_format+0x17e>
80001b00: 33 35 b0 00  	snez	a0, a1
80001b04: b3 75 c5 00  	and	a1, a0, a2
80001b08: 13 05 80 05  	li	a0, 88
80001b0c: 81 ed        	bnez	a1, 0x80001b24 <_ntoa_format+0x17e>
80001b0e: 05 a0        	j	0x80001b2e <_ntoa_format+0x188>
80001b10: f9 1c        	addi	s9, s9, -2
80001b12: 13 b5 1c 00  	seqz	a0, s9
80001b16: 93 35 0c 02  	sltiu	a1, s8, 32
80001b1a: e9 8d        	and	a1, a1, a0
80001b1c: 13 05 20 06  	li	a0, 98
80001b20: da 8c        	mv	s9, s6
80001b22: 91 c5        	beqz	a1, 0x80001b2e <_ntoa_format+0x188>
80001b24: b3 05 87 01  	add	a1, a4, s8
80001b28: 05 0c        	addi	s8, s8, 1
80001b2a: 23 80 a5 00  	sb	a0, 0(a1)
80001b2e: 7d 45        	li	a0, 31
80001b30: 63 6f 85 03  	bltu	a0, s8, 0x80001b6e <_ntoa_format+0x1c8>
80001b34: 33 05 87 01  	add	a0, a4, s8
80001b38: 05 0c        	addi	s8, s8, 1
80001b3a: 93 05 00 03  	li	a1, 48
80001b3e: 23 00 b5 00  	sb	a1, 0(a0)
80001b42: 7d 45        	li	a0, 31
80001b44: 63 65 85 03  	bltu	a0, s8, 0x80001b6e <_ntoa_format+0x1c8>
80001b48: 13 05 d0 02  	li	a0, 45
80001b4c: 63 1c 08 00  	bnez	a6, 0x80001b64 <_ntoa_format+0x1be>
80001b50: 93 f5 4b 00  	andi	a1, s7, 4
80001b54: 13 05 b0 02  	li	a0, 43
80001b58: 91 e5        	bnez	a1, 0x80001b64 <_ntoa_format+0x1be>
80001b5a: 93 f5 8b 00  	andi	a1, s7, 8
80001b5e: 13 05 00 02  	li	a0, 32
80001b62: 91 c5        	beqz	a1, 0x80001b6e <_ntoa_format+0x1c8>
80001b64: b3 05 87 01  	add	a1, a4, s8
80001b68: 05 0c        	addi	s8, s8, 1
80001b6a: 23 80 a5 00  	sb	a0, 0(a1)
80001b6e: 13 f5 3b 00  	andi	a0, s7, 3
80001b72: 4e 84        	mv	s0, s3
80001b74: 05 e5        	bnez	a0, 0x80001b9c <_ntoa_format+0x1f6>
80001b76: 13 15 0a 02  	slli	a0, s4, 32
80001b7a: 01 91        	srli	a0, a0, 32
80001b7c: 4e 84        	mv	s0, s3
80001b7e: 63 7f ac 00  	bgeu	s8, a0, 0x80001b9c <_ntoa_format+0x1f6>
80001b82: b3 04 85 41  	sub	s1, a0, s8
80001b86: 4e 86        	mv	a2, s3
80001b88: 13 04 16 00  	addi	s0, a2, 1
80001b8c: 13 05 00 02  	li	a0, 32
80001b90: d6 85        	mv	a1, s5
80001b92: ca 86        	mv	a3, s2
80001b94: 82 9d        	jalr	s11
80001b96: fd 14        	addi	s1, s1, -1
80001b98: 22 86        	mv	a2, s0
80001b9a: fd f4        	bnez	s1, 0x80001b88 <_ntoa_format+0x1e2>
80001b9c: 63 05 0c 02  	beqz	s8, 0x80001bc6 <_ntoa_format+0x220>
80001ba0: 42 6b        	ld	s6, 16(sp)
80001ba2: 7d 1b        	addi	s6, s6, -1
80001ba4: 33 05 8b 01  	add	a0, s6, s8
80001ba8: 03 45 05 00  	lbu	a0, 0(a0)
80001bac: 93 04 14 00  	addi	s1, s0, 1
80001bb0: d6 85        	mv	a1, s5
80001bb2: 22 86        	mv	a2, s0
80001bb4: ca 86        	mv	a3, s2
80001bb6: 82 9d        	jalr	s11
80001bb8: 7d 1c        	addi	s8, s8, -1
80001bba: 26 84        	mv	s0, s1
80001bbc: e3 14 0c fe  	bnez	s8, 0x80001ba4 <_ntoa_format+0x1fe>
80001bc0: 63 96 0c 00  	bnez	s9, 0x80001bcc <_ntoa_format+0x226>
80001bc4: 1d a8        	j	0x80001bfa <_ntoa_format+0x254>
80001bc6: a2 84        	mv	s1, s0
80001bc8: 63 89 0c 02  	beqz	s9, 0x80001bfa <_ntoa_format+0x254>
80001bcc: 02 1a        	slli	s4, s4, 32
80001bce: 13 5a 0a 02  	srli	s4, s4, 32
80001bd2: 33 85 34 41  	sub	a0, s1, s3
80001bd6: 63 72 45 03  	bgeu	a0, s4, 0x80001bfa <_ntoa_format+0x254>
80001bda: b3 09 30 41  	neg	s3, s3
80001bde: 13 84 14 00  	addi	s0, s1, 1
80001be2: 13 05 00 02  	li	a0, 32
80001be6: d6 85        	mv	a1, s5
80001be8: 26 86        	mv	a2, s1
80001bea: ca 86        	mv	a3, s2
80001bec: 82 9d        	jalr	s11
80001bee: 33 85 89 00  	add	a0, s3, s0
80001bf2: a2 84        	mv	s1, s0
80001bf4: e3 65 45 ff  	bltu	a0, s4, 0x80001bde <_ntoa_format+0x238>
80001bf8: 11 a0        	j	0x80001bfc <_ntoa_format+0x256>
80001bfa: 26 84        	mv	s0, s1
80001bfc: 22 85        	mv	a0, s0
80001bfe: e6 70        	ld	ra, 120(sp)
80001c00: 46 74        	ld	s0, 112(sp)
80001c02: a6 74        	ld	s1, 104(sp)
80001c04: 06 79        	ld	s2, 96(sp)
80001c06: e6 69        	ld	s3, 88(sp)
80001c08: 46 6a        	ld	s4, 80(sp)
80001c0a: a6 6a        	ld	s5, 72(sp)
80001c0c: 06 6b        	ld	s6, 64(sp)
80001c0e: e2 7b        	ld	s7, 56(sp)
80001c10: 42 7c        	ld	s8, 48(sp)
80001c12: a2 7c        	ld	s9, 40(sp)
80001c14: 02 7d        	ld	s10, 32(sp)
80001c16: e2 6d        	ld	s11, 24(sp)
80001c18: 09 61        	addi	sp, sp, 128
80001c1a: 82 80        	ret

0000000080001c1c <memset>:
80001c1c: b3 66 c5 00  	or	a3, a0, a2
80001c20: 9d 8a        	andi	a3, a3, 7
80001c22: 91 ce        	beqz	a3, 0x80001c3e <memset+0x22>
80001c24: b3 06 c5 00  	add	a3, a0, a2
80001c28: 63 70 d5 04  	bgeu	a0, a3, 0x80001c68 <memset+0x4c>
80001c2c: aa 86        	mv	a3, a0
80001c2e: 13 87 16 00  	addi	a4, a3, 1
80001c32: 7d 16        	addi	a2, a2, -1
80001c34: 23 80 b6 00  	sb	a1, 0(a3)
80001c38: ba 86        	mv	a3, a4
80001c3a: 75 fa        	bnez	a2, 0x80001c2e <memset+0x12>
80001c3c: 35 a0        	j	0x80001c68 <memset+0x4c>
80001c3e: 2a 96        	add	a2, a2, a0
80001c40: 63 74 c5 02  	bgeu	a0, a2, 0x80001c68 <memset+0x4c>
80001c44: e2 15        	slli	a1, a1, 56
80001c46: b7 16 10 10  	lui	a3, 65793
80001c4a: 92 06        	slli	a3, a3, 4
80001c4c: 93 86 06 10  	addi	a3, a3, 256
80001c50: b3 b5 d5 02  	mulhu	a1, a1, a3
80001c54: 93 96 05 02  	slli	a3, a1, 32
80001c58: d5 8d        	or	a1, a1, a3
80001c5a: aa 86        	mv	a3, a0
80001c5c: 13 87 86 00  	addi	a4, a3, 8
80001c60: 8c e2        	sd	a1, 0(a3)
80001c62: ba 86        	mv	a3, a4
80001c64: e3 6c c7 fe  	bltu	a4, a2, 0x80001c5c <memset+0x40>
80001c68: 82 80        	ret

0000000080001c6a <_putchar>:
80001c6a: 97 e5 ff 3f  	auipc	a1, 262142
80001c6e: 23 8b a5 38  	sb	a0, 918(a1)
80001c72: 82 80        	ret

Disassembly of section .data:

0000000080001c80 <H_real>:
80001c80: b2 a2        	fsd	fa2, 320(sp)
80001c82: 7e 3e        	fld	ft8, 504(sp)
80001c84: 87 50 83 3e  	<unknown>
80001c88: 63 02 fc 3d  	beq	s8, t6, 0x8000204c <H_real+0x3cc>
80001c8c: f7 9e 00 3d  	<unknown>
80001c90: b7 30 fe 3e  	lui	ra, 258019
80001c94: a6 ec        	sd	s1, 88(sp)
80001c96: b8 3c        	fld	fa4, 120(s1)
80001c98: 9e 38        	fld	fa7, 480(sp)
80001c9a: 23 3f c1 b3  	sd	t3, -1218(sp)
80001c9e: f2 3e        	fld	ft9, 312(sp)
80001ca0: a8 9b        	<unknown>
80001ca2: 16 3f        	fld	ft10, 352(sp)
80001ca4: ae ca        	sw	a1, 84(sp)
80001ca6: 2b 3e 7c cd  	<unknown>
80001caa: ba 3d        	fld	fs11, 424(sp)
80001cac: d8 3c        	fld	fa4, 184(s1)
80001cae: e8 3e        	fld	fa0, 248(a3)
80001cb0: 32 e7        	sd	a2, 392(sp)
80001cb2: b5 3e        	addiw	t4, t4, -19
80001cb4: cf 5d 93 3e  	<unknown>
80001cb8: dc 5f        	lw	a5, 60(a5)
80001cba: 24 3e        	fld	fs1, 120(a2)
80001cbc: 32 78        	ld	a6, 296(sp)
80001cbe: d2 3e        	fld	ft9, 304(sp)
80001cc0: dd 46        	li	a3, 23
80001cc2: 03 3e f9 ba  	ld	t3, -1105(s2)
80001cc6: bf 3e 84 da  	<unknown>
80001cca: 9e 3e        	fld	ft9, 480(sp)
80001ccc: 9e 45        	lw	a1, 196(sp)
80001cce: 92 3e        	fld	ft9, 288(sp)
80001cd0: 91 ba        	j	0x80001624 <_vsnprintf+0x80a>
80001cd2: 8a 3e        	fld	ft9, 160(sp)
80001cd4: 0e 45        	lw	a0, 192(sp)
80001cd6: e8 3b        	fld	fa0, 240(a5)
80001cd8: 76 02        	slli	tp, tp, 29
80001cda: e7 3d 04 af  	<unknown>
80001cde: af 3e b2 de  	<unknown>
80001ce2: 4c 3e        	fld	fa1, 184(a2)
80001ce4: c5 1f        	addi	t6, t6, -15
80001ce6: 33 3f ca 2e  	<unknown>
80001cea: b8 3d        	fld	fa4, 120(a1)
80001cec: 0a 05        	slli	a0, a0, 2
80001cee: 86 3e        	fld	ft9, 96(sp)
80001cf0: 2a db        	sw	a0, 180(sp)
80001cf2: 03 3f 20 b6  	ld	t5, -1182(zero)
80001cf6: f2 3d        	fld	fs11, 312(sp)
80001cf8: 02 f6        	sd	zero, 296(sp)
80001cfa: c4 3e        	fld	fs1, 184(a3)
80001cfc: 4e e6        	sd	s3, 264(sp)
80001cfe: 1f 3f bf 11  	<unknown>
80001d02: cb 3d 7f a2  	fnmsub.d	fs11, ft10, ft7, fs4, rup
80001d06: bc 3d        	fld	fa5, 120(a1)
80001d08: 35 61        	addi	sp, sp, 352
80001d0a: 05 3e        	addiw	t3, t3, -31
80001d0c: 08 63        	ld	a0, 0(a4)
80001d0e: 08 3d        	fld	fa0, 56(a0)
80001d10: c0 c7        	sw	s0, 12(a5)
80001d12: 34 3f        	fld	fa3, 120(a4)
80001d14: fd 8b        	andi	a5, a5, 31
80001d16: 0c 3f        	fld	fa1, 56(a4)
80001d18: f5 ac        	j	0x80002014 <H_real+0x394>
80001d1a: 1d 3f        	addiw	t5, t5, -25
80001d1c: 3c 24        	fld	fa5, 72(s0)
80001d1e: 33 3f ea a4  	<unknown>
80001d22: 0a 3f        	fld	ft10, 160(sp)
80001d24: 65 48        	li	a6, 25
80001d26: 3b 3e 92 e3  	<unknown>
80001d2a: 34 3f        	fld	fa3, 120(a4)
80001d2c: 47 e8 08 3f  	<unknown>
80001d30: 0a 25        	fld	fa0, 128(sp)
80001d32: 63 3e e8 8a  	<unknown>
80001d36: 14 3f        	fld	fa3, 56(a4)
80001d38: 6f 73 d6 3e  	jal	t1, 0x80069924 <timer+0x637e4>
80001d3c: 78 c8        	sw	a4, 84(s0)
80001d3e: 86 3e        	fld	ft9, 96(sp)
80001d40: cf 64 21 3f  	<unknown>
80001d44: a3 d8 06 3f  	<unknown>
80001d48: 24 35        	fld	fs1, 104(a0)
80001d4a: 8a 3d        	fld	fs11, 160(sp)
80001d4c: 81 9a        	andi	a3, a3, -32
80001d4e: b8 3e        	fld	fa4, 120(a3)
80001d50: 86 fe        	sd	ra, 376(sp)
80001d52: c1 3e        	addiw	t4, t4, -16
80001d54: 51 51        	li	sp, -12
80001d56: 10 3f        	fld	fa2, 56(a4)
80001d58: a9 a4        	j	0x80001fa2 <H_real+0x322>
80001d5a: 4a 3b        	fld	fs6, 176(sp)
80001d5c: e2 27        	fld	fa5, 24(sp)
80001d5e: 81 3e        	addiw	t4, t4, -32
80001d60: b4 70        	ld	a3, 96(s1)
80001d62: e1 3e        	addiw	t4, t4, -8
80001d64: fb 4b 9a 3e  	<unknown>
80001d68: 6d 12        	addi	tp, tp, -5
80001d6a: c8 3e        	fld	fa0, 184(a3)
80001d6c: 7e 76        	ld	a2, 504(sp)
80001d6e: ea 3e        	fld	ft9, 184(sp)
80001d70: 89 46        	li	a3, 2
80001d72: 6d 3e        	addiw	t3, t3, -5
80001d74: f6 3f        	fld	ft11, 376(sp)
80001d76: 2b 3f c3 ad  	<unknown>
80001d7a: bd 3e        	addiw	t4, t4, -17
80001d7c: e7 b1 ee 3e  	<unknown>
80001d80: 94 89        	<unknown>
80001d82: 21 3f        	addiw	t5, t5, -24
80001d84: da 93        	add	t2, t2, s6
80001d86: 19 3f        	addiw	t5, t5, -26
80001d88: fd 89        	andi	a1, a1, 31
80001d8a: 4e 3e        	fld	ft8, 240(sp)
80001d8c: a2 9d        	add	s11, s11, s0
80001d8e: 8e 3d        	fld	fs11, 224(sp)
80001d90: 67 0d e0 3d  	jalr	s10, 990(zero)
80001d94: 16 97        	add	a4, a4, t0
80001d96: b7 3e ae 8c  	lui	t4, 576227
80001d9a: 9b 3e e0 a0  	<unknown>
80001d9e: 2d 3d        	addiw	s10, s10, -21
80001da0: 5c 80        	<unknown>
80001da2: ed 3e        	addiw	t4, t4, -5
80001da4: 3e 2b        	fld	fs6, 456(sp)
80001da6: cb 3d cb 08  	fnmsub.s	fs11, fs6, fa2, ft1, rup
80001daa: 08 3e        	fld	fa0, 56(a2)
80001dac: 4d 0b        	addi	s6, s6, 19
80001dae: fd 3e        	addiw	t4, t4, -1
80001db0: 7a e3        	sd	t5, 384(sp)
80001db2: 18 3f        	fld	fa4, 56(a4)
80001db4: 81 45        	li	a1, 0
80001db6: ab 3d 55 86  	<unknown>
80001dba: c7 3e fe 0f  	<unknown>
80001dbe: 13 3f d2 35  	sltiu	t5, tp, 861
80001dc2: 13 3f 4f e4  	sltiu	t5, t5, -444
80001dc6: 87 3e 57 96  	fld	ft9, -1691(a4)
80001dca: 66 3c        	fld	fs8, 120(sp)
80001dcc: a4 08        	addi	s1, sp, 88
80001dce: 1f 3f c8 4b  	<unknown>
80001dd2: 2f 3f 43 7a  	<unknown>
80001dd6: 0e 3f        	fld	ft10, 224(sp)
80001dd8: df ac 10 3e  	<unknown>
80001ddc: b8 9e        	<unknown>
80001dde: 11 3f        	addiw	t5, t5, -28
80001de0: 81 5a        	li	s5, -32
80001de2: 92 3e        	fld	ft9, 288(sp)
80001de4: de 90        	add	ra, ra, s7
80001de6: 36 3d        	fld	fs10, 360(sp)
80001de8: 6b 09 0c 3f  	<unknown>
80001dec: 22 0e        	slli	t3, t3, 8
80001dee: 8a 3e        	fld	ft9, 160(sp)
80001df0: bc e1        	sd	a5, 64(a1)
80001df2: 8a 3d        	fld	fs11, 160(sp)
80001df4: 7b 6c 0d 3f  	<unknown>
80001df8: 7b 55 14 3e  	<unknown>
80001dfc: 13 b4 f2 3d  	sltiu	s0, t0, 991
80001e00: 8f eb 21 3f  	<unknown>
80001e04: dc 17        	addi	a5, sp, 996
80001e06: e4 3e        	fld	fs1, 248(a3)
80001e08: f4 04        	addi	a3, sp, 588
80001e0a: 34 3f        	fld	fa3, 120(a4)
80001e0c: 84 85        	<unknown>
80001e0e: 15 3f        	addiw	t5, t5, -27
80001e10: ab 43 a7 3e  	<unknown>
80001e14: 3c da        	sw	a5, 112(a2)
80001e16: 29 3f        	addiw	t5, t5, -22
80001e18: c9 0c        	addi	s9, s9, 18
80001e1a: 10 3f        	fld	fa2, 56(a4)
80001e1c: 73 12 19 3e  	csrrw	tp, pmpaddr49, s2
80001e20: 2d 2b        	addiw	s6, s6, 11
80001e22: ce 3e        	fld	ft9, 240(sp)
80001e24: 2c ea        	sd	a1, 80(a2)
80001e26: 7c 3e        	fld	fa5, 248(a2)
80001e28: 23 b8 01 3f  	sd	a6, 1008(gp)
80001e2c: 7d 94        	srai	s0, s0, 63
80001e2e: 9d 3e        	addiw	t4, t4, -25
80001e30: e9 5d        	li	s11, -6
80001e32: a1 3e        	addiw	t4, t4, -24
80001e34: 13 eb fe 3e  	ori	s6, t4, 1007
80001e38: 6c 7f        	ld	a1, 248(a4)
80001e3a: 03 3f 4e 8b  	ld	t5, -1868(t3)
80001e3e: 61 3e        	addiw	t3, t3, -8
80001e40: e5 20        	addiw	ra, ra, 25
80001e42: d5 3e        	addiw	t4, t4, -11
80001e44: 27 e4 08 3f  	<unknown>
80001e48: 5d f8        	bnez	s0, 0x80001dfe <H_real+0x17e>
80001e4a: f6 3e        	fld	ft9, 376(sp)
80001e4c: f1 b0        	j	0x80001718 <_vsnprintf+0x8fe>
80001e4e: 0a 3f        	fld	ft10, 160(sp)
80001e50: 34 32        	fld	fa3, 96(a2)
80001e52: dd 3e        	addiw	t4, t4, -9
80001e54: 8a 51        	lw	gp, 160(sp)
80001e56: 31 3e        	addiw	t3, t3, -20
80001e58: 62 02        	slli	tp, tp, 24
80001e5a: b2 3e        	fld	ft9, 296(sp)
80001e5c: cf 87 14 3e  	<unknown>
80001e60: 19 aa        	j	0x80001f76 <H_real+0x2f6>
80001e62: 21 3e        	addiw	t3, t3, -24
80001e64: c2 eb        	sd	a6, 464(sp)
80001e66: f4 3e        	fld	fa3, 248(a3)
80001e68: 86 7a        	ld	s5, 96(sp)
80001e6a: 53 3e 30 31  	<unknown>
80001e6e: 70 3d        	fld	fa2, 248(a0)
80001e70: f3 02 0b 3f  	<unknown>
80001e74: 94 07        	addi	a3, sp, 960
80001e76: 16 3f        	fld	ft10, 352(sp)
80001e78: 3c 20        	fld	fa5, 64(s0)
80001e7a: f7 3e af f6  	<unknown>
80001e7e: c7 3e e0 dc  	<unknown>
80001e82: 26 3f        	fld	ft10, 104(sp)
80001e84: 0f 5f 16 3e  	<unknown>
80001e88: a5 4f        	li	t6, 9
80001e8a: aa 3e        	fld	ft9, 168(sp)
80001e8c: 24 4b        	lw	s1, 80(a4)
80001e8e: 22 3f        	fld	ft10, 40(sp)
80001e90: 75 71        	addi	sp, sp, -144
80001e92: e3 3e dd 0e  	<unknown>
80001e96: c7 3b 2b 18  	fmsub.s	fs7, fs6, ft2, ft3, rup
80001e9a: 64 3d        	fld	fs1, 248(a0)
80001e9c: ff 35 33 3f  	<unknown>
80001ea0: 82 72        	ld	t0, 32(sp)
80001ea2: 9b 3d e6 df  	<unknown>
80001ea6: 9d 3e        	addiw	t4, t4, -25
80001ea8: 2e 48        	lw	a6, 200(sp)
80001eaa: 49 3e        	addiw	t3, t3, -14
80001eac: 54 a5        	fsd	fa3, 136(a0)
80001eae: 62 3d        	fld	fs10, 56(sp)
80001eb0: 9f 56 0b 3f  	<unknown>
80001eb4: 83 3d c9 3e  	ld	s11, 1004(s2)
80001eb8: 53 bc 70 3e  	<unknown>
80001ebc: b8 db        	sw	a4, 112(a5)
80001ebe: be 3e        	fld	ft9, 488(sp)
80001ec0: 45 f2        	bnez	a2, 0x80001e60 <H_real+0x1e0>
80001ec2: f0 3e        	fld	fa2, 248(a3)
80001ec4: 8f 0a 10 3c  	<unknown>
80001ec8: 74 e8        	sd	a3, 208(s0)
80001eca: b7 3e a3 a4  	lui	t4, 674355
80001ece: c6 3d        	fld	fs11, 112(sp)
80001ed0: 00 79        	ld	s0, 48(a0)
80001ed2: 1d 3e        	addiw	t3, t3, -25
80001ed4: 0e d6        	sw	gp, 44(sp)
80001ed6: 32 3f        	fld	ft10, 296(sp)
80001ed8: 04 bf        	fsd	fs1, 56(a4)
80001eda: 33 3f 9e 64  	<unknown>
80001ede: 97 3e 24 d3  	auipc	t4, 864835
80001ee2: 3e 3c        	fld	fs8, 488(sp)
80001ee4: 16 f0        	sd	t0, 32(sp)
80001ee6: 18 3e        	fld	fa4, 56(a2)
80001ee8: 13 4c f0 3c  	xori	s8, zero, 975
80001eec: 8f ec 3c 3e  	<unknown>
80001ef0: 02 f0        	sd	zero, 32(sp)
80001ef2: 63 3e 2d aa  	<unknown>
80001ef6: dc 3e        	fld	fa5, 184(a3)
80001ef8: 59 c0        	beqz	s0, 0x80001f7e <H_real+0x2fe>
80001efa: 99 3e        	addiw	t4, t4, -26
80001efc: 45 52        	li	tp, -15
80001efe: c2 3e        	fld	ft9, 48(sp)
80001f00: e4 4a        	lw	s1, 84(a3)
80001f02: 79 3e        	addiw	t3, t3, -2
80001f04: d2 1e        	slli	t4, t4, 52
80001f06: 7d 3d        	addiw	s10, s10, -1
80001f08: ba f5        	sd	a4, 232(sp)
80001f0a: 1e 3c        	fld	fs8, 480(sp)
80001f0c: 99 8a        	andi	a3, a3, 6
80001f0e: b6 3e        	fld	ft9, 360(sp)
80001f10: af 5e f3 3e  	<unknown>
80001f14: fa 48        	lw	a7, 156(sp)
80001f16: 01 3f        	addiw	t5, t5, -32
80001f18: e3 aa 0c 3e  	<unknown>
80001f1c: d1 72        	lui	t0, 1048564
80001f1e: 0c 3f        	fld	fa1, 56(a4)
80001f20: 28 e0        	sd	a0, 64(s0)
80001f22: 26 3f        	fld	ft10, 104(sp)
80001f24: b3 e8 63 3d  	<unknown>
80001f28: 35 0a        	addi	s4, s4, 13
80001f2a: 25 3f        	addiw	t5, t5, -23
80001f2c: b6 a7        	fsd	fa3, 456(sp)
80001f2e: 19 3f        	addiw	t5, t5, -26
80001f30: 21 10        	c.nop	-24
80001f32: 30 3f        	fld	fa2, 120(a4)
80001f34: 23 c2 0d 3f  	<unknown>
80001f38: bb ae 91 3e  	<unknown>
80001f3c: fd ac        	j	0x8000223a <H_real+0x5ba>
80001f3e: 7a 3d        	fld	fs10, 440(sp)
80001f40: 60 6f        	ld	s0, 216(a4)
80001f42: 09 3f        	addiw	t5, t5, -30
80001f44: 06 91        	add	sp, sp, ra
80001f46: bc 3e        	fld	fa5, 120(a3)
80001f48: 5f 3b 0c 3f  	<unknown>
80001f4c: e1 ef        	bnez	a5, 0x80002024 <H_real+0x3a4>
80001f4e: 30 3f        	fld	fa2, 120(a4)
80001f50: 5f 2f b6 3e  	<unknown>
80001f54: 44 b5        	fsd	fs1, 168(a0)
80001f56: 34 3f        	fld	fa3, 120(a4)
80001f58: 6c bc        	fsd	fa1, 248(s0)
80001f5a: 7c 3e        	fld	fa5, 248(a2)
80001f5c: 63 07 df 3e  	beq	t5, a3, 0x8000234a <H_real+0x6ca>
80001f60: 1b 64 ea 3e  	<unknown>
80001f64: 08 97        	<unknown>
80001f66: 25 3f        	addiw	t5, t5, -23
80001f68: 47 12 af 3e  	<unknown>
80001f6c: b0 b1        	fsd	fa2, 96(a1)
80001f6e: 31 3f        	addiw	t5, t5, -20
80001f70: 53 70 f6 3e  	<unknown>
80001f74: 23 aa 2c 3e  	sw	sp, 1012(s9)
80001f78: 6a 5d        	lw	s10, 184(sp)
80001f7a: 10 3f        	fld	fa2, 56(a4)
80001f7c: 46 7f        	ld	t5, 112(sp)
80001f7e: c3 3e c3 6c  	<unknown>
80001f82: 21 3f        	addiw	t5, t5, -24
80001f84: b7 ac 0e 3e  	lui	s9, 254186
80001f88: c4 36        	fld	fs1, 168(a3)
80001f8a: 06 3e        	fld	ft8, 96(sp)
80001f8c: ef e9 9f 3d  	jal	s3, 0x80100b64 <timer+0xfaa24>
80001f90: 06 1c        	slli	s8, s8, 33
80001f92: 2c 3f        	fld	fa1, 120(a4)
80001f94: 53 84 b7 3e  	<unknown>
80001f98: 86 4e        	lw	t4, 64(sp)
80001f9a: 95 3e        	addiw	t4, t4, -27
80001f9c: 3a 43        	lw	t1, 140(sp)
80001f9e: a5 3e        	addiw	t4, t4, -23
80001fa0: 66 be        	fsd	fs9, 312(sp)
80001fa2: 9b 3e f2 d7  	<unknown>
80001fa6: 3d 3c        	addiw	s8, s8, -17
80001fa8: ce a2        	fsd	fs3, 320(sp)
80001faa: f4 3e        	fld	fa3, 248(a3)
80001fac: 0a b3        	fsd	ft2, 416(sp)
80001fae: 37 3b a5 89  	lui	s6, 563795
80001fb2: fb 3e b2 43  	<unknown>
80001fb6: 28 3f        	fld	fa0, 120(a4)
80001fb8: b0 2c        	fld	fa2, 88(s1)
80001fba: 7a 3e        	fld	ft8, 440(sp)
80001fbc: 62 67        	ld	a4, 24(sp)
80001fbe: 8c 3d        	fld	fa1, 56(a1)
80001fc0: 87 cc 10 3e  	<unknown>
80001fc4: f9 0b        	addi	s7, s7, 30
80001fc6: 55 3d        	addiw	s10, s10, -11
80001fc8: c0 dc        	sw	s0, 60(s1)
80001fca: 0c 3e        	fld	fa1, 56(a2)
80001fcc: a9 aa        	j	0x80002126 <H_real+0x4a6>
80001fce: f1 3d        	addiw	s11, s11, -4
80001fd0: 01 3f        	addiw	t5, t5, -32
80001fd2: 19 3f        	addiw	t5, t5, -26
80001fd4: 5a 02        	slli	tp, tp, 22
80001fd6: a9 3e        	addiw	t4, t4, -22
80001fd8: c8 c7        	sw	a0, 12(a5)
80001fda: 08 3e        	fld	fa0, 56(a2)
80001fdc: 3a 96        	add	a2, a2, a4
80001fde: f3 3d eb 5f  	csrrc	s11, 1534, s6
80001fe2: 32 3f        	fld	ft10, 296(sp)
80001fe4: 9b c0 eb 3e  	<unknown>
80001fe8: 50 96        	<unknown>
80001fea: f3 3b e6 68  	csrrc	s7, 1678, a2
80001fee: 89 3e        	addiw	t4, t4, -30
80001ff0: 0e 19        	slli	s2, s2, 35
80001ff2: 81 3e        	addiw	t4, t4, -32
80001ff4: 3a 80        	c.mv	zero, a4
80001ff6: 06 3e        	fld	ft8, 96(sp)
80001ff8: f2 cc        	sw	t3, 88(sp)
80001ffa: 2d 3f        	addiw	t5, t5, -21
80001ffc: 5e d3        	sw	s7, 164(sp)
80001ffe: e8 3e        	fld	fa0, 248(a3)
80002000: e6 ec        	sd	s9, 88(sp)
80002002: 78 3d        	fld	fa4, 248(a0)
80002004: 13 22 dc 3e  	slti	tp, s8, 1005
80002008: 6b 61 16 3f  	<unknown>
8000200c: df 21 c3 3e  	<unknown>
80002010: 4b de 05 3f  	<unknown>
80002014: c3 0f 1b 3f  	<unknown>
80002018: 4e a3        	fsd	fs3, 384(sp)
8000201a: e6 3e        	fld	ft9, 120(sp)
8000201c: 31 77        	lui	a4, 1048556
8000201e: 7a 3e        	fld	ft8, 440(sp)
80002020: 4c a0        	fsd	fa1, 128(s0)
80002022: 10 3f        	fld	fa2, 56(a4)
80002024: 4b 0c 74 3e  	<unknown>
80002028: 62 39        	fld	fs2, 56(sp)
8000202a: 0e 3e        	fld	ft8, 224(sp)
8000202c: 02 f5        	sd	zero, 168(sp)
8000202e: fd 3e        	addiw	t4, t4, -1
80002030: 17 00 76 3d  	auipc	zero, 251744
80002034: d0 11        	addi	a2, sp, 228
80002036: 26 3f        	fld	ft10, 104(sp)
80002038: 1f 92 eb 3b  	<unknown>
8000203c: a6 1f        	slli	t6, t6, 41
8000203e: 00 3f        	fld	fs0, 56(a4)
80002040: 03 6d 24 3f  	lwu	s10, 1010(s0)
80002044: 0c 6a        	ld	a1, 16(a2)
80002046: d4 3d        	fld	fa3, 184(a1)
80002048: a7 00 51 3e  	<unknown>
8000204c: f6 99        	add	s3, s3, t4
8000204e: 08 3f        	fld	fa0, 56(a4)
80002050: fa dc        	sw	t5, 120(sp)
80002052: 2f 3f fe b6  	<unknown>
80002056: b5 3e        	addiw	t4, t4, -19
80002058: 83 8d 2f 3f  	lb	s11, 1010(t6)
8000205c: a4 4b        	lw	s1, 80(a5)
8000205e: c6 3e        	fld	ft9, 112(sp)
80002060: b1 68        	lui	a7, 12
80002062: 3c 3e        	fld	fa5, 120(a2)
80002064: d3 02 e5 3d  	<unknown>
80002068: a2 98        	add	a7, a7, s0
8000206a: ab 3e 01 1f  	<unknown>
8000206e: fa 3e        	fld	ft9, 440(sp)
80002070: e5 66        	lui	a3, 25
80002072: d9 3d        	addiw	s11, s11, -10
80002074: 66 0b        	slli	s6, s6, 25
80002076: 00 3e        	fld	fs0, 56(a2)
80002078: 8c 76        	ld	a1, 40(a3)
8000207a: 4f 3e 93 57  	<unknown>
8000207e: a5 3e        	addiw	t4, t4, -23
80002080: 72 2b        	fld	fs6, 280(sp)
80002082: b9 3e        	addiw	t4, t4, -18
80002084: 88 c2        	sw	a0, 0(a3)
80002086: 1a 3f        	fld	ft10, 416(sp)
80002088: e4 e9        	sd	s1, 208(a1)
8000208a: 5a 3d        	fld	fs10, 432(sp)
8000208c: e3 95 b9 3c  	bne	s3, a1, 0x80002c56 <H_real+0xfd6>
80002090: 06 7b        	ld	s6, 96(sp)
80002092: 78 3e        	fld	fa4, 248(a2)
80002094: c9 76        	lui	a3, 1048562
80002096: 16 3f        	fld	ft10, 352(sp)
80002098: ab f1 0d 3f  	<unknown>
8000209c: d2 e4        	sd	s4, 72(sp)
8000209e: 92 3e        	fld	ft9, 288(sp)
800020a0: 51 71        	addi	sp, sp, -240
800020a2: 07 3f 4f f7  	fld	ft10, -140(t5)
800020a6: 12 3e        	fld	ft8, 288(sp)
800020a8: 5f 9f 4f 3e  	<unknown>
800020ac: ed 0d        	addi	s11, s11, 27
800020ae: 20 3f        	fld	fs0, 120(a4)
800020b0: 60 02        	addi	s0, sp, 268
800020b2: 2b 3f 26 28  	<unknown>
800020b6: a2 3e        	fld	ft9, 40(sp)
800020b8: 87 f8 2c 3f  	<unknown>
800020bc: 99 ad        	j	0x80002712 <H_real+0xa92>
800020be: 1a 3f        	fld	ft10, 416(sp)
800020c0: 23 b2 2b 3f  	sd	s2, 996(s7)
800020c4: c9 8b        	andi	a5, a5, 18
800020c6: 03 3f b1 fd  	ld	t5, -37(sp)
800020ca: 18 3f        	fld	fa4, 56(a4)
800020cc: 48 cc        	sw	a0, 28(s0)
800020ce: bc 3e        	fld	fa5, 120(a3)
800020d0: 8b ee e8 3e  	<unknown>
800020d4: 73 a2 0c 3e  	csrrs	tp, pmpaddr48, s9
800020d8: 85 bd        	j	0x80001f48 <H_real+0x2c8>
800020da: 2f 3f 82 9b  	<unknown>
800020de: fd 3e        	addiw	t4, t4, -1
800020e0: ea b0        	fsd	fs10, 96(sp)
800020e2: 1f 3e 59 76  	<unknown>
800020e6: 05 3f        	addiw	t5, t5, -31
800020e8: 55 c8        	beqz	s0, 0x8000219c <H_real+0x51c>
800020ea: 05 3f        	addiw	t5, t5, -31
800020ec: 43 2a 22 3e  	<unknown>
800020f0: f9 2c        	addiw	s9, s9, 30
800020f2: 15 3f        	addiw	t5, t5, -27
800020f4: c0 2b        	fld	fs0, 144(a5)
800020f6: 0a 3f        	fld	ft10, 160(sp)
800020f8: a6 b0        	fsd	fs1, 96(sp)
800020fa: c7 3d e1 1a  	fmsub.d	fs11, ft2, fa4, ft3, rup
800020fe: 13 3f 15 d1  	sltiu	t5, a0, -751
80002102: 46 3d        	fld	fs10, 112(sp)
80002104: ff 87 3b 3e  	<unknown>
80002108: a4 10        	addi	s1, sp, 104
8000210a: af 3e 2b a2  	amomax.d.rl	t4, sp, (s6)
8000210e: 7a 3e        	fld	ft8, 440(sp)
80002110: 13 28 73 3e  	slti	a6, t1, 999
80002114: df ee 96 3e  	<unknown>
80002118: 63 da fa 3e  	bge	s5, a5, 0x8000250c <H_real+0x88c>
8000211c: 5b f6 03 3f  	<unknown>
80002120: 20 76        	ld	s0, 104(a2)
80002122: b4 3d        	fld	fa3, 120(a1)
80002124: 09 e9        	bnez	a0, 0x80002136 <H_real+0x4b6>
80002126: 05 3f        	addiw	t5, t5, -31
80002128: 5b 36 a8 3e  	<unknown>
8000212c: 7a fb        	sd	t5, 432(sp)
8000212e: c6 3e        	fld	ft9, 112(sp)
80002130: de aa        	fsd	fs7, 336(sp)
80002132: 2c 3d        	fld	fa1, 120(a0)
80002134: e5 fd        	bnez	a1, 0x8000212c <H_real+0x4ac>
80002136: 15 3f        	addiw	t5, t5, -27
80002138: 78 70        	ld	a4, 224(s0)
8000213a: c5 3b        	addiw	s7, s7, -15
8000213c: 6c 8a        	<unknown>
8000213e: 13 3e 5e ea  	sltiu	t3, t3, -347
80002142: ae 3c        	fld	fs9, 232(sp)
80002144: 05 71        	addi	sp, sp, -480
80002146: 8f 3d 30 6b  	<unknown>
8000214a: a9 3e        	addiw	t4, t4, -22
8000214c: 28 0e        	addi	a0, sp, 792
8000214e: 2d 3f        	addiw	t5, t5, -21
80002150: a3 c1 05 3e  	<unknown>
80002154: b9 25        	addiw	a1, a1, 14
80002156: 14 3f        	fld	fa3, 56(a4)
80002158: b8 06        	addi	a4, sp, 840
8000215a: 2f 3f df 07  	amoadd.d.aqrl	t5, t4, (t5)
8000215e: d5 3e        	addiw	t4, t4, -11
80002160: 90 f3        	sd	a2, 32(a5)
80002162: 82 3e        	fld	ft9, 32(sp)
80002164: 68 8d        	<unknown>
80002166: 0b 3f 79 67  	<unknown>
8000216a: bf 3e bf 0c  	<unknown>
8000216e: 04 3f        	fld	fs1, 56(a4)
80002170: 04 a2        	fsd	fs1, 0(a2)
80002172: 0d 3f        	addiw	t5, t5, -29
80002174: 2f d6 06 3f  	<unknown>
80002178: d0 c1        	sw	a2, 4(a1)
8000217a: 07 3f 11 79  	fld	ft10, 1937(sp)
8000217e: ec 3e        	fld	fa1, 248(a3)
80002180: bb 33 38 3e  	<unknown>
80002184: 9a 7e        	ld	t4, 416(sp)
80002186: 98 3e        	fld	fa4, 56(a3)
80002188: dd 2f        	addiw	t6, t6, 23
8000218a: 48 3e        	fld	fa0, 184(a2)
8000218c: 0e 9f        	add	t5, t5, gp
8000218e: 30 3f        	fld	fa2, 120(a4)
80002190: ea 1d        	slli	s11, s11, 58
80002192: 10 3f        	fld	fa2, 56(a4)
80002194: 97 28 10 3f  	auipc	a7, 258306
80002198: 8a 0c        	slli	s9, s9, 2
8000219a: 24 3f        	fld	fs1, 120(a4)
8000219c: 59 09        	addi	s2, s2, 22
8000219e: af 3e 2d da  	<unknown>
800021a2: 62 3e        	fld	ft8, 56(sp)
800021a4: b2 3a        	fld	fs5, 296(sp)
800021a6: 13 3f b3 37  	sltiu	t5, t1, 891
800021aa: 80 3e        	fld	fs0, 56(a3)
800021ac: 0a 7f        	ld	t5, 160(sp)
800021ae: 70 3e        	fld	fa2, 248(a2)
800021b0: 6e 50        	<unknown>
800021b2: 81 3e        	addiw	t4, t4, -32
800021b4: ef 45 d8 3e  	jal	a1, 0x80086da0 <timer+0x80c60>
800021b8: 0f 39 c8 3d  	<unknown>
800021bc: 01 78        	lui	a6, 1048544
800021be: 89 3e        	addiw	t4, t4, -30
800021c0: b6 4f        	lw	t6, 76(sp)
800021c2: ba 3e        	fld	ft9, 424(sp)
800021c4: 86 0b        	slli	s7, s7, 1
800021c6: 5c 3e        	fld	fa5, 184(a2)
800021c8: ab 58 89 3e  	<unknown>
800021cc: 49 1f        	addi	t5, t5, -14
800021ce: 2a 3f        	fld	ft10, 168(sp)
800021d0: 88 9b        	<unknown>
800021d2: 37 3d 3d 4c  	lui	s10, 312275
800021d6: 86 3e        	fld	ft9, 96(sp)
800021d8: 36 56        	lw	a2, 108(sp)
800021da: 6b 3e c3 50  	<unknown>
800021de: 1f 3f 41 8e  	<unknown>
800021e2: b9 3b        	addiw	s7, s7, -18
800021e4: 78 d8        	sw	a4, 116(s0)
800021e6: 9e 3e        	fld	ft9, 480(sp)
800021e8: fd 4f        	li	t6, 31
800021ea: a6 3d        	fld	fs11, 104(sp)
800021ec: 05 19        	addi	s2, s2, -31
800021ee: d5 3d        	addiw	s11, s11, -11
800021f0: e3 da e4 3e  	bge	s1, a4, 0x80002de4 <H_real+0x1164>
800021f4: 0e d7        	sw	gp, 172(sp)
800021f6: c2 3e        	fld	ft9, 48(sp)
800021f8: 18 b3        	fsd	fa4, 32(a4)
800021fa: f9 3e        	addiw	t4, t4, -2
800021fc: 8a 4f        	lw	t6, 128(sp)
800021fe: c0 3e        	fld	fs0, 184(a3)
80002200: 2a 18        	slli	a6, a6, 42
80002202: 22 3f        	fld	ft10, 40(sp)
80002204: ee ad        	fsd	fs11, 216(sp)
80002206: ab 3d 22 cc  	<unknown>
8000220a: 99 3e        	addiw	t4, t4, -26
8000220c: 13 77 18 3f  	andi	a4, a6, 1009
80002210: 26 55        	lw	a0, 104(sp)
80002212: cf 3e d1 c6  	<unknown>
80002216: 96 3d        	fld	fs11, 352(sp)
80002218: fd 7e        	lui	t4, 1048575
8000221a: 83 3e 2b 19  	ld	t4, 402(s6)
8000221e: 6c 3e        	fld	fa1, 248(a2)
80002220: f9 23        	addiw	t2, t2, 30
80002222: 1d 3f        	addiw	t5, t5, -25
80002224: 5f 62 0f 3f  	<unknown>
80002228: ed ef        	bnez	a5, 0x80002322 <H_real+0x6a2>
8000222a: e1 3d        	addiw	s11, s11, -8
8000222c: 47 db 17 3f  	<unknown>
80002230: 55 21        	addiw	sp, sp, 21
80002232: 9a 3e        	fld	ft9, 416(sp)
80002234: 9c a5        	fsd	fa5, 8(a1)
80002236: 00 3f        	fld	fs0, 56(a4)
80002238: ff 16 1f 3f  	<unknown>
8000223c: 9c d9        	sw	a5, 48(a1)
8000223e: 29 3f        	addiw	t5, t5, -22
80002240: bc 96        	<unknown>
80002242: 12 3f        	fld	ft10, 288(sp)
80002244: cf 06 9b 3e  	<unknown>
80002248: 22 82        	mv	tp, s0
8000224a: 65 3e        	addiw	t3, t3, -7
8000224c: 30 d9        	sw	a2, 112(a0)
8000224e: c2 3e        	fld	ft9, 48(sp)
80002250: 37 a1 ed 3e  	lui	sp, 257754
80002254: 78 97        	<unknown>
80002256: 1d 3e        	addiw	t3, t3, -25
80002258: d6 26        	fld	fa3, 336(sp)
8000225a: 2f 3f 2a 5e  	<unknown>
8000225e: e5 3e        	addiw	t4, t4, -7
80002260: 3a 01        	slli	sp, sp, 14
80002262: 8f 3b 65 4d  	<unknown>
80002266: 16 3f        	fld	ft10, 352(sp)
80002268: 04 e8        	sd	s1, 16(s0)
8000226a: 18 3f        	fld	fa4, 56(a4)
8000226c: ed fb        	bnez	a5, 0x8000225e <H_real+0x5de>
8000226e: 28 3e        	fld	fa0, 120(a2)
80002270: 25 70        	c.lui	zero, -23
80002272: aa 3e        	fld	ft9, 168(sp)
80002274: f2 b7        	fsd	ft8, 488(sp)
80002276: 33 3e 3b 52  	<unknown>
8000227a: 1b 3e dd ae  	<unknown>
8000227e: fc 3e        	fld	fa5, 248(a3)
80002280: c3 b2 41 3d  	<unknown>
80002284: 73 45 48 3e  	<unknown>
80002288: 1d f4        	bnez	s0, 0x800021b6 <H_real+0x536>
8000228a: 4c 3e        	fld	fa1, 184(a2)
8000228c: 64 64        	ld	s1, 200(s0)
8000228e: 54 3e        	fld	fa3, 184(a2)
80002290: c1 f3        	bnez	a5, 0x80002210 <H_real+0x590>
80002292: 3b 3d 63 ce  	<unknown>
80002296: 72 3e        	fld	ft8, 312(sp)
80002298: 3a c2        	sw	a4, 4(sp)
8000229a: fe 3e        	fld	ft9, 504(sp)
8000229c: e3 cd 28 3f  	blt	a7, s2, 0x80002e96 <H_real+0x1216>
800022a0: b6 d9        	sw	a3, 240(sp)
800022a2: 0b 3f 7c ca  	<unknown>
800022a6: 8b 3e 1d bc  	<unknown>
800022aa: 98 3e        	fld	fa4, 56(a3)
800022ac: 75 45        	li	a0, 29
800022ae: 02 3f        	fld	ft10, 32(sp)
800022b0: 56 4e        	lw	t3, 84(sp)
800022b2: fd 3e        	addiw	t4, t4, -1
800022b4: 22 7b        	ld	s6, 40(sp)
800022b6: 0e 3f        	fld	ft10, 224(sp)
800022b8: d9 91        	srli	a1, a1, 54
800022ba: fc 3e        	fld	fa5, 248(a3)
800022bc: 1d 5a        	li	s4, -25
800022be: 8d 3e        	addiw	t4, t4, -29
800022c0: 94 21        	fld	fa3, 0(a1)
800022c2: 29 3f        	addiw	t5, t5, -22
800022c4: d0 d5        	sw	a2, 44(a1)
800022c6: fd 3d        	addiw	s11, s11, -1
800022c8: 10 d5        	sw	a2, 40(a0)
800022ca: 0a 3f        	fld	ft10, 160(sp)
800022cc: 95 9c        	subw	s1, s1, a3
800022ce: 01 3f        	addiw	t5, t5, -32
800022d0: 10 8e        	<unknown>
800022d2: c7 3e 4b f4  	<unknown>
800022d6: 01 3f        	addiw	t5, t5, -32
800022d8: f4 a0        	fsd	fa3, 192(s1)
800022da: 58 3e        	fld	fa4, 184(a2)
800022dc: e7 2e 24 3f  	<unknown>
800022e0: f0 d8        	sw	a2, 116(s1)
800022e2: 68 3e        	fld	fa0, 248(a2)
800022e4: 1a 4d        	lw	s10, 132(sp)
800022e6: 14 3f        	fld	fa3, 56(a4)
800022e8: fc 27        	fld	fa5, 200(a5)
800022ea: 55 3e        	addiw	t3, t3, -11
800022ec: ac 84        	<unknown>
800022ee: 66 3e        	fld	ft8, 120(sp)
800022f0: 5a 34        	fld	fs0, 432(sp)
800022f2: bf 3e 3d e2  	<unknown>
800022f6: 9a 3d        	fld	fs11, 416(sp)
800022f8: bc 97        	<unknown>
800022fa: 12 3f        	fld	ft10, 288(sp)
800022fc: 3e a2        	fsd	fa5, 256(sp)
800022fe: d2 3e        	fld	ft9, 304(sp)
80002300: 3e 84        	mv	s0, a5
80002302: c7 3e ae a9  	fmsub.s	ft9, ft8, fs10, fs5, rup
80002306: dd 3e        	addiw	t4, t4, -9
80002308: bb ea 78 3e  	<unknown>
8000230c: 40 15        	addi	s0, sp, 676
8000230e: e0 3e        	fld	fs0, 248(a3)
80002310: 6b 80 dc 3d  	<unknown>
80002314: 8f d3 96 3e  	<unknown>
80002318: d5 3c        	addiw	s9, s9, -11
8000231a: cf 3e 59 eb  	fnmadd.d	ft9, fs2, fs5, ft9, rup
8000231e: c8 3e        	fld	fa0, 184(a3)
80002320: d5 c1        	beqz	a1, 0x800023c4 <H_real+0x744>
80002322: ea 3d        	fld	fs11, 184(sp)
80002324: 72 9d        	add	s10, s10, t3
80002326: 98 3e        	fld	fa4, 56(a3)
80002328: e6 4a        	lw	s5, 88(sp)
8000232a: f3 3e 17 91  	csrrc	t4, 2321, a4
8000232e: 76 3e        	fld	ft8, 376(sp)
80002330: 7f 2b 61 3e  	<unknown>
80002334: 3f 9c 27 3f  	<unknown>
80002338: 54 62        	ld	a3, 128(a2)
8000233a: 0b 3f 5a 12  	<unknown>
8000233e: d3 3e 95 61  	<unknown>
80002342: aa 3e        	fld	ft9, 168(sp)
80002344: 6c 9c        	<unknown>
80002346: 59 3d        	addiw	s10, s10, -10
80002348: d7 b7 df 3e  	vslidedown.vi	v15, v13, 31
8000234c: 34 52        	lw	a3, 96(a2)
8000234e: f1 3e        	addiw	t4, t4, -4
80002350: ae 8f        	mv	t6, a1
80002352: 16 3f        	fld	ft10, 352(sp)
80002354: 21 34        	addiw	s0, s0, -24
80002356: c2 3e        	fld	ft9, 48(sp)
80002358: 01 68        	lui	a6, 0
8000235a: 15 3e        	addiw	t3, t3, -27
8000235c: 3d 82        	srli	a2, a2, 15
8000235e: 8a 3e        	fld	ft9, 160(sp)
80002360: 02 f5        	sd	zero, 168(sp)
80002362: ea 3e        	fld	ft9, 184(sp)
80002364: 33 bc db 3e  	<unknown>
80002368: 1e 8e        	mv	t3, t2
8000236a: 29 3f        	addiw	t5, t5, -22
8000236c: cc 27        	fld	fa1, 136(a5)
8000236e: 15 3f        	addiw	t5, t5, -27
80002370: 80 cd        	sw	s0, 24(a1)
80002372: eb 3e 9d 06  	<unknown>
80002376: 9a 3e        	fld	ft9, 416(sp)
80002378: 81 a4        	j	0x800025b8 <H_real+0x938>
8000237a: 95 3e        	addiw	t4, t4, -27
8000237c: 2f 71 15 3f  	<unknown>
80002380: b1 87        	srai	a5, a5, 12
80002382: 84 3e        	fld	fs1, 56(a3)
80002384: 8d 13        	addi	t2, t2, -29
80002386: 1b 3f cb e1  	<unknown>
8000238a: 2c 3c        	fld	fa1, 120(s0)
8000238c: 8c 2c        	fld	fa1, 24(s1)
8000238e: 03 3f ba 1a  	ld	t5, 427(s4)
80002392: 2a 3f        	fld	ft10, 168(sp)
80002394: 4c 8c        	<unknown>
80002396: ac 3d        	fld	fa1, 120(a1)
80002398: f0 cd        	sw	a2, 92(a1)
8000239a: c3 3e 9c b1  	fmadd.s	ft9, fs8, fs9, fs6, rup
8000239e: 24 3e        	fld	fs1, 120(a2)
800023a0: cf ad f7 3e  	<unknown>
800023a4: b2 ca        	sw	a2, 84(sp)
800023a6: 5c 3e        	fld	fa5, 184(a2)
800023a8: 0c a5        	fsd	fa1, 8(a0)
800023aa: 81 3e        	addiw	t4, t4, -32
800023ac: 9c 32        	fld	fa5, 32(a3)
800023ae: c3 3e 91 48  	fmadd.s	ft9, ft2, fs1, fs1, rup
800023b2: 7a 3d        	fld	fs10, 440(sp)
800023b4: c3 f7 08 3d  	<unknown>
800023b8: 5b 03 90 3e  	<unknown>
800023bc: 2c dd        	sw	a1, 120(a0)
800023be: 35 3e        	addiw	t3, t3, -19
800023c0: 08 eb        	sd	a0, 16(a4)
800023c2: e0 3e        	fld	fs0, 248(a3)
800023c4: 4f 4e 82 3e  	<unknown>
800023c8: 49 a0        	j	0x8000244a <H_real+0x7ca>
800023ca: d3 3d 95 95  	<unknown>
800023ce: 2a 3f        	fld	ft10, 168(sp)
800023d0: 3f f9 81 3e  	<unknown>
800023d4: 53 72 75 3e  	<unknown>
800023d8: 9f 40 c7 3e  	<unknown>
800023dc: df 67 9c 3d  	<unknown>
800023e0: 22 86        	mv	a2, s0
800023e2: ff 3e ad 7d  	<unknown>
800023e6: 4b 3e 54 41  	fnmsub.s	ft8, fs0, fs5, fs0, rup
800023ea: 82 3e        	fld	ft9, 32(sp)
800023ec: ee 96        	add	a3, a3, s11
800023ee: 51 3e        	addiw	t3, t3, -12
800023f0: fc 95        	<unknown>
800023f2: 1b 3f 50 9b  	<unknown>
800023f6: 33 3f 1c 12  	<unknown>
800023fa: 7e 3d        	fld	fs10, 504(sp)
800023fc: 51 1c        	addi	s8, s8, -12
800023fe: 07 3e 7e d1  	fld	ft8, -745(t3)
80002402: 0f 3e ed 4d  	<unknown>
80002406: 23 3f cd 71  	sd	t3, 1822(s10)
8000240a: 14 3f        	fld	fa3, 56(a4)
8000240c: 95 da        	beqz	a3, 0x80002340 <H_real+0x6c0>
8000240e: b8 3e        	fld	fa4, 120(a3)
80002410: 47 16 72 3e  	<unknown>
80002414: a0 af        	fsd	fs0, 88(a5)
80002416: bf 3e fd 76  	<unknown>
8000241a: 78 3d        	fld	fa4, 248(a0)
8000241c: 32 ec        	sd	a2, 24(sp)
8000241e: c9 3e        	addiw	t4, t4, -14
80002420: 46 08        	slli	a6, a6, 17
80002422: 2c 3f        	fld	fa1, 120(a4)
80002424: c4 04        	addi	s1, sp, 580
80002426: 56 3e        	fld	ft8, 368(sp)
80002428: d1 15        	addi	a1, a1, -12
8000242a: 32 3f        	fld	ft10, 296(sp)
8000242c: a6 e7        	sd	s1, 456(sp)
8000242e: ff 3e 67 e8  	<unknown>
80002432: 84 3e        	fld	fs1, 56(a3)
80002434: b7 ec 17 3f  	lui	s9, 258430
80002438: fb 14 34 3f  	<unknown>
8000243c: a9 cb        	beqz	a5, 0x8000248e <H_real+0x80e>
8000243e: 2c 3f        	fld	fa1, 120(a4)
80002440: 11 99        	andi	a0, a0, -28
80002442: 5c 3e        	fld	fa5, 184(a2)
80002444: 42 55        	lw	a0, 48(sp)
80002446: 18 3f        	fld	fa4, 56(a4)
80002448: 02 dc        	sw	zero, 56(sp)
8000244a: 1f 3e 24 0c  	<unknown>
8000244e: 82 3e        	fld	ft9, 32(sp)
80002450: b4 92        	<unknown>
80002452: 6b 3e ab 2a  	<unknown>
80002456: 07 3f bc 4f  	fld	ft10, 1275(s8)
8000245a: 89 3e        	addiw	t4, t4, -30
8000245c: 88 33        	fld	fa0, 32(a5)
8000245e: 2e 3e        	fld	ft8, 232(sp)
80002460: ff be 54 3d  	<unknown>
80002464: ef 8d 22 3f  	jal	s11, 0x8002a856 <timer+0x24716>
80002468: fd 54        	li	s1, -1
8000246a: 0a 3f        	fld	ft10, 160(sp)
8000246c: 38 74        	ld	a4, 104(s0)
8000246e: 28 3e        	fld	fa0, 120(a2)
80002470: c6 1c        	slli	s9, s9, 49
80002472: d3 3e 22 05  	<unknown>
80002476: 94 3e        	fld	fa3, 56(a3)
80002478: cf 33 b7 3e  	<unknown>
8000247c: 6d d3        	beqz	a4, 0x8000245e <H_real+0x7de>
8000247e: cc 3e        	fld	fa1, 184(a3)
80002480: ae c2        	sw	a1, 68(sp)
80002482: 11 3d        	addiw	s10, s10, -28
80002484: a9 f2        	bnez	a3, 0x800023c6 <H_real+0x746>
80002486: 31 3f        	addiw	t5, t5, -20
80002488: 72 d8        	sw	t3, 48(sp)
8000248a: 03 3e a3 59  	ld	t3, 1434(t1)
8000248e: 97 3e 58 06  	auipc	t4, 25987
80002492: 0c 3f        	fld	fa1, 56(a4)
80002494: 5a 9a        	add	s4, s4, s6
80002496: 79 3e        	addiw	t3, t3, -2
80002498: c4 fa        	sd	s1, 176(a3)
8000249a: c9 3d        	addiw	s11, s11, -14
8000249c: cf a9 1d 3f  	<unknown>
800024a0: 14 99        	<unknown>
800024a2: f4 3e        	fld	fa3, 248(a3)
800024a4: 9a 2f        	fld	ft11, 384(sp)
800024a6: 34 3f        	fld	fa3, 120(a4)
800024a8: 8e fe        	sd	gp, 376(sp)
800024aa: ae 3e        	fld	ft9, 232(sp)
800024ac: fc cc        	sw	a5, 92(s1)
800024ae: 13 3f cb e9  	sltiu	t5, s6, -356
800024b2: a3 3e 61 5e  	sd	t1, 1533(sp)
800024b6: 78 3e        	fld	fa4, 248(a2)
800024b8: 4e b5        	fsd	fs3, 168(sp)
800024ba: 55 3e        	addiw	t3, t3, -11
800024bc: 49 ea        	bnez	a2, 0x8000254e <H_real+0x8ce>
800024be: ce 3e        	fld	ft9, 240(sp)
800024c0: 17 94 11 3e  	auipc	s0, 254233
800024c4: 21 53        	li	t1, -24
800024c6: 27 3f d0 fd  	fsd	ft9, -34(zero)
800024ca: c8 3c        	fld	fa0, 184(s1)
800024cc: 06 ff        	sd	ra, 440(sp)
800024ce: dc 3e        	fld	fa5, 184(a3)
800024d0: 23 2b 04 3f  	sw	a6, 1014(s0)
800024d4: 02 88        	jr	a6
800024d6: 34 3f        	fld	fa3, 120(a4)
800024d8: 21 42        	li	tp, 8
800024da: 33 3f d0 6b  	<unknown>
800024de: be 3e        	fld	ft9, 488(sp)
800024e0: 0c 61        	ld	a1, 0(a0)
800024e2: a4 3e        	fld	fs1, 120(a3)
800024e4: dc b6        	fsd	fa5, 168(a3)
800024e6: 01 3f        	addiw	t5, t5, -32
800024e8: 35 1a        	addi	s4, s4, -19
800024ea: ff 3e 3b 51  	<unknown>
800024ee: 1b 3f 81 86  	<unknown>
800024f2: 8a 3e        	fld	ft9, 160(sp)
800024f4: c8 c1        	sw	a0, 4(a1)
800024f6: 2d 3e        	addiw	t3, t3, -21
800024f8: cc f9        	sd	a1, 176(a1)
800024fa: 26 3d        	fld	fs10, 104(sp)
800024fc: 54 2d        	fld	fa3, 152(a0)
800024fe: a1 3e        	addiw	t4, t4, -24
80002500: dd 8e        	or	a3, a3, a5
80002502: 31 3f        	addiw	t5, t5, -20
80002504: 8a df        	sw	sp, 252(sp)
80002506: b1 3e        	addiw	t4, t4, -20
80002508: 90 10        	addi	a2, sp, 96
8000250a: b8 3e        	fld	fa4, 120(a3)
8000250c: d1 8f        	or	a5, a5, a2
8000250e: 1c 3e        	fld	fa5, 56(a2)
80002510: 28 bc        	fsd	fa0, 120(s0)
80002512: ee 3d        	fld	fs11, 248(sp)
80002514: 27 5c ec 3e  	<unknown>
80002518: 53 91 00 3f  	<unknown>
8000251c: 53 b1 e9 3e  	<unknown>
80002520: 02 4b        	lw	s6, 0(sp)
80002522: be 3e        	fld	ft9, 488(sp)
80002524: 7e 0f        	slli	t5, t5, 31
80002526: 25 3f        	addiw	t5, t5, -23
80002528: 3e 62        	ld	tp, 456(sp)
8000252a: 8f 3e 03 3e  	<unknown>
8000252e: 34 3e        	fld	fa3, 120(a2)
80002530: 0e db        	sw	gp, 180(sp)
80002532: 1f 3f 8c f4  	<unknown>
80002536: df 3e d1 ca  	<unknown>
8000253a: da 3e        	fld	ft9, 432(sp)
8000253c: ff 87 15 3f  	<unknown>
80002540: ca 16        	slli	a3, a3, 50
80002542: 12 3f        	fld	ft10, 288(sp)
80002544: e7 1a 8b 3e  	<unknown>
80002548: 6a a5        	fsd	fs10, 136(sp)
8000254a: 77 3e f4 eb  	<unknown>
8000254e: f3 3e 93 3f  	csrrc	t4, 1017, t1
80002552: 61 3e        	addiw	t3, t3, -8
80002554: cf f9 cb 3e  	<unknown>
80002558: 5f fb 05 3d  	<unknown>
8000255c: 40 5c        	lw	s0, 60(s0)
8000255e: 15 3f        	addiw	t5, t5, -27
80002560: 52 ce        	sw	s4, 28(sp)
80002562: 2c 3f        	fld	fa1, 120(a4)
80002564: fb a3 e7 3d  	<unknown>
80002568: a6 11        	slli	gp, gp, 41
8000256a: 21 3f        	addiw	t5, t5, -24
8000256c: 23 a8 f6 3e  	sw	a5, 1008(a3)
80002570: e7 1f 1c 3f  	<unknown>
80002574: 6d f5        	bnez	a0, 0x8000255e <H_real+0x8de>
80002576: 1e 3f        	fld	ft10, 480(sp)
80002578: 8e ae        	fsd	ft3, 344(sp)
8000257a: 52 3e        	fld	ft8, 304(sp)
8000257c: 5b 4b 03 3f  	<unknown>
80002580: 74 d4        	sw	a3, 108(s0)
80002582: da 3e        	fld	ft9, 432(sp)
80002584: 9a 2b        	fld	fs7, 384(sp)
80002586: e2 3e        	fld	ft9, 56(sp)
80002588: fb 5a 56 3e  	<unknown>
8000258c: 82 aa        	fsd	ft0, 336(sp)
8000258e: c8 3e        	fld	fa0, 184(a3)
80002590: c6 ef        	sd	a7, 472(sp)
80002592: 27 3e 94 ef  	fsd	fs9, -260(s0)
80002596: df 3e 9f 16  	<unknown>
8000259a: 0c 3d        	fld	fa1, 56(a0)
8000259c: ea 29        	fld	fs3, 152(sp)
8000259e: f6 3e        	fld	ft9, 376(sp)
800025a0: 37 1b df 3e  	lui	s6, 257521
800025a4: 4d 14        	addi	s0, s0, -13
800025a6: 9f 3e a7 c7  	<unknown>
800025aa: 5c 3d        	fld	fa5, 184(a0)
800025ac: 54 37        	fld	fa3, 168(a4)
800025ae: c1 3e        	addiw	t4, t4, -16
800025b0: 56 f7        	sd	s5, 424(sp)
800025b2: 01 3f        	addiw	t5, t5, -32
800025b4: 51 68        	lui	a6, 20
800025b6: 93 3e c5 6d  	sltiu	t4, a0, 1756
800025ba: d3 3e 57 21  	<unknown>
800025be: 8b 3e f4 86  	<unknown>
800025c2: c5 3e        	addiw	t4, t4, -15
800025c4: 2a 75        	ld	a0, 168(sp)
800025c6: 2a 3f        	fld	ft10, 168(sp)
800025c8: 81 24        	sext.w	s1, s1
800025ca: 18 3f        	fld	fa4, 56(a4)
800025cc: 4a df        	sw	s2, 188(sp)
800025ce: c8 3e        	fld	fa0, 184(a3)
800025d0: ea 07        	slli	a5, a5, 26
800025d2: df 3e ec 7b  	<unknown>
800025d6: 97 3e da 1f  	auipc	t4, 130467
800025da: 8a 3e        	fld	ft9, 160(sp)
800025dc: 1c a1        	fsd	fa5, 0(a0)
800025de: d3 3e b2 ea  	<unknown>
800025e2: cc 3e        	fld	fa1, 184(a3)
800025e4: 37 0e 0c 3f  	lui	t3, 258240
800025e8: 87 0e 12 3f  	<unknown>
800025ec: 6c d5        	sw	a1, 108(a0)
800025ee: c4 3e        	fld	fs1, 184(a3)
800025f0: 4c 80        	<unknown>
800025f2: e2 3e        	fld	ft9, 56(sp)
800025f4: b5 f5        	bnez	a1, 0x80002560 <H_real+0x8e0>
800025f6: fc 3e        	fld	fa5, 248(a3)
800025f8: 74 2d        	fld	fa3, 216(a0)
800025fa: c7 3e 60 e2  	fmsub.d	ft9, ft0, ft6, ft8, rup
800025fe: 86 3e        	fld	ft9, 96(sp)
80002600: d6 80        	mv	ra, s5
80002602: c2 3d        	fld	fs11, 48(sp)
80002604: 5e ec        	sd	s7, 24(sp)
80002606: 0b 3f 52 a5  	<unknown>
8000260a: ff 3c 6c b9  	<unknown>
8000260e: 03 3f 6c 8f  	ld	t5, -1802(s8)
80002612: 95 3e        	addiw	t4, t4, -27
80002614: 52 c7        	sw	s4, 140(sp)
80002616: 21 3f        	addiw	t5, t5, -24
80002618: a3 ee 09 3e  	<unknown>
8000261c: cb d5 b9 3e  	<unknown>
80002620: 42 e3        	sd	a6, 384(sp)
80002622: 86 3d        	fld	fs11, 96(sp)
80002624: d0 25        	fld	fa2, 136(a1)
80002626: 19 3f        	addiw	t5, t5, -26
80002628: 11 bb        	j	0x8000233c <H_real+0x6bc>
8000262a: 05 3f        	addiw	t5, t5, -31
8000262c: 1f 40 ed 3e  	<unknown>
80002630: 55 0c        	addi	s8, s8, 21
80002632: 1b 3f 51 c4  	<unknown>
80002636: e9 3e        	addiw	t4, t4, -6
80002638: 78 0f        	addi	a4, sp, 924
8000263a: 24 3e        	fld	fs1, 120(a2)
8000263c: 7f b8 30 3f  	<unknown>
80002640: ad 59        	li	s3, -21
80002642: 17 3f 64 6f  	auipc	t5, 456259
80002646: cd 3e        	addiw	t4, t4, -13
80002648: aa 60        	ld	ra, 136(sp)
8000264a: be 3e        	fld	ft9, 488(sp)
8000264c: 7d 79        	lui	s2, 1048575
8000264e: c7 3e e8 02  	fmsub.d	ft9, fa6, fa4, ft0, rup
80002652: 07 3e 12 f3  	fld	ft8, -207(tp)
80002656: f8 3e        	fld	fa4, 248(a3)
80002658: a2 c6        	sw	s0, 76(sp)
8000265a: 1f 3f 5d 4d  	<unknown>
8000265e: cd 3e        	addiw	t4, t4, -13
80002660: e1 4a        	li	s5, 24
80002662: f0 3e        	fld	fa2, 248(a3)
80002664: 98 02        	addi	a4, sp, 320
80002666: e0 3e        	fld	fs0, 248(a3)
80002668: 2a a3        	fsd	fa0, 384(sp)
8000266a: 30 3f        	fld	fa2, 120(a4)
8000266c: 3d 43        	li	t1, 15
8000266e: aa 3e        	fld	ft9, 168(sp)
80002670: ff ca 31 3e  	<unknown>
80002674: ac f1        	sd	a1, 96(a1)
80002676: 29 3f        	addiw	t5, t5, -22
80002678: 05 7c        	lui	s8, 1048545
8000267a: ff 3e e6 d4  	<unknown>
8000267e: 0d 3f        	addiw	t5, t5, -29
80002680: d8 57        	lw	a4, 44(a5)
80002682: 08 3e        	fld	fa0, 56(a2)
80002684: 46 b2        	fsd	fa7, 288(sp)
80002686: 18 3e        	fld	fa4, 56(a2)
80002688: b0 83        	<unknown>
8000268a: ca 3e        	fld	ft9, 176(sp)
8000268c: 04 88        	<unknown>
8000268e: 97 3d 30 12  	auipc	s11, 74499
80002692: de 3d        	fld	fs11, 496(sp)
80002694: da e9        	sd	s6, 208(sp)
80002696: 84 3e        	fld	fs1, 56(a3)
80002698: 5d 82        	srli	a2, a2, 23
8000269a: e1 3d        	addiw	s11, s11, -8
8000269c: 36 40        	<unknown>
8000269e: 80 3e        	fld	fs0, 56(a3)
800026a0: 24 5e        	lw	s1, 120(a2)
800026a2: 88 3d        	fld	fa0, 56(a1)
800026a4: 59 b4        	j	0x8000212a <H_real+0x4aa>
800026a6: 8a 3e        	fld	ft9, 160(sp)
800026a8: 06 3a        	fld	fs4, 96(sp)
800026aa: 77 3e 23 98  	<unknown>
800026ae: 25 3f        	addiw	t5, t5, -23
800026b0: eb ac 2f 3f  	<unknown>
800026b4: 00 59        	lw	s0, 48(a0)
800026b6: 9a 3e        	fld	ft9, 416(sp)
800026b8: 87 39 c4 3e  	fld	fs3, 1004(s0)
800026bc: b8 84        	<unknown>
800026be: 4b 3e be cf  	<unknown>
800026c2: d0 3d        	fld	fa2, 184(a1)
800026c4: ab c9 b1 3e  	<unknown>
800026c8: 6e 8c        	mv	s8, s11
800026ca: a5 3e        	addiw	t4, t4, -23
800026cc: 21 3c        	addiw	s8, s8, -24
800026ce: 1e 3e        	fld	ft8, 480(sp)
800026d0: e9 5a        	li	s5, -6
800026d2: 08 3f        	fld	fa0, 56(a4)
800026d4: 7c 57        	lw	a5, 108(a4)
800026d6: b9 3e        	addiw	t4, t4, -18
800026d8: 0e aa        	fsd	ft3, 272(sp)
800026da: 9b 3e 57 51  	<unknown>
800026de: 10 3f        	fld	fa2, 56(a4)
800026e0: d7 96 a1 3e  	<unknown>
800026e4: b6 21        	fld	ft3, 328(sp)
800026e6: 83 3d dd 11  	ld	s11, 285(s10)
800026ea: 93 3e 04 89  	sltiu	t4, s0, -1904
800026ee: 00 3f        	fld	fs0, 56(a4)
800026f0: 70 63        	ld	a2, 192(a4)
800026f2: 00 3e        	fld	fs0, 56(a2)
800026f4: 01 49        	li	s2, 0
800026f6: 33 3e 7c f0  	<unknown>
800026fa: 00 3f        	fld	fs0, 56(a4)
800026fc: 16 54        	lw	s0, 100(sp)
800026fe: c3 3e 48 ee  	<unknown>
80002702: 93 3e ba da  	sltiu	t4, s4, -597
80002706: 61 3e        	addiw	t3, t3, -8
80002708: 61 ac        	j	0x800029a0 <H_real+0xd20>
8000270a: cf 3e a0 be  	<unknown>
8000270e: 39 3e        	addiw	t3, t3, -18
80002710: 7a 2e        	fld	ft8, 408(sp)
80002712: 1d 3f        	addiw	t5, t5, -25
80002714: da a0        	fsd	fs6, 64(sp)
80002716: 19 3f        	addiw	t5, t5, -26
80002718: fa 4a        	lw	s5, 156(sp)
8000271a: 85 3e        	addiw	t4, t4, -31
8000271c: 09 87        	srai	a4, a4, 2
8000271e: b4 3e        	fld	fa3, 120(a3)
80002720: 07 83 f9 3e  	<unknown>
80002724: 01 60        	c.lui	zero, 0
80002726: 24 3f        	fld	fs1, 120(a4)
80002728: 07 7d 09 3f  	<unknown>
8000272c: 7c fd        	sd	a5, 248(a0)
8000272e: 56 3e        	fld	ft8, 368(sp)
80002730: f7 e4 c7 3e  	<unknown>
80002734: 6f ef 60 3e  	jal	t5, 0x80010b1a <timer+0xa9da>
80002738: cb bc 31 3f  	<unknown>
8000273c: 6b 3a a3 3e  	<unknown>
80002740: 63 ad 5e 3e  	<unknown>
80002744: f5 b2        	j	0x80002130 <H_real+0x4b0>
80002746: d6 3e        	fld	ft9, 368(sp)
80002748: 8f b3 9b 3e  	<unknown>
8000274c: 39 b4        	j	0x8000215a <H_real+0x4da>
8000274e: b0 3d        	fld	fa2, 120(a1)
80002750: 3f b7 14 3f  	<unknown>
80002754: 33 14 bc 3e  	<unknown>
80002758: a8 ad        	fsd	fa0, 88(a1)
8000275a: b3 3e 6c f3  	<unknown>
8000275e: 88 3d        	fld	fa0, 56(a1)
80002760: 62 d1        	sw	s8, 160(sp)
80002762: 72 3e        	fld	ft8, 312(sp)
80002764: 04 1e        	addi	s1, sp, 816
80002766: 8d 3e        	addiw	t4, t4, -29
80002768: ca b5        	fsd	fs2, 232(sp)
8000276a: 96 3e        	fld	ft9, 352(sp)
8000276c: 7a 83        	mv	t1, t5
8000276e: 0e 3e        	fld	ft8, 224(sp)
80002770: 18 e5        	sd	a4, 8(a0)
80002772: f1 3e        	addiw	t4, t4, -4
80002774: 8d c3        	beqz	a5, 0x80002796 <H_real+0xb16>
80002776: bb 3e 71 93  	<unknown>
8000277a: 1b 3e 88 b6  	<unknown>
8000277e: a2 3d        	fld	fs11, 40(sp)
80002780: 0e c6        	sw	gp, 12(sp)
80002782: 08 3f        	fld	fa0, 56(a4)
80002784: 7a 5d        	lw	s10, 188(sp)
80002786: 27 3e 77 9d  	fsd	fs7, -1572(a4)
8000278a: c9 3e        	addiw	t4, t4, -14
8000278c: 57 52 d2 3d  	vfslide1down.vf	v4, v29, ft4, v0.t
80002790: 9f 3b 0d 3f  	<unknown>
80002794: a8 24        	fld	fa0, 72(s1)
80002796: ca 3e        	fld	ft9, 176(sp)
80002798: d6 d3        	sw	s5, 228(sp)
8000279a: 0f 3f 50 6e  	<unknown>
8000279e: 74 3e        	fld	fa3, 248(a2)
800027a0: 3d d7        	beqz	a4, 0x8000270e <H_real+0xa8e>
800027a2: fc 3e        	fld	fa5, 248(a3)
800027a4: 4c b7        	fsd	fa1, 168(a4)
800027a6: 30 3f        	fld	fa2, 120(a4)
800027a8: e5 09        	addi	s3, s3, 25
800027aa: 11 3f        	addiw	t5, t5, -28
800027ac: eb b8 c7 3e  	<unknown>
800027b0: 21 5e        	li	t3, -24
800027b2: c5 3e        	addiw	t4, t4, -15
800027b4: 1f 29 a3 3e  	<unknown>
800027b8: a1 7d        	lui	s11, 1048552
800027ba: fb 3d cb 80  	<unknown>
800027be: b8 3d        	fld	fa4, 120(a1)
800027c0: 8b ac 8a 3e  	<unknown>
800027c4: 04 38        	fld	fs1, 48(s0)
800027c6: 30 3f        	fld	fa2, 120(a4)
800027c8: 36 82        	mv	tp, a3
800027ca: 0c 3f        	fld	fa1, 56(a4)
800027cc: 29 76        	lui	a2, 1048554
800027ce: 88 3e        	fld	fa0, 56(a3)
800027d0: dc e8        	sd	a5, 144(s1)
800027d2: 26 3f        	fld	ft10, 104(sp)
800027d4: 84 e8        	sd	s1, 16(s1)
800027d6: e4 3e        	fld	fs1, 248(a3)
800027d8: c6 1c        	slli	s9, s9, 49
800027da: 19 3f        	addiw	t5, t5, -26
800027dc: 14 6e        	ld	a3, 24(a2)
800027de: 16 3e        	fld	ft8, 352(sp)
800027e0: e5 14        	addi	s1, s1, -7
800027e2: 00 3e        	fld	fs0, 56(a2)
800027e4: 53 b5 7d 3e  	<unknown>
800027e8: 93 6b 5d 3d  	ori	s7, s10, 981
800027ec: a8 66        	ld	a0, 72(a3)
800027ee: eb 3e 15 b1  	<unknown>
800027f2: 22 3f        	fld	ft10, 40(sp)
800027f4: ac 32        	fld	fa1, 96(a3)
800027f6: ac 3e        	fld	fa1, 120(a3)
800027f8: e7 23 0c 3f  	<unknown>
800027fc: f8 3c        	fld	fa4, 248(s1)
800027fe: 79 3d        	addiw	s10, s10, -2
80002800: a2 74        	ld	s1, 40(sp)
80002802: 14 3f        	fld	fa3, 56(a4)
80002804: 1b 46 91 3e  	<unknown>
80002808: 04 6b        	ld	s1, 16(a4)
8000280a: 34 3f        	fld	fa3, 120(a4)
8000280c: be 9d        	add	s11, s11, a5
8000280e: 3a 3e        	fld	ft8, 424(sp)
80002810: d7 1a 45 3e  	<unknown>
80002814: 3d 76        	lui	a2, 1048559
80002816: 2e 3f        	fld	ft10, 232(sp)
80002818: 65 37        	addiw	a4, a4, -7
8000281a: c8 3d        	fld	fa0, 184(a1)
8000281c: 5a fa        	sd	s6, 304(sp)
8000281e: 93 3e 86 3a  	sltiu	t4, a2, 936
80002822: c9 3e        	addiw	t4, t4, -14
80002824: cb a9 5b 3e  	<unknown>
80002828: 8a 89        	mv	s3, sp
8000282a: b2 3e        	fld	ft9, 296(sp)
8000282c: 0c 53        	lw	a1, 32(a4)
8000282e: d1 3e        	addiw	t4, t4, -12
80002830: de 99        	add	s3, s3, s7
80002832: d9 3e        	addiw	t4, t4, -10
80002834: 79 fb        	bnez	a4, 0x8000280a <H_real+0xb8a>
80002836: 32 3e        	fld	ft8, 296(sp)
80002838: a0 60        	ld	s0, 64(s1)
8000283a: aa 3d        	fld	fs11, 168(sp)
8000283c: 59 0f        	addi	t5, t5, 22
8000283e: 24 3e        	fld	fs1, 120(a2)
80002840: 8e 7e        	ld	t4, 224(sp)
80002842: ac 3c        	fld	fa1, 120(s1)
80002844: 3d bf        	j	0x80002782 <H_real+0xb02>
80002846: 34 3f        	fld	fa3, 120(a4)
80002848: 49 2c        	addiw	s8, s8, 18
8000284a: b1 3e        	addiw	t4, t4, -20
8000284c: 5f f4 2d 3f  	<unknown>
80002850: 1c 44        	lw	a5, 8(s0)
80002852: 21 3f        	addiw	t5, t5, -24
80002854: 8e 49        	lw	s3, 192(sp)
80002856: 8c 3e        	fld	fa1, 56(a3)
80002858: 26 f6        	sd	s1, 296(sp)
8000285a: 69 3d        	addiw	s10, s10, -6
8000285c: dc 80        	<unknown>
8000285e: 1b 3e ed 98  	<unknown>
80002862: 2a 3e        	fld	ft8, 168(sp)
80002864: fb fb e1 3e  	<unknown>
80002868: 5f e5 db 3e  	<unknown>
8000286c: 38 14        	addi	a4, sp, 552
8000286e: 93 3e 7a a5  	sltiu	t4, s4, -1449
80002872: 0a 3f        	fld	ft10, 160(sp)
80002874: 21 6d        	lui	s10, 8
80002876: ca 3c        	fld	fs9, 176(sp)
80002878: f5 a4        	j	0x80002b64 <H_real+0xee4>
8000287a: 03 3f 2f c2  	ld	t5, -990(t5)
8000287e: 27 3f f4 a4  	fsd	fa5, -1442(s0)
80002882: b7 3e b5 4b  	lui	t4, 310099
80002886: 8e 3e        	fld	ft9, 224(sp)
80002888: a0 8d        	<unknown>
8000288a: 2f 3e 15 92  	<unknown>
8000288e: 0f 3f 56 f5  	<unknown>
80002892: ae 3e        	fld	ft9, 232(sp)
80002894: fa 5e        	lw	t4, 188(sp)
80002896: 45 3c        	addiw	s8, s8, -15
80002898: 9a f9        	sd	t1, 240(sp)
8000289a: 14 3f        	fld	fa3, 56(a4)
8000289c: 74 84        	<unknown>
8000289e: e3 3e 6d 0b  	<unknown>
800028a2: f8 3e        	fld	fa4, 248(a3)
800028a4: 84 78        	ld	s1, 48(s1)
800028a6: 71 3e        	addiw	t3, t3, -4
800028a8: 99 6e        	lui	t4, 6
800028aa: 37 3e ed 72  	lui	t3, 470739
800028ae: 09 3f        	addiw	t5, t5, -30
800028b0: 6d 47        	li	a4, 27
800028b2: 9c 3e        	fld	fa5, 56(a3)
800028b4: 32 eb        	sd	a2, 400(sp)
800028b6: 9e 3e        	fld	ft9, 480(sp)
800028b8: 07 bf fb 3e  	fld	ft10, 1007(s7)
800028bc: 7b 16 06 3f  	<unknown>
800028c0: 95 13        	addi	t2, t2, -27
800028c2: a7 3e 5f b0  	fsd	ft5, -1251(t5)
800028c6: cb 3e b9 c3  	fnmsub.d	ft9, fs2, fs11, fs8, rup
800028ca: 0a 3f        	fld	ft10, 160(sp)
800028cc: 9a 20        	fld	ft1, 384(sp)
800028ce: 20 3f        	fld	fs0, 120(a4)
800028d0: 53 ec f5 3d  	<unknown>
800028d4: 61 1c        	addi	s8, s8, -8
800028d6: 5c 3c        	fld	fa5, 184(s0)
800028d8: 49 d2        	beqz	a2, 0x8000285a <H_real+0xbda>
800028da: 8a 3e        	fld	ft9, 160(sp)
800028dc: d4 b3        	fsd	fa3, 160(a5)
800028de: bf 3e c3 54  	<unknown>
800028e2: 58 3d        	fld	fa4, 184(a0)
800028e4: 24 a4        	fsd	fs1, 72(s0)
800028e6: 02 3f        	fld	ft10, 32(sp)
800028e8: b8 43        	lw	a4, 64(a5)
800028ea: 07 3f 84 f0  	fld	ft10, -248(s0)
800028ee: 20 3f        	fld	fs0, 120(a4)
800028f0: 13 c2 d7 3e  	xori	tp, a5, 1005
800028f4: ed 2d        	addiw	s11, s11, 27
800028f6: 27 3f e0 7d  	fsd	ft10, 2014(zero)
800028fa: 9b 3b 69 2d  	<unknown>
800028fe: 24 3e        	fld	fs1, 120(a2)
80002900: 19 a0        	j	0x80002906 <H_real+0xc86>
80002902: d1 3d        	addiw	s11, s11, -12
80002904: f5 0f        	addi	t6, t6, 29
80002906: b6 3d        	fld	fs11, 360(sp)
80002908: 88 72        	ld	a0, 32(a3)
8000290a: a0 3d        	fld	fs0, 120(a1)
8000290c: 49 b6        	j	0x8000248e <H_real+0x80e>
8000290e: a1 3c        	addiw	s9, s9, -24
80002910: 47 93 51 3e  	<unknown>
80002914: 8a b7        	fsd	ft2, 488(sp)
80002916: 97 3e 85 a1  	auipc	t4, 661587
8000291a: 45 3d        	addiw	s10, s10, -15
8000291c: d3 83 bb 3e  	<unknown>
80002920: d7 80 f4 3e  	<unknown>
80002924: 38 d0        	sw	a4, 96(s0)
80002926: f2 3e        	fld	ft9, 312(sp)
80002928: 1c b7        	fsd	fa5, 40(a4)
8000292a: f5 3d        	addiw	s11, s11, -3
8000292c: f6 77        	ld	a5, 376(sp)
8000292e: 55 3e        	addiw	t3, t3, -11
80002930: 3c 08        	addi	a5, sp, 24
80002932: 5e 3d        	fld	fs10, 496(sp)
80002934: 65 18        	addi	a6, a6, -7
80002936: 18 3e        	fld	fa4, 56(a2)
80002938: ad c9        	beqz	a1, 0x800029aa <H_real+0xd2a>
8000293a: 6d 3d        	addiw	s10, s10, -5
8000293c: f7 f1 11 3f  	<unknown>
80002940: ea 30        	fld	ft1, 184(sp)
80002942: e4 3e        	fld	fs1, 248(a3)
80002944: 62 f9        	sd	s8, 176(sp)
80002946: 0c 3f        	fld	fa1, 56(a4)
80002948: 12 0b        	slli	s6, s6, 4
8000294a: 93 3d 55 15  	sltiu	s11, a0, 341
8000294e: 9c 3e        	fld	fa5, 56(a3)
80002950: 1e 04        	slli	s0, s0, 7
80002952: 9d 3d        	addiw	s11, s11, -25
80002954: 3f 69 d8 3e  	<unknown>
80002958: ee 9e        	add	t4, t4, s11
8000295a: 15 3d        	addiw	s10, s10, -27
8000295c: 5a b6        	fsd	fs6, 296(sp)
8000295e: b8 3e        	fld	fa4, 120(a3)
80002960: bb 50 1f 3f  	<unknown>
80002964: 31 26        	addiw	a2, a2, 12
80002966: d9 3e        	addiw	t4, t4, -10
80002968: 68 61        	ld	a0, 192(a0)
8000296a: 1a 3f        	fld	ft10, 416(sp)
8000296c: 68 ff        	sd	a0, 248(a4)
8000296e: 04 3e        	fld	fs1, 56(a2)
80002970: 25 a8        	j	0x800029a8 <H_real+0xd28>
80002972: 9d 3e        	addiw	t4, t4, -25
80002974: ee b8        	fsd	fs11, 112(sp)
80002976: 19 3f        	addiw	t5, t5, -26
80002978: ac cc        	sw	a1, 88(s1)
8000297a: df 3e d6 3f  	<unknown>
8000297e: d1 3e        	addiw	t4, t4, -12
80002980: 23 e7 1c 3f  	<unknown>
80002984: 58 77        	ld	a4, 168(a4)
80002986: 89 3d        	addiw	s11, s11, -30
80002988: 14 7a        	ld	a3, 48(a2)
8000298a: f9 3e        	addiw	t4, t4, -2
8000298c: 1c 2d        	fld	fa5, 24(a0)
8000298e: 62 3e        	fld	ft8, 56(sp)
80002990: 35 da        	beqz	a2, 0x80002904 <H_real+0xc84>
80002992: 02 3f        	fld	ft10, 32(sp)
80002994: 8c f9        	sd	a1, 48(a1)
80002996: 12 3f        	fld	ft10, 288(sp)
80002998: 87 35 fa 3d  	fld	fa1, 991(s4)
8000299c: 89 48        	li	a7, 2
8000299e: 27 3f 37 78  	fsd	ft3, 1950(a4)
800029a2: a9 3e        	addiw	t4, t4, -22
800029a4: ed 2f        	addiw	t6, t6, 27
800029a6: b0 3e        	fld	fa2, 120(a3)
800029a8: 9b 1c d6 3d  	<unknown>
800029ac: 90 ba        	fsd	fa2, 48(a3)
800029ae: e7 3e 0a 09  	<unknown>
800029b2: ed 3d        	addiw	s11, s11, -5
800029b4: c1 39        	addiw	s3, s3, -16
800029b6: ff 3e 75 25  	<unknown>
800029ba: b8 3e        	fld	fa4, 120(a3)
800029bc: 29 d1        	beqz	a0, 0x800028fe <H_real+0xc7e>
800029be: 62 3e        	fld	ft8, 56(sp)
800029c0: e6 92        	add	t0, t0, s9
800029c2: 11 3f        	addiw	t5, t5, -28
800029c4: 0b 67 8b 3d  	<unknown>
800029c8: 74 51        	lw	a3, 100(a0)
800029ca: ab 3e 2c 73  	<unknown>
800029ce: 07 3f 5f d1  	fld	ft10, -747(t5)
800029d2: 4f 3e 0e c5  	<unknown>
800029d6: d5 3d        	addiw	s11, s11, -11
800029d8: c1 ea        	bnez	a3, 0x80002a68 <H_real+0xde8>
800029da: 26 3f        	fld	ft10, 104(sp)
800029dc: e1 f7        	bnez	a5, 0x800029a4 <H_real+0xd24>
800029de: 44 3e        	fld	fs1, 184(a2)
800029e0: a8 b4        	fsd	fa0, 104(s1)
800029e2: 40 3e        	fld	fs0, 184(a2)
800029e4: c2 8d        	mv	s11, a6
800029e6: d0 3c        	fld	fa2, 184(s1)
800029e8: 7d aa        	j	0x80002ba6 <H_real+0xf26>
800029ea: 31 3f        	addiw	t5, t5, -20
800029ec: fb 26 f3 3e  	<unknown>
800029f0: ff 78 cc 3d  	<unknown>
800029f4: 7b 6f 57 3e  	<unknown>
800029f8: 64 c2        	sw	s1, 68(a2)
800029fa: b3 3e 2d 15  	<unknown>
800029fe: 4a 3d        	fld	fs10, 176(sp)
80002a00: b7 db 2f 3f  	lui	s7, 258813
80002a04: 03 1f 37 3d  	lh	t5, 979(a4)
80002a08: 6a 77        	ld	a4, 184(sp)
80002a0a: f7 3e db bd  	<unknown>
80002a0e: 0e 3f        	fld	ft10, 224(sp)
80002a10: b3 83 0c 3f  	<unknown>
80002a14: a3 64 37 3e  	<unknown>
80002a18: 59 78        	lui	a6, 1048566
80002a1a: 52 3e        	fld	ft8, 304(sp)
80002a1c: 12 e9        	sd	tp, 144(sp)
80002a1e: 15 3f        	addiw	t5, t5, -27
80002a20: 66 38        	fld	fa6, 120(sp)
80002a22: de 3e        	fld	ft9, 496(sp)
80002a24: 31 57        	li	a4, -20
80002a26: 29 3f        	addiw	t5, t5, -22
80002a28: 9d 20        	addiw	ra, ra, 7
80002a2a: da 3d        	fld	fs11, 432(sp)
80002a2c: f8 10        	addi	a4, sp, 108
80002a2e: 05 3e        	addiw	t3, t3, -31
80002a30: af 95 8e 3d  	<unknown>
80002a34: 5b 3a 99 3e  	<unknown>
80002a38: 1a bd        	fsd	ft6, 184(sp)
80002a3a: 90 3d        	fld	fa2, 56(a1)
80002a3c: e7 88 2d 3f  	jalr	a7, 1010(s11)
80002a40: e7 14 e9 3e  	<unknown>
80002a44: 50 59        	lw	a2, 52(a0)
80002a46: a9 3d        	addiw	s11, s11, -22
80002a48: d0 8e        	<unknown>
80002a4a: a3 3d 87 41  	sd	s8, 1051(a4)
80002a4e: 29 3f        	addiw	t5, t5, -22
80002a50: 26 9b        	add	s6, s6, s1
80002a52: 2d 3f        	addiw	t5, t5, -21
80002a54: c5 41        	li	gp, 17
80002a56: 01 3f        	addiw	t5, t5, -32
80002a58: f1 e9        	bnez	a1, 0x80002b2c <H_real+0xeac>
80002a5a: 34 3f        	fld	fa3, 120(a4)
80002a5c: 33 d0 58 3d  	<unknown>
80002a60: 89 9c        	subw	s1, s1, a0
80002a62: d8 3e        	fld	fa4, 184(a3)
80002a64: 25 54        	li	s0, -23
80002a66: 06 3d        	fld	fs10, 96(sp)
80002a68: 0a 47        	lw	a4, 128(sp)
80002a6a: 06 3f        	fld	ft10, 96(sp)
80002a6c: 61 ee        	bnez	a2, 0x80002b44 <H_real+0xec4>
80002a6e: ac 3e        	fld	fa1, 120(a3)
80002a70: 2f 96 27 3f  	<unknown>
80002a74: b8 52        	lw	a4, 96(a3)
80002a76: 4d 3e        	addiw	t3, t3, -13
80002a78: cb 89 31 3f  	<unknown>
80002a7c: 06 32        	fld	ft4, 96(sp)
80002a7e: 05 3f        	addiw	t5, t5, -31
80002a80: 7d 47        	li	a4, 31
80002a82: 57 3d 42 d8  	<unknown>
80002a86: 24 3e        	fld	fs1, 120(a2)
80002a88: 78 24        	fld	fa4, 200(s0)
80002a8a: 75 3e        	addiw	t3, t3, -3
80002a8c: c2 d5        	sw	a6, 232(sp)
80002a8e: 06 3f        	fld	ft10, 96(sp)
80002a90: ef e2 46 3e  	jal	t0, 0x80070e74 <timer+0x6ad34>
80002a94: 6e a7        	fsd	fs11, 392(sp)
80002a96: 66 3e        	fld	ft8, 120(sp)
80002a98: 0f ab 3b 3e  	<unknown>
80002a9c: b1 18        	addi	a7, a7, -20
80002a9e: ff 3e 41 a7  	<unknown>
80002aa2: 09 3e        	addiw	t3, t3, -30
80002aa4: c0 36        	fld	fs0, 168(a3)
80002aa6: 27 3f 51 5b  	fsd	fs5, 1470(sp)
80002aaa: 16 3f        	fld	ft10, 352(sp)
80002aac: 5c 3b        	fld	fa5, 176(a4)
80002aae: ea 3e        	fld	ft9, 184(sp)
80002ab0: 19 1f        	addi	t5, t5, -26
80002ab2: 2b 3f 45 fb  	<unknown>
80002ab6: 0a 3f        	fld	ft10, 160(sp)
80002ab8: ed 0c        	addi	s9, s9, 27
80002aba: b9 3e        	addiw	t4, t4, -18
80002abc: 3f 5a 1b 3f  	<unknown>
80002ac0: fa 3e        	fld	ft9, 440(sp)
80002ac2: 8c 3d        	fld	fa1, 56(a1)
80002ac4: 7f 28 a0 3e  	<unknown>
80002ac8: a4 02        	addi	s1, sp, 328
80002aca: 96 3e        	fld	ft9, 352(sp)
80002acc: ae 82        	mv	t0, a1
80002ace: 65 3d        	addiw	s10, s10, -7
80002ad0: 81 d2        	beqz	a3, 0x800029d0 <H_real+0xd50>
80002ad2: cd 3e        	addiw	t4, t4, -13
80002ad4: 9d e4        	bnez	s1, 0x80002b02 <H_real+0xe82>
80002ad6: 1a 3f        	fld	ft10, 416(sp)
80002ad8: 54 13        	addi	a3, sp, 420
80002ada: 1b 3f 5f 8a  	<unknown>
80002ade: b1 3d        	addiw	s11, s11, -20
80002ae0: ba 18        	slli	a7, a7, 46
80002ae2: 12 3f        	fld	ft10, 288(sp)
80002ae4: 44 da        	sw	s1, 52(a2)
80002ae6: b7 3e 45 0b  	lui	t4, 46163
80002aea: 02 3f        	fld	ft10, 32(sp)
80002aec: 8f b7 f2 3e  	<unknown>
80002af0: 51 1f        	addi	t5, t5, -12
80002af2: e0 3e        	fld	fs0, 248(a3)
80002af4: 25 62        	lui	tp, 9
80002af6: 0e 3f        	fld	ft10, 224(sp)
80002af8: 75 ec        	bnez	s0, 0x80002bf4 <H_real+0xf74>
80002afa: 26 3e        	fld	ft8, 104(sp)
80002afc: d0 8c        	<unknown>
80002afe: 06 3f        	fld	ft10, 96(sp)
80002b00: f1 3d        	addiw	s11, s11, -4
80002b02: 17 3f fd 24  	auipc	t5, 151507
80002b06: c8 3e        	fld	fa0, 184(a3)
80002b08: ed 44        	li	s1, 27
80002b0a: a7 3e 4d 6a  	fsd	ft4, 1725(s10)
80002b0e: 13 3f 38 50  	sltiu	t5, a6, 1283
80002b12: 9d 3d        	addiw	s11, s11, -25
80002b14: 07 7a 5f 3e  	<unknown>
80002b18: c1 8e        	or	a3, a3, s0
80002b1a: 9c 3e        	fld	fa5, 56(a3)
80002b1c: 4e 04        	slli	s0, s0, 19
80002b1e: b6 3c        	fld	fs9, 360(sp)
80002b20: fb 92 cd 3d  	<unknown>
80002b24: 94 50        	lw	a3, 32(s1)
80002b26: 00 3f        	fld	fs0, 56(a4)
80002b28: 64 26        	fld	fs1, 200(a2)
80002b2a: 97 3e 9e e3  	auipc	t4, 932323
80002b2e: 3b 3e aa af  	<unknown>
80002b32: 74 3e        	fld	fa3, 248(a2)
80002b34: 6d 14        	addi	s0, s0, -5
80002b36: 33 3f 81 ab  	<unknown>
80002b3a: 3b 3e a4 f5  	<unknown>
80002b3e: f0 3e        	fld	fa2, 248(a3)
80002b40: 06 af        	fsd	ft1, 408(sp)
80002b42: 0a 3f        	fld	ft10, 160(sp)
80002b44: a7 40 e7 3e  	<unknown>
80002b48: 61 d5        	beqz	a0, 0x80002b10 <H_real+0xe90>
80002b4a: 70 3e        	fld	fa2, 248(a2)
80002b4c: 12 62        	ld	tp, 256(sp)
80002b4e: 1b 3f 8e 1d  	<unknown>
80002b52: 8d 3e        	addiw	t4, t4, -29
80002b54: 20 34        	fld	fs0, 104(s0)
80002b56: 2c 3f        	fld	fa1, 120(a4)
80002b58: 53 5e 1b 3f  	<unknown>
80002b5c: 04 92        	<unknown>
80002b5e: 94 3e        	fld	fa3, 56(a3)
80002b60: 55 4a        	li	s4, 21
80002b62: bd 3e        	addiw	t4, t4, -17
80002b64: 88 da        	sw	a0, 48(a3)
80002b66: 20 3f        	fld	fs0, 120(a4)
80002b68: a0 88        	<unknown>
80002b6a: 0f 3f 6d b5  	<unknown>
80002b6e: 34 3e        	fld	fa3, 120(a2)
80002b70: 4d cc        	beqz	s0, 0x80002c2a <H_real+0xfaa>
80002b72: 31 3f        	addiw	t5, t5, -20
80002b74: 8a f4        	sd	sp, 104(sp)
80002b76: 9e 3d        	fld	fs11, 480(sp)
80002b78: 2e 42        	lw	tp, 200(sp)
80002b7a: 0d 3f        	addiw	t5, t5, -29
80002b7c: 7c 31        	fld	fa5, 224(a0)
80002b7e: 2b 3f 25 c3  	<unknown>
80002b82: 1f 3f 44 e8  	<unknown>
80002b86: 28 3f        	fld	fa0, 120(a4)
80002b88: 6d 52        	li	tp, -5
80002b8a: b8 3e        	fld	fa4, 120(a3)
80002b8c: 43 49 44 3d  	<unknown>
80002b90: ae c6        	sw	a1, 76(sp)
80002b92: 18 3f        	fld	fa4, 56(a4)
80002b94: 9f ca c7 3e  	<unknown>
80002b98: fe e4        	sd	t6, 72(sp)
80002b9a: b7 3e b8 a1  	lui	t4, 662403
80002b9e: f6 3d        	fld	fs11, 376(sp)
80002ba0: af cf 12 3e  	<unknown>
80002ba4: 53 a2 4c 3e  	<unknown>
80002ba8: fe 54        	lw	s1, 252(sp)
80002baa: 74 3e        	fld	fa3, 248(a2)
80002bac: 6a 6b        	ld	s6, 152(sp)
80002bae: a7 3e e5 28  	fsd	fa4, 669(a0)
80002bb2: e5 3d        	addiw	s11, s11, -7
80002bb4: 89 18        	addi	a7, a7, -30
80002bb6: 88 3e        	fld	fa0, 56(a3)
80002bb8: 6a 4a        	lw	s4, 152(sp)
80002bba: f7 3d ad 7f  	<unknown>
80002bbe: 2c 3f        	fld	fa1, 120(a4)
80002bc0: d7 3d 23 3f  	vslidedown.vi	v27, v18, 6
80002bc4: 4f 1d ae 3c  	<unknown>
80002bc8: da 78        	ld	a7, 432(sp)
80002bca: 2f 3f f1 0a  	amoswap.d.rl	t5, a5, (sp)
80002bce: 19 3f        	addiw	t5, t5, -26
80002bd0: 02 9c        	jalr	s8
80002bd2: 9e 3e        	fld	ft9, 480(sp)
80002bd4: 80 b8        	fsd	fs0, 48(s1)
80002bd6: 33 3f 74 7e  	<unknown>
80002bda: 22 3f        	fld	ft10, 40(sp)
80002bdc: bd 99        	andi	a1, a1, -17
80002bde: 0e 3f        	fld	ft10, 224(sp)
80002be0: 7d b2        	j	0x8000258e <H_real+0x90e>
80002be2: 2c 3e        	fld	fa1, 120(a2)
80002be4: 84 64        	ld	s1, 8(s1)
80002be6: 0f 3f 68 2b  	<unknown>
80002bea: 73 3e 3e c5  	csrrc	t3, 3155, t3
80002bee: aa 3e        	fld	ft9, 168(sp)
80002bf0: 68 e0        	sd	a0, 192(s0)
80002bf2: 81 3e        	addiw	t4, t4, -32
80002bf4: f7 b0 7a 3e  	<unknown>
80002bf8: 4c 87        	<unknown>
80002bfa: 14 3f        	fld	fa3, 56(a4)
80002bfc: 3c bc        	fsd	fa5, 120(s0)
80002bfe: 28 3d        	fld	fa0, 120(a0)
80002c00: e7 4c 06 3f  	<unknown>
80002c04: 84 e7        	sd	s1, 8(a5)
80002c06: f1 3d        	addiw	s11, s11, -4
80002c08: bd 14        	addi	s1, s1, -17
80002c0a: de 3d        	fld	fs11, 496(sp)
80002c0c: aa 6b        	ld	s7, 136(sp)
80002c0e: 08 3f        	fld	fa0, 56(a4)
80002c10: 9a 7a        	ld	s5, 416(sp)
80002c12: 0e 3f        	fld	ft10, 224(sp)
80002c14: 4c 33        	fld	fa1, 160(a4)
80002c16: 0f 3f 5e 34  	<unknown>
80002c1a: 3f 3b aa e5  	<unknown>
80002c1e: 0f 3e e8 d5  	<unknown>
80002c22: 0a 3e        	fld	ft8, 160(sp)
80002c24: 1d af        	j	0x8000335a <H_real+0x16da>
80002c26: f2 3e        	fld	ft9, 312(sp)
80002c28: aa 4e        	lw	t4, 136(sp)
80002c2a: df 3e 84 c3  	<unknown>
80002c2e: 59 3e        	addiw	t3, t3, -10
80002c30: 5e 4d        	lw	s10, 212(sp)
80002c32: 0e 3e        	fld	ft8, 224(sp)
80002c34: d3 32 11 3f  	<unknown>
80002c38: ae 95        	add	a1, a1, a1
80002c3a: fa 3e        	fld	ft9, 440(sp)
80002c3c: 96 d1        	sw	t0, 224(sp)
80002c3e: 8c 3e        	fld	fa1, 56(a3)
80002c40: 71 2a        	addiw	s4, s4, 28
80002c42: 27 3f f2 1e  	fsd	fa5, 510(tp)
80002c46: eb 3a 84 a0  	<unknown>
80002c4a: 30 3f        	fld	fa2, 120(a4)
80002c4c: d0 f7        	sd	a2, 168(a5)
80002c4e: 4d 3c        	addiw	s8, s8, -13
80002c50: 91 0d        	addi	s11, s11, 4
80002c52: ba 3e        	fld	ft9, 424(sp)
80002c54: c2 ae        	fsd	fa6, 344(sp)
80002c56: 30 3f        	fld	fa2, 120(a4)
80002c58: 20 e3        	sd	s0, 64(a4)
80002c5a: 81 3e        	addiw	t4, t4, -32
80002c5c: 60 a5        	fsd	fs0, 200(a0)
80002c5e: 49 3e        	addiw	t3, t3, -14
80002c60: 47 a5 af 3e  	<unknown>
80002c64: cc 6a        	ld	a1, 144(a3)
80002c66: 0f 3d 8a f7  	<unknown>
80002c6a: 1f 3d 70 76  	<unknown>
80002c6e: 7d 3e        	addiw	t3, t3, -1
80002c70: 8e 59        	lw	s3, 224(sp)
80002c72: e7 3e 20 19  	<unknown>
80002c76: 1e 3f        	fld	ft10, 480(sp)
80002c78: 71 50        	c.li	zero, -4
80002c7a: 2f 3f 6b 50  	<unknown>
80002c7e: 0e 3f        	fld	ft10, 224(sp)
80002c80: 9f cd 05 3f  	<unknown>
80002c84: 38 22        	fld	fa4, 64(a2)
80002c86: b3 3e 56 32  	<unknown>
80002c8a: dc 3d        	fld	fa5, 184(a1)
80002c8c: a5 d6        	beqz	a3, 0x80002bf4 <H_real+0xf74>
80002c8e: 89 3d        	addiw	s11, s11, -30
80002c90: a2 17        	slli	a5, a5, 40
80002c92: 2b 3f a1 5e  	<unknown>
80002c96: 91 3e        	addiw	t4, t4, -28
80002c98: d4 d6        	sw	a3, 44(a3)
80002c9a: f1 3d        	addiw	s11, s11, -4
80002c9c: 6e 92        	add	tp, tp, s11
80002c9e: 33 3f 97 d9  	<unknown>
80002ca2: 5d 3e        	addiw	t3, t3, -9
80002ca4: 17 e5 f2 3e  	auipc	a0, 257838
80002ca8: eb aa 2c 3f  	<unknown>
80002cac: 75 30        	<unknown>
80002cae: 4f 3c 30 1e  	<unknown>
80002cb2: 22 3f        	fld	ft10, 40(sp)
80002cb4: 86 68        	ld	a7, 64(sp)
80002cb6: eb 3e 68 8f  	<unknown>
80002cba: 2c 3f        	fld	fa1, 120(a4)
80002cbc: 59 d6        	beqz	a2, 0x80002c4a <H_real+0xfca>
80002cbe: b5 3d        	addiw	s11, s11, -19
80002cc0: fa 9c        	add	s9, s9, t5
80002cc2: c0 3e        	fld	fs0, 184(a3)
80002cc4: 6c 10        	addi	a1, sp, 44
80002cc6: 1d 3e        	addiw	t3, t3, -25
80002cc8: dc e7        	sd	a5, 136(a5)
80002cca: 2c 3e        	fld	fa1, 120(a2)
80002ccc: 16 7e        	ld	t3, 352(sp)
80002cce: e5 3e        	addiw	t4, t4, -7
80002cd0: 53 30 fd 3e  	<unknown>
80002cd4: 7c 5b        	lw	a5, 116(a4)
80002cd6: 1b 3f b3 f4  	<unknown>
80002cda: 2d 3f        	addiw	t5, t5, -21
80002cdc: 2b 1e 22 3f  	<unknown>
80002ce0: 7a d4        	sw	t5, 40(sp)
80002ce2: a9 3c        	addiw	s9, s9, -22
80002ce4: b5 b9        	j	0x80002960 <H_real+0xce0>
80002ce6: 2b 3d 15 77  	<unknown>
80002cea: 68 3e        	fld	fa0, 248(a2)
80002cec: de 97        	add	a5, a5, s7
80002cee: e3 3e 8f 0d  	<unknown>
80002cf2: e4 3e        	fld	fs1, 248(a3)
80002cf4: 5b 03 58 3e  	<unknown>
80002cf8: bd 7f        	lui	t6, 1048559
80002cfa: 30 3e        	fld	fa2, 120(a2)
80002cfc: cd 91        	srli	a1, a1, 51
80002cfe: 0a 3f        	fld	ft10, 160(sp)
80002d00: 10 80        	<unknown>
80002d02: 07 3f aa a8  	fld	ft10, -1398(s4)
80002d06: f6 3e        	fld	ft9, 376(sp)
80002d08: 9c b5        	fsd	fa5, 40(a1)
80002d0a: b4 3d        	fld	fa3, 120(a1)
80002d0c: 15 a2        	j	0x80002e30 <H_real+0x11b0>
80002d0e: 0b 3c 93 e3  	<unknown>
80002d12: 08 3f        	fld	fa0, 56(a4)
80002d14: 8d c4        	beqz	s1, 0x80002d3e <H_real+0x10be>
80002d16: 05 3f        	addiw	t5, t5, -31
80002d18: 12 d5        	sw	tp, 168(sp)
80002d1a: 12 3f        	fld	ft10, 288(sp)
80002d1c: d9 b4        	j	0x800027e2 <H_real+0xb62>
80002d1e: 45 3e        	addiw	t3, t3, -15
80002d20: 58 11        	addi	a4, sp, 164
80002d22: 29 3f        	addiw	t5, t5, -22
80002d24: 2b 63 95 3e  	<unknown>
80002d28: 36 2c        	fld	fs8, 328(sp)
80002d2a: eb 3e b7 6b  	<unknown>
80002d2e: eb 3d 19 f2  	<unknown>
80002d32: 0c 3f        	fld	fa1, 56(a4)
80002d34: 19 e1        	bnez	a0, 0x80002d3a <H_real+0x10ba>
80002d36: 05 3f        	addiw	t5, t5, -31
80002d38: 7d 72        	lui	tp, 1048575
80002d3a: b8 3d        	fld	fa4, 120(a1)
80002d3c: 9e 51        	lw	gp, 228(sp)
80002d3e: 08 3d        	fld	fa0, 56(a0)
80002d40: 16 e5        	sd	t0, 136(sp)
80002d42: a2 3d        	fld	fs11, 40(sp)
80002d44: 10 42        	lw	a2, 0(a2)
80002d46: ac 3e        	fld	fa1, 120(a3)
80002d48: cf ec a5 3d  	<unknown>
80002d4c: 9d 82        	srli	a3, a3, 7
80002d4e: fe 3e        	fld	ft9, 504(sp)
80002d50: 38 c9        	sw	a4, 80(a0)
80002d52: 44 3e        	fld	fs1, 184(a2)
80002d54: 38 c9        	sw	a4, 80(a0)
80002d56: b2 3e        	fld	ft9, 296(sp)
80002d58: b7 04 cc 3e  	lui	s1, 257216
80002d5c: 07 a3 2e 3f  	flw	ft6, 1010(t4)
80002d60: e0 99        	<unknown>
80002d62: f4 3e        	fld	fa3, 248(a3)
80002d64: a8 9c        	<unknown>
80002d66: 18 3f        	fld	fa4, 56(a4)
80002d68: cd 1f        	addi	t6, t6, -13
80002d6a: 2b 3f c6 c0  	<unknown>
80002d6e: 4e 3e        	fld	ft8, 240(sp)
80002d70: c7 de 20 3f  	<unknown>
80002d74: e7 e4 f8 3e  	<unknown>
80002d78: a4 15        	addi	s1, sp, 744
80002d7a: 15 3f        	addiw	t5, t5, -27
80002d7c: 41 b4        	j	0x800027fc <H_real+0xb7c>
80002d7e: 1c 3d        	fld	fa5, 56(a0)
80002d80: 58 78        	ld	a4, 176(s0)
80002d82: fd 3e        	addiw	t4, t4, -1
80002d84: 06 b6        	fsd	ft1, 296(sp)
80002d86: 91 3d        	addiw	s11, s11, -28
80002d88: d0 fd        	sd	a2, 184(a1)
80002d8a: 27 3f c6 62  	fsd	fa2, 1598(a2)
80002d8e: 92 3e        	fld	ft9, 288(sp)
80002d90: 0e 34        	fld	fs0, 224(sp)
80002d92: 2d 3e        	addiw	t3, t3, -21
80002d94: 8b 2d bc 3e  	<unknown>
80002d98: a7 f6 71 3e  	<unknown>
80002d9c: 6b 88 19 3e  	<unknown>
80002da0: 39 d6        	beqz	a2, 0x80002cee <H_real+0x106e>
80002da2: 77 3e d6 a9  	<unknown>
80002da6: 2d 3f        	addiw	t5, t5, -21
80002da8: 89 78        	lui	a7, 1048546
80002daa: 07 3f 89 9e  	fld	ft10, -1560(s2)
80002dae: 22 3f        	fld	ft10, 40(sp)
80002db0: a1 29        	addiw	s3, s3, 8
80002db2: 08 3f        	fld	fa0, 56(a4)
80002db4: 06 42        	lw	tp, 64(sp)
80002db6: 28 3f        	fld	fa0, 120(a4)
80002db8: 26 bc        	fsd	fs1, 56(sp)
80002dba: 07 3f b6 65  	fld	ft10, 1627(a2)
80002dbe: af 3e b8 3a  	<unknown>
80002dc2: 9d 3e        	addiw	t4, t4, -25
80002dc4: 71 cb        	beqz	a4, 0x80002e98 <H_real+0x1218>
80002dc6: 28 3f        	fld	fa0, 120(a4)
80002dc8: 09 45        	li	a0, 2
80002dca: 52 3e        	fld	ft8, 304(sp)
80002dcc: cb 21 84 3e  	<unknown>
80002dd0: 30 96        	<unknown>
80002dd2: 9a 3e        	fld	ft9, 416(sp)
80002dd4: e5 7b        	lui	s7, 1048569
80002dd6: fa 3e        	fld	ft9, 440(sp)
80002dd8: 52 40        	<unknown>
80002dda: 1f 3d bd 91  	<unknown>
80002dde: cd 3e        	addiw	t4, t4, -13
80002de0: 52 36        	fld	fa2, 304(sp)
80002de2: 0c 3f        	fld	fa1, 56(a4)
80002de4: 3e 93        	add	t1, t1, a5
80002de6: 2f 3d c3 48  	<unknown>
80002dea: 9e 3e        	fld	ft9, 480(sp)
80002dec: f9 69        	lui	s3, 30
80002dee: f8 3e        	fld	fa4, 248(a3)
80002df0: dc 21        	fld	fa5, 128(a1)
80002df2: 33 3f f8 14  	<unknown>
80002df6: 06 3f        	fld	ft10, 96(sp)
80002df8: cf 96 97 3e  	<unknown>
80002dfc: 6f c5 23 3f  	jal	a0, 0x8003f1ee <timer+0x390ae>
80002e00: e7 29 ce 3e  	<unknown>
80002e04: c6 a1        	fsd	fa7, 192(sp)
80002e06: 1c 3f        	fld	fa5, 56(a4)
80002e08: a4 f3        	sd	s1, 96(a5)
80002e0a: 4c 3e        	fld	fa1, 184(a2)
80002e0c: 9c b1        	fsd	fa5, 32(a1)
80002e0e: 0f 3f 5e 5f  	<unknown>
80002e12: 07 3f 43 3f  	fld	ft10, 1012(t1)
80002e16: ce 3e        	fld	ft9, 240(sp)
80002e18: ac 25        	fld	fa1, 72(a1)
80002e1a: 9d 3e        	addiw	t4, t4, -25
80002e1c: 71 16        	addi	a2, a2, -4
80002e1e: fa 3e        	fld	ft9, 440(sp)
80002e20: 61 c7        	beqz	a4, 0x80002ee8 <H_real+0x1268>
80002e22: c1 3e        	addiw	t4, t4, -16
80002e24: 62 04        	slli	s0, s0, 24
80002e26: 7a 3e        	fld	ft8, 440(sp)
80002e28: 80 09        	addi	s0, sp, 208
80002e2a: 80 3e        	fld	fs0, 56(a3)
80002e2c: 55 8a        	andi	a2, a2, 21
80002e2e: 05 3f        	addiw	t5, t5, -31
80002e30: 5c 65        	ld	a5, 136(a0)
80002e32: 8a 3e        	fld	ft9, 160(sp)
80002e34: 71 c9        	beqz	a0, 0x80002f08 <H_real+0x1288>
80002e36: cb 3d 5f 11  	fnmsub.s	fs11, ft10, fs5, ft2, rup
80002e3a: 19 3f        	addiw	t5, t5, -26
80002e3c: 6f b7 11 3f  	jal	a4, 0x8001ea2c <timer+0x188ec>
80002e40: c5 7f        	lui	t6, 1048561
80002e42: 2d 3f        	addiw	t5, t5, -21
80002e44: 8a a2        	fsd	ft2, 320(sp)
80002e46: 25 3f        	addiw	t5, t5, -23
80002e48: 90 09        	addi	a2, sp, 208
80002e4a: f7 3d 88 78  	<unknown>
80002e4e: 16 3e        	fld	ft8, 352(sp)
80002e50: 8b 10 f0 3e  	<unknown>
80002e54: c1 6c        	lui	s9, 16
80002e56: 84 3e        	fld	fs1, 56(a3)
80002e58: e4 b6        	fsd	fs1, 232(a3)
80002e5a: e5 3e        	addiw	t4, t4, -7
80002e5c: 62 8d        	mv	s10, s8
80002e5e: bf 3e 32 33  	<unknown>
80002e62: 77 3e 48 27  	<unknown>
80002e66: c1 3e        	addiw	t4, t4, -16
80002e68: 0b 87 44 3e  	<unknown>
80002e6c: 76 e6        	sd	t4, 264(sp)
80002e6e: 0b 3f ce 08  	<unknown>
80002e72: ce 3d        	fld	fs11, 240(sp)
80002e74: a6 cd        	sw	s1, 216(sp)
80002e76: 7f 3e d8 1f  	<unknown>
80002e7a: 7c 3e        	fld	fa5, 248(a2)
80002e7c: a7 c2 0c 3f  	<unknown>
80002e80: 5a d4        	sw	s6, 40(sp)
80002e82: 29 3e        	addiw	t3, t3, -22
80002e84: c6 8b        	mv	s7, a7
80002e86: e4 3d        	fld	fs1, 248(a1)
80002e88: a5 35        	addiw	a1, a1, -23
80002e8a: dd 3e        	addiw	t4, t4, -9
80002e8c: 24 2e        	fld	fs1, 88(a2)
80002e8e: fc 3e        	fld	fa5, 248(a3)
80002e90: 7a 88        	mv	a6, t5
80002e92: ec 3e        	fld	fa1, 248(a3)
80002e94: 6e 99        	add	s2, s2, s11
80002e96: 09 3f        	addiw	t5, t5, -30
80002e98: af 94 16 3d  	<unknown>
80002e9c: 55 19        	addi	s2, s2, -11
80002e9e: 97 3e 5c 3e  	auipc	t4, 255427
80002ea2: f5 3d        	addiw	s11, s11, -3
80002ea4: 95 e2        	bnez	a3, 0x80002ec8 <H_real+0x1248>
80002ea6: 19 3f        	addiw	t5, t5, -26
80002ea8: 55 c2        	beqz	a2, 0x80002f4c <H_real+0x12cc>
80002eaa: 1b 3f e7 a4  	<unknown>
80002eae: 1a 3f        	fld	ft10, 416(sp)
80002eb0: 84 e0        	sd	s1, 0(s1)
80002eb2: 1b 3f 3f b8  	<unknown>
80002eb6: d1 3d        	addiw	s11, s11, -12
80002eb8: 24 43        	lw	s1, 64(a4)
80002eba: 22 3f        	fld	ft10, 40(sp)
80002ebc: 57 68 15 3e  	vslide1down.vx	v16, v1, a0
80002ec0: 69 45        	li	a0, 26
80002ec2: 8a 3e        	fld	ft9, 160(sp)
80002ec4: 68 b7        	fsd	fa0, 232(a4)
80002ec6: 27 3e 43 30  	fsd	ft4, 796(t1)
80002eca: 09 3f        	addiw	t5, t5, -30
80002ecc: 70 d6        	sw	a2, 108(a2)
80002ece: cf 3e 9a 23  	fnmadd.d	ft9, fs4, fs9, ft4, rup
80002ed2: 28 3f        	fld	fa0, 120(a4)
80002ed4: 5a 49        	lw	s2, 148(sp)
80002ed6: 21 3f        	addiw	t5, t5, -24
80002ed8: 59 8b        	andi	a4, a4, 22
80002eda: 2f 3f d3 32  	<unknown>
80002ede: 8e 3e        	fld	ft9, 224(sp)
80002ee0: e7 cc 49 3e  	<unknown>
80002ee4: 0c 08        	addi	a1, sp, 16
80002ee6: f2 3d        	fld	fs11, 312(sp)
80002ee8: e3 34 a7 3c  	<unknown>
80002eec: 6d e6        	bnez	a2, 0x80002fd6 <H_real+0x1356>
80002eee: 91 3e        	addiw	t4, t4, -28
80002ef0: a5 9b        	andi	a5, a5, -23
80002ef2: a7 3d 46 78  	fsd	ft4, 1947(a2)
80002ef6: 0d 3f        	addiw	t5, t5, -29
80002ef8: 91 42        	li	t0, 4
80002efa: e8 3e        	fld	fa0, 248(a3)
80002efc: 64 21        	fld	fs1, 192(a0)
80002efe: 9b 3e 96 d5  	<unknown>
80002f02: 2c 3d        	fld	fa1, 120(a0)
80002f04: 28 62        	ld	a0, 64(a2)
80002f06: ca 3e        	fld	ft9, 176(sp)
80002f08: 9a 05        	slli	a1, a1, 6
80002f0a: 1a 3f        	fld	ft10, 416(sp)
80002f0c: e8 aa        	fsd	fa0, 208(a3)
80002f0e: a1 3e        	addiw	t4, t4, -24
80002f10: bf 3c f2 3d  	<unknown>
80002f14: 71 74        	lui	s0, 1048572
80002f16: 03 3f 08 7a  	ld	t5, 1952(a6)
80002f1a: a3 3e 00 e1  	sd	a6, -483(zero)
80002f1e: 79 3e        	addiw	t3, t3, -2
80002f20: 56 18        	slli	a6, a6, 53
80002f22: 34 3f        	fld	fa3, 120(a4)
80002f24: af 1f 43 3e  	<unknown>
80002f28: 5f 7f 0c 3f  	<unknown>
80002f2c: f0 9b        	<unknown>
80002f2e: 2d 3f        	addiw	t5, t5, -21
80002f30: 70 0b        	addi	a2, sp, 412
80002f32: 16 3f        	fld	ft10, 352(sp)
80002f34: d7 60 48 3c  	vslide1down.vx	v1, v4, a6, v0.t
80002f38: e4 e0        	sd	s1, 192(s1)
80002f3a: e3 3d 71 37  	<unknown>
80002f3e: 35 3e        	addiw	t3, t3, -19
80002f40: a6 4e        	lw	t4, 72(sp)
80002f42: 98 3d        	fld	fa4, 56(a1)
80002f44: 23 d9 c7 3e  	<unknown>
80002f48: 10 bd        	fsd	fa2, 56(a0)
80002f4a: a2 3e        	fld	ft9, 40(sp)
80002f4c: f4 8a        	<unknown>
80002f4e: 2c 3f        	fld	fa1, 120(a4)
80002f50: 8c 9e        	<unknown>
80002f52: 21 3f        	addiw	t5, t5, -24
80002f54: bc 6e        	ld	a5, 88(a3)
80002f56: ba 3d        	fld	fs11, 424(sp)
80002f58: 5b ea c3 3d  	<unknown>
80002f5c: a8 81        	<unknown>
80002f5e: 0c 3e        	fld	fa1, 56(a2)
80002f60: 12 4f        	lw	t5, 4(sp)
80002f62: c9 3e        	addiw	t4, t4, -14
80002f64: 71 56        	li	a2, -4
80002f66: 28 3f        	fld	fa0, 120(a4)
80002f68: a2 cd        	sw	s0, 216(sp)
80002f6a: 1a 3f        	fld	ft10, 416(sp)
80002f6c: e7 64 18 3f  	<unknown>
80002f70: 44 0d        	addi	s1, sp, 660
80002f72: 02 3f        	fld	ft10, 32(sp)
80002f74: c9 3e        	addiw	t4, t4, -14
80002f76: d1 3e        	addiw	t4, t4, -12
80002f78: 5d 0f        	addi	t5, t5, 23
80002f7a: 6b 3d 9a cd  	<unknown>
80002f7e: bc 3e        	fld	fa5, 120(a3)
80002f80: fe d5        	sw	t6, 232(sp)
80002f82: e3 3b bb 45  	<unknown>
80002f86: 8d 3e        	addiw	t4, t4, -29
80002f88: 66 6c        	ld	s8, 88(sp)
80002f8a: 5d 3e        	addiw	t3, t3, -9
80002f8c: d1 4b        	li	s7, 20
80002f8e: e2 3d        	fld	fs11, 56(sp)
80002f90: 2b ce 4f 3e  	<unknown>
80002f94: aa 6e        	ld	t4, 136(sp)
80002f96: 09 3f        	addiw	t5, t5, -30
80002f98: fe 7d        	ld	s11, 504(sp)
80002f9a: 06 3f        	fld	ft10, 96(sp)
80002f9c: 1e 8d        	mv	s10, t2
80002f9e: 29 3e        	addiw	t3, t3, -22
80002fa0: 4a 19        	slli	s2, s2, 50
80002fa2: 66 3d        	fld	fs10, 120(sp)
80002fa4: 75 a7        	j	0x80003750 <H_real+0x1ad0>
80002fa6: d8 3e        	fld	fa4, 184(a3)
80002fa8: ac 53        	lw	a1, 96(a5)
80002faa: 5e 3e        	fld	ft8, 496(sp)
80002fac: 41 50        	c.li	zero, -16
80002fae: d0 3e        	fld	fa2, 184(a3)
80002fb0: 48 67        	ld	a0, 136(a4)
80002fb2: 2c 3f        	fld	fa1, 120(a4)
80002fb4: 1f ab c8 3e  	<unknown>
80002fb8: 25 31        	addiw	sp, sp, -23
80002fba: 05 3f        	addiw	t5, t5, -31
80002fbc: 84 7d        	ld	s1, 56(a1)
80002fbe: 99 3e        	addiw	t4, t4, -26
80002fc0: 62 4e        	lw	t3, 24(sp)
80002fc2: 84 3d        	fld	fs1, 56(a1)
80002fc4: f8 61        	ld	a4, 192(a1)
80002fc6: 79 3e        	addiw	t3, t3, -2
80002fc8: be d3        	sw	a5, 228(sp)
80002fca: 80 3e        	fld	fs0, 56(a3)
80002fcc: 2e 2f        	fld	ft10, 200(sp)
80002fce: 1b 3f 22 df  	<unknown>
80002fd2: c8 3e        	fld	fa0, 184(a3)
80002fd4: 37 23 9d 3e  	lui	t1, 256466
80002fd8: ee 59        	lw	s3, 248(sp)
80002fda: ec 3e        	fld	fa1, 248(a3)
80002fdc: 19 bb        	j	0x80002cf2 <H_real+0x1072>
80002fde: e3 3e 31 89  	<unknown>
80002fe2: 08 3e        	fld	fa0, 56(a2)
80002fe4: 4c 09        	addi	a1, sp, 148
80002fe6: 66 3d        	fld	fs10, 120(sp)
80002fe8: 2d 43        	li	t1, 11
80002fea: 0c 3d        	fld	fa1, 56(a0)
80002fec: 01 69        	lui	s2, 0
80002fee: 87 3e db 15  	fld	ft9, 349(s6)
80002ff2: da 3d        	fld	fs11, 432(sp)
80002ff4: 56 f6        	sd	s5, 296(sp)
80002ff6: 13 3f d0 0e  	sltiu	t5, zero, 237
80002ffa: 95 3c        	addiw	s9, s9, -27
80002ffc: 2d 33        	addiw	t1, t1, -21
80002ffe: 95 3e        	addiw	t4, t4, -27
80003000: f9 96        	srai	a3, a3, 62
80003002: f6 3e        	fld	ft9, 376(sp)
80003004: 63 df 90 3d  	bge	ra, s9, 0x800033e2 <H_real+0x1762>
80003008: 72 3c        	fld	fs8, 312(sp)
8000300a: 78 3c        	fld	fa4, 248(s0)
8000300c: b4 96        	<unknown>
8000300e: bf 3e 87 37  	<unknown>
80003012: be 3e        	fld	ft9, 488(sp)
80003014: 6a f7        	sd	s10, 424(sp)
80003016: 0d 3f        	addiw	t5, t5, -29
80003018: 28 a1        	fsd	fa0, 64(a0)
8000301a: b9 3e        	addiw	t4, t4, -18
8000301c: 12 a1        	fsd	ft4, 128(sp)
8000301e: 10 3e        	fld	fa2, 56(a2)
80003020: c9 2a        	addiw	s5, s5, 18
80003022: 0f 3f 29 38  	<unknown>
80003026: b0 3e        	fld	fa2, 120(a3)
80003028: 25 ac        	j	0x80003260 <H_real+0x15e0>
8000302a: 77 3e f1 ef  	<unknown>
8000302e: 1c 3f        	fld	fa5, 56(a4)
80003030: 5f 96 17 3f  	<unknown>
80003034: 03 04 c4 3e  	lb	s0, 1004(s0)
80003038: 65 cb        	beqz	a4, 0x80003128 <H_real+0x14a8>
8000303a: ce 3e        	fld	ft9, 240(sp)
8000303c: 4c 53        	lw	a1, 36(a4)
8000303e: e9 3e        	addiw	t4, t4, -6
80003040: 0e e2        	sd	gp, 256(sp)
80003042: 49 3e        	addiw	t3, t3, -14
80003044: af 3f 0d 3d  	<unknown>
80003048: 20 34        	fld	fs0, 104(s0)
8000304a: 30 3f        	fld	fa2, 120(a4)
8000304c: e3 61 b1 3e  	bltu	sp, a1, 0x80003c2e <H_real+0x1fae>
80003050: f6 8b        	mv	s7, t4
80003052: 61 3e        	addiw	t3, t3, -8
80003054: 9b 67 69 3e  	<unknown>
80003058: 9b 1a 5c 3e  	<unknown>
8000305c: 18 81        	<unknown>
8000305e: 08 3f        	fld	fa0, 56(a4)
80003060: 71 3b        	addiw	s6, s6, -4
80003062: 02 3f        	fld	ft10, 32(sp)
80003064: 46 ff        	sd	a7, 440(sp)
80003066: 92 3d        	fld	fs11, 288(sp)
80003068: b6 a8        	fsd	fa3, 80(sp)
8000306a: ad 3e        	addiw	t4, t4, -21
8000306c: d6 4a        	lw	s5, 84(sp)
8000306e: 0f 3f 76 eb  	<unknown>
80003072: ce 3b        	fld	fs7, 240(sp)
80003074: 1b 54 ad 3e  	<unknown>
80003078: 05 ca        	beqz	a2, 0x800030a8 <H_real+0x1428>
8000307a: ce 3d        	fld	fs11, 240(sp)
8000307c: 46 80        	c.mv	zero, a7
8000307e: 05 3f        	addiw	t5, t5, -31
80003080: 8e 11        	slli	gp, gp, 35
80003082: 24 3f        	fld	fs1, 120(a4)
80003084: a3 32 7f 3e  	sd	t2, 997(t5)
80003088: fc 29        	fld	fa5, 208(a1)
8000308a: 53 3d c6 4f  	<unknown>
8000308e: e9 3e        	addiw	t4, t4, -6
80003090: 99 9b        	andi	a5, a5, -26
80003092: 41 3e        	addiw	t3, t3, -16
80003094: 19 2b        	addiw	s6, s6, 6
80003096: 0b 3f 04 49  	<unknown>
8000309a: c4 3e        	fld	fs1, 184(a3)
8000309c: 03 27 f8 3e  	lw	a4, 1007(a6)
800030a0: cf 5a d7 3e  	<unknown>
800030a4: 06 b5        	fsd	ft1, 168(sp)
800030a6: ad 3e        	addiw	t4, t4, -21
800030a8: 15 be        	j	0x80002bdc <H_real+0xf5c>
800030aa: 13 3e 42 e2  	sltiu	t3, tp, -476
800030ae: c9 3e        	addiw	t4, t4, -14
800030b0: 04 e6        	sd	s1, 8(a2)
800030b2: e1 3e        	addiw	t4, t4, -8
800030b4: 85 5c        	li	s9, -31
800030b6: 19 3f        	addiw	t5, t5, -26
800030b8: ca 07        	slli	a5, a5, 18
800030ba: 09 3f        	addiw	t5, t5, -30
800030bc: af 80 2f 3f  	<unknown>
800030c0: 1f e6 96 3e  	<unknown>
800030c4: 2b 67 33 3c  	<unknown>
800030c8: 88 d2        	sw	a0, 32(a3)
800030ca: c2 3e        	fld	ft9, 48(sp)
800030cc: 9f eb 05 3f  	<unknown>
800030d0: 93 2c 84 3d  	slti	s9, s0, 984
800030d4: 5e e9        	sd	s7, 144(sp)
800030d6: 9e 3d        	fld	fs11, 480(sp)
800030d8: 0e b2        	fsd	ft3, 288(sp)
800030da: 3f 3e 81 74  	<unknown>
800030de: d0 3e        	fld	fa2, 184(a3)
800030e0: df 6d 19 3f  	<unknown>
800030e4: 81 e1        	bnez	a1, 0x800030e4 <H_real+0x1464>
800030e6: 6b 3e 7c 06  	<unknown>
800030ea: 08 3f        	fld	fa0, 56(a4)
800030ec: 74 09        	addi	a3, sp, 156
800030ee: 7c 3e        	fld	fa5, 248(a2)
800030f0: aa 3f        	fld	ft11, 168(sp)
800030f2: 81 3d        	addiw	s11, s11, -32
800030f4: 8d 41        	li	gp, 3
800030f6: f1 3d        	addiw	s11, s11, -4
800030f8: 5b bd 34 3e  	<unknown>
800030fc: be 8c        	mv	s9, a5
800030fe: 6b 3e 22 dc  	<unknown>
80003102: 21 3e        	addiw	t3, t3, -24
80003104: 31 03        	addi	t1, t1, 12
80003106: a0 3e        	fld	fs0, 120(a3)
80003108: 60 8b        	<unknown>
8000310a: 2e 3e        	fld	ft8, 232(sp)
8000310c: 41 7c        	lui	s8, 1048560
8000310e: 22 3c        	fld	fs8, 40(sp)
80003110: 21 e6        	bnez	a2, 0x80003158 <H_real+0x14d8>
80003112: f4 3e        	fld	fa3, 248(a3)
80003114: 1e eb        	sd	t2, 400(sp)
80003116: 32 3f        	fld	ft10, 296(sp)
80003118: dd b4        	j	0x80002bfe <H_real+0xf7e>
8000311a: d9 3c        	addiw	s9, s9, -10
8000311c: a4 cb        	sw	s1, 80(a5)
8000311e: 87 3e b0 fc  	fld	ft9, -53(zero)
80003122: e3 3d 6f 86  	<unknown>
80003126: 68 3e        	fld	fa0, 248(a2)
80003128: 59 8a        	andi	a2, a2, 22
8000312a: 21 3f        	addiw	t5, t5, -24
8000312c: bd 93        	srli	a5, a5, 47
8000312e: 29 3f        	addiw	t5, t5, -22
80003130: 0b 87 2c 3f  	<unknown>
80003134: f7 dd 9e 3e  	<unknown>
80003138: 30 e1        	sd	a2, 64(a0)
8000313a: 74 3e        	fld	fa3, 248(a2)
8000313c: ee 51        	lw	gp, 248(sp)
8000313e: f3 3e fb e1  	csrrc	t4, 3615, s6
80003142: d0 3e        	fld	fa2, 184(a3)
80003144: cb 9f 90 3c  	<unknown>
80003148: f3 be 92 3e  	csrrc	t4, pmpaddr57, t0
8000314c: 3a f6        	sd	a4, 296(sp)
8000314e: f5 3e        	addiw	t4, t4, -3
80003150: e1 57        	li	a5, -8
80003152: 25 3e        	addiw	t3, t3, -23
80003154: 2f d5 c9 3d  	<unknown>
80003158: ec 1e        	addi	a1, sp, 892
8000315a: 02 3f        	fld	ft10, 32(sp)
8000315c: db da 95 3d  	<unknown>
80003160: 2e d6        	sw	a1, 44(sp)
80003162: ea 3e        	fld	ft9, 184(sp)
80003164: 10 87        	<unknown>
80003166: 2d 3f        	addiw	t5, t5, -21
80003168: b4 d6        	sw	a3, 104(a3)
8000316a: 8c 3e        	fld	fa1, 56(a3)
8000316c: cf 6d 2c 3d  	<unknown>
80003170: 94 5d        	lw	a3, 56(a1)
80003172: a9 3d        	addiw	s11, s11, -22
80003174: 51 04        	addi	s0, s0, 20
80003176: 1f 3e 57 3e  	<unknown>
8000317a: 42 3e        	fld	ft8, 48(sp)
8000317c: 5c 21        	fld	fa5, 128(a0)
8000317e: fb 3e 48 46  	<unknown>
80003182: 27 3e 43 ba  	fsd	ft4, -1092(t1)
80003186: 11 3f        	addiw	t5, t5, -28
80003188: 8d 88        	andi	s1, s1, 3
8000318a: 28 3f        	fld	fa0, 120(a4)
8000318c: d8 6b        	ld	a4, 144(a5)
8000318e: cb 3d da 6e  	<unknown>
80003192: ee 3e        	fld	ft9, 248(sp)
80003194: 8f 9d 2f 3f  	<unknown>
80003198: 72 83        	mv	t1, t3
8000319a: a1 3e        	addiw	t4, t4, -24
8000319c: af 87 09 3f  	<unknown>
800031a0: ce 58        	lw	a7, 240(sp)
800031a2: fe 3e        	fld	ft9, 504(sp)
800031a4: 2a 96        	add	a2, a2, a0
800031a6: 15 3c        	addiw	s8, s8, -27
800031a8: 01 24        	sext.w	s0, s0
800031aa: 9f 3e d6 b2  	<unknown>
800031ae: 06 3f        	fld	ft10, 96(sp)
800031b0: f7 6f 83 3e  	<unknown>
800031b4: 10 69        	ld	a2, 16(a0)
800031b6: d0 3e        	fld	fa2, 184(a3)
800031b8: cd 72        	lui	t0, 1048563
800031ba: c2 3e        	fld	ft9, 48(sp)
800031bc: a4 3c        	fld	fs1, 120(s1)
800031be: c1 3e        	addiw	t4, t4, -16
800031c0: be 33        	fld	ft7, 488(sp)
800031c2: 29 3f        	addiw	t5, t5, -22
800031c4: 1c 2b        	fld	fa5, 16(a4)
800031c6: 34 3f        	fld	fa3, 120(a4)
800031c8: cf ee 08 3f  	<unknown>
800031cc: f3 94 20 3f  	csrrw	s1, 1010, ra
800031d0: 78 df        	sw	a4, 124(a4)
800031d2: 27 3c d1 1e  	fsd	fa3, 504(sp)
800031d6: 14 3d        	fld	fa3, 56(a0)
800031d8: f0 15        	addi	a2, sp, 748
800031da: 6f 3d 68 3f  	jal	s10, 0x800865d0 <timer+0x80490>
800031de: 00 3f        	fld	fs0, 56(a4)
800031e0: 4b 9a 1b 3f  	<unknown>
800031e4: 1c 3a        	fld	fa5, 48(a2)
800031e6: 9a 3d        	fld	fs11, 416(sp)
800031e8: b5 4a        	li	s5, 13
800031ea: d1 3d        	addiw	s11, s11, -12
800031ec: d5 5e        	li	t4, -11
800031ee: 9e 3e        	fld	ft9, 480(sp)
800031f0: 66 27        	fld	fa4, 88(sp)
800031f2: 7a 3d        	fld	fs10, 440(sp)
800031f4: d8 af        	fsd	fa4, 152(a5)
800031f6: 94 3e        	fld	fa3, 56(a3)
800031f8: bc 7e        	ld	a5, 120(a3)
800031fa: 29 3f        	addiw	t5, t5, -22
800031fc: 77 f8 fc 3e  	<unknown>
80003200: ae a4        	fsd	fa1, 72(sp)
80003202: b3 3e eb db  	<unknown>
80003206: 07 3e 62 b9  	fld	ft8, -1130(tp)
8000320a: 98 3e        	fld	fa4, 56(a3)
8000320c: 3a f6        	sd	a4, 296(sp)
8000320e: 07 3f b0 0b  	fld	ft10, 187(zero)
80003212: b0 3d        	fld	fa2, 120(a1)
80003214: 95 5c        	li	s9, -27
80003216: 61 3e        	addiw	t3, t3, -8
80003218: 82 c1        	sw	zero, 192(sp)
8000321a: 39 3b        	addiw	s6, s6, -18
8000321c: 8e 15        	slli	a1, a1, 35
8000321e: 7b 3e 8a 12  	<unknown>
80003222: 34 3f        	fld	fa3, 120(a4)
80003224: fc b7        	fsd	fa5, 232(a5)
80003226: 99 3d        	addiw	s11, s11, -26
80003228: 16 41        	lw	sp, 68(sp)
8000322a: 60 3d        	fld	fs0, 248(a0)
8000322c: 49 97        	srai	a4, a4, 50
8000322e: b4 3e        	fld	fa3, 120(a3)
80003230: 9b 3a 03 3e  	<unknown>
80003234: 2e 4a        	lw	s4, 200(sp)
80003236: 2c 3d        	fld	fa1, 120(a0)
80003238: 20 f6        	sd	s0, 104(a2)
8000323a: 9f 3e 29 b9  	<unknown>
8000323e: 1d 3e        	addiw	t3, t3, -25
80003240: e3 bd 9c 3e  	<unknown>
80003244: 85 38        	addiw	a7, a7, -31
80003246: 57 3e 5d 64  	vmsne.vi	v28, v5, -6, v0.t
8000324a: af 3e 2c aa  	<unknown>
8000324e: 0e 3f        	fld	ft10, 224(sp)
80003250: 10 96        	<unknown>
80003252: 46 3e        	fld	ft8, 112(sp)
80003254: 05 b4        	j	0x80002c74 <H_real+0xff4>
80003256: f0 3e        	fld	fa2, 248(a3)
80003258: 2f a3 af 3e  	<unknown>
8000325c: 79 6d        	lui	s10, 30
8000325e: 8c 3e        	fld	fa1, 56(a3)
80003260: 3d c2        	beqz	a2, 0x800032c6 <H_real+0x1646>
80003262: fa 3e        	fld	ft9, 440(sp)
80003264: 6a df        	sw	s10, 188(sp)
80003266: ec 3e        	fld	fa1, 248(a3)
80003268: d4 8e        	<unknown>
8000326a: 07 3f da 93  	fld	ft10, -1731(s4)
8000326e: ef 3d de 6a  	jal	s11, 0x800e711a <timer+0xe0fda>
80003272: c5 3e        	addiw	t4, t4, -15
80003274: a7 f0 12 3f  	<unknown>
80003278: d6 63        	ld	t2, 336(sp)
8000327a: 80 3e        	fld	fs0, 56(a3)
8000327c: 04 ac        	fsd	fs1, 24(s0)
8000327e: 68 3e        	fld	fa0, 248(a2)
80003280: 6a 8d        	mv	s10, s10
80003282: 8f 3e b6 74  	<unknown>
80003286: 10 3f        	fld	fa2, 56(a4)
80003288: 3b c4 d8 3e  	<unknown>
8000328c: 7e 21        	fld	ft2, 472(sp)
8000328e: 36 3e        	fld	ft8, 360(sp)
80003290: b6 b9        	fsd	fa3, 240(sp)
80003292: 73 3c 8a ba  	csrrc	s8, 2984, s4
80003296: 43 3e c2 e7  	<unknown>
8000329a: fb 3e 4a e8  	<unknown>
8000329e: c1 3d        	addiw	s11, s11, -16
800032a0: 46 fa        	sd	a7, 304(sp)
800032a2: 6c 3e        	fld	fa1, 248(a2)
800032a4: ab db 5b 3d  	<unknown>
800032a8: 75 14        	addi	s0, s0, -3
800032aa: 1f 3f 55 b2  	<unknown>
800032ae: 4d 3e        	addiw	t3, t3, -13
800032b0: 48 7b        	ld	a0, 176(a4)
800032b2: 03 3f e6 7a  	ld	t5, 1966(a2)
800032b6: 32 3f        	fld	ft10, 296(sp)
800032b8: d8 c6        	sw	a4, 12(a3)
800032ba: 1f 3f cf cd  	<unknown>
800032be: 07 3f db f3  	fld	ft10, -195(s6)
800032c2: 22 3f        	fld	ft10, 40(sp)
800032c4: ba 48        	lw	a7, 140(sp)
800032c6: 87 3c a9 7c  	fld	fs9, 1994(s2)
800032ca: f4 3e        	fld	fa3, 248(a3)
800032cc: 72 9e        	add	t3, t3, t3
800032ce: e0 3d        	fld	fs0, 248(a1)
800032d0: 5a 20        	fld	ft0, 400(sp)
800032d2: 87 3e 0b b1  	fld	ft9, -1264(s6)
800032d6: b3 3e fa 92  	<unknown>
800032da: 82 3e        	fld	ft9, 32(sp)
800032dc: aa f5        	sd	a0, 232(sp)
800032de: a7 3e 62 0b  	fsd	fs6, 189(tp)
800032e2: 6f 3e e8 1f  	jal	t3, 0x800864e0 <timer+0x803a0>
800032e6: 44 3e        	fld	fs1, 184(a2)
800032e8: 84 64        	ld	s1, 8(s1)
800032ea: 3b 3e 94 d1  	<unknown>
800032ee: f2 3e        	fld	ft9, 312(sp)
800032f0: b7 1f 29 3f  	lui	t6, 258705
800032f4: 14 70        	ld	a3, 32(s0)
800032f6: 34 3e        	fld	fa3, 120(a2)
800032f8: a4 44        	lw	s1, 72(s1)
800032fa: 80 3e        	fld	fs0, 56(a3)
800032fc: 68 01        	addi	a0, sp, 140
800032fe: 13 3f bf 2b  	sltiu	t5, t5, 699
80003302: 9f 3d 46 01  	<unknown>
80003306: b7 3e 16 f5  	lui	t4, 1003875
8000330a: 13 3f 7b 46  	sltiu	t5, s6, 1127
8000330e: fe 3e        	fld	ft9, 504(sp)
80003310: 24 72        	ld	s1, 96(a2)
80003312: ea 3c        	fld	fs9, 184(sp)
80003314: 68 33        	fld	fa0, 224(a4)
80003316: 97 3e fa d1  	auipc	t4, 860067
8000331a: 29 3e        	addiw	t3, t3, -22
8000331c: 1d 7e        	lui	t3, 1048551
8000331e: b1 3d        	addiw	s11, s11, -20
80003320: fb 1e 00 3e  	<unknown>
80003324: 58 c7        	sw	a4, 12(a4)
80003326: da 3e        	fld	ft9, 432(sp)
80003328: 4d 5a        	li	s4, -13
8000332a: 04 3f        	fld	fs1, 56(a4)
8000332c: 39 cd        	beqz	a0, 0x8000338a <H_real+0x170a>
8000332e: 17 3f 39 c4  	auipc	t5, 803731
80003332: 2d 3d        	addiw	s10, s10, -21
80003334: 2c ba        	fsd	fa1, 112(a2)
80003336: 07 3f 86 e5  	fld	ft10, -424(a2)
8000333a: 33 3e 6c b5  	<unknown>
8000333e: 1a 3f        	fld	ft10, 416(sp)
80003340: d6 c6        	sw	s5, 76(sp)
80003342: 84 3e        	fld	fs1, 56(a3)
80003344: 4a b3        	fsd	fs2, 416(sp)
80003346: f1 3e        	addiw	t4, t4, -4
80003348: d2 00        	slli	ra, ra, 20
8000334a: 7a 3e        	fld	ft8, 440(sp)
8000334c: e4 82        	<unknown>
8000334e: fe 3e        	fld	ft9, 504(sp)
80003350: 06 67        	ld	a4, 64(sp)
80003352: 24 3f        	fld	fs1, 120(a4)
80003354: a8 5b        	lw	a0, 112(a5)
80003356: 8a 3e        	fld	ft9, 160(sp)
80003358: 0a f5        	sd	sp, 168(sp)
8000335a: 94 3c        	fld	fa3, 56(s1)
8000335c: 9e 39        	fld	fs3, 480(sp)
8000335e: 07 3f 67 43  	fld	ft10, 1078(a4)
80003362: d4 3e        	fld	fa3, 184(a3)
80003364: cf 07 e0 3e  	<unknown>
80003368: 8d 29        	addiw	s3, s3, 3
8000336a: c2 3e        	fld	ft9, 48(sp)
8000336c: 7c f0        	sd	a5, 224(s0)
8000336e: 7b 3c fe 01  	<unknown>
80003372: 45 3e        	addiw	t3, t3, -15
80003374: 44 64        	ld	s1, 136(s0)
80003376: 78 3e        	fld	fa4, 248(a2)
80003378: 07 f3 d5 3e  	<unknown>
8000337c: f6 4b        	lw	s7, 92(sp)
8000337e: 39 3e        	addiw	t3, t3, -18
80003380: aa c9        	sw	a0, 208(sp)
80003382: 35 3e        	addiw	t3, t3, -19
80003384: 7e 06        	slli	a2, a2, 31
80003386: ed 3a        	addiw	s5, s5, -5
80003388: bd 7f        	lui	t6, 1048559
8000338a: 7e 3e        	fld	ft8, 504(sp)
8000338c: cb 83 2f 3f  	<unknown>
80003390: 19 48        	li	a6, 6
80003392: 18 3f        	fld	fa4, 56(a4)
80003394: 46 68        	ld	a6, 80(sp)
80003396: d6 3d        	fld	fs11, 368(sp)
80003398: 6c 02        	addi	a1, sp, 268
8000339a: 03 3f 1f 6a  	ld	t5, 1697(t5)
8000339e: 10 3e        	fld	fa2, 56(a2)
800033a0: 3e 68        	ld	a6, 456(sp)
800033a2: 7a 3e        	fld	ft8, 440(sp)
800033a4: 85 76        	lui	a3, 1048545
800033a6: 32 3f        	fld	ft10, 296(sp)
800033a8: 24 be        	fsd	fs1, 120(a2)
800033aa: 1c 3f        	fld	fa5, 56(a4)
800033ac: bb 77 f3 3e  	<unknown>
800033b0: c4 9a        	<unknown>
800033b2: 25 3f        	addiw	t5, t5, -23
800033b4: 6b 32 9c 3e  	<unknown>
800033b8: 8d d3        	beqz	a5, 0x800032da <H_real+0x165a>
800033ba: 18 3e        	fld	fa4, 56(a2)
800033bc: c4 98        	<unknown>
800033be: 04 3e        	fld	fs1, 56(a2)
800033c0: 49 80        	srli	s0, s0, 18
800033c2: 0e 3d        	fld	fs10, 224(sp)
800033c4: be 4b        	lw	s7, 204(sp)
800033c6: 13 3f 97 9c  	sltiu	t5, a4, -1591
800033ca: 09 3f        	addiw	t5, t5, -30
800033cc: df dc 08 3e  	<unknown>
800033d0: cd 70        	lui	ra, 1048563
800033d2: 70 3e        	fld	fa2, 248(a2)
800033d4: 1e e6        	sd	t2, 264(sp)
800033d6: 34 3f        	fld	fa3, 120(a4)
800033d8: 0e ba        	fsd	ft3, 304(sp)
800033da: a4 3e        	fld	fs1, 120(a3)
800033dc: 87 8d 2d 3e  	<unknown>
800033e0: af a1 2b 3d  	<unknown>
800033e4: 59 9b        	andi	a4, a4, -10
800033e6: c9 3e        	addiw	t4, t4, -14
800033e8: c4 3c        	fld	fs1, 184(s1)
800033ea: 5a 3e        	fld	ft8, 432(sp)
800033ec: df a1 a0 3e  	<unknown>
800033f0: 3c 69        	ld	a5, 80(a0)
800033f2: d3 3e 29 4d  	<unknown>
800033f6: 26 3f        	fld	ft10, 104(sp)
800033f8: 28 cd        	sw	a0, 88(a0)
800033fa: 20 3f        	fld	fs0, 120(a4)
800033fc: 72 fa        	sd	t3, 304(sp)
800033fe: 27 3f 3c 05  	fsd	fs3, 94(s8)
80003402: 76 3e        	fld	ft8, 376(sp)
80003404: 2f e9 00 3f  	<unknown>
80003408: 96 fd        	sd	t0, 248(sp)
8000340a: 0e 3f        	fld	ft10, 224(sp)
8000340c: 2e e2        	sd	a1, 256(sp)
8000340e: 29 3f        	addiw	t5, t5, -22
80003410: 19 1a        	addi	s4, s4, -26
80003412: d1 3e        	addiw	t4, t4, -12
80003414: 35 b4        	j	0x80002e40 <H_real+0x11c0>
80003416: 7a 3e        	fld	ft8, 440(sp)
80003418: 66 8f        	mv	t5, s9
8000341a: cd 3e        	addiw	t4, t4, -13
8000341c: 42 db        	sw	a6, 180(sp)
8000341e: 82 3e        	fld	ft9, 32(sp)
80003420: 0e 1b        	slli	s6, s6, 35
80003422: a3 3e bd 8e  	sd	a1, -1795(s10)
80003426: 0e 3f        	fld	ft10, 224(sp)
80003428: 92 d2        	sw	tp, 100(sp)
8000342a: 1c 3e        	fld	fa5, 56(a2)
8000342c: dc d0        	sw	a5, 36(s1)
8000342e: bf 3e c3 2c  	<unknown>
80003432: 56 3e        	fld	ft8, 368(sp)
80003434: c0 37        	fld	fs0, 168(a5)
80003436: b8 3e        	fld	fa4, 120(a3)
80003438: b6 18        	slli	a7, a7, 45
8000343a: 90 3e        	fld	fa2, 56(a3)
8000343c: 45 46        	li	a2, 17
8000343e: 04 3f        	fld	fs1, 56(a4)
80003440: 80 bd        	fsd	fs0, 56(a1)
80003442: b0 3e        	fld	fa2, 120(a3)
80003444: f1 f6        	bnez	a3, 0x80003410 <H_real+0x1790>
80003446: b1 3e        	addiw	t4, t4, -20
80003448: c2 d6        	sw	a6, 108(sp)
8000344a: 01 3e        	addiw	t3, t3, -32
8000344c: 1f 79 a5 3e  	<unknown>
80003450: ba b4        	fsd	fa4, 104(sp)
80003452: fc 3e        	fld	fa5, 248(a3)
80003454: d2 41        	lw	gp, 20(sp)
80003456: 0b 3f d0 a7  	<unknown>
8000345a: 0e 3f        	fld	ft10, 224(sp)
8000345c: 4a 13        	slli	t1, t1, 50
8000345e: 46 3d        	fld	fs10, 112(sp)
80003460: 58 cb        	sw	a4, 20(a4)
80003462: c8 3d        	fld	fa0, 184(a1)
80003464: d0 54        	lw	a2, 44(s1)
80003466: f8 3e        	fld	fa4, 248(a3)
80003468: 5a 0d        	slli	s10, s10, 22
8000346a: 23 3f 85 42  	sd	s0, 1086(a0)
8000346e: 8e 3e        	fld	ft9, 224(sp)
80003470: e0 b8        	fsd	fs0, 240(s1)
80003472: 7c 3e        	fld	fa5, 248(a2)
80003474: 58 b0        	fsd	fa4, 160(s0)
80003476: 59 3d        	addiw	s10, s10, -10
80003478: 6c 6c        	ld	a1, 216(s0)
8000347a: 5a 3e        	fld	ft8, 432(sp)
8000347c: b5 27        	addiw	a5, a5, 13
8000347e: 4d 3e        	addiw	t3, t3, -13
80003480: 44 85        	<unknown>
80003482: 5f 3d 6c 50  	<unknown>
80003486: 01 3f        	addiw	t5, t5, -32
80003488: 8d db        	beqz	a5, 0x800033ba <H_real+0x173a>
8000348a: 90 3d        	fld	fa2, 56(a1)
8000348c: a8 fd        	sd	a0, 120(a1)
8000348e: 1a 3f        	fld	ft10, 416(sp)
80003490: 63 e1 05 3f  	bltu	a1, a6, 0x80003872 <H_real+0x1bf2>
80003494: fd 63        	lui	t2, 31
80003496: 18 3d        	fld	fa4, 56(a0)
80003498: 7a 61        	ld	sp, 408(sp)
8000349a: 25 3f        	addiw	t5, t5, -23
8000349c: 69 1c        	addi	s8, s8, -6
8000349e: 5d 3e        	addiw	t3, t3, -9
800034a0: 68 4e        	lw	a0, 92(a2)
800034a2: 47 3e bc 11  	fmsub.s	ft8, fs8, fs11, ft2, rup
800034a6: ee 3c        	fld	fs9, 248(sp)
800034a8: d2 45        	lw	a1, 20(sp)
800034aa: b4 3c        	fld	fa3, 120(s1)
800034ac: 08 d0        	sw	a0, 32(s0)
800034ae: d4 3e        	fld	fa3, 184(a3)
800034b0: ee 07        	slli	a5, a5, 27
800034b2: eb 3e 3f 40  	<unknown>
800034b6: 5e 3e        	fld	ft8, 496(sp)
800034b8: 22 16        	slli	a2, a2, 40
800034ba: 33 3f 49 6d  	<unknown>
800034be: 9d 3c        	addiw	s9, s9, -25
800034c0: d6 58        	lw	a7, 116(sp)
800034c2: f1 3d        	addiw	s11, s11, -4
800034c4: d7 5c 24 3f  	vfslide1down.vf	v25, v18, fs0
800034c8: 9c 34        	fld	fa5, 40(s1)
800034ca: bf 3e b3 01  	<unknown>
800034ce: ed 3d        	addiw	s11, s11, -5
800034d0: ad 1f        	addi	t6, t6, -21
800034d2: 70 3e        	fld	fa2, 248(a2)
800034d4: 24 dc        	sw	s1, 120(s0)
800034d6: 96 3d        	fld	fs11, 352(sp)
800034d8: 32 c9        	sw	a2, 144(sp)
800034da: b0 3e        	fld	fa2, 120(a3)
800034dc: 97 40 ba 3e  	auipc	ra, 256932
800034e0: d7 ec 2f 3f  	vslide1down.vx	v25, v18, t6
800034e4: 40 b0        	fsd	fs0, 160(s0)
800034e6: 95 3b        	addiw	s7, s7, -27
800034e8: 28 91        	<unknown>
800034ea: b7 3e 00 59  	lui	t4, 364547
800034ee: f8 3e        	fld	fa4, 248(a3)
800034f0: c2 6e        	ld	t4, 16(sp)
800034f2: a6 3d        	fld	fs11, 104(sp)
800034f4: 7e ab        	fsd	ft11, 400(sp)
800034f6: 70 3e        	fld	fa2, 248(a2)
800034f8: 90 6f        	ld	a2, 24(a5)
800034fa: b9 3e        	addiw	t4, t4, -18
800034fc: 04 31        	fld	fs1, 32(a0)
800034fe: 09 3f        	addiw	t5, t5, -30
80003500: 97 60 e4 3e  	auipc	ra, 257606
80003504: c2 d7        	sw	a6, 236(sp)
80003506: 83 3e 2c eb  	ld	t4, -334(s8)
8000350a: 26 3d        	fld	fs10, 104(sp)
8000350c: 9c d8        	sw	a5, 48(s1)
8000350e: e8 3e        	fld	fa0, 248(a3)
80003510: 04 36        	fld	fs1, 40(a2)
80003512: 26 3f        	fld	ft10, 104(sp)
80003514: 02 de        	sw	zero, 60(sp)
80003516: 2b 3f fd b6  	<unknown>
8000351a: 2a 3e        	fld	ft8, 168(sp)
8000351c: 62 08        	slli	a6, a6, 24
8000351e: d1 3e        	addiw	t4, t4, -12
80003520: cc 32        	fld	fa1, 160(a3)
80003522: ab 3e 6c d4  	<unknown>
80003526: c8 3e        	fld	fa0, 184(a3)
80003528: 38 58        	lw	a4, 112(s0)
8000352a: 02 3f        	fld	ft10, 32(sp)
8000352c: 46 85        	mv	a0, a7
8000352e: 05 3f        	addiw	t5, t5, -31
80003530: 8f b9 fd 3e  	<unknown>
80003534: 57 fe 28 3f  	vsetvli	t3, a7, 1010
80003538: 73 fd 03 3f  	csrrci	s10, 1008, 7
8000353c: 7e e3        	sd	t6, 384(sp)
8000353e: a9 3e        	addiw	t4, t4, -22
80003540: 62 f1        	sd	s8, 160(sp)
80003542: 01 3d        	addiw	s10, s10, -32
80003544: df e7 eb 3e  	<unknown>
80003548: c8 b2        	fsd	fa0, 160(a3)
8000354a: ee 3e        	fld	ft9, 248(sp)
8000354c: 42 c3        	sw	a6, 132(sp)
8000354e: fe 3d        	fld	fs11, 504(sp)
80003550: 13 91 29 3f  	<unknown>
80003554: 4f af f5 3e  	<unknown>
80003558: 3b 18 26 3e  	<unknown>
8000355c: 90 3c        	fld	fa2, 56(s1)
8000355e: 03 3f 31 8a  	ld	t5, -1885(sp)
80003562: 2e 3e        	fld	ft8, 232(sp)
80003564: 29 09        	addi	s2, s2, 10
80003566: 16 3e        	fld	ft8, 352(sp)
80003568: 33 01 54 3e  	<unknown>
8000356c: 52 38        	fld	fa6, 304(sp)
8000356e: 00 3e        	fld	fs0, 56(a2)
80003570: 4a 37        	fld	fa4, 176(sp)
80003572: b0 3e        	fld	fa2, 120(a3)
80003574: 41 e8        	bnez	s0, 0x80003604 <H_real+0x1984>
80003576: e1 3e        	addiw	t4, t4, -8
80003578: 3f 0a bf 3e  	<unknown>
8000357c: d4 0d        	addi	a3, sp, 724
8000357e: 1a 3f        	fld	ft10, 416(sp)
80003580: a0 f6        	sd	s0, 104(a3)
80003582: 11 3f        	addiw	t5, t5, -28
80003584: 05 af        	j	0x80003cb4 <H_imag+0x34>
80003586: a0 3e        	fld	fs0, 120(a3)
80003588: 50 a8        	fsd	fa2, 144(s0)
8000358a: 2e 3f        	fld	ft10, 232(sp)
8000358c: 7e 51        	lw	sp, 252(sp)
8000358e: 5f 3e d2 fc  	<unknown>
80003592: eb 3e bc cd  	<unknown>
80003596: 28 3d        	fld	fa0, 120(a0)
80003598: ce 67        	ld	a5, 208(sp)
8000359a: 85 3e        	addiw	t4, t4, -31
8000359c: c2 3d        	fld	fs11, 48(sp)
8000359e: 09 3f        	addiw	t5, t5, -30
800035a0: 33 31 9d 3e  	<unknown>
800035a4: 7b cb ae 3e  	<unknown>
800035a8: 59 d7        	beqz	a4, 0x80003536 <H_real+0x18b6>
800035aa: 27 3f 96 71  	fsd	fs9, 1822(a2)
800035ae: c7 3e 11 4d  	<unknown>
800035b2: 37 3d 0b 07  	lui	s10, 28851
800035b6: 26 3d        	fld	fs10, 104(sp)
800035b8: 04 d4        	sw	s1, 40(s0)
800035ba: 50 3e        	fld	fa2, 184(a2)
800035bc: ac a5        	fsd	fa1, 72(a1)
800035be: 98 3e        	fld	fa4, 56(a3)
800035c0: 4a c6        	sw	s2, 12(sp)
800035c2: 80 3e        	fld	fs0, 56(a3)
800035c4: 6a be        	fsd	fs10, 312(sp)
800035c6: b0 3e        	fld	fa2, 120(a3)
800035c8: 28 2f        	fld	fa0, 88(a4)
800035ca: 20 3f        	fld	fs0, 120(a4)
800035cc: 60 d2        	sw	s0, 100(a2)
800035ce: b6 3e        	fld	ft9, 360(sp)
800035d0: 96 a3        	fsd	ft5, 448(sp)
800035d2: 09 3f        	addiw	t5, t5, -30
800035d4: 0a c4        	sw	sp, 8(sp)
800035d6: 1f 3f 2e ce  	<unknown>
800035da: 32 3f        	fld	ft10, 296(sp)
800035dc: 9b 55 ba 3e  	<unknown>
800035e0: 4a 3b        	fld	fs6, 176(sp)
800035e2: 9a 3c        	fld	fs9, 416(sp)
800035e4: 66 e8        	sd	s9, 16(sp)
800035e6: b7 3d fe 7f  	lui	s11, 524259
800035ea: 88 3e        	fld	fa0, 56(a3)
800035ec: d9 cb        	beqz	a5, 0x80003682 <H_real+0x1a02>
800035ee: f4 3e        	fld	fa3, 248(a3)
800035f0: 19 5d        	li	s10, -26
800035f2: 19 3e        	addiw	t3, t3, -26
800035f4: 96 d0        	sw	t0, 96(sp)
800035f6: 0a 3f        	fld	ft10, 160(sp)
800035f8: 57 db dc 3e  	vfslide1down.vf	v22, v13, fs9
800035fc: 32 55        	lw	a0, 44(sp)
800035fe: 12 3e        	fld	ft8, 288(sp)
80003600: 40 7d        	ld	s0, 184(a0)
80003602: 28 3f        	fld	fa0, 120(a4)
80003604: af bc fe 3e  	<unknown>
80003608: 4b 01 a0 3e  	<unknown>
8000360c: 64 04        	addi	s1, sp, 524
8000360e: fa 3e        	fld	ft9, 440(sp)
80003610: 43 2c d8 3e  	<unknown>
80003614: 66 67        	ld	a4, 88(sp)
80003616: 0d 3f        	addiw	t5, t5, -29
80003618: 3c 78        	ld	a5, 112(s0)
8000361a: 58 3d        	fld	fa4, 184(a0)
8000361c: 25 1f        	addi	t5, t5, -23
8000361e: 98 3d        	fld	fa4, 56(a1)
80003620: a5 93        	srli	a5, a5, 41
80003622: 25 3f        	addiw	t5, t5, -23
80003624: 0d a8        	j	0x80003656 <H_real+0x19d6>
80003626: cf 3e 2d 0c  	<unknown>
8000362a: f6 3d        	fld	fs11, 376(sp)
8000362c: c4 0c        	addi	s1, sp, 596
8000362e: 0f 3f 63 56  	<unknown>
80003632: 0a 3f        	fld	ft10, 160(sp)
80003634: 17 b3 b9 3e  	auipc	t1, 256923
80003638: e1 18        	addi	a7, a7, -8
8000363a: c8 3e        	fld	fa0, 184(a3)
8000363c: d2 be        	fsd	fs4, 376(sp)
8000363e: 00 3f        	fld	fs0, 56(a4)
80003640: 66 4c        	lw	s8, 88(sp)
80003642: ae 3e        	fld	ft9, 232(sp)
80003644: fb 7a 30 3f  	<unknown>
80003648: ef 7a 18 3f  	jal	s5, 0x8008b238 <timer+0x850f8>
8000364c: 13 e6 34 3e  	ori	a2, s1, 995
80003650: 25 be        	j	0x80003188 <H_real+0x1508>
80003652: 26 3d        	fld	fs10, 104(sp)
80003654: 8f ab 0f 3d  	<unknown>
80003658: 13 fa 34 3d  	andi	s4, s1, 979
8000365c: 75 aa        	j	0x80003818 <H_real+0x1b98>
8000365e: 21 3c        	addiw	s8, s8, -24
80003660: d6 3b        	fld	fs7, 368(sp)
80003662: ee 3e        	fld	ft9, 248(sp)
80003664: 52 f8        	sd	s4, 48(sp)
80003666: 63 3e d5 6d  	<unknown>
8000366a: fb 3e 83 0d  	<unknown>
8000366e: cc 3d        	fld	fa1, 184(a1)
80003670: 55 dd        	beqz	a0, 0x8000362c <H_real+0x19ac>
80003672: 1e 3f        	fld	ft10, 480(sp)
80003674: fb 92 75 3e  	<unknown>
80003678: 17 c8 09 3f  	auipc	a6, 258204
8000367c: 34 04        	addi	a3, sp, 520
8000367e: b9 3d        	addiw	s11, s11, -18
80003680: 67 60 20 3f  	<unknown>
80003684: 30 d1        	sw	a2, 96(a0)
80003686: 08 3f        	fld	fa0, 56(a4)
80003688: 4f 66 07 3e  	<unknown>
8000368c: 5f 63 4a 3e  	<unknown>
80003690: db c0 9c 3d  	<unknown>
80003694: 07 e6 af 3c  	<unknown>
80003698: 78 55        	lw	a4, 108(a0)
8000369a: 36 3e        	fld	ft8, 360(sp)
8000369c: b4 74        	ld	a3, 104(s1)
8000369e: 02 3f        	fld	ft10, 32(sp)
800036a0: eb d2 e6 3e  	<unknown>
800036a4: e7 03 ab 3e  	jalr	t2, 1002(s6)
800036a8: b0 64        	ld	a2, 72(s1)
800036aa: 31 3e        	addiw	t3, t3, -20
800036ac: ba 38        	fld	fa7, 424(sp)
800036ae: 27 3f 34 38  	fsd	ft3, 926(s0)
800036b2: a9 3e        	addiw	t4, t4, -22
800036b4: 6c 4b        	lw	a1, 84(a4)
800036b6: bc 3e        	fld	fa5, 120(a3)
800036b8: 85 a8        	j	0x80003728 <H_real+0x1aa8>
800036ba: da 3e        	fld	ft9, 432(sp)
800036bc: f3 5b 2f 3f  	csrrwi	s7, 1010, 30
800036c0: e8 65        	ld	a0, 200(a1)
800036c2: d1 3e        	addiw	t4, t4, -12
800036c4: b4 62        	ld	a3, 64(a3)
800036c6: 31 3f        	addiw	t5, t5, -20
800036c8: f4 e8        	sd	a3, 208(s1)
800036ca: 31 3e        	addiw	t3, t3, -20
800036cc: 0a b2        	fsd	ft2, 288(sp)
800036ce: f4 3e        	fld	fa3, 248(a3)
800036d0: d9 d1        	beqz	a1, 0x80003656 <H_real+0x19d6>
800036d2: 34 3f        	fld	fa3, 120(a4)
800036d4: 2e 2a        	fld	fs4, 200(sp)
800036d6: 8c 3e        	fld	fa1, 56(a3)
800036d8: 5b 29 63 3e  	<unknown>
800036dc: d7 db 33 3f  	vfslide1down.vf	v23, v19, ft7
800036e0: 62 cf        	sw	s8, 156(sp)
800036e2: e2 3e        	fld	ft9, 56(sp)
800036e4: 7b 18 0d 3f  	<unknown>
800036e8: 30 b2        	fsd	fa2, 96(a2)
800036ea: 48 3e        	fld	fa0, 184(a2)
800036ec: a5 73        	lui	t2, 1048553
800036ee: 0e 3e        	fld	ft8, 224(sp)
800036f0: 86 dc        	sw	ra, 120(sp)
800036f2: f2 3c        	fld	fs9, 312(sp)
800036f4: 46 00        	c.slli	zero, 17
800036f6: 9c 3d        	fld	fa5, 56(a1)
800036f8: ed 9f        	<unknown>
800036fa: 05 3d        	addiw	s10, s10, -31
800036fc: e3 6d 32 3f  	bltu	tp, s3, 0x800042f6 <H_imag+0x676>
80003700: 37 0a cb 3e  	lui	s4, 257200
80003704: ba c3        	sw	a4, 196(sp)
80003706: 5f 3d 9d b2  	<unknown>
8000370a: 19 3e        	addiw	t3, t3, -26
8000370c: d0 cb        	sw	a2, 20(a5)
8000370e: 9e 3d        	fld	fs11, 480(sp)
80003710: 39 2e        	addiw	t3, t3, 14
80003712: 82 3e        	fld	ft9, 32(sp)
80003714: 65 ee        	bnez	a2, 0x8000380c <H_real+0x1b8c>
80003716: b4 3d        	fld	fa3, 120(a1)
80003718: ba 02        	slli	t0, t0, 14
8000371a: 93 3e 2a e4  	sltiu	t4, s4, -446
8000371e: cf 3d 94 48  	fnmadd.s	fs11, fs0, fs1, fs1, rup
80003722: 37 3e cb 96  	lui	t3, 617651
80003726: 5c 3e        	fld	fa5, 184(a2)
80003728: d5 ae        	j	0x80003b1c <H_real+0x1e9c>
8000372a: 0a 3f        	fld	ft10, 160(sp)
8000372c: dd 97        	srai	a5, a5, 55
8000372e: b3 3c ef 78  	<unknown>
80003732: 40 3d        	fld	fs0, 184(a0)
80003734: d7 ae 1a 3f  	<unknown>
80003738: cd ec        	bnez	s1, 0x800037f2 <H_real+0x1b72>
8000373a: 96 3d        	fld	fs11, 352(sp)
8000373c: da a5        	fsd	fs6, 200(sp)
8000373e: fb 3e 62 06  	<unknown>
80003742: 23 3f 2e 1c  	sd	sp, 478(t3)
80003746: 0a 3f        	fld	ft10, 160(sp)
80003748: 4e 1c        	slli	s8, s8, 51
8000374a: 23 3f ad 0b  	sd	s10, 190(s10)
8000374e: d8 3e        	fld	fa4, 184(a3)
80003750: f9 72        	lui	t0, 1048574
80003752: ed 3e        	addiw	t4, t4, -5
80003754: 6d 3e        	addiw	t3, t3, -5
80003756: 86 3e        	fld	ft9, 96(sp)
80003758: b8 6e        	ld	a4, 88(a3)
8000375a: a5 3e        	addiw	t4, t4, -23
8000375c: 93 d1 ae 3e  	<unknown>
80003760: db b9 2e 3f  	<unknown>
80003764: d6 07        	slli	a5, a5, 21
80003766: 1c 3e        	fld	fa5, 56(a2)
80003768: 4f f7 fb 3d  	<unknown>
8000376c: 0a e2        	sd	sp, 256(sp)
8000376e: c5 3e        	addiw	t4, t4, -15
80003770: 82 6c        	ld	s9, 0(sp)
80003772: 05 3f        	addiw	t5, t5, -31
80003774: 25 b1        	j	0x8000339c <H_real+0x171c>
80003776: 84 3e        	fld	fs1, 56(a3)
80003778: bd f8        	bnez	s1, 0x800036ee <H_real+0x1a6e>
8000377a: 2e 3e        	fld	ft8, 232(sp)
8000377c: cb 37 2d 3e  	<unknown>
80003780: 17 4e f2 3d  	auipc	t3, 253732
80003784: 17 7c f9 3e  	auipc	s8, 257943
80003788: e0 bd        	fsd	fs0, 248(a1)
8000378a: f1 3e        	addiw	t4, t4, -4
8000378c: ef 83 06 3f  	jal	t2, 0x8006bb7c <timer+0x65a3c>
80003790: 39 e6        	bnez	a2, 0x800037de <H_real+0x1b5e>
80003792: 65 3d        	addiw	s10, s10, -7
80003794: 79 2b        	addiw	s6, s6, 30
80003796: e4 3c        	fld	fs1, 248(s1)
80003798: f1 0e        	addi	t4, t4, 28
8000379a: aa 3e        	fld	ft9, 168(sp)
8000379c: e7 2a 29 3e  	<unknown>
800037a0: 0b 88 e7 3e  	<unknown>
800037a4: 70 45        	lw	a2, 76(a0)
800037a6: 52 3e        	fld	ft8, 304(sp)
800037a8: a4 9a        	<unknown>
800037aa: 19 3f        	addiw	t5, t5, -26
800037ac: 84 ae        	fsd	fs1, 24(a3)
800037ae: 4e 3d        	fld	fs10, 240(sp)
800037b0: 7c d0        	sw	a5, 100(s0)
800037b2: 95 3e        	addiw	t4, t4, -27
800037b4: 3f 3a 1d 3f  	<unknown>
800037b8: 4d 60        	c.lui	zero, 19
800037ba: e9 3d        	addiw	s11, s11, -6
800037bc: 3e 09        	slli	s2, s2, 15
800037be: 29 3d        	addiw	s10, s10, -22
800037c0: 8d 86        	srai	a3, a3, 3
800037c2: 81 3d        	addiw	s11, s11, -32
800037c4: 66 a6        	fsd	fs9, 264(sp)
800037c6: d3 3e 12 76  	<unknown>
800037ca: 65 3e        	addiw	t3, t3, -7
800037cc: f6 a3        	fsd	ft9, 448(sp)
800037ce: 25 3f        	addiw	t5, t5, -23
800037d0: 40 3b        	fld	fs0, 176(a4)
800037d2: 48 3e        	fld	fa0, 184(a2)
800037d4: 96 e3        	sd	t0, 448(sp)
800037d6: de 3d        	fld	fs11, 496(sp)
800037d8: a1 f1        	bnez	a1, 0x80003718 <H_real+0x1a98>
800037da: c9 3c        	addiw	s9, s9, -14
800037dc: 3d 0c        	addi	s8, s8, 15
800037de: 9a 3e        	fld	ft9, 416(sp)
800037e0: c3 cc b2 3e  	<unknown>
800037e4: 5d 06        	addi	a2, a2, 23
800037e6: 54 3c        	fld	fa3, 184(s0)
800037e8: db fc 8e 3e  	<unknown>
800037ec: 9c e7        	sd	a5, 8(a5)
800037ee: 29 3f        	addiw	t5, t5, -22
800037f0: 3c 3b        	fld	fa5, 112(a4)
800037f2: 7c 3e        	fld	fa5, 248(a2)
800037f4: 47 4a 0d 3e  	<unknown>
800037f8: 56 3c        	fld	fs8, 368(sp)
800037fa: 16 3e        	fld	ft8, 352(sp)
800037fc: a9 14        	addi	s1, s1, -22
800037fe: 22 3f        	fld	ft10, 40(sp)
80003800: c7 fd 1a 3e  	<unknown>
80003804: 7e a1        	fsd	ft11, 128(sp)
80003806: 18 3e        	fld	fa4, 56(a2)
80003808: 46 d9        	sw	a7, 176(sp)
8000380a: 7e 3e        	fld	ft8, 504(sp)
8000380c: f4 1f        	addi	a3, sp, 1020
8000380e: 10 3e        	fld	fa2, 56(a2)
80003810: e0 33        	fld	fs0, 224(a5)
80003812: 92 3e        	fld	ft9, 288(sp)
80003814: 26 2d        	fld	fs10, 72(sp)
80003816: 80 3e        	fld	fs0, 56(a3)
80003818: 94 7e        	ld	a3, 56(a3)
8000381a: 3c 3d        	fld	fa5, 120(a0)
8000381c: 91 8b        	andi	a5, a5, 4
8000381e: 8e 3e        	fld	ft9, 224(sp)
80003820: 94 a8        	fsd	fa3, 16(s1)
80003822: 66 3e        	fld	ft8, 120(sp)
80003824: a3 73 09 3e  	<unknown>
80003828: cf 86 4c 3d  	<unknown>
8000382c: cd 83        	srli	a5, a5, 19
8000382e: 20 3f        	fld	fs0, 120(a4)
80003830: 6d eb        	bnez	a4, 0x80003922 <H_real+0x1ca2>
80003832: c3 3e 66 38  	fmadd.s	ft9, fa2, ft6, ft7, rup
80003836: 83 3e d5 d4  	ld	t4, -691(a0)
8000383a: 4e 3e        	fld	ft8, 240(sp)
8000383c: 9a ad        	fsd	ft6, 216(sp)
8000383e: 45 3e        	addiw	t3, t3, -15
80003840: 11 90        	srli	s0, s0, 36
80003842: da 3e        	fld	ft9, 432(sp)
80003844: 5f 0c 9f 3e  	<unknown>
80003848: e9 b3        	j	0x80003612 <H_real+0x1992>
8000384a: 60 3e        	fld	fs0, 248(a2)
8000384c: 57 79 46 3e  	vsetvli	s2, a2, 996
80003850: 87 4f 44 3e  	<unknown>
80003854: 4b 41 24 3f  	<unknown>
80003858: df 4d dc 3b  	<unknown>
8000385c: cb 32 b6 3e  	<unknown>
80003860: 32 01        	slli	sp, sp, 12
80003862: 93 3e 8a 17  	sltiu	t4, s4, 376
80003866: 2b 3f 99 eb  	<unknown>
8000386a: c0 3e        	fld	fs0, 184(a3)
8000386c: 6c 2d        	fld	fa1, 216(a0)
8000386e: 46 3e        	fld	ft8, 112(sp)
80003870: 30 6f        	ld	a2, 88(a4)
80003872: ba 3e        	fld	ft9, 424(sp)
80003874: 86 33        	fld	ft7, 96(sp)
80003876: af 3e df b3  	<unknown>
8000387a: 26 3f        	fld	ft10, 104(sp)
8000387c: 1e 55        	lw	a0, 228(sp)
8000387e: 4a 3e        	fld	ft8, 176(sp)
80003880: 90 d4        	sw	a2, 40(s1)
80003882: 04 3f        	fld	fs1, 56(a4)
80003884: d3 6b 04 3f  	<unknown>
80003888: 9e 01        	slli	gp, gp, 7
8000388a: 34 3f        	fld	fa3, 120(a4)
8000388c: ea d4        	sw	s10, 104(sp)
8000388e: ac 3e        	fld	fa1, 120(a3)
80003890: ca 4b        	lw	s7, 144(sp)
80003892: 91 3e        	addiw	t4, t4, -28
80003894: 0a ad        	fsd	ft2, 152(sp)
80003896: 22 3f        	fld	ft10, 40(sp)
80003898: 56 13        	slli	t1, t1, 53
8000389a: 99 3d        	addiw	s11, s11, -26
8000389c: 3a fb        	sd	a4, 432(sp)
8000389e: 14 3d        	fld	fa3, 56(a0)
800038a0: 70 96        	<unknown>
800038a2: c9 3e        	addiw	t4, t4, -14
800038a4: 90 68        	ld	a2, 16(s1)
800038a6: bd 3e        	addiw	t4, t4, -17
800038a8: e6 e0        	sd	s9, 64(sp)
800038aa: b6 3e        	fld	ft9, 360(sp)
800038ac: af cf 6c 3e  	<unknown>
800038b0: a0 4b        	lw	s0, 80(a5)
800038b2: cf 3e 62 85  	<unknown>
800038b6: ee 3e        	fld	ft9, 248(sp)
800038b8: c4 cd        	sw	s1, 28(a1)
800038ba: db 3e bb 32  	<unknown>
800038be: b5 3d        	addiw	s11, s11, -19
800038c0: ec 95        	<unknown>
800038c2: 94 3e        	fld	fa3, 56(a3)
800038c4: 52 b6        	fsd	fs4, 296(sp)
800038c6: 92 3e        	fld	ft9, 288(sp)
800038c8: 99 f4        	bnez	s1, 0x800037d6 <H_real+0x1b56>
800038ca: d0 3e        	fld	fa2, 184(a3)
800038cc: 54 16        	addi	a3, sp, 804
800038ce: 81 3e        	addiw	t4, t4, -32
800038d0: b0 46        	lw	a2, 72(a3)
800038d2: 01 3f        	addiw	t5, t5, -32
800038d4: 45 81        	srli	a0, a0, 17
800038d6: 80 3e        	fld	fs0, 56(a3)
800038d8: 1b 43 bc 3e  	<unknown>
800038dc: 76 58        	lw	a6, 124(sp)
800038de: fd 3e        	addiw	t4, t4, -1
800038e0: 63 23 48 3e  	<unknown>
800038e4: 29 82        	srli	a2, a2, 10
800038e6: 9a 3d        	fld	fs11, 416(sp)
800038e8: 64 b8        	fsd	fs1, 240(s0)
800038ea: 1e 3f        	fld	ft10, 480(sp)
800038ec: 16 07        	slli	a4, a4, 5
800038ee: 2f 3f 07 80  	amomin.d	t5, zero, (a4)
800038f2: 9d 3e        	addiw	t4, t4, -25
800038f4: 2e 11        	slli	sp, sp, 43
800038f6: 7b 3e dd 9d  	<unknown>
800038fa: cd 3c        	addiw	s9, s9, -13
800038fc: f8 bc        	fsd	fa4, 248(s1)
800038fe: c4 3e        	fld	fs1, 184(a3)
80003900: 09 4b        	li	s6, 2
80003902: f7 3d f2 be  	<unknown>
80003906: 7d 3e        	addiw	t3, t3, -1
80003908: b9 f5        	bnez	a1, 0x80003856 <H_real+0x1bd6>
8000390a: d4 3e        	fld	fa3, 184(a3)
8000390c: 73 84 c1 3e  	<unknown>
80003910: 58 f5        	sd	a4, 168(a0)
80003912: 18 3f        	fld	fa4, 56(a4)
80003914: 23 3b 27 3f  	sd	s2, 1014(a4)
80003918: bc 6e        	ld	a5, 88(a3)
8000391a: 36 3d        	fld	fs10, 360(sp)
8000391c: d5 0b        	addi	s7, s7, 21
8000391e: eb 3e 84 61  	<unknown>
80003922: 04 3f        	fld	fs1, 56(a4)
80003924: cb f5 17 3f  	<unknown>
80003928: ad fa        	bnez	a3, 0x8000389a <H_real+0x1c1a>
8000392a: b0 3e        	fld	fa2, 120(a3)
8000392c: d3 29 54 3d  	<unknown>
80003930: 42 1f        	slli	t5, t5, 48
80003932: 24 3f        	fld	fs1, 120(a4)
80003934: 24 02        	addi	s1, sp, 264
80003936: ad 3e        	addiw	t4, t4, -21
80003938: 8d 42        	li	t0, 3
8000393a: d4 3e        	fld	fa3, 184(a3)
8000393c: 2a 06        	slli	a2, a2, 10
8000393e: 90 3e        	fld	fa2, 56(a3)
80003940: 51 18        	addi	a6, a6, -12
80003942: 0f 3f e9 1f  	<unknown>
80003946: 03 3f 81 de  	ld	t5, -536(sp)
8000394a: e7 3e 07 7c  	<unknown>
8000394e: be 3e        	fld	ft9, 488(sp)
80003950: c8 01        	addi	a0, sp, 196
80003952: b4 3d        	fld	fa3, 120(a1)
80003954: 26 d8        	sw	s1, 48(sp)
80003956: a8 3b        	fld	fa0, 112(a5)
80003958: 1a 43        	lw	t1, 132(sp)
8000395a: a5 3e        	addiw	t4, t4, -23
8000395c: a1 2c        	addiw	s9, s9, 8
8000395e: ad 3e        	addiw	t4, t4, -21
80003960: be 2e        	fld	ft9, 456(sp)
80003962: 26 3f        	fld	ft10, 104(sp)
80003964: e5 fc        	bnez	s1, 0x8000395c <H_real+0x1cdc>
80003966: 1f 3f 8b 50  	<unknown>
8000396a: ed 3e        	addiw	t4, t4, -5
8000396c: 32 78        	ld	a6, 296(sp)
8000396e: ac 3e        	fld	fa1, 120(a3)
80003970: b6 8b        	mv	s7, a3
80003972: 8f 3e 58 85  	<unknown>
80003976: cb 3e 29 8b  	fnmsub.d	ft9, fs2, fs2, fa7, rup
8000397a: c4 3d        	fld	fs1, 184(a1)
8000397c: 54 c2        	sw	a3, 4(a2)
8000397e: 9f 3e ce 64  	<unknown>
80003982: 25 3f        	addiw	t5, t5, -23
80003984: 2f ad 50 3e  	<unknown>
80003988: 33 78 2b 3f  	<unknown>
8000398c: 66 0e        	slli	t3, t3, 25
8000398e: 40 3d        	fld	fs0, 184(a0)
80003990: f0 14        	addi	a2, sp, 620
80003992: 13 3b 5b e2  	sltiu	s6, s6, -475
80003996: d3 3e 0d 84  	<unknown>
8000399a: 67 3e 7e 61  	<unknown>
8000399e: 28 3f        	fld	fa0, 120(a4)
800039a0: 5a 81        	mv	sp, s6
800039a2: 16 3f        	fld	ft10, 352(sp)
800039a4: df ec ca 3e  	<unknown>
800039a8: fb 50 2c 3f  	<unknown>
800039ac: b8 3b        	fld	fa4, 112(a5)
800039ae: 2f 3e f1 37  	<unknown>
800039b2: 8b 3e c1 13  	<unknown>
800039b6: a4 3c        	fld	fs1, 120(s1)
800039b8: 7d 1c        	addi	s8, s8, -1
800039ba: cb 3e 21 57  	<unknown>
800039be: df 3e a6 79  	<unknown>
800039c2: 9f 3e 5e 06  	<unknown>
800039c6: 2c 3f        	fld	fa1, 120(a4)
800039c8: f3 18 2a 3e  	csrrw	a7, pmpaddr50, s4
800039cc: f1 d6        	beqz	a3, 0x80003998 <H_real+0x1d18>
800039ce: 26 3e        	fld	ft8, 104(sp)
800039d0: 0f 35 00 3f  	<unknown>
800039d4: ed 41        	li	gp, 27
800039d6: a0 3d        	fld	fs0, 120(a1)
800039d8: 2a 95        	add	a0, a0, a0
800039da: 95 3e        	addiw	t4, t4, -27
800039dc: 3e 5e        	lw	t3, 236(sp)
800039de: 2c 3e        	fld	fa1, 120(a2)
800039e0: 05 37        	addiw	a4, a4, -31
800039e2: 9a 3e        	fld	ft9, 416(sp)
800039e4: e6 14        	slli	s1, s1, 57
800039e6: b5 3e        	addiw	t4, t4, -19
800039e8: d0 da        	sw	a2, 52(a3)
800039ea: 56 3d        	fld	fs10, 368(sp)
800039ec: b9 12        	addi	t0, t0, -18
800039ee: 0d 3f        	addiw	t5, t5, -29
800039f0: 6f 0f de 3e  	jal	t5, 0x800e45dc <timer+0xde49c>
800039f4: 20 6d        	ld	s0, 88(a0)
800039f6: d3 3c 56 7f  	<unknown>
800039fa: 07 3f 7f b6  	fld	ft10, -1177(t5)
800039fe: 98 3e        	fld	fa4, 56(a3)
80003a00: 33 fc ca 3e  	<unknown>
80003a04: ed 92        	srli	a3, a3, 59
80003a06: 34 3f        	fld	fa3, 120(a4)
80003a08: eb ec c8 3e  	<unknown>
80003a0c: ec a2        	fsd	fa1, 192(a3)
80003a0e: d6 3e        	fld	ft9, 368(sp)
80003a10: ca 2c        	fld	fs9, 144(sp)
80003a12: 78 3e        	fld	fa4, 248(a2)
80003a14: 0f 02 eb 3e  	<unknown>
80003a18: 6f ac 06 3f  	jal	s8, 0x8006de08 <timer+0x67cc8>
80003a1c: 32 f8        	sd	a2, 48(sp)
80003a1e: fd 3d        	addiw	s11, s11, -1
80003a20: 0b 16 0f 3f  	<unknown>
80003a24: e8 bc        	fsd	fa0, 248(s1)
80003a26: c8 3e        	fld	fa0, 184(a3)
80003a28: 09 15        	addi	a0, a0, -30
80003a2a: 32 3e        	fld	ft8, 296(sp)
80003a2c: 2b 63 43 3e  	<unknown>
80003a30: e0 62        	ld	s0, 192(a3)
80003a32: 1f 3e a7 c6  	<unknown>
80003a36: b1 3c        	addiw	s9, s9, -20
80003a38: 82 41        	lw	gp, 0(sp)
80003a3a: 86 3e        	fld	ft9, 96(sp)
80003a3c: 4a 2f        	fld	ft10, 144(sp)
80003a3e: cd 3e        	addiw	t4, t4, -13
80003a40: 32 77        	ld	a4, 296(sp)
80003a42: 0e 3f        	fld	ft10, 224(sp)
80003a44: 8d 2f        	addiw	t6, t6, 3
80003a46: 0c 3f        	fld	fa1, 56(a4)
80003a48: 8a b9        	fsd	ft2, 240(sp)
80003a4a: eb 3e 65 52  	<unknown>
80003a4e: ee 3e        	fld	ft9, 248(sp)
80003a50: 8b 90 7a 3e  	<unknown>
80003a54: b0 41        	lw	a2, 64(a1)
80003a56: 56 3e        	fld	ft8, 368(sp)
80003a58: ac 1c        	addi	a1, sp, 632
80003a5a: 1d 3f        	addiw	t5, t5, -25
80003a5c: a3 87 96 3e  	sb	s1, 1007(a3)
80003a60: d8 fc        	sd	a4, 184(s1)
80003a62: ac 3e        	fld	fa1, 120(a3)
80003a64: e4 6b        	ld	s1, 208(a5)
80003a66: 2d 3d        	addiw	s10, s10, -21
80003a68: be 11        	slli	gp, gp, 47
80003a6a: fb 3e a9 3c  	<unknown>
80003a6e: 56 3e        	fld	ft8, 368(sp)
80003a70: 7e 6a        	ld	s4, 472(sp)
80003a72: 0f 3f 77 8d  	<unknown>
80003a76: 0f 3f ae 14  	<unknown>
80003a7a: 5b 3e f4 4c  	<unknown>
80003a7e: 96 3e        	fld	ft9, 352(sp)
80003a80: 6f 90 c1 3e  	j	0x8001ce6c <timer+0x16d2c>
80003a84: fb 2d 01 3f  	<unknown>
80003a88: bc 71        	ld	a5, 96(a1)
80003a8a: 0c 3f        	fld	fa1, 56(a4)
80003a8c: 63 7d 12 3e  	bgeu	tp, ra, 0x80003e86 <H_imag+0x206>
80003a90: b7 d8 15 3f  	lui	a7, 258397
80003a94: 0e 51        	lw	sp, 224(sp)
80003a96: 7f 3d eb 95  	<unknown>
80003a9a: 08 3e        	fld	fa0, 56(a2)
80003a9c: a4 75        	ld	s1, 104(a1)
80003a9e: 90 3d        	fld	fa2, 56(a1)
80003aa0: e6 99        	add	s3, s3, s9
80003aa2: ec 3d        	fld	fa1, 248(a1)
80003aa4: 6a 11        	slli	sp, sp, 58
80003aa6: 84 3e        	fld	fs1, 56(a3)
80003aa8: f1 fc        	bnez	s1, 0x80003a84 <H_real+0x1e04>
80003aaa: fe 3e        	fld	ft9, 504(sp)
80003aac: 09 95        	srai	a0, a0, 34
80003aae: f0 3e        	fld	fa2, 248(a3)
80003ab0: f0 94        	<unknown>
80003ab2: 0e 3f        	fld	ft10, 224(sp)
80003ab4: ef 1a 30 3f  	jal	s5, 0x800056a6 <H_imag+0x1a26>
80003ab8: 29 ba        	j	0x800033d2 <H_real+0x1752>
80003aba: 1b 3f 92 93  	<unknown>
80003abe: a7 3e 27 5d  	fsd	fs2, 1501(a4)
80003ac2: b2 3e        	fld	ft9, 296(sp)
80003ac4: f3 6d 74 3e  	csrrsi	s11, pmpaddr55, 8
80003ac8: 9b 1e 25 3f  	<unknown>
80003acc: 50 07        	addi	a2, sp, 900
80003ace: 29 3e        	addiw	t3, t3, -22
80003ad0: 8d 32        	addiw	t0, t0, -29
80003ad2: 0d 3f        	addiw	t5, t5, -29
80003ad4: dd 41        	li	gp, 23
80003ad6: 48 3e        	fld	fa0, 184(a2)
80003ad8: f3 c4 aa 3d  	<unknown>
80003adc: 20 e4        	sd	s0, 72(s0)
80003ade: f7 3e c2 a6  	<unknown>
80003ae2: 93 3e 7f ee  	sltiu	t4, t5, -281
80003ae6: 33 3f 35 9d  	<unknown>
80003aea: af 3e 90 9e  	<unknown>
80003aee: b4 3e        	fld	fa3, 120(a3)
80003af0: f1 f7        	bnez	a5, 0x80003abc <H_real+0x1e3c>
80003af2: 03 3f 8f e7  	ld	t5, -392(t5)
80003af6: e8 3e        	fld	fa0, 248(a3)
80003af8: 78 40        	lw	a4, 68(s0)
80003afa: 0a 3f        	fld	ft10, 160(sp)
80003afc: 41 68        	lui	a6, 16
80003afe: dc 3c        	fld	fa5, 184(s1)
80003b00: 10 0a        	addi	a2, sp, 272
80003b02: 99 3e        	addiw	t4, t4, -26
80003b04: 54 c3        	sw	a3, 4(a4)
80003b06: 29 3f        	addiw	t5, t5, -22
80003b08: e6 06        	slli	a3, a3, 25
80003b0a: 0d 3e        	addiw	t3, t3, -29
80003b0c: 84 8b        	<unknown>
80003b0e: 2e 3c        	fld	fs8, 232(sp)
80003b10: 22 d8        	sw	s0, 48(sp)
80003b12: 16 3f        	fld	ft10, 352(sp)
80003b14: d1 7b        	lui	s7, 1048564
80003b16: 1f 3f 55 46  	<unknown>
80003b1a: 20 3f        	fld	fs0, 120(a4)
80003b1c: f1 ca        	beqz	a3, 0x80003bf0 <H_real+0x1f70>
80003b1e: 31 3e        	addiw	t3, t3, -20
80003b20: 53 7c a3 3d  	<unknown>
80003b24: 58 e1        	sd	a4, 128(a0)
80003b26: 9d 3e        	addiw	t4, t4, -25
80003b28: 6b 17 a9 3d  	<unknown>
80003b2c: 1a 19        	slli	s2, s2, 38
80003b2e: dc 3e        	fld	fa5, 184(a3)
80003b30: c8 93        	<unknown>
80003b32: 17 3f 93 ea  	auipc	t5, 960819
80003b36: 22 3e        	fld	ft8, 40(sp)
80003b38: 28 81        	<unknown>
80003b3a: dd 3e        	addiw	t4, t4, -9
80003b3c: 47 72 d0 3e  	<unknown>
80003b40: 6f 08 89 3e  	jal	a6, 0x80093f28 <timer+0x8dde8>
80003b44: 07 b9 28 3f  	fld	fs2, 1010(a7)
80003b48: 13 e3 ea 3e  	ori	t1, s5, 1006
80003b4c: 2b ef 68 3e  	<unknown>
80003b50: 6a e7        	sd	s10, 392(sp)
80003b52: 2a 3f        	fld	ft10, 168(sp)
80003b54: a7 ec 94 3e  	<unknown>
80003b58: 3b 01 02 3f  	<unknown>
80003b5c: 37 fa 1d 3f  	lui	s4, 258527
80003b60: 84 5c        	lw	s1, 56(s1)
80003b62: 09 3f        	addiw	t5, t5, -30
80003b64: 09 12        	addi	tp, tp, -30
80003b66: 9d 3e        	addiw	t4, t4, -25
80003b68: ac 3e        	fld	fa1, 120(a3)
80003b6a: 22 3e        	fld	ft8, 40(sp)
80003b6c: 9e 97        	add	a5, a5, t2
80003b6e: d2 3d        	fld	fs11, 304(sp)
80003b70: 61 60        	c.lui	zero, 24
80003b72: 23 3f a6 be  	sd	a0, -1026(a2)
80003b76: a2 3e        	fld	ft9, 40(sp)
80003b78: 39 7d        	lui	s10, 1048558
80003b7a: 1e 3f        	fld	ft10, 480(sp)
80003b7c: 6d 98        	andi	s0, s0, -5
80003b7e: 83 3d d7 81  	ld	s11, -2019(a4)
80003b82: 6a 3e        	fld	ft8, 184(sp)
80003b84: 4a 10        	c.slli	zero, 50
80003b86: 0e 3f        	fld	ft10, 224(sp)
80003b88: 98 cf        	sw	a4, 24(a5)
80003b8a: f5 3e        	addiw	t4, t4, -3
80003b8c: 93 e6 de 3d  	ori	a3, t4, 989
80003b90: 58 cf        	sw	a4, 28(a4)
80003b92: dc 3e        	fld	fa5, 184(a3)
80003b94: 22 d3        	sw	s0, 164(sp)
80003b96: 34 3f        	fld	fa3, 120(a4)
80003b98: d2 84        	mv	s1, s4
80003b9a: f6 3e        	fld	ft9, 376(sp)
80003b9c: 78 3c        	fld	fa4, 248(s0)
80003b9e: 84 3d        	fld	fs1, 56(a1)
80003ba0: 52 6d        	ld	s10, 272(sp)
80003ba2: 77 3e d3 3a  	<unknown>
80003ba6: a2 3d        	fld	fs11, 40(sp)
80003ba8: 78 66        	ld	a4, 200(a2)
80003baa: 20 3f        	fld	fs0, 120(a4)
80003bac: c8 77        	ld	a0, 168(a5)
80003bae: f7 3e 61 cc  	<unknown>
80003bb2: fb 3e 08 b1  	<unknown>
80003bb6: de 3e        	fld	ft9, 496(sp)
80003bb8: 15 3c        	addiw	s8, s8, -27
80003bba: 2d 3f        	addiw	t5, t5, -21
80003bbc: 6c 8d        	<unknown>
80003bbe: b0 3e        	fld	fa2, 120(a3)
80003bc0: 4f 7a 0e 3f  	<unknown>
80003bc4: 08 b4        	fsd	fa0, 40(s0)
80003bc6: 06 3f        	fld	ft10, 96(sp)
80003bc8: fa 94        	add	s1, s1, t5
80003bca: bd 3e        	addiw	t4, t4, -17
80003bcc: 76 d1        	sw	t4, 160(sp)
80003bce: d4 3d        	fld	fa3, 184(a1)
80003bd0: 55 a8        	j	0x80003c84 <H_imag+0x4>
80003bd2: 28 3d        	fld	fa0, 120(a0)
80003bd4: a9 bd        	j	0x80003a2e <H_real+0x1dae>
80003bd6: cf 3e a5 b8  	fnmadd.s	ft9, fa0, fa0, fs7, rup
80003bda: eb 3e 30 37  	<unknown>
80003bde: d6 3e        	fld	ft9, 368(sp)
80003be0: fe 11        	slli	gp, gp, 63
80003be2: 0c 3f        	fld	fa1, 56(a4)
80003be4: bc 67        	ld	a5, 72(a5)
80003be6: d4 3d        	fld	fa3, 184(a1)
80003be8: 9e 7e        	ld	t4, 480(sp)
80003bea: bf 3e e9 28  	<unknown>
80003bee: 09 3c        	addiw	s8, s8, -30
80003bf0: a5 a0        	j	0x80003c58 <H_real+0x1fd8>
80003bf2: b3 3e 25 33  	<unknown>
80003bf6: 0e 3f        	fld	ft10, 224(sp)
80003bf8: c8 f3        	sd	a0, 160(a5)
80003bfa: 53 3c bf fa  	<unknown>
80003bfe: 5d 3e        	addiw	t3, t3, -9
80003c00: 2c b1        	fsd	fa1, 96(a0)
80003c02: 0e 3f        	fld	ft10, 224(sp)
80003c04: 3a 75        	ld	a0, 424(sp)
80003c06: 02 3f        	fld	ft10, 32(sp)
80003c08: 6b 9a a3 3e  	<unknown>
80003c0c: 63 24 27 3e  	<unknown>
80003c10: 71 36        	addiw	a2, a2, -4
80003c12: 28 3e        	fld	fa0, 120(a2)
80003c14: 90 e5        	sd	a2, 8(a1)
80003c16: da 3e        	fld	ft9, 432(sp)
80003c18: 20 b5        	fsd	fs0, 104(a0)
80003c1a: 2b 3f 4b 65  	<unknown>
80003c1e: 87 3e a4 d2  	fld	ft9, -726(s0)
80003c22: df 3e 6a 5c  	<unknown>
80003c26: db 3e f1 23  	<unknown>
80003c2a: 14 3d        	fld	fa3, 56(a0)
80003c2c: a1 d4        	beqz	s1, 0x80003b74 <H_real+0x1ef4>
80003c2e: 01 3e        	addiw	t3, t3, -32
80003c30: 8e 81        	mv	gp, gp
80003c32: 0e 3b        	fld	fs6, 224(sp)
80003c34: 8a 52        	lw	t0, 160(sp)
80003c36: 32 3f        	fld	ft10, 296(sp)
80003c38: ea 03        	slli	t2, t2, 26
80003c3a: f5 3e        	addiw	t4, t4, -3
80003c3c: 3f 5a 1b 3f  	<unknown>
80003c40: a7 c2 cd 3e  	<unknown>
80003c44: c1 59        	li	s3, -16
80003c46: 18 3f        	fld	fa4, 56(a4)
80003c48: 03 ee 56 3e  	lwu	t3, 997(a3)
80003c4c: 69 54        	li	s0, -6
80003c4e: 39 3e        	addiw	t3, t3, -18
80003c50: 9e f0        	sd	t2, 96(sp)
80003c52: 27 3e 17 01  	fsd	fa7, 28(a4)
80003c56: 71 3e        	addiw	t3, t3, -4
80003c58: af 89 0c 3f  	<unknown>
80003c5c: 82 ff        	sd	zero, 504(sp)
80003c5e: 82 3e        	fld	ft9, 32(sp)
80003c60: eb 5f 0c 3e  	<unknown>
80003c64: 48 2f        	fld	fa0, 152(a4)
80003c66: 91 3e        	addiw	t4, t4, -28
80003c68: 99 81        	srli	a1, a1, 6
80003c6a: d8 3e        	fld	fa4, 184(a3)
80003c6c: c8 d5        	sw	a0, 44(a1)
80003c6e: 28 3f        	fld	fa0, 120(a4)
80003c70: 49 d3        	beqz	a4, 0x80003bf2 <H_real+0x1f72>
80003c72: e5 3c        	addiw	s9, s9, -7
80003c74: 3c b3        	fsd	fa5, 96(a4)
80003c76: 2d 3f        	addiw	t5, t5, -21
80003c78: a5 e4        	bnez	s1, 0x80003ce0 <H_imag+0x60>
80003c7a: 0e 3f        	fld	ft10, 224(sp)
80003c7c: d5 24        	addiw	s1, s1, 21
80003c7e: 59 3e        	addiw	t3, t3, -10

0000000080003c80 <H_imag>:
80003c80: d3 33 9f 3e  	<unknown>
80003c84: f6 1e        	slli	t4, t4, 61
80003c86: a0 3e        	fld	fs0, 120(a3)
80003c88: 22 de        	sw	s0, 60(sp)
80003c8a: c5 3e        	addiw	t4, t4, -15
80003c8c: 80 23        	fld	fs0, 0(a5)
80003c8e: 0d 3e        	addiw	t3, t3, -29
80003c90: de 03        	slli	t2, t2, 23
80003c92: 14 3e        	fld	fa3, 56(a2)
80003c94: d6 1c        	slli	s9, s9, 53
80003c96: f3 3e 2f ed  	csrrc	t4, 3794, t5
80003c9a: 79 3d        	addiw	s10, s10, -2
80003c9c: ed c2        	beqz	a3, 0x80003d7e <H_imag+0xfe>
80003c9e: 21 3f        	addiw	t5, t5, -24
80003ca0: 1b 6d f0 3e  	<unknown>
80003ca4: 24 5f        	lw	s1, 120(a4)
80003ca6: 61 3e        	addiw	t3, t3, -8
80003ca8: 68 36        	fld	fa0, 232(a2)
80003caa: 18 3f        	fld	fa4, 56(a4)
80003cac: be 9f        	add	t6, t6, a5
80003cae: 4b 3d 12 9d  	<unknown>
80003cb2: 1d 3f        	addiw	t5, t5, -25
80003cb4: f6 1c        	slli	s9, s9, 61
80003cb6: 19 3f        	addiw	t5, t5, -26
80003cb8: c5 a4        	j	0x80003f98 <H_imag+0x318>
80003cba: f2 3e        	fld	ft9, 312(sp)
80003cbc: 25 4c        	li	s8, 9
80003cbe: 04 3f        	fld	fs1, 56(a4)
80003cc0: 32 5e        	lw	t3, 44(sp)
80003cc2: 01 3e        	addiw	t3, t3, -32
80003cc4: 9f 28 ab 3d  	<unknown>
80003cc8: b3 35 ab 3e  	<unknown>
80003ccc: 82 64        	ld	s1, 0(sp)
80003cce: 69 3e        	addiw	t3, t3, -6
80003cd0: cf e0 08 3f  	<unknown>
80003cd4: e7 63 15 3f  	<unknown>
80003cd8: ad 4b        	li	s7, 11
80003cda: 21 3d        	addiw	s10, s10, -24
80003cdc: db 8d ea 3e  	<unknown>
80003ce0: d1 d7        	beqz	a5, 0x80003c6c <H_real+0x1fec>
80003ce2: 02 3f        	fld	ft10, 32(sp)
80003ce4: 80 74        	ld	s0, 40(s1)
80003ce6: 76 3e        	fld	ft8, 376(sp)
80003ce8: 2e 6e        	ld	t3, 200(sp)
80003cea: fe 3d        	fld	fs11, 504(sp)
80003cec: 47 6d aa 3e  	<unknown>
80003cf0: b4 9c        	<unknown>
80003cf2: aa 3e        	fld	ft9, 168(sp)
80003cf4: 5a 46        	lw	a2, 148(sp)
80003cf6: 99 3e        	addiw	t4, t4, -26
80003cf8: 31 2d        	addiw	s10, s10, 12
80003cfa: 00 3f        	fld	fs0, 56(a4)
80003cfc: c5 b4        	j	0x800037dc <H_real+0x1b5c>
80003cfe: fd 3e        	addiw	t4, t4, -1
80003d00: c2 2c        	fld	fs9, 16(sp)
80003d02: a3 3e 81 45  	sd	s8, 1117(sp)
80003d06: c0 3e        	fld	fs0, 184(a3)
80003d08: 2a 78        	ld	a6, 168(sp)
80003d0a: 06 39        	fld	fs2, 96(sp)
80003d0c: 52 af        	fsd	fs4, 408(sp)
80003d0e: dc 3d        	fld	fa5, 184(a1)
80003d10: 98 05        	addi	a4, sp, 704
80003d12: ec 3e        	fld	fa1, 248(a3)
80003d14: a5 22        	addiw	t0, t0, 9
80003d16: 49 3e        	addiw	t3, t3, -14
80003d18: 3f 6c a9 3e  	<unknown>
80003d1c: 21 56        	li	a2, -24
80003d1e: 23 3f 18 84  	sd	ra, -1954(a6)
80003d22: da 3e        	fld	ft9, 432(sp)
80003d24: 3a 4a        	lw	s4, 140(sp)
80003d26: 0b 3f eb 62  	<unknown>
80003d2a: 49 3e        	addiw	t3, t3, -14
80003d2c: 60 05        	addi	s0, sp, 652
80003d2e: 30 3f        	fld	fa2, 120(a4)
80003d30: 45 78        	lui	a6, 1048561
80003d32: e8 3e        	fld	fa0, 248(a3)
80003d34: 47 b8 b9 3d  	<unknown>
80003d38: c2 b5        	fsd	fa6, 232(sp)
80003d3a: 13 3f 51 13  	sltiu	t5, sp, 309
80003d3e: f9 3e        	addiw	t4, t4, -2
80003d40: 62 e6        	sd	s8, 264(sp)
80003d42: 91 3e        	addiw	t4, t4, -28
80003d44: 68 4a        	lw	a0, 84(a2)
80003d46: c0 3c        	fld	fs0, 184(s1)
80003d48: 82 1b        	slli	s7, s7, 32
80003d4a: 86 3e        	fld	ft9, 96(sp)
80003d4c: 05 44        	li	s0, 1
80003d4e: ba 3d        	fld	fs11, 424(sp)
80003d50: 6c 9e        	<unknown>
80003d52: b5 3d        	addiw	s11, s11, -19
80003d54: 8d 2b        	addiw	s7, s7, 3
80003d56: 86 3e        	fld	ft9, 96(sp)
80003d58: 07 70 1d 3f  	<unknown>
80003d5c: 5d 02        	addi	tp, tp, 23
80003d5e: 15 3e        	addiw	t3, t3, -27
80003d60: 9b 07 ae 3e  	addiw	a5, t3, 1002
80003d64: 23 fa 3b 3e  	<unknown>
80003d68: fe d4        	sw	t6, 104(sp)
80003d6a: 32 3f        	fld	ft10, 296(sp)
80003d6c: a9 4f        	li	t6, 10
80003d6e: 1f 3e 20 21  	<unknown>
80003d72: 16 3f        	fld	ft10, 352(sp)
80003d74: c8 60        	ld	a0, 128(s1)
80003d76: 15 3f        	addiw	t5, t5, -27
80003d78: 98 0b        	addi	a4, sp, 464
80003d7a: 91 3e        	addiw	t4, t4, -28
80003d7c: 7e 74        	ld	s0, 504(sp)
80003d7e: 14 3e        	fld	fa3, 56(a2)
80003d80: 67 b5 96 3e  	<unknown>
80003d84: 6c 00        	addi	a1, sp, 12
80003d86: 9c 3d        	fld	fa5, 56(a1)
80003d88: 48 86        	<unknown>
80003d8a: 10 3d        	fld	fa2, 56(a0)
80003d8c: 02 c2        	sw	zero, 4(sp)
80003d8e: f5 3e        	addiw	t4, t4, -3
80003d90: d4 f9        	sd	a3, 176(a1)
80003d92: a2 3e        	fld	ft9, 40(sp)
80003d94: 53 95 13 3d  	<unknown>
80003d98: 3c 78        	ld	a5, 112(s0)
80003d9a: 89 3e        	addiw	t4, t4, -30
80003d9c: 5c a5        	fsd	fa5, 136(a0)
80003d9e: 05 3f        	addiw	t5, t5, -31
80003da0: 7c e8        	sd	a5, 208(s0)
80003da2: 0a 3b        	fld	fs6, 160(sp)
80003da4: 01 a4        	j	0x80003fa4 <H_imag+0x324>
80003da6: bf 3e 47 b0  	<unknown>
80003daa: d6 3e        	fld	ft9, 368(sp)
80003dac: 0d cc        	beqz	s0, 0x80003de6 <H_imag+0x166>
80003dae: c5 3c        	addiw	s9, s9, -15
80003db0: bb 5f 77 3d  	<unknown>
80003db4: 4e 5d        	lw	s10, 240(sp)
80003db6: 49 3e        	addiw	t3, t3, -14
80003db8: 3e 8e        	mv	t3, a5
80003dba: e3 3e 74 4c  	<unknown>
80003dbe: 0c 3f        	fld	fa1, 56(a4)
80003dc0: 7a d0        	sw	t5, 32(sp)
80003dc2: 90 3e        	fld	fa2, 56(a3)
80003dc4: ce f1        	sd	s3, 224(sp)
80003dc6: 8e 3e        	fld	ft9, 224(sp)
80003dc8: 6b d1 8d 3e  	<unknown>
80003dcc: 81 78        	lui	a7, 1048544
80003dce: ee 3e        	fld	ft9, 248(sp)
80003dd0: ca c0        	sw	s2, 64(sp)
80003dd2: 0c 3e        	fld	fa1, 56(a2)
80003dd4: 47 0d 45 3e  	<unknown>
80003dd8: f6 8f        	mv	t6, t4
80003dda: 2e 3b        	fld	fs6, 232(sp)
80003ddc: 28 10        	addi	a0, sp, 40
80003dde: 05 3f        	addiw	t5, t5, -31
80003de0: da 73        	ld	t2, 432(sp)
80003de2: b8 3c        	fld	fa4, 120(s1)
80003de4: cf f9 04 3f  	<unknown>
80003de8: 25 41        	li	sp, 9
80003dea: 71 3e        	addiw	t3, t3, -4
80003dec: 10 cd        	sw	a2, 24(a0)
80003dee: d3 3e 76 f0  	<unknown>
80003df2: 01 3f        	addiw	t5, t5, -32
80003df4: 84 32        	fld	fs1, 32(a3)
80003df6: da 3e        	fld	ft9, 432(sp)
80003df8: f6 4b        	lw	s7, 92(sp)
80003dfa: 31 3e        	addiw	t3, t3, -20
80003dfc: 59 40        	c.li	zero, 22
80003dfe: 07 3f 57 d8  	fld	ft10, -635(a4)
80003e02: 1f 3f 18 f3  	<unknown>
80003e06: 11 3f        	addiw	t5, t5, -28
80003e08: 3e c8        	sw	a5, 16(sp)
80003e0a: 26 3f        	fld	ft10, 104(sp)
80003e0c: ee 2a        	fld	fs5, 216(sp)
80003e0e: 46 3e        	fld	ft8, 112(sp)
80003e10: f6 dc        	sw	t4, 120(sp)
80003e12: 8c 3e        	fld	fa1, 56(a3)
80003e14: d2 55        	lw	a1, 52(sp)
80003e16: ae 3e        	fld	ft9, 232(sp)
80003e18: 19 63        	lui	t1, 6
80003e1a: 3a 3e        	fld	ft8, 424(sp)
80003e1c: 32 04        	slli	s0, s0, 12
80003e1e: 2b 3f c4 cb  	<unknown>
80003e22: 9e 3d        	fld	fs11, 480(sp)
80003e24: ba 7e        	ld	t4, 424(sp)
80003e26: e9 3d        	addiw	s11, s11, -6
80003e28: 86 c2        	sw	ra, 68(sp)
80003e2a: 10 3f        	fld	fa2, 56(a4)
80003e2c: 10 15        	addi	a2, sp, 672
80003e2e: 01 3f        	addiw	t5, t5, -32
80003e30: 0a ee        	sd	sp, 280(sp)
80003e32: 05 3f        	addiw	t5, t5, -31
80003e34: a1 76        	lui	a3, 1048552
80003e36: 21 3e        	addiw	t3, t3, -24
80003e38: 70 2f        	fld	fa2, 216(a4)
80003e3a: 57 3e 20 d1  	<unknown>
80003e3e: 8b 3e d8 fb  	<unknown>
80003e42: 9e 3e        	fld	ft9, 480(sp)
80003e44: 21 bf        	j	0x80003d5c <H_imag+0xdc>
80003e46: a3 3d d0 d1  	sd	t4, -741(zero)
80003e4a: 32 3f        	fld	ft10, 296(sp)
80003e4c: 14 b0        	fsd	fa3, 32(s0)
80003e4e: 99 3e        	addiw	t4, t4, -26
80003e50: 82 70        	ld	ra, 32(sp)
80003e52: 97 3e 05 b3  	auipc	t4, 733267
80003e56: d4 3e        	fld	fa3, 184(a3)
80003e58: 66 39        	fld	fs2, 120(sp)
80003e5a: b8 3d        	fld	fa4, 120(a1)
80003e5c: 79 c5        	beqz	a0, 0x80003f2a <H_imag+0x2aa>
80003e5e: f7 3e eb 0e  	<unknown>
80003e62: 7d 3e        	addiw	t3, t3, -1
80003e64: d2 9c        	add	s9, s9, s4
80003e66: 96 3e        	fld	ft9, 352(sp)
80003e68: e3 78 fb 3e  	bgeu	s6, a5, 0x80004a58 <H_imag+0xdd8>
80003e6c: 71 bc        	j	0x80003908 <H_real+0x1c88>
80003e6e: 93 3e 12 d4  	sltiu	t4, tp, -703
80003e72: 9a 3e        	fld	ft9, 416(sp)
80003e74: f4 be        	fsd	fa3, 248(a3)
80003e76: d5 3d        	addiw	s11, s11, -11
80003e78: 3b 9c 57 3e  	<unknown>
80003e7c: 9e 9d        	add	s11, s11, t2
80003e7e: 01 3f        	addiw	t5, t5, -32
80003e80: 09 56        	li	a2, -30
80003e82: 12 3f        	fld	ft10, 288(sp)
80003e84: d1 64        	lui	s1, 20
80003e86: 33 3f cb cf  	<unknown>
80003e8a: 67 3e 6d f5  	<unknown>
80003e8e: a1 3e        	addiw	t4, t4, -24
80003e90: e7 ed 25 3f  	<unknown>
80003e94: ac 63        	ld	a1, 64(a5)
80003e96: 11 3f        	addiw	t5, t5, -28
80003e98: b7 97 28 3f  	lui	a5, 258697
80003e9c: 9a ff        	sd	t1, 504(sp)
80003e9e: 30 3f        	fld	fa2, 120(a4)
80003ea0: 60 fa        	sd	s0, 240(a2)
80003ea2: 28 3f        	fld	fa0, 120(a4)
80003ea4: c6 20        	fld	ft1, 80(sp)
80003ea6: 36 3e        	fld	ft8, 360(sp)
80003ea8: 02 35        	fld	fa0, 32(sp)
80003eaa: 29 3f        	addiw	t5, t5, -22
80003eac: 32 bd        	fsd	fa2, 184(sp)
80003eae: f7 3e 3e f8  	<unknown>
80003eb2: 0b 3f b1 87  	<unknown>
80003eb6: bb 3e 7f d4  	<unknown>
80003eba: f0 3e        	fld	fa2, 248(a3)
80003ebc: a6 8e        	mv	t4, s1
80003ebe: d4 3e        	fld	fa3, 184(a3)
80003ec0: bc ef        	sd	a5, 88(a5)
80003ec2: 02 3d        	fld	fs10, 32(sp)
80003ec4: 0f db a1 3e  	<unknown>
80003ec8: 3b 57 c2 3d  	<unknown>
80003ecc: a0 08        	addi	s0, sp, 88
80003ece: ea 3e        	fld	ft9, 184(sp)
80003ed0: f0 bc        	fsd	fa2, 248(s1)
80003ed2: 90 3e        	fld	fa2, 56(a3)
80003ed4: 4f eb 91 3e  	<unknown>
80003ed8: 13 b4 26 3f  	sltiu	s0, a3, 1010
80003edc: 09 4b        	li	s6, 2
80003ede: e9 3d        	addiw	s11, s11, -6
80003ee0: fc 09        	addi	a5, sp, 220
80003ee2: d1 3e        	addiw	t4, t4, -12
80003ee4: 5d cd        	beqz	a0, 0x80003fa2 <H_imag+0x322>
80003ee6: da 3e        	fld	ft9, 432(sp)
80003ee8: 0e e0        	sd	gp, 0(sp)
80003eea: d7 3d 5a 9d  	<unknown>
80003eee: 11 3f        	addiw	t5, t5, -28
80003ef0: fb 15 d4 3e  	<unknown>
80003ef4: 37 05 3c 3e  	lui	a0, 254912
80003ef8: a1 d3        	beqz	a5, 0x80003e38 <H_imag+0x1b8>
80003efa: f8 3d        	fld	fa4, 248(a1)
80003efc: 99 66        	lui	a3, 6
80003efe: 06 3f        	fld	ft10, 96(sp)
80003f00: 46 c5        	sw	a7, 136(sp)
80003f02: 19 3f        	addiw	t5, t5, -26
80003f04: 7b ce 1a 3f  	<unknown>
80003f08: 4e cd        	sw	s3, 152(sp)
80003f0a: 9b 3d 00 29  	<unknown>
80003f0e: da 3e        	fld	ft9, 432(sp)
80003f10: b6 47        	lw	a5, 76(sp)
80003f12: 1b 3f ec d3  	<unknown>
80003f16: 0b 3f 6a 83  	<unknown>
80003f1a: 4a 3e        	fld	ft8, 176(sp)
80003f1c: 50 49        	lw	a2, 20(a0)
80003f1e: 44 3e        	fld	fs1, 184(a2)
80003f20: e0 9b        	<unknown>
80003f22: 15 3f        	addiw	t5, t5, -27
80003f24: cc 3e        	fld	fa1, 184(a3)
80003f26: bc 3d        	fld	fa5, 120(a1)
80003f28: a3 a5 a0 3d  	sw	s10, 971(ra)
80003f2c: 56 29        	fld	fs2, 336(sp)
80003f2e: 01 3f        	addiw	t5, t5, -32
80003f30: 51 4e        	li	t3, 20
80003f32: 46 3e        	fld	ft8, 112(sp)
80003f34: fc 8b        	<unknown>
80003f36: 01 3f        	addiw	t5, t5, -32
80003f38: b9 4d        	li	s11, 14
80003f3a: ba 3d        	fld	fs11, 424(sp)
80003f3c: 77 48 b2 3e  	<unknown>
80003f40: 18 c4        	sw	a4, 8(s0)
80003f42: d6 3d        	fld	fs11, 368(sp)
80003f44: c3 b2 d4 3e  	<unknown>
80003f48: f8 4d        	lw	a4, 92(a1)
80003f4a: 76 3d        	fld	fs10, 376(sp)
80003f4c: 73 8e cd 3e  	<unknown>
80003f50: e0 15        	addi	s0, sp, 748
80003f52: dd 3e        	addiw	t4, t4, -9
80003f54: 27 d1 32 3e  	<unknown>
80003f58: 46 5b        	lw	s6, 112(sp)
80003f5a: dd 3e        	addiw	t4, t4, -9
80003f5c: e7 b7 cf 3e  	<unknown>
80003f60: 20 41        	lw	s0, 64(a0)
80003f62: eb 3e 5d 2a  	<unknown>
80003f66: 31 3f        	addiw	t5, t5, -20
80003f68: df fc 0b 3f  	<unknown>
80003f6c: b8 7a        	ld	a4, 112(a3)
80003f6e: 8e 3e        	fld	ft9, 224(sp)
80003f70: 91 b2        	j	0x800038b4 <H_real+0x1c34>
80003f72: db 3e c7 c9  	<unknown>
80003f76: 25 3e        	addiw	t3, t3, -23
80003f78: 99 6c        	lui	s9, 6
80003f7a: 00 3f        	fld	fs0, 56(a4)
80003f7c: e2 3f        	fld	ft11, 56(sp)
80003f7e: 5c 3d        	fld	fa5, 184(a0)
80003f80: d6 8d        	mv	s11, s5
80003f82: 06 3f        	fld	ft10, 96(sp)
80003f84: 90 71        	ld	a2, 32(a1)
80003f86: bc 3e        	fld	fa5, 120(a3)
80003f88: 06 62        	ld	tp, 64(sp)
80003f8a: 9b 3e 1d 19  	<unknown>
80003f8e: 5e 3e        	fld	ft8, 496(sp)
80003f90: 1b d0 08 3f  	<unknown>
80003f94: 49 cf        	beqz	a4, 0x8000402e <H_imag+0x3ae>
80003f96: 08 3f        	fld	fa0, 56(a4)
80003f98: f2 e8        	sd	t3, 80(sp)
80003f9a: 8c 3e        	fld	fa1, 56(a3)
80003f9c: 05 b6        	j	0x80003abc <H_real+0x1e3c>
80003f9e: e3 3e 39 42  	<unknown>
80003fa2: 15 3e        	addiw	t3, t3, -27
80003fa4: 23 4e b3 3d  	<unknown>
80003fa8: ea 12        	slli	t0, t0, 58
80003faa: 18 3f        	fld	fa4, 56(a4)
80003fac: 31 72        	lui	tp, 1048556
80003fae: f4 3e        	fld	fa3, 248(a3)
80003fb0: 5a 62        	ld	tp, 400(sp)
80003fb2: d1 3e        	addiw	t4, t4, -12
80003fb4: 8f 4b 29 3e  	<unknown>
80003fb8: c2 cb        	sw	a6, 212(sp)
80003fba: 28 3f        	fld	fa0, 120(a4)
80003fbc: 70 3b        	fld	fa2, 240(a4)
80003fbe: 2f 3f f0 2a  	<unknown>
80003fc2: 95 3e        	addiw	t4, t4, -27
80003fc4: 65 19        	addi	s2, s2, -7
80003fc6: 97 3e c8 82  	auipc	t4, 535683
80003fca: 24 3e        	fld	fs1, 120(a2)
80003fcc: 73 3b 46 3e  	csrrc	s6, pmpaddr52, a2
80003fd0: c6 57        	lw	a5, 112(sp)
80003fd2: df 3e 6e f7  	<unknown>
80003fd6: 20 3f        	fld	fs0, 120(a4)
80003fd8: bd 8a        	andi	a3, a3, 15
80003fda: d9 3e        	addiw	t4, t4, -10
80003fdc: 1f 58 b7 3d  	<unknown>
80003fe0: 7d 63        	lui	t1, 31
80003fe2: 80 3e        	fld	fs0, 56(a3)
80003fe4: b1 5a        	li	s5, -20
80003fe6: 9c 3e        	fld	fa5, 56(a3)
80003fe8: 41 f4        	bnez	s0, 0x80003f70 <H_imag+0x2f0>
80003fea: 28 3f        	fld	fa0, 120(a4)
80003fec: 87 f2 2e 3e  	<unknown>
80003ff0: 08 48        	lw	a0, 16(s0)
80003ff2: 0d 3f        	addiw	t5, t5, -29
80003ff4: ae e9        	sd	a1, 208(sp)
80003ff6: 72 3e        	fld	ft8, 312(sp)
80003ff8: 4e 27        	fld	fa4, 208(sp)
80003ffa: 03 3f 1f 39  	ld	t5, 913(t5)
80003ffe: 50 3e        	fld	fa2, 184(a2)
80004000: fd 5e        	li	t4, -1
80004002: 26 3f        	fld	ft10, 104(sp)
80004004: f2 06        	slli	a3, a3, 28
80004006: 07 3e f7 c4  	fld	ft8, -945(a4)
8000400a: f1 3e        	addiw	t4, t4, -4
8000400c: 9d ef        	bnez	a5, 0x8000404a <H_imag+0x3ca>
8000400e: 32 3f        	fld	ft10, 296(sp)
80004010: 4b cf 08 3f  	<unknown>
80004014: 6e 06        	slli	a2, a2, 27
80004016: eb 3d 44 70  	<unknown>
8000401a: c3 3e a8 8f  	<unknown>
8000401e: 2d 3d        	addiw	s10, s10, -21
80004020: 9e fb        	sd	t2, 496(sp)
80004022: d8 3e        	fld	fa4, 184(a3)
80004024: e8 9c        	<unknown>
80004026: 36 3d        	fld	fs10, 360(sp)
80004028: 2e dd        	sw	a1, 184(sp)
8000402a: 25 3e        	addiw	t3, t3, -23
8000402c: 68 e5        	sd	a0, 200(a0)
8000402e: a8 3e        	fld	fa0, 120(a3)
80004030: a4 d9        	sw	s1, 112(a1)
80004032: cc 3e        	fld	fa1, 184(a3)
80004034: fc cf        	sw	a5, 92(a5)
80004036: a4 3e        	fld	fs1, 120(a3)
80004038: 77 fb 9d 3e  	<unknown>
8000403c: 44 e9        	sd	s1, 144(a0)
8000403e: e3 3e 89 21  	<unknown>
80004042: e4 3e        	fld	fs1, 248(a3)
80004044: 3d 2a        	addiw	s4, s4, 15
80004046: 4e 3d        	fld	fs10, 240(sp)
80004048: 21 89        	andi	a0, a0, 8
8000404a: 20 3f        	fld	fs0, 120(a4)
8000404c: 3a 46        	lw	a2, 140(sp)
8000404e: fe 3e        	fld	ft9, 504(sp)
80004050: 5e fe        	sd	s7, 312(sp)
80004052: ba 3c        	fld	fs9, 424(sp)
80004054: 36 16        	slli	a2, a2, 45
80004056: 5e 3d        	fld	fs10, 496(sp)
80004058: 1e cf        	sw	t2, 156(sp)
8000405a: 0d 3d        	addiw	s10, s10, -29
8000405c: f8 28        	fld	fa4, 208(s1)
8000405e: de 3e        	fld	ft9, 496(sp)
80004060: bd e2        	bnez	a3, 0x800040c6 <H_imag+0x446>
80004062: 19 3f        	addiw	t5, t5, -26
80004064: ed b5        	j	0x80003f4e <H_imag+0x2ce>
80004066: fa 3e        	fld	ft9, 440(sp)
80004068: 18 6c        	ld	a4, 24(s0)
8000406a: e7 3e d6 1f  	<unknown>
8000406e: ec 3d        	fld	fa1, 248(a1)
80004070: bd 30        	addiw	ra, ra, -17
80004072: 8c 3e        	fld	fa1, 56(a3)
80004074: 65 64        	lui	s0, 25
80004076: c5 3d        	addiw	s11, s11, -15
80004078: 3b cf 5c 3e  	<unknown>
8000407c: 87 30 1d 3f  	fld	ft1, 1009(s10)
80004080: f5 d2        	beqz	a3, 0x80004064 <H_imag+0x3e4>
80004082: 5b 3e e9 b8  	<unknown>
80004086: 90 3e        	fld	fa2, 56(a3)
80004088: 3d 2b        	addiw	s6, s6, 15
8000408a: 33 3f bf 05  	<unknown>
8000408e: f5 3e        	addiw	t4, t4, -3
80004090: 8b 75 22 3f  	<unknown>
80004094: 0a d4        	sw	sp, 40(sp)
80004096: 60 3e        	fld	fs0, 248(a2)
80004098: 3a 03        	slli	t1, t1, 14
8000409a: 07 3d a7 93  	fld	fs10, -1734(a4)
8000409e: 0f 3f 18 bb  	<unknown>
800040a2: 67 3d b8 6a  	<unknown>
800040a6: ed 3e        	addiw	t4, t4, -5
800040a8: 9e c8        	sw	t2, 80(sp)
800040aa: d9 3c        	addiw	s9, s9, -10
800040ac: b7 c8 29 3f  	lui	a7, 258716
800040b0: c5 3e        	addiw	t4, t4, -15
800040b2: c4 3e        	fld	fs1, 184(a3)
800040b4: 8d fc        	bnez	s1, 0x80003fee <H_imag+0x36e>
800040b6: fa 3e        	fld	ft9, 440(sp)
800040b8: cb de 6b 3e  	<unknown>
800040bc: 62 5c        	lw	s8, 56(sp)
800040be: 79 3d        	addiw	s10, s10, -2
800040c0: 58 14        	addi	a4, sp, 548
800040c2: 91 3e        	addiw	t4, t4, -28
800040c4: 16 e7        	sd	t0, 392(sp)
800040c6: 9c 3b        	fld	fa5, 48(a5)
800040c8: 1d eb        	bnez	a4, 0x800040fe <H_imag+0x47e>
800040ca: 1f 3d 14 b1  	<unknown>
800040ce: 83 3d f7 48  	ld	s11, 1167(a4)
800040d2: 0d 3f        	addiw	t5, t5, -29
800040d4: 57 03 0b 3f  	<unknown>
800040d8: c9 37        	addiw	a5, a5, -14
800040da: 19 3f        	addiw	t5, t5, -26
800040dc: ef 4f ad 3e  	jal	t6, 0x800d84c6 <timer+0xd2386>
800040e0: 06 9e        	add	t3, t3, ra
800040e2: 08 3e        	fld	fa0, 56(a2)
800040e4: cf c2 d8 3e  	<unknown>
800040e8: 07 fa c3 3e  	<unknown>
800040ec: 29 ea        	bnez	a2, 0x8000413e <H_imag+0x4be>
800040ee: cb 3e 63 01  	fnmsub.s	ft9, ft6, fs6, ft0, rup
800040f2: 9a 3e        	fld	ft9, 416(sp)
800040f4: df 37 30 3e  	<unknown>
800040f8: ea df        	sw	s10, 252(sp)
800040fa: e7 3e d8 33  	<unknown>
800040fe: b5 3e        	addiw	t4, t4, -19
80004100: 8a 7f        	ld	t6, 160(sp)
80004102: 50 3d        	fld	fa2, 184(a0)
80004104: ee 7f        	ld	t6, 248(sp)
80004106: 22 3f        	fld	ft10, 40(sp)
80004108: 75 90        	srli	s0, s0, 61
8000410a: a1 3d        	addiw	s11, s11, -24
8000410c: bd 53        	li	t2, -17
8000410e: 16 3f        	fld	ft10, 352(sp)
80004110: 33 47 37 3e  	<unknown>
80004114: d9 e4        	bnez	s1, 0x800041a2 <H_imag+0x522>
80004116: 50 3e        	fld	fa2, 184(a2)
80004118: 4e 35        	fld	fa0, 240(sp)
8000411a: 09 3e        	addiw	t3, t3, -30
8000411c: e9 71        	lui	gp, 1048570
8000411e: 14 3f        	fld	fa3, 56(a4)
80004120: ba 96        	add	a3, a3, a4
80004122: 0a 3d        	fld	fs10, 160(sp)
80004124: 14 d4        	sw	a3, 40(s0)
80004126: d0 3e        	fld	fa2, 184(a3)
80004128: 3d e2        	bnez	a2, 0x8000418e <H_imag+0x50e>
8000412a: 93 3d 71 ee  	sltiu	s11, sp, -281
8000412e: ea 3e        	fld	ft9, 184(sp)
80004130: 89 4e        	li	t4, 2
80004132: f9 3e        	addiw	t4, t4, -2
80004134: 23 fa df 3e  	<unknown>
80004138: ce 77        	ld	a5, 240(sp)
8000413a: d7 3d a5 40  	vadc.vim	v27, v10, 10, v0
8000413e: 17 3f 66 ab  	auipc	t5, 702051
80004142: 01 3a        	addiw	s4, s4, -32
80004144: de f2        	sd	s7, 352(sp)
80004146: c6 3e        	fld	ft9, 112(sp)
80004148: 39 ac        	j	0x80004366 <H_imag+0x6e6>
8000414a: ac 3d        	fld	fa1, 120(a1)
8000414c: da 66        	ld	a3, 400(sp)
8000414e: d5 3e        	addiw	t4, t4, -11
80004150: 26 b3        	fsd	fs1, 416(sp)
80004152: 4f 3d 4e a8  	fnmadd.s	fs10, ft8, ft4, fs5, rup
80004156: 2a 3f        	fld	ft10, 168(sp)
80004158: 0d 26        	addiw	a2, a2, 3
8000415a: 02 3f        	fld	ft10, 32(sp)
8000415c: 1e ed        	sd	t2, 152(sp)
8000415e: ef 3e 0e 94  	jal	t4, 0x7ffe729e <vfctrans_sim.c+0x7ffe729e>
80004162: e4 3e        	fld	fs1, 248(a3)
80004164: df 26 1e 3f  	<unknown>
80004168: 8e f7        	sd	gp, 488(sp)
8000416a: 2e 3f        	fld	ft10, 232(sp)
8000416c: 63 ce 87 3e  	blt	a5, s0, 0x80004568 <H_imag+0x8e8>
80004170: b7 19 1d 3d  	lui	s3, 250321
80004174: b2 e4        	sd	a2, 72(sp)
80004176: f4 3e        	fld	fa3, 248(a3)
80004178: 82 df        	sw	zero, 252(sp)
8000417a: 83 3e e0 c6  	ld	t4, -914(zero)
8000417e: f6 3e        	fld	ft9, 376(sp)
80004180: 96 63        	ld	t2, 320(sp)
80004182: 6b 3e 84 61  	<unknown>
80004186: 42 3e        	fld	ft8, 48(sp)
80004188: c9 47        	li	a5, 18
8000418a: da 3e        	fld	ft9, 432(sp)
8000418c: 14 9c        	<unknown>
8000418e: 06 3f        	fld	ft10, 96(sp)
80004190: 0e f6        	sd	gp, 296(sp)
80004192: 44 3e        	fld	fs1, 184(a2)
80004194: 76 81        	mv	sp, t4
80004196: ba 3e        	fld	ft9, 424(sp)
80004198: 02 32        	fld	ft4, 32(sp)
8000419a: 21 3e        	addiw	t3, t3, -24
8000419c: 64 40        	lw	s1, 68(s0)
8000419e: 0d 3f        	addiw	t5, t5, -29
800041a0: 5c 77        	ld	a5, 168(a4)
800041a2: a3 3e 89 20  	sd	s0, 541(s2)
800041a6: 99 3e        	addiw	t4, t4, -26
800041a8: 71 8b        	andi	a4, a4, 28
800041aa: 70 3d        	fld	fa2, 248(a0)
800041ac: 0f 6d 20 3f  	<unknown>
800041b0: 60 ec        	sd	s0, 216(s0)
800041b2: 18 3c        	fld	fa4, 56(s0)
800041b4: d9 23        	addiw	t2, t2, 22
800041b6: 0c 3f        	fld	fa1, 56(a4)
800041b8: 99 59        	li	s3, -26
800041ba: 1f 3f 62 b5  	<unknown>
800041be: 16 3f        	fld	ft10, 352(sp)
800041c0: 36 fa        	sd	a3, 304(sp)
800041c2: b7 3e 6b be  	lui	t4, 779955
800041c6: 85 3d        	addiw	s11, s11, -31
800041c8: 90 3b        	fld	fa2, 48(a5)
800041ca: 94 3e        	fld	fa3, 56(a3)
800041cc: be e6        	sd	a5, 328(sp)
800041ce: ca 3d        	fld	fs11, 176(sp)
800041d0: 55 09        	addi	s2, s2, 21
800041d2: 2f 3f 87 81  	amomin.d	t5, s8, (a4)
800041d6: a3 3e be e4  	sd	a1, -419(t3)
800041da: 96 3e        	fld	ft9, 352(sp)
800041dc: cf cd fe 3e  	<unknown>
800041e0: 02 60        	<unknown>
800041e2: 94 3e        	fld	fa3, 56(a3)
800041e4: 8b 67 8e 3e  	<unknown>
800041e8: 81 a8        	j	0x80004238 <H_imag+0x5b8>
800041ea: 82 3e        	fld	ft9, 32(sp)
800041ec: 81 7f        	lui	t6, 1048544
800041ee: 1a 3f        	fld	ft10, 416(sp)
800041f0: 56 78        	ld	a6, 368(sp)
800041f2: e4 3e        	fld	fs1, 248(a3)
800041f4: 5d 0a        	addi	s4, s4, 23
800041f6: a2 3e        	fld	ft9, 40(sp)
800041f8: ca 5e        	lw	t4, 176(sp)
800041fa: 45 3e        	addiw	t3, t3, -15
800041fc: a9 84        	srai	s1, s1, 10
800041fe: c4 3e        	fld	fs1, 184(a3)
80004200: e2 4a        	lw	s5, 24(sp)
80004202: 05 3f        	addiw	t5, t5, -31
80004204: 8f 96 df 3e  	<unknown>
80004208: b7 73 e7 3e  	lui	t2, 257655
8000420c: e6 8f        	mv	t6, s9
8000420e: 96 3e        	fld	ft9, 352(sp)
80004210: 80 01        	addi	s0, sp, 192
80004212: ce 3a        	fld	fs5, 240(sp)
80004214: 5e 64        	ld	s0, 464(sp)
80004216: b4 3e        	fld	fa3, 120(a3)
80004218: 03 d0 8a 3c  	lhu	zero, 968(s5)
8000421c: 28 aa        	fsd	fa0, 80(a2)
8000421e: 2b 3e e3 d4  	<unknown>
80004222: 68 3e        	fld	fa0, 248(a2)
80004224: f2 ef        	sd	t3, 472(sp)
80004226: ac 3e        	fld	fa1, 120(a3)
80004228: f5 e3        	bnez	a5, 0x8000430c <H_imag+0x68c>
8000422a: 16 3f        	fld	ft10, 352(sp)
8000422c: 02 0a        	c.slli64	s4
8000422e: b5 3e        	addiw	t4, t4, -19
80004230: 47 98 f0 3e  	<unknown>
80004234: d7 9b 29 3e  	<unknown>
80004238: 41 18        	addi	a6, a6, -16
8000423a: 08 3e        	fld	fa0, 56(a2)
8000423c: d7 3d 0b 3f  	vslidedown.vi	v27, v16, 22
80004240: 53 cc 5b 3e  	<unknown>
80004244: 99 ce        	beqz	a3, 0x80004262 <H_imag+0x5e2>
80004246: a7 3e 9a 26  	fsd	fs1, 637(s4)
8000424a: 3a 3e        	fld	ft8, 424(sp)
8000424c: 39 e2        	bnez	a2, 0x80004292 <H_imag+0x612>
8000424e: 52 3e        	fld	ft8, 304(sp)
80004250: a9 ab        	j	0x800047aa <H_imag+0xb2a>
80004252: 1e 3e        	fld	ft8, 480(sp)
80004254: cf 17 02 3f  	<unknown>
80004258: b4 41        	lw	a3, 64(a1)
8000425a: d4 3e        	fld	fa3, 184(a3)
8000425c: 94 c4        	sw	a3, 8(s1)
8000425e: 23 3f 4c 51  	sd	s4, 1310(s8)
80004262: 9d 3e        	addiw	t4, t4, -25
80004264: 6f 4d a0 3e  	jal	s10, 0x8000864e <timer+0x250e>
80004268: e7 49 0d 3f  	<unknown>
8000426c: 0e cf        	sw	gp, 156(sp)
8000426e: 14 3f        	fld	fa3, 56(a4)
80004270: c5 93        	srli	a5, a5, 49
80004272: 7c 3e        	fld	fa5, 248(a2)
80004274: 71 3a        	addiw	s4, s4, -4
80004276: 15 3f        	addiw	t5, t5, -27
80004278: 9a 90        	add	ra, ra, t1
8000427a: d9 3e        	addiw	t4, t4, -10
8000427c: d0 f5        	sd	a2, 168(a1)
8000427e: 93 3e 30 26  	sltiu	t4, zero, 611
80004282: 32 3f        	fld	ft10, 296(sp)
80004284: 7f 68 4b 3e  	<unknown>
80004288: a4 0c        	addi	s1, sp, 600
8000428a: d5 3e        	addiw	t4, t4, -11
8000428c: 33 5a 8c 3e  	<unknown>
80004290: 99 7d        	lui	s11, 1048550
80004292: 72 3e        	fld	ft8, 312(sp)
80004294: ba 2c        	fld	fs9, 392(sp)
80004296: f7 3e b5 f9  	<unknown>
8000429a: f2 3d        	fld	fs11, 312(sp)
8000429c: 44 42        	lw	s1, 4(a2)
8000429e: 01 3f        	addiw	t5, t5, -32
800042a0: e2 b9        	fsd	fs8, 240(sp)
800042a2: fc 3e        	fld	fa5, 248(a3)
800042a4: 0b 24 2f 3f  	<unknown>
800042a8: 52 aa        	fsd	fs4, 272(sp)
800042aa: 46 3e        	fld	ft8, 112(sp)
800042ac: 06 59        	lw	s2, 96(sp)
800042ae: 14 3f        	fld	fa3, 56(a4)
800042b0: d8 4c        	lw	a4, 28(s1)
800042b2: f1 3e        	addiw	t4, t4, -4
800042b4: f1 e0        	bnez	s1, 0x80004378 <H_imag+0x6f8>
800042b6: ee 3e        	fld	ft9, 248(sp)
800042b8: ca 82        	mv	t0, s2
800042ba: 0f 3f ef 26  	<unknown>
800042be: c6 3d        	fld	fs11, 112(sp)
800042c0: fb 50 e3 3e  	<unknown>
800042c4: 18 cc        	sw	a4, 24(s0)
800042c6: c4 3d        	fld	fs1, 184(a1)
800042c8: 81 5b        	li	s7, -32
800042ca: 24 3e        	fld	fs1, 120(a2)
800042cc: 9a 52        	lw	t0, 164(sp)
800042ce: 28 3a        	fld	fa0, 112(a2)
800042d0: df e9 9f 3e  	<unknown>
800042d4: 74 d5        	sw	a3, 108(a0)
800042d6: de 3d        	fld	fs11, 496(sp)
800042d8: fd f3        	bnez	a5, 0x800042be <H_imag+0x63e>
800042da: ec 3e        	fld	fa1, 248(a3)
800042dc: 29 de        	beqz	a2, 0x80004236 <H_imag+0x5b6>
800042de: a6 3e        	fld	ft9, 104(sp)
800042e0: 75 68        	lui	a6, 29
800042e2: f4 3d        	fld	fa3, 248(a1)
800042e4: 8d b3        	j	0x80004046 <H_imag+0x3c6>
800042e6: 3f 3e b1 65  	<unknown>
800042ea: 3f 3d d0 82  	<unknown>
800042ee: 83 3e 11 05  	ld	t4, 81(sp)
800042f2: 6e 3e        	fld	ft8, 248(sp)
800042f4: 0b b5 04 3f  	<unknown>
800042f8: bd 56        	li	a3, -17
800042fa: 21 3f        	addiw	t5, t5, -24
800042fc: a5 af        	j	0x80004a74 <H_imag+0xdf4>
800042fe: f5 3e        	addiw	t4, t4, -3
80004300: 19 a4        	j	0x80004506 <H_imag+0x886>
80004302: 21 3f        	addiw	t5, t5, -24
80004304: e6 2e        	fld	ft9, 88(sp)
80004306: 64 3e        	fld	fs1, 248(a2)
80004308: 27 15 bc 3e  	<unknown>
8000430c: 75 90        	srli	s0, s0, 61
8000430e: 9e 3e        	fld	ft9, 480(sp)
80004310: 9d ec        	bnez	s1, 0x8000434e <H_imag+0x6ce>
80004312: d1 3e        	addiw	t4, t4, -12
80004314: 09 e9        	bnez	a0, 0x80004326 <H_imag+0x6a6>
80004316: 01 3f        	addiw	t5, t5, -32
80004318: e2 23        	fld	ft7, 24(sp)
8000431a: 5e 3d        	fld	fs10, 496(sp)
8000431c: 33 8e e6 3e  	<unknown>
80004320: a9 0b        	addi	s7, s7, 10
80004322: de 3c        	fld	fs9, 496(sp)
80004324: ff aa eb 3c  	<unknown>
80004328: 70 11        	addi	a2, sp, 172
8000432a: f5 3e        	addiw	t4, t4, -3
8000432c: 67 9b 39 3e  	<unknown>
80004330: e4 a3        	fsd	fs1, 192(a5)
80004332: 65 3d        	addiw	s10, s10, -7
80004334: d8 e3        	sd	a4, 128(a5)
80004336: 70 3e        	fld	fa2, 248(a2)
80004338: 05 69        	lui	s2, 1
8000433a: 2d 3f        	addiw	t5, t5, -21
8000433c: f9 ce        	beqz	a3, 0x8000441a <H_imag+0x79a>
8000433e: a5 3e        	addiw	t4, t4, -23
80004340: bc 32        	fld	fa5, 96(a3)
80004342: 28 3f        	fld	fa0, 120(a4)
80004344: 7c 52        	lw	a5, 100(a2)
80004346: e1 3d        	addiw	s11, s11, -8
80004348: c3 e0 96 3e  	<unknown>
8000434c: ee 7c        	ld	s9, 248(sp)
8000434e: e7 3e 56 23  	<unknown>
80004352: f9 3e        	addiw	t4, t4, -2
80004354: b1 1f        	addi	t6, t6, -20
80004356: 93 3e d3 79  	sltiu	t4, t1, 1949
8000435a: 30 3d        	fld	fa2, 120(a0)
8000435c: a7 e8 d1 3d  	<unknown>
80004360: 60 f4        	sd	s0, 232(s0)
80004362: cf 3e 5f df  	<unknown>
80004366: 9c 3e        	fld	fa5, 56(a3)
80004368: f3 68 81 3e  	csrrsi	a7, pmpaddr56, 2
8000436c: 14 12        	addi	a3, sp, 288
8000436e: f4 3e        	fld	fa3, 248(a3)
80004370: ae ad        	fsd	fa1, 216(sp)
80004372: cf 3d c4 e0  	fnmadd.s	fs11, fs0, fa2, ft8, rup
80004376: 08 3f        	fld	fa0, 56(a4)
80004378: 07 36 dc 3e  	fld	fa2, 1005(s8)
8000437c: 3f 6d 42 3e  	<unknown>
80004380: 30 93        	<unknown>
80004382: aa 3d        	fld	fs11, 168(sp)
80004384: 8b 8c f7 3e  	<unknown>
80004388: 06 0e        	slli	t3, t3, 1
8000438a: 11 3f        	addiw	t5, t5, -28
8000438c: 6c e2        	sd	a1, 192(a2)
8000438e: e1 3d        	addiw	s11, s11, -8
80004390: 7d 93        	srli	a4, a4, 63
80004392: 14 3e        	fld	fa3, 56(a2)
80004394: 93 0b da 3e  	addi	s7, s4, 1005
80004398: 94 fd        	sd	a3, 56(a1)
8000439a: c3 3e 95 07  	<unknown>
8000439e: e3 3e d1 75  	<unknown>
800043a2: 81 3e        	addiw	t4, t4, -32
800043a4: ce 3b        	fld	fs7, 240(sp)
800043a6: 14 3f        	fld	fa3, 56(a4)
800043a8: a7 40 bc 3d  	<unknown>
800043ac: 1c 25        	fld	fa5, 8(a0)
800043ae: ea 3e        	fld	ft9, 184(sp)
800043b0: 04 1a        	addi	s1, sp, 304
800043b2: 1f 3f 00 b1  	<unknown>
800043b6: da 3d        	fld	fs11, 432(sp)
800043b8: 09 ec        	bnez	s0, 0x800043d2 <H_imag+0x752>
800043ba: 17 3f 09 5a  	auipc	t5, 368787
800043be: 5b 3e cc e9  	<unknown>
800043c2: b4 3c        	fld	fa3, 120(s1)
800043c4: 0d 41        	li	sp, 3
800043c6: ac 3d        	fld	fa1, 120(a1)
800043c8: 2c 6c        	ld	a1, 88(s0)
800043ca: 3f 3d 90 ae  	<unknown>
800043ce: d7 3e ca 6a  	<unknown>
800043d2: 70 3e        	fld	fa2, 248(a2)
800043d4: 7d 4b        	li	s6, 31
800043d6: b0 3d        	fld	fa2, 120(a1)
800043d8: c2 6c        	ld	s9, 16(sp)
800043da: 9a 3d        	fld	fs11, 416(sp)
800043dc: a5 74        	lui	s1, 1048553
800043de: 10 3f        	fld	fa2, 56(a4)
800043e0: 60 b5        	fsd	fs0, 232(a0)
800043e2: 20 3e        	fld	fs0, 120(a2)
800043e4: c2 a3        	fsd	fa6, 448(sp)
800043e6: 2f 3e 6a 01  	amoadd.d	t3, s6, (s4)
800043ea: 35 3f        	addiw	t5, t5, -19
800043ec: f9 43        	li	t2, 30
800043ee: b4 3e        	fld	fa3, 120(a3)
800043f0: af 06 27 3f  	<unknown>
800043f4: fd 5a        	li	s5, -1
800043f6: 20 3f        	fld	fs0, 120(a4)
800043f8: 8f d4 e0 3e  	<unknown>
800043fc: be 7e        	ld	t4, 488(sp)
800043fe: 2b 3f 56 5d  	<unknown>
80004402: d8 3e        	fld	fa4, 184(a3)
80004404: 13 bb 83 3e  	sltiu	s6, t2, 1000
80004408: bc 0d        	addi	a5, sp, 728
8000440a: 8f 3e 0d 4a  	<unknown>
8000440e: 0e 3f        	fld	ft10, 224(sp)
80004410: 6e c2        	sw	s11, 4(sp)
80004412: ce 3e        	fld	ft9, 240(sp)
80004414: 99 85        	srai	a1, a1, 6
80004416: 27 3f 80 40  	fsd	fs0, 1054(zero)
8000441a: 02 3f        	fld	ft10, 32(sp)
8000441c: cd f2        	bnez	a3, 0x800043be <H_imag+0x73e>
8000441e: 16 3e        	fld	ft8, 352(sp)
80004420: ed 4e        	li	t4, 27
80004422: 8a 3e        	fld	ft9, 160(sp)
80004424: b7 7b 2b 3f  	lui	s7, 258743
80004428: 24 65        	ld	s1, 72(a0)
8000442a: 04 3e        	fld	fs1, 56(a2)
8000442c: b2 59        	lw	s3, 44(sp)
8000442e: 90 3e        	fld	fa2, 56(a3)
80004430: 81 64        	lui	s1, 0
80004432: ae 3d        	fld	fs11, 232(sp)
80004434: d3 ad ce 3e  	<unknown>
80004438: 5e f9        	sd	s7, 176(sp)
8000443a: 23 3f c8 53  	sd	t3, 1342(a6)
8000443e: 16 3f        	fld	ft10, 352(sp)
80004440: 55 6a        	lui	s4, 21
80004442: b1 3e        	addiw	t4, t4, -20
80004444: b5 99        	andi	a1, a1, -19
80004446: 0f 3f fe 4c  	<unknown>
8000444a: 28 3e        	fld	fa0, 120(a2)
8000444c: 03 6e 08 3f  	lwu	t3, 1008(a6)
80004450: c7 9f a2 3e  	<unknown>
80004454: 24 ac        	fsd	fs1, 88(s0)
80004456: 14 3f        	fld	fa3, 56(a4)
80004458: 1b 36 bf 3d  	<unknown>
8000445c: 7b a8 06 3f  	<unknown>
80004460: e6 0a        	slli	s5, s5, 25
80004462: a1 3e        	addiw	t4, t4, -24
80004464: 69 13        	addi	t1, t1, -6
80004466: 2d 3f        	addiw	t5, t5, -21
80004468: ed 07        	addi	a5, a5, 27
8000446a: 33 3f a6 29  	<unknown>
8000446e: fa 3e        	fld	ft9, 440(sp)
80004470: a2 8d        	mv	s11, s0
80004472: 34 3f        	fld	fa3, 120(a4)
80004474: 06 a5        	fsd	ft1, 136(sp)
80004476: 28 3e        	fld	fa0, 120(a2)
80004478: c9 e8        	bnez	s1, 0x8000450a <H_imag+0x88a>
8000447a: 27 3f 7f 1b  	fsd	fs7, 446(t5)
8000447e: 17 3e 0e 88  	auipc	t3, 557283
80004482: 52 3e        	fld	ft8, 304(sp)
80004484: 7a ba        	fsd	ft10, 304(sp)
80004486: de 3e        	fld	ft9, 496(sp)
80004488: 2a 98        	add	a6, a6, a0
8000448a: 2b 3d e9 98  	<unknown>
8000448e: 92 3e        	fld	ft9, 288(sp)
80004490: 05 ef        	bnez	a4, 0x800044c8 <H_imag+0x848>
80004492: a0 3e        	fld	fs0, 120(a3)
80004494: 36 aa        	fsd	fa3, 272(sp)
80004496: 75 3d        	addiw	s10, s10, -3
80004498: fb 76 ea 3e  	<unknown>
8000449c: 0a 0c        	slli	s8, s8, 2
8000449e: 20 3f        	fld	fs0, 120(a4)
800044a0: a2 e7        	sd	s0, 456(sp)
800044a2: 0d 3f        	addiw	t5, t5, -29
800044a4: 8f 7a 60 3d  	<unknown>
800044a8: 44 31        	fld	fs1, 160(a0)
800044aa: e3 3d 7f 03  	<unknown>
800044ae: 83 3e b8 04  	ld	t4, 75(a6)
800044b2: ef 3e 93 96  	jal	t4, 0x7ff37e1a <vfctrans_sim.c+0x7ff37e1a>
800044b6: 00 3f        	fld	fs0, 56(a4)
800044b8: 80 64        	ld	s0, 8(s1)
800044ba: 25 3f        	addiw	t5, t5, -23
800044bc: 6b 3b 0e 3f  	<unknown>
800044c0: 13 1f 32 3e  	<unknown>
800044c4: 86 b2        	fsd	ft1, 352(sp)
800044c6: ad 3d        	addiw	s11, s11, -21
800044c8: 09 e7        	bnez	a4, 0x800044d2 <H_imag+0x852>
800044ca: dc 3e        	fld	fa5, 184(a3)
800044cc: cb a4 04 3f  	<unknown>
800044d0: dd 1f        	addi	t6, t6, -9
800044d2: d4 3c        	fld	fa3, 184(s1)
800044d4: a1 fd        	bnez	a1, 0x8000442c <H_imag+0x7ac>
800044d6: 02 3c        	fld	fs8, 32(sp)
800044d8: 6f 16 5e 3e  	jal	a2, 0x800e60bc <timer+0xdff7c>
800044dc: 7f 9f 18 3e  	<unknown>
800044e0: 8f 29 c0 3e  	<unknown>
800044e4: d3 f0 07 3f  	<unknown>
800044e8: dd e0        	bnez	s1, 0x8000458e <H_imag+0x90e>
800044ea: 1e 3f        	fld	ft10, 480(sp)
800044ec: fd b4        	j	0x80003fda <H_imag+0x35a>
800044ee: 3c 3b        	fld	fa5, 112(a4)
800044f0: 25 4f        	li	t5, 9
800044f2: 2e 3f        	fld	ft10, 232(sp)
800044f4: 68 c4        	sw	a0, 76(s0)
800044f6: 8a 3e        	fld	ft9, 160(sp)
800044f8: e0 53        	lw	s0, 100(a5)
800044fa: 07 3e ee a3  	fld	ft8, -1474(t3)
800044fe: 67 3e df fb  	<unknown>
80004502: a9 3e        	addiw	t4, t4, -22
80004504: c0 f0        	sd	s0, 160(s1)
80004506: 34 3f        	fld	fa3, 120(a4)
80004508: 34 ef        	sd	a3, 88(a4)
8000450a: 1c 3f        	fld	fa5, 56(a4)
8000450c: b3 82 8e 3d  	<unknown>
80004510: 4c 7f        	ld	a1, 184(a4)
80004512: d8 3e        	fld	fa4, 184(a3)
80004514: 4e a7        	fsd	fs3, 392(sp)
80004516: 93 3e be 86  	sltiu	t4, t3, -1941
8000451a: ce 3e        	fld	ft9, 240(sp)
8000451c: c6 d3        	sw	a7, 228(sp)
8000451e: 56 3e        	fld	ft8, 368(sp)
80004520: a4 ee        	sd	s1, 88(a3)
80004522: f9 3e        	addiw	t4, t4, -2
80004524: 01 8c        	sub	s0, s0, s0
80004526: 32 3f        	fld	ft10, 296(sp)
80004528: f7 3f 75 3e  	<unknown>
8000452c: dc b3        	fsd	fa5, 160(a5)
8000452e: 62 3d        	fld	fs10, 56(sp)
80004530: 01 72        	lui	tp, 1048544
80004532: b6 3e        	fld	ft9, 360(sp)
80004534: a5 a0        	j	0x8000459c <H_imag+0x91c>
80004536: 79 3e        	addiw	t3, t3, -2
80004538: 9b 49 16 3f  	<unknown>
8000453c: d6 45        	lw	a1, 84(sp)
8000453e: 0e 3e        	fld	ft8, 224(sp)
80004540: 95 4f        	li	t6, 5
80004542: 93 3e c5 47  	sltiu	t4, a0, 1148
80004546: e7 3e b2 24  	<unknown>
8000454a: 4a 3e        	fld	ft8, 176(sp)
8000454c: 86 86        	mv	a3, ra
8000454e: 25 3e        	addiw	t3, t3, -23
80004550: 18 0b        	addi	a4, sp, 400
80004552: 25 3f        	addiw	t5, t5, -23
80004554: 56 33        	fld	ft6, 368(sp)
80004556: d6 3e        	fld	ft9, 368(sp)
80004558: 4b 99 f5 3d  	<unknown>
8000455c: ca 02        	slli	t0, t0, 18
8000455e: e3 3e 6e 3e  	<unknown>
80004562: 68 3e        	fld	fa0, 248(a2)
80004564: e5 0b        	addi	s7, s7, 25
80004566: d7 3e 9d 4d  	<unknown>
8000456a: d4 3e        	fld	fa3, 184(a3)
8000456c: 26 1b        	slli	s6, s6, 41
8000456e: 1e 3f        	fld	ft10, 480(sp)
80004570: ee be        	fsd	fs11, 376(sp)
80004572: 76 3e        	fld	ft8, 376(sp)
80004574: d0 51        	lw	a2, 36(a1)
80004576: 22 3f        	fld	ft10, 40(sp)
80004578: b2 01        	slli	gp, gp, 12
8000457a: 04 3f        	fld	fs1, 56(a4)
8000457c: 18 b1        	fsd	fa4, 32(a0)
8000457e: aa 3e        	fld	ft9, 168(sp)
80004580: c3 6b 1f 3d  	<unknown>
80004584: ef f2 20 3d  	jal	t0, 0x80013956 <timer+0xd816>
80004588: 62 f1        	sd	s8, 160(sp)
8000458a: e5 3e        	addiw	t4, t4, -7
8000458c: 05 1d        	addi	s10, s10, -31
8000458e: 99 3e        	addiw	t4, t4, -26
80004590: e7 01 32 3f  	jalr	gp, 1011(tp)
80004594: 8e 3e        	fld	ft9, 224(sp)
80004596: 11 3f        	addiw	t5, t5, -28
80004598: 5c 48        	lw	a5, 20(s0)
8000459a: 72 3d        	fld	fs10, 312(sp)
8000459c: 95 92        	srli	a3, a3, 37
8000459e: 88 3e        	fld	fa0, 56(a3)
800045a0: 21 e0        	bnez	s0, 0x800045e0 <H_imag+0x960>
800045a2: ba 3e        	fld	ft9, 424(sp)
800045a4: c9 48        	li	a7, 18
800045a6: d3 3e b0 69  	<unknown>
800045aa: a7 3e d6 10  	fsd	fa3, 285(a2)
800045ae: c2 3e        	fld	ft9, 48(sp)
800045b0: f2 d3        	sw	t3, 228(sp)
800045b2: 05 3f        	addiw	t5, t5, -31
800045b4: b3 70 20 3f  	<unknown>
800045b8: bc aa        	fsd	fa5, 80(a3)
800045ba: 30 3f        	fld	fa2, 120(a4)
800045bc: 0b a3 0d 3f  	<unknown>
800045c0: 4a cd        	sw	s2, 152(sp)
800045c2: d4 3d        	fld	fa3, 184(a1)
800045c4: f2 06        	slli	a3, a3, 28
800045c6: 27 3f 18 5f  	fsd	fa7, 1534(a6)
800045ca: bf 3e f4 86  	<unknown>
800045ce: 8d 3e        	addiw	t4, t4, -29
800045d0: 1d 5e        	li	t3, -25
800045d2: 0c 3f        	fld	fa1, 56(a4)
800045d4: 97 dd b0 3e  	auipc	s11, 256781
800045d8: 32 d4        	sw	a2, 40(sp)
800045da: 01 3e        	addiw	t3, t3, -32
800045dc: e8 0a        	addi	a0, sp, 348
800045de: 2b 3f 48 d1  	<unknown>
800045e2: 32 3f        	fld	ft10, 296(sp)
800045e4: 38 a6        	fsd	fa4, 72(a2)
800045e6: c4 3e        	fld	fs1, 184(a3)
800045e8: 0b 24 f2 3e  	<unknown>
800045ec: 77 d9 d1 3e  	<unknown>
800045f0: 6d fb        	bnez	a4, 0x800045e2 <H_imag+0x962>
800045f2: 1b 3f 8c a8  	<unknown>
800045f6: 05 3f        	addiw	t5, t5, -31
800045f8: ed cf        	beqz	a5, 0x800046f2 <H_imag+0xa72>
800045fa: 84 3e        	fld	fs1, 56(a3)
800045fc: 98 0f        	addi	a4, sp, 976
800045fe: cd 3e        	addiw	t4, t4, -13
80004600: a5 39        	addiw	s3, s3, -23
80004602: 01 3f        	addiw	t5, t5, -32
80004604: 74 37        	fld	fa3, 232(a4)
80004606: 30 3f        	fld	fa2, 120(a4)
80004608: 38 8f        	<unknown>
8000460a: 08 3e        	fld	fa0, 56(a2)
8000460c: 1c 34        	fld	fa5, 40(s0)
8000460e: c6 3e        	fld	ft9, 112(sp)
80004610: 58 c6        	sw	a4, 12(a2)
80004612: a4 3e        	fld	fs1, 120(a3)
80004614: 38 32        	fld	fa4, 96(a2)
80004616: 13 3e 20 81  	sltiu	t3, zero, -2030
8000461a: f3 3e ca 88  	csrrc	t4, 2188, s4
8000461e: 09 3e        	addiw	t3, t3, -30
80004620: 85 42        	li	t0, 1
80004622: a7 3e 60 4f  	fsd	fs6, 1277(zero)
80004626: f5 3e        	addiw	t4, t4, -3
80004628: af d5 2f 3e  	<unknown>
8000462c: ea b0        	fsd	fs10, 96(sp)
8000462e: cf 3e 30 2a  	fnmadd.d	ft9, ft0, ft3, ft5, rup
80004632: 5e 3e        	fld	ft8, 496(sp)
80004634: c0 44        	lw	s0, 12(s1)
80004636: fa 3e        	fld	ft9, 440(sp)
80004638: d5 b9        	j	0x8000432c <H_imag+0x6ac>
8000463a: 24 3f        	fld	fs1, 120(a4)
8000463c: 2f a1 48 3d  	<unknown>
80004640: e4 70        	ld	s1, 224(s1)
80004642: c3 3e 6c 6a  	fmadd.d	ft9, fs8, ft6, fa3, rup
80004646: 03 3f f4 fa  	ld	t5, -81(s0)
8000464a: 93 3e 1a 6e  	sltiu	t4, s4, 1761
8000464e: 32 3f        	fld	ft10, 296(sp)
80004650: af 0d 62 3e  	<unknown>
80004654: 7a 4b        	lw	s6, 156(sp)
80004656: 24 3f        	fld	fs1, 120(a4)
80004658: 62 43        	lw	t1, 24(sp)
8000465a: 5e 3d        	fld	fs10, 496(sp)
8000465c: e9 53        	li	t2, -6
8000465e: a3 3d 93 e7  	sd	s9, -389(t1)
80004662: 49 3e        	addiw	t3, t3, -14
80004664: 5d 21        	addiw	sp, sp, 23
80004666: 3a 3e        	fld	ft8, 424(sp)
80004668: 95 96        	srai	a3, a3, 37
8000466a: 53 3e 99 6d  	<unknown>
8000466e: 1f 3b 4b 9f  	<unknown>
80004672: 4d 3d        	addiw	s10, s10, -13
80004674: e5 c8        	beqz	s1, 0x80004764 <H_imag+0xae4>
80004676: 2b 3f 59 d7  	<unknown>
8000467a: 0f 3f 97 fe  	<unknown>
8000467e: 17 3f 00 fe  	auipc	t5, 1040387
80004682: 0b 3f 3c 0e  	<unknown>
80004686: 6c 3e        	fld	fa1, 248(a2)
80004688: bc 2a        	fld	fa5, 80(a3)
8000468a: 0f 3f 78 71  	<unknown>
8000468e: 4f 3c 34 9a  	fnmadd.d	fs8, fs0, ft3, fs3, rup
80004692: 92 3e        	fld	ft9, 288(sp)
80004694: fd c7        	beqz	a5, 0x80004782 <H_imag+0xb02>
80004696: db 3e 97 f8  	<unknown>
8000469a: 25 3f        	addiw	t5, t5, -23
8000469c: a6 77        	ld	a5, 104(sp)
8000469e: 94 3e        	fld	fa3, 56(a3)
800046a0: 2c c3        	sw	a1, 64(a4)
800046a2: 24 3e        	fld	fs1, 120(a2)
800046a4: 7f 1f 28 3f  	<unknown>
800046a8: 12 2d        	fld	fs10, 256(sp)
800046aa: ff 3c 8b d0  	<unknown>
800046ae: 4c 3e        	fld	fa1, 184(a2)
800046b0: 3b 86 bf 3e  	<unknown>
800046b4: 82 89        	jr	s3
800046b6: 5d 3e        	addiw	t3, t3, -9
800046b8: db 87 fd 3e  	<unknown>
800046bc: 04 f6        	sd	s1, 40(a2)
800046be: 54 3e        	fld	fa3, 184(a2)
800046c0: 9e bb        	fsd	ft7, 496(sp)
800046c2: 57 3c ef f6  	<unknown>
800046c6: 5b 3d 18 31  	<unknown>
800046ca: 34 3f        	fld	fa3, 120(a4)
800046cc: 92 94        	add	s1, s1, tp
800046ce: da 3e        	fld	ft9, 432(sp)
800046d0: b6 e7        	sd	a3, 456(sp)
800046d2: 9a 3e        	fld	ft9, 416(sp)
800046d4: 4b 3f 17 3f  	<unknown>
800046d8: 9a a3        	fsd	ft6, 448(sp)
800046da: 27 3e 7a b3  	fsd	fs7, -1220(s4)
800046de: 93 3e 9f 01  	sltiu	t4, t5, 25
800046e2: 99 3d        	addiw	s11, s11, -26
800046e4: 96 95        	add	a1, a1, t0
800046e6: 15 3f        	addiw	t5, t5, -27
800046e8: b8 a5        	fsd	fa4, 72(a1)
800046ea: ff 3e 74 2c  	<unknown>
800046ee: 8c 3d        	fld	fa1, 56(a1)
800046f0: 75 b5        	j	0x8000459c <H_imag+0x91c>
800046f2: d4 3e        	fld	fa3, 184(a3)
800046f4: 6c 8b        	<unknown>
800046f6: 8b 3d d5 52  	<unknown>
800046fa: 81 3d        	addiw	s11, s11, -32
800046fc: 41 dc        	beqz	s0, 0x80004694 <H_imag+0xa14>
800046fe: 08 3f        	fld	fa0, 56(a4)
80004700: a3 71 1a 3e  	<unknown>
80004704: 7e f5        	sd	t6, 168(sp)
80004706: 8f 3e 09 56  	<unknown>
8000470a: ce 3e        	fld	ft9, 240(sp)
8000470c: bc 79        	ld	a5, 112(a1)
8000470e: e2 3e        	fld	ft9, 56(sp)
80004710: ac d8        	sw	a1, 112(s1)
80004712: f4 3e        	fld	fa3, 248(a3)
80004714: a6 a8        	fsd	fs1, 80(sp)
80004716: 2f 3f 3c 86  	amomin.d.aqrl	t5, gp, (s8)
8000471a: 68 3e        	fld	fa0, 248(a2)
8000471c: 83 02 29 3f  	lb	t0, 1010(s2)
80004720: 5f b2 71 3e  	<unknown>
80004724: 88 d4        	sw	a0, 40(s1)
80004726: e9 3e        	addiw	t4, t4, -6
80004728: 8e 7d        	ld	s11, 224(sp)
8000472a: 14 3f        	fld	fa3, 56(a4)
8000472c: 54 4d        	lw	a3, 28(a0)
8000472e: 13 3f b6 40  	sltiu	t5, a2, 1035
80004732: 77 3e 75 43  	<unknown>
80004736: f3 3e ab 92  	csrrc	t4, 2346, s6
8000473a: bd 3d        	addiw	s11, s11, -17
8000473c: 8f 17 48 3e  	<unknown>
80004740: ba 2e        	fld	ft9, 392(sp)
80004742: a5 3e        	addiw	t4, t4, -23
80004744: b9 fc        	bnez	s1, 0x800046a2 <H_imag+0xa22>
80004746: cf 3e 04 70  	fnmadd.s	ft9, fs0, ft0, fa4, rup
8000474a: dd 3e        	addiw	t4, t4, -9
8000474c: 88 f9        	sd	a0, 48(a1)
8000474e: 82 3e        	fld	ft9, 32(sp)
80004750: 69 a2        	j	0x800048da <H_imag+0xc5a>
80004752: c5 3e        	addiw	t4, t4, -15
80004754: 5a b6        	fsd	fs6, 296(sp)
80004756: f4 3e        	fld	fa3, 248(a3)
80004758: d0 b9        	fsd	fa2, 176(a1)
8000475a: ec 3e        	fld	fa1, 248(a3)
8000475c: 84 de        	sw	s1, 56(a3)
8000475e: ff 3d 34 b3  	<unknown>
80004762: 1a 3f        	fld	ft10, 416(sp)
80004764: 8e 59        	lw	s3, 224(sp)
80004766: 30 3f        	fld	fa2, 120(a4)
80004768: 49 8e        	or	a2, a2, a0
8000476a: 55 3e        	addiw	t3, t3, -11
8000476c: 82 4b        	lw	s7, 0(sp)
8000476e: 22 3f        	fld	ft10, 40(sp)
80004770: 4b df 18 3f  	<unknown>
80004774: 2d da        	beqz	a2, 0x800046e6 <H_imag+0xa66>
80004776: e4 3e        	fld	fs1, 248(a3)
80004778: e7 05 28 3f  	jalr	a1, 1010(a6)
8000477c: 37 82 f1 3e  	lui	tp, 257816
80004780: 92 2e        	fld	ft9, 256(sp)
80004782: 97 3e 8b 1f  	auipc	t4, 129203
80004786: 20 3f        	fld	fs0, 120(a4)
80004788: 75 b5        	j	0x80004634 <H_imag+0x9b4>
8000478a: 8c 3e        	fld	fa1, 56(a3)
8000478c: f3 12 38 3e  	csrrw	t0, pmpaddr51, a6
80004790: 5a 2d        	fld	fs10, 400(sp)
80004792: 2e 3c        	fld	fs8, 232(sp)
80004794: 94 9b        	<unknown>
80004796: cb 3e 03 b6  	<unknown>
8000479a: d6 3e        	fld	ft9, 368(sp)
8000479c: 6d ca        	beqz	a2, 0x8000488e <H_imag+0xc0e>
8000479e: b4 3c        	fld	fa3, 120(s1)
800047a0: 04 80        	<unknown>
800047a2: 36 3b        	fld	fs6, 360(sp)
800047a4: 18 0a        	addi	a4, sp, 272
800047a6: c8 3e        	fld	fa0, 184(a3)
800047a8: 79 fb        	bnez	a4, 0x8000477e <H_imag+0xafe>
800047aa: 5a 3d        	fld	fs10, 432(sp)
800047ac: a7 f6 7e 3e  	<unknown>
800047b0: 96 e3        	sd	t0, 448(sp)
800047b2: f8 3e        	fld	fa4, 248(a3)
800047b4: 51 3f        	addiw	t5, t5, -12
800047b6: be 3e        	fld	ft9, 488(sp)
800047b8: 1d 6d        	lui	s10, 7
800047ba: ee 3e        	fld	ft9, 248(sp)
800047bc: 16 6a        	ld	s4, 320(sp)
800047be: 04 3f        	fld	fs1, 56(a4)
800047c0: fe 91        	add	gp, gp, t6
800047c2: 47 3e 98 6e  	<unknown>
800047c6: ad 3d        	addiw	s11, s11, -21
800047c8: f1 7c        	lui	s9, 1048572
800047ca: 12 3f        	fld	ft10, 288(sp)
800047cc: 78 70        	ld	a4, 224(s0)
800047ce: d2 3d        	fld	fs11, 304(sp)
800047d0: 18 33        	fld	fa4, 32(a4)
800047d2: ed 3e        	addiw	t4, t4, -5
800047d4: 0e ff        	sd	gp, 440(sp)
800047d6: 33 3e 2a 99  	<unknown>
800047da: 18 3f        	fld	fa4, 56(a4)
800047dc: 14 f9        	sd	a3, 48(a0)
800047de: 2f 3d 41 0e  	amoswap.d.aqrl	s10, tp, (sp)
800047e2: 00 3f        	fld	fs0, 56(a4)
800047e4: 28 c5        	sw	a0, 72(a0)
800047e6: f7 3e df aa  	<unknown>
800047ea: c4 3e        	fld	fs1, 184(a3)
800047ec: 8d 75        	lui	a1, 1048547
800047ee: ff 3e 50 80  	<unknown>
800047f2: 90 3d        	fld	fa2, 56(a1)
800047f4: 08 3c        	fld	fa0, 56(s0)
800047f6: 24 3e        	fld	fs1, 120(a2)
800047f8: e2 a5        	fsd	fs8, 200(sp)
800047fa: e1 3e        	addiw	t4, t4, -8
800047fc: 20 0d        	addi	s0, sp, 664
800047fe: 0d 3f        	addiw	t5, t5, -29
80004800: 3f ef be 3e  	<unknown>
80004804: e3 7c 06 3e  	bgeu	a2, zero, 0x800053fc <H_imag+0x177c>
80004808: 0e bd        	fsd	ft3, 184(sp)
8000480a: 05 3f        	addiw	t5, t5, -31
8000480c: 8c cd        	sw	a1, 24(a1)
8000480e: d7 3e b2 1b  	<unknown>
80004812: 24 3f        	fld	fs1, 120(a4)
80004814: 12 61        	ld	sp, 256(sp)
80004816: 1b 3f 3a 58  	<unknown>
8000481a: 09 3f        	addiw	t5, t5, -30
8000481c: 60 0a        	addi	s0, sp, 284
8000481e: 10 3e        	fld	fa2, 56(a2)
80004820: 58 0b        	addi	a4, sp, 404
80004822: 03 3f 54 f7  	ld	t5, -139(s0)
80004826: 46 3e        	fld	ft8, 112(sp)
80004828: 67 a7 33 3f  	<unknown>
8000482c: 46 4b        	lw	s6, 80(sp)
8000482e: 4c 3e        	fld	fa1, 184(a2)
80004830: 8a f3        	sd	sp, 480(sp)
80004832: 48 3e        	fld	fa0, 184(a2)
80004834: 1b f5 0c 3c  	<unknown>
80004838: db 73 0c 3f  	<unknown>
8000483c: e8 7a        	ld	a0, 240(a3)
8000483e: aa 3d        	fld	fs11, 168(sp)
80004840: 06 9b        	add	s6, s6, ra
80004842: b8 3e        	fld	fa4, 120(a3)
80004844: d6 3c        	fld	fs9, 368(sp)
80004846: 62 3d        	fld	fs10, 56(sp)
80004848: 36 32        	fld	ft4, 360(sp)
8000484a: 07 3f ee 62  	fld	ft10, 1582(t3)
8000484e: da 3e        	fld	ft9, 432(sp)
80004850: 47 d2 c0 3e  	<unknown>
80004854: 51 33        	addiw	t1, t1, -12
80004856: 97 3e 4b 5c  	auipc	t4, 378035
8000485a: 28 3e        	fld	fa0, 120(a2)
8000485c: 25 95        	srai	a0, a0, 41
8000485e: e8 3e        	fld	fa0, 248(a3)
80004860: c1 20        	addiw	ra, ra, 16
80004862: 9a 3e        	fld	ft9, 416(sp)
80004864: ba 96        	add	a3, a3, a4
80004866: c4 3d        	fld	fs1, 184(a1)
80004868: 64 a8        	fsd	fs1, 208(s0)
8000486a: 2e 3f        	fld	ft10, 232(sp)
8000486c: dc 1a        	addi	a5, sp, 372
8000486e: 24 3f        	fld	fs1, 120(a4)
80004870: fc f9        	sd	a5, 240(a1)
80004872: 24 3f        	fld	fs1, 120(a4)
80004874: bf dc 1c 3f  	<unknown>
80004878: c7 7f 19 3f  	<unknown>
8000487c: 58 10        	addi	a4, sp, 36
8000487e: cf 3e 07 b5  	<unknown>
80004882: 07 3e ae 2a  	fld	ft8, 682(t3)
80004886: 94 3e        	fld	fa3, 56(a3)
80004888: 49 8a        	andi	a2, a2, 18
8000488a: 83 3e 47 58  	ld	t4, 1412(a4)
8000488e: 94 3e        	fld	fa3, 56(a3)
80004890: b4 ca        	sw	a3, 80(a3)
80004892: c9 3e        	addiw	t4, t4, -14
80004894: 47 ee 12 3f  	<unknown>
80004898: eb 1e 94 3d  	<unknown>
8000489c: 6a e3        	sd	s10, 384(sp)
8000489e: 61 3e        	addiw	t3, t3, -8
800048a0: 3c d1        	sw	a5, 96(a0)
800048a2: 7f 3d f8 02  	<unknown>
800048a6: 86 3e        	fld	ft9, 96(sp)
800048a8: a7 c9 06 3f  	<unknown>
800048ac: 5b 67 0f 3f  	<unknown>
800048b0: a6 22        	fld	ft5, 72(sp)
800048b2: 15 3e        	addiw	t3, t3, -27
800048b4: b7 48 31 3f  	lui	a7, 258836
800048b8: 8c 44        	lw	a1, 8(s1)
800048ba: a4 3d        	fld	fs1, 120(a1)
800048bc: 8b a8 85 3c  	<unknown>
800048c0: 44 32        	fld	fs1, 160(a2)
800048c2: 80 3e        	fld	fs0, 56(a3)
800048c4: 92 08        	slli	a7, a7, 4
800048c6: 2c 3f        	fld	fa1, 120(a4)
800048c8: 18 05        	addi	a4, sp, 640
800048ca: c9 3d        	addiw	s11, s11, -14
800048cc: 62 90        	c.add	zero, s8
800048ce: ac 3d        	fld	fa1, 120(a1)
800048d0: e2 28        	fld	fa7, 24(sp)
800048d2: e1 3d        	addiw	s11, s11, -8
800048d4: 39 08        	addi	a6, a6, 14
800048d6: 06 3f        	fld	ft10, 96(sp)
800048d8: 17 1e 15 3e  	auipc	t3, 254289
800048dc: 36 95        	add	a0, a0, a3
800048de: e0 3e        	fld	fs0, 248(a3)
800048e0: b0 f4        	sd	a2, 104(s1)
800048e2: 0b 3f c4 2b  	<unknown>
800048e6: a4 3e        	fld	fs1, 120(a3)
800048e8: 26 11        	slli	sp, sp, 41
800048ea: ea 3d        	fld	fs11, 184(sp)
800048ec: de 51        	lw	gp, 244(sp)
800048ee: 8f 3e 16 74  	<unknown>
800048f2: c9 3e        	addiw	t4, t4, -14
800048f4: f7 47 04 3f  	<unknown>
800048f8: a8 7e        	ld	a0, 120(a3)
800048fa: 09 3f        	addiw	t5, t5, -30
800048fc: 82 07        	c.slli64	a5
800048fe: 32 3e        	fld	ft8, 296(sp)
80004900: 86 69        	ld	s3, 64(sp)
80004902: 18 3f        	fld	fa4, 56(a4)
80004904: bb ca 04 3f  	<unknown>
80004908: 80 11        	addi	s0, sp, 224
8000490a: 10 3f        	fld	fa2, 56(a4)
8000490c: 37 ee 82 3e  	lui	t3, 256046
80004910: 06 0a        	slli	s4, s4, 1
80004912: 02 3b        	fld	fs6, 32(sp)
80004914: 1e 70        	<unknown>
80004916: 66 3e        	fld	ft8, 120(sp)
80004918: 68 90        	<unknown>
8000491a: 2a 3f        	fld	ft10, 168(sp)
8000491c: 39 27        	addiw	a4, a4, 14
8000491e: f4 3d        	fld	fa3, 248(a1)
80004920: 7a 6b        	ld	s6, 408(sp)
80004922: a9 3e        	addiw	t4, t4, -22
80004924: 71 78        	lui	a6, 1048572
80004926: 97 3e e7 db  	auipc	t4, 900723
8000492a: 0b 3f 2b 73  	<unknown>
8000492e: 6c 3d        	fld	fa1, 248(a0)
80004930: 83 08 65 3e  	lb	a7, 998(a0)
80004934: 63 30 f7 3e  	<unknown>
80004938: 2f 84 19 3f  	<unknown>
8000493c: 68 f4        	sd	a0, 232(s0)
8000493e: e9 3e        	addiw	t4, t4, -6
80004940: ae 39        	fld	fs3, 232(sp)
80004942: 33 3f 15 25  	<unknown>
80004946: ef 3d 1c be  	jal	s11, 0x7ffc8526 <vfctrans_sim.c+0x7ffc8526>
8000494a: 8d 3e        	addiw	t4, t4, -29
8000494c: 29 b3        	j	0x80004656 <H_imag+0x9d6>
8000494e: fb 3e e2 8b  	<unknown>
80004952: ca 3e        	fld	ft9, 176(sp)
80004954: 19 d8        	beqz	s0, 0x8000486a <H_imag+0xbea>
80004956: d3 3e c0 cf  	<unknown>
8000495a: b8 39        	fld	fa4, 112(a1)
8000495c: 18 dd        	sw	a4, 56(a0)
8000495e: a0 3e        	fld	fs0, 120(a3)
80004960: eb 7f 10 3f  	<unknown>
80004964: 49 b6        	j	0x800044e6 <H_imag+0x866>
80004966: e4 3e        	fld	fs1, 248(a3)
80004968: de d8        	sw	s7, 112(sp)
8000496a: 0c 3f        	fld	fa1, 56(a4)
8000496c: d7 f0 1f 3f  	vsetvli	ra, t6, 1009
80004970: 49 0f        	addi	t5, t5, 18
80004972: 12 3e        	fld	ft8, 288(sp)
80004974: fd c1        	beqz	a1, 0x80004a5a <H_imag+0xdda>
80004976: 43 3e c2 e0  	fmadd.s	ft8, ft4, fa2, ft8, rup
8000497a: c0 3e        	fld	fs0, 184(a3)
8000497c: 30 d3        	sw	a2, 96(a4)
8000497e: c1 3e        	addiw	t4, t4, -16
80004980: d0 bc        	fsd	fa2, 184(s1)
80004982: 0d 3f        	addiw	t5, t5, -29
80004984: f3 01 91 3e  	<unknown>
80004988: a3 56 3d 3e  	<unknown>
8000498c: d8 70        	ld	a4, 160(s1)
8000498e: e7 3e 64 46  	<unknown>
80004992: bf 3d 0c 6d  	<unknown>
80004996: 2b 3f c3 7a  	<unknown>
8000499a: b4 3e        	fld	fa3, 120(a3)
8000499c: ae 04        	slli	s1, s1, 11
8000499e: 11 3e        	addiw	t3, t3, -28
800049a0: 23 be ef 3e  	sd	a4, 1020(t6)
800049a4: 76 38        	fld	fa6, 376(sp)
800049a6: 04 3f        	fld	fs1, 56(a4)
800049a8: 7d 59        	li	s2, -1
800049aa: 1a 3e        	fld	ft8, 416(sp)
800049ac: 96 3b        	fld	fs7, 352(sp)
800049ae: a5 3d        	addiw	s11, s11, -23
800049b0: ba d1        	sw	a4, 224(sp)
800049b2: 61 3e        	addiw	t3, t3, -8
800049b4: 4b ee 94 3d  	<unknown>
800049b8: 7e b1        	fsd	ft11, 160(sp)
800049ba: b5 3e        	addiw	t4, t4, -19
800049bc: 6b cb a1 3e  	<unknown>
800049c0: 39 31        	addiw	sp, sp, -18
800049c2: 91 3e        	addiw	t4, t4, -28
800049c4: 48 09        	addi	a0, sp, 148
800049c6: 2d 3f        	addiw	t5, t5, -21
800049c8: 4d 65        	lui	a0, 19
800049ca: 1f 3f 92 cf  	<unknown>
800049ce: b9 3e        	addiw	t4, t4, -18
800049d0: a3 81 1b 3f  	sb	a7, 995(s7)
800049d4: 71 9e        	<unknown>
800049d6: d7 3d 33 c6  	<unknown>
800049da: 24 3d        	fld	fs1, 120(a0)
800049dc: 57 32 a7 3e  	vslidedown.vi	v4, v10, 14
800049e0: 78 93        	<unknown>
800049e2: 34 3f        	fld	fa3, 120(a4)
800049e4: 18 64        	ld	a4, 8(s0)
800049e6: 06 3e        	fld	ft8, 96(sp)
800049e8: f1 ef        	bnez	a5, 0x80004ac4 <H_imag+0xe44>
800049ea: c4 3d        	fld	fs1, 184(a1)
800049ec: fb 7e 08 3f  	<unknown>
800049f0: 24 7d        	ld	s1, 120(a0)
800049f2: f6 3e        	fld	ft9, 376(sp)
800049f4: df a5 1a 3f  	<unknown>
800049f8: cb 33 da 3d  	<unknown>
800049fc: a7 d5 89 3e  	<unknown>
80004a00: ba bc        	fsd	fa4, 120(sp)
80004a02: 20 3f        	fld	fs0, 120(a4)
80004a04: a4 ac        	fsd	fs1, 88(s1)
80004a06: d1 3e        	addiw	t4, t4, -12
80004a08: ac ad        	fsd	fa1, 88(a1)
80004a0a: af 3e a3 c8  	<unknown>
80004a0e: 5d 3e        	addiw	t3, t3, -9
80004a10: ee 9a        	add	s5, s5, s11
80004a12: 68 3e        	fld	fa0, 248(a2)
80004a14: a5 e7        	bnez	a5, 0x80004a7c <H_imag+0xdfc>
80004a16: ad 3e        	addiw	t4, t4, -21
80004a18: a1 1a        	addi	s5, s5, -24
80004a1a: 32 3f        	fld	ft10, 296(sp)
80004a1c: ca dc        	sw	s2, 120(sp)
80004a1e: 9f 3e 56 6c  	<unknown>
80004a22: 2d 3f        	addiw	t5, t5, -21
80004a24: b7 b0 2c 3f  	lui	ra, 258763
80004a28: 2d d3        	beqz	a4, 0x8000498a <H_imag+0xd0a>
80004a2a: fe 3d        	fld	fs11, 504(sp)
80004a2c: 61 06        	addi	a2, a2, 24
80004a2e: 1c 3e        	fld	fa5, 56(a2)
80004a30: ce c4        	sw	s3, 72(sp)
80004a32: f6 3e        	fld	ft9, 376(sp)
80004a34: 7d c4        	beqz	s0, 0x80004b22 <H_imag+0xea2>
80004a36: 2d 3f        	addiw	t5, t5, -21
80004a38: c5 d1        	beqz	a1, 0x800049d8 <H_imag+0xd58>
80004a3a: 99 3e        	addiw	t4, t4, -26
80004a3c: 8a 64        	ld	s1, 128(sp)
80004a3e: f1 3e        	addiw	t4, t4, -4
80004a40: f0 8a        	<unknown>
80004a42: 1d 3f        	addiw	t5, t5, -25
80004a44: 9b 30 7b 3e  	<unknown>
80004a48: 18 ea        	sd	a4, 16(a2)
80004a4a: db 3d 32 99  	<unknown>
80004a4e: c7 3e db 42  	fmsub.d	ft9, fs6, fa3, fs0, rup
80004a52: 74 3e        	fld	fa3, 248(a2)
80004a54: a1 2f        	addiw	t6, t6, 8
80004a56: d8 3e        	fld	fa4, 184(a3)
80004a58: 05 2a        	addiw	s4, s4, 1
80004a5a: df 3e ec 1e  	<unknown>
80004a5e: e3 3d 62 12  	<unknown>
80004a62: 8e 3e        	fld	ft9, 224(sp)
80004a64: 92 a3        	fsd	ft4, 448(sp)
80004a66: 17 3f 5d e0  	auipc	t5, 918995
80004a6a: dc 3e        	fld	fa5, 184(a3)
80004a6c: 2e 0c        	slli	s8, s8, 11
80004a6e: b6 3e        	fld	ft9, 360(sp)
80004a70: 69 ae        	j	0x80004e0a <H_imag+0x118a>
80004a72: 71 3e        	addiw	t3, t3, -4
80004a74: 4f 42 25 3c  	<unknown>
80004a78: 6e 0b        	slli	s6, s6, 27
80004a7a: 80 3e        	fld	fs0, 56(a3)
80004a7c: 98 82        	<unknown>
80004a7e: b3 3e fd 78  	<unknown>
80004a82: 19 3f        	addiw	t5, t5, -26
80004a84: 7b e9 e5 3e  	<unknown>
80004a88: 78 0b        	addi	a4, sp, 412
80004a8a: c4 3d        	fld	fs1, 184(a1)
80004a8c: b7 61 52 3e  	lui	gp, 255270
80004a90: 5f 18 17 3e  	<unknown>
80004a94: bb a4 71 3e  	<unknown>
80004a98: 0e f2        	sd	gp, 288(sp)
80004a9a: 2d 3f        	addiw	t5, t5, -21
80004a9c: 18 c9        	sw	a4, 16(a0)
80004a9e: 1b 3f 01 c0  	<unknown>
80004aa2: 19 3e        	addiw	t3, t3, -26
80004aa4: c7 f4 98 3e  	<unknown>
80004aa8: 99 36        	addiw	a3, a3, -26
80004aaa: 21 3f        	addiw	t5, t5, -24
80004aac: 4d 45        	li	a0, 19
80004aae: e7 3e d0 15  	<unknown>
80004ab2: bb 3e a1 47  	<unknown>
80004ab6: 8a 3e        	fld	ft9, 160(sp)
80004ab8: d3 6e 41 3d  	<unknown>
80004abc: 55 65        	lui	a0, 21
80004abe: f1 3e        	addiw	t4, t4, -4
80004ac0: 90 61        	ld	a2, 0(a1)
80004ac2: a0 3e        	fld	fs0, 120(a3)
80004ac4: 62 8d        	mv	s10, s8
80004ac6: 2f 3e 15 ae  	<unknown>
80004aca: 23 3f 73 ae  	sd	t2, -1282(t1)
80004ace: ce 3e        	fld	ft9, 240(sp)
80004ad0: bf 88 18 3f  	<unknown>
80004ad4: 19 07        	addi	a4, a4, 6
80004ad6: ee 3e        	fld	ft9, 248(sp)
80004ad8: c5 f4        	bnez	s1, 0x80004a80 <H_imag+0xe00>
80004ada: ec 3e        	fld	fa1, 248(a3)
80004adc: f1 75        	lui	a1, 1048572
80004ade: 68 3e        	fld	fa0, 248(a2)
80004ae0: 22 bc        	fsd	fs0, 56(sp)
80004ae2: 2f 3e 3e 4f  	<unknown>
80004ae6: 9a 3e        	fld	ft9, 416(sp)
80004ae8: f9 69        	lui	s3, 30
80004aea: 3a 3d        	fld	fs10, 424(sp)
80004aec: fe 42        	lw	t0, 220(sp)
80004aee: 97 3e 01 9e  	auipc	t4, 647187
80004af2: 80 3d        	fld	fs0, 56(a1)
80004af4: 44 ba        	fsd	fs1, 176(a2)
80004af6: 77 3d 18 24  	<unknown>
80004afa: 01 3f        	addiw	t5, t5, -32
80004afc: 00 1c        	addi	s0, sp, 560
80004afe: 94 3e        	fld	fa3, 56(a3)
80004b00: 4f dd 65 3d  	<unknown>
80004b04: 67 ce 2d 3f  	<unknown>
80004b08: 98 95        	<unknown>
80004b0a: d0 3e        	fld	fa2, 184(a3)
80004b0c: 31 be        	j	0x80004628 <H_imag+0x9a8>
80004b0e: 8d 3e        	addiw	t4, t4, -29
80004b10: f0 f2        	sd	a2, 224(a3)
80004b12: 3c 3c        	fld	fa5, 120(s0)
80004b14: ad 61        	lui	gp, 11
80004b16: 96 3e        	fld	ft9, 352(sp)
80004b18: 26 97        	add	a4, a4, s1
80004b1a: bd 3e        	addiw	t4, t4, -17
80004b1c: 8b 95 9e 3e  	<unknown>
80004b20: e4 3b        	fld	fs1, 240(a5)
80004b22: 08 3f        	fld	fa0, 56(a4)
80004b24: 36 29        	fld	fs2, 328(sp)
80004b26: e8 3e        	fld	fa0, 248(a3)
80004b28: c8 ce        	sw	a0, 28(a3)
80004b2a: 28 3f        	fld	fa0, 120(a4)
80004b2c: 99 92        	srli	a3, a3, 38
80004b2e: 5c 3e        	fld	fa5, 184(a2)
80004b30: 27 cf fa 3e  	<unknown>
80004b34: 2f 9f 1a 3f  	<unknown>
80004b38: 60 b3        	fsd	fs0, 224(a4)
80004b3a: 98 3d        	fld	fa4, 56(a1)
80004b3c: 42 e1        	sd	a6, 128(sp)
80004b3e: 0e 3f        	fld	ft10, 224(sp)
80004b40: be 13        	slli	t2, t2, 47
80004b42: f7 3e a0 3f  	<unknown>
80004b46: 2e 3f        	fld	ft10, 232(sp)
80004b48: db 97 03 3f  	<unknown>
80004b4c: f0 d0        	sw	a2, 100(s1)
80004b4e: d0 3e        	fld	fa2, 184(a3)
80004b50: e0 ef        	sd	s0, 216(a5)
80004b52: 10 3e        	fld	fa2, 56(a2)
80004b54: 9a ce        	sw	t1, 92(sp)
80004b56: b1 3e        	addiw	t4, t4, -20
80004b58: de d6        	sw	s7, 108(sp)
80004b5a: 6d 3b        	addiw	s6, s6, -5
80004b5c: e1 39        	addiw	s3, s3, -8
80004b5e: 1f 3f 76 3b  	<unknown>
80004b62: ac 3d        	fld	fa1, 120(a1)
80004b64: 90 b4        	fsd	fa2, 40(s1)
80004b66: 20 3f        	fld	fs0, 120(a4)
80004b68: 96 68        	ld	a7, 320(sp)
80004b6a: 25 3e        	addiw	t3, t3, -23
80004b6c: 19 39        	addiw	s2, s2, -26
80004b6e: e2 3d        	fld	fs11, 56(sp)
80004b70: e7 b9 09 3f  	<unknown>
80004b74: 26 b4        	fsd	fs1, 40(sp)
80004b76: 26 3f        	fld	ft10, 104(sp)
80004b78: 30 ad        	fsd	fa2, 88(a0)
80004b7a: 9b 3e 5d 21  	<unknown>
80004b7e: 89 3e        	addiw	t4, t4, -30
80004b80: 64 8f        	<unknown>
80004b82: 33 3e bb 3e  	<unknown>
80004b86: 10 3f        	fld	fa2, 56(a4)
80004b88: db 9f b8 3e  	<unknown>
80004b8c: 6b ce 08 3e  	<unknown>
80004b90: d9 ea        	bnez	a3, 0x80004c26 <H_imag+0xfa6>
80004b92: a3 3d 0a 98  	sd	zero, -1637(s4)
80004b96: 32 3f        	fld	ft10, 296(sp)
80004b98: 62 1a        	slli	s4, s4, 56
80004b9a: 44 3e        	fld	fs1, 184(a2)
80004b9c: ce 44        	lw	s1, 208(sp)
80004b9e: 33 3f fa 5d  	<unknown>
80004ba2: 0f 3f 9b cc  	<unknown>
80004ba6: 04 3f        	fld	fs1, 56(a4)
80004ba8: a3 4e 34 3e  	<unknown>
80004bac: dd 18        	addi	a7, a7, -9
80004bae: c0 3e        	fld	fs0, 184(a3)
80004bb0: 59 27        	addiw	a4, a4, 22
80004bb2: db 3b d9 aa  	<unknown>
80004bb6: 25 3e        	addiw	t3, t3, -23
80004bb8: 9d d7        	beqz	a5, 0x80004ae6 <H_imag+0xe66>
80004bba: d6 3e        	fld	ft9, 368(sp)
80004bbc: 76 0a        	slli	s4, s4, 29
80004bbe: 27 3e 30 1e  	fsd	ft3, 508(zero)
80004bc2: d4 3e        	fld	fa3, 184(a3)
80004bc4: 50 8a        	<unknown>
80004bc6: 15 3f        	addiw	t5, t5, -27
80004bc8: b8 a2        	fsd	fa4, 64(a3)
80004bca: b6 3e        	fld	ft9, 360(sp)
80004bcc: e4 72        	ld	s1, 224(a3)
80004bce: a7 3e fa a0  	fsd	fa5, -1507(s4)
80004bd2: 53 3e 0f 54  	<unknown>
80004bd6: eb 3e 65 71  	<unknown>
80004bda: f4 3e        	fld	fa3, 248(a3)
80004bdc: c1 36        	addiw	a3, a3, -16
80004bde: 82 3e        	fld	ft9, 32(sp)
80004be0: 70 14        	addi	a2, sp, 556
80004be2: 27 3e 2b 85  	fsd	fs2, -1956(s6)
80004be6: ea 3e        	fld	ft9, 184(sp)
80004be8: 1a f0        	sd	t1, 32(sp)
80004bea: 61 3d        	addiw	s10, s10, -8
80004bec: e7 ba c0 3d  	<unknown>
80004bf0: da 2f        	fld	ft11, 400(sp)
80004bf2: a4 3e        	fld	fs1, 120(a3)
80004bf4: 96 25        	fld	fa1, 320(sp)
80004bf6: 6e 3e        	fld	ft8, 248(sp)
80004bf8: f1 20        	addiw	ra, ra, 28
80004bfa: 1d 3f        	addiw	t5, t5, -25
80004bfc: 9a 06        	slli	a3, a3, 6
80004bfe: 06 3f        	fld	ft10, 96(sp)
80004c00: ee 6a        	ld	s5, 216(sp)
80004c02: e2 3e        	fld	ft9, 56(sp)
80004c04: 14 c5        	sw	a3, 8(a0)
80004c06: 15 3d        	addiw	s10, s10, -27
80004c08: ea f1        	sd	s10, 224(sp)
80004c0a: 14 3f        	fld	fa3, 56(a4)
80004c0c: e2 d4        	sw	s8, 104(sp)
80004c0e: bb 3e 19 84  	<unknown>
80004c12: 84 3e        	fld	fs1, 56(a3)
80004c14: d7 ef ac 3e  	vslide1down.vx	v31, v10, s9
80004c18: ef 36 ac 3d  	jal	a3, 0x800c7ff2 <timer+0xc1eb2>
80004c1c: 7a 1c        	slli	s8, s8, 62
80004c1e: 5d 3e        	addiw	t3, t3, -9
80004c20: 5c d2        	sw	a5, 36(a2)
80004c22: 89 3d        	addiw	s11, s11, -30
80004c24: e8 6e        	ld	a0, 216(a3)
80004c26: c2 3d        	fld	fs11, 48(sp)
80004c28: 0b 0c fa 3e  	<unknown>
80004c2c: 99 c4        	beqz	s1, 0x80004c3a <H_imag+0xfba>
80004c2e: 0c 3f        	fld	fa1, 56(a4)
80004c30: 44 69        	ld	s1, 144(a0)
80004c32: a5 3e        	addiw	t4, t4, -23
80004c34: 6e c3        	sw	s11, 132(sp)
80004c36: 06 3f        	fld	ft10, 96(sp)
80004c38: 93 03 c1 3e  	addi	t2, sp, 1004
80004c3c: 1b 8e 3c 3e  	addiw	t3, s9, 995
80004c40: 78 50        	lw	a4, 100(s0)
80004c42: 26 3f        	fld	ft10, 104(sp)
80004c44: 99 4c        	li	s9, 6
80004c46: ca 3e        	fld	ft9, 176(sp)
80004c48: 6e d6        	sw	s11, 44(sp)
80004c4a: 91 3e        	addiw	t4, t4, -28
80004c4c: 22 8a        	mv	s4, s0
80004c4e: 5f 3e 3c c3  	<unknown>
80004c52: 77 3e f5 29  	<unknown>
80004c56: 2f 3f 36 7f  	<unknown>
80004c5a: be 3d        	fld	fs11, 488(sp)
80004c5c: d0 91        	<unknown>
80004c5e: fc 3e        	fld	fa5, 248(a3)
80004c60: ca d8        	sw	s2, 112(sp)
80004c62: 95 3d        	addiw	s11, s11, -27
80004c64: b1 57        	li	a5, -20
80004c66: 21 3e        	addiw	t3, t3, -24
80004c68: 6c 9e        	<unknown>
80004c6a: 2b 3f d7 69  	<unknown>
80004c6e: f8 3d        	fld	fa4, 248(a1)
80004c70: 42 1e        	slli	t3, t3, 48
80004c72: 23 3f 17 b3  	sd	a7, -1218(a4)
80004c76: f4 3e        	fld	fa3, 248(a3)
80004c78: b7 8b 57 3e  	lui	s7, 255352
80004c7c: e3 f3 53 3d  	bgeu	t2, s5, 0x80005842 <H_imag+0x1bc2>
80004c80: bd b5        	j	0x80004aee <H_imag+0xe6e>
80004c82: 26 3f        	fld	ft10, 104(sp)
80004c84: 96 c2        	sw	t0, 68(sp)
80004c86: 0a 3e        	fld	ft8, 160(sp)
80004c88: 93 69 38 3b  	ori	s3, a6, 947
80004c8c: ea 9c        	add	s9, s9, s10
80004c8e: ff 3d 7d 47  	<unknown>
80004c92: 13 3f 16 37  	sltiu	t5, a2, 881
80004c96: 8a 3d        	fld	fs11, 160(sp)
80004c98: b1 6f        	lui	t6, 12
80004c9a: b7 3e 84 11  	lui	t4, 71747
80004c9e: 0b 3f 29 d2  	<unknown>
80004ca2: dc 3e        	fld	fa5, 184(a3)
80004ca4: 55 fd        	bnez	a0, 0x80004c60 <H_imag+0xfe0>
80004ca6: a6 3e        	fld	ft9, 104(sp)
80004ca8: 56 0d        	slli	s10, s10, 21
80004caa: 65 3d        	addiw	s10, s10, -7
80004cac: 8c fd        	sd	a1, 56(a1)
80004cae: 2c 3f        	fld	fa1, 120(a4)
80004cb0: ce 78        	ld	a7, 240(sp)
80004cb2: f5 3d        	addiw	s11, s11, -3
80004cb4: 4e 07        	slli	a4, a4, 19
80004cb6: 05 3e        	addiw	t3, t3, -31
80004cb8: ec 81        	<unknown>
80004cba: f8 3d        	fld	fa4, 248(a1)
80004cbc: 65 a6        	j	0x80005064 <H_imag+0x13e4>
80004cbe: 59 3e        	addiw	t3, t3, -10
80004cc0: c4 29        	fld	fs1, 144(a1)
80004cc2: 13 3f 82 8a  	sltiu	t5, tp, -1880
80004cc6: 89 3e        	addiw	t4, t4, -30
80004cc8: e6 e6        	sd	s9, 328(sp)
80004cca: 1e 3e        	fld	ft8, 480(sp)
80004ccc: 67 c2 cb 3d  	<unknown>
80004cd0: 53 b5 01 3f  	<unknown>
80004cd4: 1d 41        	li	sp, 7
80004cd6: 0e 3f        	fld	ft10, 224(sp)
80004cd8: e7 0a 24 3d  	jalr	s5, 978(s0)
80004cdc: d2 35        	fld	fa1, 304(sp)
80004cde: 89 3e        	addiw	t4, t4, -30
80004ce0: 8f 4a c1 3d  	<unknown>
80004ce4: f7 c2 11 3f  	<unknown>
80004ce8: 7d f2        	bnez	a2, 0x80004cce <H_imag+0x104e>
80004cea: a6 3d        	fld	fs11, 104(sp)
80004cec: 4b 8f fb 3e  	<unknown>
80004cf0: d8 2d        	fld	fa4, 152(a1)
80004cf2: f2 3d        	fld	fs11, 312(sp)
80004cf4: ab 9c 01 3f  	<unknown>
80004cf8: 3a e9        	sd	a4, 144(sp)
80004cfa: cc 3e        	fld	fa1, 184(a3)
80004cfc: 2a fe        	sd	a0, 312(sp)
80004cfe: 3f 3d 48 6d  	<unknown>
80004d02: 9c 3e        	fld	fa5, 56(a3)
80004d04: a8 29        	fld	fa0, 80(a1)
80004d06: 0b 3f 6d ff  	<unknown>
80004d0a: 15 3f        	addiw	t5, t5, -27
80004d0c: e8 da        	sw	a0, 116(a3)
80004d0e: 89 3e        	addiw	t4, t4, -30
80004d10: 87 5f 33 3f  	<unknown>
80004d14: 29 6d        	lui	s10, 10
80004d16: 57 3e ec 5e  	<unknown>
80004d1a: 0f 3e c0 98  	<unknown>
80004d1e: 59 3d        	addiw	s10, s10, -10
80004d20: 0b b2 71 3e  	<unknown>
80004d24: 77 78 1b 3d  	<unknown>
80004d28: b9 90        	srli	s1, s1, 46
80004d2a: 05 3c        	addiw	s8, s8, -31
80004d2c: 46 7a        	ld	s4, 112(sp)
80004d2e: 8b 3e fc 16  	<unknown>
80004d32: be 3e        	fld	ft9, 488(sp)
80004d34: fd f4        	bnez	s1, 0x80004d22 <H_imag+0x10a2>
80004d36: 80 3e        	fld	fs0, 56(a3)
80004d38: 87 28 eb 3d  	flw	fa7, 990(s6)
80004d3c: a8 94        	<unknown>
80004d3e: 21 3f        	addiw	t5, t5, -24
80004d40: fd 4e        	li	t4, 31
80004d42: 1c 3f        	fld	fa5, 56(a4)
80004d44: 48 b5        	fsd	fa0, 168(a0)
80004d46: 8d 3d        	addiw	s11, s11, -29
80004d48: e6 ef        	sd	s9, 472(sp)
80004d4a: f2 3e        	fld	ft9, 312(sp)
80004d4c: 86 0c        	slli	s9, s9, 1
80004d4e: 70 3e        	fld	fa2, 248(a2)
80004d50: 21 e3        	bnez	a4, 0x80004d90 <H_imag+0x1110>
80004d52: 1e 3f        	fld	ft10, 480(sp)
80004d54: 93 35 d1 3e  	sltiu	a1, sp, 1005
80004d58: 7f 9e 98 3e  	<unknown>
80004d5c: 98 bf        	fsd	fa4, 56(a5)
80004d5e: 9f 3e 2c 5f  	<unknown>
80004d62: 17 3f 2e ae  	auipc	t5, 713443
80004d66: 5c 3e        	fld	fa5, 184(a2)
80004d68: c3 8e 51 3d  	<unknown>
80004d6c: 09 d6        	beqz	a2, 0x80004c76 <H_imag+0xff6>
80004d6e: 8f 3e cf a3  	<unknown>
80004d72: b9 3e        	addiw	t4, t4, -18
80004d74: bc 72        	ld	a5, 96(a3)
80004d76: a8 3e        	fld	fa0, 120(a3)
80004d78: 10 71        	ld	a2, 32(a0)
80004d7a: 8f 3d 5d 3f  	<unknown>
80004d7e: f8 3e        	fld	fa4, 248(a3)
80004d80: 29 28        	addiw	a6, a6, 10
80004d82: a3 3d 9f a9  	sd	s9, -1381(t5)
80004d86: 05 3f        	addiw	t5, t5, -31
80004d88: 98 00        	addi	a4, sp, 64
80004d8a: d0 3e        	fld	fa2, 184(a3)
80004d8c: 59 12        	addi	tp, tp, -10
80004d8e: 1f 3f ca f5  	<unknown>
80004d92: d0 3e        	fld	fa2, 184(a3)
80004d94: f2 49        	lw	s3, 28(sp)
80004d96: 1a 3f        	fld	ft10, 416(sp)
80004d98: 67 92 2f 3f  	<unknown>
80004d9c: 4a e6        	sd	s2, 264(sp)
80004d9e: 93 3e c2 cb  	sltiu	t4, tp, -836
80004da2: bf 3e 80 f1  	<unknown>
80004da6: ac 3c        	fld	fa1, 120(s1)
80004da8: 7d 39        	addiw	s2, s2, -1
80004daa: 20 3f        	fld	fs0, 120(a4)
80004dac: 2d 79        	lui	s2, 1048555
80004dae: 95 3d        	addiw	s11, s11, -27
80004db0: cc 5e        	lw	a1, 60(a3)
80004db2: 9d 3d        	addiw	s11, s11, -25
80004db4: 7c 09        	addi	a5, sp, 156
80004db6: b1 3e        	addiw	t4, t4, -20
80004db8: 62 1c        	slli	s8, s8, 56
80004dba: 19 3f        	addiw	t5, t5, -26
80004dbc: 6b cf b2 3d  	<unknown>
80004dc0: be 5c        	lw	s9, 236(sp)
80004dc2: b9 3e        	addiw	t4, t4, -18
80004dc4: 8f 4f 34 3f  	<unknown>
80004dc8: 38 3f        	fld	fa4, 120(a4)
80004dca: d2 3e        	fld	ft9, 304(sp)
80004dcc: b9 b0        	j	0x8000461a <H_imag+0x99a>
80004dce: e4 3e        	fld	fs1, 248(a3)
80004dd0: 0b 35 36 3e  	<unknown>
80004dd4: 20 49        	lw	s0, 80(a0)
80004dd6: 12 3f        	fld	ft10, 288(sp)
80004dd8: d1 bc        	j	0x800048ac <H_imag+0xc2c>
80004dda: 54 3e        	fld	fa3, 184(a2)
80004ddc: 4b aa 5b 3d  	<unknown>
80004de0: 84 98        	<unknown>
80004de2: 22 3f        	fld	ft10, 40(sp)
80004de4: 75 78        	lui	a6, 1048573
80004de6: bc 3e        	fld	fa5, 120(a3)
80004de8: a5 69        	lui	s3, 9
80004dea: 01 3f        	addiw	t5, t5, -32
80004dec: ec 18        	addi	a1, sp, 124
80004dee: c0 3e        	fld	fs0, 184(a3)
80004df0: e5 af        	j	0x800055e8 <H_imag+0x1968>
80004df2: 8f 3e e6 c4  	<unknown>
80004df6: 97 3e a6 ce  	auipc	t4, 846435
80004dfa: ec 3e        	fld	fa1, 248(a3)
80004dfc: 56 c8        	sw	s5, 16(sp)
80004dfe: df 3e be f3  	<unknown>
80004e02: c2 3e        	fld	ft9, 48(sp)
80004e04: 7d 17        	addi	a4, a4, -1
80004e06: e7 3e 46 d0  	<unknown>
80004e0a: a5 3e        	addiw	t4, t4, -23
80004e0c: 64 c0        	sw	s1, 68(s0)
80004e0e: 08 3f        	fld	fa0, 56(a4)
80004e10: 8c a6        	fsd	fa1, 8(a3)
80004e12: 17 3f 58 26  	auipc	t5, 157059
80004e16: 0a 3f        	fld	ft10, 160(sp)
80004e18: c0 29        	fld	fs0, 144(a1)
80004e1a: 25 3f        	addiw	t5, t5, -23
80004e1c: 67 44 dc 3d  	<unknown>
80004e20: 6f 06 33 3e  	jal	a2, 0x80035a02 <timer+0x2f8c2>
80004e24: 46 31        	fld	ft2, 112(sp)
80004e26: e8 3e        	fld	fa0, 248(a3)
80004e28: ec 15        	addi	a1, sp, 748
80004e2a: e8 3e        	fld	fa0, 248(a3)
80004e2c: ad 9f        	addw	a5, a5, a1
80004e2e: 31 3f        	addiw	t5, t5, -20
80004e30: d9 96        	srai	a3, a3, 54
80004e32: 15 3f        	addiw	t5, t5, -27
80004e34: 41 f8        	bnez	s0, 0x80004dc4 <H_imag+0x1144>
80004e36: 15 3e        	addiw	t3, t3, -27
80004e38: 7b af 14 3e  	<unknown>
80004e3c: fe c8        	sw	t6, 80(sp)
80004e3e: 62 3e        	fld	ft8, 56(sp)
80004e40: 4c 37        	fld	fa1, 168(a4)
80004e42: a6 3e        	fld	ft9, 104(sp)
80004e44: 91 5c        	li	s9, -28
80004e46: 01 3f        	addiw	t5, t5, -32
80004e48: 6e 4d        	lw	s10, 216(sp)
80004e4a: 2e 3d        	fld	fs10, 232(sp)
80004e4c: 14 a3        	fsd	fa3, 0(a4)
80004e4e: 03 3f a1 a7  	ld	t5, -1414(sp)
80004e52: 8c 3d        	fld	fa1, 56(a1)
80004e54: d0 dc        	sw	a2, 60(s1)
80004e56: 0f 3f 51 53  	<unknown>
80004e5a: 90 3d        	fld	fa2, 56(a1)
80004e5c: c4 8b        	<unknown>
80004e5e: 6e 3e        	fld	ft8, 248(sp)
80004e60: 81 65        	lui	a1, 0
80004e62: 2f 3f 6d 7f  	<unknown>
80004e66: 89 3d        	addiw	s11, s11, -30
80004e68: b1 96        	srai	a3, a3, 44
80004e6a: 15 3e        	addiw	t3, t3, -27
80004e6c: db c6 b1 3e  	<unknown>
80004e70: ad 6a        	lui	s5, 11
80004e72: 66 3e        	fld	ft8, 120(sp)
80004e74: 7e 6a        	ld	s4, 472(sp)
80004e76: 53 3e b2 b9  	<unknown>
80004e7a: de 3e        	fld	ft9, 496(sp)
80004e7c: 2a b7        	fsd	fa0, 424(sp)
80004e7e: e8 3e        	fld	fa0, 248(a3)
80004e80: 1d fc        	bnez	s0, 0x80004dbe <H_imag+0x113e>
80004e82: 90 3e        	fld	fa2, 56(a3)
80004e84: 47 c8 8a 3e  	<unknown>
80004e88: 26 a9        	fsd	fs1, 144(sp)
80004e8a: ac 3d        	fld	fa1, 120(a1)
80004e8c: af 72 2e 3f  	<unknown>
80004e90: a2 b3        	fsd	fs0, 480(sp)
80004e92: a9 3d        	addiw	s11, s11, -22
80004e94: 35 14        	addi	s0, s0, -19
80004e96: 53 3e 4e 8e  	<unknown>
80004e9a: a8 3e        	fld	fa0, 120(a3)
80004e9c: cc d2        	sw	a1, 36(a3)
80004e9e: 54 3e        	fld	fa3, 184(a2)
80004ea0: 2e 1c        	slli	s8, s8, 43
80004ea2: 16 3f        	fld	ft10, 352(sp)
80004ea4: 77 55 1f 3f  	<unknown>
80004ea8: 9f 57 15 3e  	<unknown>
80004eac: ce ca        	sw	s3, 84(sp)
80004eae: 67 3e f7 a1  	<unknown>
80004eb2: 7d 3e        	addiw	t3, t3, -1
80004eb4: 6d 21        	addiw	sp, sp, 27
80004eb6: 30 3e        	fld	fa2, 120(a2)
80004eb8: cd aa        	j	0x800050aa <H_imag+0x142a>
80004eba: b0 3c        	fld	fa2, 120(s1)
80004ebc: ab 82 f0 3e  	<unknown>
80004ec0: cd e0        	bnez	s1, 0x80004f62 <H_imag+0x12e2>
80004ec2: 74 3d        	fld	fa3, 248(a0)
80004ec4: 58 eb        	sd	a4, 144(a4)
80004ec6: 29 3f        	addiw	t5, t5, -22
80004ec8: 09 cb        	beqz	a4, 0x80004eda <H_imag+0x125a>
80004eca: 2f 3c ad fe  	<unknown>
80004ece: 28 3f        	fld	fa0, 120(a4)
80004ed0: 48 5f        	lw	a0, 60(a4)
80004ed2: 26 3f        	fld	ft10, 104(sp)
80004ed4: 98 73        	ld	a4, 32(a5)
80004ed6: e2 3e        	fld	ft9, 56(sp)
80004ed8: 13 2a d6 3e  	slti	s4, a2, 1005
80004edc: db 6f 64 3e  	<unknown>
80004ee0: 5e aa        	fsd	fs7, 272(sp)
80004ee2: fd 3e        	addiw	t4, t4, -1
80004ee4: 91 c4        	beqz	s1, 0x80004ef0 <H_imag+0x1270>
80004ee6: 05 3f        	addiw	t5, t5, -31
80004ee8: 30 28        	fld	fa2, 80(s0)
80004eea: c8 3d        	fld	fa0, 184(a1)
80004eec: 98 47        	lw	a4, 8(a5)
80004eee: 20 3f        	fld	fs0, 120(a4)
80004ef0: 39 f2        	bnez	a2, 0x80004e36 <H_imag+0x11b6>
80004ef2: 0d 3e        	addiw	t3, t3, -29
80004ef4: 5f 6b 4e 3e  	<unknown>
80004ef8: 86 9a        	add	s5, s5, ra
80004efa: f7 3e 62 0e  	<unknown>
80004efe: 11 3f        	addiw	t5, t5, -28
80004f00: 3a 86        	mv	a2, a4
80004f02: 25 3f        	addiw	t5, t5, -23
80004f04: 27 43 51 3e  	<unknown>
80004f08: 13 4b d7 3e  	xori	s6, a4, 1005
80004f0c: 9e 65        	ld	a1, 448(sp)
80004f0e: 12 3c        	fld	fs8, 288(sp)
80004f10: 9b 62 23 3f  	<unknown>
80004f14: 45 9d        	<unknown>
80004f16: 91 3e        	addiw	t4, t4, -28
80004f18: 45 08        	addi	a6, a6, 17
80004f1a: 02 3f        	fld	ft10, 32(sp)
80004f1c: 40 f9        	sd	s0, 176(a0)
80004f1e: 25 3f        	addiw	t5, t5, -23
80004f20: fa 05        	slli	a1, a1, 30
80004f22: 75 3e        	addiw	t3, t3, -3
80004f24: b3 8a 99 3d  	<unknown>
80004f28: 82 38        	fld	fa7, 32(sp)
80004f2a: 12 3f        	fld	ft10, 288(sp)
80004f2c: b4 4c        	lw	a3, 88(s1)
80004f2e: c8 3e        	fld	fa0, 184(a3)
80004f30: 26 b1        	fsd	fs1, 160(sp)
80004f32: 2a 3f        	fld	ft10, 168(sp)
80004f34: e9 21        	addiw	gp, gp, 26
80004f36: 2a 3f        	fld	ft10, 168(sp)
80004f38: 12 e2        	sd	tp, 256(sp)
80004f3a: 28 3f        	fld	fa0, 120(a4)
80004f3c: 8f 3f 0e 3e  	<unknown>
80004f40: 3e 94        	add	s0, s0, a5
80004f42: f0 3e        	fld	fa2, 248(a3)
80004f44: 34 d0        	sw	a3, 96(s0)
80004f46: a8 3e        	fld	fa0, 120(a3)
80004f48: e4 8a        	<unknown>
80004f4a: e5 3e        	addiw	t4, t4, -7
80004f4c: a7 9c 29 3f  	<unknown>
80004f50: 3f 7b 29 3f  	<unknown>
80004f54: 24 e6        	sd	s1, 72(a2)
80004f56: d4 3e        	fld	fa3, 184(a3)
80004f58: d3 6c d6 3e  	<unknown>
80004f5c: c7 e5 31 3f  	<unknown>
80004f60: 78 93        	<unknown>
80004f62: cf 3e bb 39  	fnmadd.s	ft9, fs6, fs11, ft7, rup
80004f66: 6f 3e 90 c4  	jal	t3, 0x7ff08bae <vfctrans_sim.c+0x7ff08bae>
80004f6a: cf 3e 9c e2  	fnmadd.d	ft9, fs8, fs1, ft8, rup
80004f6e: cf 3c 24 34  	<unknown>
80004f72: 24 3f        	fld	fs1, 120(a4)
80004f74: 8c a8        	fsd	fa1, 16(s1)
80004f76: 8d 3e        	addiw	t4, t4, -29
80004f78: 97 56 bd 3d  	auipc	a3, 252885
80004f7c: 29 3f        	addiw	t5, t5, -22
80004f7e: 6c 3e        	fld	fa1, 248(a2)
80004f80: 49 38        	addiw	a6, a6, -14
80004f82: 2b 3f 3c 70  	<unknown>
80004f86: 25 3b        	addiw	s6, s6, -23
80004f88: 18 bc        	fsd	fa4, 56(s0)
80004f8a: 09 3f        	addiw	t5, t5, -30
80004f8c: cd 5d        	li	s11, -13
80004f8e: af 3d ff 6f  	<unknown>
80004f92: 77 3e ac 18  	<unknown>
80004f96: ce 3e        	fld	ft9, 240(sp)
80004f98: f0 c2        	sw	a2, 68(a3)
80004f9a: 01 3f        	addiw	t5, t5, -32
80004f9c: e8 14        	addi	a0, sp, 620
80004f9e: 1f 3f 1c b2  	<unknown>
80004fa2: 8c 3e        	fld	fa1, 56(a3)
80004fa4: 44 45        	lw	s1, 12(a0)
80004fa6: 87 3b a9 a9  	fld	fs7, -1382(s2)
80004faa: e4 3e        	fld	fs1, 248(a3)
80004fac: a6 22        	fld	ft5, 72(sp)
80004fae: b4 3e        	fld	fa3, 120(a3)
80004fb0: 29 61        	addi	sp, sp, 192
80004fb2: 41 3c        	addiw	s8, s8, -16
80004fb4: 49 31        	addiw	sp, sp, -14
80004fb6: aa 3d        	fld	fs11, 168(sp)
80004fb8: 17 7a 32 3f  	auipc	s4, 258855
80004fbc: 4e 00        	c.slli	zero, 19
80004fbe: 30 3e        	fld	fa2, 120(a2)
80004fc0: 39 b9        	j	0x80004bde <H_imag+0xf5e>
80004fc2: f7 3d 10 a4  	<unknown>
80004fc6: 1d 3e        	addiw	t3, t3, -25
80004fc8: d3 98 26 3f  	<unknown>
80004fcc: b5 78        	lui	a7, 1048557
80004fce: 09 3d        	addiw	s10, s10, -30
80004fd0: a6 b9        	fsd	fs1, 240(sp)
80004fd2: a8 3e        	fld	fa0, 120(a3)
80004fd4: d2 a5        	fsd	fs4, 200(sp)
80004fd6: 44 3d        	fld	fs1, 184(a0)
80004fd8: 81 73        	lui	t2, 1048544
80004fda: f1 3e        	addiw	t4, t4, -4
80004fdc: 13 3d 1b 3c  	sltiu	s10, s6, 961
80004fe0: 0a 12        	slli	tp, tp, 34
80004fe2: 9a 3c        	fld	fs9, 416(sp)
80004fe4: 64 7d        	ld	s1, 248(a0)
80004fe6: b7 3e c7 18  	lui	t4, 101491
80004fea: 71 3e        	addiw	t3, t3, -4
80004fec: aa 0e        	slli	t4, t4, 10
80004fee: 97 3c 09 1a  	auipc	s9, 106643
80004ff2: 05 3f        	addiw	t5, t5, -31
80004ff4: ef 7b 69 3e  	jal	s7, 0x8009c3da <timer+0x9629a>
80004ff8: fa 5f        	lw	t6, 188(sp)
80004ffa: 72 3c        	fld	fs8, 312(sp)
80004ffc: 78 b3        	fsd	fa4, 224(a4)
80004ffe: 78 3e        	fld	fa4, 248(a2)
80005000: aa 87        	mv	a5, a0
80005002: ac 3e        	fld	fa1, 120(a3)
80005004: 09 aa        	j	0x80005116 <H_imag+0x1496>
80005006: 16 3f        	fld	ft10, 352(sp)
80005008: 42 62        	ld	tp, 16(sp)
8000500a: cc 3e        	fld	fa1, 184(a3)
8000500c: d9 55        	li	a1, -10
8000500e: ea 3e        	fld	ft9, 184(sp)
80005010: 1d 68        	lui	a6, 7
80005012: ce 3e        	fld	ft9, 240(sp)
80005014: 40 9f        	<unknown>
80005016: df 3e 0b 84  	<unknown>
8000501a: f4 3e        	fld	fa3, 248(a3)
8000501c: ff f5 1f 3b  	<unknown>
80005020: 97 d3 b3 3e  	auipc	t2, 256829
80005024: 7b 43 b0 3e  	<unknown>
80005028: f7 4a 11 3f  	<unknown>
8000502c: 00 d8        	sw	s0, 48(s0)
8000502e: 9c 3e        	fld	fa5, 56(a3)
80005030: 39 1d        	addi	s10, s10, -18
80005032: 27 3f 72 f3  	fsd	fs7, -194(tp)
80005036: 1f 3f 39 59  	<unknown>
8000503a: 60 3e        	fld	fs0, 248(a2)
8000503c: 6c 9b        	<unknown>
8000503e: e1 3e        	addiw	t4, t4, -8
80005040: 9c e7        	sd	a5, 8(a5)
80005042: ef 3d 82 e0  	jal	s11, 0x7ff2864a <vfctrans_sim.c+0x7ff2864a>
80005046: 34 3f        	fld	fa3, 120(a4)
80005048: 1e bd        	fsd	ft7, 184(sp)
8000504a: 10 3f        	fld	fa2, 56(a4)
8000504c: 53 b4 13 3f  	<unknown>
80005050: cb c8 5f 3e  	<unknown>
80005054: 51 1e        	addi	t3, t3, -12
80005056: da 3e        	fld	ft9, 432(sp)
80005058: 36 29        	fld	fs2, 328(sp)
8000505a: a4 3e        	fld	fs1, 120(a3)
8000505c: 1e 13        	slli	t1, t1, 39
8000505e: 29 3e        	addiw	t3, t3, -22
80005060: f1 bf        	j	0x8000503c <H_imag+0x13bc>
80005062: ff 3d 76 cd  	<unknown>
80005066: 28 3f        	fld	fa0, 120(a4)
80005068: 34 75        	ld	a3, 104(a0)
8000506a: c3 3e 1c 9f  	<unknown>
8000506e: b4 3e        	fld	fa3, 120(a3)
80005070: 25 43        	li	t1, 9
80005072: 7e 3e        	fld	ft8, 504(sp)
80005074: 04 b2        	fsd	fs1, 32(a2)
80005076: 26 3f        	fld	ft10, 104(sp)
80005078: 89 aa        	j	0x800051ca <H_imag+0x154a>
8000507a: d6 3e        	fld	ft9, 368(sp)
8000507c: 81 31        	addiw	gp, gp, -32
8000507e: 14 3f        	fld	fa3, 56(a4)
80005080: a9 24        	addiw	s1, s1, 10
80005082: 84 3e        	fld	fs1, 56(a3)
80005084: 3f 0d 1d 3d  	<unknown>
80005088: 61 f6        	bnez	a2, 0x80005050 <H_imag+0x13d0>
8000508a: 09 3f        	addiw	t5, t5, -30
8000508c: f7 45 9b 3e  	<unknown>
80005090: 7f 45 02 3f  	<unknown>
80005094: a1 91        	srli	a1, a1, 40
80005096: e1 3e        	addiw	t4, t4, -8
80005098: bb 36 e9 3e  	<unknown>
8000509c: bf 89 86 3e  	<unknown>
800050a0: 2f 08 d3 3e  	<unknown>
800050a4: 0b 2e a3 3e  	<unknown>
800050a8: c3 8f d3 3e  	<unknown>
800050ac: 6d 97        	srai	a4, a4, 59
800050ae: e2 3e        	fld	ft9, 56(sp)
800050b0: 9a 4f        	lw	t6, 132(sp)
800050b2: 06 3f        	fld	ft10, 96(sp)
800050b4: f5 62        	lui	t0, 29
800050b6: 61 3e        	addiw	t3, t3, -8
800050b8: aa a5        	fsd	fa0, 200(sp)
800050ba: f3 39 b1 fa  	csrrc	s3, 4011, sp
800050be: 15 3f        	addiw	t5, t5, -27
800050c0: fc fc        	sd	a5, 248(s1)
800050c2: 22 3f        	fld	ft10, 40(sp)
800050c4: eb a0 8a 3e  	<unknown>
800050c8: 5e c4        	sw	s7, 8(sp)
800050ca: 34 3f        	fld	fa3, 120(a4)
800050cc: 55 81        	srli	a0, a0, 21
800050ce: ca 3e        	fld	ft9, 176(sp)
800050d0: e3 ba 73 3e  	<unknown>
800050d4: 90 b9        	fsd	fa2, 48(a1)
800050d6: e7 3e 73 27  	<unknown>
800050da: 34 3e        	fld	fa3, 120(a2)
800050dc: aa 16        	slli	a3, a3, 42
800050de: 1b 3e a1 1e  	<unknown>
800050e2: ee 3e        	fld	ft9, 248(sp)
800050e4: ed 3b        	addiw	s7, s7, -5
800050e6: 62 3d        	fld	fs10, 56(sp)
800050e8: f0 1d        	addi	a2, sp, 764
800050ea: 0a 3f        	fld	ft10, 160(sp)
800050ec: 00 cf        	sw	s0, 24(a4)
800050ee: a5 3d        	addiw	s11, s11, -23
800050f0: ed 4e        	li	t4, 27
800050f2: 09 3e        	addiw	t3, t3, -30
800050f4: 67 3f c0 3d  	<unknown>
800050f8: 7a 7a        	ld	s4, 440(sp)
800050fa: c5 3e        	addiw	t4, t4, -15
800050fc: 90 7e        	ld	a2, 56(a3)
800050fe: d9 3e        	addiw	t4, t4, -10
80005100: 29 07        	addi	a4, a4, 10
80005102: a7 3e 3c a0  	fsd	ft3, -1507(s8)
80005106: 13 3f 8d 84  	sltiu	t5, s10, -1976
8000510a: a1 3e        	addiw	t4, t4, -24
8000510c: 8e ed        	sd	gp, 216(sp)
8000510e: 23 3e ec 4c  	sd	a4, 1244(s8)
80005112: b2 3e        	fld	ft9, 296(sp)
80005114: 0d 09        	addi	s2, s2, 3
80005116: bd 3e        	addiw	t4, t4, -17
80005118: cb 0e 83 3d  	<unknown>
8000511c: 18 3f        	fld	fa4, 56(a4)
8000511e: 32 3f        	fld	ft10, 296(sp)
80005120: cf 5c 2f 3f  	<unknown>
80005124: 30 d3        	sw	a2, 96(a4)
80005126: 0e 3e        	fld	ft8, 224(sp)
80005128: a0 57        	lw	s0, 104(a5)
8000512a: 64 3e        	fld	fs1, 248(a2)
8000512c: 0e 35        	fld	fa0, 224(sp)
8000512e: e5 3e        	addiw	t4, t4, -7
80005130: f5 6c        	lui	s9, 29
80005132: e2 3e        	fld	ft9, 56(sp)
80005134: 93 09 60 3d  	li	s3, 982
80005138: 2f d1 2c 3f  	<unknown>
8000513c: 19 04        	addi	s0, s0, 6
8000513e: 03 3f a1 f8  	ld	t5, -118(sp)
80005142: 5d 3e        	addiw	t3, t3, -9
80005144: 60 1c        	addi	s0, sp, 572
80005146: 0d 3f        	addiw	t5, t5, -29
80005148: c4 69        	ld	s1, 144(a1)
8000514a: 74 3e        	fld	fa3, 248(a2)
8000514c: 5d 01        	addi	sp, sp, 23
8000514e: 86 3e        	fld	ft9, 96(sp)
80005150: cd bb        	j	0x80004f42 <H_imag+0x12c2>
80005152: 68 3e        	fld	fa0, 248(a2)
80005154: ff 0c 2f 3f  	<unknown>
80005158: 23 2a ce 3d  	sw	t3, 980(t3)
8000515c: d0 34        	fld	fa2, 168(s1)
8000515e: 34 3f        	fld	fa3, 120(a4)
80005160: 86 2b        	fld	fs7, 64(sp)
80005162: 1f 3e da fd  	<unknown>
80005166: 23 3e ce 85  	sd	t3, -1956(t3)
8000516a: 13 3f e5 e1  	sltiu	t5, a0, -482
8000516e: 98 3e        	fld	fa4, 56(a3)
80005170: a9 4c        	li	s9, 10
80005172: 24 3f        	fld	fs1, 120(a4)
80005174: da 97        	add	a5, a5, s6
80005176: 90 3e        	fld	fa2, 56(a3)
80005178: f8 f3        	sd	a4, 224(a5)
8000517a: a3 3d 45 03  	sd	s4, 59(a0)
8000517e: 19 3f        	addiw	t5, t5, -26
80005180: 2e 3a        	fld	fs4, 232(sp)
80005182: b7 3e 4d 5f  	lui	t4, 390355
80005186: f9 3c        	addiw	s9, s9, -2
80005188: ce 09        	slli	s3, s3, 19
8000518a: ac 3e        	fld	fa1, 120(a3)
8000518c: 4d 05        	addi	a0, a0, 19
8000518e: ab 3e 4b 25  	<unknown>
80005192: 1e 3f        	fld	ft10, 480(sp)
80005194: 7b b3 0e 3f  	<unknown>
80005198: 9d 89        	andi	a1, a1, 7
8000519a: 32 3e        	fld	ft8, 296(sp)
8000519c: 15 a9        	j	0x800055d0 <H_imag+0x1950>
8000519e: de 3e        	fld	ft9, 496(sp)
800051a0: f9 6c        	lui	s9, 30
800051a2: 2d 3f        	addiw	t5, t5, -21
800051a4: 42 f7        	sd	a6, 424(sp)
800051a6: 19 3f        	addiw	t5, t5, -26
800051a8: 32 51        	lw	sp, 44(sp)
800051aa: 8e 3e        	fld	ft9, 224(sp)
800051ac: dd b6        	j	0x80004d92 <H_imag+0x1112>
800051ae: a9 3e        	addiw	t4, t4, -22
800051b0: 10 ca        	sw	a2, 16(a2)
800051b2: 1f 3f 32 6b  	<unknown>
800051b6: 92 3d        	fld	fs11, 288(sp)
800051b8: 6c 49        	lw	a1, 84(a0)
800051ba: ea 3e        	fld	ft9, 184(sp)
800051bc: 4c 3a        	fld	fa1, 176(a2)
800051be: 2f 3f b4 17  	<unknown>
800051c2: eb 3e b1 b4  	<unknown>
800051c6: 4a 3e        	fld	ft8, 176(sp)
800051c8: b7 ff f2 3e  	lui	t6, 257839
800051cc: 4d bd        	j	0x8000507e <H_imag+0x13fe>
800051ce: e8 3e        	fld	fa0, 248(a3)
800051d0: df 7b f1 3e  	<unknown>
800051d4: 40 b0        	fsd	fs0, 160(s0)
800051d6: f5 3d        	addiw	s11, s11, -3
800051d8: d9 4c        	li	s9, 22
800051da: 80 3e        	fld	fs0, 56(a3)
800051dc: 05 63        	lui	t1, 1
800051de: 19 3f        	addiw	t5, t5, -26
800051e0: 1a 09        	slli	s2, s2, 6
800051e2: d4 3e        	fld	fa3, 184(a3)
800051e4: 1c da        	sw	a5, 48(a2)
800051e6: 21 3f        	addiw	t5, t5, -24
800051e8: f4 16        	addi	a3, sp, 876
800051ea: f6 3e        	fld	ft9, 376(sp)
800051ec: 98 c1        	sw	a4, 0(a1)
800051ee: ef 3e 22 56  	jal	t4, 0x80028750 <timer+0x22610>
800051f2: 6b 3e 76 a1  	<unknown>
800051f6: 85 3e        	addiw	t4, t4, -31
800051f8: a6 24        	fld	fs1, 72(sp)
800051fa: 3b 3e 57 fa  	<unknown>
800051fe: 93 3d ff 5c  	sltiu	s11, t5, 1487
80005202: 3e 3e        	fld	ft8, 488(sp)
80005204: c0 5f        	lw	s0, 60(a5)
80005206: 0b 3f 0f cd  	<unknown>
8000520a: 31 3f        	addiw	t5, t5, -20
8000520c: cc ce        	sw	a1, 28(a3)
8000520e: 20 3f        	fld	fs0, 120(a4)
80005210: cc 13        	addi	a1, sp, 484
80005212: 87 3e 6b b9  	fld	ft9, -1130(s6)
80005216: bd 3e        	addiw	t4, t4, -17
80005218: 48 92        	<unknown>
8000521a: 2c 3f        	fld	fa1, 120(a4)
8000521c: 89 8e        	sub	a3, a3, a0
8000521e: 7d 3e        	addiw	t3, t3, -1
80005220: c3 37 24 3f  	<unknown>
80005224: 54 57        	lw	a3, 44(a4)
80005226: ec 3e        	fld	fa1, 248(a3)
80005228: e3 b9 0f 3f  	<unknown>
8000522c: bf 06 28 3f  	<unknown>
80005230: de 56        	lw	a3, 244(sp)
80005232: a9 3e        	addiw	t4, t4, -22
80005234: 7a 6a        	ld	s4, 408(sp)
80005236: 1a 3c        	fld	fs8, 416(sp)
80005238: 00 7e        	ld	s0, 56(a2)
8000523a: 1b 3e 5f 65  	<unknown>
8000523e: 18 3d        	fld	fa4, 56(a0)
80005240: 1d b2        	j	0x80004b66 <H_imag+0xee6>
80005242: 2f 3f e7 9c  	<unknown>
80005246: c2 3e        	fld	ft9, 48(sp)
80005248: 09 da        	beqz	a2, 0x8000515a <H_imag+0x14da>
8000524a: 86 3c        	fld	fs9, 96(sp)
8000524c: 5c d5        	sw	a5, 44(a0)
8000524e: d8 3e        	fld	fa4, 184(a3)
80005250: 06 0f        	slli	t5, t5, 1
80005252: bb 3e aa ce  	<unknown>
80005256: 0f 3d b3 f2  	<unknown>
8000525a: dd 3e        	addiw	t4, t4, -9
8000525c: cb 55 04 3f  	<unknown>
80005260: da 5f        	lw	t6, 180(sp)
80005262: a8 3e        	fld	fa0, 120(a3)
80005264: 26 2c        	fld	fs8, 72(sp)
80005266: d0 3e        	fld	fa2, 184(a3)
80005268: 6b 85 d8 3e  	<unknown>
8000526c: ef 26 14 3f  	jal	a3, 0x80047e5c <timer+0x41d1c>
80005270: 7c b8        	fsd	fa5, 240(s0)
80005272: 25 3f        	addiw	t5, t5, -23
80005274: ca 0b        	slli	s7, s7, 18
80005276: 2c 3f        	fld	fa1, 120(a4)
80005278: 35 34        	addiw	s0, s0, -19
8000527a: 16 3f        	fld	ft10, 352(sp)
8000527c: f2 71        	ld	gp, 312(sp)
8000527e: 2a 3f        	fld	ft10, 168(sp)
80005280: 27 fc c4 3d  	<unknown>
80005284: a4 62        	ld	s1, 64(a3)
80005286: d3 3e 19 7d  	<unknown>
8000528a: 2a 3f        	fld	ft10, 168(sp)
8000528c: bb 9e b5 3d  	<unknown>
80005290: 89 23        	addiw	t2, t2, 2
80005292: c3 3d cc fe  	<unknown>
80005296: 02 3f        	fld	ft10, 32(sp)
80005298: f6 11        	slli	gp, gp, 61
8000529a: 23 3f 85 93  	sd	s8, -1730(a0)
8000529e: 18 3f        	fld	fa4, 56(a4)
800052a0: 16 c5        	sw	t0, 136(sp)
800052a2: 36 3d        	fld	fs10, 360(sp)
800052a4: db 46 30 3f  	<unknown>
800052a8: 47 9a 5a 3e  	<unknown>
800052ac: 59 70        	c.lui	zero, -10
800052ae: 3a 3e        	fld	ft8, 424(sp)
800052b0: 96 f9        	sd	t0, 240(sp)
800052b2: bb 3e 27 1d  	<unknown>
800052b6: 77 3e 18 88  	<unknown>
800052ba: 8e 3e        	fld	ft9, 224(sp)
800052bc: a4 b9        	fsd	fs1, 112(a1)
800052be: 21 3b        	addiw	s6, s6, -24
800052c0: 18 ce        	sw	a4, 24(a2)
800052c2: 19 3e        	addiw	t3, t3, -26
800052c4: 7a d0        	sw	t5, 32(sp)
800052c6: c0 3e        	fld	fs0, 184(a3)
800052c8: 9c ef        	sd	a5, 24(a5)
800052ca: 33 3f 41 fc  	<unknown>
800052ce: 23 3f e1 f8  	sd	a4, -98(sp)
800052d2: 6e 3d        	fld	fs10, 248(sp)
800052d4: 70 bb        	fsd	fa2, 240(a4)
800052d6: cb 3c 58 f9  	fnmsub.s	fs9, fa6, fs5, ft11, rup
800052da: b7 3e ae a7  	lui	t4, 686819
800052de: 15 3e        	addiw	t3, t3, -27
800052e0: 7b 5d 1d 3f  	<unknown>
800052e4: eb de 87 3e  	<unknown>
800052e8: 1c 44        	lw	a5, 8(s0)
800052ea: 0f 3e 86 95  	<unknown>
800052ee: 88 3c        	fld	fa0, 56(s1)
800052f0: 09 f5        	bnez	a0, 0x800051fa <H_imag+0x157a>
800052f2: 4d 3e        	addiw	t3, t3, -13
800052f4: 9b d2 0f 38  	<unknown>
800052f8: 9c 24        	fld	fa5, 8(s1)
800052fa: f5 3e        	addiw	t4, t4, -3
800052fc: b1 d9        	beqz	a1, 0x80005250 <H_imag+0x15d0>
800052fe: 9c 3e        	fld	fa5, 56(a3)
80005300: 7c 12        	addi	a5, sp, 300
80005302: 31 3d        	addiw	s10, s10, -20
80005304: e5 0b        	addi	s7, s7, 25
80005306: b5 3d        	addiw	s11, s11, -19
80005308: 7a d7        	sw	t5, 172(sp)
8000530a: 57 3d 38 f2  	<unknown>
8000530e: 1c 3f        	fld	fa5, 56(a4)
80005310: e1 75        	lui	a1, 1048568
80005312: b8 3e        	fld	fa4, 120(a3)
80005314: 69 2c        	addiw	s8, s8, 26
80005316: 2c 3d        	fld	fa1, 120(a0)
80005318: 82 a6        	fsd	ft0, 328(sp)
8000531a: 30 3f        	fld	fa2, 120(a4)
8000531c: 63 8c 5a 3e  	beq	s5, t0, 0x80005714 <H_imag+0x1a94>
80005320: 06 ff        	sd	ra, 440(sp)
80005322: 24 3f        	fld	fs1, 120(a4)
80005324: 78 93        	<unknown>
80005326: 26 3f        	fld	ft10, 104(sp)
80005328: be 2f        	fld	ft11, 456(sp)
8000532a: 1b 3f b4 24  	<unknown>
8000532e: f2 3e        	fld	ft9, 312(sp)
80005330: c9 5b        	li	s7, -14
80005332: ef 3e 2f 20  	jal	t4, 0x800f8534 <timer+0xf23f4>
80005336: 89 3e        	addiw	t4, t4, -30
80005338: 3a e6        	sd	a4, 264(sp)
8000533a: 31 3d        	addiw	s10, s10, -20
8000533c: 2e 69        	ld	s2, 200(sp)
8000533e: 22 3f        	fld	ft10, 40(sp)
80005340: 35 00        	c.nop	13
80005342: dd 3e        	addiw	t4, t4, -9
80005344: ef 74 22 3f  	jal	s1, 0x8002c736 <timer+0x265f6>
80005348: 31 9d        	addw	a0, a0, a2
8000534a: 62 3e        	fld	ft8, 56(sp)
8000534c: 54 c1        	sw	a3, 4(a0)
8000534e: 0b 3f 97 ee  	<unknown>
80005352: ee 3e        	fld	ft9, 248(sp)
80005354: 02 15        	slli	a0, a0, 32
80005356: f3 3e fd da  	csrrc	t4, 3503, s10
8000535a: d9 3b        	addiw	s7, s7, -10
8000535c: 13 dc 28 3f  	<unknown>
80005360: 0b a5 93 3e  	<unknown>
80005364: cb 0a 31 3f  	<unknown>
80005368: b6 51        	lw	gp, 108(sp)
8000536a: 9e 3e        	fld	ft9, 480(sp)
8000536c: 81 ca        	beqz	a3, 0x8000537c <H_imag+0x16fc>
8000536e: d5 3e        	addiw	t4, t4, -11
80005370: 64 41        	lw	s1, 68(a0)
80005372: 09 3f        	addiw	t5, t5, -30
80005374: ca d5        	sw	s2, 232(sp)
80005376: d2 3e        	fld	ft9, 304(sp)
80005378: ae 8e        	mv	t4, a1
8000537a: 10 3f        	fld	fa2, 56(a4)
8000537c: 1b 7f 2f 3e  	<unknown>
80005380: 41 d7        	beqz	a4, 0x80005308 <H_imag+0x1688>
80005382: 00 3f        	fld	fs0, 56(a4)
80005384: 4d 35        	addiw	a0, a0, -13
80005386: 62 3e        	fld	ft8, 56(sp)
80005388: 0a cb        	sw	sp, 148(sp)
8000538a: c6 3e        	fld	ft9, 112(sp)
8000538c: 6d c0        	beqz	s0, 0x8000546e <H_imag+0x17ee>
8000538e: 8b 3c 6c 17  	<unknown>
80005392: c8 3e        	fld	fa0, 184(a3)
80005394: 8f b4 05 3f  	<unknown>
80005398: e7 ed 1e 3e  	<unknown>
8000539c: 2f 09 2c 3f  	<unknown>
800053a0: 83 d4 1b 3f  	lhu	s1, 1009(s7)
800053a4: c5 13        	addi	t2, t2, -15
800053a6: 0b 3f f8 ac  	<unknown>
800053aa: 84 3e        	fld	fs1, 56(a3)
800053ac: 76 51        	lw	sp, 124(sp)
800053ae: 01 3f        	addiw	t5, t5, -32
800053b0: 9d 8e        	sub	a3, a3, a5
800053b2: 9f 3e 53 c4  	<unknown>
800053b6: 0c 3f        	fld	fa1, 56(a4)
800053b8: 55 54        	li	s0, -11
800053ba: 0a 3e        	fld	ft8, 160(sp)
800053bc: 6d c5        	beqz	a0, 0x800054a6 <H_imag+0x1826>
800053be: 3e 3d        	fld	fs10, 488(sp)
800053c0: d7 90 8b 3e  	<unknown>
800053c4: 3e 64        	ld	s0, 456(sp)
800053c6: a1 3d        	addiw	s11, s11, -24
800053c8: 74 cc        	sw	a3, 92(s0)
800053ca: 04 3f        	fld	fs1, 56(a4)
800053cc: b0 9e        	<unknown>
800053ce: e6 3e        	fld	ft9, 120(sp)
800053d0: 47 8d 0a 3d  	<unknown>
800053d4: 5d 66        	lui	a2, 23
800053d6: 79 3e        	addiw	t3, t3, -2
800053d8: 01 c5        	beqz	a0, 0x800053e0 <H_imag+0x1760>
800053da: fa 3e        	fld	ft9, 440(sp)
800053dc: 57 06 01 3f  	<unknown>
800053e0: 7f bf 14 3f  	<unknown>
800053e4: 2f 3b 1a 3f  	<unknown>
800053e8: a2 5b        	lw	s7, 40(sp)
800053ea: ba 3e        	fld	ft9, 424(sp)
800053ec: 53 44 0d 3e  	<unknown>
800053f0: 7c 99        	<unknown>
800053f2: c9 3e        	addiw	t4, t4, -14
800053f4: 5d e1        	bnez	a0, 0x8000549a <H_imag+0x181a>
800053f6: 82 3e        	fld	ft9, 32(sp)
800053f8: 6f e2 08 3f  	jal	tp, 0x800937e8 <timer+0x8d6a8>
800053fc: 25 9e        	addw	a2, a2, s1
800053fe: 9b 3e 09 80  	<unknown>
80005402: 40 3e        	fld	fs0, 184(a2)
80005404: d4 c8        	sw	a3, 20(s1)
80005406: fd 3e        	addiw	t4, t4, -1
80005408: 13 aa a5 3d  	slti	s4, a1, 986
8000540c: 75 d8        	beqz	s0, 0x80005400 <H_imag+0x1780>
8000540e: 36 3e        	fld	ft8, 360(sp)
80005410: b9 63        	lui	t2, 14
80005412: 58 3e        	fld	fa4, 184(a2)
80005414: 94 4f        	lw	a3, 24(a5)
80005416: bb 3e ca cb  	<unknown>
8000541a: ea 3e        	fld	ft9, 184(sp)
8000541c: 64 40        	lw	s1, 68(s0)
8000541e: 83 3e 35 67  	ld	t4, 1651(a0)
80005422: 17 3f 19 27  	auipc	t5, 160147
80005426: 5c 3e        	fld	fa5, 184(a2)
80005428: ab 97 9b 3e  	<unknown>
8000542c: 3e a4        	fsd	fa5, 8(sp)
8000542e: 03 3f 16 ca  	ld	t5, -863(a2)
80005432: 75 3e        	addiw	t3, t3, -3
80005434: a8 ee        	sd	a0, 88(a3)
80005436: eb 3e 6e 91  	<unknown>
8000543a: d1 3e        	addiw	t4, t4, -12
8000543c: 90 9e        	<unknown>
8000543e: 82 3e        	fld	ft9, 32(sp)
80005440: 80 9f        	<unknown>
80005442: 66 3e        	fld	ft8, 120(sp)
80005444: a1 ba        	j	0x80004d9c <H_imag+0x111c>
80005446: 32 3f        	fld	ft10, 296(sp)
80005448: 8c a3        	fsd	fa1, 0(a5)
8000544a: a5 3e        	addiw	t4, t4, -23
8000544c: cd 47        	li	a5, 19
8000544e: 81 3e        	addiw	t4, t4, -32
80005450: 88 2a        	fld	fa0, 16(a3)
80005452: 9f 3e 05 fb  	<unknown>
80005456: d0 3b        	fld	fa2, 176(a5)
80005458: 3c b8        	fsd	fa5, 112(s0)
8000545a: 2a 3f        	fld	ft10, 168(sp)
8000545c: 75 a5        	j	0x80005b08 <H_imag+0x1e88>
8000545e: cf 3e bc 62  	fnmadd.d	ft9, fs8, fa1, fa2, rup
80005462: f2 3d        	fld	fs11, 312(sp)
80005464: bf 2d cd 3e  	<unknown>
80005468: 8d 6b        	lui	s7, 3
8000546a: 02 3f        	fld	ft10, 32(sp)
8000546c: 9e 22        	fld	ft5, 448(sp)
8000546e: 66 3e        	fld	ft8, 120(sp)
80005470: e8 07        	addi	a0, sp, 972
80005472: 1a 3f        	fld	ft10, 416(sp)
80005474: 1b b5 7e 3e  	<unknown>
80005478: 73 4a 2f 3f  	<unknown>
8000547c: fc a0        	fsd	fa5, 192(s1)
8000547e: 6a 3e        	fld	ft8, 184(sp)
80005480: 81 18        	addi	a7, a7, -32
80005482: 50 3d        	fld	fa2, 184(a0)
80005484: 16 e1        	sd	t0, 128(sp)
80005486: 2a 3f        	fld	ft10, 168(sp)
80005488: 66 5b        	lw	s6, 120(sp)
8000548a: 65 3e        	addiw	t3, t3, -7
8000548c: 62 fa        	sd	s8, 304(sp)
8000548e: 0b 3e 9a e9  	<unknown>
80005492: 10 3f        	fld	fa2, 56(a4)
80005494: 94 f8        	sd	a3, 48(s1)
80005496: 1b 3f 56 f0  	<unknown>
8000549a: 33 3f fa 27  	<unknown>
8000549e: a1 3e        	addiw	t4, t4, -24
800054a0: 0c d0        	sw	a1, 32(s0)
800054a2: 0b 3f 4b f2  	<unknown>
800054a6: 9e 3e        	fld	ft9, 480(sp)
800054a8: 74 70        	ld	a3, 224(s0)
800054aa: fa 3e        	fld	ft9, 440(sp)
800054ac: dc 0f        	addi	a5, sp, 980
800054ae: 9f 3e 3f 1a  	<unknown>
800054b2: 91 3e        	addiw	t4, t4, -28
800054b4: a2 ce        	sw	s0, 92(sp)
800054b6: 05 3f        	addiw	t5, t5, -31
800054b8: 93 cd 94 3e  	xori	s11, s1, 1001
800054bc: 78 44        	lw	a4, 76(s0)
800054be: 37 3d 26 2e  	lui	s10, 189027
800054c2: b6 3d        	fld	fs11, 360(sp)
800054c4: e3 07 a3 3e  	beq	t1, a0, 0x800060b2 <vfctrans_sim.c+0x800060b2>
800054c8: d6 67        	ld	a5, 336(sp)
800054ca: 84 3d        	fld	fs1, 56(a1)
800054cc: c9 87        	srai	a5, a5, 18
800054ce: 87 3e 49 4c  	fld	ft9, 1220(s2)
800054d2: c2 3e        	fld	ft9, 48(sp)
800054d4: 8c dd        	sw	a1, 56(a1)
800054d6: 0d 3e        	addiw	t3, t3, -29
800054d8: 1a 2f        	fld	ft10, 384(sp)
800054da: b7 3e 52 08  	lui	t4, 34083
800054de: e9 3e        	addiw	t4, t4, -6
800054e0: ad 56        	li	a3, -21
800054e2: 07 3f 19 e3  	fld	ft10, -463(s2)
800054e6: 05 3e        	addiw	t3, t3, -31
800054e8: b9 0a        	addi	s5, s5, 14
800054ea: b0 3d        	fld	fa2, 120(a1)
800054ec: bb cb c9 3a  	<unknown>
800054f0: 3c 31        	fld	fa5, 96(a0)
800054f2: 23 3f 28 21  	sd	s2, 542(a6)
800054f6: de 3e        	fld	ft9, 496(sp)
800054f8: e0 2d        	fld	fs0, 216(a1)
800054fa: 28 3f        	fld	fa0, 120(a4)
800054fc: 81 62        	lui	t0, 0
800054fe: 2a 3f        	fld	ft10, 168(sp)
80005500: 5b f3 1c 3f  	<unknown>
80005504: f6 56        	lw	a3, 124(sp)
80005506: cd 3e        	addiw	t4, t4, -13
80005508: 92 a2        	fsd	ft4, 320(sp)
8000550a: cf 3e 44 bb  	fnmadd.d	ft9, fs0, fs4, fs7, rup
8000550e: 18 3f        	fld	fa4, 56(a4)
80005510: b0 3b        	fld	fa2, 112(a5)
80005512: f1 3e        	addiw	t4, t4, -4
80005514: 50 bb        	fsd	fa2, 176(a4)
80005516: 21 3e        	addiw	t3, t3, -24
80005518: 9b a4 44 3e  	<unknown>
8000551c: b4 7f        	ld	a3, 120(a5)
8000551e: 4e 3e        	fld	ft8, 240(sp)
80005520: 49 13        	addi	t1, t1, -14
80005522: dc 3e        	fld	fa5, 184(a3)
80005524: e2 e2        	sd	s8, 320(sp)
80005526: d0 3e        	fld	fa2, 184(a3)
80005528: ed 3c        	addiw	s9, s9, -5
8000552a: 07 3f f6 fa  	fld	ft10, -81(a2)
8000552e: c6 3e        	fld	ft9, 112(sp)
80005530: be 08        	slli	a7, a7, 15
80005532: 27 3e 28 d0  	fsd	ft2, -740(a6)
80005536: 84 3e        	fld	fs1, 56(a3)
80005538: 7f cc 8e 3d  	<unknown>
8000553c: f9 e0        	bnez	s1, 0x80005602 <H_imag+0x1982>
8000553e: af 3e d3 15  	<unknown>
80005542: 3a 3d        	fld	fs10, 424(sp)
80005544: 79 ea        	bnez	a2, 0x8000561a <H_imag+0x199a>
80005546: 15 3f        	addiw	t5, t5, -27
80005548: 3e 48        	lw	a6, 204(sp)
8000554a: 7f 3e a5 5b  	<unknown>
8000554e: 10 3d        	fld	fa2, 56(a0)
80005550: 66 41        	lw	sp, 88(sp)
80005552: 18 3f        	fld	fa4, 56(a4)
80005554: 43 4a 2c 3f  	<unknown>
80005558: 65 7e        	lui	t3, 1048569
8000555a: d6 3e        	fld	ft9, 368(sp)
8000555c: 23 d9 0a 3f  	<unknown>
80005560: df d3 22 3f  	<unknown>
80005564: 0a d4        	sw	sp, 40(sp)
80005566: 84 3e        	fld	fs1, 56(a3)
80005568: 52 0c        	slli	s8, s8, 20
8000556a: 52 3d        	fld	fs10, 304(sp)
8000556c: 3b 5c 88 3e  	<unknown>
80005570: 5b 35 28 3f  	<unknown>
80005574: 5c 38        	fld	fa5, 176(s0)
80005576: cd 3e        	addiw	t4, t4, -13
80005578: 2a c5        	sw	a0, 136(sp)
8000557a: cd 3d        	addiw	s11, s11, -13
8000557c: fb de 1b 3f  	<unknown>
80005580: d9 68        	lui	a7, 22
80005582: aa 3e        	fld	ft9, 168(sp)
80005584: 89 81        	srli	a1, a1, 2
80005586: ca 3e        	fld	ft9, 176(sp)
80005588: ce 21        	fld	ft3, 208(sp)
8000558a: 9d 3e        	addiw	t4, t4, -25
8000558c: 2f 31 23 3f  	<unknown>
80005590: 86 94        	add	s1, s1, ra
80005592: 9c 3c        	fld	fa5, 56(s1)
80005594: c0 65        	ld	s0, 136(a1)
80005596: df 3d 75 de  	<unknown>
8000559a: 9b 3e 36 13  	<unknown>
8000559e: 0f 3f 1e fa  	<unknown>
800055a2: 26 3f        	fld	ft10, 104(sp)
800055a4: e9 ef        	bnez	a5, 0x8000567e <H_imag+0x19fe>
800055a6: ab 3e 30 c3  	<unknown>
800055aa: 10 3f        	fld	fa2, 56(a4)
800055ac: e4 8e        	<unknown>
800055ae: e1 3d        	addiw	s11, s11, -8
800055b0: 86 f8        	sd	ra, 112(sp)
800055b2: c0 3d        	fld	fs0, 184(a1)
800055b4: b3 e3 2f 3e  	<unknown>
800055b8: 3b ca c0 3e  	<unknown>
800055bc: 3a 23        	fld	ft6, 392(sp)
800055be: d9 3d        	addiw	s11, s11, -10
800055c0: 0f e8 c2 3e  	<unknown>
800055c4: c8 24        	fld	fa0, 136(s1)
800055c6: dc 3e        	fld	fa5, 184(a3)
800055c8: 21 d9        	beqz	a0, 0x80005518 <H_imag+0x1898>
800055ca: 8e 3e        	fld	ft9, 224(sp)
800055cc: 29 d8        	beqz	s0, 0x8000551e <H_imag+0x189e>
800055ce: 33 3f fa ce  	<unknown>
800055d2: 2b 3f 75 1c  	<unknown>
800055d6: a8 3e        	fld	fa0, 120(a3)
800055d8: 07 6b 1c 3f  	<unknown>
800055dc: 07 34 84 3e  	fld	fs0, 1000(s0)
800055e0: 7d 40        	c.li	zero, 31
800055e2: 2c 3f        	fld	fa1, 120(a4)
800055e4: 05 90        	srli	s0, s0, 33
800055e6: 4a 3e        	fld	ft8, 176(sp)
800055e8: 82 c8        	sw	zero, 80(sp)
800055ea: 04 3f        	fld	fs1, 56(a4)
800055ec: fa 72        	ld	t0, 440(sp)
800055ee: 09 3e        	addiw	t3, t3, -30
800055f0: 55 0a        	addi	s4, s4, 21
800055f2: 0c 3f        	fld	fa1, 56(a4)
800055f4: b8 84        	<unknown>
800055f6: b0 3e        	fld	fa2, 120(a3)
800055f8: f4 1c        	addi	a3, sp, 636
800055fa: ee 3e        	fld	ft9, 248(sp)
800055fc: bf 40 23 3f  	<unknown>
80005600: 5b 63 16 3f  	<unknown>
80005604: 4d 95        	srai	a0, a0, 51
80005606: 6a 3d        	fld	fs10, 184(sp)
80005608: be 1f        	slli	t6, t6, 47
8000560a: 22 3f        	fld	ft10, 40(sp)
8000560c: c9 6e        	lui	t4, 18
8000560e: a0 3e        	fld	fs0, 120(a3)
80005610: 12 b2        	fsd	ft4, 288(sp)
80005612: 02 3f        	fld	ft10, 32(sp)
80005614: 52 e7        	sd	s4, 392(sp)
80005616: 43 3e ee 94  	<unknown>
8000561a: aa 3e        	fld	ft9, 168(sp)
8000561c: 2a f4        	sd	a0, 40(sp)
8000561e: 5d 3d        	addiw	s10, s10, -9
80005620: 3a 4c        	lw	s8, 140(sp)
80005622: 09 3f        	addiw	t5, t5, -30
80005624: 62 46        	lw	a2, 24(sp)
80005626: e0 3e        	fld	fs0, 248(a3)
80005628: dc 7a        	ld	a5, 176(a3)
8000562a: 2d 3f        	addiw	t5, t5, -21
8000562c: b7 b6 15 3f  	lui	a3, 258395
80005630: 05 70        	c.lui	zero, -31
80005632: 12 3f        	fld	ft10, 288(sp)
80005634: 4c b2        	fsd	fa1, 160(a2)
80005636: e4 3e        	fld	fs1, 248(a3)
80005638: c6 45        	lw	a1, 80(sp)
8000563a: d9 3d        	addiw	s11, s11, -10
8000563c: d6 ef        	sd	s5, 472(sp)
8000563e: b6 3e        	fld	ft9, 360(sp)
80005640: a2 6a        	ld	s5, 8(sp)
80005642: a0 3e        	fld	fs0, 120(a3)
80005644: 9e 1a        	slli	s5, s5, 39
80005646: 61 3e        	addiw	t3, t3, -8
80005648: 98 b5        	fsd	fa4, 40(a1)
8000564a: ff 3b f8 73  	<unknown>
8000564e: b6 3e        	fld	ft9, 360(sp)
80005650: 69 71        	addi	sp, sp, -304
80005652: 9d 3e        	addiw	t4, t4, -25
80005654: 1e dd        	sw	t2, 184(sp)
80005656: 94 3d        	fld	fa3, 56(a1)
80005658: 80 84        	<unknown>
8000565a: e5 3e        	addiw	t4, t4, -7
8000565c: 21 34        	addiw	s0, s0, -24
8000565e: 95 3e        	addiw	t4, t4, -27
80005660: cf 01 1d 3e  	<unknown>
80005664: 2b 57 d2 3e  	<unknown>
80005668: ea 37        	fld	fa5, 184(sp)
8000566a: 13 3f 33 99  	sltiu	t5, t1, -1645
8000566e: 08 3f        	fld	fa0, 56(a4)
80005670: e0 73        	ld	s0, 224(a5)
80005672: 4e 3e        	fld	ft8, 240(sp)
80005674: 98 82        	<unknown>
80005676: 3a 3e        	fld	ft8, 424(sp)
80005678: b0 b3        	fsd	fa2, 96(a5)
8000567a: 67 3e 65 8a  	<unknown>
8000567e: f1 3d        	addiw	s11, s11, -4
80005680: 36 98        	add	a6, a6, a3
80005682: 68 3e        	fld	fa0, 248(a2)
80005684: e1 a4        	j	0x8000594c <H_imag+0x1ccc>
80005686: 33 3f 87 5e  	<unknown>
8000568a: d8 3e        	fld	fa4, 184(a3)
8000568c: 73 e9 93 3e  	csrrsi	s2, pmpaddr57, 7
80005690: 3c 00        	addi	a5, sp, 8
80005692: 25 3f        	addiw	t5, t5, -23
80005694: e3 77 2b 3f  	bgeu	s6, s2, 0x80006282 <timer+0x142>
80005698: 34 3e        	fld	fa3, 120(a2)
8000569a: 20 3f        	fld	fs0, 120(a4)
8000569c: c4 2d        	fld	fs1, 152(a1)
8000569e: 26 3f        	fld	ft10, 104(sp)
800056a0: b0 c6        	sw	a2, 72(a3)
800056a2: 93 3e 50 a4  	sltiu	t4, zero, -1467
800056a6: 28 3f        	fld	fa0, 120(a4)
800056a8: eb 74 a7 3e  	<unknown>
800056ac: 00 8c        	<unknown>
800056ae: 32 3f        	fld	ft10, 296(sp)
800056b0: ff 8f 8a 3e  	<unknown>
800056b4: 00 c0        	sw	s0, 0(s0)
800056b6: 27 3f 26 41  	fsd	fs2, 1054(a2)
800056ba: 1b 3f 32 91  	<unknown>
800056be: 14 3c        	fld	fa3, 56(s0)
800056c0: 9d 42        	li	t0, 7
800056c2: 95 3e        	addiw	t4, t4, -27
800056c4: ad 23        	addiw	t2, t2, 11
800056c6: 21 3f        	addiw	t5, t5, -24
800056c8: e9 a8        	j	0x800057a2 <H_imag+0x1b22>
800056ca: ed 3e        	addiw	t4, t4, -5
800056cc: 3f 04 7f 3d  	<unknown>
800056d0: ff 95 e5 3e  	<unknown>
800056d4: ec da        	sw	a1, 116(a3)
800056d6: 85 3d        	addiw	s11, s11, -31
800056d8: 26 3f        	fld	ft10, 104(sp)
800056da: c2 3e        	fld	ft9, 48(sp)
800056dc: 75 ba        	j	0x80005098 <H_imag+0x1418>
800056de: eb 3e f8 8b  	<unknown>
800056e2: 1f 3e 4c 1b  	<unknown>
800056e6: 16 3f        	fld	ft10, 352(sp)
800056e8: b2 1c        	slli	s9, s9, 44
800056ea: 75 3e        	addiw	t3, t3, -3
800056ec: 74 37        	fld	fa3, 232(a4)
800056ee: d7 3e c7 62  	vmseq.vi	v29, v12, 14
800056f2: 2f 3f 58 d1  	<unknown>
800056f6: 38 3e        	fld	fa4, 120(a2)
800056f8: 2d ff        	bnez	a4, 0x80005672 <H_imag+0x19f2>
800056fa: 7f 3e 23 ec  	<unknown>
800056fe: e7 3e 90 e1  	<unknown>
80005702: 09 3f        	addiw	t5, t5, -30
80005704: 62 c3        	sw	s8, 132(sp)
80005706: ba 3e        	fld	ft9, 424(sp)
80005708: d0 41        	lw	a2, 4(a1)
8000570a: bd 3d        	addiw	s11, s11, -17
8000570c: b1 77        	lui	a5, 1048556
8000570e: 0e 3f        	fld	ft10, 224(sp)
80005710: 33 8b 2e 3e  	<unknown>
80005714: ac c2        	sw	a1, 64(a3)
80005716: d1 3e        	addiw	t4, t4, -12
80005718: 91 b3        	j	0x8000545c <H_imag+0x17dc>
8000571a: 91 3c        	addiw	s9, s9, -28
8000571c: dc 87        	<unknown>
8000571e: bd 3e        	addiw	t4, t4, -17
80005720: a4 6e        	ld	s1, 88(a3)
80005722: 17 3f 75 10  	auipc	t5, 67411
80005726: 02 3e        	fld	ft8, 32(sp)
80005728: a5 da        	beqz	a3, 0x80005698 <H_imag+0x1a18>
8000572a: ee 3e        	fld	ft9, 248(sp)
8000572c: a0 26        	fld	fs0, 72(a3)
8000572e: 0d 3f        	addiw	t5, t5, -29
80005730: 53 4b 3b 3e  	<unknown>
80005734: 6e 6c        	ld	s8, 216(sp)
80005736: e6 3d        	fld	fs11, 120(sp)
80005738: d4 c8        	sw	a3, 20(s1)
8000573a: 09 3f        	addiw	t5, t5, -30
8000573c: a3 9f 33 3f  	sh	s3, 1023(t2)
80005740: fd c8        	beqz	s1, 0x80005836 <H_imag+0x1bb6>
80005742: 25 3b        	addiw	s6, s6, -23
80005744: d3 c1 12 3e  	<unknown>
80005748: ff f2 a3 3e  	<unknown>
8000574c: a6 6f        	ld	t6, 72(sp)
8000574e: 34 3f        	fld	fa3, 120(a4)
80005750: 84 8f        	<unknown>
80005752: bc 3d        	fld	fa5, 120(a1)
80005754: 57 68 ec 3e  	vslide1down.vx	v16, v14, s8
80005758: ae 4e        	lw	t4, 200(sp)
8000575a: 1d 3f        	addiw	t5, t5, -25
8000575c: 85 c5        	beqz	a1, 0x80005784 <H_imag+0x1b04>
8000575e: 54 3e        	fld	fa3, 184(a2)
80005760: f3 40 13 3f  	<unknown>
80005764: f7 57 0f 3f  	<unknown>
80005768: 1f 18 f2 3e  	<unknown>
8000576c: 05 d0        	beqz	s0, 0x8000568c <H_imag+0x1a0c>
8000576e: d4 3e        	fld	fa3, 184(a3)
80005770: df 40 46 3e  	<unknown>
80005774: 2e 8c        	mv	s8, a1
80005776: 07 3f 64 d4  	fld	ft10, -698(s0)
8000577a: 25 3f        	addiw	t5, t5, -23
8000577c: 79 f2        	bnez	a2, 0x80005742 <H_imag+0x1ac2>
8000577e: 1b 3f cf 11  	<unknown>
80005782: df 3e 60 83  	<unknown>
80005786: 85 3e        	addiw	t4, t4, -31
80005788: be 3a        	fld	fs5, 488(sp)
8000578a: c1 3d        	addiw	s11, s11, -16
8000578c: d6 6c        	ld	s9, 336(sp)
8000578e: 08 3c        	fld	fa0, 56(s0)
80005790: be 05        	slli	a1, a1, 15
80005792: 18 3d        	fld	fa4, 56(a0)
80005794: ff cf 96 3e  	<unknown>
80005798: 43 eb ed 3e  	<unknown>
8000579c: 84 26        	fld	fs1, 8(a3)
8000579e: 1c 3f        	fld	fa5, 56(a4)
800057a0: 74 a1        	fsd	fa3, 192(a0)
800057a2: 28 3d        	fld	fa0, 120(a0)
800057a4: f4 41        	lw	a3, 68(a1)
800057a6: 15 3f        	addiw	t5, t5, -27
800057a8: 65 7d        	lui	s10, 1048569
800057aa: f7 3e 37 d1  	<unknown>
800057ae: ff 3e 4b 91  	<unknown>
800057b2: ef 3e 80 c8  	jal	t4, 0x7ff08c3a <vfctrans_sim.c+0x7ff08c3a>
800057b6: 82 3e        	fld	ft9, 32(sp)
800057b8: 6e 31        	fld	ft2, 248(sp)
800057ba: f4 3e        	fld	fa3, 248(a3)
800057bc: c1 32        	addiw	t0, t0, -16
800057be: c5 3e        	addiw	t4, t4, -15
800057c0: 12 d1        	sw	tp, 160(sp)
800057c2: da 3e        	fld	ft9, 432(sp)
800057c4: 4b 68 5c 3b  	<unknown>
800057c8: 37 d1 2c 3e  	lui	sp, 254669
800057cc: e7 37 33 3f  	<unknown>
800057d0: ab 9a 2c 3e  	<unknown>
800057d4: 4c ef        	sd	a1, 152(a4)
800057d6: 92 3e        	fld	ft9, 288(sp)
800057d8: 9a 34        	fld	fs1, 416(sp)
800057da: 24 3f        	fld	fs1, 120(a4)
800057dc: ef e0 ea 3c  	jal	0x800b3baa <timer+0xada6a>
800057e0: 6c 9a        	<unknown>
800057e2: db 3d 6c 2d  	<unknown>
800057e6: d6 3d        	fld	fs11, 368(sp)
800057e8: c5 f4        	bnez	s1, 0x80005790 <H_imag+0x1b10>
800057ea: 5d 3e        	addiw	t3, t3, -9
800057ec: 0a 06        	slli	a2, a2, 2
800057ee: 1a 3f        	fld	ft10, 416(sp)
800057f0: ce 11        	slli	gp, gp, 51
800057f2: 8c 3e        	fld	fa1, 56(a3)
800057f4: 6a aa        	fsd	fs10, 272(sp)
800057f6: 87 3e db 80  	fld	ft9, -2035(s6)
800057fa: 5f 3e dc c6  	<unknown>
800057fe: b0 3e        	fld	fa2, 120(a3)
80005800: 0f 27 f9 3e  	<unknown>
80005804: 44 43        	lw	s1, 4(a4)
80005806: 90 3c        	fld	fa2, 56(s1)
80005808: 33 89 22 3e  	<unknown>
8000580c: fe 3f        	fld	ft11, 504(sp)
8000580e: be 3d        	fld	fs11, 488(sp)
80005810: 70 87        	<unknown>
80005812: a6 3e        	fld	ft9, 104(sp)
80005814: 00 50        	lw	s0, 32(s0)
80005816: 56 3e        	fld	ft8, 368(sp)
80005818: c0 1a        	addi	s0, sp, 372
8000581a: 50 3c        	fld	fa2, 184(s0)
8000581c: a8 0b        	addi	a0, sp, 472
8000581e: 4b 3e bf d8  	fnmsub.s	ft8, ft10, fa1, fs11, rup
80005822: 5b 3e 6d 7d  	<unknown>
80005826: be 3e        	fld	ft9, 488(sp)
80005828: 0a 58        	lw	a6, 160(sp)
8000582a: 23 3f c1 dd  	sd	t3, -546(sp)
8000582e: 16 3f        	fld	ft10, 352(sp)
80005830: d9 80        	srli	s1, s1, 22
80005832: 2a 3f        	fld	ft10, 168(sp)
80005834: 0b ab cf 3e  	<unknown>
80005838: 78 29        	fld	fa4, 208(a0)
8000583a: 79 3e        	addiw	t3, t3, -2
8000583c: 88 c0        	sw	a0, 0(s1)
8000583e: 1f 3f c1 ed  	<unknown>
80005842: a9 3e        	addiw	t4, t4, -22
80005844: 03 a7 a4 3e  	lw	a4, 1002(s1)
80005848: 0d 98        	andi	s0, s0, -29
8000584a: 08 3f        	fld	fa0, 56(a4)
8000584c: 70 1f        	addi	a2, sp, 956
8000584e: 23 3f 85 cb  	sd	s8, -834(a0)
80005852: 32 3f        	fld	ft10, 296(sp)
80005854: 6c 42        	lw	a1, 68(a2)
80005856: 27 3f 57 f0  	fsd	ft5, -226(a4)
8000585a: a4 3e        	fld	fs1, 120(a3)
8000585c: c8 4b        	lw	a0, 20(a5)
8000585e: a6 3d        	fld	fs11, 104(sp)
80005860: 6e 8f        	mv	t5, s11
80005862: 02 3f        	fld	ft10, 32(sp)
80005864: 95 45        	li	a1, 5
80005866: d3 3d 7d 95  	<unknown>
8000586a: 14 3f        	fld	fa3, 56(a4)
8000586c: aa 62        	ld	t0, 136(sp)
8000586e: b6 3e        	fld	ft9, 360(sp)
80005870: e1 42        	li	t0, 24
80005872: a2 3e        	fld	ft9, 40(sp)
80005874: 4d a7        	j	0x80006016 <vfctrans_sim.c+0x80006016>
80005876: 7b 3e 3d 2f  	<unknown>
8000587a: e7 3e 04 77  	<unknown>
8000587e: c9 3e        	addiw	t4, t4, -14
80005880: 63 9d c9 3c  	bne	s3, a2, 0x80005c5a <H_imag+0x1fda>
80005884: 05 a6        	j	0x80005ba4 <H_imag+0x1f24>
80005886: ac 3e        	fld	fa1, 120(a3)
80005888: 56 1c        	slli	s8, s8, 53
8000588a: 0e 3f        	fld	ft10, 224(sp)
8000588c: 30 d3        	sw	a2, 96(a4)
8000588e: c7 3e d3 58  	fmsub.s	ft9, ft6, fa3, fa1, rup
80005892: 31 3e        	addiw	t3, t3, -20
80005894: 5f 35 54 3e  	<unknown>
80005898: 49 5a        	li	s4, -14
8000589a: 56 3e        	fld	ft8, 368(sp)
8000589c: 99 b7        	j	0x800057e2 <H_imag+0x1b62>
8000589e: 86 3e        	fld	ft9, 96(sp)
800058a0: 93 b3 93 3e  	sltiu	t2, t2, 1001
800058a4: 6d 5d        	li	s10, -5
800058a6: fe 3e        	fld	ft9, 504(sp)
800058a8: 06 52        	lw	tp, 96(sp)
800058aa: 9b 3e 72 dc  	<unknown>
800058ae: 1b 3f 16 4a  	<unknown>
800058b2: ce 3e        	fld	ft9, 240(sp)
800058b4: 19 a6        	j	0x80005bba <H_imag+0x1f3a>
800058b6: 3e 3e        	fld	ft8, 488(sp)
800058b8: 51 a8        	j	0x8000594c <H_imag+0x1ccc>
800058ba: d6 3e        	fld	ft9, 368(sp)
800058bc: 48 ae        	fsd	fa0, 152(a2)
800058be: 24 3e        	fld	fs1, 120(a2)
800058c0: ed 9b        	andi	a5, a5, -5
800058c2: b6 3e        	fld	ft9, 360(sp)
800058c4: 8c dd        	sw	a1, 56(a1)
800058c6: 19 3f        	addiw	t5, t5, -26
800058c8: 79 ce        	beqz	a2, 0x800059a6 <H_imag+0x1d26>
800058ca: 46 3e        	fld	ft8, 112(sp)
800058cc: 43 e2 60 3d  	<unknown>
800058d0: 68 6d        	ld	a0, 216(a0)
800058d2: 84 3e        	fld	fs1, 56(a3)
800058d4: 15 d3        	beqz	a4, 0x800057f8 <H_imag+0x1b78>
800058d6: 15 3f        	addiw	t5, t5, -27
800058d8: 53 2c 21 3f  	<unknown>
800058dc: f9 88        	andi	s1, s1, 30
800058de: f7 3e 09 8c  	<unknown>
800058e2: 5c 3e        	fld	fa5, 184(a2)
800058e4: b0 7e        	ld	a2, 120(a3)
800058e6: 90 3e        	fld	fa2, 56(a3)
800058e8: bd 14        	addi	s1, s1, -17
800058ea: 05 3e        	addiw	t3, t3, -31
800058ec: 5f ba be 3e  	<unknown>
800058f0: 8a 23        	fld	ft7, 128(sp)
800058f2: ed 3e        	addiw	t4, t4, -5
800058f4: 8e 5f        	lw	t6, 224(sp)
800058f6: 0e 3f        	fld	ft10, 224(sp)
800058f8: c6 f3        	sd	a7, 480(sp)
800058fa: 20 3e        	fld	fs0, 120(a2)
800058fc: ba ba        	fsd	fa4, 368(sp)
800058fe: 69 3e        	addiw	t3, t3, -6
80005900: a4 67        	ld	s1, 72(a5)
80005902: e9 3e        	addiw	t4, t4, -6
80005904: 26 dc        	sw	s1, 56(sp)
80005906: 93 3d e1 8f  	sltiu	s11, sp, -1794
8000590a: a3 3e 2c 49  	sd	s2, 1181(s8)
8000590e: da 3c        	fld	fs9, 432(sp)
80005910: 15 dd        	beqz	a0, 0x8000584c <H_imag+0x1bcc>
80005912: 2f 3f 8a 00  	amoadd.d	t5, s0, (s4)
80005916: 80 3d        	fld	fs0, 56(a1)
80005918: 88 02        	addi	a0, sp, 320
8000591a: ac 3d        	fld	fa1, 120(a1)
8000591c: db 3c 32 3f  	<unknown>
80005920: a6 c9        	sw	s1, 208(sp)
80005922: 8b 3e ec 1e  	<unknown>
80005926: d8 3e        	fld	fa4, 184(a3)
80005928: c0 e7        	sd	s0, 136(a5)
8000592a: 7f 3e 55 32  	<unknown>
8000592e: 90 3d        	fld	fa2, 56(a1)
80005930: d1 e2        	bnez	a3, 0x800059b4 <H_imag+0x1d34>
80005932: 06 3f        	fld	ft10, 96(sp)
80005934: ea 69        	ld	s3, 152(sp)
80005936: 16 3f        	fld	ft10, 352(sp)
80005938: db 3e e5 3d  	<unknown>
8000593c: 6e 5a        	lw	s4, 248(sp)
8000593e: 59 3e        	addiw	t3, t3, -10
80005940: aa 47        	lw	a5, 136(sp)
80005942: b0 3e        	fld	fa2, 120(a3)
80005944: f0 18        	addi	a2, sp, 124
80005946: fb 3e 82 07  	<unknown>
8000594a: 61 3d        	addiw	s10, s10, -8
8000594c: fd 1e        	addi	t4, t4, -1
8000594e: f1 3d        	addiw	s11, s11, -4
80005950: 6e f0        	sd	s11, 32(sp)
80005952: f6 3d        	fld	fs11, 376(sp)
80005954: 1d a2        	j	0x80005a7a <H_imag+0x1dfa>
80005956: 10 3f        	fld	fa2, 56(a4)
80005958: 58 2b        	fld	fa4, 144(a4)
8000595a: 96 3e        	fld	ft9, 352(sp)
8000595c: 47 08 2c 3e  	<unknown>
80005960: 64 d8        	sw	s1, 116(s0)
80005962: 17 3f dc 3f  	auipc	t5, 261571
80005966: a1 3d        	addiw	s11, s11, -24
80005968: c1 b2        	j	0x80005328 <H_imag+0x16a8>
8000596a: 27 3f 18 f3  	fsd	fa7, -194(a6)
8000596e: d1 3e        	addiw	t4, t4, -12
80005970: 73 51 ec 3d  	csrrwi	sp, pmpaddr46, 24
80005974: 95 07        	addi	a5, a5, 5
80005976: f3 3e 2e 5c  	csrrc	t4, 1474, t3
8000597a: dc 3e        	fld	fa5, 184(a3)
8000597c: c7 c3 d1 3e  	<unknown>
80005980: 55 a6        	j	0x80005d24 <vfctrans_sim.c+0x80005d24>
80005982: 02 3f        	fld	ft10, 32(sp)
80005984: 0f 40 18 3f  	<unknown>
80005988: 72 e6        	sd	t3, 264(sp)
8000598a: 1c 3f        	fld	fa5, 56(a4)
8000598c: b3 3d 18 3e  	<unknown>
80005990: da 6b        	ld	s7, 400(sp)
80005992: 09 3f        	addiw	t5, t5, -30
80005994: 92 9a        	add	s5, s5, tp
80005996: e2 3e        	fld	ft9, 56(sp)
80005998: c0 43        	lw	s0, 4(a5)
8000599a: e3 3e 6f 78  	<unknown>
8000599e: 07 3f 25 35  	fld	ft10, 850(a0)
800059a2: 76 3e        	fld	ft8, 376(sp)
800059a4: fb 3f b4 3e  	<unknown>
800059a8: 17 bf 17 3f  	auipc	t5, 258427
800059ac: 24 86        	<unknown>
800059ae: 15 3e        	addiw	t3, t3, -27
800059b0: f7 93 33 3e  	<unknown>
800059b4: d6 77        	ld	a5, 368(sp)
800059b6: 14 3f        	fld	fa3, 56(a4)
800059b8: 6d c5        	beqz	a0, 0x80005aa2 <H_imag+0x1e22>
800059ba: 05 3f        	addiw	t5, t5, -31
800059bc: 92 fb        	sd	tp, 496(sp)
800059be: 21 3f        	addiw	t5, t5, -24
800059c0: a9 5e        	li	t4, -22
800059c2: 03 3f 05 23  	ld	t5, 560(a0)
800059c6: c6 3e        	fld	ft9, 112(sp)
800059c8: 93 c9 47 3d  	xori	s3, a5, 980
800059cc: 2f e4 07 3f  	<unknown>
800059d0: 7f f0 1a 3d  	<unknown>
800059d4: 84 a6        	fsd	fs1, 8(a3)
800059d6: 86 3e        	fld	ft9, 96(sp)
800059d8: 20 15        	addi	s0, sp, 680
800059da: 37 3c 19 c4  	lui	s8, 803219
800059de: c9 3e        	addiw	t4, t4, -14
800059e0: 9c b7        	fsd	fa5, 40(a5)
800059e2: 10 3f        	fld	fa2, 56(a4)
800059e4: f9 2a        	addiw	s5, s5, 30
800059e6: 94 3d        	fld	fa3, 56(a1)
800059e8: 3e a8        	fsd	fa5, 16(sp)
800059ea: f5 3c        	addiw	s9, s9, -3
800059ec: c6 d1        	sw	a7, 224(sp)
800059ee: 0f 3f 85 86  	<unknown>
800059f2: a2 3d        	fld	fs11, 40(sp)
800059f4: 84 23        	fld	fs1, 0(a5)
800059f6: 8c 3e        	fld	fa1, 56(a3)
800059f8: 57 d9 ee 3d  	vfslide1down.vf	v18, v30, ft9, v0.t
800059fc: 52 8f        	mv	t5, s4
800059fe: bc 3b        	fld	fa5, 112(a5)
80005a00: 74 e6        	sd	a3, 200(a2)
80005a02: df 3e 52 c7  	<unknown>
80005a06: 55 3e        	addiw	t3, t3, -11
80005a08: ac 45        	lw	a1, 72(a1)
80005a0a: 19 3c        	addiw	s8, s8, -26
80005a0c: bd bd        	j	0x8000588a <H_imag+0x1c0a>
80005a0e: 06 3f        	fld	ft10, 96(sp)
80005a10: ef 8e ff 3e  	jal	t4, 0x800fe5fe <timer+0xf84be>
80005a14: 9d 78        	lui	a7, 1048551
80005a16: a6 3e        	fld	ft9, 104(sp)
80005a18: ee 3a        	fld	fs5, 248(sp)
80005a1a: cd 3e        	addiw	t4, t4, -13
80005a1c: 6b eb 32 3f  	<unknown>
80005a20: 08 2a        	fld	fa0, 16(a2)
80005a22: 34 3e        	fld	fa3, 120(a2)
80005a24: 8d 2b        	addiw	s7, s7, 3
80005a26: b1 3e        	addiw	t4, t4, -20
80005a28: 0c bd        	fsd	fa1, 56(a0)
80005a2a: 22 3f        	fld	ft10, 40(sp)
80005a2c: 22 62        	ld	tp, 8(sp)
80005a2e: 9b 3d 9d 6f  	<unknown>
80005a32: 3b 3d 7f 46  	<unknown>
80005a36: ed 3d        	addiw	s11, s11, -5
80005a38: 58 ed        	sd	a4, 152(a0)
80005a3a: bb 3d f4 c4  	<unknown>
80005a3e: c3 3e 33 c4  	<unknown>
80005a42: d2 3d        	fld	fs11, 304(sp)
80005a44: 34 8b        	<unknown>
80005a46: 05 3f        	addiw	t5, t5, -31
80005a48: 43 1e 2e 3e  	<unknown>
80005a4c: 7a eb        	sd	t5, 400(sp)
80005a4e: c2 3e        	fld	ft9, 48(sp)
80005a50: 49 85        	srai	a0, a0, 18
80005a52: f2 3e        	fld	ft9, 312(sp)
80005a54: d1 ad        	j	0x80006128 <vfctrans_sim.c+0x80006128>
80005a56: ba 3d        	fld	fs11, 424(sp)
80005a58: f0 71        	ld	a2, 224(a1)
80005a5a: c3 3e f3 f8  	fmadd.s	ft9, ft6, fa5, ft11, rup
80005a5e: 21 3f        	addiw	t5, t5, -24
80005a60: 61 c1        	beqz	a0, 0x80005b20 <H_imag+0x1ea0>
80005a62: 1c 3f        	fld	fa5, 56(a4)
80005a64: 29 86        	srai	a2, a2, 10
80005a66: 1e 3f        	fld	ft10, 480(sp)
80005a68: a8 24        	fld	fa0, 72(s1)
80005a6a: a0 3e        	fld	fs0, 120(a3)
80005a6c: b0 8f        	<unknown>
80005a6e: cb 3e 6d a3  	fnmsub.d	ft9, fs10, fs6, fs4, rup
80005a72: 28 3f        	fld	fa0, 120(a4)
80005a74: 33 22 18 3f  	<unknown>
80005a78: 38 2c        	fld	fa4, 88(s0)
80005a7a: 6c 3e        	fld	fa1, 248(a2)
80005a7c: 0e 90        	c.add	zero, gp
80005a7e: ee 3e        	fld	ft9, 248(sp)
80005a80: f6 0f        	slli	t6, t6, 29
80005a82: 9c 3e        	fld	fa5, 56(a3)
80005a84: 26 b7        	fsd	fs1, 424(sp)
80005a86: a0 3e        	fld	fs0, 120(a3)
80005a88: ac 64        	ld	a1, 72(s1)
80005a8a: 02 3f        	fld	ft10, 32(sp)
80005a8c: 40 59        	lw	s0, 52(a0)
80005a8e: d5 3e        	addiw	t4, t4, -11
80005a90: 11 40        	c.li	zero, 4
80005a92: 63 3e 69 46  	<unknown>
80005a96: d1 3c        	addiw	s9, s9, -12
80005a98: d0 8a        	<unknown>
80005a9a: 0d 3d        	addiw	s10, s10, -29
80005a9c: 00 97        	<unknown>
80005a9e: 95 3e        	addiw	t4, t4, -27
80005aa0: fe a1        	fsd	ft11, 192(sp)
80005aa2: be 3d        	fld	fs11, 488(sp)
80005aa4: 60 38        	fld	fs0, 240(s0)
80005aa6: 74 3e        	fld	fa3, 248(a2)
80005aa8: 29 f7        	bnez	a4, 0x800059f2 <H_imag+0x1d72>
80005aaa: a6 3e        	fld	ft9, 104(sp)
80005aac: 00 b3        	fsd	fs0, 32(a4)
80005aae: 50 3e        	fld	fa2, 184(a2)
80005ab0: 7b bc fc 3e  	<unknown>
80005ab4: f7 54 fb 3e  	<unknown>
80005ab8: d7 2c 2f 3f  	<unknown>
80005abc: 5c 9c        	<unknown>
80005abe: c5 3c        	addiw	s9, s9, -15
80005ac0: 20 19        	addi	s0, sp, 184
80005ac2: d7 3e 66 9a  	<unknown>
80005ac6: 97 3e 06 cb  	auipc	t4, 831587
80005aca: 0f 3f cf ab  	<unknown>
80005ace: f3 3e 7b 5b  	csrrc	t4, 1463, s6
80005ad2: 12 3f        	fld	ft10, 288(sp)
80005ad4: 1d 81        	srli	a0, a0, 7
80005ad6: 1c 3f        	fld	fa5, 56(a4)
80005ad8: ca e7        	sd	s2, 456(sp)
80005ada: a0 3d        	fld	fs0, 120(a1)
80005adc: 6e d0        	sw	s11, 32(sp)
80005ade: c6 3e        	fld	ft9, 112(sp)
80005ae0: 96 9c        	add	s9, s9, t0
80005ae2: 2c 3f        	fld	fa1, 120(a4)
80005ae4: e5 21        	addiw	gp, gp, 25
80005ae6: d4 3e        	fld	fa3, 184(a3)
80005ae8: fe 34        	fld	fs1, 504(sp)
80005aea: 2e 3f        	fld	ft10, 232(sp)
80005aec: c2 93        	add	t2, t2, a6
80005aee: df 3e cd af  	<unknown>
80005af2: 25 3f        	addiw	t5, t5, -23
80005af4: 15 1a        	addi	s4, s4, -27
80005af6: 86 3e        	fld	ft9, 96(sp)
80005af8: 59 ba        	j	0x8000548e <H_imag+0x180e>
80005afa: db 3e fb c6  	<unknown>
80005afe: 76 3e        	fld	ft8, 376(sp)
80005b00: c2 76        	ld	a3, 48(sp)
80005b02: a7 3e e7 ac  	fsd	fa4, -1315(a4)
80005b06: 0d 3e        	addiw	t3, t3, -29
80005b08: 38 a3        	fsd	fa4, 64(a4)
80005b0a: d9 3e        	addiw	t4, t4, -10
80005b0c: 50 ca        	sw	a2, 20(a2)
80005b0e: 21 3f        	addiw	t5, t5, -24
80005b10: 90 2a        	fld	fa2, 16(a3)
80005b12: 17 3f b5 4a  	auipc	t5, 306003
80005b16: 05 3f        	addiw	t5, t5, -31
80005b18: 57 ff f0 3e  	vsetvli	t5, ra, 1007
80005b1c: e7 a1 02 3f  	<unknown>
80005b20: 1f 90 cf 3e  	<unknown>
80005b24: 40 2b        	fld	fs0, 144(a4)
80005b26: 28 3e        	fld	fa0, 120(a2)
80005b28: e6 ca        	sw	s9, 84(sp)
80005b2a: 09 3f        	addiw	t5, t5, -30
80005b2c: 8a 91        	add	gp, gp, sp
80005b2e: 87 3e d8 ff  	fld	ft9, -3(a6)
80005b32: c6 3d        	fld	fs11, 112(sp)
80005b34: 29 3f        	addiw	t5, t5, -22
80005b36: 1a 3f        	fld	ft10, 416(sp)
80005b38: 4c 12        	addi	a1, sp, 292
80005b3a: 26 3e        	fld	ft8, 104(sp)
80005b3c: 1c cc        	sw	a5, 24(s0)
80005b3e: ca 3e        	fld	ft9, 176(sp)
80005b40: 5a c9        	sw	s6, 144(sp)
80005b42: 20 3f        	fld	fs0, 120(a4)
80005b44: 2e 7b        	ld	s6, 232(sp)
80005b46: 3c 3e        	fld	fa5, 120(a2)
80005b48: 46 be        	fsd	fa7, 312(sp)
80005b4a: 2a 3f        	fld	ft10, 168(sp)
80005b4c: 88 28        	fld	fa0, 16(s1)
80005b4e: fa 3e        	fld	ft9, 440(sp)
80005b50: 9a 2d        	fld	fs11, 384(sp)
80005b52: 03 3f 72 bd  	ld	t5, -1065(tp)
80005b56: ef 3d 51 a8  	jal	s11, 0x7ff195da <vfctrans_sim.c+0x7ff195da>
80005b5a: d0 3e        	fld	fa2, 184(a3)
80005b5c: 74 a7        	fsd	fa3, 200(a4)
80005b5e: f2 3e        	fld	ft9, 312(sp)
80005b60: 4a 3e        	fld	ft8, 176(sp)
80005b62: c0 3e        	fld	fs0, 184(a3)
80005b64: c9 e3        	bnez	a5, 0x80005be6 <H_imag+0x1f66>
80005b66: 03 3f cd 50  	ld	t5, 1292(s10)
80005b6a: e9 3d        	addiw	s11, s11, -6
80005b6c: 9e f0        	sd	t2, 96(sp)
80005b6e: e4 3e        	fld	fs1, 248(a3)
80005b70: 00 d8        	sw	s0, 48(s0)
80005b72: dd 3d        	addiw	s11, s11, -9
80005b74: bf 18 c4 3e  	<unknown>
80005b78: 69 b7        	j	0x80005b02 <H_imag+0x1e82>
80005b7a: 2e 3e        	fld	ft8, 232(sp)
80005b7c: 0a 20        	fld	ft0, 128(sp)
80005b7e: 1b 3e 93 e3  	<unknown>
80005b82: a7 3e 6e 46  	fsd	ft6, 1149(t3)
80005b86: 20 3f        	fld	fs0, 120(a4)
80005b88: c7 c8 2f 3f  	<unknown>
80005b8c: 12 72        	ld	tp, 288(sp)
80005b8e: 2c 3f        	fld	fa1, 120(a4)
80005b90: fa df        	sw	t5, 252(sp)
80005b92: df 3c b5 c6  	<unknown>
80005b96: 80 3d        	fld	fs0, 56(a1)
80005b98: 46 f7        	sd	a7, 424(sp)
80005b9a: 20 3f        	fld	fs0, 120(a4)
80005b9c: b3 2f e5 3e  	<unknown>
80005ba0: a8 52        	lw	a0, 96(a3)
80005ba2: d3 3e b2 d8  	<unknown>
80005ba6: 05 3d        	addiw	s10, s10, -31
80005ba8: 37 9d ba 3e  	lui	s10, 256937
80005bac: 9d 81        	srli	a1, a1, 7
80005bae: f2 3e        	fld	ft9, 312(sp)
80005bb0: 5a fd        	sd	s6, 184(sp)
80005bb2: 99 3e        	addiw	t4, t4, -26
80005bb4: c1 9e        	<unknown>
80005bb6: ea 3e        	fld	ft9, 184(sp)
80005bb8: cc e0        	sd	a1, 128(s1)
80005bba: 8c 3e        	fld	fa1, 56(a3)
80005bbc: dd 61        	lui	gp, 23
80005bbe: dc 3e        	fld	fa5, 184(a3)
80005bc0: 68 bf        	fsd	fa0, 248(a4)
80005bc2: 64 3d        	fld	fs1, 248(a0)
80005bc4: e3 19 1a 3f  	bne	s4, a7, 0x800067b6 <timer+0x676>
80005bc8: 23 7d a3 3e  	<unknown>
80005bcc: 7d 30        	<unknown>
80005bce: 26 3f        	fld	ft10, 104(sp)
80005bd0: a6 9f        	add	t6, t6, s1
80005bd2: 86 3e        	fld	ft9, 96(sp)
80005bd4: 90 6b        	ld	a2, 16(a5)
80005bd6: 22 3e        	fld	ft8, 40(sp)
80005bd8: 5c f3        	sd	a5, 160(a4)
80005bda: d7 3c cf 88  	<unknown>
80005bde: b1 3a        	addiw	s5, s5, -20
80005be0: 68 fd        	sd	a0, 248(a0)
80005be2: 24 3f        	fld	fs1, 120(a4)
80005be4: d3 63 31 3e  	<unknown>
80005be8: 5b b0 2b 3f  	<unknown>
80005bec: 79 cb        	beqz	a4, 0x80005cc2 <vfctrans_sim.c+0x80005cc2>
80005bee: d2 3e        	fld	ft9, 304(sp)
80005bf0: 23 17 2a 3d  	sh	s2, 974(s4)
80005bf4: 91 0b        	addi	s7, s7, 4
80005bf6: 2d 3f        	addiw	t5, t5, -21
80005bf8: 8c 5a        	lw	a1, 48(a3)
80005bfa: 21 3f        	addiw	t5, t5, -24
80005bfc: e1 78        	lui	a7, 1048568
80005bfe: 94 3d        	fld	fa3, 56(a1)
80005c00: 3f 36 49 3d  	<unknown>
80005c04: cf 04 0a 3f  	<unknown>
80005c08: 6a f1        	sd	s10, 160(sp)
80005c0a: e4 3e        	fld	fs1, 248(a3)
80005c0c: 20 8d        	<unknown>
80005c0e: 1d 3f        	addiw	t5, t5, -25
80005c10: 4f cf 3c 3e  	<unknown>
80005c14: 4a d8        	sw	s2, 48(sp)
80005c16: 22 3f        	fld	ft10, 40(sp)
80005c18: e6 6a        	ld	s5, 88(sp)
80005c1a: 9a 3e        	fld	ft9, 416(sp)
80005c1c: 12 7c        	ld	s8, 288(sp)
80005c1e: 77 3e 57 86  	<unknown>
80005c22: 16 3f        	fld	ft10, 352(sp)
80005c24: 11 95        	srai	a0, a0, 36
80005c26: 88 3e        	fld	fa0, 56(a3)
80005c28: 05 84        	srai	s0, s0, 1
80005c2a: c4 3d        	fld	fs1, 184(a1)
80005c2c: d7 05 34 3b  	vrgatherei16.vv	v11, v19, v8
80005c30: 1b df ef 3c  	<unknown>
80005c34: 1f eb 0e 3e  	<unknown>
80005c38: 03 69 a1 3e  	lwu	s2, 1002(sp)
80005c3c: 6b 3a be 3e  	<unknown>
80005c40: 59 f3        	bnez	a4, 0x80005bc6 <H_imag+0x1f46>
80005c42: e7 3e 6c 4d  	<unknown>
80005c46: 2d 3f        	addiw	t5, t5, -21
80005c48: 55 ff        	bnez	a4, 0x80005c04 <H_imag+0x1f84>
80005c4a: 89 3e        	addiw	t4, t4, -30
80005c4c: ba 5c        	lw	s9, 172(sp)
80005c4e: 0f 3f c6 85  	<unknown>
80005c52: 09 3f        	addiw	t5, t5, -30
80005c54: 21 89        	andi	a0, a0, 8
80005c56: 1a 3f        	fld	ft10, 416(sp)
80005c58: 87 bd e9 3e  	fld	fs11, 1006(s3)
80005c5c: 2e a2        	fsd	fa1, 256(sp)
80005c5e: 1d 3e        	addiw	t3, t3, -25
80005c60: cb 01 c5 3e  	<unknown>
80005c64: 18 14        	addi	a4, sp, 544
80005c66: 5d 3d        	addiw	s10, s10, -9
80005c68: f3 0f af 3e  	<unknown>
80005c6c: 0c b5        	fsd	fa1, 40(a0)
80005c6e: 1c 3f        	fld	fa5, 56(a4)
80005c70: f7 29 1c 3f  	<unknown>
80005c74: c5 b2        	j	0x80005654 <H_imag+0x19d4>
80005c76: 53 3e 7c dd  	<unknown>
80005c7a: 18 3f        	fld	fa4, 56(a4)
80005c7c: a0 c4        	sw	s0, 72(s1)
80005c7e: c4 3e        	fld	fs1, 184(a3)

Disassembly of section .rodata:

0000000080005c80 <.rodata>:
80005c80: 4e 5f        	lw	t5, 240(sp)
80005c82: 42 45        	lw	a0, 16(sp)
80005c84: 41 4d        	li	s10, 16
80005c86: 20 3d        	fld	fs0, 120(a0)
80005c88: 20 25        	fld	fs0, 72(a0)
80005c8a: 64 0a        	addi	s1, sp, 284
80005c8c: 00 76        	ld	s0, 40(a2)
80005c8e: 6c 20        	fld	fa1, 192(s0)
80005c90: 3d 20        	<unknown>
80005c92: 25 64        	lui	s0, 9
80005c94: 0a 00        	c.slli	zero, 2
80005c96: 3d 3d        	addiw	s10, s10, -17
80005c98: 3d 3d        	addiw	s10, s10, -17
80005c9a: 3d 3d        	addiw	s10, s10, -17
80005c9c: 3d 3d        	addiw	s10, s10, -17
80005c9e: 3d 3d        	addiw	s10, s10, -17
80005ca0: 3d 3d        	addiw	s10, s10, -17
80005ca2: 3d 3d        	addiw	s10, s10, -17
80005ca4: 3d 3d        	addiw	s10, s10, -17
80005ca6: 3d 3d        	addiw	s10, s10, -17
80005ca8: 3d 3d        	addiw	s10, s10, -17
80005caa: 3d 3d        	addiw	s10, s10, -17
80005cac: 3d 3d        	addiw	s10, s10, -17
80005cae: 3d 3d        	addiw	s10, s10, -17
80005cb0: 0a 00        	c.slli	zero, 2
80005cb2: 3d 3d        	addiw	s10, s10, -17
80005cb4: 3d 3d        	addiw	s10, s10, -17
80005cb6: 3d 3d        	addiw	s10, s10, -17
80005cb8: 3d 3d        	addiw	s10, s10, -17
80005cba: 53 74 61 74  	<unknown>
80005cbe: 69 73        	lui	t1, 1048570
80005cc0: 74 69        	ld	a3, 208(a0)
80005cc2: 63 73 3d 3d  	bgeu	s10, s3, 0x80006088 <.rodata+0x408>
80005cc6: 3d 3d        	addiw	s10, s10, -17
80005cc8: 3d 3d        	addiw	s10, s10, -17
80005cca: 3d 3d        	addiw	s10, s10, -17
80005ccc: 0a 00        	c.slli	zero, 2
80005cce: 53 4e 52 5f  	<unknown>
80005cd2: 64 62        	ld	s1, 192(a2)
80005cd4: 20 3d        	fld	fs0, 120(a0)
80005cd6: 20 25        	fld	fs0, 72(a0)
80005cd8: 64 0a        	addi	s1, sp, 284
80005cda: 00 54        	lw	s0, 40(s0)
80005cdc: 68 65        	ld	a0, 200(a0)
80005cde: 20 70        	ld	s0, 96(s0)
80005ce0: 65 72        	lui	tp, 1048569
80005ce2: 66 6f        	ld	t5, 88(sp)
80005ce4: 72 6d        	ld	s10, 280(sp)
80005ce6: 61 6e        	lui	t3, 24
80005ce8: 63 65 20 69  	bltu	zero, s2, 0x80006372 <timer+0x232>
80005cec: 73 20 25 66  	csrs	1634, a0
80005cf0: 20 46        	lw	s0, 72(a2)
80005cf2: 4c 4f        	lw	a1, 28(a4)
80005cf4: 50 2f        	fld	fa2, 152(a4)
80005cf6: 63 79 63 6c  	bgeu	t1, t1, 0x800063c8 <timer+0x288>
80005cfa: 65 20        	<unknown>
80005cfc: 28 25        	fld	fa0, 72(a0)
80005cfe: 66 25        	fld	fa0, 88(sp)
80005d00: 25 20        	<unknown>
80005d02: 75 74        	lui	s0, 1048573
80005d04: 69 6c        	lui	s8, 26
80005d06: 69 7a        	lui	s4, 1048570
80005d08: 61 74        	lui	s0, 1048568
80005d0a: 69 6f        	lui	t5, 26
80005d0c: 6e 29        	fld	fs2, 216(sp)
80005d0e: 2e 0a        	slli	s4, s4, 11
80005d10: 00 54        	lw	s0, 40(s0)
80005d12: 68 65        	ld	a0, 200(a0)
80005d14: 20 65        	ld	s0, 72(a0)
80005d16: 78 65        	ld	a4, 200(a0)
80005d18: 63 75 74 69  	bgeu	s0, s7, 0x800063a2 <timer+0x262>
80005d1c: 6f 6e 20 74  	jal	t3, 0x8000c45e <timer+0x631e>
80005d20: 6f 6f 6b 20  	jal	t5, 0x800bbf26 <timer+0xb5de6>
80005d24: 25 64        	lui	s0, 9
80005d26: 20 63        	ld	s0, 64(a4)
80005d28: 79 63        	lui	t1, 30
80005d2a: 6c 65        	ld	a1, 200(a0)
80005d2c: 73 2e 0a 00  	csrrs	t3, ustatus, s4
80005d30: 4e 52        	lw	tp, 240(sp)
80005d32: 5f 4c 41 4e  	<unknown>
80005d36: 45 53        	li	t1, -15
80005d38: 20 3d        	fld	fs0, 120(a0)
80005d3a: 20 25        	fld	fs0, 72(a0)
80005d3c: 64 0a        	addi	s1, sp, 284
80005d3e: 00 00        	unimp	
80005d40: ca 0e        	slli	t4, t4, 18
80005d42: 00 80        	<unknown>
80005d44: 00 00        	unimp	
80005d46: 00 00        	unimp	
80005d48: d6 0e        	slli	t4, t4, 21
80005d4a: 00 80        	<unknown>
80005d4c: 00 00        	unimp	
80005d4e: 00 00        	unimp	
80005d50: d6 0e        	slli	t4, t4, 21
80005d52: 00 80        	<unknown>
80005d54: 00 00        	unimp	
80005d56: 00 00        	unimp	
80005d58: a6 0e        	slli	t4, t4, 9
80005d5a: 00 80        	<unknown>
80005d5c: 00 00        	unimp	
80005d5e: 00 00        	unimp	
80005d60: d6 0e        	slli	t4, t4, 21
80005d62: 00 80        	<unknown>
80005d64: 00 00        	unimp	
80005d66: 00 00        	unimp	
80005d68: d6 0e        	slli	t4, t4, 21
80005d6a: 00 80        	<unknown>
80005d6c: 00 00        	unimp	
80005d6e: 00 00        	unimp	
80005d70: d6 0e        	slli	t4, t4, 21
80005d72: 00 80        	<unknown>
80005d74: 00 00        	unimp	
80005d76: 00 00        	unimp	
80005d78: d6 0e        	slli	t4, t4, 21
80005d7a: 00 80        	<unknown>
80005d7c: 00 00        	unimp	
80005d7e: 00 00        	unimp	
80005d80: d6 0e        	slli	t4, t4, 21
80005d82: 00 80        	<unknown>
80005d84: 00 00        	unimp	
80005d86: 00 00        	unimp	
80005d88: d6 0e        	slli	t4, t4, 21
80005d8a: 00 80        	<unknown>
80005d8c: 00 00        	unimp	
80005d8e: 00 00        	unimp	
80005d90: d6 0e        	slli	t4, t4, 21
80005d92: 00 80        	<unknown>
80005d94: 00 00        	unimp	
80005d96: 00 00        	unimp	
80005d98: ce 0e        	slli	t4, t4, 19
80005d9a: 00 80        	<unknown>
80005d9c: 00 00        	unimp	
80005d9e: 00 00        	unimp	
80005da0: d6 0e        	slli	t4, t4, 21
80005da2: 00 80        	<unknown>
80005da4: 00 00        	unimp	
80005da6: 00 00        	unimp	
80005da8: d2 0e        	slli	t4, t4, 20
80005daa: 00 80        	<unknown>
80005dac: 00 00        	unimp	
80005dae: 00 00        	unimp	
80005db0: d6 0e        	slli	t4, t4, 21
80005db2: 00 80        	<unknown>
80005db4: 00 00        	unimp	
80005db6: 00 00        	unimp	
80005db8: d6 0e        	slli	t4, t4, 21
80005dba: 00 80        	<unknown>
80005dbc: 00 00        	unimp	
80005dbe: 00 00        	unimp	
80005dc0: a8 0e        	addi	a0, sp, 856
80005dc2: 00 80        	<unknown>
80005dc4: 00 00        	unimp	
80005dc6: 00 00        	unimp	
80005dc8: 30 10        	addi	a2, sp, 40
80005dca: 00 80        	<unknown>
80005dcc: 00 00        	unimp	
80005dce: 00 00        	unimp	
80005dd0: e4 0f        	addi	s1, sp, 988
80005dd2: 00 80        	<unknown>
80005dd4: 00 00        	unimp	
80005dd6: 00 00        	unimp	
80005dd8: 44 10        	addi	s1, sp, 36
80005dda: 00 80        	<unknown>
80005ddc: 00 00        	unimp	
80005dde: 00 00        	unimp	
80005de0: ec 0f        	addi	a1, sp, 988
80005de2: 00 80        	<unknown>
80005de4: 00 00        	unimp	
80005de6: 00 00        	unimp	
80005de8: ec 0f        	addi	a1, sp, 988
80005dea: 00 80        	<unknown>
80005dec: 00 00        	unimp	
80005dee: 00 00        	unimp	
80005df0: ec 0f        	addi	a1, sp, 988
80005df2: 00 80        	<unknown>
80005df4: 00 00        	unimp	
80005df6: 00 00        	unimp	
80005df8: e4 0f        	addi	s1, sp, 988
80005dfa: 00 80        	<unknown>
80005dfc: 00 00        	unimp	
80005dfe: 00 00        	unimp	
80005e00: ec 0f        	addi	a1, sp, 988
80005e02: 00 80        	<unknown>
80005e04: 00 00        	unimp	
80005e06: 00 00        	unimp	
80005e08: ec 0f        	addi	a1, sp, 988
80005e0a: 00 80        	<unknown>
80005e0c: 00 00        	unimp	
80005e0e: 00 00        	unimp	
80005e10: e4 0f        	addi	s1, sp, 988
80005e12: 00 80        	<unknown>
80005e14: 00 00        	unimp	
80005e16: 00 00        	unimp	
80005e18: 8e 10        	slli	ra, ra, 35
80005e1a: 00 80        	<unknown>
80005e1c: 00 00        	unimp	
80005e1e: 00 00        	unimp	
80005e20: 98 10        	addi	a4, sp, 96
80005e22: 00 80        	<unknown>
80005e24: 00 00        	unimp	
80005e26: 00 00        	unimp	
80005e28: 98 10        	addi	a4, sp, 96
80005e2a: 00 80        	<unknown>
80005e2c: 00 00        	unimp	
80005e2e: 00 00        	unimp	
80005e30: 98 10        	addi	a4, sp, 96
80005e32: 00 80        	<unknown>
80005e34: 00 00        	unimp	
80005e36: 00 00        	unimp	
80005e38: 98 10        	addi	a4, sp, 96
80005e3a: 00 80        	<unknown>
80005e3c: 00 00        	unimp	
80005e3e: 00 00        	unimp	
80005e40: 98 10        	addi	a4, sp, 96
80005e42: 00 80        	<unknown>
80005e44: 00 00        	unimp	
80005e46: 00 00        	unimp	
80005e48: 98 10        	addi	a4, sp, 96
80005e4a: 00 80        	<unknown>
80005e4c: 00 00        	unimp	
80005e4e: 00 00        	unimp	
80005e50: 98 10        	addi	a4, sp, 96
80005e52: 00 80        	<unknown>
80005e54: 00 00        	unimp	
80005e56: 00 00        	unimp	
80005e58: 98 10        	addi	a4, sp, 96
80005e5a: 00 80        	<unknown>
80005e5c: 00 00        	unimp	
80005e5e: 00 00        	unimp	
80005e60: 98 10        	addi	a4, sp, 96
80005e62: 00 80        	<unknown>
80005e64: 00 00        	unimp	
80005e66: 00 00        	unimp	
80005e68: 98 10        	addi	a4, sp, 96
80005e6a: 00 80        	<unknown>
80005e6c: 00 00        	unimp	
80005e6e: 00 00        	unimp	
80005e70: 98 10        	addi	a4, sp, 96
80005e72: 00 80        	<unknown>
80005e74: 00 00        	unimp	
80005e76: 00 00        	unimp	
80005e78: 98 10        	addi	a4, sp, 96
80005e7a: 00 80        	<unknown>
80005e7c: 00 00        	unimp	
80005e7e: 00 00        	unimp	
80005e80: 98 10        	addi	a4, sp, 96
80005e82: 00 80        	<unknown>
80005e84: 00 00        	unimp	
80005e86: 00 00        	unimp	
80005e88: 98 10        	addi	a4, sp, 96
80005e8a: 00 80        	<unknown>
80005e8c: 00 00        	unimp	
80005e8e: 00 00        	unimp	
80005e90: 98 10        	addi	a4, sp, 96
80005e92: 00 80        	<unknown>
80005e94: 00 00        	unimp	
80005e96: 00 00        	unimp	
80005e98: 98 10        	addi	a4, sp, 96
80005e9a: 00 80        	<unknown>
80005e9c: 00 00        	unimp	
80005e9e: 00 00        	unimp	
80005ea0: 98 10        	addi	a4, sp, 96
80005ea2: 00 80        	<unknown>
80005ea4: 00 00        	unimp	
80005ea6: 00 00        	unimp	
80005ea8: 98 10        	addi	a4, sp, 96
80005eaa: 00 80        	<unknown>
80005eac: 00 00        	unimp	
80005eae: 00 00        	unimp	
80005eb0: 98 10        	addi	a4, sp, 96
80005eb2: 00 80        	<unknown>
80005eb4: 00 00        	unimp	
80005eb6: 00 00        	unimp	
80005eb8: 98 10        	addi	a4, sp, 96
80005eba: 00 80        	<unknown>
80005ebc: 00 00        	unimp	
80005ebe: 00 00        	unimp	
80005ec0: 98 10        	addi	a4, sp, 96
80005ec2: 00 80        	<unknown>
80005ec4: 00 00        	unimp	
80005ec6: 00 00        	unimp	
80005ec8: 98 10        	addi	a4, sp, 96
80005eca: 00 80        	<unknown>
80005ecc: 00 00        	unimp	
80005ece: 00 00        	unimp	
80005ed0: 98 10        	addi	a4, sp, 96
80005ed2: 00 80        	<unknown>
80005ed4: 00 00        	unimp	
80005ed6: 00 00        	unimp	
80005ed8: 98 10        	addi	a4, sp, 96
80005eda: 00 80        	<unknown>
80005edc: 00 00        	unimp	
80005ede: 00 00        	unimp	
80005ee0: 98 10        	addi	a4, sp, 96
80005ee2: 00 80        	<unknown>
80005ee4: 00 00        	unimp	
80005ee6: 00 00        	unimp	
80005ee8: 98 10        	addi	a4, sp, 96
80005eea: 00 80        	<unknown>
80005eec: 00 00        	unimp	
80005eee: 00 00        	unimp	
80005ef0: 98 10        	addi	a4, sp, 96
80005ef2: 00 80        	<unknown>
80005ef4: 00 00        	unimp	
80005ef6: 00 00        	unimp	
80005ef8: 98 10        	addi	a4, sp, 96
80005efa: 00 80        	<unknown>
80005efc: 00 00        	unimp	
80005efe: 00 00        	unimp	
80005f00: 98 10        	addi	a4, sp, 96
80005f02: 00 80        	<unknown>
80005f04: 00 00        	unimp	
80005f06: 00 00        	unimp	
80005f08: 98 10        	addi	a4, sp, 96
80005f0a: 00 80        	<unknown>
80005f0c: 00 00        	unimp	
80005f0e: 00 00        	unimp	
80005f10: 98 10        	addi	a4, sp, 96
80005f12: 00 80        	<unknown>
80005f14: 00 00        	unimp	
80005f16: 00 00        	unimp	
80005f18: 98 10        	addi	a4, sp, 96
80005f1a: 00 80        	<unknown>
80005f1c: 00 00        	unimp	
80005f1e: 00 00        	unimp	
80005f20: 58 10        	addi	a4, sp, 36
80005f22: 00 80        	<unknown>
80005f24: 00 00        	unimp	
80005f26: 00 00        	unimp	
80005f28: 98 10        	addi	a4, sp, 96
80005f2a: 00 80        	<unknown>
80005f2c: 00 00        	unimp	
80005f2e: 00 00        	unimp	
80005f30: 98 10        	addi	a4, sp, 96
80005f32: 00 80        	<unknown>
80005f34: 00 00        	unimp	
80005f36: 00 00        	unimp	
80005f38: 98 10        	addi	a4, sp, 96
80005f3a: 00 80        	<unknown>
80005f3c: 00 00        	unimp	
80005f3e: 00 00        	unimp	
80005f40: 98 10        	addi	a4, sp, 96
80005f42: 00 80        	<unknown>
80005f44: 00 00        	unimp	
80005f46: 00 00        	unimp	
80005f48: 98 10        	addi	a4, sp, 96
80005f4a: 00 80        	<unknown>
80005f4c: 00 00        	unimp	
80005f4e: 00 00        	unimp	
80005f50: 98 10        	addi	a4, sp, 96
80005f52: 00 80        	<unknown>
80005f54: 00 00        	unimp	
80005f56: 00 00        	unimp	
80005f58: 98 10        	addi	a4, sp, 96
80005f5a: 00 80        	<unknown>
80005f5c: 00 00        	unimp	
80005f5e: 00 00        	unimp	
80005f60: 98 10        	addi	a4, sp, 96
80005f62: 00 80        	<unknown>
80005f64: 00 00        	unimp	
80005f66: 00 00        	unimp	
80005f68: 98 10        	addi	a4, sp, 96
80005f6a: 00 80        	<unknown>
80005f6c: 00 00        	unimp	
80005f6e: 00 00        	unimp	
80005f70: 98 10        	addi	a4, sp, 96
80005f72: 00 80        	<unknown>
80005f74: 00 00        	unimp	
80005f76: 00 00        	unimp	
80005f78: 98 10        	addi	a4, sp, 96
80005f7a: 00 80        	<unknown>
80005f7c: 00 00        	unimp	
80005f7e: 00 00        	unimp	
80005f80: 98 10        	addi	a4, sp, 96
80005f82: 00 80        	<unknown>
80005f84: 00 00        	unimp	
80005f86: 00 00        	unimp	
80005f88: 98 10        	addi	a4, sp, 96
80005f8a: 00 80        	<unknown>
80005f8c: 00 00        	unimp	
80005f8e: 00 00        	unimp	
80005f90: 98 10        	addi	a4, sp, 96
80005f92: 00 80        	<unknown>
80005f94: 00 00        	unimp	
80005f96: 00 00        	unimp	
80005f98: 98 10        	addi	a4, sp, 96
80005f9a: 00 80        	<unknown>
80005f9c: 00 00        	unimp	
80005f9e: 00 00        	unimp	
80005fa0: 98 10        	addi	a4, sp, 96
80005fa2: 00 80        	<unknown>
80005fa4: 00 00        	unimp	
80005fa6: 00 00        	unimp	
80005fa8: 98 10        	addi	a4, sp, 96
80005faa: 00 80        	<unknown>
80005fac: 00 00        	unimp	
80005fae: 00 00        	unimp	
80005fb0: 10 10        	addi	a2, sp, 32
80005fb2: 00 80        	<unknown>
80005fb4: 00 00        	unimp	
80005fb6: 00 00        	unimp	
80005fb8: 98 10        	addi	a4, sp, 96
80005fba: 00 80        	<unknown>
80005fbc: 00 00        	unimp	
80005fbe: 00 00        	unimp	
80005fc0: 98 10        	addi	a4, sp, 96
80005fc2: 00 80        	<unknown>
80005fc4: 00 00        	unimp	
80005fc6: 00 00        	unimp	
80005fc8: 98 10        	addi	a4, sp, 96
80005fca: 00 80        	<unknown>
80005fcc: 00 00        	unimp	
80005fce: 00 00        	unimp	
80005fd0: 98 10        	addi	a4, sp, 96
80005fd2: 00 80        	<unknown>
80005fd4: 00 00        	unimp	
80005fd6: 00 00        	unimp	
80005fd8: 98 10        	addi	a4, sp, 96
80005fda: 00 80        	<unknown>
80005fdc: 00 00        	unimp	
80005fde: 00 00        	unimp	
80005fe0: 98 10        	addi	a4, sp, 96
80005fe2: 00 80        	<unknown>
80005fe4: 00 00        	unimp	
80005fe6: 00 00        	unimp	
80005fe8: 98 10        	addi	a4, sp, 96
80005fea: 00 80        	<unknown>
80005fec: 00 00        	unimp	
80005fee: 00 00        	unimp	
80005ff0: 98 10        	addi	a4, sp, 96
80005ff2: 00 80        	<unknown>
80005ff4: 00 00        	unimp	
80005ff6: 00 00        	unimp	
80005ff8: 98 10        	addi	a4, sp, 96
80005ffa: 00 80        	<unknown>
80005ffc: 00 00        	unimp	
80005ffe: 00 00        	unimp	
80006000: da 11        	slli	gp, gp, 54
80006002: 00 80        	<unknown>
80006004: 00 00        	unimp	
80006006: 00 00        	unimp	
80006008: 4a 13        	slli	t1, t1, 50
8000600a: 00 80        	<unknown>
8000600c: 00 00        	unimp	
8000600e: 00 00        	unimp	
80006010: 0c 10        	addi	a1, sp, 32
80006012: 00 80        	<unknown>
80006014: 00 00        	unimp	
80006016: 00 00        	unimp	
80006018: 98 10        	addi	a4, sp, 96
8000601a: 00 80        	<unknown>
8000601c: 00 00        	unimp	
8000601e: 00 00        	unimp	
80006020: 58 10        	addi	a4, sp, 36
80006022: 00 80        	<unknown>
80006024: 00 00        	unimp	
80006026: 00 00        	unimp	
80006028: 98 10        	addi	a4, sp, 96
8000602a: 00 80        	<unknown>
8000602c: 00 00        	unimp	
8000602e: 00 00        	unimp	
80006030: 98 10        	addi	a4, sp, 96
80006032: 00 80        	<unknown>
80006034: 00 00        	unimp	
80006036: 00 00        	unimp	
80006038: 0c 10        	addi	a1, sp, 32
8000603a: 00 80        	<unknown>
8000603c: 00 00        	unimp	
8000603e: 00 00        	unimp	
80006040: 98 10        	addi	a4, sp, 96
80006042: 00 80        	<unknown>
80006044: 00 00        	unimp	
80006046: 00 00        	unimp	
80006048: 98 10        	addi	a4, sp, 96
8000604a: 00 80        	<unknown>
8000604c: 00 00        	unimp	
8000604e: 00 00        	unimp	
80006050: 98 10        	addi	a4, sp, 96
80006052: 00 80        	<unknown>
80006054: 00 00        	unimp	
80006056: 00 00        	unimp	
80006058: 98 10        	addi	a4, sp, 96
8000605a: 00 80        	<unknown>
8000605c: 00 00        	unimp	
8000605e: 00 00        	unimp	
80006060: 98 10        	addi	a4, sp, 96
80006062: 00 80        	<unknown>
80006064: 00 00        	unimp	
80006066: 00 00        	unimp	
80006068: dc 11        	addi	a5, sp, 228
8000606a: 00 80        	<unknown>
8000606c: 00 00        	unimp	
8000606e: 00 00        	unimp	
80006070: b0 10        	addi	a2, sp, 104
80006072: 00 80        	<unknown>
80006074: 00 00        	unimp	
80006076: 00 00        	unimp	
80006078: 98 10        	addi	a4, sp, 96
8000607a: 00 80        	<unknown>
8000607c: 00 00        	unimp	
8000607e: 00 00        	unimp	
80006080: 98 10        	addi	a4, sp, 96
80006082: 00 80        	<unknown>
80006084: 00 00        	unimp	
80006086: 00 00        	unimp	
80006088: 32 11        	slli	sp, sp, 44
8000608a: 00 80        	<unknown>
8000608c: 00 00        	unimp	
8000608e: 00 00        	unimp	
80006090: 98 10        	addi	a4, sp, 96
80006092: 00 80        	<unknown>
80006094: 00 00        	unimp	
80006096: 00 00        	unimp	
80006098: 0c 10        	addi	a1, sp, 32
8000609a: 00 80        	<unknown>
8000609c: 00 00        	unimp	
8000609e: 00 00        	unimp	
800060a0: 98 10        	addi	a4, sp, 96
800060a2: 00 80        	<unknown>
800060a4: 00 00        	unimp	
800060a6: 00 00        	unimp	
800060a8: 98 10        	addi	a4, sp, 96
800060aa: 00 80        	<unknown>
800060ac: 00 00        	unimp	
800060ae: 00 00        	unimp	
800060b0: 10 10        	addi	a2, sp, 32
800060b2: 00 80        	<unknown>
800060b4: 00 00        	unimp	
800060b6: 00 00        	unimp	

00000000800060b8 <_ftoa.pow10>:
800060b8: 00 00        	unimp	
800060ba: 00 00        	unimp	
800060bc: 00 00        	unimp	
800060be: f0 3f        	fld	fa2, 248(a5)
800060c0: 00 00        	unimp	
800060c2: 00 00        	unimp	
800060c4: 00 00        	unimp	
800060c6: 24 40        	lw	s1, 64(s0)
800060c8: 00 00        	unimp	
800060ca: 00 00        	unimp	
800060cc: 00 00        	unimp	
800060ce: 59 40        	c.li	zero, 22
800060d0: 00 00        	unimp	
800060d2: 00 00        	unimp	
800060d4: 00 40        	lw	s0, 0(s0)
800060d6: 8f 40 00 00  	<unknown>
800060da: 00 00        	unimp	
800060dc: 00 88        	<unknown>
800060de: c3 40 00 00  	fmadd.s	ft1, ft0, ft0, ft0, rmm
800060e2: 00 00        	unimp	
800060e4: 00 6a        	ld	s0, 16(a2)
800060e6: f8 40        	lw	a4, 68(s1)
800060e8: 00 00        	unimp	
800060ea: 00 00        	unimp	
800060ec: 80 84        	<unknown>
800060ee: 2e 41        	lw	sp, 200(sp)
800060f0: 00 00        	unimp	
800060f2: 00 00        	unimp	
800060f4: d0 12        	addi	a2, sp, 356
800060f6: 63 41 00 00  	bltz	zero, 0x800060f8 <_ftoa.pow10+0x40>
800060fa: 00 00        	unimp	
800060fc: 84 d7        	sw	s1, 40(a5)
800060fe: 97 41 00 00  	auipc	gp, 4
80006102: 00 00        	unimp	
80006104: 65 cd        	beqz	a0, 0x800061fc <timer+0xbc>
80006106: cd 41        	li	gp, 19

Disassembly of section .sdata:

0000000080006110 <.sdata>:
80006110: 0a d7        	sw	sp, 172(sp)
80006112: 23 3c 00 00  	sd	zero, 24(zero)
		...
8000611e: 74 40        	lw	a3, 68(s0)
80006120: 00 00        	unimp	
80006122: c8 40        	lw	a0, 4(s1)
		...
8000612c: 00 00        	unimp	
8000612e: e0 3f        	fld	fs0, 248(a5)
80006130: 00 00        	unimp	
80006132: c0 ff        	sd	s0, 184(a5)
80006134: ff ff df 41  	<unknown>
80006138: cd cc        	beqz	s1, 0x800061f2 <timer+0xb2>
8000613a: cc cc        	sw	a1, 28(s1)
8000613c: cc cc        	sw	a1, 28(s1)
8000613e: cc cc        	sw	a1, 28(s1)

Disassembly of section .l2:

0000000080006140 <timer>:
		...

Disassembly of section .comment:

0000000000000000 <.comment>:
       0: 63 6c 61 6e  	bltu	sp, t1, 0x6f8 <.comment+0x6f8>
       4: 67 20 76 65  	<unknown>
       8: 72 73        	ld	t1, 312(sp)
       a: 69 6f        	lui	t5, 26
       c: 6e 20        	fld	ft0, 216(sp)
       e: 31 36        	addiw	a2, a2, -20
      10: 2e 30        	fld	ft0, 232(sp)
      12: 2e 30        	fld	ft0, 232(sp)
      14: 20 28        	fld	fs0, 80(s0)
      16: 68 74        	ld	a0, 232(s0)
      18: 74 70        	ld	a3, 224(s0)
      1a: 73 3a 2f 2f  	csrrc	s4, 754, t5
      1e: 67 69 74 68  	<unknown>
      22: 75 62        	lui	tp, 29
      24: 2e 63        	ld	t1, 200(sp)
      26: 6f 6d 2f 6c  	jal	s10, 0xf66e8 <.comment+0xf66e8>
      2a: 6c 76        	ld	a1, 232(a2)
      2c: 6d 2f        	addiw	t5, t5, 27
      2e: 6c 6c        	ld	a1, 216(s0)
      30: 76 6d        	ld	s10, 344(sp)
      32: 2d 70        	c.lui	zero, -21
      34: 72 6f        	ld	t5, 280(sp)
      36: 6a 65        	ld	a0, 152(sp)
      38: 63 74 2e 67  	bgeu	t3, s2, 0x6a0 <.comment+0x6a0>
      3c: 69 74        	lui	s0, 1048570
      3e: 20 35        	fld	fs0, 104(a0)
      40: 30 34        	fld	fa2, 104(s0)
      42: 37 31 30 34  	lui	sp, 213763
      46: 61 37        	addiw	a4, a4, -8
      48: 36 34        	fld	fs0, 360(sp)
      4a: 34 35        	fld	fa3, 104(a0)
      4c: 62 62        	ld	tp, 24(sp)
      4e: 34 32        	fld	fa3, 96(a2)
      50: 34 65        	ld	a3, 72(a0)
      52: 34 38        	fld	fa3, 112(s0)
      54: 30 35        	fld	fa2, 104(a0)
      56: 39 34        	addiw	s0, s0, -18
      58: 66 30        	fld	ft0, 120(sp)
      5a: 65 62        	lui	tp, 25
      5c: 32 65        	ld	a0, 264(sp)
      5e: 64 37        	fld	fs1, 232(a4)
      60: 36 38        	fld	fa6, 360(sp)
      62: 33 31 35 62  	<unknown>
      66: 33 29 00 00  	sltz	s2, zero
      6a: 4c 69        	ld	a1, 144(a0)
      6c: 6e 6b        	ld	s6, 216(sp)
      6e: 65 72        	lui	tp, 1048569
      70: 3a 20        	fld	ft0, 392(sp)
      72: 4c 4c        	lw	a1, 28(s0)
      74: 44 20        	fld	fs1, 128(s0)
      76: 31 36        	addiw	a2, a2, -20
      78: 2e 30        	fld	ft0, 232(sp)
      7a: 2e 30        	fld	ft0, 232(sp)
      7c: 00           	<unknown>

Disassembly of section .riscv.attributes:

0000000000000000 <.riscv.attributes>:
       0: 41 99        	andi	a0, a0, -16
       2: 00 00        	unimp	
       4: 00 72        	ld	s0, 32(a2)
       6: 69 73        	lui	t1, 1048570
       8: 63 76 00 01  	bgeu	zero, a6, 0x14 <.riscv.attributes+0x14>
       c: 8f 00 00 00  	<unknown>
      10: 04 10        	addi	s1, sp, 32
      12: 05 72        	lui	tp, 1048545
      14: 76 36        	fld	fa2, 376(sp)
      16: 34 69        	ld	a3, 80(a0)
      18: 32 70        	<unknown>
      1a: 30 5f        	lw	a2, 120(a4)
      1c: 6d 32        	addiw	tp, tp, -5
      1e: 70 30        	fld	fa2, 224(s0)
      20: 5f 61 32 70  	<unknown>
      24: 30 5f        	lw	a2, 120(a4)
      26: 66 32        	fld	ft4, 120(sp)
      28: 70 30        	fld	fa2, 224(s0)
      2a: 5f 64 32 70  	<unknown>
      2e: 30 5f        	lw	a2, 120(a4)
      30: 63 32 70 30  	<unknown>
      34: 5f 76 31 70  	<unknown>
      38: 30 5f        	lw	a2, 120(a4)
      3a: 7a 66        	ld	a2, 408(sp)
      3c: 68 31        	fld	fa0, 224(a0)
      3e: 70 30        	fld	fa2, 224(s0)
      40: 5f 7a 76 65  	<unknown>
      44: 33 32 66 31  	<unknown>
      48: 70 30        	fld	fa2, 224(s0)
      4a: 5f 7a 76 65  	<unknown>
      4e: 33 32 78 31  	<unknown>
      52: 70 30        	fld	fa2, 224(s0)
      54: 5f 7a 76 65  	<unknown>
      58: 36 34        	fld	fs0, 360(sp)
      5a: 64 31        	fld	fs1, 224(a0)
      5c: 70 30        	fld	fa2, 224(s0)
      5e: 5f 7a 76 65  	<unknown>
      62: 36 34        	fld	fs0, 360(sp)
      64: 66 31        	fld	ft2, 120(sp)
      66: 70 30        	fld	fa2, 224(s0)
      68: 5f 7a 76 65  	<unknown>
      6c: 36 34        	fld	fs0, 360(sp)
      6e: 78 31        	fld	fa4, 224(a0)
      70: 70 30        	fld	fa2, 224(s0)
      72: 5f 7a 76 66  	<unknown>
      76: 68 30        	fld	fa0, 224(s0)
      78: 70 31        	fld	fa2, 224(a0)
      7a: 5f 7a 76 6c  	<unknown>
      7e: 31 32        	addiw	tp, tp, -20
      80: 38 62        	ld	a4, 64(a2)
      82: 31 70        	c.lui	zero, -20
      84: 30 5f        	lw	a2, 120(a4)
      86: 7a 76        	ld	a2, 440(sp)
      88: 6c 33        	fld	fa1, 224(a4)
      8a: 32 62        	ld	tp, 264(sp)
      8c: 31 70        	c.lui	zero, -20
      8e: 30 5f        	lw	a2, 120(a4)
      90: 7a 76        	ld	a2, 440(sp)
      92: 6c 36        	fld	fa1, 232(a2)
      94: 34 62        	ld	a3, 64(a2)
      96: 31 70        	c.lui	zero, -20
      98: 30 00        	addi	a2, sp, 8

Disassembly of section .symtab:

0000000000000000 <.symtab>:
		...
      18: 01 00        	nop
      1a: 00 00        	unimp	
      1c: 04 00        	<unknown>
      1e: f1 ff        	bnez	a5, 0xfffffffffffffffa <timer+0xffffffff7fff9eba>
		...
      30: 08 00        	<unknown>
      32: 00 00        	unimp	
      34: 04 00        	<unknown>
      36: f1 ff        	bnez	a5, 0x12 <.symtab+0x12>
		...
      48: 1a 00        	c.slli	zero, 6
      4a: 00 00        	unimp	
      4c: 04 00        	<unknown>
      4e: f1 ff        	bnez	a5, 0x2a <.symtab+0x2a>
		...
      60: 29 00        	c.nop	10
      62: 00 00        	unimp	
      64: 04 00        	<unknown>
      66: f1 ff        	bnez	a5, 0x42 <.symtab+0x42>
		...
      78: 37 00 00 00  	lui	zero, 0
      7c: 04 00        	<unknown>
      7e: f1 ff        	bnez	a5, 0x5a <.symtab+0x5a>
		...
      90: 51 00        	c.nop	20
      92: 00 00        	unimp	
      94: 04 00        	<unknown>
      96: f1 ff        	bnez	a5, 0x72 <.symtab+0x72>
		...
      a8: 5e 00        	c.slli	zero, 23
      aa: 00 00        	unimp	
      ac: 04 00        	<unknown>
      ae: f1 ff        	bnez	a5, 0x8a <.symtab+0x8a>
		...
      c0: 77 00 00 00  	<unknown>
      c4: 04 00        	<unknown>
      c6: f1 ff        	bnez	a5, 0xa2 <.symtab+0xa2>
		...
      d8: 87 00 00 00  	vle8.v	v1, (zero), v0.t
      dc: 04 00        	<unknown>
      de: f1 ff        	bnez	a5, 0xba <.symtab+0xba>
		...
      f0: 98 00        	addi	a4, sp, 64
      f2: 00 00        	unimp	
      f4: 04 00        	<unknown>
      f6: f1 ff        	bnez	a5, 0xd2 <.symtab+0xd2>
		...
     108: a2 00        	slli	ra, ra, 8
     10a: 00 00        	unimp	
     10c: 00 00        	unimp	
     10e: 01 00        	nop
     110: 0a 00        	c.slli	zero, 2
     112: 00 80        	<unknown>
		...
     120: af 00 00 00  	<unknown>
     124: 00 00        	unimp	
     126: 01 00        	nop
     128: d8 00        	addi	a4, sp, 68
     12a: 00 80        	<unknown>
		...
     138: bb 00 00 00  	addw	ra, zero, zero
     13c: 04 00        	<unknown>
     13e: f1 ff        	bnez	a5, 0x11a <.symtab+0x11a>
		...
     150: c4 00        	addi	s1, sp, 68
     152: 00 00        	unimp	
     154: 02 00        	c.slli64	zero
     156: 01 00        	nop
     158: 98 19        	addi	a4, sp, 240
     15a: 00 80        	<unknown>
     15c: 00 00        	unimp	
     15e: 00 00        	unimp	
     160: 0c 00        	<unknown>
     162: 00 00        	unimp	
     164: 00 00        	unimp	
     166: 00 00        	unimp	
     168: ce 00        	slli	ra, ra, 19
     16a: 00 00        	unimp	
     16c: 02 00        	c.slli64	zero
     16e: 01 00        	nop
     170: 1a 0e        	slli	t3, t3, 6
     172: 00 80        	<unknown>
     174: 00 00        	unimp	
     176: 00 00        	unimp	
     178: 7e 0b        	slli	s6, s6, 31
     17a: 00 00        	unimp	
     17c: 00 00        	unimp	
     17e: 00 00        	unimp	
     180: d9 00        	addi	ra, ra, 22
     182: 00 00        	unimp	
     184: 02 00        	c.slli64	zero
     186: 01 00        	nop
     188: a4 19        	addi	s1, sp, 248
     18a: 00 80        	<unknown>
     18c: 00 00        	unimp	
     18e: 00 00        	unimp	
     190: 02 00        	c.slli64	zero
     192: 00 00        	unimp	
     194: 00 00        	unimp	
     196: 00 00        	unimp	
     198: e3 00 00 00  	beqz	zero, 0x998 <.symtab+0x998>
     19c: 02 00        	c.slli64	zero
     19e: 01 00        	nop
     1a0: a6 19        	slli	s3, s3, 41
     1a2: 00 80        	<unknown>
     1a4: 00 00        	unimp	
     1a6: 00 00        	unimp	
     1a8: 76 02        	slli	tp, tp, 29
     1aa: 00 00        	unimp	
     1ac: 00 00        	unimp	
     1ae: 00 00        	unimp	
     1b0: f0 00        	addi	a2, sp, 76
     1b2: 00 00        	unimp	
     1b4: 01 00        	nop
     1b6: 03 00 b8 60  	lb	zero, 1547(a6)
     1ba: 00 80        	<unknown>
     1bc: 00 00        	unimp	
     1be: 00 00        	unimp	
     1c0: 50 00        	addi	a2, sp, 4
     1c2: 00 00        	unimp	
     1c4: 00 00        	unimp	
     1c6: 00 00        	unimp	
     1c8: fc 00        	addi	a5, sp, 76
     1ca: 00 00        	unimp	
     1cc: 04 00        	<unknown>
     1ce: f1 ff        	bnez	a5, 0x1aa <.symtab+0x1aa>
		...
     1e0: 05 01        	addi	sp, sp, 1
     1e2: 00 00        	unimp	
     1e4: 04 00        	<unknown>
     1e6: f1 ff        	bnez	a5, 0x1c2 <.symtab+0x1c2>
		...
     1f8: 0e 01        	slli	sp, sp, 3
     1fa: 00 00        	unimp	
     1fc: 04 00        	<unknown>
     1fe: f1 ff        	bnez	a5, 0x1da <.symtab+0x1da>
		...
     210: 15 01        	addi	sp, sp, 5
     212: 00 00        	unimp	
     214: 12 00        	c.slli	zero, 4
     216: 01 00        	nop
     218: 10 01        	addi	a2, sp, 128
     21a: 00 80        	<unknown>
     21c: 00 00        	unimp	
     21e: 00 00        	unimp	
     220: aa 01        	slli	gp, gp, 10
     222: 00 00        	unimp	
     224: 00 00        	unimp	
     226: 00 00        	unimp	
     228: 1a 01        	slli	sp, sp, 6
     22a: 00 00        	unimp	
     22c: 12 00        	c.slli	zero, 4
     22e: 01 00        	nop
     230: 1c 1c        	addi	a5, sp, 560
     232: 00 80        	<unknown>
     234: 00 00        	unimp	
     236: 00 00        	unimp	
     238: 4e 00        	c.slli	zero, 19
     23a: 00 00        	unimp	
     23c: 00 00        	unimp	
     23e: 00 00        	unimp	
     240: 21 01        	addi	sp, sp, 8
     242: 00 00        	unimp	
     244: 10 00        	<unknown>
     246: 06 00        	c.slli	zero, 1
     248: 40 61        	ld	s0, 128(a0)
     24a: 00 80        	<unknown>
		...
     258: 27 01 00 00  	vse8.v	v2, (zero), v0.t
     25c: 11 00        	c.nop	4
     25e: 02 00        	c.slli64	zero
     260: 80 1c        	addi	s0, sp, 624
     262: 00 80        	<unknown>
     264: 00 00        	unimp	
     266: 00 00        	unimp	
     268: 00 20        	fld	fs0, 0(s0)
     26a: 00 00        	unimp	
     26c: 00 00        	unimp	
     26e: 00 00        	unimp	
     270: 2e 01        	slli	sp, sp, 11
     272: 00 00        	unimp	
     274: 11 00        	c.nop	4
     276: 02 00        	c.slli64	zero
     278: 80 3c        	fld	fs0, 56(s1)
     27a: 00 80        	<unknown>
     27c: 00 00        	unimp	
     27e: 00 00        	unimp	
     280: 00 20        	fld	fs0, 0(s0)
     282: 00 00        	unimp	
     284: 00 00        	unimp	
     286: 00 00        	unimp	
     288: 35 01        	addi	sp, sp, 13
     28a: 00 00        	unimp	
     28c: 12 00        	c.slli	zero, 4
     28e: 01 00        	nop
     290: f0 02        	addi	a2, sp, 332
     292: 00 80        	<unknown>
     294: 00 00        	unimp	
     296: 00 00        	unimp	
     298: f2 0a        	slli	s5, s5, 28
     29a: 00 00        	unimp	
     29c: 00 00        	unimp	
     29e: 00 00        	unimp	
     2a0: 49 01        	addi	sp, sp, 18
     2a2: 00 00        	unimp	
     2a4: 12 00        	c.slli	zero, 4
     2a6: 01 00        	nop
     2a8: e2 0d        	slli	s11, s11, 24
     2aa: 00 80        	<unknown>
     2ac: 00 00        	unimp	
     2ae: 00 00        	unimp	
     2b0: 38 00        	addi	a4, sp, 8
     2b2: 00 00        	unimp	
     2b4: 00 00        	unimp	
     2b6: 00 00        	unimp	
     2b8: 51 01        	addi	sp, sp, 20
     2ba: 00 00        	unimp	
     2bc: 12 00        	c.slli	zero, 4
     2be: 01 00        	nop
     2c0: ba 02        	slli	t0, t0, 14
     2c2: 00 80        	<unknown>
     2c4: 00 00        	unimp	
     2c6: 00 00        	unimp	
     2c8: 36 00        	c.slli	zero, 13
     2ca: 00 00        	unimp	
     2cc: 00 00        	unimp	
     2ce: 00 00        	unimp	
     2d0: 65 01        	addi	sp, sp, 25
     2d2: 00 00        	unimp	
     2d4: 10 00        	<unknown>
     2d6: 01 00        	nop
     2d8: 00 00        	unimp	
     2da: 00 80        	<unknown>
		...
     2e8: 6c 01        	addi	a1, sp, 140
     2ea: 00 00        	unimp	
     2ec: 10 00        	<unknown>
     2ee: 01 00        	nop
     2f0: f0 00        	addi	a2, sp, 76
     2f2: 00 80        	<unknown>
		...
     300: 71 01        	addi	sp, sp, 28
     302: 00 00        	unimp	
     304: 10 00        	<unknown>
     306: 01 00        	nop
     308: 00 01        	addi	s0, sp, 128
     30a: 00 80        	<unknown>
		...
     318: 77 01 00 00  	<unknown>
     31c: 20 00        	addi	s0, sp, 8
		...
     32e: 00 00        	unimp	
     330: 85 01        	addi	gp, gp, 1
     332: 00 00        	unimp	
     334: 20 00        	addi	s0, sp, 8
		...
     346: 00 00        	unimp	
     348: 93 01 00 00  	li	gp, 0
     34c: 20 00        	addi	s0, sp, 8
		...
     35e: 00 00        	unimp	
     360: 9f 01 00 00  	<unknown>
     364: 10 00        	<unknown>
     366: 04 00        	<unknown>
     368: 10 69        	ld	a2, 16(a0)
     36a: 00 80        	<unknown>
		...
     378: b1 01        	addi	gp, gp, 12
     37a: 00 00        	unimp	
     37c: 10 00        	<unknown>
     37e: f1 ff        	bnez	a5, 0x35a <.symtab+0x35a>
     380: 10 00        	<unknown>
     382: 00 d0        	sw	s0, 32(s0)
		...
     390: c6 01        	slli	gp, gp, 17
     392: 00 00        	unimp	
     394: 10 00        	<unknown>
     396: f1 ff        	bnez	a5, 0x372 <.symtab+0x372>
     398: 00 00        	unimp	
     39a: 00 d0        	sw	s0, 32(s0)
		...
     3a8: d6 01        	slli	gp, gp, 21
     3aa: 00 00        	unimp	
     3ac: 12 00        	c.slli	zero, 4
     3ae: 01 00        	nop
     3b0: 6a 1c        	slli	s8, s8, 58
     3b2: 00 80        	<unknown>
     3b4: 00 00        	unimp	
     3b6: 00 00        	unimp	
     3b8: 0a 00        	c.slli	zero, 2
     3ba: 00 00        	unimp	
     3bc: 00 00        	unimp	
     3be: 00 00        	unimp	
     3c0: df 01 00 00  	<unknown>
     3c4: 10 00        	<unknown>
     3c6: f1 ff        	bnez	a5, 0x3a2 <.symtab+0x3a2>
     3c8: 00 00        	unimp	
     3ca: 00 c0        	sw	s0, 0(s0)
		...
     3d8: e9 01        	addi	gp, gp, 26
     3da: 00 00        	unimp	
     3dc: 10 00        	<unknown>
     3de: 05 00        	c.nop	1
     3e0: 40 61        	ld	s0, 128(a0)
     3e2: 00 80        	<unknown>
		...
     3f0: f5 01        	addi	gp, gp, 29
     3f2: 00 00        	unimp	
     3f4: 10 00        	<unknown>
     3f6: 05 00        	c.nop	1
     3f8: 40 61        	ld	s0, 128(a0)
     3fa: 00 80        	<unknown>
		...
     408: ff 01 00 00  	<unknown>
     40c: 10 00        	<unknown>
     40e: f1 ff        	bnez	a5, 0x3ea <.symtab+0x3ea>
     410: 50 61        	ld	a2, 128(a0)
     412: 00 80        	<unknown>
		...
     420: 0d 02        	addi	tp, tp, 3
     422: 00 00        	unimp	
     424: 10 00        	<unknown>
     426: f1 ff        	bnez	a5, 0x402 <.symtab+0x402>
     428: 08 00        	<unknown>
     42a: 00 d0        	sw	s0, 32(s0)
		...
     438: 24 02        	addi	s1, sp, 264
     43a: 00 00        	unimp	
     43c: 10 00        	<unknown>
     43e: f1 ff        	bnez	a5, 0x41a <.symtab+0x41a>
     440: 18 00        	<unknown>
     442: 00 d0        	sw	s0, 32(s0)
		...
     450: 32 02        	slli	tp, tp, 12
     452: 00 00        	unimp	
     454: 10 00        	<unknown>
     456: f1 ff        	bnez	a5, 0x432 <.symtab+0x432>
     458: 20 00        	addi	s0, sp, 8
     45a: 00 d0        	sw	s0, 32(s0)
		...

Disassembly of section .shstrtab:

0000000000000000 <.shstrtab>:
       0: 00 2e        	fld	fs0, 24(a2)
       2: 74 65        	ld	a3, 200(a0)
       4: 78 74        	ld	a4, 232(s0)
       6: 00 2e        	fld	fs0, 24(a2)
       8: 64 61        	ld	s1, 192(a0)
       a: 74 61        	ld	a3, 192(a0)
       c: 00 2e        	fld	fs0, 24(a2)
       e: 72 6f        	ld	t5, 280(sp)
      10: 64 61        	ld	s1, 192(a0)
      12: 74 61        	ld	a3, 192(a0)
      14: 00 2e        	fld	fs0, 24(a2)
      16: 73 64 61 74  	csrrsi	s0, 1862, 2
      1a: 61 00        	c.nop	24
      1c: 2e 62        	ld	tp, 200(sp)
      1e: 73 73 00 2e  	csrrci	t1, 736, 0
      22: 6c 32        	fld	fa1, 224(a2)
      24: 00 2e        	fld	fs0, 24(a2)
      26: 63 6f 6d 6d  	bltu	s10, s6, 0x704 <.symtab+0x704>
      2a: 65 6e        	lui	t3, 25
      2c: 74 00        	addi	a3, sp, 12
      2e: 2e 72        	ld	tp, 232(sp)
      30: 69 73        	lui	t1, 1048570
      32: 63 76 2e 61  	bgeu	t3, s2, 0x63e <.symtab+0x63e>
      36: 74 74        	ld	a3, 232(s0)
      38: 72 69        	ld	s2, 280(sp)
      3a: 62 75        	ld	a0, 56(sp)
      3c: 74 65        	ld	a3, 200(a0)
      3e: 73 00 2e 73  	<unknown>
      42: 79 6d        	lui	s10, 30
      44: 74 61        	ld	a3, 192(a0)
      46: 62 00        	c.slli	zero, 24
      48: 2e 73        	ld	t1, 232(sp)
      4a: 68 73        	ld	a0, 224(a4)
      4c: 74 72        	ld	a3, 224(a2)
      4e: 74 61        	ld	a3, 192(a0)
      50: 62 00        	c.slli	zero, 24
      52: 2e 73        	ld	t1, 232(sp)
      54: 74 72        	ld	a3, 224(a2)
      56: 74 61        	ld	a3, 192(a0)
      58: 62 00        	c.slli	zero, 24

Disassembly of section .strtab:

0000000000000000 <.strtab>:
       0: 00 6d        	ld	s0, 24(a0)
       2: 61 69        	lui	s2, 24
       4: 6e 2e        	fld	ft8, 216(sp)
       6: 63 00 76 5f  	beq	a2, s7, 0x5e6 <.symtab+0x5e6>
       a: 4c 4c        	lw	a1, 28(s0)
       c: 5f 64 65 63  	<unknown>
      10: 6f 6d 70 5f  	jal	s10, 0x6e06 <.symtab+0x6e06>
      14: 66 33        	fld	ft6, 120(sp)
      16: 32 2e        	fld	ft8, 264(sp)
      18: 63 00 76 66  	beq	a2, t2, 0x678 <.symtab+0x678>
      1c: 63 74 72 61  	bgeu	tp, s7, 0x624 <.symtab+0x624>
      20: 6e 73        	ld	t1, 248(sp)
      22: 5f 73 69 6d  	<unknown>
      26: 2e 63        	ld	t1, 200(sp)
      28: 00 76        	ld	s0, 40(a2)
      2a: 5f 63 6f 6d  	<unknown>
      2e: 70 75        	ld	a2, 232(a0)
      30: 74 65        	ld	a3, 200(a0)
      32: 5f 7a 2e 63  	<unknown>
      36: 00 76        	ld	s0, 40(a2)
      38: 5f 62 61 63  	<unknown>
      3c: 6b 77 61 72  	<unknown>
      40: 64 5f        	lw	s1, 124(a4)
      42: 73 75 62 73  	csrrci	a0, 1846, 4
      46: 74 69        	ld	a3, 208(a0)
      48: 74 75        	ld	a3, 232(a0)
      4a: 74 69        	ld	a3, 208(a0)
      4c: 6f 6e 2e 63  	jal	t3, 0xe667e <.symtab+0xe667e>
      50: 00 76        	ld	s0, 40(a2)
      52: 63 66 6d 75  	bltu	s10, s6, 0x79e <.symtab+0x79e>
      56: 6c 5f        	lw	a1, 124(a4)
      58: 73 69 6d 2e  	csrrsi	s2, 742, 26
      5c: 63 00 76 5f  	beq	a2, s7, 0x63c <.symtab+0x63c>
      60: 66 6f        	ld	t5, 88(sp)
      62: 72 77        	ld	a4, 312(sp)
      64: 61 72        	lui	tp, 1048568
      66: 64 5f        	lw	s1, 124(a4)
      68: 73 75 62 73  	csrrci	a0, 1846, 4
      6c: 74 69        	ld	a3, 208(a0)
      6e: 74 75        	ld	a3, 232(a0)
      70: 74 69        	ld	a3, 208(a0)
      72: 6f 6e 2e 63  	jal	t3, 0xe66a4 <.symtab+0xe66a4>
      76: 00 76        	ld	s0, 40(a2)
      78: 63 73 71 72  	bgeu	sp, t2, 0x79e <.symtab+0x79e>
      7c: 64 6d        	ld	s1, 216(a0)
      7e: 61 67        	lui	a4, 24
      80: 5f 73 69 6d  	<unknown>
      84: 2e 63        	ld	t1, 200(sp)
      86: 00 76        	ld	s0, 40(a2)
      88: 5f 63 6f 6d  	<unknown>
      8c: 70 75        	ld	a2, 232(a0)
      8e: 74 65        	ld	a3, 200(a0)
      90: 5f 67 72 61  	<unknown>
      94: 6d 2e        	addiw	t3, t3, 27
      96: 63 00 64 61  	beq	s0, s6, 0x696 <.symtab+0x696>
      9a: 74 61        	ld	a3, 192(a0)
      9c: 73 65 74 2e  	csrrsi	a0, 743, 8
      a0: 63 00 72 65  	beq	tp, s7, 0x6e0 <.symtab+0x6e0>
      a4: 73 65 74 5f  	csrrsi	a0, 1527, 8
      a8: 76 65        	ld	a0, 344(sp)
      aa: 63 74 6f 72  	bgeu	t5, t1, 0x7d2 <.symtab+0x7d2>
      ae: 00 74        	ld	s0, 40(s0)
      b0: 72 61        	ld	sp, 280(sp)
      b2: 70 5f        	lw	a2, 124(a4)
      b4: 76 65        	ld	a0, 344(sp)
      b6: 63 74 6f 72  	bgeu	t5, t1, 0x7de <.symtab+0x7de>
      ba: 00 70        	ld	s0, 32(s0)
      bc: 72 69        	ld	s2, 280(sp)
      be: 6e 74        	ld	s0, 248(sp)
      c0: 66 2e        	fld	ft8, 88(sp)
      c2: 63 00 5f 6f  	beq	t5, s5, 0x7a2 <.symtab+0x7a2>
      c6: 75 74        	lui	s0, 1048573
      c8: 5f 63 68 61  	<unknown>
      cc: 72 00        	c.slli	zero, 28
      ce: 5f 76 73 6e  	<unknown>
      d2: 70 72        	ld	a2, 224(a2)
      d4: 69 6e        	lui	t3, 26
      d6: 74 66        	ld	a3, 200(a2)
      d8: 00 5f        	lw	s0, 56(a4)
      da: 6f 75 74 5f  	jal	a0, 0x47ed0 <.symtab+0x47ed0>
      de: 6e 75        	ld	a0, 248(sp)
      e0: 6c 6c        	ld	a1, 216(s0)
      e2: 00 5f        	lw	s0, 56(a4)
      e4: 6e 74        	ld	s0, 248(sp)
      e6: 6f 61 5f 66  	jal	sp, 0xf6f4a <.symtab+0xf6f4a>
      ea: 6f 72 6d 61  	jal	tp, 0xd7700 <.symtab+0xd7700>
      ee: 74 00        	addi	a3, sp, 12
      f0: 5f 66 74 6f  	<unknown>
      f4: 61 2e        	addiw	t3, t3, 24
      f6: 70 6f        	ld	a2, 216(a4)
      f8: 77 31 30 00  	<unknown>
      fc: 73 74 72 69  	csrrci	s0, 1687, 4
     100: 6e 67        	ld	a4, 216(sp)
     102: 2e 63        	ld	t1, 200(sp)
     104: 00 73        	ld	s0, 32(a4)
     106: 65 72        	lui	tp, 1048569
     108: 69 61        	addi	sp, sp, 208
     10a: 6c 2e        	fld	fa1, 216(a2)
     10c: 63 00 75 74  	beq	a0, t2, 0x84c <.symtab+0x84c>
     110: 69 6c        	lui	s8, 26
     112: 2e 63        	ld	t1, 200(sp)
     114: 00 6d        	ld	s0, 24(a0)
     116: 61 69        	lui	s2, 24
     118: 6e 00        	c.slli	zero, 27
     11a: 6d 65        	lui	a0, 27
     11c: 6d 73        	lui	t1, 1048571
     11e: 65 74        	lui	s0, 1048569
     120: 00 74        	ld	s0, 40(s0)
     122: 69 6d        	lui	s10, 26
     124: 65 72        	lui	tp, 1048569
     126: 00 48        	lw	s0, 16(s0)
     128: 5f 72 65 61  	<unknown>
     12c: 6c 00        	addi	a1, sp, 12
     12e: 48 5f        	lw	a0, 60(a4)
     130: 69 6d        	lui	s10, 26
     132: 61 67        	lui	a4, 24
     134: 00 76        	ld	s0, 40(a2)
     136: 5f 63 6f 6d  	<unknown>
     13a: 70 75        	ld	a2, 232(a0)
     13c: 74 65        	ld	a3, 200(a0)
     13e: 5f 67 72 61  	<unknown>
     142: 6d 5f        	li	t5, -5
     144: 66 70        	<unknown>
     146: 33 32 00 70  	<unknown>
     14a: 72 69        	ld	s2, 280(sp)
     14c: 6e 74        	ld	s0, 248(sp)
     14e: 66 5f        	lw	t5, 120(sp)
     150: 00 76        	ld	s0, 40(a2)
     152: 63 66 6d 61  	bltu	s10, s6, 0x75e <.symtab+0x75e>
     156: 63 5f 76 76  	bge	a2, t2, 0x8d4 <.symtab+0x8d4>
     15a: 5f 66 33 32  	<unknown>
     15e: 6d 31        	addiw	sp, sp, -5
     160: 5f 73 69 6d  	<unknown>
     164: 00 5f        	lw	s0, 56(a4)
     166: 73 74 61 72  	csrrci	s0, 1830, 2
     16a: 74 00        	addi	a3, sp, 12
     16c: 5f 65 6f 63  	<unknown>
     170: 00 5f        	lw	s0, 56(a4)
     172: 66 61        	ld	sp, 88(sp)
     174: 69 6c        	lui	s8, 26
     176: 00 6d        	ld	s0, 24(a0)
     178: 74 76        	ld	a3, 232(a2)
     17a: 65 63        	lui	t1, 25
     17c: 5f 68 61 6e  	<unknown>
     180: 64 6c        	ld	s1, 216(s0)
     182: 65 72        	lui	tp, 1048569
     184: 00 73        	ld	s0, 32(a4)
     186: 74 76        	ld	a3, 232(a2)
     188: 65 63        	lui	t1, 25
     18a: 5f 68 61 6e  	<unknown>
     18e: 64 6c        	ld	s1, 216(s0)
     190: 65 72        	lui	tp, 1048569
     192: 00 72        	ld	s0, 32(a2)
     194: 76 74        	ld	s0, 376(sp)
     196: 65 73        	lui	t1, 1048569
     198: 74 5f        	lw	a3, 124(a4)
     19a: 69 6e        	lui	t3, 26
     19c: 69 74        	lui	s0, 1048570
     19e: 00 5f        	lw	s0, 56(a4)
     1a0: 5f 67 6c 6f  	<unknown>
     1a4: 62 61        	ld	sp, 24(sp)
     1a6: 6c 5f        	lw	a1, 124(a4)
     1a8: 70 6f        	ld	a2, 216(a4)
     1aa: 69 6e        	lui	t3, 26
     1ac: 74 65        	ld	a3, 200(a0)
     1ae: 72 24        	fld	fs0, 280(sp)
     1b0: 00 64        	ld	s0, 8(s0)
     1b2: 72 61        	ld	sp, 280(sp)
     1b4: 6d 5f        	li	t5, -5
     1b6: 65 6e        	lui	t3, 25
     1b8: 64 5f        	lw	s1, 124(a4)
     1ba: 61 64        	lui	s0, 24
     1bc: 64 72        	ld	s1, 224(a2)
     1be: 65 73        	lui	t1, 1048569
     1c0: 73 5f 72 65  	csrrwi	t5, 1623, 4
     1c4: 67 00 65 6f  	jr	1782(a0)
     1c8: 63 5f 61 64  	bge	sp, t1, 0x826 <.symtab+0x826>
     1cc: 64 72        	ld	s1, 224(a2)
     1ce: 65 73        	lui	t1, 1048569
     1d0: 73 5f 72 65  	csrrwi	t5, 1623, 4
     1d4: 67 00 5f 70  	jr	1797(t5)
     1d8: 75 74        	lui	s0, 1048573
     1da: 63 68 61 72  	bltu	sp, t1, 0x90a <.symtab+0x90a>
     1de: 00 66        	ld	s0, 8(a2)
     1e0: 61 6b        	lui	s6, 24
     1e2: 65 5f        	li	t5, -7
     1e4: 75 61        	addi	sp, sp, 368
     1e6: 72 74        	ld	s0, 312(sp)
     1e8: 00 5f        	lw	s0, 56(a4)
     1ea: 5f 62 73 73  	<unknown>
     1ee: 5f 73 74 61  	<unknown>
     1f2: 72 74        	ld	s0, 312(sp)
     1f4: 00 5f        	lw	s0, 56(a4)
     1f6: 5f 62 73 73  	<unknown>
     1fa: 5f 65 6e 64  	<unknown>
     1fe: 00 6c        	ld	s0, 24(s0)
     200: 32 5f        	lw	t5, 44(sp)
     202: 61 6c        	lui	s8, 24
     204: 6c 6f        	ld	a1, 216(a4)
     206: 63 5f 62 61  	bge	tp, s6, 0x824 <.symtab+0x824>
     20a: 73 65 00 64  	csrrsi	a0, 1600, 0
     20e: 72 61        	ld	sp, 280(sp)
     210: 6d 5f        	li	t5, -5
     212: 73 74 61 72  	csrrci	s0, 1830, 2
     216: 74 5f        	lw	a3, 124(a4)
     218: 61 64        	lui	s0, 24
     21a: 64 72        	ld	s1, 224(a2)
     21c: 65 73        	lui	t1, 1048569
     21e: 73 5f 72 65  	csrrwi	t5, 1623, 4
     222: 67 00 65 76  	jr	1894(a0)
     226: 65 6e        	lui	t3, 25
     228: 74 5f        	lw	a3, 124(a4)
     22a: 74 72        	ld	a3, 224(a2)
     22c: 69 67        	lui	a4, 26
     22e: 67 65 72 00  	<unknown>
     232: 68 77        	ld	a0, 232(a4)
     234: 5f 63 6e 74  	<unknown>
     238: 5f 65 6e 5f  	<unknown>
     23c: 72 65        	ld	a0, 280(sp)
     23e: 67           	<unknown>
     23f: 00           	<unknown>
