
bin/fft:	file format elf64-littleriscv

Disassembly of section .text:

0000000080000000 <_start>:
80000000: 97 41 00 00  	auipc	gp, 4
80000004: 93 81 01 2a  	addi	gp, gp, 672
80000008: 09 a0        	j	0x8000000a <reset_vector>

000000008000000a <reset_vector>:
8000000a: 81 40        	li	ra, 0
8000000c: 01 42        	li	tp, 0
8000000e: 81 42        	li	t0, 0
80000010: 01 43        	li	t1, 0
80000012: 81 43        	li	t2, 0
80000014: 01 44        	li	s0, 0
80000016: 81 44        	li	s1, 0
80000018: 01 45        	li	a0, 0
8000001a: 81 45        	li	a1, 0
8000001c: 01 46        	li	a2, 0
8000001e: 81 46        	li	a3, 0
80000020: 01 47        	li	a4, 0
80000022: 81 47        	li	a5, 0
80000024: 01 48        	li	a6, 0
80000026: 81 48        	li	a7, 0
80000028: 01 49        	li	s2, 0
8000002a: 81 49        	li	s3, 0
8000002c: 01 4a        	li	s4, 0
8000002e: 81 4a        	li	s5, 0
80000030: 01 4b        	li	s6, 0
80000032: 81 4b        	li	s7, 0
80000034: 01 4c        	li	s8, 0
80000036: 81 4c        	li	s9, 0
80000038: 01 4d        	li	s10, 0
8000003a: 81 4d        	li	s11, 0
8000003c: 01 4e        	li	t3, 0
8000003e: 81 4e        	li	t4, 0
80000040: 01 4f        	li	t5, 0
80000042: 81 4f        	li	t6, 0
80000044: 97 02 00 50  	auipc	t0, 327680
80000048: 93 82 c2 fc  	addi	t0, t0, -52
8000004c: 03 b1 02 00  	ld	sp, 0(t0)
80000050: fd 52        	li	t0, -1
80000052: 93 d2 b2 00  	srli	t0, t0, 11
80000056: 73 90 02 3b  	csrw	pmpaddr0, t0
8000005a: fd 42        	li	t0, 31
8000005c: 73 90 02 3a  	csrw	pmpcfg0, t0
80000060: 73 50 40 30  	csrwi	mie, 0
80000064: 97 02 00 00  	auipc	t0, 0
80000068: 93 82 42 07  	addi	t0, t0, 116
8000006c: 73 90 52 30  	csrw	mtvec, t0
80000070: 73 50 20 30  	csrwi	medeleg, 0
80000074: 73 50 30 30  	csrwi	mideleg, 0
80000078: 97 02 00 80  	auipc	t0, 524288
8000007c: 93 82 82 f8  	addi	t0, t0, -120
80000080: 63 8a 02 00  	beqz	t0, 0x80000094 <reset_vector+0x8a>
80000084: 73 90 52 10  	csrw	stvec, t0
80000088: ad 62        	lui	t0, 11
8000008a: 9b 82 92 10  	addiw	t0, t0, 265
8000008e: 73 90 22 30  	csrw	medeleg, t0
80000092: 01 00        	nop
80000094: 73 50 00 30  	csrwi	mstatus, 0
80000098: 89 62        	lui	t0, 2
8000009a: 73 a0 02 30  	csrs	mstatus, t0
8000009e: 73 50 30 00  	csrwi	fcsr, 0
800000a2: 93 02 00 20  	li	t0, 512
800000a6: 73 a0 02 30  	csrs	mstatus, t0
800000aa: 73 e0 60 30  	csrsi	mcounteren, 1
800000ae: 73 e0 60 10  	csrsi	scounteren, 1
800000b2: 97 02 00 80  	auipc	t0, 524288
800000b6: 93 82 e2 f4  	addi	t0, t0, -178
800000ba: 63 83 02 00  	beqz	t0, 0x800000c0 <reset_vector+0xb6>
800000be: 82 92        	jalr	t0
800000c0: 97 00 00 00  	auipc	ra, 0
800000c4: 93 80 00 03  	addi	ra, ra, 48
800000c8: 97 02 00 00  	auipc	t0, 0
800000cc: 93 82 82 04  	addi	t0, t0, 72
800000d0: 73 90 12 34  	csrw	mepc, t0
800000d4: 73 00 20 30  	mret	

00000000800000d8 <trap_vector>:
800000d8: 17 0f 00 80  	auipc	t5, 524288
800000dc: 13 0f 8f f2  	addi	t5, t5, -216
800000e0: 63 03 0f 00  	beqz	t5, 0x800000e6 <trap_vector+0xe>
800000e4: 02 8f        	jr	t5
800000e6: 73 25 20 34  	csrr	a0, mcause
800000ea: 6f 00 60 01  	j	0x80000100 <_fail>
800000ee: 01 00        	nop

00000000800000f0 <_eoc>:
800000f0: 97 02 00 50  	auipc	t0, 327680
800000f4: 93 82 02 f1  	addi	t0, t0, -240
800000f8: 23 b0 a2 00  	sd	a0, 0(t0)
800000fc: 6f f0 5f ff  	j	0x800000f0 <_eoc>

0000000080000100 <_fail>:
80000100: 97 02 00 50  	auipc	t0, 327680
80000104: 93 82 02 f0  	addi	t0, t0, -256
80000108: 23 b0 a2 00  	sd	a0, 0(t0)
8000010c: 6f f0 5f fe  	j	0x800000f0 <_eoc>

0000000080000110 <main>:
80000110: 1d 71        	addi	sp, sp, -96
80000112: 86 ec        	sd	ra, 88(sp)
80000114: a2 e8        	sd	s0, 80(sp)
80000116: a6 e4        	sd	s1, 72(sp)
80000118: ca e0        	sd	s2, 64(sp)
8000011a: 4e fc        	sd	s3, 56(sp)
8000011c: 52 f8        	sd	s4, 48(sp)
8000011e: 56 f4        	sd	s5, 40(sp)
80000120: 5a f0        	sd	s6, 32(sp)
80000122: 5e ec        	sd	s7, 24(sp)
80000124: 62 e8        	sd	s8, 16(sp)
80000126: 22 a4        	fsd	fs0, 8(sp)
80000128: 17 35 00 00  	auipc	a0, 3
8000012c: 13 09 65 55  	addi	s2, a0, 1366
80000130: 4a 85        	mv	a0, s2
80000132: 97 10 00 00  	auipc	ra, 1
80000136: e7 80 e0 c3  	jalr	-962(ra)
8000013a: 17 35 00 00  	auipc	a0, 3
8000013e: 13 04 75 4b  	addi	s0, a0, 1207
80000142: 22 85        	mv	a0, s0
80000144: 97 10 00 00  	auipc	ra, 1
80000148: e7 80 c0 c2  	jalr	-980(ra)
8000014c: 17 35 00 00  	auipc	a0, 3
80000150: 13 05 05 4b  	addi	a0, a0, 1200
80000154: 97 10 00 00  	auipc	ra, 1
80000158: e7 80 c0 c1  	jalr	-996(ra)
8000015c: 22 85        	mv	a0, s0
8000015e: 97 10 00 00  	auipc	ra, 1
80000162: e7 80 20 c1  	jalr	-1006(ra)
80000166: 4a 85        	mv	a0, s2
80000168: 97 10 00 00  	auipc	ra, 1
8000016c: e7 80 80 c0  	jalr	-1016(ra)
80000170: 4a 85        	mv	a0, s2
80000172: 97 10 00 00  	auipc	ra, 1
80000176: e7 80 e0 bf  	jalr	-1026(ra)
8000017a: 4a 85        	mv	a0, s2
8000017c: 97 10 00 00  	auipc	ra, 1
80000180: e7 80 40 bf  	jalr	-1036(ra)
80000184: 17 35 00 00  	auipc	a0, 3
80000188: 13 04 55 3e  	addi	s0, a0, 997
8000018c: 22 85        	mv	a0, s0
8000018e: 97 10 00 00  	auipc	ra, 1
80000192: e7 80 20 be  	jalr	-1054(ra)
80000196: 22 85        	mv	a0, s0
80000198: 97 10 00 00  	auipc	ra, 1
8000019c: e7 80 80 bd  	jalr	-1064(ra)
800001a0: 4a 85        	mv	a0, s2
800001a2: 97 10 00 00  	auipc	ra, 1
800001a6: e7 80 e0 bc  	jalr	-1074(ra)
800001aa: 97 2a 00 00  	auipc	s5, 2
800001ae: 83 b5 6a ab  	ld	a1, -1354(s5)
800001b2: 17 35 00 00  	auipc	a0, 3
800001b6: 13 05 b5 48  	addi	a0, a0, 1163
800001ba: 97 10 00 00  	auipc	ra, 1
800001be: e7 80 60 bb  	jalr	-1098(ra)
800001c2: 17 35 00 00  	auipc	a0, 3
800001c6: 13 05 a5 4d  	addi	a0, a0, 1242
800001ca: 97 10 00 00  	auipc	ra, 1
800001ce: e7 80 60 ba  	jalr	-1114(ra)
800001d2: 17 35 00 00  	auipc	a0, 3
800001d6: 13 05 25 45  	addi	a0, a0, 1106
800001da: 97 10 00 00  	auipc	ra, 1
800001de: e7 80 60 b9  	jalr	-1130(ra)
800001e2: 83 a5 6a ab  	lw	a1, -1354(s5)
800001e6: 17 45 00 00  	auipc	a0, 4
800001ea: 93 09 a5 c1  	addi	s3, a0, -998
800001ee: 4e 85        	mv	a0, s3
800001f0: 97 00 00 00  	auipc	ra, 0
800001f4: e7 80 00 59  	jalr	1424(ra)
800001f8: 17 35 00 00  	auipc	a0, 3
800001fc: 13 05 25 4c  	addi	a0, a0, 1218
80000200: 97 10 00 00  	auipc	ra, 1
80000204: e7 80 00 b7  	jalr	-1168(ra)
80000208: 03 b4 6a ab  	ld	s0, -1354(s5)
8000020c: 0e 04        	slli	s0, s0, 3
8000020e: 17 45 00 00  	auipc	a0, 4
80000212: 13 0a 25 df  	addi	s4, a0, -526
80000216: 17 25 00 00  	auipc	a0, 2
8000021a: 93 04 a5 a5  	addi	s1, a0, -1446
8000021e: 52 85        	mv	a0, s4
80000220: a6 85        	mv	a1, s1
80000222: 22 86        	mv	a2, s0
80000224: 97 20 00 00  	auipc	ra, 2
80000228: e7 80 60 98  	jalr	-1658(ra)
8000022c: 17 45 00 00  	auipc	a0, 4
80000230: 13 05 45 5d  	addi	a0, a0, 1492
80000234: a6 85        	mv	a1, s1
80000236: 22 86        	mv	a2, s0
80000238: 97 20 00 00  	auipc	ra, 2
8000023c: e7 80 20 97  	jalr	-1678(ra)
80000240: 0f 00 f0 0f  	fence
80000244: 73 25 00 c0  	rdcycle	a0
80000248: 03 a6 6a ab  	lw	a2, -1354(s5)
8000024c: 33 05 a0 40  	neg	a0, a0
80000250: 17 54 00 00  	auipc	s0, 5
80000254: 23 38 a4 da  	sd	a0, -592(s0)
80000258: 17 25 00 00  	auipc	a0, 2
8000025c: 13 0b 85 21  	addi	s6, a0, 536
80000260: a9 46        	li	a3, 10
80000262: 52 85        	mv	a0, s4
80000264: da 85        	mv	a1, s6
80000266: 97 00 00 00  	auipc	ra, 0
8000026a: e7 80 20 73  	jalr	1842(ra)
8000026e: 0f 00 f0 0f  	fence
80000272: 73 25 00 c0  	rdcycle	a0
80000276: 83 35 04 db  	ld	a1, -592(s0)
8000027a: 03 a6 6a ab  	lw	a2, -1354(s5)
8000027e: 2e 95        	add	a0, a0, a1
80000280: 23 38 a4 da  	sd	a0, -592(s0)
80000284: 52 85        	mv	a0, s4
80000286: ce 85        	mv	a1, s3
80000288: 97 00 00 00  	auipc	ra, 0
8000028c: e7 80 40 4b  	jalr	1204(ra)
80000290: 17 35 00 00  	auipc	a0, 3
80000294: 13 05 15 2a  	addi	a0, a0, 673
80000298: 97 10 00 00  	auipc	ra, 1
8000029c: e7 80 80 ad  	jalr	-1320(ra)
800002a0: 83 35 04 db  	ld	a1, -592(s0)
800002a4: 17 35 00 00  	auipc	a0, 3
800002a8: 13 05 f5 23  	addi	a0, a0, 575
800002ac: 97 10 00 00  	auipc	ra, 1
800002b0: e7 80 40 ac  	jalr	-1340(ra)
800002b4: 03 a6 6a ab  	lw	a2, -1354(s5)
800002b8: 26 85        	mv	a0, s1
800002ba: ce 85        	mv	a1, s3
800002bc: 97 00 00 00  	auipc	ra, 0
800002c0: e7 80 00 48  	jalr	1152(ra)
800002c4: 0f 00 f0 0f  	fence
800002c8: 73 25 00 c0  	rdcycle	a0
800002cc: 03 a6 6a ab  	lw	a2, -1354(s5)
800002d0: 33 05 a0 40  	neg	a0, a0
800002d4: 23 38 a4 da  	sd	a0, -592(s0)
800002d8: 26 85        	mv	a0, s1
800002da: da 85        	mv	a1, s6
800002dc: 97 00 00 00  	auipc	ra, 0
800002e0: e7 80 80 55  	jalr	1368(ra)
800002e4: 0f 00 f0 0f  	fence
800002e8: f3 25 00 c0  	rdcycle	a1
800002ec: 03 35 04 db  	ld	a0, -592(s0)
800002f0: aa 95        	add	a1, a1, a0
800002f2: 23 38 b4 da  	sd	a1, -592(s0)
800002f6: 17 35 00 00  	auipc	a0, 3
800002fa: 13 05 55 36  	addi	a0, a0, 869
800002fe: 97 10 00 00  	auipc	ra, 1
80000302: e7 80 20 a7  	jalr	-1422(ra)
80000306: 0f 00 f0 0f  	fence
8000030a: 73 25 00 c0  	rdcycle	a0
8000030e: 03 b8 6a ab  	ld	a6, -1354(s5)
80000312: 33 05 a0 40  	neg	a0, a0
80000316: 23 38 a4 da  	sd	a0, -592(s0)
8000031a: 93 15 28 00  	slli	a1, a6, 2
8000031e: 17 25 00 00  	auipc	a0, 2
80000322: 93 09 25 d5  	addi	s3, a0, -686
80000326: ce 95        	add	a1, a1, s3
80000328: 13 55 18 00  	srli	a0, a6, 1
8000032c: 1b 56 18 00  	srliw	a2, a6, 1
80000330: 33 66 c8 00  	or	a2, a6, a2
80000334: 9b 56 26 00  	srliw	a3, a2, 2
80000338: 55 8e        	or	a2, a2, a3
8000033a: 9b 56 46 00  	srliw	a3, a2, 4
8000033e: 55 8e        	or	a2, a2, a3
80000340: 9b 56 86 00  	srliw	a3, a2, 8
80000344: 55 8e        	or	a2, a2, a3
80000346: 9b 56 06 01  	srliw	a3, a2, 16
8000034a: 55 8e        	or	a2, a2, a3
8000034c: 13 46 f6 ff  	not	a2, a2
80000350: 93 56 16 00  	srli	a3, a2, 1
80000354: 37 57 55 55  	lui	a4, 349525
80000358: 1b 0b 57 55  	addiw	s6, a4, 1365
8000035c: b3 f6 66 01  	and	a3, a3, s6
80000360: 15 8e        	sub	a2, a2, a3
80000362: b7 36 33 33  	lui	a3, 209715
80000366: 9b 84 36 33  	addiw	s1, a3, 819
8000036a: b3 76 96 00  	and	a3, a2, s1
8000036e: 09 82        	srli	a2, a2, 2
80000370: 65 8e        	and	a2, a2, s1
80000372: 36 96        	add	a2, a2, a3
80000374: 93 56 46 00  	srli	a3, a2, 4
80000378: 36 96        	add	a2, a2, a3
8000037a: b7 16 0f 0f  	lui	a3, 61681
8000037e: 9b 8b f6 f0  	addiw	s7, a3, -241
80000382: 33 76 76 01  	and	a2, a2, s7
80000386: b7 06 01 01  	lui	a3, 4112
8000038a: 1b 8c 16 10  	addiw	s8, a3, 257
8000038e: 3b 06 86 03  	mulw	a2, a2, s8
80000392: 1b 56 86 01  	srliw	a2, a2, 24
80000396: 13 46 f6 01  	xori	a2, a2, 31
8000039a: 33 05 c5 02  	mul	a0, a0, a2
8000039e: 0a 05        	slli	a0, a0, 2
800003a0: 17 36 00 00  	auipc	a2, 3
800003a4: 13 06 06 8d  	addi	a2, a2, -1840
800003a8: b3 06 a6 00  	add	a3, a2, a0
800003ac: 17 35 00 00  	auipc	a0, 3
800003b0: 13 07 45 0c  	addi	a4, a0, 196
800003b4: 17 45 00 00  	auipc	a0, 4
800003b8: 93 07 c5 9c  	addi	a5, a0, -1588
800003bc: 4e 85        	mv	a0, s3
800003be: 97 00 00 00  	auipc	ra, 0
800003c2: e7 80 e0 75  	jalr	1886(ra)
800003c6: 0f 00 f0 0f  	fence
800003ca: 73 25 00 c0  	rdcycle	a0
800003ce: 83 35 04 db  	ld	a1, -592(s0)
800003d2: 03 b6 6a ab  	ld	a2, -1354(s5)
800003d6: 2e 95        	add	a0, a0, a1
800003d8: 23 38 a4 da  	sd	a0, -592(s0)
800003dc: 53 70 36 d0  	fcvt.s.lu	ft0, a2
800003e0: 97 35 00 00  	auipc	a1, 3
800003e4: 93 85 05 6c  	addi	a1, a1, 1728
800003e8: 87 a0 05 00  	flw	ft1, 0(a1)
800003ec: 9b 55 16 00  	srliw	a1, a2, 1
800003f0: d1 8d        	or	a1, a1, a2
800003f2: 1b d6 25 00  	srliw	a2, a1, 2
800003f6: d1 8d        	or	a1, a1, a2
800003f8: 1b d6 45 00  	srliw	a2, a1, 4
800003fc: d1 8d        	or	a1, a1, a2
800003fe: 1b d6 85 00  	srliw	a2, a1, 8
80000402: d1 8d        	or	a1, a1, a2
80000404: 1b d6 05 01  	srliw	a2, a1, 16
80000408: d1 8d        	or	a1, a1, a2
8000040a: 93 c5 f5 ff  	not	a1, a1
8000040e: 13 d6 15 00  	srli	a2, a1, 1
80000412: 33 76 66 01  	and	a2, a2, s6
80000416: 91 8d        	sub	a1, a1, a2
80000418: 33 f6 95 00  	and	a2, a1, s1
8000041c: 89 81        	srli	a1, a1, 2
8000041e: e5 8d        	and	a1, a1, s1
80000420: b2 95        	add	a1, a1, a2
80000422: 13 d6 45 00  	srli	a2, a1, 4
80000426: b2 95        	add	a1, a1, a2
80000428: b3 f5 75 01  	and	a1, a1, s7
8000042c: bb 85 85 03  	mulw	a1, a1, s8
80000430: 9b d5 85 01  	srliw	a1, a1, 24
80000434: 93 c5 f5 01  	xori	a1, a1, 31
80000438: 53 f1 05 d0  	fcvt.s.w	ft2, a1
8000043c: d3 f0 20 10  	fmul.s	ft1, ft1, ft2
80000440: 53 70 10 10  	fmul.s	ft0, ft0, ft1
80000444: 97 35 00 00  	auipc	a1, 3
80000448: 93 85 05 66  	addi	a1, a1, 1632
8000044c: 87 a0 05 00  	flw	ft1, 0(a1)
80000450: 53 71 25 d0  	fcvt.s.l	ft2, a0
80000454: 53 70 20 18  	fdiv.s	ft0, ft0, ft2
80000458: 53 01 00 42  	fcvt.d.s	ft2, ft0
8000045c: 53 70 10 10  	fmul.s	ft0, ft0, ft1
80000460: 53 00 00 42  	fcvt.d.s	ft0, ft0
80000464: d3 05 01 e2  	fmv.x.d	a1, ft2
80000468: d3 06 00 e2  	fmv.x.d	a3, ft0
8000046c: 17 35 00 00  	auipc	a0, 3
80000470: 13 05 45 03  	addi	a0, a0, 52
80000474: 37 96 00 01  	lui	a2, 4105
80000478: 1a 16        	slli	a2, a2, 38
8000047a: 97 10 00 00  	auipc	ra, 1
8000047e: e7 80 60 8f  	jalr	-1802(ra)
80000482: 4a 85        	mv	a0, s2
80000484: 97 10 00 00  	auipc	ra, 1
80000488: e7 80 c0 8e  	jalr	-1812(ra)
8000048c: 17 35 00 00  	auipc	a0, 3
80000490: 13 05 b5 11  	addi	a0, a0, 283
80000494: 97 10 00 00  	auipc	ra, 1
80000498: e7 80 c0 8d  	jalr	-1828(ra)
8000049c: 4a 85        	mv	a0, s2
8000049e: 97 10 00 00  	auipc	ra, 1
800004a2: e7 80 20 8d  	jalr	-1838(ra)
800004a6: 07 20 0a 00  	flw	ft0, 0(s4)
800004aa: 87 20 4a 00  	flw	ft1, 4(s4)
800004ae: 53 00 00 42  	fcvt.d.s	ft0, ft0
800004b2: d3 80 00 42  	fcvt.d.s	ft1, ft1
800004b6: 53 06 00 e2  	fmv.x.d	a2, ft0
800004ba: d3 86 00 e2  	fmv.x.d	a3, ft1
800004be: 17 35 00 00  	auipc	a0, 3
800004c2: 13 04 05 09  	addi	s0, a0, 144
800004c6: 22 85        	mv	a0, s0
800004c8: 81 45        	li	a1, 0
800004ca: 97 10 00 00  	auipc	ra, 1
800004ce: e7 80 60 8a  	jalr	-1882(ra)
800004d2: 07 20 8a 00  	flw	ft0, 8(s4)
800004d6: 87 20 ca 00  	flw	ft1, 12(s4)
800004da: 53 00 00 42  	fcvt.d.s	ft0, ft0
800004de: d3 80 00 42  	fcvt.d.s	ft1, ft1
800004e2: 53 06 00 e2  	fmv.x.d	a2, ft0
800004e6: d3 86 00 e2  	fmv.x.d	a3, ft1
800004ea: 85 45        	li	a1, 1
800004ec: 85 4b        	li	s7, 1
800004ee: 22 85        	mv	a0, s0
800004f0: 97 10 00 00  	auipc	ra, 1
800004f4: e7 80 00 88  	jalr	-1920(ra)
800004f8: 07 20 0a 01  	flw	ft0, 16(s4)
800004fc: 87 20 4a 01  	flw	ft1, 20(s4)
80000500: 53 00 00 42  	fcvt.d.s	ft0, ft0
80000504: d3 80 00 42  	fcvt.d.s	ft1, ft1
80000508: 53 06 00 e2  	fmv.x.d	a2, ft0
8000050c: d3 86 00 e2  	fmv.x.d	a3, ft1
80000510: 89 45        	li	a1, 2
80000512: 22 85        	mv	a0, s0
80000514: 97 10 00 00  	auipc	ra, 1
80000518: e7 80 c0 85  	jalr	-1956(ra)
8000051c: 07 20 8a 01  	flw	ft0, 24(s4)
80000520: 87 20 ca 01  	flw	ft1, 28(s4)
80000524: 53 00 00 42  	fcvt.d.s	ft0, ft0
80000528: d3 80 00 42  	fcvt.d.s	ft1, ft1
8000052c: 53 06 00 e2  	fmv.x.d	a2, ft0
80000530: d3 86 00 e2  	fmv.x.d	a3, ft1
80000534: 8d 45        	li	a1, 3
80000536: 22 85        	mv	a0, s0
80000538: 97 10 00 00  	auipc	ra, 1
8000053c: e7 80 80 83  	jalr	-1992(ra)
80000540: 07 20 0a 02  	flw	ft0, 32(s4)
80000544: 87 20 4a 02  	flw	ft1, 36(s4)
80000548: 53 00 00 42  	fcvt.d.s	ft0, ft0
8000054c: d3 80 00 42  	fcvt.d.s	ft1, ft1
80000550: 53 06 00 e2  	fmv.x.d	a2, ft0
80000554: d3 86 00 e2  	fmv.x.d	a3, ft1
80000558: 91 45        	li	a1, 4
8000055a: 22 85        	mv	a0, s0
8000055c: 97 10 00 00  	auipc	ra, 1
80000560: e7 80 40 81  	jalr	-2028(ra)
80000564: 4a 85        	mv	a0, s2
80000566: 97 10 00 00  	auipc	ra, 1
8000056a: e7 80 a0 80  	jalr	-2038(ra)
8000056e: 03 b5 6a ab  	ld	a0, -1354(s5)
80000572: 07 a0 09 00  	flw	ft0, 0(s3)
80000576: 0a 05        	slli	a0, a0, 2
80000578: 4e 95        	add	a0, a0, s3
8000057a: 87 20 05 00  	flw	ft1, 0(a0)
8000057e: 53 00 00 42  	fcvt.d.s	ft0, ft0
80000582: d3 80 00 42  	fcvt.d.s	ft1, ft1
80000586: d3 86 00 e2  	fmv.x.d	a3, ft1
8000058a: 53 06 00 e2  	fmv.x.d	a2, ft0
8000058e: 17 35 00 00  	auipc	a0, 3
80000592: 13 09 45 04  	addi	s2, a0, 68
80000596: 4a 85        	mv	a0, s2
80000598: 81 45        	li	a1, 0
8000059a: 97 00 00 00  	auipc	ra, 0
8000059e: e7 80 60 7d  	jalr	2006(ra)
800005a2: 03 b5 6a ab  	ld	a0, -1354(s5)
800005a6: 07 a0 49 00  	flw	ft0, 4(s3)
800005aa: 0a 05        	slli	a0, a0, 2
800005ac: 4e 95        	add	a0, a0, s3
800005ae: 87 20 45 00  	flw	ft1, 4(a0)
800005b2: 53 00 00 42  	fcvt.d.s	ft0, ft0
800005b6: d3 80 00 42  	fcvt.d.s	ft1, ft1
800005ba: d3 86 00 e2  	fmv.x.d	a3, ft1
800005be: 53 06 00 e2  	fmv.x.d	a2, ft0
800005c2: 85 45        	li	a1, 1
800005c4: 4a 85        	mv	a0, s2
800005c6: 97 00 00 00  	auipc	ra, 0
800005ca: e7 80 a0 7a  	jalr	1962(ra)
800005ce: 03 b5 6a ab  	ld	a0, -1354(s5)
800005d2: 07 a0 89 00  	flw	ft0, 8(s3)
800005d6: 0a 05        	slli	a0, a0, 2
800005d8: 4e 95        	add	a0, a0, s3
800005da: 87 20 85 00  	flw	ft1, 8(a0)
800005de: 53 00 00 42  	fcvt.d.s	ft0, ft0
800005e2: d3 80 00 42  	fcvt.d.s	ft1, ft1
800005e6: d3 86 00 e2  	fmv.x.d	a3, ft1
800005ea: 53 06 00 e2  	fmv.x.d	a2, ft0
800005ee: 89 45        	li	a1, 2
800005f0: 4a 85        	mv	a0, s2
800005f2: 97 00 00 00  	auipc	ra, 0
800005f6: e7 80 e0 77  	jalr	1918(ra)
800005fa: 03 b5 6a ab  	ld	a0, -1354(s5)
800005fe: 07 a0 c9 00  	flw	ft0, 12(s3)
80000602: 0a 05        	slli	a0, a0, 2
80000604: 4e 95        	add	a0, a0, s3
80000606: 87 20 c5 00  	flw	ft1, 12(a0)
8000060a: 53 00 00 42  	fcvt.d.s	ft0, ft0
8000060e: d3 80 00 42  	fcvt.d.s	ft1, ft1
80000612: d3 86 00 e2  	fmv.x.d	a3, ft1
80000616: 53 06 00 e2  	fmv.x.d	a2, ft0
8000061a: 8d 45        	li	a1, 3
8000061c: 4a 85        	mv	a0, s2
8000061e: 97 00 00 00  	auipc	ra, 0
80000622: e7 80 20 75  	jalr	1874(ra)
80000626: 03 b5 6a ab  	ld	a0, -1354(s5)
8000062a: 07 a0 09 01  	flw	ft0, 16(s3)
8000062e: 0a 05        	slli	a0, a0, 2
80000630: 4e 95        	add	a0, a0, s3
80000632: 87 20 05 01  	flw	ft1, 16(a0)
80000636: 53 00 00 42  	fcvt.d.s	ft0, ft0
8000063a: d3 80 00 42  	fcvt.d.s	ft1, ft1
8000063e: d3 86 00 e2  	fmv.x.d	a3, ft1
80000642: 53 06 00 e2  	fmv.x.d	a2, ft0
80000646: 91 45        	li	a1, 4
80000648: 4a 85        	mv	a0, s2
8000064a: 97 00 00 00  	auipc	ra, 0
8000064e: e7 80 60 72  	jalr	1830(ra)
80000652: 03 b5 6a ab  	ld	a0, -1354(s5)
80000656: 51 cd        	beqz	a0, 0x800006f2 <main+0x5e2>
80000658: 01 45        	li	a0, 0
8000065a: 01 49        	li	s2, 0
8000065c: 09 a8        	j	0x8000066e <main+0x55e>
8000065e: 83 b5 6a ab  	ld	a1, -1354(s5)
80000662: 13 95 0b 02  	slli	a0, s7, 32
80000666: 01 91        	srli	a0, a0, 32
80000668: 85 2b        	addiw	s7, s7, 1
8000066a: 63 72 b5 08  	bgeu	a0, a1, 0x800006ee <main+0x5de>
8000066e: 13 14 25 00  	slli	s0, a0, 2
80000672: 4e 94        	add	s0, s0, s3
80000674: 07 20 04 00  	flw	ft0, 0(s0)
80000678: 0e 05        	slli	a0, a0, 3
8000067a: b3 04 aa 00  	add	s1, s4, a0
8000067e: 87 a0 04 00  	flw	ft1, 0(s1)
80000682: 1b 8b fb ff  	addiw	s6, s7, -1
80000686: 53 05 00 42  	fcvt.d.s	fa0, ft0
8000068a: d3 85 00 42  	fcvt.d.s	fa1, ft1
8000068e: 17 35 00 00  	auipc	a0, 3
80000692: 13 05 a5 41  	addi	a0, a0, 1050
80000696: 00 21        	fld	fs0, 0(a0)
80000698: 53 06 84 22  	fmv.d	fa2, fs0
8000069c: 97 10 00 00  	auipc	ra, 1
800006a0: e7 80 a0 5a  	jalr	1450(ra)
800006a4: 19 e9        	bnez	a0, 0x800006ba <main+0x5aa>
800006a6: 17 35 00 00  	auipc	a0, 3
800006aa: 13 05 15 f6  	addi	a0, a0, -159
800006ae: da 85        	mv	a1, s6
800006b0: 97 00 00 00  	auipc	ra, 0
800006b4: e7 80 00 6c  	jalr	1728(ra)
800006b8: 05 49        	li	s2, 1
800006ba: 07 20 04 00  	flw	ft0, 0(s0)
800006be: 87 a0 04 00  	flw	ft1, 0(s1)
800006c2: 53 05 00 42  	fcvt.d.s	fa0, ft0
800006c6: d3 85 00 42  	fcvt.d.s	fa1, ft1
800006ca: 53 06 84 22  	fmv.d	fa2, fs0
800006ce: 97 10 00 00  	auipc	ra, 1
800006d2: e7 80 80 57  	jalr	1400(ra)
800006d6: 41 f5        	bnez	a0, 0x8000065e <main+0x54e>
800006d8: 17 35 00 00  	auipc	a0, 3
800006dc: 13 05 85 fa  	addi	a0, a0, -88
800006e0: da 85        	mv	a1, s6
800006e2: 97 00 00 00  	auipc	ra, 0
800006e6: e7 80 e0 68  	jalr	1678(ra)
800006ea: 05 49        	li	s2, 1
800006ec: 8d bf        	j	0x8000065e <main+0x54e>
800006ee: 63 19 09 02  	bnez	s2, 0x80000720 <main+0x610>
800006f2: 17 35 00 00  	auipc	a0, 3
800006f6: 13 04 c5 f8  	addi	s0, a0, -116
800006fa: 22 85        	mv	a0, s0
800006fc: 97 00 00 00  	auipc	ra, 0
80000700: e7 80 40 67  	jalr	1652(ra)
80000704: 17 35 00 00  	auipc	a0, 3
80000708: 13 05 25 e0  	addi	a0, a0, -510
8000070c: 97 00 00 00  	auipc	ra, 0
80000710: e7 80 40 66  	jalr	1636(ra)
80000714: 22 85        	mv	a0, s0
80000716: 97 00 00 00  	auipc	ra, 0
8000071a: e7 80 a0 65  	jalr	1626(ra)
8000071e: 01 49        	li	s2, 0
80000720: 4a 85        	mv	a0, s2
80000722: e6 60        	ld	ra, 88(sp)
80000724: 46 64        	ld	s0, 80(sp)
80000726: a6 64        	ld	s1, 72(sp)
80000728: 06 69        	ld	s2, 64(sp)
8000072a: e2 79        	ld	s3, 56(sp)
8000072c: 42 7a        	ld	s4, 48(sp)
8000072e: a2 7a        	ld	s5, 40(sp)
80000730: 02 7b        	ld	s6, 32(sp)
80000732: e2 6b        	ld	s7, 24(sp)
80000734: 42 6c        	ld	s8, 16(sp)
80000736: 22 24        	fld	fs0, 8(sp)
80000738: 25 61        	addi	sp, sp, 96
8000073a: 82 80        	ret

000000008000073c <SwapSamples>:
8000073c: 63 51 c0 04  	blez	a2, 0x8000077e <SwapSamples+0x42>
80000740: 81 46        	li	a3, 0
80000742: 2a 87        	mv	a4, a0
80000744: 31 a0        	j	0x80000750 <SwapSamples+0x14>
80000746: 85 06        	addi	a3, a3, 1
80000748: 89 05        	addi	a1, a1, 2
8000074a: 21 07        	addi	a4, a4, 8
8000074c: 63 09 d6 02  	beq	a2, a3, 0x8000077e <SwapSamples+0x42>
80000750: 83 97 05 00  	lh	a5, 0(a1)
80000754: e3 d9 f6 fe  	bge	a3, a5, 0x80000746 <SwapSamples+0xa>
80000758: 8e 07        	slli	a5, a5, 3
8000075a: aa 97        	add	a5, a5, a0
8000075c: 07 a0 07 00  	flw	ft0, 0(a5)
80000760: 87 a0 47 00  	flw	ft1, 4(a5)
80000764: 07 21 07 00  	flw	ft2, 0(a4)
80000768: 87 21 47 00  	flw	ft3, 4(a4)
8000076c: 27 20 07 00  	fsw	ft0, 0(a4)
80000770: 27 22 17 00  	fsw	ft1, 4(a4)
80000774: 27 a0 27 00  	fsw	ft2, 0(a5)
80000778: 27 a2 37 00  	fsw	ft3, 4(a5)
8000077c: e9 b7        	j	0x80000746 <SwapSamples+0xa>
8000077e: 82 80        	ret

0000000080000780 <SetupR2SwapTable>:
80000780: 1b d6 15 00  	srliw	a2, a1, 1
80000784: 4d 8e        	or	a2, a2, a1
80000786: 9b 56 26 00  	srliw	a3, a2, 2
8000078a: 55 8e        	or	a2, a2, a3
8000078c: 9b 56 46 00  	srliw	a3, a2, 4
80000790: 55 8e        	or	a2, a2, a3
80000792: 9b 56 86 00  	srliw	a3, a2, 8
80000796: 55 8e        	or	a2, a2, a3
80000798: 9b 56 06 01  	srliw	a3, a2, 16
8000079c: 55 8e        	or	a2, a2, a3
8000079e: 13 46 f6 ff  	not	a2, a2
800007a2: 93 56 16 00  	srli	a3, a2, 1
800007a6: 37 57 55 55  	lui	a4, 349525
800007aa: 1b 07 57 55  	addiw	a4, a4, 1365
800007ae: f9 8e        	and	a3, a3, a4
800007b0: 15 8e        	sub	a2, a2, a3
800007b2: b7 36 33 33  	lui	a3, 209715
800007b6: 9b 86 36 33  	addiw	a3, a3, 819
800007ba: 33 77 d6 00  	and	a4, a2, a3
800007be: 09 82        	srli	a2, a2, 2
800007c0: 75 8e        	and	a2, a2, a3
800007c2: 3a 96        	add	a2, a2, a4
800007c4: 93 56 46 00  	srli	a3, a2, 4
800007c8: 36 96        	add	a2, a2, a3
800007ca: b7 16 0f 0f  	lui	a3, 61681
800007ce: 9b 86 f6 f0  	addiw	a3, a3, -241
800007d2: 75 8e        	and	a2, a2, a3
800007d4: b7 06 01 01  	lui	a3, 4112
800007d8: 9b 86 16 10  	addiw	a3, a3, 257
800007dc: 3b 06 d6 02  	mulw	a2, a2, a3
800007e0: 9b 56 86 01  	srliw	a3, a2, 24
800007e4: 7d 46        	li	a2, 31
800007e6: 23 10 05 00  	sh	zero, 0(a0)
800007ea: 63 84 c6 04  	beq	a3, a2, 0x80000832 <SetupR2SwapTable+0xb2>
800007ee: 81 48        	li	a7, 0
800007f0: 13 c8 f6 01  	xori	a6, a3, 31
800007f4: 1b d6 f5 01  	srliw	a2, a1, 31
800007f8: b1 9d        	addw	a1, a1, a2
800007fa: 1b d3 15 40  	sraiw	t1, a1, 1
800007fe: 85 42        	li	t0, 1
80000800: 81 46        	li	a3, 0
80000802: 13 97 12 00  	slli	a4, t0, 1
80000806: b3 05 e5 00  	add	a1, a0, a4
8000080a: b3 07 d5 00  	add	a5, a0, a3
8000080e: 83 97 07 00  	lh	a5, 0(a5)
80000812: bb 87 67 00  	addw	a5, a5, t1
80000816: 33 86 d5 00  	add	a2, a1, a3
8000081a: 89 06        	addi	a3, a3, 2
8000081c: 23 10 f6 00  	sh	a5, 0(a2)
80000820: e3 15 d7 fe  	bne	a4, a3, 0x8000080a <SetupR2SwapTable+0x8a>
80000824: 1b 53 13 40  	sraiw	t1, t1, 1
80000828: 85 28        	addiw	a7, a7, 1
8000082a: 9b 92 12 00  	slliw	t0, t0, 1
8000082e: e3 99 08 fd  	bne	a7, a6, 0x80000800 <SetupR2SwapTable+0x80>
80000832: 82 80        	ret

0000000080000834 <Radix2FFT_DIT_float>:
80000834: 41 11        	addi	sp, sp, -16
80000836: 22 e4        	sd	s0, 8(sp)
80000838: 26 e0        	sd	s1, 0(sp)
8000083a: 9b 56 16 00  	srliw	a3, a2, 1
8000083e: 33 67 d6 00  	or	a4, a2, a3
80000842: 9b 57 27 00  	srliw	a5, a4, 2
80000846: 5d 8f        	or	a4, a4, a5
80000848: 9b 57 47 00  	srliw	a5, a4, 4
8000084c: 5d 8f        	or	a4, a4, a5
8000084e: 9b 57 87 00  	srliw	a5, a4, 8
80000852: 5d 8f        	or	a4, a4, a5
80000854: 9b 57 07 01  	srliw	a5, a4, 16
80000858: 5d 8f        	or	a4, a4, a5
8000085a: 13 47 f7 ff  	not	a4, a4
8000085e: 13 58 17 00  	srli	a6, a4, 1
80000862: b7 57 55 55  	lui	a5, 349525
80000866: 9b 87 57 55  	addiw	a5, a5, 1365
8000086a: b3 77 f8 00  	and	a5, a6, a5
8000086e: 1d 8f        	sub	a4, a4, a5
80000870: b7 37 33 33  	lui	a5, 209715
80000874: 9b 87 37 33  	addiw	a5, a5, 819
80000878: 33 78 f7 00  	and	a6, a4, a5
8000087c: 09 83        	srli	a4, a4, 2
8000087e: 7d 8f        	and	a4, a4, a5
80000880: 42 97        	add	a4, a4, a6
80000882: 93 57 47 00  	srli	a5, a4, 4
80000886: 3e 97        	add	a4, a4, a5
80000888: b7 17 0f 0f  	lui	a5, 61681
8000088c: 9b 87 f7 f0  	addiw	a5, a5, -241
80000890: 7d 8f        	and	a4, a4, a5
80000892: b7 07 01 01  	lui	a5, 4112
80000896: 9b 87 17 10  	addiw	a5, a5, 257
8000089a: 3b 07 f7 02  	mulw	a4, a4, a5
8000089e: 9b 57 87 01  	srliw	a5, a4, 24
800008a2: 09 47        	li	a4, 2
800008a4: 13 c8 f7 01  	xori	a6, a5, 31
800008a8: 63 4e e6 02  	blt	a2, a4, 0x800008e4 <Radix2FFT_DIT_float+0xb0>
800008ac: aa 87        	mv	a5, a0
800008ae: 07 a0 c7 00  	flw	ft0, 12(a5)
800008b2: 87 a0 87 00  	flw	ft1, 8(a5)
800008b6: 07 a1 07 00  	flw	ft2, 0(a5)
800008ba: 87 a1 47 00  	flw	ft3, 4(a5)
800008be: 53 72 11 08  	fsub.s	ft4, ft2, ft1
800008c2: d3 f2 01 08  	fsub.s	ft5, ft3, ft0
800008c6: 27 a6 57 00  	fsw	ft5, 12(a5)
800008ca: 27 a4 47 00  	fsw	ft4, 8(a5)
800008ce: d3 70 11 00  	fadd.s	ft1, ft2, ft1
800008d2: 53 f0 01 00  	fadd.s	ft0, ft3, ft0
800008d6: 27 a2 07 00  	fsw	ft0, 4(a5)
800008da: 27 a0 17 00  	fsw	ft1, 0(a5)
800008de: fd 36        	addiw	a3, a3, -1
800008e0: c1 07        	addi	a5, a5, 16
800008e2: f1 f6        	bnez	a3, 0x800008ae <Radix2FFT_DIT_float+0x7a>
800008e4: 63 66 e8 0a  	bltu	a6, a4, 0x80000990 <Radix2FFT_DIT_float+0x15c>
800008e8: 93 53 26 40  	srai	t2, a2, 2
800008ec: 09 46        	li	a2, 2
800008ee: 85 42        	li	t0, 1
800008f0: 39 a0        	j	0x800008fe <Radix2FFT_DIT_float+0xca>
800008f2: 85 22        	addiw	t0, t0, 1
800008f4: 9b d3 13 40  	sraiw	t2, t2, 1
800008f8: 46 86        	mv	a2, a7
800008fa: 63 8b 02 09  	beq	t0, a6, 0x80000990 <Radix2FFT_DIT_float+0x15c>
800008fe: 1b 83 03 00  	sext.w	t1, t2
80000902: 9b 18 16 00  	slliw	a7, a2, 1
80000906: e3 56 60 fe  	blez	t1, 0x800008f2 <Radix2FFT_DIT_float+0xbe>
8000090a: 81 4e        	li	t4, 0
8000090c: 01 4f        	li	t5, 0
8000090e: 93 16 06 02  	slli	a3, a2, 32
80000912: 13 de 06 02  	srli	t3, a3, 32
80000916: 13 96 38 00  	slli	a2, a7, 3
8000091a: 93 d7 d6 01  	srli	a5, a3, 29
8000091e: aa 8f        	mv	t6, a0
80000920: 93 96 3e 00  	slli	a3, t4, 3
80000924: ae 96        	add	a3, a3, a1
80000926: 94 62        	ld	a3, 0(a3)
80000928: 53 80 06 f0  	fmv.w.x	ft0, a3
8000092c: 81 92        	srli	a3, a3, 32
8000092e: d3 80 06 f0  	fmv.w.x	ft1, a3
80000932: 1e 87        	mv	a4, t2
80000934: fe 86        	mv	a3, t6
80000936: 33 84 f6 00  	add	s0, a3, a5
8000093a: 04 60        	ld	s1, 0(s0)
8000093c: 53 81 04 f0  	fmv.w.x	ft2, s1
80000940: 81 90        	srli	s1, s1, 32
80000942: d3 81 04 f0  	fmv.w.x	ft3, s1
80000946: 53 f2 11 10  	fmul.s	ft4, ft3, ft1
8000094a: 47 72 01 20  	fmsub.s	ft4, ft2, ft0, ft4
8000094e: 87 a2 06 00  	flw	ft5, 0(a3)
80000952: 07 a3 46 00  	flw	ft6, 4(a3)
80000956: 53 71 11 10  	fmul.s	ft2, ft2, ft1
8000095a: 43 f1 01 10  	fmadd.s	ft2, ft3, ft0, ft2
8000095e: d3 f1 42 08  	fsub.s	ft3, ft5, ft4
80000962: d3 73 23 08  	fsub.s	ft7, ft6, ft2
80000966: 27 22 74 00  	fsw	ft7, 4(s0)
8000096a: 27 20 34 00  	fsw	ft3, 0(s0)
8000096e: d3 71 52 00  	fadd.s	ft3, ft4, ft5
80000972: 53 71 61 00  	fadd.s	ft2, ft2, ft6
80000976: 27 a2 26 00  	fsw	ft2, 4(a3)
8000097a: 27 a0 36 00  	fsw	ft3, 0(a3)
8000097e: 7d 37        	addiw	a4, a4, -1
80000980: b2 96        	add	a3, a3, a2
80000982: 55 fb        	bnez	a4, 0x80000936 <Radix2FFT_DIT_float+0x102>
80000984: 9a 9e        	add	t4, t4, t1
80000986: 05 0f        	addi	t5, t5, 1
80000988: a1 0f        	addi	t6, t6, 8
8000098a: e3 1b cf f9  	bne	t5, t3, 0x80000920 <Radix2FFT_DIT_float+0xec>
8000098e: 95 b7        	j	0x800008f2 <Radix2FFT_DIT_float+0xbe>
80000990: 22 64        	ld	s0, 8(sp)
80000992: 82 64        	ld	s1, 0(sp)
80000994: 41 01        	addi	sp, sp, 16
80000996: 82 80        	ret

0000000080000998 <Radix2FFT_DIF_float>:
80000998: 01 11        	addi	sp, sp, -32
8000099a: 22 ec        	sd	s0, 24(sp)
8000099c: 26 e8        	sd	s1, 16(sp)
8000099e: 4a e4        	sd	s2, 8(sp)
800009a0: 13 37 46 00  	sltiu	a4, a2, 4
800009a4: 93 a7 16 00  	slti	a5, a3, 1
800009a8: 5d 8f        	or	a4, a4, a5
800009aa: 9b 58 16 00  	srliw	a7, a2, 1
800009ae: 63 1e 07 10  	bnez	a4, 0x80000aca <Radix2FFT_DIF_float+0x132>
800009b2: 81 42        	li	t0, 0
800009b4: 33 67 16 01  	or	a4, a2, a7
800009b8: 9b 57 27 00  	srliw	a5, a4, 2
800009bc: 5d 8f        	or	a4, a4, a5
800009be: 9b 57 47 00  	srliw	a5, a4, 4
800009c2: 5d 8f        	or	a4, a4, a5
800009c4: 9b 57 87 00  	srliw	a5, a4, 8
800009c8: 5d 8f        	or	a4, a4, a5
800009ca: 9b 57 07 01  	srliw	a5, a4, 16
800009ce: 5d 8f        	or	a4, a4, a5
800009d0: 13 47 f7 ff  	not	a4, a4
800009d4: 93 57 17 00  	srli	a5, a4, 1
800009d8: b7 54 55 55  	lui	s1, 349525
800009dc: 9b 84 54 55  	addiw	s1, s1, 1365
800009e0: e5 8f        	and	a5, a5, s1
800009e2: 1d 8f        	sub	a4, a4, a5
800009e4: b7 37 33 33  	lui	a5, 209715
800009e8: 9b 87 37 33  	addiw	a5, a5, 819
800009ec: b3 74 f7 00  	and	s1, a4, a5
800009f0: 09 83        	srli	a4, a4, 2
800009f2: 7d 8f        	and	a4, a4, a5
800009f4: 26 97        	add	a4, a4, s1
800009f6: 93 57 47 00  	srli	a5, a4, 4
800009fa: 3e 97        	add	a4, a4, a5
800009fc: b7 17 0f 0f  	lui	a5, 61681
80000a00: 9b 87 f7 f0  	addiw	a5, a5, -241
80000a04: 7d 8f        	and	a4, a4, a5
80000a06: b7 07 01 01  	lui	a5, 4112
80000a0a: 9b 87 17 10  	addiw	a5, a5, 257
80000a0e: 3b 07 f7 02  	mulw	a4, a4, a5
80000a12: 1b 57 87 01  	srliw	a4, a4, 24
80000a16: f9 47        	li	a5, 30
80000a18: 33 88 e7 40  	sub	a6, a5, a4
80000a1c: 1b 57 f6 01  	srliw	a4, a2, 31
80000a20: 31 9f        	addw	a4, a4, a2
80000a22: 9b 53 17 40  	sraiw	t2, a4, 1
80000a26: 05 43        	li	t1, 1
80000a28: 21 a8        	j	0x80000a40 <Radix2FFT_DIF_float+0xa8>
80000a2a: 1b 13 13 00  	slliw	t1, t1, 1
80000a2e: 85 22        	addiw	t0, t0, 1
80000a30: b3 a7 02 01  	slt	a5, t0, a6
80000a34: 33 a7 d2 00  	slt	a4, t0, a3
80000a38: f9 8f        	and	a5, a5, a4
80000a3a: 9b d3 13 40  	sraiw	t2, t2, 1
80000a3e: c1 cb        	beqz	a5, 0x80000ace <Radix2FFT_DIF_float+0x136>
80000a40: e3 55 70 fe  	blez	t2, 0x80000a2a <Radix2FFT_DIF_float+0x92>
80000a44: 81 4e        	li	t4, 0
80000a46: 01 4f        	li	t5, 0
80000a48: 9b 97 13 00  	slliw	a5, t2, 1
80000a4c: 13 17 03 02  	slli	a4, t1, 32
80000a50: 13 5e 07 02  	srli	t3, a4, 32
80000a54: 13 99 37 00  	slli	s2, a5, 3
80000a58: 93 97 33 00  	slli	a5, t2, 3
80000a5c: aa 8f        	mv	t6, a0
80000a5e: 13 94 3e 00  	slli	s0, t4, 3
80000a62: 2e 94        	add	s0, s0, a1
80000a64: 00 60        	ld	s0, 0(s0)
80000a66: 53 00 04 f0  	fmv.w.x	ft0, s0
80000a6a: 01 90        	srli	s0, s0, 32
80000a6c: d3 00 04 f0  	fmv.w.x	ft1, s0
80000a70: 1a 84        	mv	s0, t1
80000a72: fe 84        	mv	s1, t6
80000a74: 07 a1 44 00  	flw	ft2, 4(s1)
80000a78: 87 a1 04 00  	flw	ft3, 0(s1)
80000a7c: 33 87 f4 00  	add	a4, s1, a5
80000a80: 07 22 07 00  	flw	ft4, 0(a4)
80000a84: 87 22 47 00  	flw	ft5, 4(a4)
80000a88: 53 f3 41 08  	fsub.s	ft6, ft3, ft4
80000a8c: d3 73 51 08  	fsub.s	ft7, ft2, ft5
80000a90: d3 71 32 00  	fadd.s	ft3, ft4, ft3
80000a94: 53 f1 22 00  	fadd.s	ft2, ft5, ft2
80000a98: 27 a2 24 00  	fsw	ft2, 4(s1)
80000a9c: 27 a0 34 00  	fsw	ft3, 0(s1)
80000aa0: 53 f1 13 10  	fmul.s	ft2, ft7, ft1
80000aa4: 47 71 03 10  	fmsub.s	ft2, ft6, ft0, ft2
80000aa8: d3 f1 03 10  	fmul.s	ft3, ft7, ft0
80000aac: c3 71 13 18  	fmadd.s	ft3, ft6, ft1, ft3
80000ab0: 27 22 37 00  	fsw	ft3, 4(a4)
80000ab4: 27 20 27 00  	fsw	ft2, 0(a4)
80000ab8: 7d 34        	addiw	s0, s0, -1
80000aba: ca 94        	add	s1, s1, s2
80000abc: 45 fc        	bnez	s0, 0x80000a74 <Radix2FFT_DIF_float+0xdc>
80000abe: f2 9e        	add	t4, t4, t3
80000ac0: 05 0f        	addi	t5, t5, 1
80000ac2: a1 0f        	addi	t6, t6, 8
80000ac4: e3 1d 7f f8  	bne	t5, t2, 0x80000a5e <Radix2FFT_DIF_float+0xc6>
80000ac8: 8d b7        	j	0x80000a2a <Radix2FFT_DIF_float+0x92>
80000aca: 33 27 d0 00  	sgtz	a4, a3
80000ace: 93 25 26 00  	slti	a1, a2, 2
80000ad2: 13 46 17 00  	xori	a2, a4, 1
80000ad6: d1 8d        	or	a1, a1, a2
80000ad8: 8d ed        	bnez	a1, 0x80000b12 <Radix2FFT_DIF_float+0x17a>
80000ada: 07 20 45 00  	flw	ft0, 4(a0)
80000ade: 87 20 05 00  	flw	ft1, 0(a0)
80000ae2: 07 21 85 00  	flw	ft2, 8(a0)
80000ae6: 87 21 c5 00  	flw	ft3, 12(a0)
80000aea: 53 f2 20 08  	fsub.s	ft4, ft1, ft2
80000aee: d3 72 30 08  	fsub.s	ft5, ft0, ft3
80000af2: d3 70 11 00  	fadd.s	ft1, ft2, ft1
80000af6: 53 f0 01 00  	fadd.s	ft0, ft3, ft0
80000afa: 27 22 05 00  	fsw	ft0, 4(a0)
80000afe: 27 20 15 00  	fsw	ft1, 0(a0)
80000b02: 27 26 55 00  	fsw	ft5, 12(a0)
80000b06: 27 24 45 00  	fsw	ft4, 8(a0)
80000b0a: fd 38        	addiw	a7, a7, -1
80000b0c: 41 05        	addi	a0, a0, 16
80000b0e: e3 96 08 fc  	bnez	a7, 0x80000ada <Radix2FFT_DIF_float+0x142>
80000b12: 62 64        	ld	s0, 24(sp)
80000b14: c2 64        	ld	s1, 16(sp)
80000b16: 22 69        	ld	s2, 8(sp)
80000b18: 05 61        	addi	sp, sp, 32
80000b1a: 82 80        	ret

0000000080000b1c <fft_r2dif_vec>:
80000b1c: 93 53 18 00  	srli	t2, a6, 1
80000b20: 93 58 28 00  	srli	a7, a6, 2
80000b24: 9b 52 18 00  	srliw	t0, a6, 1
80000b28: 33 68 58 00  	or	a6, a6, t0
80000b2c: 9b 52 28 00  	srliw	t0, a6, 2
80000b30: 33 68 58 00  	or	a6, a6, t0
80000b34: 9b 52 48 00  	srliw	t0, a6, 4
80000b38: 33 68 58 00  	or	a6, a6, t0
80000b3c: 9b 52 88 00  	srliw	t0, a6, 8
80000b40: 33 68 58 00  	or	a6, a6, t0
80000b44: 9b 52 08 01  	srliw	t0, a6, 16
80000b48: 33 68 58 00  	or	a6, a6, t0
80000b4c: 13 48 f8 ff  	not	a6, a6
80000b50: 93 52 18 00  	srli	t0, a6, 1
80000b54: 37 53 55 55  	lui	t1, 349525
80000b58: 1b 03 53 55  	addiw	t1, t1, 1365
80000b5c: b3 f2 62 00  	and	t0, t0, t1
80000b60: 33 08 58 40  	sub	a6, a6, t0
80000b64: b7 32 33 33  	lui	t0, 209715
80000b68: 9b 82 32 33  	addiw	t0, t0, 819
80000b6c: 33 73 58 00  	and	t1, a6, t0
80000b70: 13 58 28 00  	srli	a6, a6, 2
80000b74: 33 78 58 00  	and	a6, a6, t0
80000b78: 1a 98        	add	a6, a6, t1
80000b7a: 93 52 48 00  	srli	t0, a6, 4
80000b7e: 16 98        	add	a6, a6, t0
80000b80: b7 12 0f 0f  	lui	t0, 61681
80000b84: 9b 82 f2 f0  	addiw	t0, t0, -241
80000b88: 33 7e 58 00  	and	t3, a6, t0
80000b8c: 37 08 01 01  	lui	a6, 4112
80000b90: 9b 0e 18 10  	addiw	t4, a6, 257
80000b94: 57 f0 03 05  	vsetvli	zero, t2, e32, m1, ta, mu
80000b98: 87 64 05 02  	vle32.v	v9, (a0)
80000b9c: 13 93 23 00  	slli	t1, t2, 2
80000ba0: 33 08 65 00  	add	a6, a0, t1
80000ba4: 07 65 08 02  	vle32.v	v10, (a6)
80000ba8: 07 e6 05 02  	vle32.v	v12, (a1)
80000bac: b3 82 65 00  	add	t0, a1, t1
80000bb0: 07 e7 02 02  	vle32.v	v14, (t0)
80000bb4: 83 3f 07 00  	ld	t6, 0(a4)
80000bb8: 3b 0e de 03  	mulw	t3, t3, t4
80000bbc: 1b 5f 8e 01  	srliw	t5, t3, 24
80000bc0: 93 4e ff 01  	xori	t4, t5, 31
80000bc4: 07 84 bf 02  	vlm.v	v8, (t6)
80000bc8: d7 15 95 02  	vfadd.vv	v11, v9, v10
80000bcc: d7 16 c7 02  	vfadd.vv	v13, v12, v14
80000bd0: 87 67 06 02  	vle32.v	v15, (a2)
80000bd4: 57 20 84 76  	vmnot.m	v0, v8
80000bd8: 07 e8 06 02  	vle32.v	v16, (a3)
80000bdc: d7 18 95 0a  	vfsub.vv	v17, v9, v10
80000be0: 57 f0 08 0d  	vsetvli	zero, a7, e32, m1, ta, ma
80000be4: d7 c4 b8 3c  	vslidedown.vx	v9, v11, a7, v0.t
80000be8: 57 f0 03 0d  	vsetvli	zero, t2, e32, m1, ta, ma
80000bec: 57 16 c7 0a  	vfsub.vv	v12, v12, v14
80000bf0: 57 97 17 93  	vfmul.vv	v14, v17, v15
80000bf4: 57 70 00 09  	vsetvli	zero, zero, e32, m1, tu, ma
80000bf8: 57 17 06 bf  	vfnmsac.vv	v14, v12, v16
80000bfc: 57 f0 08 01  	vsetvli	zero, a7, e32, m1, tu, mu
80000c00: 57 35 d0 9e  	vmv1r.v	v10, v13
80000c04: 57 c5 d8 3c  	vslidedown.vx	v10, v13, a7, v0.t
80000c08: 57 f0 03 0d  	vsetvli	zero, t2, e32, m1, ta, ma
80000c0c: 57 18 18 93  	vfmul.vv	v16, v17, v16
80000c10: 57 70 00 09  	vsetvli	zero, zero, e32, m1, tu, ma
80000c14: 85 43        	li	t2, 1
80000c16: 57 18 f6 b2  	vfmacc.vv	v16, v12, v15
80000c1a: 63 fb d3 11  	bgeu	t2, t4, 0x80000d30 <fft_r2dif_vec+0x214>
80000c1e: b3 03 66 00  	add	t2, a2, t1
80000c22: 57 70 00 0d  	vsetvli	zero, zero, e32, m1, ta, ma
80000c26: 07 e6 03 02  	vle32.v	v12, (t2)
80000c2a: 57 70 00 09  	vsetvli	zero, zero, e32, m1, tu, ma
80000c2e: d7 c5 e8 3a  	vslideup.vx	v11, v14, a7
80000c32: 57 70 00 0d  	vsetvli	zero, zero, e32, m1, ta, ma
80000c36: 57 30 80 9e  	vmv1r.v	v0, v8
80000c3a: 57 07 97 5c  	vmerge.vvm	v14, v9, v14, v0
80000c3e: 33 8e 66 00  	add	t3, a3, t1
80000c42: 87 67 0e 02  	vle32.v	v15, (t3)
80000c46: 57 70 00 09  	vsetvli	zero, zero, e32, m1, tu, ma
80000c4a: d7 c6 08 3b  	vslideup.vx	v13, v16, a7
80000c4e: 57 70 00 0d  	vsetvli	zero, zero, e32, m1, ta, ma
80000c52: 57 08 a8 5c  	vmerge.vvm	v16, v10, v16, v0
80000c56: 79 46        	li	a2, 30
80000c58: 3b 06 e6 41  	subw	a2, a2, t5
80000c5c: 02 16        	slli	a2, a2, 32
80000c5e: 01 92        	srli	a2, a2, 32
80000c60: 7d 16        	addi	a2, a2, -1
80000c62: 13 0f 87 00  	addi	t5, a4, 8
80000c66: 93 86 fe ff  	addi	a3, t4, -1
80000c6a: 79 a0        	j	0x80000cf8 <fft_r2dif_vec+0x1dc>
80000c6c: 03 37 0f 00  	ld	a4, 0(t5)
80000c70: 57 70 00 0d  	vsetvli	zero, zero, e32, m1, ta, ma
80000c74: 07 04 b7 02  	vlm.v	v8, (a4)
80000c78: d7 18 b7 02  	vfadd.vv	v17, v11, v14
80000c7c: 57 20 84 76  	vmnot.m	v0, v8
80000c80: 57 70 00 01  	vsetvli	zero, zero, e32, m1, tu, mu
80000c84: d7 c4 18 3d  	vslidedown.vx	v9, v17, a7, v0.t
80000c88: 57 70 00 0d  	vsetvli	zero, zero, e32, m1, ta, ma
80000c8c: 57 19 d8 0a  	vfsub.vv	v18, v13, v16
80000c90: d7 16 d8 02  	vfadd.vv	v13, v13, v16
80000c94: d7 15 b7 0a  	vfsub.vv	v11, v11, v14
80000c98: 57 70 00 01  	vsetvli	zero, zero, e32, m1, tu, mu
80000c9c: 57 c5 d8 3c  	vslidedown.vx	v10, v13, a7, v0.t
80000ca0: 57 70 00 0d  	vsetvli	zero, zero, e32, m1, ta, ma
80000ca4: 57 17 b6 92  	vfmul.vv	v14, v11, v12
80000ca8: 57 70 00 01  	vsetvli	zero, zero, e32, m1, tu, mu
80000cac: 57 17 f9 be  	vfnmsac.vv	v14, v18, v15
80000cb0: 57 00 04 5e  	vmv.v.v	v0, v8
80000cb4: d7 c8 e8 38  	vslideup.vx	v17, v14, a7, v0.t
80000cb8: 57 70 00 0d  	vsetvli	zero, zero, e32, m1, ta, ma
80000cbc: d7 95 b7 92  	vfmul.vv	v11, v11, v15
80000cc0: 57 70 00 09  	vsetvli	zero, zero, e32, m1, tu, ma
80000cc4: d7 15 c9 b2  	vfmacc.vv	v11, v18, v12
80000cc8: 9a 93        	add	t2, t2, t1
80000cca: 57 70 00 0d  	vsetvli	zero, zero, e32, m1, ta, ma
80000cce: 07 e6 03 02  	vle32.v	v12, (t2)
80000cd2: 1a 9e        	add	t3, t3, t1
80000cd4: 57 70 00 01  	vsetvli	zero, zero, e32, m1, tu, mu
80000cd8: d7 c6 b8 38  	vslideup.vx	v13, v11, a7, v0.t
80000cdc: 57 70 00 0d  	vsetvli	zero, zero, e32, m1, ta, ma
80000ce0: 87 67 0e 02  	vle32.v	v15, (t3)
80000ce4: 57 07 97 5c  	vmerge.vvm	v14, v9, v14, v0
80000ce8: 57 88 a5 5c  	vmerge.vvm	v16, v10, v11, v0
80000cec: d7 35 10 9f  	vmv1r.v	v11, v17
80000cf0: 7d 16        	addi	a2, a2, -1
80000cf2: fd 16        	addi	a3, a3, -1
80000cf4: 21 0f        	addi	t5, t5, 8
80000cf6: a9 ce        	beqz	a3, 0x80000d50 <fft_r2dif_vec+0x234>
80000cf8: 93 d8 18 00  	srli	a7, a7, 1
80000cfc: 25 fa        	bnez	a2, 0x80000c6c <fft_r2dif_vec+0x150>
80000cfe: 57 70 00 0d  	vsetvli	zero, zero, e32, m1, ta, ma
80000d02: 57 14 b7 0a  	vfsub.vv	v8, v11, v14
80000d06: d7 15 b7 02  	vfadd.vv	v11, v11, v14
80000d0a: d7 18 d8 0a  	vfsub.vv	v17, v13, v16
80000d0e: d7 16 d8 02  	vfadd.vv	v13, v13, v16
80000d12: 57 17 86 92  	vfmul.vv	v14, v8, v12
80000d16: 57 70 00 09  	vsetvli	zero, zero, e32, m1, tu, ma
80000d1a: 57 97 f8 be  	vfnmsac.vv	v14, v17, v15
80000d1e: 57 70 00 0d  	vsetvli	zero, zero, e32, m1, ta, ma
80000d22: 57 98 87 92  	vfmul.vv	v16, v8, v15
80000d26: 57 70 00 09  	vsetvli	zero, zero, e32, m1, tu, ma
80000d2a: 57 98 c8 b2  	vfmacc.vv	v16, v17, v12
80000d2e: c9 b7        	j	0x80000cf0 <fft_r2dif_vec+0x1d4>
80000d30: d7 c5 e8 3a  	vslideup.vx	v11, v14, a7
80000d34: 57 70 00 0d  	vsetvli	zero, zero, e32, m1, ta, ma
80000d38: 57 30 80 9e  	vmv1r.v	v0, v8
80000d3c: 57 07 97 5c  	vmerge.vvm	v14, v9, v14, v0
80000d40: 57 70 00 09  	vsetvli	zero, zero, e32, m1, tu, ma
80000d44: d7 c6 08 3b  	vslideup.vx	v13, v16, a7
80000d48: 57 70 00 0d  	vsetvli	zero, zero, e32, m1, ta, ma
80000d4c: 57 08 a8 5c  	vmerge.vvm	v16, v10, v16, v0
80000d50: 57 70 00 0d  	vsetvli	zero, zero, e32, m1, ta, ma
80000d54: 07 e4 07 02  	vle32.v	v8, (a5)
80000d58: 11 46        	li	a2, 4
80000d5a: 57 64 86 96  	vmul.vx	v8, v8, a2
80000d5e: a7 65 85 06  	vsuxei32.v	v11, (a0), v8
80000d62: a7 e6 85 06  	vsuxei32.v	v13, (a1), v8
80000d66: 27 67 88 06  	vsuxei32.v	v14, (a6), v8
80000d6a: 27 e8 82 06  	vsuxei32.v	v16, (t0), v8
80000d6e: 82 80        	ret

0000000080000d70 <printf_>:
80000d70: 1d 71        	addi	sp, sp, -96
80000d72: 06 ec        	sd	ra, 24(sp)
80000d74: aa 82        	mv	t0, a0
80000d76: c6 ec        	sd	a7, 88(sp)
80000d78: c2 e8        	sd	a6, 80(sp)
80000d7a: be e4        	sd	a5, 72(sp)
80000d7c: ba e0        	sd	a4, 64(sp)
80000d7e: 36 fc        	sd	a3, 56(sp)
80000d80: 32 f8        	sd	a2, 48(sp)
80000d82: 2e f4        	sd	a1, 40(sp)
80000d84: 28 10        	addi	a0, sp, 40
80000d86: 2a e8        	sd	a0, 16(sp)
80000d88: 17 15 00 00  	auipc	a0, 1
80000d8c: 13 05 e5 b9  	addi	a0, a0, -1122
80000d90: 93 05 f1 00  	addi	a1, sp, 15
80000d94: 7d 56        	li	a2, -1
80000d96: 38 10        	addi	a4, sp, 40
80000d98: 96 86        	mv	a3, t0
80000d9a: 97 00 00 00  	auipc	ra, 0
80000d9e: e7 80 e0 00  	jalr	14(ra)
80000da2: e2 60        	ld	ra, 24(sp)
80000da4: 25 61        	addi	sp, sp, 96
80000da6: 82 80        	ret

0000000080000da8 <_vsnprintf>:
80000da8: 55 71        	addi	sp, sp, -208
80000daa: 86 e5        	sd	ra, 200(sp)
80000dac: a2 e1        	sd	s0, 192(sp)
80000dae: 26 fd        	sd	s1, 184(sp)
80000db0: 4a f9        	sd	s2, 176(sp)
80000db2: 4e f5        	sd	s3, 168(sp)
80000db4: 52 f1        	sd	s4, 160(sp)
80000db6: 56 ed        	sd	s5, 152(sp)
80000db8: 5a e9        	sd	s6, 144(sp)
80000dba: 5e e5        	sd	s7, 136(sp)
80000dbc: 62 e1        	sd	s8, 128(sp)
80000dbe: e6 fc        	sd	s9, 120(sp)
80000dc0: ea f8        	sd	s10, 112(sp)
80000dc2: ee f4        	sd	s11, 104(sp)
80000dc4: a2 b0        	fsd	fs0, 96(sp)
80000dc6: a6 ac        	fsd	fs1, 88(sp)
80000dc8: ba 8b        	mv	s7, a4
80000dca: 36 84        	mv	s0, a3
80000dcc: 32 89        	mv	s2, a2
80000dce: 2e f8        	sd	a1, 48(sp)
80000dd0: 99 c1        	beqz	a1, 0x80000dd6 <_vsnprintf+0x2e>
80000dd2: 2a 8c        	mv	s8, a0
80000dd4: 29 a0        	j	0x80000dde <_vsnprintf+0x36>
80000dd6: 17 15 00 00  	auipc	a0, 1
80000dda: 13 0c c5 b5  	addi	s8, a0, -1188
80000dde: 81 4c        	li	s9, 0
80000de0: 13 0b 50 02  	li	s6, 37
80000de4: 41 4d        	li	s10, 16
80000de6: 53 04 00 f2  	fmv.d.x	fs0, zero
80000dea: 37 65 66 66  	lui	a0, 419430
80000dee: 1b 0a 75 66  	addiw	s4, a0, 1639
80000df2: 93 0d 24 00  	addi	s11, s0, 2
80000df6: b3 09 90 41  	neg	s3, s9
80000dfa: e6 8a        	mv	s5, s9
80000dfc: 03 45 04 00  	lbu	a0, 0(s0)
80000e00: e3 07 05 2e  	beqz	a0, 0x800018ee <_vsnprintf+0xb46>
80000e04: 63 02 65 03  	beq	a0, s6, 0x80000e28 <_vsnprintf+0x80>
80000e08: 93 84 1a 00  	addi	s1, s5, 1
80000e0c: c2 75        	ld	a1, 48(sp)
80000e0e: 56 86        	mv	a2, s5
80000e10: ca 86        	mv	a3, s2
80000e12: 02 9c        	jalr	s8
80000e14: 05 04        	addi	s0, s0, 1
80000e16: 85 2c        	addiw	s9, s9, 1
80000e18: 85 0d        	addi	s11, s11, 1
80000e1a: fd 19        	addi	s3, s3, -1
80000e1c: a6 8a        	mv	s5, s1
80000e1e: 03 45 04 00  	lbu	a0, 0(s0)
80000e22: 6d f1        	bnez	a0, 0x80000e04 <_vsnprintf+0x5c>
80000e24: 6f 00 b0 2c  	j	0x800018ee <_vsnprintf+0xb46>
80000e28: 81 44        	li	s1, 0
80000e2a: 93 0c 71 03  	addi	s9, sp, 55
80000e2e: 25 47        	li	a4, 9
80000e30: 29 44        	li	s0, 10
80000e32: 21 a0        	j	0x80000e3a <_vsnprintf+0x92>
80000e34: c1 45        	li	a1, 16
80000e36: cd 8c        	or	s1, s1, a1
80000e38: 85 0d        	addi	s11, s11, 1
80000e3a: 03 c5 fd ff  	lbu	a0, -1(s11)
80000e3e: 93 05 05 fe  	addi	a1, a0, -32
80000e42: 63 61 bd 02  	bltu	s10, a1, 0x80000e64 <_vsnprintf+0xbc>
80000e46: 8e 05        	slli	a1, a1, 3
80000e48: 17 36 00 00  	auipc	a2, 3
80000e4c: 13 06 06 89  	addi	a2, a2, -1904
80000e50: b2 95        	add	a1, a1, a2
80000e52: 90 61        	ld	a2, 0(a1)
80000e54: 85 45        	li	a1, 1
80000e56: 02 86        	jr	a2
80000e58: a1 45        	li	a1, 8
80000e5a: f1 bf        	j	0x80000e36 <_vsnprintf+0x8e>
80000e5c: 91 45        	li	a1, 4
80000e5e: e1 bf        	j	0x80000e36 <_vsnprintf+0x8e>
80000e60: 89 45        	li	a1, 2
80000e62: d1 bf        	j	0x80000e36 <_vsnprintf+0x8e>
80000e64: 9b 05 05 fd  	addiw	a1, a0, -48
80000e68: 13 f6 f5 0f  	andi	a2, a1, 255
80000e6c: 93 85 fd ff  	addi	a1, s11, -1
80000e70: 63 67 c7 06  	bltu	a4, a2, 0x80000ede <_vsnprintf+0x136>
80000e74: 01 4b        	li	s6, 0
80000e76: 13 76 f5 0f  	andi	a2, a0, 255
80000e7a: 03 c5 15 00  	lbu	a0, 1(a1)
80000e7e: bb 06 8b 02  	mulw	a3, s6, s0
80000e82: 85 05        	addi	a1, a1, 1
80000e84: 35 9e        	addw	a2, a2, a3
80000e86: 9b 06 05 fd  	addiw	a3, a0, -48
80000e8a: 93 f6 f6 0f  	andi	a3, a3, 255
80000e8e: 1b 0b 06 fd  	addiw	s6, a2, -48
80000e92: e3 e2 86 fe  	bltu	a3, s0, 0x80000e76 <_vsnprintf+0xce>
80000e96: ae 8d        	mv	s11, a1
80000e98: 93 05 e0 02  	li	a1, 46
80000e9c: 63 11 b5 0a  	bne	a0, a1, 0x80000f3e <_vsnprintf+0x196>
80000ea0: 03 c5 1d 00  	lbu	a0, 1(s11)
80000ea4: 93 e4 04 40  	ori	s1, s1, 1024
80000ea8: 9b 05 05 fd  	addiw	a1, a0, -48
80000eac: 13 f6 f5 0f  	andi	a2, a1, 255
80000eb0: 93 85 1d 00  	addi	a1, s11, 1
80000eb4: 63 6c c7 04  	bltu	a4, a2, 0x80000f0c <_vsnprintf+0x164>
80000eb8: 5e f4        	sd	s7, 40(sp)
80000eba: 81 4b        	li	s7, 0
80000ebc: 13 76 f5 0f  	andi	a2, a0, 255
80000ec0: 03 c5 15 00  	lbu	a0, 1(a1)
80000ec4: bb 86 8b 02  	mulw	a3, s7, s0
80000ec8: 85 05        	addi	a1, a1, 1
80000eca: 35 9e        	addw	a2, a2, a3
80000ecc: 9b 06 05 fd  	addiw	a3, a0, -48
80000ed0: 93 f6 f6 0f  	andi	a3, a3, 255
80000ed4: 9b 0b 06 fd  	addiw	s7, a2, -48
80000ed8: e3 e2 86 fe  	bltu	a3, s0, 0x80000ebc <_vsnprintf+0x114>
80000edc: b5 a0        	j	0x80000f48 <_vsnprintf+0x1a0>
80000ede: 13 06 a0 02  	li	a2, 42
80000ee2: 63 18 c5 04  	bne	a0, a2, 0x80000f32 <_vsnprintf+0x18a>
80000ee6: 83 a5 0b 00  	lw	a1, 0(s7)
80000eea: 63 d4 05 00  	bgez	a1, 0x80000ef2 <_vsnprintf+0x14a>
80000eee: 93 e4 24 00  	ori	s1, s1, 2
80000ef2: 1b d6 f5 41  	sraiw	a2, a1, 31
80000ef6: 03 c5 0d 00  	lbu	a0, 0(s11)
80000efa: b1 8d        	xor	a1, a1, a2
80000efc: 3b 8b c5 40  	subw	s6, a1, a2
80000f00: a1 0b        	addi	s7, s7, 8
80000f02: 93 05 e0 02  	li	a1, 46
80000f06: e3 0d b5 f8  	beq	a0, a1, 0x80000ea0 <_vsnprintf+0xf8>
80000f0a: 15 a8        	j	0x80000f3e <_vsnprintf+0x196>
80000f0c: 13 06 a0 02  	li	a2, 42
80000f10: 63 1a c5 02  	bne	a0, a2, 0x80000f44 <_vsnprintf+0x19c>
80000f14: 83 a5 0b 00  	lw	a1, 0(s7)
80000f18: 13 86 8b 00  	addi	a2, s7, 8
80000f1c: b3 26 b0 00  	sgtz	a3, a1
80000f20: 03 c5 2d 00  	lbu	a0, 2(s11)
80000f24: b3 06 d0 40  	neg	a3, a3
80000f28: 89 0d        	addi	s11, s11, 2
80000f2a: b3 fb b6 00  	and	s7, a3, a1
80000f2e: 32 f4        	sd	a2, 40(sp)
80000f30: 29 a8        	j	0x80000f4a <_vsnprintf+0x1a2>
80000f32: 01 4b        	li	s6, 0
80000f34: ae 8d        	mv	s11, a1
80000f36: 93 05 e0 02  	li	a1, 46
80000f3a: e3 03 b5 f6  	beq	a0, a1, 0x80000ea0 <_vsnprintf+0xf8>
80000f3e: 5e f4        	sd	s7, 40(sp)
80000f40: 81 4b        	li	s7, 0
80000f42: 21 a0        	j	0x80000f4a <_vsnprintf+0x1a2>
80000f44: 5e f4        	sd	s7, 40(sp)
80000f46: 81 4b        	li	s7, 0
80000f48: ae 8d        	mv	s11, a1
80000f4a: 9b 05 85 f9  	addiw	a1, a0, -104
80000f4e: 1b 16 f5 01  	slliw	a2, a0, 31
80000f52: 9b d5 15 00  	srliw	a1, a1, 1
80000f56: d1 8d        	or	a1, a1, a2
80000f58: 63 61 b7 02  	bltu	a4, a1, 0x80000f7a <_vsnprintf+0x1d2>
80000f5c: 8e 05        	slli	a1, a1, 3
80000f5e: 17 36 00 00  	auipc	a2, 3
80000f62: 13 06 26 80  	addi	a2, a2, -2046
80000f66: b2 95        	add	a1, a1, a2
80000f68: 94 61        	ld	a3, 0(a1)
80000f6a: 85 45        	li	a1, 1
80000f6c: 13 06 00 10  	li	a2, 256
80000f70: 82 86        	jr	a3
80000f72: ae 9d        	add	s11, s11, a1
80000f74: 03 c5 0d 00  	lbu	a0, 0(s11)
80000f78: d1 8c        	or	s1, s1, a2
80000f7a: 93 05 b5 fd  	addi	a1, a0, -37
80000f7e: 13 06 30 05  	li	a2, 83
80000f82: 63 62 b6 0a  	bltu	a2, a1, 0x80001026 <_vsnprintf+0x27e>
80000f86: 8e 05        	slli	a1, a1, 3
80000f88: 17 36 00 00  	auipc	a2, 3
80000f8c: 13 06 86 82  	addi	a2, a2, -2008
80000f90: b2 95        	add	a1, a1, a2
80000f92: 90 61        	ld	a2, 0(a1)
80000f94: a1 45        	li	a1, 8
80000f96: c1 48        	li	a7, 16
80000f98: 02 86        	jr	a2
80000f9a: bd 98        	andi	s1, s1, -17
80000f9c: a9 48        	li	a7, 10
80000f9e: 93 05 80 05  	li	a1, 88
80000fa2: 63 14 b5 00  	bne	a0, a1, 0x80000faa <_vsnprintf+0x202>
80000fa6: 93 e4 04 02  	ori	s1, s1, 32
80000faa: 93 05 40 06  	li	a1, 100
80000fae: 63 00 b5 1c  	beq	a0, a1, 0x8000116e <_vsnprintf+0x3c6>
80000fb2: c6 85        	mv	a1, a7
80000fb4: 13 06 90 06  	li	a2, 105
80000fb8: 63 0b c5 1a  	beq	a0, a2, 0x8000116e <_vsnprintf+0x3c6>
80000fbc: 7d a2        	j	0x8000116a <_vsnprintf+0x3c2>
80000fbe: 03 c5 1d 00  	lbu	a0, 1(s11)
80000fc2: 93 05 80 06  	li	a1, 104
80000fc6: 63 13 b5 04  	bne	a0, a1, 0x8000100c <_vsnprintf+0x264>
80000fca: 89 45        	li	a1, 2
80000fcc: 13 06 00 0c  	li	a2, 192
80000fd0: 4d b7        	j	0x80000f72 <_vsnprintf+0x1ca>
80000fd2: 03 c5 1d 00  	lbu	a0, 1(s11)
80000fd6: 93 05 c0 06  	li	a1, 108
80000fda: 63 1d b5 02  	bne	a0, a1, 0x80001014 <_vsnprintf+0x26c>
80000fde: 89 45        	li	a1, 2
80000fe0: 13 06 00 30  	li	a2, 768
80000fe4: 79 b7        	j	0x80000f72 <_vsnprintf+0x1ca>
80000fe6: 22 75        	ld	a0, 40(sp)
80000fe8: 04 21        	fld	fs1, 0(a0)
80000fea: d3 92 84 a2  	flt.d	t0, fs1, fs0
80000fee: 63 93 02 36  	bnez	t0, 0x80001354 <_vsnprintf+0x5ac>
80000ff2: 13 f5 04 40  	andi	a0, s1, 1024
80000ff6: de 85        	mv	a1, s7
80000ff8: 63 15 05 36  	bnez	a0, 0x80001362 <_vsnprintf+0x5ba>
80000ffc: 99 45        	li	a1, 6
80000ffe: 62 ec        	sd	s8, 24(sp)
80001000: 63 f4 85 36  	bgeu	a1, s0, 0x80001368 <_vsnprintf+0x5c0>
80001004: 01 4c        	li	s8, 0
80001006: 05 46        	li	a2, 1
80001008: a2 7b        	ld	s7, 40(sp)
8000100a: 61 ae        	j	0x800013a2 <_vsnprintf+0x5fa>
8000100c: 93 e4 04 08  	ori	s1, s1, 128
80001010: 85 0d        	addi	s11, s11, 1
80001012: a5 b7        	j	0x80000f7a <_vsnprintf+0x1d2>
80001014: 93 e4 04 10  	ori	s1, s1, 256
80001018: 85 0d        	addi	s11, s11, 1
8000101a: 85 b7        	j	0x80000f7a <_vsnprintf+0x1d2>
8000101c: 93 8c 1a 00  	addi	s9, s5, 1
80001020: 13 05 50 02  	li	a0, 37
80001024: 19 a0        	j	0x8000102a <_vsnprintf+0x282>
80001026: 93 8c 1a 00  	addi	s9, s5, 1
8000102a: c2 75        	ld	a1, 48(sp)
8000102c: 56 86        	mv	a2, s5
8000102e: ca 86        	mv	a3, s2
80001030: 02 9c        	jalr	s8
80001032: 13 0b 50 02  	li	s6, 37
80001036: a2 7b        	ld	s7, 40(sp)
80001038: 13 84 1d 00  	addi	s0, s11, 1
8000103c: 5d bb        	j	0x80000df2 <_vsnprintf+0x4a>
8000103e: 22 75        	ld	a0, 40(sp)
80001040: 08 61        	ld	a0, 0(a0)
80001042: 93 ee 14 02  	ori	t4, s1, 33
80001046: 19 e1        	bnez	a0, 0x8000104c <_vsnprintf+0x2a4>
80001048: 93 fe fe fe  	andi	t4, t4, -17
8000104c: 24 18        	addi	s1, sp, 56
8000104e: 93 35 15 00  	seqz	a1, a0
80001052: 13 96 5e 03  	slli	a2, t4, 53
80001056: 7d 92        	srli	a2, a2, 63
80001058: f1 8d        	and	a1, a1, a2
8000105a: 13 0b 50 02  	li	s6, 37
8000105e: a1 c9        	beqz	a1, 0x800010ae <_vsnprintf+0x306>
80001060: 81 47        	li	a5, 0
80001062: a2 74        	ld	s1, 40(sp)
80001064: a1 04        	addi	s1, s1, 8
80001066: 38 18        	addi	a4, sp, 56
80001068: c1 48        	li	a7, 16
8000106a: 41 4e        	li	t3, 16
8000106c: 62 85        	mv	a0, s8
8000106e: c2 75        	ld	a1, 48(sp)
80001070: 56 86        	mv	a2, s5
80001072: ca 86        	mv	a3, s2
80001074: 01 48        	li	a6, 0
80001076: de 83        	mv	t2, s7
80001078: a6 8b        	mv	s7, s1
8000107a: 97 10 00 00  	auipc	ra, 1
8000107e: e7 80 a0 8b  	jalr	-1862(ra)
80001082: aa 8c        	mv	s9, a0
80001084: 13 84 1d 00  	addi	s0, s11, 1
80001088: ad b3        	j	0x80000df2 <_vsnprintf+0x4a>
8000108a: 93 76 f5 00  	andi	a3, a0, 15
8000108e: 35 9e        	addw	a2, a2, a3
80001090: 93 36 05 01  	sltiu	a3, a0, 16
80001094: 93 c6 f6 ff  	not	a3, a3
80001098: 13 b7 f5 01  	sltiu	a4, a1, 31
8000109c: f9 8e        	and	a3, a3, a4
8000109e: 93 87 15 00  	addi	a5, a1, 1
800010a2: a6 95        	add	a1, a1, s1
800010a4: 11 81        	srli	a0, a0, 4
800010a6: 23 80 c5 00  	sb	a2, 0(a1)
800010aa: be 85        	mv	a1, a5
800010ac: dd da        	beqz	a3, 0x80001062 <_vsnprintf+0x2ba>
800010ae: 93 76 e5 00  	andi	a3, a0, 14
800010b2: 13 06 00 03  	li	a2, 48
800010b6: e3 ea 86 fc  	bltu	a3, s0, 0x8000108a <_vsnprintf+0x2e2>
800010ba: 13 06 70 03  	li	a2, 55
800010be: f1 b7        	j	0x8000108a <_vsnprintf+0x2e2>
800010c0: 22 75        	ld	a0, 40(sp)
800010c2: 83 39 05 00  	ld	s3, 0(a0)
800010c6: b3 35 70 01  	snez	a1, s7
800010ca: 13 96 0b 02  	slli	a2, s7, 32
800010ce: 03 c5 09 00  	lbu	a0, 0(s3)
800010d2: 01 92        	srli	a2, a2, 32
800010d4: fd 15        	addi	a1, a1, -1
800010d6: d1 8d        	or	a1, a1, a2
800010d8: 13 36 15 00  	seqz	a2, a0
800010dc: 93 b6 15 00  	seqz	a3, a1
800010e0: d1 8e        	or	a3, a3, a2
800010e2: 4e 86        	mv	a2, s3
800010e4: 99 ee        	bnez	a3, 0x80001102 <_vsnprintf+0x35a>
800010e6: fd 15        	addi	a1, a1, -1
800010e8: ce 86        	mv	a3, s3
800010ea: 03 c7 16 00  	lbu	a4, 1(a3)
800010ee: 13 86 16 00  	addi	a2, a3, 1
800010f2: 93 36 17 00  	seqz	a3, a4
800010f6: 13 b7 15 00  	seqz	a4, a1
800010fa: 55 8f        	or	a4, a4, a3
800010fc: fd 15        	addi	a1, a1, -1
800010fe: b2 86        	mv	a3, a2
80001100: 6d d7        	beqz	a4, 0x800010ea <_vsnprintf+0x342>
80001102: 4a f0        	sd	s2, 32(sp)
80001104: bb 05 36 41  	subw	a1, a2, s3
80001108: 63 ee 75 01  	bltu	a1, s7, 0x80001124 <_vsnprintf+0x37c>
8000110c: de 85        	mv	a1, s7
8000110e: 13 f9 04 40  	andi	s2, s1, 1024
80001112: 63 1d 09 00  	bnez	s2, 0x8000112c <_vsnprintf+0x384>
80001116: b3 05 36 41  	sub	a1, a2, s3
8000111a: 13 f4 24 00  	andi	s0, s1, 2
8000111e: 63 16 04 58  	bnez	s0, 0x800016aa <_vsnprintf+0x902>
80001122: 09 a8        	j	0x80001134 <_vsnprintf+0x38c>
80001124: 13 f9 04 40  	andi	s2, s1, 1024
80001128: e3 07 09 fe  	beqz	s2, 0x80001116 <_vsnprintf+0x36e>
8000112c: 13 f4 24 00  	andi	s0, s1, 2
80001130: 63 1d 04 56  	bnez	s0, 0x800016aa <_vsnprintf+0x902>
80001134: 1b 86 05 00  	sext.w	a2, a1
80001138: 63 78 66 57  	bgeu	a2, s6, 0x800016a8 <_vsnprintf+0x900>
8000113c: 22 e4        	sd	s0, 8(sp)
8000113e: 1b 05 1b 00  	addiw	a0, s6, 1
80001142: 2a e8        	sd	a0, 16(sp)
80001144: bb 04 bb 40  	subw	s1, s6, a1
80001148: c2 7c        	ld	s9, 48(sp)
8000114a: 02 74        	ld	s0, 32(sp)
8000114c: 56 86        	mv	a2, s5
8000114e: 85 0a        	addi	s5, s5, 1
80001150: 13 05 00 02  	li	a0, 32
80001154: e6 85        	mv	a1, s9
80001156: a2 86        	mv	a3, s0
80001158: 02 9c        	jalr	s8
8000115a: fd 34        	addiw	s1, s1, -1
8000115c: e5 f8        	bnez	s1, 0x8000114c <_vsnprintf+0x3a4>
8000115e: 03 c5 09 00  	lbu	a0, 0(s3)
80001162: e6 84        	mv	s1, s9
80001164: 22 64        	ld	s0, 8(sp)
80001166: a1 a3        	j	0x800016ae <_vsnprintf+0x906>
80001168: 89 45        	li	a1, 2
8000116a: cd 98        	andi	s1, s1, -13
8000116c: ae 88        	mv	a7, a1
8000116e: 93 f5 04 40  	andi	a1, s1, 1024
80001172: 91 c1        	beqz	a1, 0x80001176 <_vsnprintf+0x3ce>
80001174: f9 98        	andi	s1, s1, -2
80001176: 93 03 81 03  	addi	t2, sp, 56
8000117a: 93 05 90 06  	li	a1, 105
8000117e: 63 06 b5 00  	beq	a0, a1, 0x8000118a <_vsnprintf+0x3e2>
80001182: 93 05 40 06  	li	a1, 100
80001186: 63 18 b5 02  	bne	a0, a1, 0x800011b6 <_vsnprintf+0x40e>
8000118a: 13 f5 04 20  	andi	a0, s1, 512
8000118e: 21 e9        	bnez	a0, 0x800011de <_vsnprintf+0x436>
80001190: 13 f5 04 10  	andi	a0, s1, 256
80001194: 29 ed        	bnez	a0, 0x800011ee <_vsnprintf+0x446>
80001196: 13 f5 04 04  	andi	a0, s1, 64
8000119a: 63 15 05 2e  	bnez	a0, 0x80001484 <_vsnprintf+0x6dc>
8000119e: 22 75        	ld	a0, 40(sp)
800011a0: 03 28 05 00  	lw	a6, 0(a0)
800011a4: 93 f5 04 08  	andi	a1, s1, 128
800011a8: 63 81 05 2e  	beqz	a1, 0x8000148a <_vsnprintf+0x6e2>
800011ac: 13 15 08 03  	slli	a0, a6, 48
800011b0: 13 58 05 43  	srai	a6, a0, 48
800011b4: d9 ac        	j	0x8000148a <_vsnprintf+0x6e2>
800011b6: 13 f5 04 20  	andi	a0, s1, 512
800011ba: 31 e1        	bnez	a0, 0x800011fe <_vsnprintf+0x456>
800011bc: 13 f5 04 10  	andi	a0, s1, 256
800011c0: 63 1e 05 32  	bnez	a0, 0x800014fc <_vsnprintf+0x754>
800011c4: 13 f5 04 04  	andi	a0, s1, 64
800011c8: 63 12 05 44  	bnez	a0, 0x8000160c <_vsnprintf+0x864>
800011cc: 22 75        	ld	a0, 40(sp)
800011ce: 08 41        	lw	a0, 0(a0)
800011d0: 93 f5 04 08  	andi	a1, s1, 128
800011d4: 63 8f 05 42  	beqz	a1, 0x80001612 <_vsnprintf+0x86a>
800011d8: 42 15        	slli	a0, a0, 48
800011da: 41 91        	srli	a0, a0, 48
800011dc: 1d a9        	j	0x80001612 <_vsnprintf+0x86a>
800011de: 22 75        	ld	a0, 40(sp)
800011e0: 03 38 05 00  	ld	a6, 0(a0)
800011e4: 63 13 08 08  	bnez	a6, 0x8000126a <_vsnprintf+0x4c2>
800011e8: 29 43        	li	t1, 10
800011ea: bd 98        	andi	s1, s1, -17
800011ec: 41 a0        	j	0x8000126c <_vsnprintf+0x4c4>
800011ee: 22 75        	ld	a0, 40(sp)
800011f0: 03 38 05 00  	ld	a6, 0(a0)
800011f4: 63 1a 08 36  	bnez	a6, 0x80001568 <_vsnprintf+0x7c0>
800011f8: 29 43        	li	t1, 10
800011fa: bd 98        	andi	s1, s1, -17
800011fc: bd a6        	j	0x8000156a <_vsnprintf+0x7c2>
800011fe: 22 75        	ld	a0, 40(sp)
80001200: 08 61        	ld	a0, 0(a0)
80001202: 11 e1        	bnez	a0, 0x80001206 <_vsnprintf+0x45e>
80001204: bd 98        	andi	s1, s1, -17
80001206: 93 35 15 00  	seqz	a1, a0
8000120a: 13 96 54 03  	slli	a2, s1, 53
8000120e: 7d 92        	srli	a2, a2, 63
80001210: f1 8d        	and	a1, a1, a2
80001212: 63 94 05 46  	bnez	a1, 0x8000167a <_vsnprintf+0x8d2>
80001216: a9 42        	li	t0, 10
80001218: 01 46        	li	a2, 0
8000121a: 93 f5 04 02  	andi	a1, s1, 32
8000121e: 93 c5 15 06  	xori	a1, a1, 97
80001222: 13 88 65 0f  	addi	a6, a1, 246
80001226: 25 a0        	j	0x8000124e <_vsnprintf+0x4a6>
80001228: 3d 9f        	addw	a4, a4, a5
8000122a: 93 07 16 00  	addi	a5, a2, 1
8000122e: 33 84 c3 00  	add	s0, t2, a2
80001232: 33 35 15 01  	sltu	a0, a0, a7
80001236: 13 45 f5 ff  	not	a0, a0
8000123a: 13 36 f6 01  	sltiu	a2, a2, 31
8000123e: b3 75 c5 00  	and	a1, a0, a2
80001242: 23 00 e4 00  	sb	a4, 0(s0)
80001246: 3e 86        	mv	a2, a5
80001248: 36 85        	mv	a0, a3
8000124a: 63 89 05 42  	beqz	a1, 0x8000167c <_vsnprintf+0x8d4>
8000124e: b3 56 15 03  	divu	a3, a0, a7
80001252: 3b 87 16 03  	mulw	a4, a3, a7
80001256: 3b 07 e5 40  	subw	a4, a0, a4
8000125a: 13 74 e7 0f  	andi	s0, a4, 254
8000125e: c2 87        	mv	a5, a6
80001260: e3 74 54 fc  	bgeu	s0, t0, 0x80001228 <_vsnprintf+0x480>
80001264: 93 07 00 03  	li	a5, 48
80001268: c1 b7        	j	0x80001228 <_vsnprintf+0x480>
8000126a: 29 43        	li	t1, 10
8000126c: 93 35 18 00  	seqz	a1, a6
80001270: 13 96 54 03  	slli	a2, s1, 53
80001274: 7d 92        	srli	a2, a2, 63
80001276: f1 8d        	and	a1, a1, a2
80001278: 63 9d 05 34  	bnez	a1, 0x800015d2 <_vsnprintf+0x82a>
8000127c: 13 56 f8 43  	srai	a2, a6, 63
80001280: b3 46 c8 00  	xor	a3, a6, a2
80001284: 91 8e        	sub	a3, a3, a2
80001286: 13 f6 04 02  	andi	a2, s1, 32
8000128a: 13 46 16 06  	xori	a2, a2, 97
8000128e: 93 02 66 0f  	addi	t0, a2, 246
80001292: 2d a0        	j	0x800012bc <_vsnprintf+0x514>
80001294: 3b 05 f6 00  	addw	a0, a2, a5
80001298: 93 87 15 00  	addi	a5, a1, 1
8000129c: 33 86 b3 00  	add	a2, t2, a1
800012a0: b3 b6 16 01  	sltu	a3, a3, a7
800012a4: 93 c6 f6 ff  	not	a3, a3
800012a8: 93 b5 f5 01  	sltiu	a1, a1, 31
800012ac: 33 f4 b6 00  	and	s0, a3, a1
800012b0: 23 00 a6 00  	sb	a0, 0(a2)
800012b4: be 85        	mv	a1, a5
800012b6: ba 86        	mv	a3, a4
800012b8: 63 0e 04 30  	beqz	s0, 0x800015d4 <_vsnprintf+0x82c>
800012bc: 33 d7 16 03  	divu	a4, a3, a7
800012c0: 3b 06 17 03  	mulw	a2, a4, a7
800012c4: bb 87 c6 40  	subw	a5, a3, a2
800012c8: 13 f5 e7 0f  	andi	a0, a5, 254
800012cc: 16 86        	mv	a2, t0
800012ce: e3 73 65 fc  	bgeu	a0, t1, 0x80001294 <_vsnprintf+0x4ec>
800012d2: 13 06 00 03  	li	a2, 48
800012d6: 7d bf        	j	0x80001294 <_vsnprintf+0x4ec>
800012d8: 4a f0        	sd	s2, 32(sp)
800012da: 93 f9 24 00  	andi	s3, s1, 2
800012de: 05 49        	li	s2, 1
800012e0: 63 95 09 02  	bnez	s3, 0x8000130a <_vsnprintf+0x562>
800012e4: 09 49        	li	s2, 2
800012e6: 63 62 2b 03  	bltu	s6, s2, 0x8000130a <_vsnprintf+0x562>
800012ea: 1b 09 1b 00  	addiw	s2, s6, 1
800012ee: 9b 04 fb ff  	addiw	s1, s6, -1
800012f2: c2 7c        	ld	s9, 48(sp)
800012f4: 82 7b        	ld	s7, 32(sp)
800012f6: 62 84        	mv	s0, s8
800012f8: 56 86        	mv	a2, s5
800012fa: 85 0a        	addi	s5, s5, 1
800012fc: 13 05 00 02  	li	a0, 32
80001300: e6 85        	mv	a1, s9
80001302: de 86        	mv	a3, s7
80001304: 02 94        	jalr	s0
80001306: fd 34        	addiw	s1, s1, -1
80001308: e5 f8        	bnez	s1, 0x800012f8 <_vsnprintf+0x550>
8000130a: a2 75        	ld	a1, 40(sp)
8000130c: 03 c5 05 00  	lbu	a0, 0(a1)
80001310: b3 34 30 01  	snez	s1, s3
80001314: 93 8b 85 00  	addi	s7, a1, 8
80001318: 93 8c 1a 00  	addi	s9, s5, 1
8000131c: c2 75        	ld	a1, 48(sp)
8000131e: 56 86        	mv	a2, s5
80001320: 82 76        	ld	a3, 32(sp)
80001322: e2 8a        	mv	s5, s8
80001324: 02 9c        	jalr	s8
80001326: 33 35 69 01  	sltu	a0, s2, s6
8000132a: 65 8d        	and	a0, a0, s1
8000132c: 63 06 05 3e  	beqz	a0, 0x80001718 <_vsnprintf+0x970>
80001330: 3b 04 2b 41  	subw	s0, s6, s2
80001334: c2 74        	ld	s1, 48(sp)
80001336: 02 79        	ld	s2, 32(sp)
80001338: 66 86        	mv	a2, s9
8000133a: 85 0c        	addi	s9, s9, 1
8000133c: 13 05 00 02  	li	a0, 32
80001340: a6 85        	mv	a1, s1
80001342: ca 86        	mv	a3, s2
80001344: 82 9a        	jalr	s5
80001346: 7d 34        	addiw	s0, s0, -1
80001348: 65 f8        	bnez	s0, 0x80001338 <_vsnprintf+0x590>
8000134a: 13 0b 50 02  	li	s6, 37
8000134e: 13 84 1d 00  	addi	s0, s11, 1
80001352: 45 b4        	j	0x80000df2 <_vsnprintf+0x4a>
80001354: d3 94 94 22  	fneg.d	fs1, fs1
80001358: 13 f5 04 40  	andi	a0, s1, 1024
8000135c: de 85        	mv	a1, s7
8000135e: e3 0f 05 c8  	beqz	a0, 0x80000ffc <_vsnprintf+0x254>
80001362: 62 ec        	sd	s8, 24(sp)
80001364: e3 e0 85 ca  	bltu	a1, s0, 0x80001004 <_vsnprintf+0x25c>
80001368: 16 f0        	sd	t0, 32(sp)
8000136a: 1b 84 65 ff  	addiw	s0, a1, -10
8000136e: 7d 45        	li	a0, 31
80001370: a2 85        	mv	a1, s0
80001372: 63 63 a4 00  	bltu	s0, a0, 0x80001378 <_vsnprintf+0x5d0>
80001376: fd 45        	li	a1, 31
80001378: 2e e8        	sd	a1, 16(sp)
8000137a: 13 8c 15 00  	addi	s8, a1, 1
8000137e: 28 18        	addi	a0, sp, 56
80001380: 93 05 00 03  	li	a1, 48
80001384: 62 86        	mv	a2, s8
80001386: 97 10 00 00  	auipc	ra, 1
8000138a: e7 80 80 86  	jalr	-1944(ra)
8000138e: 42 65        	ld	a0, 16(sp)
80001390: 13 45 f5 ff  	not	a0, a0
80001394: bb 85 ab 00  	addw	a1, s7, a0
80001398: 13 36 f4 01  	sltiu	a2, s0, 31
8000139c: 29 44        	li	s0, 10
8000139e: a2 7b        	ld	s7, 40(sp)
800013a0: 82 72        	ld	t0, 32(sp)
800013a2: 13 95 05 02  	slli	a0, a1, 32
800013a6: 75 81        	srli	a0, a0, 29
800013a8: 97 26 00 00  	auipc	a3, 2
800013ac: 93 86 86 6a  	addi	a3, a3, 1704
800013b0: 36 95        	add	a0, a0, a3
800013b2: 87 30 05 00  	fld	ft1, 0(a0)
800013b6: 53 95 04 c2  	fcvt.w.d	a0, fs1, rtz
800013ba: 53 00 05 d2  	fcvt.d.w	ft0, a0
800013be: 53 f1 04 0a  	fsub.d	ft2, fs1, ft0
800013c2: d3 f1 20 12  	fmul.d	ft3, ft1, ft2
800013c6: 97 26 00 00  	auipc	a3, 2
800013ca: 93 86 a6 6e  	addi	a3, a3, 1770
800013ce: 07 b0 06 00  	fld	ft0, 0(a3)
800013d2: d3 96 31 c2  	fcvt.lu.d	a3, ft3, rtz
800013d6: d3 f1 36 d2  	fcvt.d.lu	ft3, a3
800013da: 47 f1 20 1a  	fmsub.d	ft2, ft1, ft2, ft3
800013de: 53 07 01 a2  	fle.d	a4, ft2, ft0
800013e2: 11 eb        	bnez	a4, 0x800013f6 <_vsnprintf+0x64e>
800013e4: 85 06        	addi	a3, a3, 1
800013e6: 53 f1 36 d2  	fcvt.d.lu	ft2, a3
800013ea: 53 17 11 a2  	flt.d	a4, ft2, ft1
800013ee: 01 ef        	bnez	a4, 0x80001406 <_vsnprintf+0x65e>
800013f0: 81 46        	li	a3, 0
800013f2: 05 25        	addiw	a0, a0, 1
800013f4: 09 a8        	j	0x80001406 <_vsnprintf+0x65e>
800013f6: 53 17 01 a2  	flt.d	a4, ft2, ft0
800013fa: 11 e7        	bnez	a4, 0x80001406 <_vsnprintf+0x65e>
800013fc: 13 b7 16 00  	seqz	a4, a3
80001400: 55 8f        	or	a4, a4, a3
80001402: 05 8b        	andi	a4, a4, 1
80001404: ba 96        	add	a3, a3, a4
80001406: 17 27 00 00  	auipc	a4, 2
8000140a: 13 07 27 6b  	addi	a4, a4, 1714
8000140e: 87 30 07 00  	fld	ft1, 0(a4)
80001412: 53 97 90 a2  	flt.d	a4, ft1, fs1
80001416: 01 c7        	beqz	a4, 0x8000141e <_vsnprintf+0x676>
80001418: 81 4c        	li	s9, 0
8000141a: 62 6c        	ld	s8, 24(sp)
8000141c: bd ac        	j	0x8000169a <_vsnprintf+0x8f2>
8000141e: 63 87 05 1c  	beqz	a1, 0x800015ec <_vsnprintf+0x844>
80001422: 93 0b 00 02  	li	s7, 32
80001426: 93 08 81 03  	addi	a7, sp, 56
8000142a: 63 00 06 38  	beqz	a2, 0x800017aa <_vsnprintf+0xa02>
8000142e: 29 48        	li	a6, 10
80001430: 17 26 00 00  	auipc	a2, 2
80001434: 13 06 06 69  	addi	a2, a2, 1680
80001438: 10 62        	ld	a2, 0(a2)
8000143a: 62 84        	mv	s0, s8
8000143c: fd 35        	addiw	a1, a1, -1
8000143e: 33 b6 c6 02  	mulhu	a2, a3, a2
80001442: 93 57 36 00  	srli	a5, a2, 3
80001446: 33 86 07 03  	mul	a2, a5, a6
8000144a: 33 86 c6 40  	sub	a2, a3, a2
8000144e: 13 66 06 03  	ori	a2, a2, 48
80001452: 33 87 88 01  	add	a4, a7, s8
80001456: 23 00 c7 00  	sb	a2, 0(a4)
8000145a: 13 b6 a6 00  	sltiu	a2, a3, 10
8000145e: 93 46 f6 ff  	not	a3, a2
80001462: 13 36 fc 01  	sltiu	a2, s8, 31
80001466: 33 f7 c6 00  	and	a4, a3, a2
8000146a: 05 0c        	addi	s8, s8, 1
8000146c: be 86        	mv	a3, a5
8000146e: 69 f3        	bnez	a4, 0x80001430 <_vsnprintf+0x688>
80001470: 93 36 f4 01  	sltiu	a3, s0, 31
80001474: 33 37 b0 00  	snez	a4, a1
80001478: f9 8e        	and	a3, a3, a4
8000147a: 63 96 06 2a  	bnez	a3, 0x80001726 <_vsnprintf+0x97e>
8000147e: e2 8b        	mv	s7, s8
80001480: 29 44        	li	s0, 10
80001482: c1 ac        	j	0x80001752 <_vsnprintf+0x9aa>
80001484: 22 75        	ld	a0, 40(sp)
80001486: 03 48 05 00  	lbu	a6, 0(a0)
8000148a: 29 43        	li	t1, 10
8000148c: 63 13 08 00  	bnez	a6, 0x80001492 <_vsnprintf+0x6ea>
80001490: bd 98        	andi	s1, s1, -17
80001492: 93 35 18 00  	seqz	a1, a6
80001496: 13 96 54 03  	slli	a2, s1, 53
8000149a: 7d 92        	srli	a2, a2, 63
8000149c: f1 8d        	and	a1, a1, a2
8000149e: 63 9e 05 12  	bnez	a1, 0x800015da <_vsnprintf+0x832>
800014a2: 1b 56 f8 41  	sraiw	a2, a6, 31
800014a6: b3 46 c8 00  	xor	a3, a6, a2
800014aa: 91 9e        	subw	a3, a3, a2
800014ac: 13 f6 04 02  	andi	a2, s1, 32
800014b0: 13 46 16 06  	xori	a2, a2, 97
800014b4: 93 02 66 0f  	addi	t0, a2, 246
800014b8: 25 a0        	j	0x800014e0 <_vsnprintf+0x738>
800014ba: 3b 05 f6 00  	addw	a0, a2, a5
800014be: 93 87 15 00  	addi	a5, a1, 1
800014c2: 33 86 b3 00  	add	a2, t2, a1
800014c6: b3 b6 16 01  	sltu	a3, a3, a7
800014ca: 93 c6 f6 ff  	not	a3, a3
800014ce: 93 b5 f5 01  	sltiu	a1, a1, 31
800014d2: 33 f4 b6 00  	and	s0, a3, a1
800014d6: 23 00 a6 00  	sb	a0, 0(a2)
800014da: be 85        	mv	a1, a5
800014dc: ba 86        	mv	a3, a4
800014de: 7d cc        	beqz	s0, 0x800015dc <_vsnprintf+0x834>
800014e0: 33 d7 16 03  	divu	a4, a3, a7
800014e4: 3b 06 17 03  	mulw	a2, a4, a7
800014e8: bb 87 c6 40  	subw	a5, a3, a2
800014ec: 13 f5 e7 0f  	andi	a0, a5, 254
800014f0: 16 86        	mv	a2, t0
800014f2: e3 74 65 fc  	bgeu	a0, t1, 0x800014ba <_vsnprintf+0x712>
800014f6: 13 06 00 03  	li	a2, 48
800014fa: c1 b7        	j	0x800014ba <_vsnprintf+0x712>
800014fc: 22 75        	ld	a0, 40(sp)
800014fe: 08 61        	ld	a0, 0(a0)
80001500: 11 e1        	bnez	a0, 0x80001504 <_vsnprintf+0x75c>
80001502: bd 98        	andi	s1, s1, -17
80001504: a9 42        	li	t0, 10
80001506: 93 35 15 00  	seqz	a1, a0
8000150a: 13 96 54 03  	slli	a2, s1, 53
8000150e: 7d 92        	srli	a2, a2, 63
80001510: f1 8d        	and	a1, a1, a2
80001512: 63 94 05 16  	bnez	a1, 0x8000167a <_vsnprintf+0x8d2>
80001516: 01 46        	li	a2, 0
80001518: 93 f5 04 02  	andi	a1, s1, 32
8000151c: 93 c5 15 06  	xori	a1, a1, 97
80001520: 13 88 65 0f  	addi	a6, a1, 246
80001524: 25 a0        	j	0x8000154c <_vsnprintf+0x7a4>
80001526: 3d 9f        	addw	a4, a4, a5
80001528: 93 07 16 00  	addi	a5, a2, 1
8000152c: 33 84 c3 00  	add	s0, t2, a2
80001530: 33 35 15 01  	sltu	a0, a0, a7
80001534: 13 45 f5 ff  	not	a0, a0
80001538: 13 36 f6 01  	sltiu	a2, a2, 31
8000153c: b3 75 c5 00  	and	a1, a0, a2
80001540: 23 00 e4 00  	sb	a4, 0(s0)
80001544: 3e 86        	mv	a2, a5
80001546: 36 85        	mv	a0, a3
80001548: 63 8a 05 12  	beqz	a1, 0x8000167c <_vsnprintf+0x8d4>
8000154c: b3 56 15 03  	divu	a3, a0, a7
80001550: 3b 87 16 03  	mulw	a4, a3, a7
80001554: 3b 07 e5 40  	subw	a4, a0, a4
80001558: 13 74 e7 0f  	andi	s0, a4, 254
8000155c: c2 87        	mv	a5, a6
8000155e: e3 74 54 fc  	bgeu	s0, t0, 0x80001526 <_vsnprintf+0x77e>
80001562: 93 07 00 03  	li	a5, 48
80001566: c1 b7        	j	0x80001526 <_vsnprintf+0x77e>
80001568: 29 43        	li	t1, 10
8000156a: 93 35 18 00  	seqz	a1, a6
8000156e: 13 96 54 03  	slli	a2, s1, 53
80001572: 7d 92        	srli	a2, a2, 63
80001574: f1 8d        	and	a1, a1, a2
80001576: b1 ed        	bnez	a1, 0x800015d2 <_vsnprintf+0x82a>
80001578: 13 56 f8 43  	srai	a2, a6, 63
8000157c: b3 46 c8 00  	xor	a3, a6, a2
80001580: 91 8e        	sub	a3, a3, a2
80001582: 13 f6 04 02  	andi	a2, s1, 32
80001586: 13 46 16 06  	xori	a2, a2, 97
8000158a: 93 02 66 0f  	addi	t0, a2, 246
8000158e: 25 a0        	j	0x800015b6 <_vsnprintf+0x80e>
80001590: 3b 05 f6 00  	addw	a0, a2, a5
80001594: 93 87 15 00  	addi	a5, a1, 1
80001598: 33 86 b3 00  	add	a2, t2, a1
8000159c: b3 b6 16 01  	sltu	a3, a3, a7
800015a0: 93 c6 f6 ff  	not	a3, a3
800015a4: 93 b5 f5 01  	sltiu	a1, a1, 31
800015a8: 33 f4 b6 00  	and	s0, a3, a1
800015ac: 23 00 a6 00  	sb	a0, 0(a2)
800015b0: be 85        	mv	a1, a5
800015b2: ba 86        	mv	a3, a4
800015b4: 05 c0        	beqz	s0, 0x800015d4 <_vsnprintf+0x82c>
800015b6: 33 d7 16 03  	divu	a4, a3, a7
800015ba: 3b 06 17 03  	mulw	a2, a4, a7
800015be: bb 87 c6 40  	subw	a5, a3, a2
800015c2: 13 f5 e7 0f  	andi	a0, a5, 254
800015c6: 16 86        	mv	a2, t0
800015c8: e3 74 65 fc  	bgeu	a0, t1, 0x80001590 <_vsnprintf+0x7e8>
800015cc: 13 06 00 03  	li	a2, 48
800015d0: c1 b7        	j	0x80001590 <_vsnprintf+0x7e8>
800015d2: 81 47        	li	a5, 0
800015d4: 13 58 f8 03  	srli	a6, a6, 63
800015d8: 21 a0        	j	0x800015e0 <_vsnprintf+0x838>
800015da: 81 47        	li	a5, 0
800015dc: 1b 58 f8 01  	srliw	a6, a6, 31
800015e0: 38 18        	addi	a4, sp, 56
800015e2: 62 85        	mv	a0, s8
800015e4: c2 75        	ld	a1, 48(sp)
800015e6: 56 86        	mv	a2, s5
800015e8: ca 86        	mv	a3, s2
800015ea: 79 a8        	j	0x80001688 <_vsnprintf+0x8e0>
800015ec: d3 00 05 d2  	fcvt.d.w	ft1, a0
800015f0: d3 f0 14 0a  	fsub.d	ft1, fs1, ft1
800015f4: d3 05 10 a2  	fle.d	a1, ft0, ft1
800015f8: e9 8d        	and	a1, a1, a0
800015fa: 2d 9d        	addw	a0, a0, a1
800015fc: 93 0b 00 02  	li	s7, 32
80001600: 13 08 81 03  	addi	a6, sp, 56
80001604: fd 45        	li	a1, 31
80001606: 63 f6 85 17  	bgeu	a1, s8, 0x80001772 <_vsnprintf+0x9ca>
8000160a: 45 a2        	j	0x800017aa <_vsnprintf+0xa02>
8000160c: 22 75        	ld	a0, 40(sp)
8000160e: 03 45 05 00  	lbu	a0, 0(a0)
80001612: 11 e1        	bnez	a0, 0x80001616 <_vsnprintf+0x86e>
80001614: bd 98        	andi	s1, s1, -17
80001616: a9 42        	li	t0, 10
80001618: 93 35 15 00  	seqz	a1, a0
8000161c: 13 96 54 03  	slli	a2, s1, 53
80001620: 7d 92        	srli	a2, a2, 63
80001622: f1 8d        	and	a1, a1, a2
80001624: b9 e9        	bnez	a1, 0x8000167a <_vsnprintf+0x8d2>
80001626: 02 15        	slli	a0, a0, 32
80001628: 13 56 05 02  	srli	a2, a0, 32
8000162c: 13 f5 04 02  	andi	a0, s1, 32
80001630: 13 45 15 06  	xori	a0, a0, 97
80001634: 13 08 65 0f  	addi	a6, a0, 246
80001638: 1d a0        	j	0x8000165e <_vsnprintf+0x8b6>
8000163a: 3d 9f        	addw	a4, a4, a5
8000163c: 93 87 15 00  	addi	a5, a1, 1
80001640: 33 84 b3 00  	add	s0, t2, a1
80001644: 33 36 16 01  	sltu	a2, a2, a7
80001648: 13 46 f6 ff  	not	a2, a2
8000164c: 93 b5 f5 01  	sltiu	a1, a1, 31
80001650: 33 75 b6 00  	and	a0, a2, a1
80001654: 23 00 e4 00  	sb	a4, 0(s0)
80001658: be 85        	mv	a1, a5
8000165a: 36 86        	mv	a2, a3
8000165c: 05 c1        	beqz	a0, 0x8000167c <_vsnprintf+0x8d4>
8000165e: b3 56 16 03  	divu	a3, a2, a7
80001662: 3b 87 16 03  	mulw	a4, a3, a7
80001666: 3b 07 e6 40  	subw	a4, a2, a4
8000166a: 13 74 e7 0f  	andi	s0, a4, 254
8000166e: c2 87        	mv	a5, a6
80001670: e3 75 54 fc  	bgeu	s0, t0, 0x8000163a <_vsnprintf+0x892>
80001674: 93 07 00 03  	li	a5, 48
80001678: c9 b7        	j	0x8000163a <_vsnprintf+0x892>
8000167a: 81 47        	li	a5, 0
8000167c: 38 18        	addi	a4, sp, 56
8000167e: 62 85        	mv	a0, s8
80001680: c2 75        	ld	a1, 48(sp)
80001682: 56 86        	mv	a2, s5
80001684: ca 86        	mv	a3, s2
80001686: 01 48        	li	a6, 0
80001688: de 83        	mv	t2, s7
8000168a: 5a 8e        	mv	t3, s6
8000168c: a6 8e        	mv	t4, s1
8000168e: 97 00 00 00  	auipc	ra, 0
80001692: e7 80 60 2a  	jalr	678(ra)
80001696: aa 8c        	mv	s9, a0
80001698: a2 7b        	ld	s7, 40(sp)
8000169a: a1 0b        	addi	s7, s7, 8
8000169c: 13 0b 50 02  	li	s6, 37
800016a0: 13 84 1d 00  	addi	s0, s11, 1
800016a4: 6f f0 ef f4  	j	0x80000df2 <_vsnprintf+0x4a>
800016a8: 85 25        	addiw	a1, a1, 1
800016aa: 2e e8        	sd	a1, 16(sp)
800016ac: c2 74        	ld	s1, 48(sp)
800016ae: 1d c5        	beqz	a0, 0x800016dc <_vsnprintf+0x934>
800016b0: 85 09        	addi	s3, s3, 1
800016b2: 31 a8        	j	0x800016ce <_vsnprintf+0x926>
800016b4: 93 8c 1a 00  	addi	s9, s5, 1
800016b8: 13 75 f5 0f  	andi	a0, a0, 255
800016bc: a6 85        	mv	a1, s1
800016be: 56 86        	mv	a2, s5
800016c0: 82 76        	ld	a3, 32(sp)
800016c2: 02 9c        	jalr	s8
800016c4: 03 c5 09 00  	lbu	a0, 0(s3)
800016c8: 85 09        	addi	s3, s3, 1
800016ca: e6 8a        	mv	s5, s9
800016cc: 09 c9        	beqz	a0, 0x800016de <_vsnprintf+0x936>
800016ce: e3 03 09 fe  	beqz	s2, 0x800016b4 <_vsnprintf+0x90c>
800016d2: 9b 85 0b 00  	sext.w	a1, s7
800016d6: 99 c1        	beqz	a1, 0x800016dc <_vsnprintf+0x934>
800016d8: fd 3b        	addiw	s7, s7, -1
800016da: e9 bf        	j	0x800016b4 <_vsnprintf+0x90c>
800016dc: d6 8c        	mv	s9, s5
800016de: 33 35 80 00  	snez	a0, s0
800016e2: 42 66        	ld	a2, 16(sp)
800016e4: 9b 05 06 00  	sext.w	a1, a2
800016e8: b3 b5 65 01  	sltu	a1, a1, s6
800016ec: 6d 8d        	and	a0, a0, a1
800016ee: a2 7b        	ld	s7, 40(sp)
800016f0: a1 0b        	addi	s7, s7, 8
800016f2: 1d c1        	beqz	a0, 0x80001718 <_vsnprintf+0x970>
800016f4: 3b 04 cb 40  	subw	s0, s6, a2
800016f8: 02 79        	ld	s2, 32(sp)
800016fa: 66 86        	mv	a2, s9
800016fc: 85 0c        	addi	s9, s9, 1
800016fe: 13 05 00 02  	li	a0, 32
80001702: a6 85        	mv	a1, s1
80001704: ca 86        	mv	a3, s2
80001706: 02 9c        	jalr	s8
80001708: 7d 34        	addiw	s0, s0, -1
8000170a: 65 f8        	bnez	s0, 0x800016fa <_vsnprintf+0x952>
8000170c: 13 0b 50 02  	li	s6, 37
80001710: 13 84 1d 00  	addi	s0, s11, 1
80001714: 6f f0 ef ed  	j	0x80000df2 <_vsnprintf+0x4a>
80001718: 13 0b 50 02  	li	s6, 37
8000171c: 02 79        	ld	s2, 32(sp)
8000171e: 13 84 1d 00  	addi	s0, s11, 1
80001722: 6f f0 0f ed  	j	0x80000df2 <_vsnprintf+0x4a>
80001726: 85 46        	li	a3, 1
80001728: 29 44        	li	s0, 10
8000172a: 13 08 81 03  	addi	a6, sp, 56
8000172e: 93 07 00 03  	li	a5, 48
80001732: 93 0b 1c 00  	addi	s7, s8, 1
80001736: 33 06 88 01  	add	a2, a6, s8
8000173a: 23 00 f6 00  	sb	a5, 0(a2)
8000173e: 13 36 fc 01  	sltiu	a2, s8, 31
80001742: 33 c7 d5 00  	xor	a4, a1, a3
80001746: 33 37 e0 00  	snez	a4, a4
8000174a: 71 8f        	and	a4, a4, a2
8000174c: 85 26        	addiw	a3, a3, 1
8000174e: 5e 8c        	mv	s8, s7
80001750: 6d f3        	bnez	a4, 0x80001732 <_vsnprintf+0x98a>
80001752: 2c 18        	addi	a1, sp, 56
80001754: 39 ca        	beqz	a2, 0x800017aa <_vsnprintf+0xa02>
80001756: 13 8c 1b 00  	addi	s8, s7, 1
8000175a: ae 9b        	add	s7, s7, a1
8000175c: 93 05 e0 02  	li	a1, 46
80001760: 23 80 bb 00  	sb	a1, 0(s7)
80001764: 93 0b 00 02  	li	s7, 32
80001768: 13 08 81 03  	addi	a6, sp, 56
8000176c: fd 45        	li	a1, 31
8000176e: 63 ee 85 03  	bltu	a1, s8, 0x800017aa <_vsnprintf+0xa02>
80001772: d2 87        	mv	a5, s4
80001774: b3 05 f5 02  	mul	a1, a0, a5
80001778: 13 d6 f5 03  	srli	a2, a1, 63
8000177c: 89 95        	srai	a1, a1, 34
8000177e: b1 9d        	addw	a1, a1, a2
80001780: 3b 86 85 02  	mulw	a2, a1, s0
80001784: 3b 06 c5 40  	subw	a2, a0, a2
80001788: 1b 06 06 03  	addiw	a2, a2, 48
8000178c: 93 0b 1c 00  	addi	s7, s8, 1
80001790: b3 06 88 01  	add	a3, a6, s8
80001794: 59 35        	addiw	a0, a0, -10
80001796: 13 35 d5 fe  	sltiu	a0, a0, -19
8000179a: 13 37 fc 01  	sltiu	a4, s8, 31
8000179e: 69 8f        	and	a4, a4, a0
800017a0: 23 80 c6 00  	sb	a2, 0(a3)
800017a4: 5e 8c        	mv	s8, s7
800017a6: 2e 85        	mv	a0, a1
800017a8: 71 f7        	bnez	a4, 0x80001774 <_vsnprintf+0x9cc>
800017aa: 13 f4 34 00  	andi	s0, s1, 3
800017ae: 05 45        	li	a0, 1
800017b0: 63 11 a4 06  	bne	s0, a0, 0x80001812 <_vsnprintf+0xa6a>
800017b4: 63 0a 0b 00  	beqz	s6, 0x800017c8 <_vsnprintf+0xa20>
800017b8: 13 f5 c4 00  	andi	a0, s1, 12
800017bc: 33 35 a0 00  	snez	a0, a0
800017c0: 33 65 55 00  	or	a0, a0, t0
800017c4: 3b 0b ab 40  	subw	s6, s6, a0
800017c8: 13 15 0b 02  	slli	a0, s6, 32
800017cc: 13 5c 05 02  	srli	s8, a0, 32
800017d0: 33 b5 8b 01  	sltu	a0, s7, s8
800017d4: 93 b5 0b 02  	sltiu	a1, s7, 32
800017d8: 6d 8d        	and	a0, a0, a1
800017da: 05 cd        	beqz	a0, 0x80001812 <_vsnprintf+0xa6a>
800017dc: 16 f0        	sd	t0, 32(sp)
800017de: 13 c5 fb ff  	not	a0, s7
800017e2: 2a 9c        	add	s8, s8, a0
800017e4: 7d 45        	li	a0, 31
800017e6: 33 05 75 41  	sub	a0, a0, s7
800017ea: 63 63 ac 00  	bltu	s8, a0, 0x800017f0 <_vsnprintf+0xa48>
800017ee: 2a 8c        	mv	s8, a0
800017f0: 28 18        	addi	a0, sp, 56
800017f2: 5e 95        	add	a0, a0, s7
800017f4: 05 0c        	addi	s8, s8, 1
800017f6: 93 05 00 03  	li	a1, 48
800017fa: 62 86        	mv	a2, s8
800017fc: 97 00 00 00  	auipc	ra, 0
80001800: e7 80 20 3f  	jalr	1010(ra)
80001804: e2 9b        	add	s7, s7, s8
80001806: 62 6d        	ld	s10, 24(sp)
80001808: 82 72        	ld	t0, 32(sp)
8000180a: 7d 45        	li	a0, 31
8000180c: 63 77 75 01  	bgeu	a0, s7, 0x8000181a <_vsnprintf+0xa72>
80001810: 05 a8        	j	0x80001840 <_vsnprintf+0xa98>
80001812: 62 6d        	ld	s10, 24(sp)
80001814: 7d 45        	li	a0, 31
80001816: 63 65 75 03  	bltu	a0, s7, 0x80001840 <_vsnprintf+0xa98>
8000181a: 13 05 d0 02  	li	a0, 45
8000181e: 63 9c 02 00  	bnez	t0, 0x80001836 <_vsnprintf+0xa8e>
80001822: 93 f5 44 00  	andi	a1, s1, 4
80001826: 13 05 b0 02  	li	a0, 43
8000182a: 91 e5        	bnez	a1, 0x80001836 <_vsnprintf+0xa8e>
8000182c: 93 f5 84 00  	andi	a1, s1, 8
80001830: 13 05 00 02  	li	a0, 32
80001834: 91 c5        	beqz	a1, 0x80001840 <_vsnprintf+0xa98>
80001836: 2c 18        	addi	a1, sp, 56
80001838: de 95        	add	a1, a1, s7
8000183a: 85 0b        	addi	s7, s7, 1
8000183c: 23 80 a5 00  	sb	a0, 0(a1)
80001840: 56 86        	mv	a2, s5
80001842: c2 75        	ld	a1, 48(sp)
80001844: 4a 8c        	mv	s8, s2
80001846: 0d ec        	bnez	s0, 0x80001880 <_vsnprintf+0xad8>
80001848: 13 15 0b 02  	slli	a0, s6, 32
8000184c: 01 91        	srli	a0, a0, 32
8000184e: 56 86        	mv	a2, s5
80001850: 63 f8 ab 02  	bgeu	s7, a0, 0x80001880 <_vsnprintf+0xad8>
80001854: 01 44        	li	s0, 0
80001856: b3 0c 75 41  	sub	s9, a0, s7
8000185a: 2e 89        	mv	s2, a1
8000185c: 33 86 8a 00  	add	a2, s5, s0
80001860: 13 05 00 02  	li	a0, 32
80001864: ca 85        	mv	a1, s2
80001866: e2 86        	mv	a3, s8
80001868: 02 9d        	jalr	s10
8000186a: 05 04        	addi	s0, s0, 1
8000186c: e3 98 8c fe  	bne	s9, s0, 0x8000185c <_vsnprintf+0xab4>
80001870: 33 86 8a 00  	add	a2, s5, s0
80001874: 32 84        	mv	s0, a2
80001876: ca 85        	mv	a1, s2
80001878: 93 0c 71 03  	addi	s9, sp, 55
8000187c: 63 84 0b 02  	beqz	s7, 0x800018a4 <_vsnprintf+0xafc>
80001880: 33 85 7c 01  	add	a0, s9, s7
80001884: 03 45 05 00  	lbu	a0, 0(a0)
80001888: 13 04 16 00  	addi	s0, a2, 1
8000188c: e2 86        	mv	a3, s8
8000188e: 62 89        	mv	s2, s8
80001890: 66 8c        	mv	s8, s9
80001892: ae 8c        	mv	s9, a1
80001894: 02 9d        	jalr	s10
80001896: e6 85        	mv	a1, s9
80001898: e2 8c        	mv	s9, s8
8000189a: 4a 8c        	mv	s8, s2
8000189c: fd 1b        	addi	s7, s7, -1
8000189e: 22 86        	mv	a2, s0
800018a0: e3 90 0b fe  	bnez	s7, 0x80001880 <_vsnprintf+0xad8>
800018a4: 62 86        	mv	a2, s8
800018a6: 13 f5 24 00  	andi	a0, s1, 2
800018aa: 05 cd        	beqz	a0, 0x800018e2 <_vsnprintf+0xb3a>
800018ac: 02 1b        	slli	s6, s6, 32
800018ae: 13 5b 0b 02  	srli	s6, s6, 32
800018b2: 33 05 54 41  	sub	a0, s0, s5
800018b6: 63 76 65 03  	bgeu	a0, s6, 0x800018e2 <_vsnprintf+0xb3a>
800018ba: 2e 89        	mv	s2, a1
800018bc: a2 99        	add	s3, s3, s0
800018be: a2 7b        	ld	s7, 40(sp)
800018c0: ae 84        	mv	s1, a1
800018c2: 32 89        	mv	s2, a2
800018c4: 6a 8c        	mv	s8, s10
800018c6: 41 4d        	li	s10, 16
800018c8: 93 0c 14 00  	addi	s9, s0, 1
800018cc: 13 05 00 02  	li	a0, 32
800018d0: a6 85        	mv	a1, s1
800018d2: 22 86        	mv	a2, s0
800018d4: ca 86        	mv	a3, s2
800018d6: 02 9c        	jalr	s8
800018d8: 85 09        	addi	s3, s3, 1
800018da: 66 84        	mv	s0, s9
800018dc: e3 e6 69 ff  	bltu	s3, s6, 0x800018c8 <_vsnprintf+0xb20>
800018e0: 6d bb        	j	0x8000169a <_vsnprintf+0x8f2>
800018e2: a2 8c        	mv	s9, s0
800018e4: a2 7b        	ld	s7, 40(sp)
800018e6: 32 89        	mv	s2, a2
800018e8: 6a 8c        	mv	s8, s10
800018ea: 41 4d        	li	s10, 16
800018ec: 7d b3        	j	0x8000169a <_vsnprintf+0x8f2>
800018ee: 63 e4 2a 01  	bltu	s5, s2, 0x800018f6 <_vsnprintf+0xb4e>
800018f2: 93 0a f9 ff  	addi	s5, s2, -1
800018f6: 01 45        	li	a0, 0
800018f8: c2 75        	ld	a1, 48(sp)
800018fa: 56 86        	mv	a2, s5
800018fc: ca 86        	mv	a3, s2
800018fe: 02 9c        	jalr	s8
80001900: 1b 85 0c 00  	sext.w	a0, s9
80001904: ae 60        	ld	ra, 200(sp)
80001906: 0e 64        	ld	s0, 192(sp)
80001908: ea 74        	ld	s1, 184(sp)
8000190a: 4a 79        	ld	s2, 176(sp)
8000190c: aa 79        	ld	s3, 168(sp)
8000190e: 0a 7a        	ld	s4, 160(sp)
80001910: ea 6a        	ld	s5, 152(sp)
80001912: 4a 6b        	ld	s6, 144(sp)
80001914: aa 6b        	ld	s7, 136(sp)
80001916: 0a 6c        	ld	s8, 128(sp)
80001918: e6 7c        	ld	s9, 120(sp)
8000191a: 46 7d        	ld	s10, 112(sp)
8000191c: a6 7d        	ld	s11, 104(sp)
8000191e: 06 34        	fld	fs0, 96(sp)
80001920: e6 24        	fld	fs1, 88(sp)
80001922: 69 61        	addi	sp, sp, 208
80001924: 82 80        	ret

0000000080001926 <_out_char>:
80001926: 09 c5        	beqz	a0, 0x80001930 <_out_char+0xa>
80001928: 17 03 00 00  	auipc	t1, 0
8000192c: 67 00 43 31  	jr	788(t1)
80001930: 82 80        	ret

0000000080001932 <_out_null>:
80001932: 82 80        	ret

0000000080001934 <_ntoa_format>:
80001934: 19 71        	addi	sp, sp, -128
80001936: 86 fc        	sd	ra, 120(sp)
80001938: a2 f8        	sd	s0, 112(sp)
8000193a: a6 f4        	sd	s1, 104(sp)
8000193c: ca f0        	sd	s2, 96(sp)
8000193e: ce ec        	sd	s3, 88(sp)
80001940: d2 e8        	sd	s4, 80(sp)
80001942: d6 e4        	sd	s5, 72(sp)
80001944: da e0        	sd	s6, 64(sp)
80001946: 5e fc        	sd	s7, 56(sp)
80001948: 62 f8        	sd	s8, 48(sp)
8000194a: 66 f4        	sd	s9, 40(sp)
8000194c: 6a f0        	sd	s10, 32(sp)
8000194e: 6e ec        	sd	s11, 24(sp)
80001950: f6 8b        	mv	s7, t4
80001952: 93 f4 2e 00  	andi	s1, t4, 2
80001956: 72 8a        	mv	s4, t3
80001958: 1e 8d        	mv	s10, t2
8000195a: c6 8c        	mv	s9, a7
8000195c: 3e 8c        	mv	s8, a5
8000195e: 36 89        	mv	s2, a3
80001960: b2 89        	mv	s3, a2
80001962: ae 8a        	mv	s5, a1
80001964: aa 8d        	mv	s11, a0
80001966: 26 8b        	mv	s6, s1
80001968: 3a e8        	sd	a4, 16(sp)
8000196a: d5 e4        	bnez	s1, 0x80001a16 <_ntoa_format+0xe2>
8000196c: 1b 05 0a 00  	sext.w	a0, s4
80001970: 13 f4 1b 00  	andi	s0, s7, 1
80001974: 19 c9        	beqz	a0, 0x8000198a <_ntoa_format+0x56>
80001976: 19 c8        	beqz	s0, 0x8000198c <_ntoa_format+0x58>
80001978: 13 f5 cb 00  	andi	a0, s7, 12
8000197c: 33 35 a0 00  	snez	a0, a0
80001980: 33 65 05 01  	or	a0, a0, a6
80001984: 3b 0a aa 40  	subw	s4, s4, a0
80001988: 11 a0        	j	0x8000198c <_ntoa_format+0x58>
8000198a: 01 4a        	li	s4, 0
8000198c: 13 15 0d 02  	slli	a0, s10, 32
80001990: 01 91        	srli	a0, a0, 32
80001992: b3 35 ac 00  	sltu	a1, s8, a0
80001996: 13 36 0c 02  	sltiu	a2, s8, 32
8000199a: f1 8d        	and	a1, a1, a2
8000199c: 85 cd        	beqz	a1, 0x800019d4 <_ntoa_format+0xa0>
8000199e: 52 e4        	sd	s4, 8(sp)
800019a0: 4e 8a        	mv	s4, s3
800019a2: c2 89        	mv	s3, a6
800019a4: 93 44 fc ff  	not	s1, s8
800019a8: aa 94        	add	s1, s1, a0
800019aa: 7d 45        	li	a0, 31
800019ac: b3 05 85 41  	sub	a1, a0, s8
800019b0: 33 05 87 01  	add	a0, a4, s8
800019b4: 63 e3 b4 00  	bltu	s1, a1, 0x800019ba <_ntoa_format+0x86>
800019b8: ae 84        	mv	s1, a1
800019ba: 85 04        	addi	s1, s1, 1
800019bc: 93 05 00 03  	li	a1, 48
800019c0: 26 86        	mv	a2, s1
800019c2: 97 00 00 00  	auipc	ra, 0
800019c6: e7 80 c0 22  	jalr	556(ra)
800019ca: 26 9c        	add	s8, s8, s1
800019cc: 42 67        	ld	a4, 16(sp)
800019ce: 4e 88        	mv	a6, s3
800019d0: d2 89        	mv	s3, s4
800019d2: 22 6a        	ld	s4, 8(sp)
800019d4: 29 c0        	beqz	s0, 0x80001a16 <_ntoa_format+0xe2>
800019d6: 13 15 0a 02  	slli	a0, s4, 32
800019da: 01 91        	srli	a0, a0, 32
800019dc: b3 35 ac 00  	sltu	a1, s8, a0
800019e0: 13 36 0c 02  	sltiu	a2, s8, 32
800019e4: f1 8d        	and	a1, a1, a2
800019e6: 85 c9        	beqz	a1, 0x80001a16 <_ntoa_format+0xe2>
800019e8: 42 84        	mv	s0, a6
800019ea: 93 44 fc ff  	not	s1, s8
800019ee: aa 94        	add	s1, s1, a0
800019f0: 7d 45        	li	a0, 31
800019f2: b3 05 85 41  	sub	a1, a0, s8
800019f6: 33 05 87 01  	add	a0, a4, s8
800019fa: 63 e3 b4 00  	bltu	s1, a1, 0x80001a00 <_ntoa_format+0xcc>
800019fe: ae 84        	mv	s1, a1
80001a00: 85 04        	addi	s1, s1, 1
80001a02: 93 05 00 03  	li	a1, 48
80001a06: 26 86        	mv	a2, s1
80001a08: 97 00 00 00  	auipc	ra, 0
80001a0c: e7 80 60 1e  	jalr	486(ra)
80001a10: 26 9c        	add	s8, s8, s1
80001a12: 42 67        	ld	a4, 16(sp)
80001a14: 22 88        	mv	a6, s0
80001a16: 13 f5 0b 01  	andi	a0, s7, 16
80001a1a: 11 e5        	bnez	a0, 0x80001a26 <_ntoa_format+0xf2>
80001a1c: da 8c        	mv	s9, s6
80001a1e: 7d 45        	li	a0, 31
80001a20: 63 7b 85 0b  	bgeu	a0, s8, 0x80001ad6 <_ntoa_format+0x1a2>
80001a24: e1 a8        	j	0x80001afc <_ntoa_format+0x1c8>
80001a26: 13 f5 0b 40  	andi	a0, s7, 1024
80001a2a: 13 35 15 00  	seqz	a0, a0
80001a2e: b3 35 80 01  	snez	a1, s8
80001a32: 6d 8d        	and	a0, a0, a1
80001a34: 15 cd        	beqz	a0, 0x80001a70 <_ntoa_format+0x13c>
80001a36: 02 1d        	slli	s10, s10, 32
80001a38: 13 55 0d 02  	srli	a0, s10, 32
80001a3c: 33 45 ac 00  	xor	a0, s8, a0
80001a40: 33 35 a0 00  	snez	a0, a0
80001a44: 93 15 0a 02  	slli	a1, s4, 32
80001a48: 81 91        	srli	a1, a1, 32
80001a4a: b3 45 bc 00  	xor	a1, s8, a1
80001a4e: b3 35 b0 00  	snez	a1, a1
80001a52: 6d 8d        	and	a0, a0, a1
80001a54: 11 ed        	bnez	a0, 0x80001a70 <_ntoa_format+0x13c>
80001a56: 13 05 fc ff  	addi	a0, s8, -1
80001a5a: b3 35 a0 00  	snez	a1, a0
80001a5e: 13 86 0c ff  	addi	a2, s9, -16
80001a62: 13 36 16 00  	seqz	a2, a2
80001a66: f1 8d        	and	a1, a1, a2
80001a68: 99 c1        	beqz	a1, 0x80001a6e <_ntoa_format+0x13a>
80001a6a: 13 05 ec ff  	addi	a0, s8, -2
80001a6e: 2a 8c        	mv	s8, a0
80001a70: 41 45        	li	a0, 16
80001a72: 63 96 ac 02  	bne	s9, a0, 0x80001a9e <_ntoa_format+0x16a>
80001a76: 93 f5 0b 02  	andi	a1, s7, 32
80001a7a: 13 b5 15 00  	seqz	a0, a1
80001a7e: 13 36 0c 02  	sltiu	a2, s8, 32
80001a82: b3 76 c5 00  	and	a3, a0, a2
80001a86: 13 05 80 07  	li	a0, 120
80001a8a: da 8c        	mv	s9, s6
80001a8c: 9d e2        	bnez	a3, 0x80001ab2 <_ntoa_format+0x17e>
80001a8e: 33 35 b0 00  	snez	a0, a1
80001a92: b3 75 c5 00  	and	a1, a0, a2
80001a96: 13 05 80 05  	li	a0, 88
80001a9a: 81 ed        	bnez	a1, 0x80001ab2 <_ntoa_format+0x17e>
80001a9c: 05 a0        	j	0x80001abc <_ntoa_format+0x188>
80001a9e: f9 1c        	addi	s9, s9, -2
80001aa0: 13 b5 1c 00  	seqz	a0, s9
80001aa4: 93 35 0c 02  	sltiu	a1, s8, 32
80001aa8: e9 8d        	and	a1, a1, a0
80001aaa: 13 05 20 06  	li	a0, 98
80001aae: da 8c        	mv	s9, s6
80001ab0: 91 c5        	beqz	a1, 0x80001abc <_ntoa_format+0x188>
80001ab2: b3 05 87 01  	add	a1, a4, s8
80001ab6: 05 0c        	addi	s8, s8, 1
80001ab8: 23 80 a5 00  	sb	a0, 0(a1)
80001abc: 7d 45        	li	a0, 31
80001abe: 63 6f 85 03  	bltu	a0, s8, 0x80001afc <_ntoa_format+0x1c8>
80001ac2: 33 05 87 01  	add	a0, a4, s8
80001ac6: 05 0c        	addi	s8, s8, 1
80001ac8: 93 05 00 03  	li	a1, 48
80001acc: 23 00 b5 00  	sb	a1, 0(a0)
80001ad0: 7d 45        	li	a0, 31
80001ad2: 63 65 85 03  	bltu	a0, s8, 0x80001afc <_ntoa_format+0x1c8>
80001ad6: 13 05 d0 02  	li	a0, 45
80001ada: 63 1c 08 00  	bnez	a6, 0x80001af2 <_ntoa_format+0x1be>
80001ade: 93 f5 4b 00  	andi	a1, s7, 4
80001ae2: 13 05 b0 02  	li	a0, 43
80001ae6: 91 e5        	bnez	a1, 0x80001af2 <_ntoa_format+0x1be>
80001ae8: 93 f5 8b 00  	andi	a1, s7, 8
80001aec: 13 05 00 02  	li	a0, 32
80001af0: 91 c5        	beqz	a1, 0x80001afc <_ntoa_format+0x1c8>
80001af2: b3 05 87 01  	add	a1, a4, s8
80001af6: 05 0c        	addi	s8, s8, 1
80001af8: 23 80 a5 00  	sb	a0, 0(a1)
80001afc: 13 f5 3b 00  	andi	a0, s7, 3
80001b00: 4e 84        	mv	s0, s3
80001b02: 05 e5        	bnez	a0, 0x80001b2a <_ntoa_format+0x1f6>
80001b04: 13 15 0a 02  	slli	a0, s4, 32
80001b08: 01 91        	srli	a0, a0, 32
80001b0a: 4e 84        	mv	s0, s3
80001b0c: 63 7f ac 00  	bgeu	s8, a0, 0x80001b2a <_ntoa_format+0x1f6>
80001b10: b3 04 85 41  	sub	s1, a0, s8
80001b14: 4e 86        	mv	a2, s3
80001b16: 13 04 16 00  	addi	s0, a2, 1
80001b1a: 13 05 00 02  	li	a0, 32
80001b1e: d6 85        	mv	a1, s5
80001b20: ca 86        	mv	a3, s2
80001b22: 82 9d        	jalr	s11
80001b24: fd 14        	addi	s1, s1, -1
80001b26: 22 86        	mv	a2, s0
80001b28: fd f4        	bnez	s1, 0x80001b16 <_ntoa_format+0x1e2>
80001b2a: 63 05 0c 02  	beqz	s8, 0x80001b54 <_ntoa_format+0x220>
80001b2e: 42 6b        	ld	s6, 16(sp)
80001b30: 7d 1b        	addi	s6, s6, -1
80001b32: 33 05 8b 01  	add	a0, s6, s8
80001b36: 03 45 05 00  	lbu	a0, 0(a0)
80001b3a: 93 04 14 00  	addi	s1, s0, 1
80001b3e: d6 85        	mv	a1, s5
80001b40: 22 86        	mv	a2, s0
80001b42: ca 86        	mv	a3, s2
80001b44: 82 9d        	jalr	s11
80001b46: 7d 1c        	addi	s8, s8, -1
80001b48: 26 84        	mv	s0, s1
80001b4a: e3 14 0c fe  	bnez	s8, 0x80001b32 <_ntoa_format+0x1fe>
80001b4e: 63 96 0c 00  	bnez	s9, 0x80001b5a <_ntoa_format+0x226>
80001b52: 1d a8        	j	0x80001b88 <_ntoa_format+0x254>
80001b54: a2 84        	mv	s1, s0
80001b56: 63 89 0c 02  	beqz	s9, 0x80001b88 <_ntoa_format+0x254>
80001b5a: 02 1a        	slli	s4, s4, 32
80001b5c: 13 5a 0a 02  	srli	s4, s4, 32
80001b60: 33 85 34 41  	sub	a0, s1, s3
80001b64: 63 72 45 03  	bgeu	a0, s4, 0x80001b88 <_ntoa_format+0x254>
80001b68: b3 09 30 41  	neg	s3, s3
80001b6c: 13 84 14 00  	addi	s0, s1, 1
80001b70: 13 05 00 02  	li	a0, 32
80001b74: d6 85        	mv	a1, s5
80001b76: 26 86        	mv	a2, s1
80001b78: ca 86        	mv	a3, s2
80001b7a: 82 9d        	jalr	s11
80001b7c: 33 85 89 00  	add	a0, s3, s0
80001b80: a2 84        	mv	s1, s0
80001b82: e3 65 45 ff  	bltu	a0, s4, 0x80001b6c <_ntoa_format+0x238>
80001b86: 11 a0        	j	0x80001b8a <_ntoa_format+0x256>
80001b88: 26 84        	mv	s0, s1
80001b8a: 22 85        	mv	a0, s0
80001b8c: e6 70        	ld	ra, 120(sp)
80001b8e: 46 74        	ld	s0, 112(sp)
80001b90: a6 74        	ld	s1, 104(sp)
80001b92: 06 79        	ld	s2, 96(sp)
80001b94: e6 69        	ld	s3, 88(sp)
80001b96: 46 6a        	ld	s4, 80(sp)
80001b98: a6 6a        	ld	s5, 72(sp)
80001b9a: 06 6b        	ld	s6, 64(sp)
80001b9c: e2 7b        	ld	s7, 56(sp)
80001b9e: 42 7c        	ld	s8, 48(sp)
80001ba0: a2 7c        	ld	s9, 40(sp)
80001ba2: 02 7d        	ld	s10, 32(sp)
80001ba4: e2 6d        	ld	s11, 24(sp)
80001ba6: 09 61        	addi	sp, sp, 128
80001ba8: 82 80        	ret

0000000080001baa <memcpy>:
80001baa: b3 e6 a5 00  	or	a3, a1, a0
80001bae: d1 8e        	or	a3, a3, a2
80001bb0: 13 f7 76 00  	andi	a4, a3, 7
80001bb4: b3 06 c5 00  	add	a3, a0, a2
80001bb8: 19 cf        	beqz	a4, 0x80001bd6 <memcpy+0x2c>
80001bba: 63 79 d5 02  	bgeu	a0, a3, 0x80001bec <memcpy+0x42>
80001bbe: aa 86        	mv	a3, a0
80001bc0: 03 87 05 00  	lb	a4, 0(a1)
80001bc4: 85 05        	addi	a1, a1, 1
80001bc6: 93 87 16 00  	addi	a5, a3, 1
80001bca: 7d 16        	addi	a2, a2, -1
80001bcc: 23 80 e6 00  	sb	a4, 0(a3)
80001bd0: be 86        	mv	a3, a5
80001bd2: 7d f6        	bnez	a2, 0x80001bc0 <memcpy+0x16>
80001bd4: 21 a8        	j	0x80001bec <memcpy+0x42>
80001bd6: 63 7b d5 00  	bgeu	a0, a3, 0x80001bec <memcpy+0x42>
80001bda: 2a 86        	mv	a2, a0
80001bdc: 98 61        	ld	a4, 0(a1)
80001bde: a1 05        	addi	a1, a1, 8
80001be0: 93 07 86 00  	addi	a5, a2, 8
80001be4: 18 e2        	sd	a4, 0(a2)
80001be6: 3e 86        	mv	a2, a5
80001be8: e3 ea d7 fe  	bltu	a5, a3, 0x80001bdc <memcpy+0x32>
80001bec: 82 80        	ret

0000000080001bee <memset>:
80001bee: b3 66 c5 00  	or	a3, a0, a2
80001bf2: 9d 8a        	andi	a3, a3, 7
80001bf4: 91 ce        	beqz	a3, 0x80001c10 <memset+0x22>
80001bf6: b3 06 c5 00  	add	a3, a0, a2
80001bfa: 63 70 d5 04  	bgeu	a0, a3, 0x80001c3a <memset+0x4c>
80001bfe: aa 86        	mv	a3, a0
80001c00: 13 87 16 00  	addi	a4, a3, 1
80001c04: 7d 16        	addi	a2, a2, -1
80001c06: 23 80 b6 00  	sb	a1, 0(a3)
80001c0a: ba 86        	mv	a3, a4
80001c0c: 75 fa        	bnez	a2, 0x80001c00 <memset+0x12>
80001c0e: 35 a0        	j	0x80001c3a <memset+0x4c>
80001c10: 2a 96        	add	a2, a2, a0
80001c12: 63 74 c5 02  	bgeu	a0, a2, 0x80001c3a <memset+0x4c>
80001c16: e2 15        	slli	a1, a1, 56
80001c18: b7 16 10 10  	lui	a3, 65793
80001c1c: 92 06        	slli	a3, a3, 4
80001c1e: 93 86 06 10  	addi	a3, a3, 256
80001c22: b3 b5 d5 02  	mulhu	a1, a1, a3
80001c26: 93 96 05 02  	slli	a3, a1, 32
80001c2a: d5 8d        	or	a1, a1, a3
80001c2c: aa 86        	mv	a3, a0
80001c2e: 13 87 86 00  	addi	a4, a3, 8
80001c32: 8c e2        	sd	a1, 0(a3)
80001c34: ba 86        	mv	a3, a4
80001c36: e3 6c c7 fe  	bltu	a4, a2, 0x80001c2e <memset+0x40>
80001c3a: 82 80        	ret

0000000080001c3c <_putchar>:
80001c3c: 97 e5 ff 3f  	auipc	a1, 262142
80001c40: 23 82 a5 3c  	sb	a0, 964(a1)
80001c44: 82 80        	ret

0000000080001c46 <similarity_check>:
80001c46: 53 70 b5 0a  	fsub.d	ft0, fa0, fa1
80001c4a: 53 20 00 22  	fabs.d	ft0, ft0
80001c4e: 53 05 c0 a2  	fle.d	a0, ft0, fa2
80001c52: 82 80        	ret

Disassembly of section .data:

0000000080001c60 <NFFT>:
80001c60: 40 00        	addi	s0, sp, 4
		...
80001c6e: 00 00        	unimp	

0000000080001c70 <samples>:
80001c70: 60 07        	addi	s0, sp, 908
80001c72: 16 3f        	fld	ft10, 352(sp)
80001c74: ef 39 6a 3f  	jal	s3, 0x800a506a <timer+0xa006a>
80001c78: 15 e9        	bnez	a0, 0x80001cac <samples+0x3c>
80001c7a: fb 3e 97 78  	<unknown>
80001c7e: 79 3f        	addiw	t5, t5, -2
80001c80: 72 d6        	sw	t3, 44(sp)
80001c82: 55 3f        	addiw	t5, t5, -11
80001c84: 1c 49        	lw	a5, 16(a0)
80001c86: 21 3f        	addiw	t5, t5, -24
80001c88: a1 a7        	j	0x800023d0 <samples_reim_s+0x160>
80001c8a: a9 3c        	addiw	s9, s9, -22
80001c8c: 14 05        	addi	a3, sp, 640
80001c8e: 83 3d e7 5d  	ld	s11, 1502(a4)
80001c92: 46 3f        	fld	ft10, 112(sp)
80001c94: 51 52        	li	tp, -12
80001c96: 39 3f        	addiw	t5, t5, -18
80001c98: 55 83        	srli	a4, a4, 21
80001c9a: 87 3e 19 53  	fld	ft9, 1329(s2)
80001c9e: f8 3e        	fld	fa4, 248(a3)
80001ca0: 52 6f        	ld	t5, 272(sp)
80001ca2: 60 3f        	fld	fs0, 248(a4)
80001ca4: 4d 59        	li	s2, -13
80001ca6: 90 3e        	fld	fa2, 56(a3)
80001ca8: cf 8a d8 3b  	fnmadd.d	fs5, fa7, ft9, ft7, rne
80001cac: fc 14        	addi	a5, sp, 620
80001cae: e4 3e        	fld	fs1, 248(a3)
80001cb0: 7e 51        	lw	sp, 252(sp)
80001cb2: 6f 3e 69 0a  	jal	t3, 0x80094d58 <timer+0x8fd58>
80001cb6: 53 3d af 5c  	<unknown>
80001cba: 5a 3f        	fld	ft10, 432(sp)
80001cbc: f4 d3        	sw	a3, 100(a5)
80001cbe: f0 3e        	fld	fa2, 248(a3)
80001cc0: 59 00        	c.nop	22
80001cc2: 19 3f        	addiw	t5, t5, -26
80001cc4: 8e 75        	ld	a1, 224(sp)
80001cc6: d1 3b        	addiw	s7, s7, -12
80001cc8: cb 41 70 3d  	<unknown>
80001ccc: 78 7a        	ld	a4, 240(a2)
80001cce: 67 3f da 8b  	<unknown>
80001cd2: 0f 3f 51 d9  	<unknown>
80001cd6: 13 3f 92 25  	sltiu	t5, tp, 601
80001cda: af 3d 32 50  	<unknown>
80001cde: 89 3e        	addiw	t4, t4, -30
80001ce0: c8 55        	lw	a0, 44(a1)
80001ce2: 6a 3e        	fld	ft8, 184(sp)
80001ce4: 13 87 e9 3e  	addi	a4, s3, 1006
80001ce8: e2 4c        	lw	s9, 24(sp)
80001cea: b3 3d b6 41  	<unknown>
80001cee: ec 3e        	fld	fa1, 248(a3)
80001cf0: 89 0c        	addi	s9, s9, 2
80001cf2: 35 3f        	addiw	t5, t5, -19
80001cf4: cf b4 78 3f  	<unknown>
80001cf8: 83 5d d6 3e  	lhu	s11, 1005(a2)
80001cfc: bc c8        	sw	a5, 80(s1)
80001cfe: 0f 3e b0 3e  	<unknown>
80001d02: 7a 3e        	fld	ft8, 440(sp)
80001d04: 1f 6f 08 3f  	<unknown>
80001d08: a0 22        	fld	fs0, 64(a3)
80001d0a: 2a 3f        	fld	ft10, 168(sp)
80001d0c: 35 ca        	beqz	a2, 0x80001d80 <samples+0x110>
80001d0e: a3 3e 10 a0  	sd	ra, -1507(zero)
80001d12: 46 3e        	fld	ft8, 112(sp)
80001d14: 09 ab        	j	0x80002226 <samples_reim+0x1b6>
80001d16: 5a 3f        	fld	ft10, 432(sp)
80001d18: e0 e0        	sd	s0, 192(s1)
80001d1a: 3b 3e b3 92  	<unknown>
80001d1e: c3 3e 5c d6  	<unknown>
80001d22: 44 3f        	fld	fs1, 184(a4)
80001d24: 61 b9        	j	0x800019bc <_ntoa_format+0x88>
80001d26: 12 3f        	fld	ft10, 288(sp)
80001d28: ad 9c        	addw	s1, s1, a1
80001d2a: 1b 3f 7c ac  	<unknown>
80001d2e: 4d 3f        	addiw	t5, t5, -13
80001d30: c6 9c        	add	s9, s9, a7
80001d32: ce 3e        	fld	ft9, 240(sp)
80001d34: 7c 54        	lw	a5, 108(s0)
80001d36: ad 3e        	addiw	t4, t4, -21
80001d38: bc 20        	fld	fa5, 64(s1)
80001d3a: 5c 3f        	fld	fa5, 184(a4)
80001d3c: ad 8e        	xor	a3, a3, a1
80001d3e: b1 3e        	addiw	t4, t4, -20
80001d40: f1 70        	lui	ra, 1048572
80001d42: ea 3e        	fld	ft9, 184(sp)
80001d44: 83 79 03 3f  	<unknown>
80001d48: 75 27        	addiw	a4, a4, 29
80001d4a: 66 3e        	fld	ft8, 120(sp)
80001d4c: cc 5e        	lw	a1, 60(a3)
80001d4e: 65 3f        	addiw	t5, t5, -7
80001d50: 5e c4        	sw	s7, 8(sp)
80001d52: 5a 3f        	fld	ft10, 432(sp)
80001d54: 8b 99 61 3e  	<unknown>
80001d58: 8c c1        	sw	a1, 0(a1)
80001d5a: c5 3e        	addiw	t4, t4, -15
80001d5c: bf f6 14 3f  	<unknown>
80001d60: 17 a0 b9 3d  	auipc	zero, 252826
80001d64: 08 b8        	fsd	fa0, 48(s0)
80001d66: 01 3e        	addiw	t3, t3, -32
80001d68: 1e c8        	sw	t2, 16(sp)
80001d6a: 3d 3d        	addiw	s10, s10, -17
80001d6c: 1b 2f 67 3e  	<unknown>
80001d70: c0 3a        	fld	fs0, 176(a3)
80001d72: 65 3f        	addiw	t5, t5, -7
80001d74: 34 c2        	sw	a3, 64(a2)
80001d76: 2b 3f 71 c8  	<unknown>
80001d7a: ad 3e        	addiw	t4, t4, -21
80001d7c: 52 8d        	mv	s10, s4
80001d7e: 6a 3f        	fld	ft10, 184(sp)
80001d80: 9b 58 56 3f  	<unknown>
80001d84: 57 f4 0b 3f  	vsetvli	s0, s7, 1008
80001d88: 1b c8 54 3f  	<unknown>
80001d8c: ac 87        	<unknown>
80001d8e: 06 3f        	fld	ft10, 96(sp)
80001d90: fb 8b bc 3d  	<unknown>
80001d94: 12 a4        	fsd	ft4, 8(sp)
80001d96: f7 3d b6 f9  	<unknown>
80001d9a: e7 3e 54 c9  	<unknown>
80001d9e: fe 3e        	fld	ft9, 504(sp)
80001da0: 69 a6        	j	0x8000212a <samples_reim+0xba>
80001da2: e5 3e        	addiw	t4, t4, -7
80001da4: e8 2d        	fld	fa0, 216(a1)
80001da6: f7 3e 13 81  	<unknown>
80001daa: 33 3d c3 dd  	<unknown>
80001dae: 74 3f        	fld	fa3, 248(a4)
80001db0: 50 8d        	<unknown>
80001db2: 33 3e b7 d1  	<unknown>
80001db6: 8f 3c 64 92  	<unknown>
80001dba: c5 3e        	addiw	t4, t4, -15
80001dbc: 33 6b 6d 3f  	<unknown>
80001dc0: 41 c6        	beqz	a2, 0x80001e48 <samples+0x1d8>
80001dc2: 4a 3e        	fld	ft8, 176(sp)
80001dc4: 8a 64        	ld	s1, 128(sp)
80001dc6: 4a 3e        	fld	ft8, 176(sp)
80001dc8: 4e c4        	sw	s3, 8(sp)
80001dca: 56 3d        	fld	fs10, 368(sp)
80001dcc: 6e 68        	ld	a6, 216(sp)
80001dce: 28 3f        	fld	fa0, 120(a4)
80001dd0: 1a f0        	sd	t1, 32(sp)
80001dd2: 63 3f f7 47  	<unknown>
80001dd6: d9 3e        	addiw	t4, t4, -10
80001dd8: d0 3c        	fld	fa2, 184(s1)
80001dda: 06 3f        	fld	ft10, 96(sp)
80001ddc: cf fe d6 3e  	<unknown>
80001de0: 5c d9        	sw	a5, 52(a0)
80001de2: d0 3e        	fld	fa2, 184(a3)
80001de4: cd 5b        	li	s7, -13
80001de6: 52 3f        	fld	ft10, 304(sp)
80001de8: 9d ab        	j	0x8000235e <samples_reim_s+0xee>
80001dea: 36 3e        	fld	ft8, 360(sp)
80001dec: 52 bd        	fsd	fs4, 184(sp)
80001dee: 37 3f 01 cb  	lui	t5, 831507
80001df2: a8 3e        	fld	fa0, 120(a3)
80001df4: fa b8        	fsd	ft10, 112(sp)
80001df6: 76 3f        	fld	ft10, 376(sp)
80001df8: f8 0e        	addi	a4, sp, 860
80001dfa: 4d 3e        	addiw	t3, t3, -13
80001dfc: fb c4 ea 3b  	<unknown>
80001e00: 2b f9 b6 3c  	<unknown>
80001e04: 83 40 b3 3e  	lbu	ra, 1003(t1)
80001e08: d2 57        	lw	a5, 52(sp)
80001e0a: 84 3e        	fld	fs1, 56(a3)
80001e0c: fd 96        	srai	a3, a3, 63
80001e0e: fa 3e        	fld	ft9, 440(sp)
80001e10: 5d 2e        	addiw	t3, t3, 23
80001e12: ab 3d 97 38  	<unknown>
80001e16: 3a 3f        	fld	ft10, 424(sp)
80001e18: ea b0        	fsd	fs10, 96(sp)
80001e1a: 6e 3e        	fld	ft8, 248(sp)
80001e1c: 7f 8a a5 3d  	<unknown>
80001e20: fe 0e        	slli	t4, t4, 31
80001e22: 07 3f d0 53  	fld	ft10, 1341(zero)
80001e26: 06 3e        	fld	ft8, 96(sp)
80001e28: 07 5b 5d 3f  	<unknown>
80001e2c: 0c 1e        	addi	a1, sp, 816
80001e2e: 2f 3f 8b 5d  	<unknown>
80001e32: 1f 3f 34 8f  	<unknown>
80001e36: 5f 3f fe 3e  	<unknown>
80001e3a: ce 3e        	fld	ft9, 240(sp)
80001e3c: 68 c7        	sw	a0, 76(a4)
80001e3e: e5 3e        	addiw	t4, t4, -7
80001e40: 73 d0 98 3e  	csrwi	pmpaddr57, 17
80001e44: 7d f7        	bnez	a4, 0x80001e32 <samples+0x1c2>
80001e46: 18 3f        	fld	fa4, 56(a4)
80001e48: c5 ad        	j	0x80002538 <twiddle+0xc8>
80001e4a: 31 3f        	addiw	t5, t5, -20
80001e4c: dc e7        	sd	a5, 136(a5)
80001e4e: 31 3f        	addiw	t5, t5, -20
80001e50: 1e a9        	fsd	ft7, 144(sp)
80001e52: 33 3f 1e d1  	<unknown>
80001e56: 95 3e        	addiw	t4, t4, -27
80001e58: 53 c9 c1 3e  	<unknown>
80001e5c: 67 07 66 3f  	jalr	a4, 1014(a2)
80001e60: 6d 57        	li	a4, -5
80001e62: f0 3e        	fld	fa2, 248(a3)
80001e64: 4a 30        	fld	ft0, 176(sp)
80001e66: 45 3f        	addiw	t5, t5, -15
80001e68: 68 a2        	fsd	fa0, 192(a2)
80001e6a: 68 3f        	fld	fa0, 248(a4)
80001e6c: fa 8a        	mv	s5, t5
80001e6e: 1e 3d        	fld	fs10, 480(sp)

0000000080001e70 <samples_s>:
80001e70: 60 07        	addi	s0, sp, 908
80001e72: 16 3f        	fld	ft10, 352(sp)
80001e74: ef 39 6a 3f  	jal	s3, 0x800a526a <timer+0xa026a>
80001e78: 15 e9        	bnez	a0, 0x80001eac <samples_s+0x3c>
80001e7a: fb 3e 97 78  	<unknown>
80001e7e: 79 3f        	addiw	t5, t5, -2
80001e80: 72 d6        	sw	t3, 44(sp)
80001e82: 55 3f        	addiw	t5, t5, -11
80001e84: 1c 49        	lw	a5, 16(a0)
80001e86: 21 3f        	addiw	t5, t5, -24
80001e88: a1 a7        	j	0x800025d0 <twiddle+0x160>
80001e8a: a9 3c        	addiw	s9, s9, -22
80001e8c: 14 05        	addi	a3, sp, 640
80001e8e: 83 3d e7 5d  	ld	s11, 1502(a4)
80001e92: 46 3f        	fld	ft10, 112(sp)
80001e94: 51 52        	li	tp, -12
80001e96: 39 3f        	addiw	t5, t5, -18
80001e98: 55 83        	srli	a4, a4, 21
80001e9a: 87 3e 19 53  	fld	ft9, 1329(s2)
80001e9e: f8 3e        	fld	fa4, 248(a3)
80001ea0: 52 6f        	ld	t5, 272(sp)
80001ea2: 60 3f        	fld	fs0, 248(a4)
80001ea4: 4d 59        	li	s2, -13
80001ea6: 90 3e        	fld	fa2, 56(a3)
80001ea8: cf 8a d8 3b  	fnmadd.d	fs5, fa7, ft9, ft7, rne
80001eac: fc 14        	addi	a5, sp, 620
80001eae: e4 3e        	fld	fs1, 248(a3)
80001eb0: 7e 51        	lw	sp, 252(sp)
80001eb2: 6f 3e 69 0a  	jal	t3, 0x80094f58 <timer+0x8ff58>
80001eb6: 53 3d af 5c  	<unknown>
80001eba: 5a 3f        	fld	ft10, 432(sp)
80001ebc: f4 d3        	sw	a3, 100(a5)
80001ebe: f0 3e        	fld	fa2, 248(a3)
80001ec0: 59 00        	c.nop	22
80001ec2: 19 3f        	addiw	t5, t5, -26
80001ec4: 8e 75        	ld	a1, 224(sp)
80001ec6: d1 3b        	addiw	s7, s7, -12
80001ec8: cb 41 70 3d  	<unknown>
80001ecc: 78 7a        	ld	a4, 240(a2)
80001ece: 67 3f da 8b  	<unknown>
80001ed2: 0f 3f 51 d9  	<unknown>
80001ed6: 13 3f 92 25  	sltiu	t5, tp, 601
80001eda: af 3d 32 50  	<unknown>
80001ede: 89 3e        	addiw	t4, t4, -30
80001ee0: c8 55        	lw	a0, 44(a1)
80001ee2: 6a 3e        	fld	ft8, 184(sp)
80001ee4: 13 87 e9 3e  	addi	a4, s3, 1006
80001ee8: e2 4c        	lw	s9, 24(sp)
80001eea: b3 3d b6 41  	<unknown>
80001eee: ec 3e        	fld	fa1, 248(a3)
80001ef0: 89 0c        	addi	s9, s9, 2
80001ef2: 35 3f        	addiw	t5, t5, -19
80001ef4: cf b4 78 3f  	<unknown>
80001ef8: 83 5d d6 3e  	lhu	s11, 1005(a2)
80001efc: bc c8        	sw	a5, 80(s1)
80001efe: 0f 3e b0 3e  	<unknown>
80001f02: 7a 3e        	fld	ft8, 440(sp)
80001f04: 1f 6f 08 3f  	<unknown>
80001f08: a0 22        	fld	fs0, 64(a3)
80001f0a: 2a 3f        	fld	ft10, 168(sp)
80001f0c: 35 ca        	beqz	a2, 0x80001f80 <samples_s+0x110>
80001f0e: a3 3e 10 a0  	sd	ra, -1507(zero)
80001f12: 46 3e        	fld	ft8, 112(sp)
80001f14: 09 ab        	j	0x80002426 <samples_reim_s+0x1b6>
80001f16: 5a 3f        	fld	ft10, 432(sp)
80001f18: e0 e0        	sd	s0, 192(s1)
80001f1a: 3b 3e b3 92  	<unknown>
80001f1e: c3 3e 5c d6  	<unknown>
80001f22: 44 3f        	fld	fs1, 184(a4)
80001f24: 61 b9        	j	0x80001bbc <memcpy+0x12>
80001f26: 12 3f        	fld	ft10, 288(sp)
80001f28: ad 9c        	addw	s1, s1, a1
80001f2a: 1b 3f 7c ac  	<unknown>
80001f2e: 4d 3f        	addiw	t5, t5, -13
80001f30: c6 9c        	add	s9, s9, a7
80001f32: ce 3e        	fld	ft9, 240(sp)
80001f34: 7c 54        	lw	a5, 108(s0)
80001f36: ad 3e        	addiw	t4, t4, -21
80001f38: bc 20        	fld	fa5, 64(s1)
80001f3a: 5c 3f        	fld	fa5, 184(a4)
80001f3c: ad 8e        	xor	a3, a3, a1
80001f3e: b1 3e        	addiw	t4, t4, -20
80001f40: f1 70        	lui	ra, 1048572
80001f42: ea 3e        	fld	ft9, 184(sp)
80001f44: 83 79 03 3f  	<unknown>
80001f48: 75 27        	addiw	a4, a4, 29
80001f4a: 66 3e        	fld	ft8, 120(sp)
80001f4c: cc 5e        	lw	a1, 60(a3)
80001f4e: 65 3f        	addiw	t5, t5, -7
80001f50: 5e c4        	sw	s7, 8(sp)
80001f52: 5a 3f        	fld	ft10, 432(sp)
80001f54: 8b 99 61 3e  	<unknown>
80001f58: 8c c1        	sw	a1, 0(a1)
80001f5a: c5 3e        	addiw	t4, t4, -15
80001f5c: bf f6 14 3f  	<unknown>
80001f60: 17 a0 b9 3d  	auipc	zero, 252826
80001f64: 08 b8        	fsd	fa0, 48(s0)
80001f66: 01 3e        	addiw	t3, t3, -32
80001f68: 1e c8        	sw	t2, 16(sp)
80001f6a: 3d 3d        	addiw	s10, s10, -17
80001f6c: 1b 2f 67 3e  	<unknown>
80001f70: c0 3a        	fld	fs0, 176(a3)
80001f72: 65 3f        	addiw	t5, t5, -7
80001f74: 34 c2        	sw	a3, 64(a2)
80001f76: 2b 3f 71 c8  	<unknown>
80001f7a: ad 3e        	addiw	t4, t4, -21
80001f7c: 52 8d        	mv	s10, s4
80001f7e: 6a 3f        	fld	ft10, 184(sp)
80001f80: 9b 58 56 3f  	<unknown>
80001f84: 57 f4 0b 3f  	vsetvli	s0, s7, 1008
80001f88: 1b c8 54 3f  	<unknown>
80001f8c: ac 87        	<unknown>
80001f8e: 06 3f        	fld	ft10, 96(sp)
80001f90: fb 8b bc 3d  	<unknown>
80001f94: 12 a4        	fsd	ft4, 8(sp)
80001f96: f7 3d b6 f9  	<unknown>
80001f9a: e7 3e 54 c9  	<unknown>
80001f9e: fe 3e        	fld	ft9, 504(sp)
80001fa0: 69 a6        	j	0x8000232a <samples_reim_s+0xba>
80001fa2: e5 3e        	addiw	t4, t4, -7
80001fa4: e8 2d        	fld	fa0, 216(a1)
80001fa6: f7 3e 13 81  	<unknown>
80001faa: 33 3d c3 dd  	<unknown>
80001fae: 74 3f        	fld	fa3, 248(a4)
80001fb0: 50 8d        	<unknown>
80001fb2: 33 3e b7 d1  	<unknown>
80001fb6: 8f 3c 64 92  	<unknown>
80001fba: c5 3e        	addiw	t4, t4, -15
80001fbc: 33 6b 6d 3f  	<unknown>
80001fc0: 41 c6        	beqz	a2, 0x80002048 <samples_s+0x1d8>
80001fc2: 4a 3e        	fld	ft8, 176(sp)
80001fc4: 8a 64        	ld	s1, 128(sp)
80001fc6: 4a 3e        	fld	ft8, 176(sp)
80001fc8: 4e c4        	sw	s3, 8(sp)
80001fca: 56 3d        	fld	fs10, 368(sp)
80001fcc: 6e 68        	ld	a6, 216(sp)
80001fce: 28 3f        	fld	fa0, 120(a4)
80001fd0: 1a f0        	sd	t1, 32(sp)
80001fd2: 63 3f f7 47  	<unknown>
80001fd6: d9 3e        	addiw	t4, t4, -10
80001fd8: d0 3c        	fld	fa2, 184(s1)
80001fda: 06 3f        	fld	ft10, 96(sp)
80001fdc: cf fe d6 3e  	<unknown>
80001fe0: 5c d9        	sw	a5, 52(a0)
80001fe2: d0 3e        	fld	fa2, 184(a3)
80001fe4: cd 5b        	li	s7, -13
80001fe6: 52 3f        	fld	ft10, 304(sp)
80001fe8: 9d ab        	j	0x8000255e <twiddle+0xee>
80001fea: 36 3e        	fld	ft8, 360(sp)
80001fec: 52 bd        	fsd	fs4, 184(sp)
80001fee: 37 3f 01 cb  	lui	t5, 831507
80001ff2: a8 3e        	fld	fa0, 120(a3)
80001ff4: fa b8        	fsd	ft10, 112(sp)
80001ff6: 76 3f        	fld	ft10, 376(sp)
80001ff8: f8 0e        	addi	a4, sp, 860
80001ffa: 4d 3e        	addiw	t3, t3, -13
80001ffc: fb c4 ea 3b  	<unknown>
80002000: 2b f9 b6 3c  	<unknown>
80002004: 83 40 b3 3e  	lbu	ra, 1003(t1)
80002008: d2 57        	lw	a5, 52(sp)
8000200a: 84 3e        	fld	fs1, 56(a3)
8000200c: fd 96        	srai	a3, a3, 63
8000200e: fa 3e        	fld	ft9, 440(sp)
80002010: 5d 2e        	addiw	t3, t3, 23
80002012: ab 3d 97 38  	<unknown>
80002016: 3a 3f        	fld	ft10, 424(sp)
80002018: ea b0        	fsd	fs10, 96(sp)
8000201a: 6e 3e        	fld	ft8, 248(sp)
8000201c: 7f 8a a5 3d  	<unknown>
80002020: fe 0e        	slli	t4, t4, 31
80002022: 07 3f d0 53  	fld	ft10, 1341(zero)
80002026: 06 3e        	fld	ft8, 96(sp)
80002028: 07 5b 5d 3f  	<unknown>
8000202c: 0c 1e        	addi	a1, sp, 816
8000202e: 2f 3f 8b 5d  	<unknown>
80002032: 1f 3f 34 8f  	<unknown>
80002036: 5f 3f fe 3e  	<unknown>
8000203a: ce 3e        	fld	ft9, 240(sp)
8000203c: 68 c7        	sw	a0, 76(a4)
8000203e: e5 3e        	addiw	t4, t4, -7
80002040: 73 d0 98 3e  	csrwi	pmpaddr57, 17
80002044: 7d f7        	bnez	a4, 0x80002032 <samples_s+0x1c2>
80002046: 18 3f        	fld	fa4, 56(a4)
80002048: c5 ad        	j	0x80002738 <twiddle_vec+0xc8>
8000204a: 31 3f        	addiw	t5, t5, -20
8000204c: dc e7        	sd	a5, 136(a5)
8000204e: 31 3f        	addiw	t5, t5, -20
80002050: 1e a9        	fsd	ft7, 144(sp)
80002052: 33 3f 1e d1  	<unknown>
80002056: 95 3e        	addiw	t4, t4, -27
80002058: 53 c9 c1 3e  	<unknown>
8000205c: 67 07 66 3f  	jalr	a4, 1014(a2)
80002060: 6d 57        	li	a4, -5
80002062: f0 3e        	fld	fa2, 248(a3)
80002064: 4a 30        	fld	ft0, 176(sp)
80002066: 45 3f        	addiw	t5, t5, -15
80002068: 68 a2        	fsd	fa0, 192(a2)
8000206a: 68 3f        	fld	fa0, 248(a4)
8000206c: fa 8a        	mv	s5, t5
8000206e: 1e 3d        	fld	fs10, 480(sp)

0000000080002070 <samples_reim>:
80002070: 60 07        	addi	s0, sp, 908
80002072: 16 3f        	fld	ft10, 352(sp)
80002074: 15 e9        	bnez	a0, 0x800020a8 <samples_reim+0x38>
80002076: fb 3e 72 d6  	<unknown>
8000207a: 55 3f        	addiw	t5, t5, -11
8000207c: a1 a7        	j	0x800027c4 <twiddle_vec+0x154>
8000207e: a9 3c        	addiw	s9, s9, -22
80002080: e7 5d 46 3f  	<unknown>
80002084: 55 83        	srli	a4, a4, 21
80002086: 87 3e 52 6f  	fld	ft9, 1781(tp)
8000208a: 60 3f        	fld	fs0, 248(a4)
8000208c: cf 8a d8 3b  	fnmadd.d	fs5, fa7, ft9, ft7, rne
80002090: 7e 51        	lw	sp, 252(sp)
80002092: 6f 3e af 5c  	jal	t3, 0x800f565c <timer+0xf065c>
80002096: 5a 3f        	fld	ft10, 432(sp)
80002098: 59 00        	c.nop	22
8000209a: 19 3f        	addiw	t5, t5, -26
8000209c: cb 41 70 3d  	<unknown>
800020a0: da 8b        	mv	s7, s6
800020a2: 0f 3f 92 25  	<unknown>
800020a6: af 3d c8 55  	<unknown>
800020aa: 6a 3e        	fld	ft8, 184(sp)
800020ac: e2 4c        	lw	s9, 24(sp)
800020ae: b3 3d 89 0c  	<unknown>
800020b2: 35 3f        	addiw	t5, t5, -19
800020b4: 83 5d d6 3e  	lhu	s11, 1005(a2)
800020b8: b0 3e        	fld	fa2, 120(a3)
800020ba: 7a 3e        	fld	ft8, 440(sp)
800020bc: a0 22        	fld	fs0, 64(a3)
800020be: 2a 3f        	fld	ft10, 168(sp)
800020c0: 10 a0        	fsd	fa2, 0(s0)
800020c2: 46 3e        	fld	ft8, 112(sp)
800020c4: e0 e0        	sd	s0, 192(s1)
800020c6: 3b 3e 5c d6  	<unknown>
800020ca: 44 3f        	fld	fs1, 184(a4)
800020cc: ad 9c        	addw	s1, s1, a1
800020ce: 1b 3f c6 9c  	<unknown>
800020d2: ce 3e        	fld	ft9, 240(sp)
800020d4: bc 20        	fld	fa5, 64(s1)
800020d6: 5c 3f        	fld	fa5, 184(a4)
800020d8: f1 70        	lui	ra, 1048572
800020da: ea 3e        	fld	ft9, 184(sp)
800020dc: 75 27        	addiw	a4, a4, 29
800020de: 66 3e        	fld	ft8, 120(sp)
800020e0: 5e c4        	sw	s7, 8(sp)
800020e2: 5a 3f        	fld	ft10, 432(sp)
800020e4: 8c c1        	sw	a1, 0(a1)
800020e6: c5 3e        	addiw	t4, t4, -15
800020e8: 17 a0 b9 3d  	auipc	zero, 252826
800020ec: 1e c8        	sw	t2, 16(sp)
800020ee: 3d 3d        	addiw	s10, s10, -17
800020f0: c0 3a        	fld	fs0, 176(a3)
800020f2: 65 3f        	addiw	t5, t5, -7
800020f4: 71 c8        	beqz	s0, 0x800021c8 <samples_reim+0x158>
800020f6: ad 3e        	addiw	t4, t4, -21
800020f8: 9b 58 56 3f  	<unknown>
800020fc: 1b c8 54 3f  	<unknown>
80002100: fb 8b bc 3d  	<unknown>
80002104: b6 f9        	sd	a3, 240(sp)
80002106: e7 3e 69 a6  	<unknown>
8000210a: e5 3e        	addiw	t4, t4, -7
8000210c: 13 81 33 3d  	addi	sp, t2, 979
80002110: 50 8d        	<unknown>
80002112: 33 3e 64 92  	<unknown>
80002116: c5 3e        	addiw	t4, t4, -15
80002118: 41 c6        	beqz	a2, 0x800021a0 <samples_reim+0x130>
8000211a: 4a 3e        	fld	ft8, 176(sp)
8000211c: 4e c4        	sw	s3, 8(sp)
8000211e: 56 3d        	fld	fs10, 368(sp)
80002120: 1a f0        	sd	t1, 32(sp)
80002122: 63 3f d0 3c  	<unknown>
80002126: 06 3f        	fld	ft10, 96(sp)
80002128: 5c d9        	sw	a5, 52(a0)
8000212a: d0 3e        	fld	fa2, 184(a3)
8000212c: 9d ab        	j	0x800026a2 <twiddle_vec+0x32>
8000212e: 36 3e        	fld	ft8, 360(sp)
80002130: 01 cb        	beqz	a4, 0x80002140 <samples_reim+0xd0>
80002132: a8 3e        	fld	fa0, 120(a3)
80002134: f8 0e        	addi	a4, sp, 860
80002136: 4d 3e        	addiw	t3, t3, -13
80002138: 2b f9 b6 3c  	<unknown>
8000213c: d2 57        	lw	a5, 52(sp)
8000213e: 84 3e        	fld	fs1, 56(a3)
80002140: 5d 2e        	addiw	t3, t3, 23
80002142: ab 3d ea b0  	<unknown>
80002146: 6e 3e        	fld	ft8, 248(sp)
80002148: fe 0e        	slli	t4, t4, 31
8000214a: 07 3f 07 5b  	fld	ft10, 1456(a4)
8000214e: 5d 3f        	addiw	t5, t5, -9
80002150: 8b 5d 1f 3f  	<unknown>
80002154: fe 3e        	fld	ft9, 504(sp)
80002156: ce 3e        	fld	ft9, 240(sp)
80002158: 73 d0 98 3e  	csrwi	pmpaddr57, 17
8000215c: c5 ad        	j	0x8000284c <twiddle_vec+0x1dc>
8000215e: 31 3f        	addiw	t5, t5, -20
80002160: 1e a9        	fsd	ft7, 144(sp)
80002162: 33 3f 53 c9  	<unknown>
80002166: c1 3e        	addiw	t4, t4, -16
80002168: 6d 57        	li	a4, -5
8000216a: f0 3e        	fld	fa2, 248(a3)
8000216c: 68 a2        	fsd	fa0, 192(a2)
8000216e: 68 3f        	fld	fa0, 248(a4)
80002170: ef 39 6a 3f  	jal	s3, 0x800a5566 <timer+0xa0566>
80002174: 97 78 79 3f  	auipc	a7, 259991
80002178: 1c 49        	lw	a5, 16(a0)
8000217a: 21 3f        	addiw	t5, t5, -24
8000217c: 14 05        	addi	a3, sp, 640
8000217e: 83 3d 51 52  	ld	s11, 1317(sp)
80002182: 39 3f        	addiw	t5, t5, -18
80002184: 19 53        	li	t1, -26
80002186: f8 3e        	fld	fa4, 248(a3)
80002188: 4d 59        	li	s2, -13
8000218a: 90 3e        	fld	fa2, 56(a3)
8000218c: fc 14        	addi	a5, sp, 620
8000218e: e4 3e        	fld	fs1, 248(a3)
80002190: 69 0a        	addi	s4, s4, 26
80002192: 53 3d f4 d3  	<unknown>
80002196: f0 3e        	fld	fa2, 248(a3)
80002198: 8e 75        	ld	a1, 224(sp)
8000219a: d1 3b        	addiw	s7, s7, -12
8000219c: 78 7a        	ld	a4, 240(a2)
8000219e: 67 3f 51 d9  	<unknown>
800021a2: 13 3f 32 50  	sltiu	t5, tp, 1283
800021a6: 89 3e        	addiw	t4, t4, -30
800021a8: 13 87 e9 3e  	addi	a4, s3, 1006
800021ac: b6 41        	lw	gp, 76(sp)
800021ae: ec 3e        	fld	fa1, 248(a3)
800021b0: cf b4 78 3f  	<unknown>
800021b4: bc c8        	sw	a5, 80(s1)
800021b6: 0f 3e 1f 6f  	<unknown>
800021ba: 08 3f        	fld	fa0, 56(a4)
800021bc: 35 ca        	beqz	a2, 0x80002230 <samples_reim+0x1c0>
800021be: a3 3e 09 ab  	sd	a6, -1347(s2)
800021c2: 5a 3f        	fld	ft10, 432(sp)
800021c4: b3 92 c3 3e  	<unknown>
800021c8: 61 b9        	j	0x80001e60 <samples+0x1f0>
800021ca: 12 3f        	fld	ft10, 288(sp)
800021cc: 7c ac        	fsd	fa5, 216(s0)
800021ce: 4d 3f        	addiw	t5, t5, -13
800021d0: 7c 54        	lw	a5, 108(s0)
800021d2: ad 3e        	addiw	t4, t4, -21
800021d4: ad 8e        	xor	a3, a3, a1
800021d6: b1 3e        	addiw	t4, t4, -20
800021d8: 83 79 03 3f  	<unknown>
800021dc: cc 5e        	lw	a1, 60(a3)
800021de: 65 3f        	addiw	t5, t5, -7
800021e0: 8b 99 61 3e  	<unknown>
800021e4: bf f6 14 3f  	<unknown>
800021e8: 08 b8        	fsd	fa0, 48(s0)
800021ea: 01 3e        	addiw	t3, t3, -32
800021ec: 1b 2f 67 3e  	<unknown>
800021f0: 34 c2        	sw	a3, 64(a2)
800021f2: 2b 3f 52 8d  	<unknown>
800021f6: 6a 3f        	fld	ft10, 184(sp)
800021f8: 57 f4 0b 3f  	vsetvli	s0, s7, 1008
800021fc: ac 87        	<unknown>
800021fe: 06 3f        	fld	ft10, 96(sp)
80002200: 12 a4        	fsd	ft4, 8(sp)
80002202: f7 3d 54 c9  	<unknown>
80002206: fe 3e        	fld	ft9, 504(sp)
80002208: e8 2d        	fld	fa0, 216(a1)
8000220a: f7 3e c3 dd  	<unknown>
8000220e: 74 3f        	fld	fa3, 248(a4)
80002210: b7 d1 8f 3c  	lui	gp, 248061
80002214: 33 6b 6d 3f  	<unknown>
80002218: 8a 64        	ld	s1, 128(sp)
8000221a: 4a 3e        	fld	ft8, 176(sp)
8000221c: 6e 68        	ld	a6, 216(sp)
8000221e: 28 3f        	fld	fa0, 120(a4)
80002220: f7 47 d9 3e  	<unknown>
80002224: cf fe d6 3e  	<unknown>
80002228: cd 5b        	li	s7, -13
8000222a: 52 3f        	fld	ft10, 304(sp)
8000222c: 52 bd        	fsd	fs4, 184(sp)
8000222e: 37 3f fa b8  	lui	t5, 757667
80002232: 76 3f        	fld	ft10, 376(sp)
80002234: fb c4 ea 3b  	<unknown>
80002238: 83 40 b3 3e  	lbu	ra, 1003(t1)
8000223c: fd 96        	srai	a3, a3, 63
8000223e: fa 3e        	fld	ft9, 440(sp)
80002240: 97 38 3a 3f  	auipc	a7, 258979
80002244: 7f 8a a5 3d  	<unknown>
80002248: d0 53        	lw	a2, 36(a5)
8000224a: 06 3e        	fld	ft8, 96(sp)
8000224c: 0c 1e        	addi	a1, sp, 816
8000224e: 2f 3f 34 8f  	<unknown>
80002252: 5f 3f 68 c7  	<unknown>
80002256: e5 3e        	addiw	t4, t4, -7
80002258: 7d f7        	bnez	a4, 0x80002246 <samples_reim+0x1d6>
8000225a: 18 3f        	fld	fa4, 56(a4)
8000225c: dc e7        	sd	a5, 136(a5)
8000225e: 31 3f        	addiw	t5, t5, -20
80002260: 1e d1        	sw	t2, 160(sp)
80002262: 95 3e        	addiw	t4, t4, -27
80002264: 67 07 66 3f  	jalr	a4, 1014(a2)
80002268: 4a 30        	fld	ft0, 176(sp)
8000226a: 45 3f        	addiw	t5, t5, -15
8000226c: fa 8a        	mv	s5, t5
8000226e: 1e 3d        	fld	fs10, 480(sp)

0000000080002270 <samples_reim_s>:
80002270: 60 07        	addi	s0, sp, 908
80002272: 16 3f        	fld	ft10, 352(sp)
80002274: 15 e9        	bnez	a0, 0x800022a8 <samples_reim_s+0x38>
80002276: fb 3e 72 d6  	<unknown>
8000227a: 55 3f        	addiw	t5, t5, -11
8000227c: a1 a7        	j	0x800029c4 <twiddle_vec+0x354>
8000227e: a9 3c        	addiw	s9, s9, -22
80002280: e7 5d 46 3f  	<unknown>
80002284: 55 83        	srli	a4, a4, 21
80002286: 87 3e 52 6f  	fld	ft9, 1781(tp)
8000228a: 60 3f        	fld	fs0, 248(a4)
8000228c: cf 8a d8 3b  	fnmadd.d	fs5, fa7, ft9, ft7, rne
80002290: 7e 51        	lw	sp, 252(sp)
80002292: 6f 3e af 5c  	jal	t3, 0x800f585c <timer+0xf085c>
80002296: 5a 3f        	fld	ft10, 432(sp)
80002298: 59 00        	c.nop	22
8000229a: 19 3f        	addiw	t5, t5, -26
8000229c: cb 41 70 3d  	<unknown>
800022a0: da 8b        	mv	s7, s6
800022a2: 0f 3f 92 25  	<unknown>
800022a6: af 3d c8 55  	<unknown>
800022aa: 6a 3e        	fld	ft8, 184(sp)
800022ac: e2 4c        	lw	s9, 24(sp)
800022ae: b3 3d 89 0c  	<unknown>
800022b2: 35 3f        	addiw	t5, t5, -19
800022b4: 83 5d d6 3e  	lhu	s11, 1005(a2)
800022b8: b0 3e        	fld	fa2, 120(a3)
800022ba: 7a 3e        	fld	ft8, 440(sp)
800022bc: a0 22        	fld	fs0, 64(a3)
800022be: 2a 3f        	fld	ft10, 168(sp)
800022c0: 10 a0        	fsd	fa2, 0(s0)
800022c2: 46 3e        	fld	ft8, 112(sp)
800022c4: e0 e0        	sd	s0, 192(s1)
800022c6: 3b 3e 5c d6  	<unknown>
800022ca: 44 3f        	fld	fs1, 184(a4)
800022cc: ad 9c        	addw	s1, s1, a1
800022ce: 1b 3f c6 9c  	<unknown>
800022d2: ce 3e        	fld	ft9, 240(sp)
800022d4: bc 20        	fld	fa5, 64(s1)
800022d6: 5c 3f        	fld	fa5, 184(a4)
800022d8: f1 70        	lui	ra, 1048572
800022da: ea 3e        	fld	ft9, 184(sp)
800022dc: 75 27        	addiw	a4, a4, 29
800022de: 66 3e        	fld	ft8, 120(sp)
800022e0: 5e c4        	sw	s7, 8(sp)
800022e2: 5a 3f        	fld	ft10, 432(sp)
800022e4: 8c c1        	sw	a1, 0(a1)
800022e6: c5 3e        	addiw	t4, t4, -15
800022e8: 17 a0 b9 3d  	auipc	zero, 252826
800022ec: 1e c8        	sw	t2, 16(sp)
800022ee: 3d 3d        	addiw	s10, s10, -17
800022f0: c0 3a        	fld	fs0, 176(a3)
800022f2: 65 3f        	addiw	t5, t5, -7
800022f4: 71 c8        	beqz	s0, 0x800023c8 <samples_reim_s+0x158>
800022f6: ad 3e        	addiw	t4, t4, -21
800022f8: 9b 58 56 3f  	<unknown>
800022fc: 1b c8 54 3f  	<unknown>
80002300: fb 8b bc 3d  	<unknown>
80002304: b6 f9        	sd	a3, 240(sp)
80002306: e7 3e 69 a6  	<unknown>
8000230a: e5 3e        	addiw	t4, t4, -7
8000230c: 13 81 33 3d  	addi	sp, t2, 979
80002310: 50 8d        	<unknown>
80002312: 33 3e 64 92  	<unknown>
80002316: c5 3e        	addiw	t4, t4, -15
80002318: 41 c6        	beqz	a2, 0x800023a0 <samples_reim_s+0x130>
8000231a: 4a 3e        	fld	ft8, 176(sp)
8000231c: 4e c4        	sw	s3, 8(sp)
8000231e: 56 3d        	fld	fs10, 368(sp)
80002320: 1a f0        	sd	t1, 32(sp)
80002322: 63 3f d0 3c  	<unknown>
80002326: 06 3f        	fld	ft10, 96(sp)
80002328: 5c d9        	sw	a5, 52(a0)
8000232a: d0 3e        	fld	fa2, 184(a3)
8000232c: 9d ab        	j	0x800028a2 <twiddle_vec+0x232>
8000232e: 36 3e        	fld	ft8, 360(sp)
80002330: 01 cb        	beqz	a4, 0x80002340 <samples_reim_s+0xd0>
80002332: a8 3e        	fld	fa0, 120(a3)
80002334: f8 0e        	addi	a4, sp, 860
80002336: 4d 3e        	addiw	t3, t3, -13
80002338: 2b f9 b6 3c  	<unknown>
8000233c: d2 57        	lw	a5, 52(sp)
8000233e: 84 3e        	fld	fs1, 56(a3)
80002340: 5d 2e        	addiw	t3, t3, 23
80002342: ab 3d ea b0  	<unknown>
80002346: 6e 3e        	fld	ft8, 248(sp)
80002348: fe 0e        	slli	t4, t4, 31
8000234a: 07 3f 07 5b  	fld	ft10, 1456(a4)
8000234e: 5d 3f        	addiw	t5, t5, -9
80002350: 8b 5d 1f 3f  	<unknown>
80002354: fe 3e        	fld	ft9, 504(sp)
80002356: ce 3e        	fld	ft9, 240(sp)
80002358: 73 d0 98 3e  	csrwi	pmpaddr57, 17
8000235c: c5 ad        	j	0x80002a4c <twiddle_vec+0x3dc>
8000235e: 31 3f        	addiw	t5, t5, -20
80002360: 1e a9        	fsd	ft7, 144(sp)
80002362: 33 3f 53 c9  	<unknown>
80002366: c1 3e        	addiw	t4, t4, -16
80002368: 6d 57        	li	a4, -5
8000236a: f0 3e        	fld	fa2, 248(a3)
8000236c: 68 a2        	fsd	fa0, 192(a2)
8000236e: 68 3f        	fld	fa0, 248(a4)
80002370: ef 39 6a 3f  	jal	s3, 0x800a5766 <timer+0xa0766>
80002374: 97 78 79 3f  	auipc	a7, 259991
80002378: 1c 49        	lw	a5, 16(a0)
8000237a: 21 3f        	addiw	t5, t5, -24
8000237c: 14 05        	addi	a3, sp, 640
8000237e: 83 3d 51 52  	ld	s11, 1317(sp)
80002382: 39 3f        	addiw	t5, t5, -18
80002384: 19 53        	li	t1, -26
80002386: f8 3e        	fld	fa4, 248(a3)
80002388: 4d 59        	li	s2, -13
8000238a: 90 3e        	fld	fa2, 56(a3)
8000238c: fc 14        	addi	a5, sp, 620
8000238e: e4 3e        	fld	fs1, 248(a3)
80002390: 69 0a        	addi	s4, s4, 26
80002392: 53 3d f4 d3  	<unknown>
80002396: f0 3e        	fld	fa2, 248(a3)
80002398: 8e 75        	ld	a1, 224(sp)
8000239a: d1 3b        	addiw	s7, s7, -12
8000239c: 78 7a        	ld	a4, 240(a2)
8000239e: 67 3f 51 d9  	<unknown>
800023a2: 13 3f 32 50  	sltiu	t5, tp, 1283
800023a6: 89 3e        	addiw	t4, t4, -30
800023a8: 13 87 e9 3e  	addi	a4, s3, 1006
800023ac: b6 41        	lw	gp, 76(sp)
800023ae: ec 3e        	fld	fa1, 248(a3)
800023b0: cf b4 78 3f  	<unknown>
800023b4: bc c8        	sw	a5, 80(s1)
800023b6: 0f 3e 1f 6f  	<unknown>
800023ba: 08 3f        	fld	fa0, 56(a4)
800023bc: 35 ca        	beqz	a2, 0x80002430 <samples_reim_s+0x1c0>
800023be: a3 3e 09 ab  	sd	a6, -1347(s2)
800023c2: 5a 3f        	fld	ft10, 432(sp)
800023c4: b3 92 c3 3e  	<unknown>
800023c8: 61 b9        	j	0x80002060 <samples_s+0x1f0>
800023ca: 12 3f        	fld	ft10, 288(sp)
800023cc: 7c ac        	fsd	fa5, 216(s0)
800023ce: 4d 3f        	addiw	t5, t5, -13
800023d0: 7c 54        	lw	a5, 108(s0)
800023d2: ad 3e        	addiw	t4, t4, -21
800023d4: ad 8e        	xor	a3, a3, a1
800023d6: b1 3e        	addiw	t4, t4, -20
800023d8: 83 79 03 3f  	<unknown>
800023dc: cc 5e        	lw	a1, 60(a3)
800023de: 65 3f        	addiw	t5, t5, -7
800023e0: 8b 99 61 3e  	<unknown>
800023e4: bf f6 14 3f  	<unknown>
800023e8: 08 b8        	fsd	fa0, 48(s0)
800023ea: 01 3e        	addiw	t3, t3, -32
800023ec: 1b 2f 67 3e  	<unknown>
800023f0: 34 c2        	sw	a3, 64(a2)
800023f2: 2b 3f 52 8d  	<unknown>
800023f6: 6a 3f        	fld	ft10, 184(sp)
800023f8: 57 f4 0b 3f  	vsetvli	s0, s7, 1008
800023fc: ac 87        	<unknown>
800023fe: 06 3f        	fld	ft10, 96(sp)
80002400: 12 a4        	fsd	ft4, 8(sp)
80002402: f7 3d 54 c9  	<unknown>
80002406: fe 3e        	fld	ft9, 504(sp)
80002408: e8 2d        	fld	fa0, 216(a1)
8000240a: f7 3e c3 dd  	<unknown>
8000240e: 74 3f        	fld	fa3, 248(a4)
80002410: b7 d1 8f 3c  	lui	gp, 248061
80002414: 33 6b 6d 3f  	<unknown>
80002418: 8a 64        	ld	s1, 128(sp)
8000241a: 4a 3e        	fld	ft8, 176(sp)
8000241c: 6e 68        	ld	a6, 216(sp)
8000241e: 28 3f        	fld	fa0, 120(a4)
80002420: f7 47 d9 3e  	<unknown>
80002424: cf fe d6 3e  	<unknown>
80002428: cd 5b        	li	s7, -13
8000242a: 52 3f        	fld	ft10, 304(sp)
8000242c: 52 bd        	fsd	fs4, 184(sp)
8000242e: 37 3f fa b8  	lui	t5, 757667
80002432: 76 3f        	fld	ft10, 376(sp)
80002434: fb c4 ea 3b  	<unknown>
80002438: 83 40 b3 3e  	lbu	ra, 1003(t1)
8000243c: fd 96        	srai	a3, a3, 63
8000243e: fa 3e        	fld	ft9, 440(sp)
80002440: 97 38 3a 3f  	auipc	a7, 258979
80002444: 7f 8a a5 3d  	<unknown>
80002448: d0 53        	lw	a2, 36(a5)
8000244a: 06 3e        	fld	ft8, 96(sp)
8000244c: 0c 1e        	addi	a1, sp, 816
8000244e: 2f 3f 34 8f  	<unknown>
80002452: 5f 3f 68 c7  	<unknown>
80002456: e5 3e        	addiw	t4, t4, -7
80002458: 7d f7        	bnez	a4, 0x80002446 <samples_reim_s+0x1d6>
8000245a: 18 3f        	fld	fa4, 56(a4)
8000245c: dc e7        	sd	a5, 136(a5)
8000245e: 31 3f        	addiw	t5, t5, -20
80002460: 1e d1        	sw	t2, 160(sp)
80002462: 95 3e        	addiw	t4, t4, -27
80002464: 67 07 66 3f  	jalr	a4, 1014(a2)
80002468: 4a 30        	fld	ft0, 176(sp)
8000246a: 45 3f        	addiw	t5, t5, -15
8000246c: fa 8a        	mv	s5, t5
8000246e: 1e 3d        	fld	fs10, 480(sp)

0000000080002470 <twiddle>:
80002470: 00 00        	unimp	
80002472: 80 3f        	fld	fs0, 56(a5)
80002474: 00 00        	unimp	
80002476: 00 00        	unimp	
80002478: 6d c4        	beqz	s0, 0x80002562 <twiddle+0xf2>
8000247a: 7e 3f        	fld	ft10, 504(sp)
8000247c: 36 bd        	fsd	fa3, 184(sp)
8000247e: c8 3d        	fld	fa0, 184(a1)
80002480: be 14        	slli	s1, s1, 47
80002482: 7b 3f c2 c5  	<unknown>
80002486: 47 3e 0b fa  	fmsub.d	ft8, fs6, ft0, ft11, rup
8000248a: 74 3f        	fld	fa3, 248(a4)
8000248c: 31 a0        	j	0x80002498 <twiddle+0x28>
8000248e: 94 3e        	fld	fa3, 56(a3)
80002490: 5e 83        	mv	t1, s7
80002492: 6c 3f        	fld	fa1, 248(a4)
80002494: 15 ef        	bnez	a4, 0x800024d0 <twiddle+0x60>
80002496: c3 3e 98 c5  	<unknown>
8000249a: 61 3f        	addiw	t5, t5, -8
8000249c: ea 5a        	lw	s5, 184(sp)
8000249e: f1 3e        	addiw	t4, t4, -4
800024a0: 31 db        	beqz	a4, 0x800023f4 <samples_reim_s+0x184>
800024a2: 54 3f        	fld	fa3, 184(a4)
800024a4: da 39        	fld	fs3, 432(sp)
800024a6: 0e 3f        	fld	ft10, 224(sp)
800024a8: 03 e4 45 3f  	lwu	s0, 1012(a1)
800024ac: 99 67        	lui	a5, 6
800024ae: 22 3f        	fld	ft10, 40(sp)
800024b0: f3 04 35 3f  	<unknown>
800024b4: f3 04 35 3f  	<unknown>
800024b8: 99 67        	lui	a5, 6
800024ba: 22 3f        	fld	ft10, 40(sp)
800024bc: 03 e4 45 3f  	lwu	s0, 1012(a1)
800024c0: da 39        	fld	fs3, 432(sp)
800024c2: 0e 3f        	fld	ft10, 224(sp)
800024c4: 31 db        	beqz	a4, 0x80002418 <samples_reim_s+0x1a8>
800024c6: 54 3f        	fld	fa3, 184(a4)
800024c8: ea 5a        	lw	s5, 184(sp)
800024ca: f1 3e        	addiw	t4, t4, -4
800024cc: 98 c5        	sw	a4, 8(a1)
800024ce: 61 3f        	addiw	t5, t5, -8
800024d0: 15 ef        	bnez	a4, 0x8000250c <twiddle+0x9c>
800024d2: c3 3e 5e 83  	fmadd.d	ft9, ft8, fs5, fa6, rup
800024d6: 6c 3f        	fld	fa1, 248(a4)
800024d8: 31 a0        	j	0x800024e4 <twiddle+0x74>
800024da: 94 3e        	fld	fa3, 56(a3)
800024dc: 0b fa 74 3f  	<unknown>
800024e0: c2 c5        	sw	a6, 200(sp)
800024e2: 47 3e be 14  	<unknown>
800024e6: 7b 3f 36 bd  	<unknown>
800024ea: c8 3d        	fld	fa0, 184(a1)
800024ec: 6d c4        	beqz	s0, 0x800025d6 <twiddle+0x166>
800024ee: 7e 3f        	fld	ft10, 504(sp)
800024f0: 32 31        	fld	ft2, 296(sp)
800024f2: 8d 24        	addiw	s1, s1, 3
800024f4: 00 00        	unimp	
800024f6: 80 3f        	fld	fs0, 56(a5)
800024f8: 36 bd        	fsd	fa3, 184(sp)
800024fa: c8 bd        	fsd	fa0, 184(a1)
800024fc: 6d c4        	beqz	s0, 0x800025e6 <twiddle+0x176>
800024fe: 7e 3f        	fld	ft10, 504(sp)
80002500: c2 c5        	sw	a6, 200(sp)
80002502: 47 be be 14  	<unknown>
80002506: 7b 3f 31 a0  	<unknown>
8000250a: 94 be        	fsd	fa3, 56(a3)
8000250c: 0b fa 74 3f  	<unknown>
80002510: 15 ef        	bnez	a4, 0x8000254c <twiddle+0xdc>
80002512: c3 be 5e 83  	fmadd.d	ft9, ft9, fs5, fa6, rup
80002516: 6c 3f        	fld	fa1, 248(a4)
80002518: ea 5a        	lw	s5, 184(sp)
8000251a: f1 be        	j	0x800020f6 <samples_reim+0x86>
8000251c: 98 c5        	sw	a4, 8(a1)
8000251e: 61 3f        	addiw	t5, t5, -8
80002520: da 39        	fld	fs3, 432(sp)
80002522: 0e bf        	fsd	ft3, 440(sp)
80002524: 31 db        	beqz	a4, 0x80002478 <twiddle+0x8>
80002526: 54 3f        	fld	fa3, 184(a4)
80002528: 99 67        	lui	a5, 6
8000252a: 22 bf        	fsd	fs0, 440(sp)
8000252c: 03 e4 45 3f  	lwu	s0, 1012(a1)
80002530: f3 04 35 bf  	<unknown>
80002534: f3 04 35 3f  	<unknown>
80002538: 03 e4 45 bf  	lwu	s0, -1036(a1)
8000253c: 99 67        	lui	a5, 6
8000253e: 22 3f        	fld	ft10, 40(sp)
80002540: 31 db        	beqz	a4, 0x80002494 <twiddle+0x24>
80002542: 54 bf        	fsd	fa3, 184(a4)
80002544: da 39        	fld	fs3, 432(sp)
80002546: 0e 3f        	fld	ft10, 224(sp)
80002548: 98 c5        	sw	a4, 8(a1)
8000254a: 61 bf        	j	0x800024e2 <twiddle+0x72>
8000254c: ea 5a        	lw	s5, 184(sp)
8000254e: f1 3e        	addiw	t4, t4, -4
80002550: 5e 83        	mv	t1, s7
80002552: 6c bf        	fsd	fa1, 248(a4)
80002554: 15 ef        	bnez	a4, 0x80002590 <twiddle+0x120>
80002556: c3 3e 0b fa  	fmadd.d	ft9, fs6, ft0, ft11, rup
8000255a: 74 bf        	fsd	fa3, 248(a4)
8000255c: 31 a0        	j	0x80002568 <twiddle+0xf8>
8000255e: 94 3e        	fld	fa3, 56(a3)
80002560: be 14        	slli	s1, s1, 47
80002562: 7b bf c2 c5  	<unknown>
80002566: 47 3e 6d c4  	<unknown>
8000256a: 7e bf        	fsd	ft11, 440(sp)
8000256c: 36 bd        	fsd	fa3, 184(sp)
8000256e: c8 3d        	fld	fa0, 184(a1)
80002570: 00 00        	unimp	
80002572: 80 bf        	fsd	fs0, 56(a5)
80002574: 32 31        	fld	ft2, 296(sp)
80002576: 0d 25        	addiw	a0, a0, 3
80002578: 6d c4        	beqz	s0, 0x80002662 <twiddle+0x1f2>
8000257a: 7e bf        	fsd	ft11, 440(sp)
8000257c: 36 bd        	fsd	fa3, 184(sp)
8000257e: c8 bd        	fsd	fa0, 184(a1)
80002580: be 14        	slli	s1, s1, 47
80002582: 7b bf c2 c5  	<unknown>
80002586: 47 be 0b fa  	fmsub.d	ft8, fs7, ft0, ft11, rup
8000258a: 74 bf        	fsd	fa3, 248(a4)
8000258c: 31 a0        	j	0x80002598 <twiddle+0x128>
8000258e: 94 be        	fsd	fa3, 56(a3)
80002590: 5e 83        	mv	t1, s7
80002592: 6c bf        	fsd	fa1, 248(a4)
80002594: 15 ef        	bnez	a4, 0x800025d0 <twiddle+0x160>
80002596: c3 be 98 c5  	<unknown>
8000259a: 61 bf        	j	0x80002532 <twiddle+0xc2>
8000259c: ea 5a        	lw	s5, 184(sp)
8000259e: f1 be        	j	0x8000217a <samples_reim+0x10a>
800025a0: 31 db        	beqz	a4, 0x800024f4 <twiddle+0x84>
800025a2: 54 bf        	fsd	fa3, 184(a4)
800025a4: da 39        	fld	fs3, 432(sp)
800025a6: 0e bf        	fsd	ft3, 440(sp)
800025a8: 03 e4 45 bf  	lwu	s0, -1036(a1)
800025ac: 99 67        	lui	a5, 6
800025ae: 22 bf        	fsd	fs0, 440(sp)
800025b0: f3 04 35 bf  	<unknown>
800025b4: f3 04 35 bf  	<unknown>
800025b8: 99 67        	lui	a5, 6
800025ba: 22 bf        	fsd	fs0, 440(sp)
800025bc: 03 e4 45 bf  	lwu	s0, -1036(a1)
800025c0: da 39        	fld	fs3, 432(sp)
800025c2: 0e bf        	fsd	ft3, 440(sp)
800025c4: 31 db        	beqz	a4, 0x80002518 <twiddle+0xa8>
800025c6: 54 bf        	fsd	fa3, 184(a4)
800025c8: ea 5a        	lw	s5, 184(sp)
800025ca: f1 be        	j	0x800021a6 <samples_reim+0x136>
800025cc: 98 c5        	sw	a4, 8(a1)
800025ce: 61 bf        	j	0x80002566 <twiddle+0xf6>
800025d0: 15 ef        	bnez	a4, 0x8000260c <twiddle+0x19c>
800025d2: c3 be 5e 83  	fmadd.d	ft9, ft9, fs5, fa6, rup
800025d6: 6c bf        	fsd	fa1, 248(a4)
800025d8: 31 a0        	j	0x800025e4 <twiddle+0x174>
800025da: 94 be        	fsd	fa3, 56(a3)
800025dc: 0b fa 74 bf  	<unknown>
800025e0: c2 c5        	sw	a6, 200(sp)
800025e2: 47 be be 14  	<unknown>
800025e6: 7b bf 36 bd  	<unknown>
800025ea: c8 bd        	fsd	fa0, 184(a1)
800025ec: 6d c4        	beqz	s0, 0x800026d6 <twiddle_vec+0x66>
800025ee: 7e bf        	fsd	ft11, 440(sp)
800025f0: ca c9        	sw	s2, 208(sp)
800025f2: 53 a5 00 00  	fadd.s	fa0, ft1, ft0, rdn
800025f6: 80 bf        	fsd	fs0, 56(a5)
800025f8: 36 bd        	fsd	fa3, 184(sp)
800025fa: c8 3d        	fld	fa0, 184(a1)
800025fc: 6d c4        	beqz	s0, 0x800026e6 <twiddle_vec+0x76>
800025fe: 7e bf        	fsd	ft11, 440(sp)
80002600: c2 c5        	sw	a6, 200(sp)
80002602: 47 3e be 14  	<unknown>
80002606: 7b bf 31 a0  	<unknown>
8000260a: 94 3e        	fld	fa3, 56(a3)
8000260c: 0b fa 74 bf  	<unknown>
80002610: 15 ef        	bnez	a4, 0x8000264c <twiddle+0x1dc>
80002612: c3 3e 5e 83  	fmadd.d	ft9, ft8, fs5, fa6, rup
80002616: 6c bf        	fsd	fa1, 248(a4)
80002618: ea 5a        	lw	s5, 184(sp)
8000261a: f1 3e        	addiw	t4, t4, -4
8000261c: 98 c5        	sw	a4, 8(a1)
8000261e: 61 bf        	j	0x800025b6 <twiddle+0x146>
80002620: da 39        	fld	fs3, 432(sp)
80002622: 0e 3f        	fld	ft10, 224(sp)
80002624: 31 db        	beqz	a4, 0x80002578 <twiddle+0x108>
80002626: 54 bf        	fsd	fa3, 184(a4)
80002628: 99 67        	lui	a5, 6
8000262a: 22 3f        	fld	ft10, 40(sp)
8000262c: 03 e4 45 bf  	lwu	s0, -1036(a1)
80002630: f3 04 35 3f  	<unknown>
80002634: f3 04 35 bf  	<unknown>
80002638: 03 e4 45 3f  	lwu	s0, 1012(a1)
8000263c: 99 67        	lui	a5, 6
8000263e: 22 bf        	fsd	fs0, 440(sp)
80002640: 31 db        	beqz	a4, 0x80002594 <twiddle+0x124>
80002642: 54 3f        	fld	fa3, 184(a4)
80002644: da 39        	fld	fs3, 432(sp)
80002646: 0e bf        	fsd	ft3, 440(sp)
80002648: 98 c5        	sw	a4, 8(a1)
8000264a: 61 3f        	addiw	t5, t5, -8
8000264c: ea 5a        	lw	s5, 184(sp)
8000264e: f1 be        	j	0x8000222a <samples_reim+0x1ba>
80002650: 5e 83        	mv	t1, s7
80002652: 6c 3f        	fld	fa1, 248(a4)
80002654: 15 ef        	bnez	a4, 0x80002690 <twiddle_vec+0x20>
80002656: c3 be 0b fa  	fmadd.d	ft9, fs7, ft0, ft11, rup
8000265a: 74 3f        	fld	fa3, 248(a4)
8000265c: 31 a0        	j	0x80002668 <twiddle+0x1f8>
8000265e: 94 be        	fsd	fa3, 56(a3)
80002660: be 14        	slli	s1, s1, 47
80002662: 7b 3f c2 c5  	<unknown>
80002666: 47 be 6d c4  	<unknown>
8000266a: 7e 3f        	fld	ft10, 504(sp)
8000266c: 36 bd        	fsd	fa3, 184(sp)
8000266e: c8 bd        	fsd	fa0, 184(a1)

0000000080002670 <twiddle_vec>:
80002670: 00 00        	unimp	
80002672: 80 3f        	fld	fs0, 56(a5)
80002674: 00 00        	unimp	
80002676: 00 00        	unimp	
80002678: 6d c4        	beqz	s0, 0x80002762 <twiddle_vec+0xf2>
8000267a: 7e 3f        	fld	ft10, 504(sp)
8000267c: 36 bd        	fsd	fa3, 184(sp)
8000267e: c8 3d        	fld	fa0, 184(a1)
80002680: be 14        	slli	s1, s1, 47
80002682: 7b 3f c2 c5  	<unknown>
80002686: 47 3e 0b fa  	fmsub.d	ft8, fs6, ft0, ft11, rup
8000268a: 74 3f        	fld	fa3, 248(a4)
8000268c: 31 a0        	j	0x80002698 <twiddle_vec+0x28>
8000268e: 94 3e        	fld	fa3, 56(a3)
80002690: 5e 83        	mv	t1, s7
80002692: 6c 3f        	fld	fa1, 248(a4)
80002694: 15 ef        	bnez	a4, 0x800026d0 <twiddle_vec+0x60>
80002696: c3 3e 98 c5  	<unknown>
8000269a: 61 3f        	addiw	t5, t5, -8
8000269c: ea 5a        	lw	s5, 184(sp)
8000269e: f1 3e        	addiw	t4, t4, -4
800026a0: 31 db        	beqz	a4, 0x800025f4 <twiddle+0x184>
800026a2: 54 3f        	fld	fa3, 184(a4)
800026a4: da 39        	fld	fs3, 432(sp)
800026a6: 0e 3f        	fld	ft10, 224(sp)
800026a8: 03 e4 45 3f  	lwu	s0, 1012(a1)
800026ac: 99 67        	lui	a5, 6
800026ae: 22 3f        	fld	ft10, 40(sp)
800026b0: f3 04 35 3f  	<unknown>
800026b4: f3 04 35 3f  	<unknown>
800026b8: 99 67        	lui	a5, 6
800026ba: 22 3f        	fld	ft10, 40(sp)
800026bc: 03 e4 45 3f  	lwu	s0, 1012(a1)
800026c0: da 39        	fld	fs3, 432(sp)
800026c2: 0e 3f        	fld	ft10, 224(sp)
800026c4: 31 db        	beqz	a4, 0x80002618 <twiddle+0x1a8>
800026c6: 54 3f        	fld	fa3, 184(a4)
800026c8: ea 5a        	lw	s5, 184(sp)
800026ca: f1 3e        	addiw	t4, t4, -4
800026cc: 98 c5        	sw	a4, 8(a1)
800026ce: 61 3f        	addiw	t5, t5, -8
800026d0: 15 ef        	bnez	a4, 0x8000270c <twiddle_vec+0x9c>
800026d2: c3 3e 5e 83  	fmadd.d	ft9, ft8, fs5, fa6, rup
800026d6: 6c 3f        	fld	fa1, 248(a4)
800026d8: 31 a0        	j	0x800026e4 <twiddle_vec+0x74>
800026da: 94 3e        	fld	fa3, 56(a3)
800026dc: 0b fa 74 3f  	<unknown>
800026e0: c2 c5        	sw	a6, 200(sp)
800026e2: 47 3e be 14  	<unknown>
800026e6: 7b 3f 36 bd  	<unknown>
800026ea: c8 3d        	fld	fa0, 184(a1)
800026ec: 6d c4        	beqz	s0, 0x800027d6 <twiddle_vec+0x166>
800026ee: 7e 3f        	fld	ft10, 504(sp)
800026f0: 32 31        	fld	ft2, 296(sp)
800026f2: 8d 24        	addiw	s1, s1, 3
800026f4: 00 00        	unimp	
800026f6: 80 3f        	fld	fs0, 56(a5)
800026f8: 36 bd        	fsd	fa3, 184(sp)
800026fa: c8 bd        	fsd	fa0, 184(a1)
800026fc: 6d c4        	beqz	s0, 0x800027e6 <twiddle_vec+0x176>
800026fe: 7e 3f        	fld	ft10, 504(sp)
80002700: c2 c5        	sw	a6, 200(sp)
80002702: 47 be be 14  	<unknown>
80002706: 7b 3f 31 a0  	<unknown>
8000270a: 94 be        	fsd	fa3, 56(a3)
8000270c: 0b fa 74 3f  	<unknown>
80002710: 15 ef        	bnez	a4, 0x8000274c <twiddle_vec+0xdc>
80002712: c3 be 5e 83  	fmadd.d	ft9, ft9, fs5, fa6, rup
80002716: 6c 3f        	fld	fa1, 248(a4)
80002718: ea 5a        	lw	s5, 184(sp)
8000271a: f1 be        	j	0x800022f6 <samples_reim_s+0x86>
8000271c: 98 c5        	sw	a4, 8(a1)
8000271e: 61 3f        	addiw	t5, t5, -8
80002720: da 39        	fld	fs3, 432(sp)
80002722: 0e bf        	fsd	ft3, 440(sp)
80002724: 31 db        	beqz	a4, 0x80002678 <twiddle_vec+0x8>
80002726: 54 3f        	fld	fa3, 184(a4)
80002728: 99 67        	lui	a5, 6
8000272a: 22 bf        	fsd	fs0, 440(sp)
8000272c: 03 e4 45 3f  	lwu	s0, 1012(a1)
80002730: f3 04 35 bf  	<unknown>
80002734: f3 04 35 3f  	<unknown>
80002738: 03 e4 45 bf  	lwu	s0, -1036(a1)
8000273c: 99 67        	lui	a5, 6
8000273e: 22 3f        	fld	ft10, 40(sp)
80002740: 31 db        	beqz	a4, 0x80002694 <twiddle_vec+0x24>
80002742: 54 bf        	fsd	fa3, 184(a4)
80002744: da 39        	fld	fs3, 432(sp)
80002746: 0e 3f        	fld	ft10, 224(sp)
80002748: 98 c5        	sw	a4, 8(a1)
8000274a: 61 bf        	j	0x800026e2 <twiddle_vec+0x72>
8000274c: ea 5a        	lw	s5, 184(sp)
8000274e: f1 3e        	addiw	t4, t4, -4
80002750: 5e 83        	mv	t1, s7
80002752: 6c bf        	fsd	fa1, 248(a4)
80002754: 15 ef        	bnez	a4, 0x80002790 <twiddle_vec+0x120>
80002756: c3 3e 0b fa  	fmadd.d	ft9, fs6, ft0, ft11, rup
8000275a: 74 bf        	fsd	fa3, 248(a4)
8000275c: 31 a0        	j	0x80002768 <twiddle_vec+0xf8>
8000275e: 94 3e        	fld	fa3, 56(a3)
80002760: be 14        	slli	s1, s1, 47
80002762: 7b bf c2 c5  	<unknown>
80002766: 47 3e 6d c4  	<unknown>
8000276a: 7e bf        	fsd	ft11, 440(sp)
8000276c: 36 bd        	fsd	fa3, 184(sp)
8000276e: c8 3d        	fld	fa0, 184(a1)
80002770: 00 00        	unimp	
80002772: 80 3f        	fld	fs0, 56(a5)
80002774: 00 00        	unimp	
80002776: 00 00        	unimp	
80002778: be 14        	slli	s1, s1, 47
8000277a: 7b 3f c2 c5  	<unknown>
8000277e: 47 3e 5e 83  	fmsub.d	ft8, ft8, fs5, fa6, rup
80002782: 6c 3f        	fld	fa1, 248(a4)
80002784: 15 ef        	bnez	a4, 0x800027c0 <twiddle_vec+0x150>
80002786: c3 3e 31 db  	fmadd.d	ft9, ft2, fs3, fs11, rup
8000278a: 54 3f        	fld	fa3, 184(a4)
8000278c: da 39        	fld	fs3, 432(sp)
8000278e: 0e 3f        	fld	ft10, 224(sp)
80002790: f3 04 35 3f  	<unknown>
80002794: f3 04 35 3f  	<unknown>
80002798: da 39        	fld	fs3, 432(sp)
8000279a: 0e 3f        	fld	ft10, 224(sp)
8000279c: 31 db        	beqz	a4, 0x800026f0 <twiddle_vec+0x80>
8000279e: 54 3f        	fld	fa3, 184(a4)
800027a0: 15 ef        	bnez	a4, 0x800027dc <twiddle_vec+0x16c>
800027a2: c3 3e 5e 83  	fmadd.d	ft9, ft8, fs5, fa6, rup
800027a6: 6c 3f        	fld	fa1, 248(a4)
800027a8: c2 c5        	sw	a6, 200(sp)
800027aa: 47 3e be 14  	<unknown>
800027ae: 7b 3f 32 31  	<unknown>
800027b2: 8d 24        	addiw	s1, s1, 3
800027b4: 00 00        	unimp	
800027b6: 80 3f        	fld	fs0, 56(a5)
800027b8: c2 c5        	sw	a6, 200(sp)
800027ba: 47 be be 14  	<unknown>
800027be: 7b 3f 15 ef  	<unknown>
800027c2: c3 be 5e 83  	fmadd.d	ft9, ft9, fs5, fa6, rup
800027c6: 6c 3f        	fld	fa1, 248(a4)
800027c8: da 39        	fld	fs3, 432(sp)
800027ca: 0e bf        	fsd	ft3, 440(sp)
800027cc: 31 db        	beqz	a4, 0x80002720 <twiddle_vec+0xb0>
800027ce: 54 3f        	fld	fa3, 184(a4)
800027d0: f3 04 35 bf  	<unknown>
800027d4: f3 04 35 3f  	<unknown>
800027d8: 31 db        	beqz	a4, 0x8000272c <twiddle_vec+0xbc>
800027da: 54 bf        	fsd	fa3, 184(a4)
800027dc: da 39        	fld	fs3, 432(sp)
800027de: 0e 3f        	fld	ft10, 224(sp)
800027e0: 5e 83        	mv	t1, s7
800027e2: 6c bf        	fsd	fa1, 248(a4)
800027e4: 15 ef        	bnez	a4, 0x80002820 <twiddle_vec+0x1b0>
800027e6: c3 3e be 14  	<unknown>
800027ea: 7b bf c2 c5  	<unknown>
800027ee: 47 3e 00 00  	fmsub.s	ft8, ft0, ft0, ft0, rup
800027f2: 80 3f        	fld	fs0, 56(a5)
800027f4: 00 00        	unimp	
800027f6: 00 00        	unimp	
800027f8: be 14        	slli	s1, s1, 47
800027fa: 7b 3f c2 c5  	<unknown>
800027fe: 47 3e 5e 83  	fmsub.d	ft8, ft8, fs5, fa6, rup
80002802: 6c 3f        	fld	fa1, 248(a4)
80002804: 15 ef        	bnez	a4, 0x80002840 <twiddle_vec+0x1d0>
80002806: c3 3e 31 db  	fmadd.d	ft9, ft2, fs3, fs11, rup
8000280a: 54 3f        	fld	fa3, 184(a4)
8000280c: da 39        	fld	fs3, 432(sp)
8000280e: 0e 3f        	fld	ft10, 224(sp)
80002810: f3 04 35 3f  	<unknown>
80002814: f3 04 35 3f  	<unknown>
80002818: da 39        	fld	fs3, 432(sp)
8000281a: 0e 3f        	fld	ft10, 224(sp)
8000281c: 31 db        	beqz	a4, 0x80002770 <twiddle_vec+0x100>
8000281e: 54 3f        	fld	fa3, 184(a4)
80002820: 15 ef        	bnez	a4, 0x8000285c <twiddle_vec+0x1ec>
80002822: c3 3e 5e 83  	fmadd.d	ft9, ft8, fs5, fa6, rup
80002826: 6c 3f        	fld	fa1, 248(a4)
80002828: c2 c5        	sw	a6, 200(sp)
8000282a: 47 3e be 14  	<unknown>
8000282e: 7b 3f 32 31  	<unknown>
80002832: 8d 24        	addiw	s1, s1, 3
80002834: 00 00        	unimp	
80002836: 80 3f        	fld	fs0, 56(a5)
80002838: c2 c5        	sw	a6, 200(sp)
8000283a: 47 be be 14  	<unknown>
8000283e: 7b 3f 15 ef  	<unknown>
80002842: c3 be 5e 83  	fmadd.d	ft9, ft9, fs5, fa6, rup
80002846: 6c 3f        	fld	fa1, 248(a4)
80002848: da 39        	fld	fs3, 432(sp)
8000284a: 0e bf        	fsd	ft3, 440(sp)
8000284c: 31 db        	beqz	a4, 0x800027a0 <twiddle_vec+0x130>
8000284e: 54 3f        	fld	fa3, 184(a4)
80002850: f3 04 35 bf  	<unknown>
80002854: f3 04 35 3f  	<unknown>
80002858: 31 db        	beqz	a4, 0x800027ac <twiddle_vec+0x13c>
8000285a: 54 bf        	fsd	fa3, 184(a4)
8000285c: da 39        	fld	fs3, 432(sp)
8000285e: 0e 3f        	fld	ft10, 224(sp)
80002860: 5e 83        	mv	t1, s7
80002862: 6c bf        	fsd	fa1, 248(a4)
80002864: 15 ef        	bnez	a4, 0x800028a0 <twiddle_vec+0x230>
80002866: c3 3e be 14  	<unknown>
8000286a: 7b bf c2 c5  	<unknown>
8000286e: 47 3e 00 00  	fmsub.s	ft8, ft0, ft0, ft0, rup
80002872: 80 3f        	fld	fs0, 56(a5)
80002874: 00 00        	unimp	
80002876: 00 00        	unimp	
80002878: 5e 83        	mv	t1, s7
8000287a: 6c 3f        	fld	fa1, 248(a4)
8000287c: 15 ef        	bnez	a4, 0x800028b8 <twiddle_vec+0x248>
8000287e: c3 3e f3 04  	<unknown>
80002882: 35 3f        	addiw	t5, t5, -19
80002884: f3 04 35 3f  	<unknown>
80002888: 15 ef        	bnez	a4, 0x800028c4 <twiddle_vec+0x254>
8000288a: c3 3e 5e 83  	fmadd.d	ft9, ft8, fs5, fa6, rup
8000288e: 6c 3f        	fld	fa1, 248(a4)
80002890: 32 31        	fld	ft2, 296(sp)
80002892: 8d 24        	addiw	s1, s1, 3
80002894: 00 00        	unimp	
80002896: 80 3f        	fld	fs0, 56(a5)
80002898: 15 ef        	bnez	a4, 0x800028d4 <twiddle_vec+0x264>
8000289a: c3 be 5e 83  	fmadd.d	ft9, ft9, fs5, fa6, rup
8000289e: 6c 3f        	fld	fa1, 248(a4)
800028a0: f3 04 35 bf  	<unknown>
800028a4: f3 04 35 3f  	<unknown>
800028a8: 5e 83        	mv	t1, s7
800028aa: 6c bf        	fsd	fa1, 248(a4)
800028ac: 15 ef        	bnez	a4, 0x800028e8 <twiddle_vec+0x278>
800028ae: c3 3e 00 00  	fmadd.s	ft9, ft0, ft0, ft0, rup
800028b2: 80 3f        	fld	fs0, 56(a5)
800028b4: 00 00        	unimp	
800028b6: 00 00        	unimp	
800028b8: 5e 83        	mv	t1, s7
800028ba: 6c 3f        	fld	fa1, 248(a4)
800028bc: 15 ef        	bnez	a4, 0x800028f8 <twiddle_vec+0x288>
800028be: c3 3e f3 04  	<unknown>
800028c2: 35 3f        	addiw	t5, t5, -19
800028c4: f3 04 35 3f  	<unknown>
800028c8: 15 ef        	bnez	a4, 0x80002904 <twiddle_vec+0x294>
800028ca: c3 3e 5e 83  	fmadd.d	ft9, ft8, fs5, fa6, rup
800028ce: 6c 3f        	fld	fa1, 248(a4)
800028d0: 32 31        	fld	ft2, 296(sp)
800028d2: 8d 24        	addiw	s1, s1, 3
800028d4: 00 00        	unimp	
800028d6: 80 3f        	fld	fs0, 56(a5)
800028d8: 15 ef        	bnez	a4, 0x80002914 <twiddle_vec+0x2a4>
800028da: c3 be 5e 83  	fmadd.d	ft9, ft9, fs5, fa6, rup
800028de: 6c 3f        	fld	fa1, 248(a4)
800028e0: f3 04 35 bf  	<unknown>
800028e4: f3 04 35 3f  	<unknown>
800028e8: 5e 83        	mv	t1, s7
800028ea: 6c bf        	fsd	fa1, 248(a4)
800028ec: 15 ef        	bnez	a4, 0x80002928 <twiddle_vec+0x2b8>
800028ee: c3 3e 00 00  	fmadd.s	ft9, ft0, ft0, ft0, rup
800028f2: 80 3f        	fld	fs0, 56(a5)
800028f4: 00 00        	unimp	
800028f6: 00 00        	unimp	
800028f8: 5e 83        	mv	t1, s7
800028fa: 6c 3f        	fld	fa1, 248(a4)
800028fc: 15 ef        	bnez	a4, 0x80002938 <twiddle_vec+0x2c8>
800028fe: c3 3e f3 04  	<unknown>
80002902: 35 3f        	addiw	t5, t5, -19
80002904: f3 04 35 3f  	<unknown>
80002908: 15 ef        	bnez	a4, 0x80002944 <twiddle_vec+0x2d4>
8000290a: c3 3e 5e 83  	fmadd.d	ft9, ft8, fs5, fa6, rup
8000290e: 6c 3f        	fld	fa1, 248(a4)
80002910: 32 31        	fld	ft2, 296(sp)
80002912: 8d 24        	addiw	s1, s1, 3
80002914: 00 00        	unimp	
80002916: 80 3f        	fld	fs0, 56(a5)
80002918: 15 ef        	bnez	a4, 0x80002954 <twiddle_vec+0x2e4>
8000291a: c3 be 5e 83  	fmadd.d	ft9, ft9, fs5, fa6, rup
8000291e: 6c 3f        	fld	fa1, 248(a4)
80002920: f3 04 35 bf  	<unknown>
80002924: f3 04 35 3f  	<unknown>
80002928: 5e 83        	mv	t1, s7
8000292a: 6c bf        	fsd	fa1, 248(a4)
8000292c: 15 ef        	bnez	a4, 0x80002968 <twiddle_vec+0x2f8>
8000292e: c3 3e 00 00  	fmadd.s	ft9, ft0, ft0, ft0, rup
80002932: 80 3f        	fld	fs0, 56(a5)
80002934: 00 00        	unimp	
80002936: 00 00        	unimp	
80002938: 5e 83        	mv	t1, s7
8000293a: 6c 3f        	fld	fa1, 248(a4)
8000293c: 15 ef        	bnez	a4, 0x80002978 <twiddle_vec+0x308>
8000293e: c3 3e f3 04  	<unknown>
80002942: 35 3f        	addiw	t5, t5, -19
80002944: f3 04 35 3f  	<unknown>
80002948: 15 ef        	bnez	a4, 0x80002984 <twiddle_vec+0x314>
8000294a: c3 3e 5e 83  	fmadd.d	ft9, ft8, fs5, fa6, rup
8000294e: 6c 3f        	fld	fa1, 248(a4)
80002950: 32 31        	fld	ft2, 296(sp)
80002952: 8d 24        	addiw	s1, s1, 3
80002954: 00 00        	unimp	
80002956: 80 3f        	fld	fs0, 56(a5)
80002958: 15 ef        	bnez	a4, 0x80002994 <twiddle_vec+0x324>
8000295a: c3 be 5e 83  	fmadd.d	ft9, ft9, fs5, fa6, rup
8000295e: 6c 3f        	fld	fa1, 248(a4)
80002960: f3 04 35 bf  	<unknown>
80002964: f3 04 35 3f  	<unknown>
80002968: 5e 83        	mv	t1, s7
8000296a: 6c bf        	fsd	fa1, 248(a4)
8000296c: 15 ef        	bnez	a4, 0x800029a8 <twiddle_vec+0x338>
8000296e: c3 3e 00 00  	fmadd.s	ft9, ft0, ft0, ft0, rup
80002972: 80 3f        	fld	fs0, 56(a5)
80002974: 00 00        	unimp	
80002976: 00 00        	unimp	
80002978: f3 04 35 3f  	<unknown>
8000297c: f3 04 35 3f  	<unknown>
80002980: 32 31        	fld	ft2, 296(sp)
80002982: 8d 24        	addiw	s1, s1, 3
80002984: 00 00        	unimp	
80002986: 80 3f        	fld	fs0, 56(a5)
80002988: f3 04 35 bf  	<unknown>
8000298c: f3 04 35 3f  	<unknown>
80002990: 00 00        	unimp	
80002992: 80 3f        	fld	fs0, 56(a5)
80002994: 00 00        	unimp	
80002996: 00 00        	unimp	
80002998: f3 04 35 3f  	<unknown>
8000299c: f3 04 35 3f  	<unknown>
800029a0: 32 31        	fld	ft2, 296(sp)
800029a2: 8d 24        	addiw	s1, s1, 3
800029a4: 00 00        	unimp	
800029a6: 80 3f        	fld	fs0, 56(a5)
800029a8: f3 04 35 bf  	<unknown>
800029ac: f3 04 35 3f  	<unknown>
800029b0: 00 00        	unimp	
800029b2: 80 3f        	fld	fs0, 56(a5)
800029b4: 00 00        	unimp	
800029b6: 00 00        	unimp	
800029b8: f3 04 35 3f  	<unknown>
800029bc: f3 04 35 3f  	<unknown>
800029c0: 32 31        	fld	ft2, 296(sp)
800029c2: 8d 24        	addiw	s1, s1, 3
800029c4: 00 00        	unimp	
800029c6: 80 3f        	fld	fs0, 56(a5)
800029c8: f3 04 35 bf  	<unknown>
800029cc: f3 04 35 3f  	<unknown>
800029d0: 00 00        	unimp	
800029d2: 80 3f        	fld	fs0, 56(a5)
800029d4: 00 00        	unimp	
800029d6: 00 00        	unimp	
800029d8: f3 04 35 3f  	<unknown>
800029dc: f3 04 35 3f  	<unknown>
800029e0: 32 31        	fld	ft2, 296(sp)
800029e2: 8d 24        	addiw	s1, s1, 3
800029e4: 00 00        	unimp	
800029e6: 80 3f        	fld	fs0, 56(a5)
800029e8: f3 04 35 bf  	<unknown>
800029ec: f3 04 35 3f  	<unknown>
800029f0: 00 00        	unimp	
800029f2: 80 3f        	fld	fs0, 56(a5)
800029f4: 00 00        	unimp	
800029f6: 00 00        	unimp	
800029f8: f3 04 35 3f  	<unknown>
800029fc: f3 04 35 3f  	<unknown>
80002a00: 32 31        	fld	ft2, 296(sp)
80002a02: 8d 24        	addiw	s1, s1, 3
80002a04: 00 00        	unimp	
80002a06: 80 3f        	fld	fs0, 56(a5)
80002a08: f3 04 35 bf  	<unknown>
80002a0c: f3 04 35 3f  	<unknown>
80002a10: 00 00        	unimp	
80002a12: 80 3f        	fld	fs0, 56(a5)
80002a14: 00 00        	unimp	
80002a16: 00 00        	unimp	
80002a18: f3 04 35 3f  	<unknown>
80002a1c: f3 04 35 3f  	<unknown>
80002a20: 32 31        	fld	ft2, 296(sp)
80002a22: 8d 24        	addiw	s1, s1, 3
80002a24: 00 00        	unimp	
80002a26: 80 3f        	fld	fs0, 56(a5)
80002a28: f3 04 35 bf  	<unknown>
80002a2c: f3 04 35 3f  	<unknown>
80002a30: 00 00        	unimp	
80002a32: 80 3f        	fld	fs0, 56(a5)
80002a34: 00 00        	unimp	
80002a36: 00 00        	unimp	
80002a38: f3 04 35 3f  	<unknown>
80002a3c: f3 04 35 3f  	<unknown>
80002a40: 32 31        	fld	ft2, 296(sp)
80002a42: 8d 24        	addiw	s1, s1, 3
80002a44: 00 00        	unimp	
80002a46: 80 3f        	fld	fs0, 56(a5)
80002a48: f3 04 35 bf  	<unknown>
80002a4c: f3 04 35 3f  	<unknown>
80002a50: 00 00        	unimp	
80002a52: 80 3f        	fld	fs0, 56(a5)
80002a54: 00 00        	unimp	
80002a56: 00 00        	unimp	
80002a58: f3 04 35 3f  	<unknown>
80002a5c: f3 04 35 3f  	<unknown>
80002a60: 32 31        	fld	ft2, 296(sp)
80002a62: 8d 24        	addiw	s1, s1, 3
80002a64: 00 00        	unimp	
80002a66: 80 3f        	fld	fs0, 56(a5)
80002a68: f3 04 35 bf  	<unknown>
80002a6c: f3 04 35 3f  	<unknown>
80002a70: 00 00        	unimp	
80002a72: 80 3f        	fld	fs0, 56(a5)
80002a74: 00 00        	unimp	
80002a76: 00 00        	unimp	
80002a78: 32 31        	fld	ft2, 296(sp)
80002a7a: 8d 24        	addiw	s1, s1, 3
80002a7c: 00 00        	unimp	
80002a7e: 80 3f        	fld	fs0, 56(a5)
80002a80: 00 00        	unimp	
80002a82: 80 3f        	fld	fs0, 56(a5)
80002a84: 00 00        	unimp	
80002a86: 00 00        	unimp	
80002a88: 32 31        	fld	ft2, 296(sp)
80002a8a: 8d 24        	addiw	s1, s1, 3
80002a8c: 00 00        	unimp	
80002a8e: 80 3f        	fld	fs0, 56(a5)
80002a90: 00 00        	unimp	
80002a92: 80 3f        	fld	fs0, 56(a5)
80002a94: 00 00        	unimp	
80002a96: 00 00        	unimp	
80002a98: 32 31        	fld	ft2, 296(sp)
80002a9a: 8d 24        	addiw	s1, s1, 3
80002a9c: 00 00        	unimp	
80002a9e: 80 3f        	fld	fs0, 56(a5)
80002aa0: 00 00        	unimp	
80002aa2: 80 3f        	fld	fs0, 56(a5)
80002aa4: 00 00        	unimp	
80002aa6: 00 00        	unimp	
80002aa8: 32 31        	fld	ft2, 296(sp)
80002aaa: 8d 24        	addiw	s1, s1, 3
80002aac: 00 00        	unimp	
80002aae: 80 3f        	fld	fs0, 56(a5)
80002ab0: 00 00        	unimp	
80002ab2: 80 3f        	fld	fs0, 56(a5)
80002ab4: 00 00        	unimp	
80002ab6: 00 00        	unimp	
80002ab8: 32 31        	fld	ft2, 296(sp)
80002aba: 8d 24        	addiw	s1, s1, 3
80002abc: 00 00        	unimp	
80002abe: 80 3f        	fld	fs0, 56(a5)
80002ac0: 00 00        	unimp	
80002ac2: 80 3f        	fld	fs0, 56(a5)
80002ac4: 00 00        	unimp	
80002ac6: 00 00        	unimp	
80002ac8: 32 31        	fld	ft2, 296(sp)
80002aca: 8d 24        	addiw	s1, s1, 3
80002acc: 00 00        	unimp	
80002ace: 80 3f        	fld	fs0, 56(a5)
80002ad0: 00 00        	unimp	
80002ad2: 80 3f        	fld	fs0, 56(a5)
80002ad4: 00 00        	unimp	
80002ad6: 00 00        	unimp	
80002ad8: 32 31        	fld	ft2, 296(sp)
80002ada: 8d 24        	addiw	s1, s1, 3
80002adc: 00 00        	unimp	
80002ade: 80 3f        	fld	fs0, 56(a5)
80002ae0: 00 00        	unimp	
80002ae2: 80 3f        	fld	fs0, 56(a5)
80002ae4: 00 00        	unimp	
80002ae6: 00 00        	unimp	
80002ae8: 32 31        	fld	ft2, 296(sp)
80002aea: 8d 24        	addiw	s1, s1, 3
80002aec: 00 00        	unimp	
80002aee: 80 3f        	fld	fs0, 56(a5)
80002af0: 00 00        	unimp	
80002af2: 80 3f        	fld	fs0, 56(a5)
80002af4: 00 00        	unimp	
80002af6: 00 00        	unimp	
80002af8: 32 31        	fld	ft2, 296(sp)
80002afa: 8d 24        	addiw	s1, s1, 3
80002afc: 00 00        	unimp	
80002afe: 80 3f        	fld	fs0, 56(a5)
80002b00: 00 00        	unimp	
80002b02: 80 3f        	fld	fs0, 56(a5)
80002b04: 00 00        	unimp	
80002b06: 00 00        	unimp	
80002b08: 32 31        	fld	ft2, 296(sp)
80002b0a: 8d 24        	addiw	s1, s1, 3
80002b0c: 00 00        	unimp	
80002b0e: 80 3f        	fld	fs0, 56(a5)
80002b10: 00 00        	unimp	
80002b12: 80 3f        	fld	fs0, 56(a5)
80002b14: 00 00        	unimp	
80002b16: 00 00        	unimp	
80002b18: 32 31        	fld	ft2, 296(sp)
80002b1a: 8d 24        	addiw	s1, s1, 3
80002b1c: 00 00        	unimp	
80002b1e: 80 3f        	fld	fs0, 56(a5)
80002b20: 00 00        	unimp	
80002b22: 80 3f        	fld	fs0, 56(a5)
80002b24: 00 00        	unimp	
80002b26: 00 00        	unimp	
80002b28: 32 31        	fld	ft2, 296(sp)
80002b2a: 8d 24        	addiw	s1, s1, 3
80002b2c: 00 00        	unimp	
80002b2e: 80 3f        	fld	fs0, 56(a5)
80002b30: 00 00        	unimp	
80002b32: 80 3f        	fld	fs0, 56(a5)
80002b34: 00 00        	unimp	
80002b36: 00 00        	unimp	
80002b38: 32 31        	fld	ft2, 296(sp)
80002b3a: 8d 24        	addiw	s1, s1, 3
80002b3c: 00 00        	unimp	
80002b3e: 80 3f        	fld	fs0, 56(a5)
80002b40: 00 00        	unimp	
80002b42: 80 3f        	fld	fs0, 56(a5)
80002b44: 00 00        	unimp	
80002b46: 00 00        	unimp	
80002b48: 32 31        	fld	ft2, 296(sp)
80002b4a: 8d 24        	addiw	s1, s1, 3
80002b4c: 00 00        	unimp	
80002b4e: 80 3f        	fld	fs0, 56(a5)
80002b50: 00 00        	unimp	
80002b52: 80 3f        	fld	fs0, 56(a5)
80002b54: 00 00        	unimp	
80002b56: 00 00        	unimp	
80002b58: 32 31        	fld	ft2, 296(sp)
80002b5a: 8d 24        	addiw	s1, s1, 3
80002b5c: 00 00        	unimp	
80002b5e: 80 3f        	fld	fs0, 56(a5)
80002b60: 00 00        	unimp	
80002b62: 80 3f        	fld	fs0, 56(a5)
80002b64: 00 00        	unimp	
80002b66: 00 00        	unimp	
80002b68: 32 31        	fld	ft2, 296(sp)
80002b6a: 8d 24        	addiw	s1, s1, 3
80002b6c: 00 00        	unimp	
80002b6e: 80 3f        	fld	fs0, 56(a5)
80002b70: 00 00        	unimp	
80002b72: 80 3f        	fld	fs0, 56(a5)
80002b74: 00 00        	unimp	
80002b76: 00 00        	unimp	
80002b78: 00 00        	unimp	
80002b7a: 80 3f        	fld	fs0, 56(a5)
80002b7c: 00 00        	unimp	
80002b7e: 00 00        	unimp	
80002b80: 00 00        	unimp	
80002b82: 80 3f        	fld	fs0, 56(a5)
80002b84: 00 00        	unimp	
80002b86: 00 00        	unimp	
80002b88: 00 00        	unimp	
80002b8a: 80 3f        	fld	fs0, 56(a5)
80002b8c: 00 00        	unimp	
80002b8e: 00 00        	unimp	
80002b90: 00 00        	unimp	
80002b92: 80 3f        	fld	fs0, 56(a5)
80002b94: 00 00        	unimp	
80002b96: 00 00        	unimp	
80002b98: 00 00        	unimp	
80002b9a: 80 3f        	fld	fs0, 56(a5)
80002b9c: 00 00        	unimp	
80002b9e: 00 00        	unimp	
80002ba0: 00 00        	unimp	
80002ba2: 80 3f        	fld	fs0, 56(a5)
80002ba4: 00 00        	unimp	
80002ba6: 00 00        	unimp	
80002ba8: 00 00        	unimp	
80002baa: 80 3f        	fld	fs0, 56(a5)
80002bac: 00 00        	unimp	
80002bae: 00 00        	unimp	
80002bb0: 00 00        	unimp	
80002bb2: 80 3f        	fld	fs0, 56(a5)
80002bb4: 00 00        	unimp	
80002bb6: 00 00        	unimp	
80002bb8: 00 00        	unimp	
80002bba: 80 3f        	fld	fs0, 56(a5)
80002bbc: 00 00        	unimp	
80002bbe: 00 00        	unimp	
80002bc0: 00 00        	unimp	
80002bc2: 80 3f        	fld	fs0, 56(a5)
80002bc4: 00 00        	unimp	
80002bc6: 00 00        	unimp	
80002bc8: 00 00        	unimp	
80002bca: 80 3f        	fld	fs0, 56(a5)
80002bcc: 00 00        	unimp	
80002bce: 00 00        	unimp	
80002bd0: 00 00        	unimp	
80002bd2: 80 3f        	fld	fs0, 56(a5)
80002bd4: 00 00        	unimp	
80002bd6: 00 00        	unimp	
80002bd8: 00 00        	unimp	
80002bda: 80 3f        	fld	fs0, 56(a5)
80002bdc: 00 00        	unimp	
80002bde: 00 00        	unimp	
80002be0: 00 00        	unimp	
80002be2: 80 3f        	fld	fs0, 56(a5)
80002be4: 00 00        	unimp	
80002be6: 00 00        	unimp	
80002be8: 00 00        	unimp	
80002bea: 80 3f        	fld	fs0, 56(a5)
80002bec: 00 00        	unimp	
80002bee: 00 00        	unimp	
80002bf0: 00 00        	unimp	
80002bf2: 80 3f        	fld	fs0, 56(a5)
80002bf4: 00 00        	unimp	
80002bf6: 00 00        	unimp	
80002bf8: 00 00        	unimp	
80002bfa: 80 3f        	fld	fs0, 56(a5)
80002bfc: 00 00        	unimp	
80002bfe: 00 00        	unimp	
80002c00: 00 00        	unimp	
80002c02: 80 3f        	fld	fs0, 56(a5)
80002c04: 00 00        	unimp	
80002c06: 00 00        	unimp	
80002c08: 00 00        	unimp	
80002c0a: 80 3f        	fld	fs0, 56(a5)
80002c0c: 00 00        	unimp	
80002c0e: 00 00        	unimp	
80002c10: 00 00        	unimp	
80002c12: 80 3f        	fld	fs0, 56(a5)
80002c14: 00 00        	unimp	
80002c16: 00 00        	unimp	
80002c18: 00 00        	unimp	
80002c1a: 80 3f        	fld	fs0, 56(a5)
80002c1c: 00 00        	unimp	
80002c1e: 00 00        	unimp	
80002c20: 00 00        	unimp	
80002c22: 80 3f        	fld	fs0, 56(a5)
80002c24: 00 00        	unimp	
80002c26: 00 00        	unimp	
80002c28: 00 00        	unimp	
80002c2a: 80 3f        	fld	fs0, 56(a5)
80002c2c: 00 00        	unimp	
80002c2e: 00 00        	unimp	
80002c30: 00 00        	unimp	
80002c32: 80 3f        	fld	fs0, 56(a5)
80002c34: 00 00        	unimp	
80002c36: 00 00        	unimp	
80002c38: 00 00        	unimp	
80002c3a: 80 3f        	fld	fs0, 56(a5)
80002c3c: 00 00        	unimp	
80002c3e: 00 00        	unimp	
80002c40: 00 00        	unimp	
80002c42: 80 3f        	fld	fs0, 56(a5)
80002c44: 00 00        	unimp	
80002c46: 00 00        	unimp	
80002c48: 00 00        	unimp	
80002c4a: 80 3f        	fld	fs0, 56(a5)
80002c4c: 00 00        	unimp	
80002c4e: 00 00        	unimp	
80002c50: 00 00        	unimp	
80002c52: 80 3f        	fld	fs0, 56(a5)
80002c54: 00 00        	unimp	
80002c56: 00 00        	unimp	
80002c58: 00 00        	unimp	
80002c5a: 80 3f        	fld	fs0, 56(a5)
80002c5c: 00 00        	unimp	
80002c5e: 00 00        	unimp	
80002c60: 00 00        	unimp	
80002c62: 80 3f        	fld	fs0, 56(a5)
80002c64: 00 00        	unimp	
80002c66: 00 00        	unimp	
80002c68: 00 00        	unimp	
80002c6a: 80 3f        	fld	fs0, 56(a5)
80002c6c: 00 00        	unimp	
80002c6e: 00 00        	unimp	

0000000080002c70 <twiddle_vec_reim>:
80002c70: 00 00        	unimp	
80002c72: 80 3f        	fld	fs0, 56(a5)
80002c74: 6d c4        	beqz	s0, 0x80002d5e <twiddle_vec_reim+0xee>
80002c76: 7e 3f        	fld	ft10, 504(sp)
80002c78: be 14        	slli	s1, s1, 47
80002c7a: 7b 3f 0b fa  	<unknown>
80002c7e: 74 3f        	fld	fa3, 248(a4)
80002c80: 5e 83        	mv	t1, s7
80002c82: 6c 3f        	fld	fa1, 248(a4)
80002c84: 98 c5        	sw	a4, 8(a1)
80002c86: 61 3f        	addiw	t5, t5, -8
80002c88: 31 db        	beqz	a4, 0x80002bdc <twiddle_vec+0x56c>
80002c8a: 54 3f        	fld	fa3, 184(a4)
80002c8c: 03 e4 45 3f  	lwu	s0, 1012(a1)
80002c90: f3 04 35 3f  	<unknown>
80002c94: 99 67        	lui	a5, 6
80002c96: 22 3f        	fld	ft10, 40(sp)
80002c98: da 39        	fld	fs3, 432(sp)
80002c9a: 0e 3f        	fld	ft10, 224(sp)
80002c9c: ea 5a        	lw	s5, 184(sp)
80002c9e: f1 3e        	addiw	t4, t4, -4
80002ca0: 15 ef        	bnez	a4, 0x80002cdc <twiddle_vec_reim+0x6c>
80002ca2: c3 3e 31 a0  	fmadd.s	ft9, ft2, ft3, fs4, rup
80002ca6: 94 3e        	fld	fa3, 56(a3)
80002ca8: c2 c5        	sw	a6, 200(sp)
80002caa: 47 3e 36 bd  	<unknown>
80002cae: c8 3d        	fld	fa0, 184(a1)
80002cb0: 32 31        	fld	ft2, 296(sp)
80002cb2: 8d 24        	addiw	s1, s1, 3
80002cb4: 36 bd        	fsd	fa3, 184(sp)
80002cb6: c8 bd        	fsd	fa0, 184(a1)
80002cb8: c2 c5        	sw	a6, 200(sp)
80002cba: 47 be 31 a0  	fmsub.s	ft8, ft3, ft3, fs4, rup
80002cbe: 94 be        	fsd	fa3, 56(a3)
80002cc0: 15 ef        	bnez	a4, 0x80002cfc <twiddle_vec_reim+0x8c>
80002cc2: c3 be ea 5a  	fmadd.d	ft9, fs5, fa4, fa1, rup
80002cc6: f1 be        	j	0x800028a2 <twiddle_vec+0x232>
80002cc8: da 39        	fld	fs3, 432(sp)
80002cca: 0e bf        	fsd	ft3, 440(sp)
80002ccc: 99 67        	lui	a5, 6
80002cce: 22 bf        	fsd	fs0, 440(sp)
80002cd0: f3 04 35 bf  	<unknown>
80002cd4: 03 e4 45 bf  	lwu	s0, -1036(a1)
80002cd8: 31 db        	beqz	a4, 0x80002c2c <twiddle_vec+0x5bc>
80002cda: 54 bf        	fsd	fa3, 184(a4)
80002cdc: 98 c5        	sw	a4, 8(a1)
80002cde: 61 bf        	j	0x80002c76 <twiddle_vec_reim+0x6>
80002ce0: 5e 83        	mv	t1, s7
80002ce2: 6c bf        	fsd	fa1, 248(a4)
80002ce4: 0b fa 74 bf  	<unknown>
80002ce8: be 14        	slli	s1, s1, 47
80002cea: 7b bf 6d c4  	<unknown>
80002cee: 7e bf        	fsd	ft11, 440(sp)
80002cf0: 00 00        	unimp	
80002cf2: 80 3f        	fld	fs0, 56(a5)
80002cf4: be 14        	slli	s1, s1, 47
80002cf6: 7b 3f 5e 83  	<unknown>
80002cfa: 6c 3f        	fld	fa1, 248(a4)
80002cfc: 31 db        	beqz	a4, 0x80002c50 <twiddle_vec+0x5e0>
80002cfe: 54 3f        	fld	fa3, 184(a4)
80002d00: f3 04 35 3f  	<unknown>
80002d04: da 39        	fld	fs3, 432(sp)
80002d06: 0e 3f        	fld	ft10, 224(sp)
80002d08: 15 ef        	bnez	a4, 0x80002d44 <twiddle_vec_reim+0xd4>
80002d0a: c3 3e c2 c5  	<unknown>
80002d0e: 47 3e 32 31  	fmsub.s	ft8, ft4, fs3, ft6, rup
80002d12: 8d 24        	addiw	s1, s1, 3
80002d14: c2 c5        	sw	a6, 200(sp)
80002d16: 47 be 15 ef  	<unknown>
80002d1a: c3 be da 39  	fmadd.s	ft9, fs5, ft9, ft7, rup
80002d1e: 0e bf        	fsd	ft3, 440(sp)
80002d20: f3 04 35 bf  	<unknown>
80002d24: 31 db        	beqz	a4, 0x80002c78 <twiddle_vec_reim+0x8>
80002d26: 54 bf        	fsd	fa3, 184(a4)
80002d28: 5e 83        	mv	t1, s7
80002d2a: 6c bf        	fsd	fa1, 248(a4)
80002d2c: be 14        	slli	s1, s1, 47
80002d2e: 7b bf 00 00  	<unknown>
80002d32: 80 3f        	fld	fs0, 56(a5)
80002d34: be 14        	slli	s1, s1, 47
80002d36: 7b 3f 5e 83  	<unknown>
80002d3a: 6c 3f        	fld	fa1, 248(a4)
80002d3c: 31 db        	beqz	a4, 0x80002c90 <twiddle_vec_reim+0x20>
80002d3e: 54 3f        	fld	fa3, 184(a4)
80002d40: f3 04 35 3f  	<unknown>
80002d44: da 39        	fld	fs3, 432(sp)
80002d46: 0e 3f        	fld	ft10, 224(sp)
80002d48: 15 ef        	bnez	a4, 0x80002d84 <twiddle_vec_reim+0x114>
80002d4a: c3 3e c2 c5  	<unknown>
80002d4e: 47 3e 32 31  	fmsub.s	ft8, ft4, fs3, ft6, rup
80002d52: 8d 24        	addiw	s1, s1, 3
80002d54: c2 c5        	sw	a6, 200(sp)
80002d56: 47 be 15 ef  	<unknown>
80002d5a: c3 be da 39  	fmadd.s	ft9, fs5, ft9, ft7, rup
80002d5e: 0e bf        	fsd	ft3, 440(sp)
80002d60: f3 04 35 bf  	<unknown>
80002d64: 31 db        	beqz	a4, 0x80002cb8 <twiddle_vec_reim+0x48>
80002d66: 54 bf        	fsd	fa3, 184(a4)
80002d68: 5e 83        	mv	t1, s7
80002d6a: 6c bf        	fsd	fa1, 248(a4)
80002d6c: be 14        	slli	s1, s1, 47
80002d6e: 7b bf 00 00  	<unknown>
80002d72: 80 3f        	fld	fs0, 56(a5)
80002d74: 5e 83        	mv	t1, s7
80002d76: 6c 3f        	fld	fa1, 248(a4)
80002d78: f3 04 35 3f  	<unknown>
80002d7c: 15 ef        	bnez	a4, 0x80002db8 <twiddle_vec_reim+0x148>
80002d7e: c3 3e 32 31  	fmadd.s	ft9, ft4, fs3, ft6, rup
80002d82: 8d 24        	addiw	s1, s1, 3
80002d84: 15 ef        	bnez	a4, 0x80002dc0 <twiddle_vec_reim+0x150>
80002d86: c3 be f3 04  	<unknown>
80002d8a: 35 bf        	j	0x80002cc6 <twiddle_vec_reim+0x56>
80002d8c: 5e 83        	mv	t1, s7
80002d8e: 6c bf        	fsd	fa1, 248(a4)
80002d90: 00 00        	unimp	
80002d92: 80 3f        	fld	fs0, 56(a5)
80002d94: 5e 83        	mv	t1, s7
80002d96: 6c 3f        	fld	fa1, 248(a4)
80002d98: f3 04 35 3f  	<unknown>
80002d9c: 15 ef        	bnez	a4, 0x80002dd8 <twiddle_vec_reim+0x168>
80002d9e: c3 3e 32 31  	fmadd.s	ft9, ft4, fs3, ft6, rup
80002da2: 8d 24        	addiw	s1, s1, 3
80002da4: 15 ef        	bnez	a4, 0x80002de0 <twiddle_vec_reim+0x170>
80002da6: c3 be f3 04  	<unknown>
80002daa: 35 bf        	j	0x80002ce6 <twiddle_vec_reim+0x76>
80002dac: 5e 83        	mv	t1, s7
80002dae: 6c bf        	fsd	fa1, 248(a4)
80002db0: 00 00        	unimp	
80002db2: 80 3f        	fld	fs0, 56(a5)
80002db4: 5e 83        	mv	t1, s7
80002db6: 6c 3f        	fld	fa1, 248(a4)
80002db8: f3 04 35 3f  	<unknown>
80002dbc: 15 ef        	bnez	a4, 0x80002df8 <twiddle_vec_reim+0x188>
80002dbe: c3 3e 32 31  	fmadd.s	ft9, ft4, fs3, ft6, rup
80002dc2: 8d 24        	addiw	s1, s1, 3
80002dc4: 15 ef        	bnez	a4, 0x80002e00 <twiddle_vec_reim+0x190>
80002dc6: c3 be f3 04  	<unknown>
80002dca: 35 bf        	j	0x80002d06 <twiddle_vec_reim+0x96>
80002dcc: 5e 83        	mv	t1, s7
80002dce: 6c bf        	fsd	fa1, 248(a4)
80002dd0: 00 00        	unimp	
80002dd2: 80 3f        	fld	fs0, 56(a5)
80002dd4: 5e 83        	mv	t1, s7
80002dd6: 6c 3f        	fld	fa1, 248(a4)
80002dd8: f3 04 35 3f  	<unknown>
80002ddc: 15 ef        	bnez	a4, 0x80002e18 <twiddle_vec_reim+0x1a8>
80002dde: c3 3e 32 31  	fmadd.s	ft9, ft4, fs3, ft6, rup
80002de2: 8d 24        	addiw	s1, s1, 3
80002de4: 15 ef        	bnez	a4, 0x80002e20 <twiddle_vec_reim+0x1b0>
80002de6: c3 be f3 04  	<unknown>
80002dea: 35 bf        	j	0x80002d26 <twiddle_vec_reim+0xb6>
80002dec: 5e 83        	mv	t1, s7
80002dee: 6c bf        	fsd	fa1, 248(a4)
80002df0: 00 00        	unimp	
80002df2: 80 3f        	fld	fs0, 56(a5)
80002df4: f3 04 35 3f  	<unknown>
80002df8: 32 31        	fld	ft2, 296(sp)
80002dfa: 8d 24        	addiw	s1, s1, 3
80002dfc: f3 04 35 bf  	<unknown>
80002e00: 00 00        	unimp	
80002e02: 80 3f        	fld	fs0, 56(a5)
80002e04: f3 04 35 3f  	<unknown>
80002e08: 32 31        	fld	ft2, 296(sp)
80002e0a: 8d 24        	addiw	s1, s1, 3
80002e0c: f3 04 35 bf  	<unknown>
80002e10: 00 00        	unimp	
80002e12: 80 3f        	fld	fs0, 56(a5)
80002e14: f3 04 35 3f  	<unknown>
80002e18: 32 31        	fld	ft2, 296(sp)
80002e1a: 8d 24        	addiw	s1, s1, 3
80002e1c: f3 04 35 bf  	<unknown>
80002e20: 00 00        	unimp	
80002e22: 80 3f        	fld	fs0, 56(a5)
80002e24: f3 04 35 3f  	<unknown>
80002e28: 32 31        	fld	ft2, 296(sp)
80002e2a: 8d 24        	addiw	s1, s1, 3
80002e2c: f3 04 35 bf  	<unknown>
80002e30: 00 00        	unimp	
80002e32: 80 3f        	fld	fs0, 56(a5)
80002e34: f3 04 35 3f  	<unknown>
80002e38: 32 31        	fld	ft2, 296(sp)
80002e3a: 8d 24        	addiw	s1, s1, 3
80002e3c: f3 04 35 bf  	<unknown>
80002e40: 00 00        	unimp	
80002e42: 80 3f        	fld	fs0, 56(a5)
80002e44: f3 04 35 3f  	<unknown>
80002e48: 32 31        	fld	ft2, 296(sp)
80002e4a: 8d 24        	addiw	s1, s1, 3
80002e4c: f3 04 35 bf  	<unknown>
80002e50: 00 00        	unimp	
80002e52: 80 3f        	fld	fs0, 56(a5)
80002e54: f3 04 35 3f  	<unknown>
80002e58: 32 31        	fld	ft2, 296(sp)
80002e5a: 8d 24        	addiw	s1, s1, 3
80002e5c: f3 04 35 bf  	<unknown>
80002e60: 00 00        	unimp	
80002e62: 80 3f        	fld	fs0, 56(a5)
80002e64: f3 04 35 3f  	<unknown>
80002e68: 32 31        	fld	ft2, 296(sp)
80002e6a: 8d 24        	addiw	s1, s1, 3
80002e6c: f3 04 35 bf  	<unknown>
80002e70: 00 00        	unimp	
80002e72: 80 3f        	fld	fs0, 56(a5)
80002e74: 32 31        	fld	ft2, 296(sp)
80002e76: 8d 24        	addiw	s1, s1, 3
80002e78: 00 00        	unimp	
80002e7a: 80 3f        	fld	fs0, 56(a5)
80002e7c: 32 31        	fld	ft2, 296(sp)
80002e7e: 8d 24        	addiw	s1, s1, 3
80002e80: 00 00        	unimp	
80002e82: 80 3f        	fld	fs0, 56(a5)
80002e84: 32 31        	fld	ft2, 296(sp)
80002e86: 8d 24        	addiw	s1, s1, 3
80002e88: 00 00        	unimp	
80002e8a: 80 3f        	fld	fs0, 56(a5)
80002e8c: 32 31        	fld	ft2, 296(sp)
80002e8e: 8d 24        	addiw	s1, s1, 3
80002e90: 00 00        	unimp	
80002e92: 80 3f        	fld	fs0, 56(a5)
80002e94: 32 31        	fld	ft2, 296(sp)
80002e96: 8d 24        	addiw	s1, s1, 3
80002e98: 00 00        	unimp	
80002e9a: 80 3f        	fld	fs0, 56(a5)
80002e9c: 32 31        	fld	ft2, 296(sp)
80002e9e: 8d 24        	addiw	s1, s1, 3
80002ea0: 00 00        	unimp	
80002ea2: 80 3f        	fld	fs0, 56(a5)
80002ea4: 32 31        	fld	ft2, 296(sp)
80002ea6: 8d 24        	addiw	s1, s1, 3
80002ea8: 00 00        	unimp	
80002eaa: 80 3f        	fld	fs0, 56(a5)
80002eac: 32 31        	fld	ft2, 296(sp)
80002eae: 8d 24        	addiw	s1, s1, 3
80002eb0: 00 00        	unimp	
80002eb2: 80 3f        	fld	fs0, 56(a5)
80002eb4: 32 31        	fld	ft2, 296(sp)
80002eb6: 8d 24        	addiw	s1, s1, 3
80002eb8: 00 00        	unimp	
80002eba: 80 3f        	fld	fs0, 56(a5)
80002ebc: 32 31        	fld	ft2, 296(sp)
80002ebe: 8d 24        	addiw	s1, s1, 3
80002ec0: 00 00        	unimp	
80002ec2: 80 3f        	fld	fs0, 56(a5)
80002ec4: 32 31        	fld	ft2, 296(sp)
80002ec6: 8d 24        	addiw	s1, s1, 3
80002ec8: 00 00        	unimp	
80002eca: 80 3f        	fld	fs0, 56(a5)
80002ecc: 32 31        	fld	ft2, 296(sp)
80002ece: 8d 24        	addiw	s1, s1, 3
80002ed0: 00 00        	unimp	
80002ed2: 80 3f        	fld	fs0, 56(a5)
80002ed4: 32 31        	fld	ft2, 296(sp)
80002ed6: 8d 24        	addiw	s1, s1, 3
80002ed8: 00 00        	unimp	
80002eda: 80 3f        	fld	fs0, 56(a5)
80002edc: 32 31        	fld	ft2, 296(sp)
80002ede: 8d 24        	addiw	s1, s1, 3
80002ee0: 00 00        	unimp	
80002ee2: 80 3f        	fld	fs0, 56(a5)
80002ee4: 32 31        	fld	ft2, 296(sp)
80002ee6: 8d 24        	addiw	s1, s1, 3
80002ee8: 00 00        	unimp	
80002eea: 80 3f        	fld	fs0, 56(a5)
80002eec: 32 31        	fld	ft2, 296(sp)
80002eee: 8d 24        	addiw	s1, s1, 3
80002ef0: 00 00        	unimp	
80002ef2: 80 3f        	fld	fs0, 56(a5)
80002ef4: 00 00        	unimp	
80002ef6: 80 3f        	fld	fs0, 56(a5)
80002ef8: 00 00        	unimp	
80002efa: 80 3f        	fld	fs0, 56(a5)
80002efc: 00 00        	unimp	
80002efe: 80 3f        	fld	fs0, 56(a5)
80002f00: 00 00        	unimp	
80002f02: 80 3f        	fld	fs0, 56(a5)
80002f04: 00 00        	unimp	
80002f06: 80 3f        	fld	fs0, 56(a5)
80002f08: 00 00        	unimp	
80002f0a: 80 3f        	fld	fs0, 56(a5)
80002f0c: 00 00        	unimp	
80002f0e: 80 3f        	fld	fs0, 56(a5)
80002f10: 00 00        	unimp	
80002f12: 80 3f        	fld	fs0, 56(a5)
80002f14: 00 00        	unimp	
80002f16: 80 3f        	fld	fs0, 56(a5)
80002f18: 00 00        	unimp	
80002f1a: 80 3f        	fld	fs0, 56(a5)
80002f1c: 00 00        	unimp	
80002f1e: 80 3f        	fld	fs0, 56(a5)
80002f20: 00 00        	unimp	
80002f22: 80 3f        	fld	fs0, 56(a5)
80002f24: 00 00        	unimp	
80002f26: 80 3f        	fld	fs0, 56(a5)
80002f28: 00 00        	unimp	
80002f2a: 80 3f        	fld	fs0, 56(a5)
80002f2c: 00 00        	unimp	
80002f2e: 80 3f        	fld	fs0, 56(a5)
80002f30: 00 00        	unimp	
80002f32: 80 3f        	fld	fs0, 56(a5)
80002f34: 00 00        	unimp	
80002f36: 80 3f        	fld	fs0, 56(a5)
80002f38: 00 00        	unimp	
80002f3a: 80 3f        	fld	fs0, 56(a5)
80002f3c: 00 00        	unimp	
80002f3e: 80 3f        	fld	fs0, 56(a5)
80002f40: 00 00        	unimp	
80002f42: 80 3f        	fld	fs0, 56(a5)
80002f44: 00 00        	unimp	
80002f46: 80 3f        	fld	fs0, 56(a5)
80002f48: 00 00        	unimp	
80002f4a: 80 3f        	fld	fs0, 56(a5)
80002f4c: 00 00        	unimp	
80002f4e: 80 3f        	fld	fs0, 56(a5)
80002f50: 00 00        	unimp	
80002f52: 80 3f        	fld	fs0, 56(a5)
80002f54: 00 00        	unimp	
80002f56: 80 3f        	fld	fs0, 56(a5)
80002f58: 00 00        	unimp	
80002f5a: 80 3f        	fld	fs0, 56(a5)
80002f5c: 00 00        	unimp	
80002f5e: 80 3f        	fld	fs0, 56(a5)
80002f60: 00 00        	unimp	
80002f62: 80 3f        	fld	fs0, 56(a5)
80002f64: 00 00        	unimp	
80002f66: 80 3f        	fld	fs0, 56(a5)
80002f68: 00 00        	unimp	
80002f6a: 80 3f        	fld	fs0, 56(a5)
80002f6c: 00 00        	unimp	
80002f6e: 80 3f        	fld	fs0, 56(a5)
80002f70: 00 00        	unimp	
80002f72: 00 00        	unimp	
80002f74: 36 bd        	fsd	fa3, 184(sp)
80002f76: c8 3d        	fld	fa0, 184(a1)
80002f78: c2 c5        	sw	a6, 200(sp)
80002f7a: 47 3e 31 a0  	fmsub.s	ft8, ft2, ft3, fs4, rup
80002f7e: 94 3e        	fld	fa3, 56(a3)
80002f80: 15 ef        	bnez	a4, 0x80002fbc <twiddle_vec_reim+0x34c>
80002f82: c3 3e ea 5a  	fmadd.d	ft9, fs4, fa4, fa1, rup
80002f86: f1 3e        	addiw	t4, t4, -4
80002f88: da 39        	fld	fs3, 432(sp)
80002f8a: 0e 3f        	fld	ft10, 224(sp)
80002f8c: 99 67        	lui	a5, 6
80002f8e: 22 3f        	fld	ft10, 40(sp)
80002f90: f3 04 35 3f  	<unknown>
80002f94: 03 e4 45 3f  	lwu	s0, 1012(a1)
80002f98: 31 db        	beqz	a4, 0x80002eec <twiddle_vec_reim+0x27c>
80002f9a: 54 3f        	fld	fa3, 184(a4)
80002f9c: 98 c5        	sw	a4, 8(a1)
80002f9e: 61 3f        	addiw	t5, t5, -8
80002fa0: 5e 83        	mv	t1, s7
80002fa2: 6c 3f        	fld	fa1, 248(a4)
80002fa4: 0b fa 74 3f  	<unknown>
80002fa8: be 14        	slli	s1, s1, 47
80002faa: 7b 3f 6d c4  	<unknown>
80002fae: 7e 3f        	fld	ft10, 504(sp)
80002fb0: 00 00        	unimp	
80002fb2: 80 3f        	fld	fs0, 56(a5)
80002fb4: 6d c4        	beqz	s0, 0x8000309e <twiddle_vec_reim+0x42e>
80002fb6: 7e 3f        	fld	ft10, 504(sp)
80002fb8: be 14        	slli	s1, s1, 47
80002fba: 7b 3f 0b fa  	<unknown>
80002fbe: 74 3f        	fld	fa3, 248(a4)
80002fc0: 5e 83        	mv	t1, s7
80002fc2: 6c 3f        	fld	fa1, 248(a4)
80002fc4: 98 c5        	sw	a4, 8(a1)
80002fc6: 61 3f        	addiw	t5, t5, -8
80002fc8: 31 db        	beqz	a4, 0x80002f1c <twiddle_vec_reim+0x2ac>
80002fca: 54 3f        	fld	fa3, 184(a4)
80002fcc: 03 e4 45 3f  	lwu	s0, 1012(a1)
80002fd0: f3 04 35 3f  	<unknown>
80002fd4: 99 67        	lui	a5, 6
80002fd6: 22 3f        	fld	ft10, 40(sp)
80002fd8: da 39        	fld	fs3, 432(sp)
80002fda: 0e 3f        	fld	ft10, 224(sp)
80002fdc: ea 5a        	lw	s5, 184(sp)
80002fde: f1 3e        	addiw	t4, t4, -4
80002fe0: 15 ef        	bnez	a4, 0x8000301c <twiddle_vec_reim+0x3ac>
80002fe2: c3 3e 31 a0  	fmadd.s	ft9, ft2, ft3, fs4, rup
80002fe6: 94 3e        	fld	fa3, 56(a3)
80002fe8: c2 c5        	sw	a6, 200(sp)
80002fea: 47 3e 36 bd  	<unknown>
80002fee: c8 3d        	fld	fa0, 184(a1)
80002ff0: 00 00        	unimp	
80002ff2: 00 00        	unimp	
80002ff4: c2 c5        	sw	a6, 200(sp)
80002ff6: 47 3e 15 ef  	<unknown>
80002ffa: c3 3e da 39  	fmadd.s	ft9, fs4, ft9, ft7, rup
80002ffe: 0e 3f        	fld	ft10, 224(sp)
80003000: f3 04 35 3f  	<unknown>
80003004: 31 db        	beqz	a4, 0x80002f58 <twiddle_vec_reim+0x2e8>
80003006: 54 3f        	fld	fa3, 184(a4)
80003008: 5e 83        	mv	t1, s7
8000300a: 6c 3f        	fld	fa1, 248(a4)
8000300c: be 14        	slli	s1, s1, 47
8000300e: 7b 3f 00 00  	<unknown>
80003012: 80 3f        	fld	fs0, 56(a5)
80003014: be 14        	slli	s1, s1, 47
80003016: 7b 3f 5e 83  	<unknown>
8000301a: 6c 3f        	fld	fa1, 248(a4)
8000301c: 31 db        	beqz	a4, 0x80002f70 <twiddle_vec_reim+0x300>
8000301e: 54 3f        	fld	fa3, 184(a4)
80003020: f3 04 35 3f  	<unknown>
80003024: da 39        	fld	fs3, 432(sp)
80003026: 0e 3f        	fld	ft10, 224(sp)
80003028: 15 ef        	bnez	a4, 0x80003064 <twiddle_vec_reim+0x3f4>
8000302a: c3 3e c2 c5  	<unknown>
8000302e: 47 3e 00 00  	fmsub.s	ft8, ft0, ft0, ft0, rup
80003032: 00 00        	unimp	
80003034: c2 c5        	sw	a6, 200(sp)
80003036: 47 3e 15 ef  	<unknown>
8000303a: c3 3e da 39  	fmadd.s	ft9, fs4, ft9, ft7, rup
8000303e: 0e 3f        	fld	ft10, 224(sp)
80003040: f3 04 35 3f  	<unknown>
80003044: 31 db        	beqz	a4, 0x80002f98 <twiddle_vec_reim+0x328>
80003046: 54 3f        	fld	fa3, 184(a4)
80003048: 5e 83        	mv	t1, s7
8000304a: 6c 3f        	fld	fa1, 248(a4)
8000304c: be 14        	slli	s1, s1, 47
8000304e: 7b 3f 00 00  	<unknown>
80003052: 80 3f        	fld	fs0, 56(a5)
80003054: be 14        	slli	s1, s1, 47
80003056: 7b 3f 5e 83  	<unknown>
8000305a: 6c 3f        	fld	fa1, 248(a4)
8000305c: 31 db        	beqz	a4, 0x80002fb0 <twiddle_vec_reim+0x340>
8000305e: 54 3f        	fld	fa3, 184(a4)
80003060: f3 04 35 3f  	<unknown>
80003064: da 39        	fld	fs3, 432(sp)
80003066: 0e 3f        	fld	ft10, 224(sp)
80003068: 15 ef        	bnez	a4, 0x800030a4 <twiddle_vec_reim+0x434>
8000306a: c3 3e c2 c5  	<unknown>
8000306e: 47 3e 00 00  	fmsub.s	ft8, ft0, ft0, ft0, rup
80003072: 00 00        	unimp	
80003074: 15 ef        	bnez	a4, 0x800030b0 <twiddle_vec_reim+0x440>
80003076: c3 3e f3 04  	<unknown>
8000307a: 35 3f        	addiw	t5, t5, -19
8000307c: 5e 83        	mv	t1, s7
8000307e: 6c 3f        	fld	fa1, 248(a4)
80003080: 00 00        	unimp	
80003082: 80 3f        	fld	fs0, 56(a5)
80003084: 5e 83        	mv	t1, s7
80003086: 6c 3f        	fld	fa1, 248(a4)
80003088: f3 04 35 3f  	<unknown>
8000308c: 15 ef        	bnez	a4, 0x800030c8 <twiddle_vec_reim+0x458>
8000308e: c3 3e 00 00  	fmadd.s	ft9, ft0, ft0, ft0, rup
80003092: 00 00        	unimp	
80003094: 15 ef        	bnez	a4, 0x800030d0 <twiddle_vec_reim+0x460>
80003096: c3 3e f3 04  	<unknown>
8000309a: 35 3f        	addiw	t5, t5, -19
8000309c: 5e 83        	mv	t1, s7
8000309e: 6c 3f        	fld	fa1, 248(a4)
800030a0: 00 00        	unimp	
800030a2: 80 3f        	fld	fs0, 56(a5)
800030a4: 5e 83        	mv	t1, s7
800030a6: 6c 3f        	fld	fa1, 248(a4)
800030a8: f3 04 35 3f  	<unknown>
800030ac: 15 ef        	bnez	a4, 0x800030e8 <twiddle_vec_reim+0x478>
800030ae: c3 3e 00 00  	fmadd.s	ft9, ft0, ft0, ft0, rup
800030b2: 00 00        	unimp	
800030b4: 15 ef        	bnez	a4, 0x800030f0 <twiddle_vec_reim+0x480>
800030b6: c3 3e f3 04  	<unknown>
800030ba: 35 3f        	addiw	t5, t5, -19
800030bc: 5e 83        	mv	t1, s7
800030be: 6c 3f        	fld	fa1, 248(a4)
800030c0: 00 00        	unimp	
800030c2: 80 3f        	fld	fs0, 56(a5)
800030c4: 5e 83        	mv	t1, s7
800030c6: 6c 3f        	fld	fa1, 248(a4)
800030c8: f3 04 35 3f  	<unknown>
800030cc: 15 ef        	bnez	a4, 0x80003108 <twiddle_vec_reim+0x498>
800030ce: c3 3e 00 00  	fmadd.s	ft9, ft0, ft0, ft0, rup
800030d2: 00 00        	unimp	
800030d4: 15 ef        	bnez	a4, 0x80003110 <twiddle_vec_reim+0x4a0>
800030d6: c3 3e f3 04  	<unknown>
800030da: 35 3f        	addiw	t5, t5, -19
800030dc: 5e 83        	mv	t1, s7
800030de: 6c 3f        	fld	fa1, 248(a4)
800030e0: 00 00        	unimp	
800030e2: 80 3f        	fld	fs0, 56(a5)
800030e4: 5e 83        	mv	t1, s7
800030e6: 6c 3f        	fld	fa1, 248(a4)
800030e8: f3 04 35 3f  	<unknown>
800030ec: 15 ef        	bnez	a4, 0x80003128 <twiddle_vec_reim+0x4b8>
800030ee: c3 3e 00 00  	fmadd.s	ft9, ft0, ft0, ft0, rup
800030f2: 00 00        	unimp	
800030f4: f3 04 35 3f  	<unknown>
800030f8: 00 00        	unimp	
800030fa: 80 3f        	fld	fs0, 56(a5)
800030fc: f3 04 35 3f  	<unknown>
80003100: 00 00        	unimp	
80003102: 00 00        	unimp	
80003104: f3 04 35 3f  	<unknown>
80003108: 00 00        	unimp	
8000310a: 80 3f        	fld	fs0, 56(a5)
8000310c: f3 04 35 3f  	<unknown>
80003110: 00 00        	unimp	
80003112: 00 00        	unimp	
80003114: f3 04 35 3f  	<unknown>
80003118: 00 00        	unimp	
8000311a: 80 3f        	fld	fs0, 56(a5)
8000311c: f3 04 35 3f  	<unknown>
80003120: 00 00        	unimp	
80003122: 00 00        	unimp	
80003124: f3 04 35 3f  	<unknown>
80003128: 00 00        	unimp	
8000312a: 80 3f        	fld	fs0, 56(a5)
8000312c: f3 04 35 3f  	<unknown>
80003130: 00 00        	unimp	
80003132: 00 00        	unimp	
80003134: f3 04 35 3f  	<unknown>
80003138: 00 00        	unimp	
8000313a: 80 3f        	fld	fs0, 56(a5)
8000313c: f3 04 35 3f  	<unknown>
80003140: 00 00        	unimp	
80003142: 00 00        	unimp	
80003144: f3 04 35 3f  	<unknown>
80003148: 00 00        	unimp	
8000314a: 80 3f        	fld	fs0, 56(a5)
8000314c: f3 04 35 3f  	<unknown>
80003150: 00 00        	unimp	
80003152: 00 00        	unimp	
80003154: f3 04 35 3f  	<unknown>
80003158: 00 00        	unimp	
8000315a: 80 3f        	fld	fs0, 56(a5)
8000315c: f3 04 35 3f  	<unknown>
80003160: 00 00        	unimp	
80003162: 00 00        	unimp	
80003164: f3 04 35 3f  	<unknown>
80003168: 00 00        	unimp	
8000316a: 80 3f        	fld	fs0, 56(a5)
8000316c: f3 04 35 3f  	<unknown>
80003170: 00 00        	unimp	
80003172: 00 00        	unimp	
80003174: 00 00        	unimp	
80003176: 80 3f        	fld	fs0, 56(a5)
80003178: 00 00        	unimp	
8000317a: 00 00        	unimp	
8000317c: 00 00        	unimp	
8000317e: 80 3f        	fld	fs0, 56(a5)
80003180: 00 00        	unimp	
80003182: 00 00        	unimp	
80003184: 00 00        	unimp	
80003186: 80 3f        	fld	fs0, 56(a5)
80003188: 00 00        	unimp	
8000318a: 00 00        	unimp	
8000318c: 00 00        	unimp	
8000318e: 80 3f        	fld	fs0, 56(a5)
80003190: 00 00        	unimp	
80003192: 00 00        	unimp	
80003194: 00 00        	unimp	
80003196: 80 3f        	fld	fs0, 56(a5)
80003198: 00 00        	unimp	
8000319a: 00 00        	unimp	
8000319c: 00 00        	unimp	
8000319e: 80 3f        	fld	fs0, 56(a5)
800031a0: 00 00        	unimp	
800031a2: 00 00        	unimp	
800031a4: 00 00        	unimp	
800031a6: 80 3f        	fld	fs0, 56(a5)
800031a8: 00 00        	unimp	
800031aa: 00 00        	unimp	
800031ac: 00 00        	unimp	
800031ae: 80 3f        	fld	fs0, 56(a5)
800031b0: 00 00        	unimp	
800031b2: 00 00        	unimp	
800031b4: 00 00        	unimp	
800031b6: 80 3f        	fld	fs0, 56(a5)
800031b8: 00 00        	unimp	
800031ba: 00 00        	unimp	
800031bc: 00 00        	unimp	
800031be: 80 3f        	fld	fs0, 56(a5)
800031c0: 00 00        	unimp	
800031c2: 00 00        	unimp	
800031c4: 00 00        	unimp	
800031c6: 80 3f        	fld	fs0, 56(a5)
800031c8: 00 00        	unimp	
800031ca: 00 00        	unimp	
800031cc: 00 00        	unimp	
800031ce: 80 3f        	fld	fs0, 56(a5)
800031d0: 00 00        	unimp	
800031d2: 00 00        	unimp	
800031d4: 00 00        	unimp	
800031d6: 80 3f        	fld	fs0, 56(a5)
800031d8: 00 00        	unimp	
800031da: 00 00        	unimp	
800031dc: 00 00        	unimp	
800031de: 80 3f        	fld	fs0, 56(a5)
800031e0: 00 00        	unimp	
800031e2: 00 00        	unimp	
800031e4: 00 00        	unimp	
800031e6: 80 3f        	fld	fs0, 56(a5)
800031e8: 00 00        	unimp	
800031ea: 00 00        	unimp	
800031ec: 00 00        	unimp	
800031ee: 80 3f        	fld	fs0, 56(a5)
		...

0000000080003270 <gold_out>:
80003270: 66 66        	ld	a2, 88(sp)
80003272: db 41 5c f8  	<unknown>
80003276: 01 42        	li	tp, 0
80003278: 97 9f 8f 3e  	auipc	t6, 256249
8000327c: 9a 42        	lw	t0, 132(sp)
8000327e: 57 bf 11 1b  	<unknown>
80003282: 1f 40 c5 0a  	<unknown>
80003286: 0f 40 b8 32  	<unknown>
8000328a: 50 3d        	fld	fa2, 184(a0)
8000328c: 1e 6a        	ld	s4, 448(sp)
8000328e: 22 40        	<unknown>
80003290: 2c 89        	<unknown>
80003292: b0 bf        	fsd	fa2, 120(a5)
80003294: 77 a8 e5 3f  	<unknown>
80003298: ed 66        	lui	a3, 27
8000329a: 12 c0        	sw	tp, 0(sp)
8000329c: df 03 91 3f  	<unknown>
800032a0: b8 62        	ld	a4, 64(a3)
800032a2: 3d 40        	c.li	zero, 15
800032a4: 90 28        	fld	fa2, 16(s1)
800032a6: 3a c0        	sw	a4, 0(sp)
800032a8: 10 74        	ld	a2, 40(s0)
800032aa: 6f 40 f2 92  	j	0x7ff27bd8 <util.c+0x7ff27bd8>
800032ae: 0e 40        	<unknown>
800032b0: 38 f8        	sd	a4, 112(s0)
800032b2: 8c 3f        	fld	fa1, 56(a5)
800032b4: d8 31        	fld	fa4, 160(a1)
800032b6: d0 3e        	fld	fa2, 184(a3)
800032b8: 77 bb 18 c0  	<unknown>
800032bc: a3 d4 a0 be  	<unknown>
800032c0: 4b 8b 34 3f  	<unknown>
800032c4: 0e dd        	sw	gp, 184(sp)
800032c6: 9e 3f        	fld	ft11, 480(sp)
800032c8: da 19        	slli	s3, s3, 54
800032ca: 1d c0        	beqz	s0, 0x800032f0 <gold_out+0x80>
800032cc: 76 43        	lw	t1, 92(sp)
800032ce: 11 40        	c.li	zero, 4
800032d0: 8a 95        	add	a1, a1, sp
800032d2: d2 3f        	fld	ft11, 304(sp)
800032d4: cb 51 34 bf  	<unknown>
800032d8: 9c d9        	sw	a5, 48(a1)
800032da: 46 40        	<unknown>
800032dc: 95 a6        	j	0x80003640 <util.c+0x80003640>
800032de: e6 bf        	fsd	fs9, 504(sp)
800032e0: d8 8f        	<unknown>
800032e2: d1 40        	li	ra, 20
800032e4: 35 2c        	addiw	s8, s8, 13
800032e6: 94 bf        	fsd	fa3, 56(a5)
800032e8: 17 4e 8f 3f  	auipc	t3, 260340
800032ec: 9f b6 ca 3f  	<unknown>
800032f0: a2 7f        	ld	t6, 40(sp)
800032f2: 79 be        	j	0x80002e90 <twiddle_vec_reim+0x220>
800032f4: b5 04        	addi	s1, s1, 13
800032f6: 50 3f        	fld	fa2, 184(a4)
800032f8: 22 a3        	fsd	fs0, 384(sp)
800032fa: 77 3e f3 69  	<unknown>
800032fe: 05 40        	c.li	zero, 1
80003300: dd 6b        	lui	s7, 23
80003302: ec 3d        	fld	fa1, 248(a1)
80003304: 78 eb        	sd	a4, 208(a4)
80003306: a5 bf        	j	0x8000327e <gold_out+0xe>
80003308: e8 94        	<unknown>
8000330a: 07 bf e1 17  	fld	ft10, 382(gp)
8000330e: 3f bf b0 a1  	<unknown>
80003312: c8 40        	lw	a0, 4(s1)
80003314: 63 f1 9c 40  	bgeu	s9, s1, 0x80003716 <util.c+0x80003716>
80003318: 64 6f        	ld	s1, 216(a4)
8000331a: 76 bf        	fsd	ft9, 440(sp)
8000331c: 2d ee        	bnez	a2, 0x80003396 <gold_out+0x126>
8000331e: 59 c0        	beqz	s0, 0x800033a4 <gold_out+0x134>
80003320: a6 7d        	ld	s11, 104(sp)
80003322: e6 3f        	fld	ft11, 120(sp)
80003324: ef 11 49 40  	jal	gp, 0x80094728 <timer+0x8f728>
80003328: a6 32        	fld	ft5, 104(sp)
8000332a: 0e bf        	fsd	ft3, 440(sp)
8000332c: d3 18 ab bd  	<unknown>
80003330: 88 83        	<unknown>
80003332: a1 be        	j	0x80002e8a <twiddle_vec_reim+0x21a>
80003334: bc d8        	sw	a5, 112(s1)
80003336: 4f bf 95 51  	fnmadd.s	ft10, fa1, fs9, fa0, rup
8000333a: 2a c0        	sw	a0, 0(sp)
8000333c: da 82        	mv	t0, s6
8000333e: ad 3f        	addiw	t6, t6, -21
80003340: f8 94        	<unknown>
80003342: db bf 47 ee  	<unknown>
80003346: 5a 3f        	fld	ft10, 432(sp)
80003348: a6 eb        	sd	s1, 464(sp)
8000334a: ed bf        	j	0x80003344 <gold_out+0xd4>
8000334c: bb 14 b6 3f  	<unknown>
80003350: 59 6f        	lui	t5, 22
80003352: c1 bf        	j	0x80003322 <gold_out+0xb2>
80003354: 34 1a        	addi	a3, sp, 312
80003356: 8c 40        	lw	a1, 0(s1)
80003358: ea 58        	lw	a7, 184(sp)
8000335a: 3c bf        	fsd	fa5, 120(a4)
8000335c: b0 00        	addi	a2, sp, 72
8000335e: 3c 40        	lw	a5, 64(s0)
80003360: bc d9        	sw	a5, 112(a1)
80003362: 64 40        	lw	s1, 68(s0)
80003364: 4c d2        	sw	a1, 36(a2)
80003366: e3 3c c7 c4  	<unknown>
8000336a: a1 bd        	j	0x800031c2 <twiddle_vec_reim+0x552>
8000336c: 99 f0        	bnez	s1, 0x80003272 <gold_out+0x2>
8000336e: 7d 40        	c.li	zero, 31
80003370: 75 f5        	bnez	a0, 0x8000335c <gold_out+0xec>
80003372: 59 40        	c.li	zero, 22
80003374: 8b f1 77 bf  	<unknown>
80003378: ba 28        	fld	fa7, 392(sp)
8000337a: 8c 3f        	fld	fa1, 56(a5)
8000337c: 6a 2d        	fld	fs10, 152(sp)
8000337e: a6 3f        	fld	ft11, 104(sp)
80003380: ee e1        	sd	s11, 192(sp)
80003382: ec bf        	fsd	fa1, 248(a5)
80003384: b0 92        	<unknown>
80003386: 99 c0        	beqz	s1, 0x8000338c <gold_out+0x11c>
80003388: 8f ce 9d 3d  	<unknown>
8000338c: c0 ea        	sd	s0, 144(a3)
8000338e: 6a bf        	fsd	fs10, 440(sp)
80003390: 74 36        	fld	fa3, 232(a2)
80003392: 7d 40        	c.li	zero, 31
80003394: cd d1        	beqz	a1, 0x80003336 <gold_out+0xc6>
80003396: bc 40        	lw	a5, 64(s1)
80003398: a0 4d        	lw	s0, 88(a1)
8000339a: 67 bf fc ab  	<unknown>
8000339e: 47 c0 be 2f  	<unknown>
800033a2: e8 3f        	fld	fa0, 248(a5)
800033a4: 40 15        	addi	s0, sp, 676
800033a6: 21 c0        	beqz	s0, 0x800033e6 <gold_out+0x176>
800033a8: 7e c7        	sw	t6, 140(sp)
800033aa: 17 c0 a7 c8  	auipc	zero, 821884
800033ae: e3 be 62 4e  	<unknown>
800033b2: 02 c0        	sw	zero, 0(sp)
800033b4: 07 10 fc 3f  	<unknown>
800033b8: a0 ea        	sd	s0, 80(a3)
800033ba: a2 bf        	fsd	fs0, 504(sp)
800033bc: 22 1a        	slli	s4, s4, 40
800033be: 23 3f 8a 1d  	sd	s8, 478(s4)
800033c2: f0 bf        	fsd	fa2, 248(a5)
800033c4: 31 18        	addi	a6, a6, -20
800033c6: 61 3f        	addiw	t5, t5, -8
800033c8: d2 7f        	ld	t6, 304(sp)
800033ca: 12 c0        	sw	tp, 0(sp)
800033cc: 79 11        	addi	sp, sp, -2
800033ce: b0 3f        	fld	fa2, 120(a5)
800033d0: 77 da 61 3e  	<unknown>
800033d4: 7b eb 49 c0  	<unknown>
800033d8: 5d 1a        	addi	s4, s4, -9
800033da: 8c c0        	sw	a1, 0(s1)
800033dc: f2 57        	lw	a5, 60(sp)
800033de: aa bf        	fsd	fa0, 504(sp)
800033e0: 4c 33        	fld	fa1, 160(a4)
800033e2: b1 c0        	beqz	s1, 0x80003426 <gold_out+0x1b6>
800033e4: a4 7c        	ld	s1, 120(s1)
800033e6: 6a c0        	sw	s10, 0(sp)
800033e8: dd 6f        	lui	t6, 23
800033ea: 27 c0 73 0a  	<unknown>
800033ee: 6b be 8e db  	<unknown>
800033f2: ea 3f        	fld	ft11, 184(sp)
800033f4: bb be 28 40  	<unknown>
800033f8: 08 d0        	sw	a0, 32(s0)
800033fa: a5 be        	j	0x80002f72 <twiddle_vec_reim+0x302>
800033fc: 12 e9        	sd	tp, 144(sp)
800033fe: 86 3f        	fld	ft11, 96(sp)
80003400: 3c e4        	sd	a5, 72(s0)
80003402: 11 c0        	beqz	s0, 0x80003406 <gold_out+0x196>
80003404: e1 a2        	j	0x800035cc <util.c+0x800035cc>
80003406: c1 3d        	addiw	s11, s11, -16
80003408: 05 13        	addi	t1, t1, -31
8000340a: 67 3f d3 db  	<unknown>
8000340e: 01 c0        	beqz	s0, 0x8000340e <gold_out+0x19e>
80003410: 07 1a 5e bf  	<unknown>
80003414: e3 12 74 40  	bne	s0, t2, 0x80004018 <samples_copy+0x18>
80003418: 4a 28        	fld	fa6, 144(sp)
8000341a: 2b 40 5b 40  	<unknown>
8000341e: c8 bf        	fsd	fa0, 184(a5)
80003420: 1b f7 38 c0  	<unknown>
80003424: 56 16        	slli	a2, a2, 53
80003426: 04 3f        	fld	fs1, 56(a4)
80003428: ba ef        	sd	a4, 472(sp)
8000342a: 2d 3f        	addiw	t5, t5, -21
8000342c: 9c 1f        	addi	a5, sp, 1008
8000342e: 88 bf        	fsd	fa0, 56(a5)
80003430: e0 9e        	<unknown>
80003432: e9 3e        	addiw	t4, t4, -6
80003434: a3 87 f0 3f  	sb	t6, 1007(ra)
80003438: d4 cd        	sw	a3, 28(a1)
8000343a: ac 3f        	fld	fa1, 120(a5)
8000343c: 1f e5 0d c0  	<unknown>
80003440: 3b ce 95 bf  	<unknown>
80003444: 44 98        	<unknown>
80003446: 3b 40 6a 4e  	<unknown>
8000344a: 56 bf        	fsd	fs5, 440(sp)
8000344c: 77 cb 9f bf  	<unknown>
80003450: 99 0c        	addi	s9, s9, 6
80003452: aa 3e        	fld	ft9, 168(sp)
80003454: 46 82        	mv	tp, a7
80003456: 7d 3f        	addiw	t5, t5, -1
80003458: 02 94        	jalr	s0
8000345a: 15 40        	c.li	zero, 5
8000345c: ee 99        	add	s3, s3, s11
8000345e: fa 3f        	fld	ft11, 440(sp)
80003460: c3 af 8d 40  	fmadd.s	ft11, fs11, fs0, fs0, rdn
80003464: b6 b4        	fsd	fa3, 104(sp)
80003466: 95 bf        	j	0x800033da <gold_out+0x16a>
80003468: 40 25        	fld	fs0, 136(a0)
8000346a: f9 3f        	addiw	t6, t6, -2
8000346c: 1b 60 a9 3f  	<unknown>

0000000080003470 <mask_addr_vec>:
80003470: 00 3b        	fld	fs0, 48(a4)
80003472: 00 80        	<unknown>
80003474: 00 00        	unimp	
80003476: 00 00        	unimp	
80003478: 80 3b        	fld	fs0, 48(a5)
8000347a: 00 80        	<unknown>
8000347c: 00 00        	unimp	
8000347e: 00 00        	unimp	
80003480: 00 3c        	fld	fs0, 56(s0)
80003482: 00 80        	<unknown>
80003484: 00 00        	unimp	
80003486: 00 00        	unimp	
80003488: 80 3c        	fld	fs0, 56(s1)
8000348a: 00 80        	<unknown>
8000348c: 00 00        	unimp	
8000348e: 00 00        	unimp	
80003490: 00 3d        	fld	fs0, 56(a0)
80003492: 00 80        	<unknown>
80003494: 00 00        	unimp	
80003496: 00 00        	unimp	

Disassembly of section .rodata:

00000000800034a0 <.rodata>:
800034a0: 50 65        	ld	a2, 136(a0)
800034a2: 72 66        	ld	a2, 280(sp)
800034a4: 6f 72 6d 61  	jal	tp, 0x800daaba <timer+0xd5aba>
800034a8: 6e 63        	ld	t1, 216(sp)
800034aa: 65 3a        	addiw	s4, s4, -7
800034ac: 20 25        	fld	fs0, 72(a0)
800034ae: 66 2e        	fld	ft8, 88(sp)
800034b0: 20 4d        	lw	s0, 88(a0)
800034b2: 61 78        	lui	a6, 1048568
800034b4: 20 70        	ld	s0, 96(s0)
800034b6: 65 72        	lui	tp, 1048569
800034b8: 66 3a        	fld	fs4, 120(sp)
800034ba: 20 25        	fld	fs0, 72(a0)
800034bc: 66 2e        	fld	ft8, 88(sp)
800034be: 20 41        	lw	s0, 64(a0)
800034c0: 63 74 75 61  	bgeu	a0, s7, 0x80003ac8 <util.c+0x80003ac8>
800034c4: 6c 20        	fld	fa1, 192(s0)
800034c6: 70 65        	ld	a2, 200(a0)
800034c8: 72 66        	ld	a2, 280(sp)
800034ca: 6f 72 6d 61  	jal	tp, 0x800daae0 <timer+0xd5ae0>
800034ce: 6e 63        	ld	t1, 216(sp)
800034d0: 65 20        	<unknown>
800034d2: 69 73        	lui	t1, 1048570
800034d4: 20 25        	fld	fs0, 72(a0)
800034d6: 66 25        	fld	fa0, 88(sp)
800034d8: 25 20        	<unknown>
800034da: 6f 66 20 6d  	jal	a2, 0x80009bac <timer+0x4bac>
800034de: 61 78        	lui	a6, 1048568
800034e0: 2e 0a        	slli	s4, s4, 11
800034e2: 00 54        	lw	s0, 40(s0)
800034e4: 68 65        	ld	a0, 200(a0)
800034e6: 20 44        	lw	s0, 72(s0)
800034e8: 49 46        	li	a2, 18
800034ea: 20 65        	ld	s0, 72(a0)
800034ec: 78 65        	ld	a4, 200(a0)
800034ee: 63 75 74 69  	bgeu	s0, s7, 0x80003b78 <mask_addr_0+0x78>
800034f2: 6f 6e 20 74  	jal	t3, 0x80009c34 <timer+0x4c34>
800034f6: 6f 6f 6b 20  	jal	t5, 0x800b96fc <timer+0xb46fc>
800034fa: 25 64        	lui	s0, 9
800034fc: 20 63        	ld	s0, 64(a4)
800034fe: 79 63        	lui	t1, 30
80003500: 6c 65        	ld	a1, 200(a0)
80003502: 73 2e 0a 00  	csrrs	t3, ustatus, s4
80003506: 54 65        	ld	a3, 136(a0)
80003508: 73 74 20 72  	csrrci	s0, 1826, 0
8000350c: 65 73        	lui	t1, 1048569
8000350e: 75 6c        	lui	s8, 29
80003510: 74 3a        	fld	fa3, 240(a2)
80003512: 20 50        	lw	s0, 96(s0)
80003514: 41 53        	li	t1, -16
80003516: 53 2e 20 54  	<unknown>
8000351a: 68 65        	ld	a0, 200(a0)
8000351c: 20 6f        	ld	s0, 88(a4)
8000351e: 75 74        	lui	s0, 1048573
80003520: 70 75        	ld	a2, 232(a0)
80003522: 74 20        	fld	fa3, 192(s0)
80003524: 69 73        	lui	t1, 1048570
80003526: 20 63        	ld	s0, 64(a4)
80003528: 6f 72 72 65  	jal	tp, 0x8002b37e <timer+0x2637e>
8000352c: 63 74 2e 0a  	bgeu	t3, sp, 0x800035d4 <.rodata+0x134>
80003530: 00 49        	lw	s0, 16(a0)
80003532: 6e 69        	ld	s2, 216(sp)
80003534: 74 69        	ld	a3, 208(a0)
80003536: 61 6c        	lui	s8, 24
80003538: 69 7a        	lui	s4, 1048570
8000353a: 69 6e        	lui	t3, 26
8000353c: 67 20 49 6e  	<unknown>
80003540: 70 75        	ld	a2, 232(a0)
80003542: 74 73        	ld	a3, 224(a4)
80003544: 20 66        	ld	s0, 72(a2)
80003546: 6f 72 20 44  	jal	tp, 0x8000a988 <timer+0x5988>
8000354a: 49 46        	li	a2, 18
8000354c: 0a 00        	c.slli	zero, 2
8000354e: 4f 75 74 5f  	<unknown>
80003552: 44 49        	lw	s1, 20(a0)
80003554: 46 5b        	lw	s6, 112(sp)
80003556: 25 64        	lui	s0, 9
80003558: 5d 20        	<unknown>
8000355a: 3d 3d        	addiw	s10, s10, -17
8000355c: 20 25        	fld	fs0, 72(a0)
8000355e: 66 20        	fld	ft0, 88(sp)
80003560: 2b 20 28 25  	<unknown>
80003564: 66 29        	fld	fs2, 88(sp)
80003566: 6a 0a        	slli	s4, s4, 26
80003568: 00 2d        	fld	fs0, 24(a0)
8000356a: 2d 2d        	addiw	s10, s10, 11
8000356c: 2d 2d        	addiw	s10, s10, 11
8000356e: 2d 2d        	addiw	s10, s10, 11
80003570: 2d 2d        	addiw	s10, s10, 11
80003572: 2d 2d        	addiw	s10, s10, 11
80003574: 2d 2d        	addiw	s10, s10, 11
80003576: 2d 2d        	addiw	s10, s10, 11
80003578: 2d 2d        	addiw	s10, s10, 11
8000357a: 2d 2d        	addiw	s10, s10, 11
8000357c: 2d 2d        	addiw	s10, s10, 11
8000357e: 2d 2d        	addiw	s10, s10, 11
80003580: 2d 2d        	addiw	s10, s10, 11
80003582: 2d 2d        	addiw	s10, s10, 11
80003584: 2d 2d        	addiw	s10, s10, 11
80003586: 2d 2d        	addiw	s10, s10, 11
80003588: 2d 2d        	addiw	s10, s10, 11
8000358a: 2d 2d        	addiw	s10, s10, 11
8000358c: 2d 2d        	addiw	s10, s10, 11
8000358e: 2d 2d        	addiw	s10, s10, 11
80003590: 2d 2d        	addiw	s10, s10, 11
80003592: 2d 2d        	addiw	s10, s10, 11
80003594: 2d 2d        	addiw	s10, s10, 11
80003596: 2d 2d        	addiw	s10, s10, 11
80003598: 2d 2d        	addiw	s10, s10, 11
8000359a: 2d 2d        	addiw	s10, s10, 11
8000359c: 2d 2d        	addiw	s10, s10, 11
8000359e: 2d 2d        	addiw	s10, s10, 11
800035a0: 2d 2d        	addiw	s10, s10, 11
800035a2: 2d 2d        	addiw	s10, s10, 11
800035a4: 2d 0a        	addi	s4, s4, 11
800035a6: 00 43        	lw	s0, 0(a4)
800035a8: 6f 6d 70 61  	jal	s10, 0x8000a3be <timer+0x53be>
800035ac: 72 69        	ld	s2, 280(sp)
800035ae: 73 6f 6e 20  	csrrsi	t5, 518, 28
800035b2: 6f 66 20 74  	jal	a2, 0x80009cf4 <timer+0x4cf4>
800035b6: 68 65        	ld	a0, 200(a0)
800035b8: 20 66        	ld	s0, 72(a2)
800035ba: 69 72        	lui	tp, 1048570
800035bc: 73 74 20 35  	csrrci	s0, 850, 0
800035c0: 20 6f        	ld	s0, 88(a4)
800035c2: 75 74        	lui	s0, 1048573
800035c4: 70 75        	ld	a2, 232(a0)
800035c6: 74 20        	fld	fa3, 192(s0)
800035c8: 6e 75        	ld	a0, 248(sp)
800035ca: 6d 62        	lui	tp, 27
800035cc: 65 72        	lui	tp, 1048569
800035ce: 73 3a 0a 00  	csrrc	s4, ustatus, s4
800035d2: 4f 75 74 5f  	<unknown>
800035d6: 76 65        	ld	a0, 344(sp)
800035d8: 63 5f 44 49  	bge	s0, s4, 0x80003a76 <_ftoa.pow10+0x26>
800035dc: 46 5b        	lw	s6, 112(sp)
800035de: 25 64        	lui	s0, 9
800035e0: 5d 20        	<unknown>
800035e2: 3d 3d        	addiw	s10, s10, -17
800035e4: 20 25        	fld	fs0, 72(a0)
800035e6: 66 20        	fld	ft0, 88(sp)
800035e8: 2b 20 28 25  	<unknown>
800035ec: 66 29        	fld	fs2, 88(sp)
800035ee: 6a 0a        	slli	s4, s4, 26
800035f0: 00 3d        	fld	fs0, 56(a0)
800035f2: 3d 3d        	addiw	s10, s10, -17
800035f4: 3d 3d        	addiw	s10, s10, -17
800035f6: 3d 3d        	addiw	s10, s10, -17
800035f8: 3d 3d        	addiw	s10, s10, -17
800035fa: 0a 00        	c.slli	zero, 2
800035fc: 3d 20        	<unknown>
800035fe: 20 46        	lw	s0, 72(a2)
80003600: 46 54        	lw	s0, 112(sp)
80003602: 20 20        	fld	fs0, 64(s0)
80003604: 3d 0a        	addi	s4, s4, 15
80003606: 00 52        	lw	s0, 32(a2)
80003608: 65 61        	addi	sp, sp, 112
8000360a: 6c 20        	fld	fa1, 192(s0)
8000360c: 70 61        	ld	a2, 192(a0)
8000360e: 72 74        	ld	s0, 312(sp)
80003610: 20 65        	ld	s0, 72(a0)
80003612: 72 72        	ld	tp, 312(sp)
80003614: 6f 72 20 61  	jal	tp, 0x8000ac26 <timer+0x5c26>
80003618: 74 20        	fld	fa3, 192(s0)
8000361a: 69 6e        	lui	t3, 26
8000361c: 64 65        	ld	s1, 200(a0)
8000361e: 78 20        	fld	fa4, 192(s0)
80003620: 25 64        	lui	s0, 9
80003622: 0a 00        	c.slli	zero, 2
80003624: 49 6e        	lui	t3, 18
80003626: 69 74        	lui	s0, 1048570
80003628: 69 61        	addi	sp, sp, 208
8000362a: 6c 69        	ld	a1, 208(a0)
8000362c: 7a 69        	ld	s2, 408(sp)
8000362e: 6e 67        	ld	a4, 216(sp)
80003630: 20 53        	lw	s0, 96(a4)
80003632: 77 61 70 20  	<unknown>
80003636: 54 61        	ld	a3, 128(a0)
80003638: 62 6c        	ld	s8, 24(sp)
8000363a: 65 0a        	addi	s4, s4, 25
8000363c: 00 52        	lw	s0, 32(a2)
8000363e: 61 64        	lui	s0, 24
80003640: 69 78        	lui	a6, 1048570
80003642: 20 32        	fld	fs0, 96(a2)
80003644: 20 44        	lw	s0, 72(s0)
80003646: 49 46        	li	a2, 18
80003648: 20 46        	lw	s0, 72(a2)
8000364a: 46 54        	lw	s0, 112(sp)
8000364c: 20 6f        	ld	s0, 88(a4)
8000364e: 6e 20        	fld	ft0, 216(sp)
80003650: 25 64        	lui	s0, 9
80003652: 20 70        	ld	s0, 96(s0)
80003654: 6f 69 6e 74  	jal	s2, 0x800e9d9a <timer+0xe4d9a>
80003658: 73 0a 00 54  	<unknown>
8000365c: 68 65        	ld	a0, 200(a0)
8000365e: 20 44        	lw	s0, 72(s0)
80003660: 49 54        	li	s0, -14
80003662: 20 65        	ld	s0, 72(a0)
80003664: 78 65        	ld	a4, 200(a0)
80003666: 63 75 74 69  	bgeu	s0, s7, 0x80003cf0 <mask_addr_3+0x70>
8000366a: 6f 6e 20 74  	jal	t3, 0x80009dac <timer+0x4dac>
8000366e: 6f 6f 6b 20  	jal	t5, 0x800b9874 <timer+0xb4874>
80003672: 25 64        	lui	s0, 9
80003674: 20 63        	ld	s0, 64(a4)
80003676: 79 63        	lui	t1, 30
80003678: 6c 65        	ld	a1, 200(a0)
8000367a: 73 2e 0a 00  	csrrs	t3, ustatus, s4
8000367e: 0a 00        	c.slli	zero, 2
80003680: 49 6d        	lui	s10, 18
80003682: 67 20 70 61  	<unknown>
80003686: 72 74        	ld	s0, 312(sp)
80003688: 20 65        	ld	s0, 72(a0)
8000368a: 72 72        	ld	tp, 312(sp)
8000368c: 6f 72 20 61  	jal	tp, 0x8000ac9e <timer+0x5c9e>
80003690: 74 20        	fld	fa3, 192(s0)
80003692: 69 6e        	lui	t3, 26
80003694: 64 65        	ld	s1, 200(a0)
80003696: 78 20        	fld	fa4, 192(s0)
80003698: 25 64        	lui	s0, 9
8000369a: 0a 00        	c.slli	zero, 2
8000369c: 49 6e        	lui	t3, 18
8000369e: 69 74        	lui	s0, 1048570
800036a0: 69 61        	addi	sp, sp, 208
800036a2: 6c 69        	ld	a1, 208(a0)
800036a4: 7a 69        	ld	s2, 408(sp)
800036a6: 6e 67        	ld	a4, 216(sp)
800036a8: 20 54        	lw	s0, 104(s0)
800036aa: 77 69 64 64  	<unknown>
800036ae: 6c 65        	ld	a1, 200(a0)
800036b0: 20 46        	lw	s0, 72(a2)
800036b2: 61 63        	lui	t1, 24
800036b4: 74 6f        	ld	a3, 216(a4)
800036b6: 72 73        	ld	t1, 312(sp)
800036b8: 0a 00        	c.slli	zero, 2
800036ba: 49 6e        	lui	t3, 18
800036bc: 69 74        	lui	s0, 1048570
800036be: 69 61        	addi	sp, sp, 208
800036c0: 6c 69        	ld	a1, 208(a0)
800036c2: 7a 69        	ld	s2, 408(sp)
800036c4: 6e 67        	ld	a4, 216(sp)
800036c6: 20 49        	lw	s0, 80(a0)
800036c8: 6e 70        	<unknown>
800036ca: 75 74        	lui	s0, 1048573
800036cc: 73 20 66 6f  	csrs	1782, a2
800036d0: 72 20        	fld	ft0, 280(sp)
800036d2: 44 49        	lw	s1, 20(a0)
800036d4: 54 0a        	addi	a3, sp, 276
800036d6: 00 00        	unimp	
800036d8: 58 0e        	addi	a4, sp, 788
800036da: 00 80        	<unknown>
800036dc: 00 00        	unimp	
800036de: 00 00        	unimp	
800036e0: 64 0e        	addi	s1, sp, 796
800036e2: 00 80        	<unknown>
800036e4: 00 00        	unimp	
800036e6: 00 00        	unimp	
800036e8: 64 0e        	addi	s1, sp, 796
800036ea: 00 80        	<unknown>
800036ec: 00 00        	unimp	
800036ee: 00 00        	unimp	
800036f0: 34 0e        	addi	a3, sp, 792
800036f2: 00 80        	<unknown>
800036f4: 00 00        	unimp	
800036f6: 00 00        	unimp	
800036f8: 64 0e        	addi	s1, sp, 796
800036fa: 00 80        	<unknown>
800036fc: 00 00        	unimp	
800036fe: 00 00        	unimp	
80003700: 64 0e        	addi	s1, sp, 796
80003702: 00 80        	<unknown>
80003704: 00 00        	unimp	
80003706: 00 00        	unimp	
80003708: 64 0e        	addi	s1, sp, 796
8000370a: 00 80        	<unknown>
8000370c: 00 00        	unimp	
8000370e: 00 00        	unimp	
80003710: 64 0e        	addi	s1, sp, 796
80003712: 00 80        	<unknown>
80003714: 00 00        	unimp	
80003716: 00 00        	unimp	
80003718: 64 0e        	addi	s1, sp, 796
8000371a: 00 80        	<unknown>
8000371c: 00 00        	unimp	
8000371e: 00 00        	unimp	
80003720: 64 0e        	addi	s1, sp, 796
80003722: 00 80        	<unknown>
80003724: 00 00        	unimp	
80003726: 00 00        	unimp	
80003728: 64 0e        	addi	s1, sp, 796
8000372a: 00 80        	<unknown>
8000372c: 00 00        	unimp	
8000372e: 00 00        	unimp	
80003730: 5c 0e        	addi	a5, sp, 788
80003732: 00 80        	<unknown>
80003734: 00 00        	unimp	
80003736: 00 00        	unimp	
80003738: 64 0e        	addi	s1, sp, 796
8000373a: 00 80        	<unknown>
8000373c: 00 00        	unimp	
8000373e: 00 00        	unimp	
80003740: 60 0e        	addi	s0, sp, 796
80003742: 00 80        	<unknown>
80003744: 00 00        	unimp	
80003746: 00 00        	unimp	
80003748: 64 0e        	addi	s1, sp, 796
8000374a: 00 80        	<unknown>
8000374c: 00 00        	unimp	
8000374e: 00 00        	unimp	
80003750: 64 0e        	addi	s1, sp, 796
80003752: 00 80        	<unknown>
80003754: 00 00        	unimp	
80003756: 00 00        	unimp	
80003758: 36 0e        	slli	t3, t3, 13
8000375a: 00 80        	<unknown>
8000375c: 00 00        	unimp	
8000375e: 00 00        	unimp	
80003760: be 0f        	slli	t6, t6, 15
80003762: 00 80        	<unknown>
80003764: 00 00        	unimp	
80003766: 00 00        	unimp	
80003768: 72 0f        	slli	t5, t5, 28
8000376a: 00 80        	<unknown>
8000376c: 00 00        	unimp	
8000376e: 00 00        	unimp	
80003770: d2 0f        	slli	t6, t6, 20
80003772: 00 80        	<unknown>
80003774: 00 00        	unimp	
80003776: 00 00        	unimp	
80003778: 7a 0f        	slli	t5, t5, 30
8000377a: 00 80        	<unknown>
8000377c: 00 00        	unimp	
8000377e: 00 00        	unimp	
80003780: 7a 0f        	slli	t5, t5, 30
80003782: 00 80        	<unknown>
80003784: 00 00        	unimp	
80003786: 00 00        	unimp	
80003788: 7a 0f        	slli	t5, t5, 30
8000378a: 00 80        	<unknown>
8000378c: 00 00        	unimp	
8000378e: 00 00        	unimp	
80003790: 72 0f        	slli	t5, t5, 28
80003792: 00 80        	<unknown>
80003794: 00 00        	unimp	
80003796: 00 00        	unimp	
80003798: 7a 0f        	slli	t5, t5, 30
8000379a: 00 80        	<unknown>
8000379c: 00 00        	unimp	
8000379e: 00 00        	unimp	
800037a0: 7a 0f        	slli	t5, t5, 30
800037a2: 00 80        	<unknown>
800037a4: 00 00        	unimp	
800037a6: 00 00        	unimp	
800037a8: 72 0f        	slli	t5, t5, 28
800037aa: 00 80        	<unknown>
800037ac: 00 00        	unimp	
800037ae: 00 00        	unimp	
800037b0: 1c 10        	addi	a5, sp, 32
800037b2: 00 80        	<unknown>
800037b4: 00 00        	unimp	
800037b6: 00 00        	unimp	
800037b8: 26 10        	c.slli	zero, 41
800037ba: 00 80        	<unknown>
800037bc: 00 00        	unimp	
800037be: 00 00        	unimp	
800037c0: 26 10        	c.slli	zero, 41
800037c2: 00 80        	<unknown>
800037c4: 00 00        	unimp	
800037c6: 00 00        	unimp	
800037c8: 26 10        	c.slli	zero, 41
800037ca: 00 80        	<unknown>
800037cc: 00 00        	unimp	
800037ce: 00 00        	unimp	
800037d0: 26 10        	c.slli	zero, 41
800037d2: 00 80        	<unknown>
800037d4: 00 00        	unimp	
800037d6: 00 00        	unimp	
800037d8: 26 10        	c.slli	zero, 41
800037da: 00 80        	<unknown>
800037dc: 00 00        	unimp	
800037de: 00 00        	unimp	
800037e0: 26 10        	c.slli	zero, 41
800037e2: 00 80        	<unknown>
800037e4: 00 00        	unimp	
800037e6: 00 00        	unimp	
800037e8: 26 10        	c.slli	zero, 41
800037ea: 00 80        	<unknown>
800037ec: 00 00        	unimp	
800037ee: 00 00        	unimp	
800037f0: 26 10        	c.slli	zero, 41
800037f2: 00 80        	<unknown>
800037f4: 00 00        	unimp	
800037f6: 00 00        	unimp	
800037f8: 26 10        	c.slli	zero, 41
800037fa: 00 80        	<unknown>
800037fc: 00 00        	unimp	
800037fe: 00 00        	unimp	
80003800: 26 10        	c.slli	zero, 41
80003802: 00 80        	<unknown>
80003804: 00 00        	unimp	
80003806: 00 00        	unimp	
80003808: 26 10        	c.slli	zero, 41
8000380a: 00 80        	<unknown>
8000380c: 00 00        	unimp	
8000380e: 00 00        	unimp	
80003810: 26 10        	c.slli	zero, 41
80003812: 00 80        	<unknown>
80003814: 00 00        	unimp	
80003816: 00 00        	unimp	
80003818: 26 10        	c.slli	zero, 41
8000381a: 00 80        	<unknown>
8000381c: 00 00        	unimp	
8000381e: 00 00        	unimp	
80003820: 26 10        	c.slli	zero, 41
80003822: 00 80        	<unknown>
80003824: 00 00        	unimp	
80003826: 00 00        	unimp	
80003828: 26 10        	c.slli	zero, 41
8000382a: 00 80        	<unknown>
8000382c: 00 00        	unimp	
8000382e: 00 00        	unimp	
80003830: 26 10        	c.slli	zero, 41
80003832: 00 80        	<unknown>
80003834: 00 00        	unimp	
80003836: 00 00        	unimp	
80003838: 26 10        	c.slli	zero, 41
8000383a: 00 80        	<unknown>
8000383c: 00 00        	unimp	
8000383e: 00 00        	unimp	
80003840: 26 10        	c.slli	zero, 41
80003842: 00 80        	<unknown>
80003844: 00 00        	unimp	
80003846: 00 00        	unimp	
80003848: 26 10        	c.slli	zero, 41
8000384a: 00 80        	<unknown>
8000384c: 00 00        	unimp	
8000384e: 00 00        	unimp	
80003850: 26 10        	c.slli	zero, 41
80003852: 00 80        	<unknown>
80003854: 00 00        	unimp	
80003856: 00 00        	unimp	
80003858: 26 10        	c.slli	zero, 41
8000385a: 00 80        	<unknown>
8000385c: 00 00        	unimp	
8000385e: 00 00        	unimp	
80003860: 26 10        	c.slli	zero, 41
80003862: 00 80        	<unknown>
80003864: 00 00        	unimp	
80003866: 00 00        	unimp	
80003868: 26 10        	c.slli	zero, 41
8000386a: 00 80        	<unknown>
8000386c: 00 00        	unimp	
8000386e: 00 00        	unimp	
80003870: 26 10        	c.slli	zero, 41
80003872: 00 80        	<unknown>
80003874: 00 00        	unimp	
80003876: 00 00        	unimp	
80003878: 26 10        	c.slli	zero, 41
8000387a: 00 80        	<unknown>
8000387c: 00 00        	unimp	
8000387e: 00 00        	unimp	
80003880: 26 10        	c.slli	zero, 41
80003882: 00 80        	<unknown>
80003884: 00 00        	unimp	
80003886: 00 00        	unimp	
80003888: 26 10        	c.slli	zero, 41
8000388a: 00 80        	<unknown>
8000388c: 00 00        	unimp	
8000388e: 00 00        	unimp	
80003890: 26 10        	c.slli	zero, 41
80003892: 00 80        	<unknown>
80003894: 00 00        	unimp	
80003896: 00 00        	unimp	
80003898: 26 10        	c.slli	zero, 41
8000389a: 00 80        	<unknown>
8000389c: 00 00        	unimp	
8000389e: 00 00        	unimp	
800038a0: 26 10        	c.slli	zero, 41
800038a2: 00 80        	<unknown>
800038a4: 00 00        	unimp	
800038a6: 00 00        	unimp	
800038a8: 26 10        	c.slli	zero, 41
800038aa: 00 80        	<unknown>
800038ac: 00 00        	unimp	
800038ae: 00 00        	unimp	
800038b0: 26 10        	c.slli	zero, 41
800038b2: 00 80        	<unknown>
800038b4: 00 00        	unimp	
800038b6: 00 00        	unimp	
800038b8: e6 0f        	slli	t6, t6, 25
800038ba: 00 80        	<unknown>
800038bc: 00 00        	unimp	
800038be: 00 00        	unimp	
800038c0: 26 10        	c.slli	zero, 41
800038c2: 00 80        	<unknown>
800038c4: 00 00        	unimp	
800038c6: 00 00        	unimp	
800038c8: 26 10        	c.slli	zero, 41
800038ca: 00 80        	<unknown>
800038cc: 00 00        	unimp	
800038ce: 00 00        	unimp	
800038d0: 26 10        	c.slli	zero, 41
800038d2: 00 80        	<unknown>
800038d4: 00 00        	unimp	
800038d6: 00 00        	unimp	
800038d8: 26 10        	c.slli	zero, 41
800038da: 00 80        	<unknown>
800038dc: 00 00        	unimp	
800038de: 00 00        	unimp	
800038e0: 26 10        	c.slli	zero, 41
800038e2: 00 80        	<unknown>
800038e4: 00 00        	unimp	
800038e6: 00 00        	unimp	
800038e8: 26 10        	c.slli	zero, 41
800038ea: 00 80        	<unknown>
800038ec: 00 00        	unimp	
800038ee: 00 00        	unimp	
800038f0: 26 10        	c.slli	zero, 41
800038f2: 00 80        	<unknown>
800038f4: 00 00        	unimp	
800038f6: 00 00        	unimp	
800038f8: 26 10        	c.slli	zero, 41
800038fa: 00 80        	<unknown>
800038fc: 00 00        	unimp	
800038fe: 00 00        	unimp	
80003900: 26 10        	c.slli	zero, 41
80003902: 00 80        	<unknown>
80003904: 00 00        	unimp	
80003906: 00 00        	unimp	
80003908: 26 10        	c.slli	zero, 41
8000390a: 00 80        	<unknown>
8000390c: 00 00        	unimp	
8000390e: 00 00        	unimp	
80003910: 26 10        	c.slli	zero, 41
80003912: 00 80        	<unknown>
80003914: 00 00        	unimp	
80003916: 00 00        	unimp	
80003918: 26 10        	c.slli	zero, 41
8000391a: 00 80        	<unknown>
8000391c: 00 00        	unimp	
8000391e: 00 00        	unimp	
80003920: 26 10        	c.slli	zero, 41
80003922: 00 80        	<unknown>
80003924: 00 00        	unimp	
80003926: 00 00        	unimp	
80003928: 26 10        	c.slli	zero, 41
8000392a: 00 80        	<unknown>
8000392c: 00 00        	unimp	
8000392e: 00 00        	unimp	
80003930: 26 10        	c.slli	zero, 41
80003932: 00 80        	<unknown>
80003934: 00 00        	unimp	
80003936: 00 00        	unimp	
80003938: 26 10        	c.slli	zero, 41
8000393a: 00 80        	<unknown>
8000393c: 00 00        	unimp	
8000393e: 00 00        	unimp	
80003940: 26 10        	c.slli	zero, 41
80003942: 00 80        	<unknown>
80003944: 00 00        	unimp	
80003946: 00 00        	unimp	
80003948: 9e 0f        	slli	t6, t6, 7
8000394a: 00 80        	<unknown>
8000394c: 00 00        	unimp	
8000394e: 00 00        	unimp	
80003950: 26 10        	c.slli	zero, 41
80003952: 00 80        	<unknown>
80003954: 00 00        	unimp	
80003956: 00 00        	unimp	
80003958: 26 10        	c.slli	zero, 41
8000395a: 00 80        	<unknown>
8000395c: 00 00        	unimp	
8000395e: 00 00        	unimp	
80003960: 26 10        	c.slli	zero, 41
80003962: 00 80        	<unknown>
80003964: 00 00        	unimp	
80003966: 00 00        	unimp	
80003968: 26 10        	c.slli	zero, 41
8000396a: 00 80        	<unknown>
8000396c: 00 00        	unimp	
8000396e: 00 00        	unimp	
80003970: 26 10        	c.slli	zero, 41
80003972: 00 80        	<unknown>
80003974: 00 00        	unimp	
80003976: 00 00        	unimp	
80003978: 26 10        	c.slli	zero, 41
8000397a: 00 80        	<unknown>
8000397c: 00 00        	unimp	
8000397e: 00 00        	unimp	
80003980: 26 10        	c.slli	zero, 41
80003982: 00 80        	<unknown>
80003984: 00 00        	unimp	
80003986: 00 00        	unimp	
80003988: 26 10        	c.slli	zero, 41
8000398a: 00 80        	<unknown>
8000398c: 00 00        	unimp	
8000398e: 00 00        	unimp	
80003990: 26 10        	c.slli	zero, 41
80003992: 00 80        	<unknown>
80003994: 00 00        	unimp	
80003996: 00 00        	unimp	
80003998: 68 11        	addi	a0, sp, 172
8000399a: 00 80        	<unknown>
8000399c: 00 00        	unimp	
8000399e: 00 00        	unimp	
800039a0: d8 12        	addi	a4, sp, 356
800039a2: 00 80        	<unknown>
800039a4: 00 00        	unimp	
800039a6: 00 00        	unimp	
800039a8: 9a 0f        	slli	t6, t6, 6
800039aa: 00 80        	<unknown>
800039ac: 00 00        	unimp	
800039ae: 00 00        	unimp	
800039b0: 26 10        	c.slli	zero, 41
800039b2: 00 80        	<unknown>
800039b4: 00 00        	unimp	
800039b6: 00 00        	unimp	
800039b8: e6 0f        	slli	t6, t6, 25
800039ba: 00 80        	<unknown>
800039bc: 00 00        	unimp	
800039be: 00 00        	unimp	
800039c0: 26 10        	c.slli	zero, 41
800039c2: 00 80        	<unknown>
800039c4: 00 00        	unimp	
800039c6: 00 00        	unimp	
800039c8: 26 10        	c.slli	zero, 41
800039ca: 00 80        	<unknown>
800039cc: 00 00        	unimp	
800039ce: 00 00        	unimp	
800039d0: 9a 0f        	slli	t6, t6, 6
800039d2: 00 80        	<unknown>
800039d4: 00 00        	unimp	
800039d6: 00 00        	unimp	
800039d8: 26 10        	c.slli	zero, 41
800039da: 00 80        	<unknown>
800039dc: 00 00        	unimp	
800039de: 00 00        	unimp	
800039e0: 26 10        	c.slli	zero, 41
800039e2: 00 80        	<unknown>
800039e4: 00 00        	unimp	
800039e6: 00 00        	unimp	
800039e8: 26 10        	c.slli	zero, 41
800039ea: 00 80        	<unknown>
800039ec: 00 00        	unimp	
800039ee: 00 00        	unimp	
800039f0: 26 10        	c.slli	zero, 41
800039f2: 00 80        	<unknown>
800039f4: 00 00        	unimp	
800039f6: 00 00        	unimp	
800039f8: 26 10        	c.slli	zero, 41
800039fa: 00 80        	<unknown>
800039fc: 00 00        	unimp	
800039fe: 00 00        	unimp	
80003a00: 6a 11        	slli	sp, sp, 58
80003a02: 00 80        	<unknown>
80003a04: 00 00        	unimp	
80003a06: 00 00        	unimp	
80003a08: 3e 10        	c.slli	zero, 47
80003a0a: 00 80        	<unknown>
80003a0c: 00 00        	unimp	
80003a0e: 00 00        	unimp	
80003a10: 26 10        	c.slli	zero, 41
80003a12: 00 80        	<unknown>
80003a14: 00 00        	unimp	
80003a16: 00 00        	unimp	
80003a18: 26 10        	c.slli	zero, 41
80003a1a: 00 80        	<unknown>
80003a1c: 00 00        	unimp	
80003a1e: 00 00        	unimp	
80003a20: c0 10        	addi	s0, sp, 100
80003a22: 00 80        	<unknown>
80003a24: 00 00        	unimp	
80003a26: 00 00        	unimp	
80003a28: 26 10        	c.slli	zero, 41
80003a2a: 00 80        	<unknown>
80003a2c: 00 00        	unimp	
80003a2e: 00 00        	unimp	
80003a30: 9a 0f        	slli	t6, t6, 6
80003a32: 00 80        	<unknown>
80003a34: 00 00        	unimp	
80003a36: 00 00        	unimp	
80003a38: 26 10        	c.slli	zero, 41
80003a3a: 00 80        	<unknown>
80003a3c: 00 00        	unimp	
80003a3e: 00 00        	unimp	
80003a40: 26 10        	c.slli	zero, 41
80003a42: 00 80        	<unknown>
80003a44: 00 00        	unimp	
80003a46: 00 00        	unimp	
80003a48: 9e 0f        	slli	t6, t6, 7
80003a4a: 00 80        	<unknown>
80003a4c: 00 00        	unimp	
80003a4e: 00 00        	unimp	

0000000080003a50 <_ftoa.pow10>:
80003a50: 00 00        	unimp	
80003a52: 00 00        	unimp	
80003a54: 00 00        	unimp	
80003a56: f0 3f        	fld	fa2, 248(a5)
80003a58: 00 00        	unimp	
80003a5a: 00 00        	unimp	
80003a5c: 00 00        	unimp	
80003a5e: 24 40        	lw	s1, 64(s0)
80003a60: 00 00        	unimp	
80003a62: 00 00        	unimp	
80003a64: 00 00        	unimp	
80003a66: 59 40        	c.li	zero, 22
80003a68: 00 00        	unimp	
80003a6a: 00 00        	unimp	
80003a6c: 00 40        	lw	s0, 0(s0)
80003a6e: 8f 40 00 00  	<unknown>
80003a72: 00 00        	unimp	
80003a74: 00 88        	<unknown>
80003a76: c3 40 00 00  	fmadd.s	ft1, ft0, ft0, ft0, rmm
80003a7a: 00 00        	unimp	
80003a7c: 00 6a        	ld	s0, 16(a2)
80003a7e: f8 40        	lw	a4, 68(s1)
80003a80: 00 00        	unimp	
80003a82: 00 00        	unimp	
80003a84: 80 84        	<unknown>
80003a86: 2e 41        	lw	sp, 200(sp)
80003a88: 00 00        	unimp	
80003a8a: 00 00        	unimp	
80003a8c: d0 12        	addi	a2, sp, 356
80003a8e: 63 41 00 00  	bltz	zero, 0x80003a90 <_ftoa.pow10+0x40>
80003a92: 00 00        	unimp	
80003a94: 84 d7        	sw	s1, 40(a5)
80003a96: 97 41 00 00  	auipc	gp, 4
80003a9a: 00 00        	unimp	
80003a9c: 65 cd        	beqz	a0, 0x80003b94 <mask_addr_1+0x14>
80003a9e: cd 41        	li	gp, 19

Disassembly of section .sdata:

0000000080003aa0 <.sdata>:
80003aa0: 00 00        	unimp	
80003aa2: a0 40        	lw	s0, 64(s1)
80003aa4: 00 00        	unimp	
80003aa6: 20 41        	lw	s0, 64(a0)
80003aa8: 00 00        	unimp	
80003aaa: 00 00        	unimp	
80003aac: 00 00        	unimp	
80003aae: f0 3f        	fld	fa2, 248(a5)
80003ab0: 00 00        	unimp	
80003ab2: 00 00        	unimp	
80003ab4: 00 00        	unimp	
80003ab6: e0 3f        	fld	fs0, 248(a5)
80003ab8: 00 00        	unimp	
80003aba: c0 ff        	sd	s0, 184(a5)
80003abc: ff ff df 41  	<unknown>
80003ac0: cd cc        	beqz	s1, 0x80003b7a <mask_addr_0+0x7a>
80003ac2: cc cc        	sw	a1, 28(s1)
80003ac4: cc cc        	sw	a1, 28(s1)
80003ac6: cc cc        	sw	a1, 28(s1)

Disassembly of section .l2:

0000000080003b00 <mask_addr_0>:
80003b00: 00 00        	unimp	
80003b02: ff ff 00 00  	<unknown>
80003b06: ff ff 13 00  	<unknown>
80003b0a: 00 00        	unimp	
80003b0c: 13 00 00 00  	nop
80003b10: 13 00 00 00  	nop
80003b14: 13 00 00 00  	nop
80003b18: 13 00 00 00  	nop
80003b1c: 13 00 00 00  	nop
80003b20: 13 00 00 00  	nop
80003b24: 13 00 00 00  	nop
80003b28: 13 00 00 00  	nop
80003b2c: 13 00 00 00  	nop
80003b30: 13 00 00 00  	nop
80003b34: 13 00 00 00  	nop
80003b38: 13 00 00 00  	nop
80003b3c: 13 00 00 00  	nop
80003b40: 13 00 00 00  	nop
80003b44: 13 00 00 00  	nop
80003b48: 13 00 00 00  	nop
80003b4c: 13 00 00 00  	nop
80003b50: 13 00 00 00  	nop
80003b54: 13 00 00 00  	nop
80003b58: 13 00 00 00  	nop
80003b5c: 13 00 00 00  	nop
80003b60: 13 00 00 00  	nop
80003b64: 13 00 00 00  	nop
80003b68: 13 00 00 00  	nop
80003b6c: 13 00 00 00  	nop
80003b70: 13 00 00 00  	nop
80003b74: 13 00 00 00  	nop
80003b78: 13 00 00 00  	nop
80003b7c: 13 00 00 00  	nop

0000000080003b80 <mask_addr_1>:
80003b80: 00 ff        	sd	s0, 56(a4)
80003b82: 00 ff        	sd	s0, 56(a4)
80003b84: 00 ff        	sd	s0, 56(a4)
80003b86: 00 ff        	sd	s0, 56(a4)
80003b88: 13 00 00 00  	nop
80003b8c: 13 00 00 00  	nop
80003b90: 13 00 00 00  	nop
80003b94: 13 00 00 00  	nop
80003b98: 13 00 00 00  	nop
80003b9c: 13 00 00 00  	nop
80003ba0: 13 00 00 00  	nop
80003ba4: 13 00 00 00  	nop
80003ba8: 13 00 00 00  	nop
80003bac: 13 00 00 00  	nop
80003bb0: 13 00 00 00  	nop
80003bb4: 13 00 00 00  	nop
80003bb8: 13 00 00 00  	nop
80003bbc: 13 00 00 00  	nop
80003bc0: 13 00 00 00  	nop
80003bc4: 13 00 00 00  	nop
80003bc8: 13 00 00 00  	nop
80003bcc: 13 00 00 00  	nop
80003bd0: 13 00 00 00  	nop
80003bd4: 13 00 00 00  	nop
80003bd8: 13 00 00 00  	nop
80003bdc: 13 00 00 00  	nop
80003be0: 13 00 00 00  	nop
80003be4: 13 00 00 00  	nop
80003be8: 13 00 00 00  	nop
80003bec: 13 00 00 00  	nop
80003bf0: 13 00 00 00  	nop
80003bf4: 13 00 00 00  	nop
80003bf8: 13 00 00 00  	nop
80003bfc: 13 00 00 00  	nop

0000000080003c00 <mask_addr_2>:
80003c00: f0 f0        	sd	a2, 224(s1)
80003c02: f0 f0        	sd	a2, 224(s1)
80003c04: f0 f0        	sd	a2, 224(s1)
80003c06: f0 f0        	sd	a2, 224(s1)
80003c08: 13 00 00 00  	nop
80003c0c: 13 00 00 00  	nop
80003c10: 13 00 00 00  	nop
80003c14: 13 00 00 00  	nop
80003c18: 13 00 00 00  	nop
80003c1c: 13 00 00 00  	nop
80003c20: 13 00 00 00  	nop
80003c24: 13 00 00 00  	nop
80003c28: 13 00 00 00  	nop
80003c2c: 13 00 00 00  	nop
80003c30: 13 00 00 00  	nop
80003c34: 13 00 00 00  	nop
80003c38: 13 00 00 00  	nop
80003c3c: 13 00 00 00  	nop
80003c40: 13 00 00 00  	nop
80003c44: 13 00 00 00  	nop
80003c48: 13 00 00 00  	nop
80003c4c: 13 00 00 00  	nop
80003c50: 13 00 00 00  	nop
80003c54: 13 00 00 00  	nop
80003c58: 13 00 00 00  	nop
80003c5c: 13 00 00 00  	nop
80003c60: 13 00 00 00  	nop
80003c64: 13 00 00 00  	nop
80003c68: 13 00 00 00  	nop
80003c6c: 13 00 00 00  	nop
80003c70: 13 00 00 00  	nop
80003c74: 13 00 00 00  	nop
80003c78: 13 00 00 00  	nop
80003c7c: 13 00 00 00  	nop

0000000080003c80 <mask_addr_3>:
80003c80: cc cc        	sw	a1, 28(s1)
80003c82: cc cc        	sw	a1, 28(s1)
80003c84: cc cc        	sw	a1, 28(s1)
80003c86: cc cc        	sw	a1, 28(s1)
80003c88: 13 00 00 00  	nop
80003c8c: 13 00 00 00  	nop
80003c90: 13 00 00 00  	nop
80003c94: 13 00 00 00  	nop
80003c98: 13 00 00 00  	nop
80003c9c: 13 00 00 00  	nop
80003ca0: 13 00 00 00  	nop
80003ca4: 13 00 00 00  	nop
80003ca8: 13 00 00 00  	nop
80003cac: 13 00 00 00  	nop
80003cb0: 13 00 00 00  	nop
80003cb4: 13 00 00 00  	nop
80003cb8: 13 00 00 00  	nop
80003cbc: 13 00 00 00  	nop
80003cc0: 13 00 00 00  	nop
80003cc4: 13 00 00 00  	nop
80003cc8: 13 00 00 00  	nop
80003ccc: 13 00 00 00  	nop
80003cd0: 13 00 00 00  	nop
80003cd4: 13 00 00 00  	nop
80003cd8: 13 00 00 00  	nop
80003cdc: 13 00 00 00  	nop
80003ce0: 13 00 00 00  	nop
80003ce4: 13 00 00 00  	nop
80003ce8: 13 00 00 00  	nop
80003cec: 13 00 00 00  	nop
80003cf0: 13 00 00 00  	nop
80003cf4: 13 00 00 00  	nop
80003cf8: 13 00 00 00  	nop
80003cfc: 13 00 00 00  	nop

0000000080003d00 <mask_addr_4>:
80003d00: aa aa        	fsd	fa0, 336(sp)
80003d02: aa aa        	fsd	fa0, 336(sp)
80003d04: aa aa        	fsd	fa0, 336(sp)
80003d06: aa aa        	fsd	fa0, 336(sp)
80003d08: 13 00 00 00  	nop
80003d0c: 13 00 00 00  	nop
80003d10: 13 00 00 00  	nop
80003d14: 13 00 00 00  	nop
80003d18: 13 00 00 00  	nop
80003d1c: 13 00 00 00  	nop
80003d20: 13 00 00 00  	nop
80003d24: 13 00 00 00  	nop
80003d28: 13 00 00 00  	nop
80003d2c: 13 00 00 00  	nop
80003d30: 13 00 00 00  	nop
80003d34: 13 00 00 00  	nop
80003d38: 13 00 00 00  	nop
80003d3c: 13 00 00 00  	nop
80003d40: 13 00 00 00  	nop
80003d44: 13 00 00 00  	nop
80003d48: 13 00 00 00  	nop
80003d4c: 13 00 00 00  	nop
80003d50: 13 00 00 00  	nop
80003d54: 13 00 00 00  	nop
80003d58: 13 00 00 00  	nop
80003d5c: 13 00 00 00  	nop
80003d60: 13 00 00 00  	nop
80003d64: 13 00 00 00  	nop
80003d68: 13 00 00 00  	nop
80003d6c: 13 00 00 00  	nop
80003d70: 13 00 00 00  	nop
80003d74: 13 00 00 00  	nop
80003d78: 13 00 00 00  	nop
80003d7c: 13 00 00 00  	nop

0000000080003d80 <index_ptr>:
80003d80: 00 00        	unimp	
80003d82: 00 00        	unimp	
80003d84: 10 00        	<unknown>
80003d86: 00 00        	unimp	
80003d88: 08 00        	<unknown>
80003d8a: 00 00        	unimp	
80003d8c: 18 00        	<unknown>
80003d8e: 00 00        	unimp	
80003d90: 04 00        	<unknown>
80003d92: 00 00        	unimp	
80003d94: 14 00        	<unknown>
80003d96: 00 00        	unimp	
80003d98: 0c 00        	<unknown>
80003d9a: 00 00        	unimp	
80003d9c: 1c 00        	<unknown>
80003d9e: 00 00        	unimp	
80003da0: 02 00        	c.slli64	zero
80003da2: 00 00        	unimp	
80003da4: 12 00        	c.slli	zero, 4
80003da6: 00 00        	unimp	
80003da8: 0a 00        	c.slli	zero, 2
80003daa: 00 00        	unimp	
80003dac: 1a 00        	c.slli	zero, 6
80003dae: 00 00        	unimp	
80003db0: 06 00        	c.slli	zero, 1
80003db2: 00 00        	unimp	
80003db4: 16 00        	c.slli	zero, 5
80003db6: 00 00        	unimp	
80003db8: 0e 00        	c.slli	zero, 3
80003dba: 00 00        	unimp	
80003dbc: 1e 00        	c.slli	zero, 7
80003dbe: 00 00        	unimp	
80003dc0: 01 00        	nop
80003dc2: 00 00        	unimp	
80003dc4: 11 00        	c.nop	4
80003dc6: 00 00        	unimp	
80003dc8: 09 00        	c.nop	2
80003dca: 00 00        	unimp	
80003dcc: 19 00        	c.nop	6
80003dce: 00 00        	unimp	
80003dd0: 05 00        	c.nop	1
80003dd2: 00 00        	unimp	
80003dd4: 15 00        	c.nop	5
80003dd6: 00 00        	unimp	
80003dd8: 0d 00        	c.nop	3
80003dda: 00 00        	unimp	
80003ddc: 1d 00        	c.nop	7
80003dde: 00 00        	unimp	
80003de0: 03 00 00 00  	lb	zero, 0(zero)
80003de4: 13 00 00 00  	nop
80003de8: 0b 00 00 00  	<unknown>
80003dec: 1b 00 00 00  	sext.w	zero, zero
80003df0: 07 00 00 00  	vle8.v	v0, (zero), v0.t
80003df4: 17 00 00 00  	auipc	zero, 0
80003df8: 0f 00 00 00  	fence	0, 0
80003dfc: 1f 00 00 00  	<unknown>

0000000080003e00 <SwapTable>:
		...

0000000080004000 <samples_copy>:
		...

0000000080004800 <samples_vec>:
		...

0000000080005000 <timer>:
		...

Disassembly of section .comment:

0000000000000000 <.comment>:
       0: 63 6c 61 6e  	bltu	sp, t1, 0x6f8 <.comment+0x6f8>
       4: 67 20 76 65  	<unknown>
       8: 72 73        	ld	t1, 312(sp)
       a: 69 6f        	lui	t5, 26
       c: 6e 20        	fld	ft0, 216(sp)
       e: 31 36        	addiw	a2, a2, -20
      10: 2e 30        	fld	ft0, 232(sp)
      12: 2e 30        	fld	ft0, 232(sp)
      14: 20 28        	fld	fs0, 80(s0)
      16: 68 74        	ld	a0, 232(s0)
      18: 74 70        	ld	a3, 224(s0)
      1a: 73 3a 2f 2f  	csrrc	s4, 754, t5
      1e: 67 69 74 68  	<unknown>
      22: 75 62        	lui	tp, 29
      24: 2e 63        	ld	t1, 200(sp)
      26: 6f 6d 2f 6c  	jal	s10, 0xf66e8 <.comment+0xf66e8>
      2a: 6c 76        	ld	a1, 232(a2)
      2c: 6d 2f        	addiw	t5, t5, 27
      2e: 6c 6c        	ld	a1, 216(s0)
      30: 76 6d        	ld	s10, 344(sp)
      32: 2d 70        	c.lui	zero, -21
      34: 72 6f        	ld	t5, 280(sp)
      36: 6a 65        	ld	a0, 152(sp)
      38: 63 74 2e 67  	bgeu	t3, s2, 0x6a0 <.comment+0x6a0>
      3c: 69 74        	lui	s0, 1048570
      3e: 20 35        	fld	fs0, 104(a0)
      40: 30 34        	fld	fa2, 104(s0)
      42: 37 31 30 34  	lui	sp, 213763
      46: 61 37        	addiw	a4, a4, -8
      48: 36 34        	fld	fs0, 360(sp)
      4a: 34 35        	fld	fa3, 104(a0)
      4c: 62 62        	ld	tp, 24(sp)
      4e: 34 32        	fld	fa3, 96(a2)
      50: 34 65        	ld	a3, 72(a0)
      52: 34 38        	fld	fa3, 112(s0)
      54: 30 35        	fld	fa2, 104(a0)
      56: 39 34        	addiw	s0, s0, -18
      58: 66 30        	fld	ft0, 120(sp)
      5a: 65 62        	lui	tp, 25
      5c: 32 65        	ld	a0, 264(sp)
      5e: 64 37        	fld	fs1, 232(a4)
      60: 36 38        	fld	fa6, 360(sp)
      62: 33 31 35 62  	<unknown>
      66: 33 29 00 00  	sltz	s2, zero
      6a: 4c 69        	ld	a1, 144(a0)
      6c: 6e 6b        	ld	s6, 216(sp)
      6e: 65 72        	lui	tp, 1048569
      70: 3a 20        	fld	ft0, 392(sp)
      72: 4c 4c        	lw	a1, 28(s0)
      74: 44 20        	fld	fs1, 128(s0)
      76: 31 36        	addiw	a2, a2, -20
      78: 2e 30        	fld	ft0, 232(sp)
      7a: 2e 30        	fld	ft0, 232(sp)
      7c: 00           	<unknown>

Disassembly of section .riscv.attributes:

0000000000000000 <.riscv.attributes>:
       0: 41 99        	andi	a0, a0, -16
       2: 00 00        	unimp	
       4: 00 72        	ld	s0, 32(a2)
       6: 69 73        	lui	t1, 1048570
       8: 63 76 00 01  	bgeu	zero, a6, 0x14 <.riscv.attributes+0x14>
       c: 8f 00 00 00  	<unknown>
      10: 04 10        	addi	s1, sp, 32
      12: 05 72        	lui	tp, 1048545
      14: 76 36        	fld	fa2, 376(sp)
      16: 34 69        	ld	a3, 80(a0)
      18: 32 70        	<unknown>
      1a: 30 5f        	lw	a2, 120(a4)
      1c: 6d 32        	addiw	tp, tp, -5
      1e: 70 30        	fld	fa2, 224(s0)
      20: 5f 61 32 70  	<unknown>
      24: 30 5f        	lw	a2, 120(a4)
      26: 66 32        	fld	ft4, 120(sp)
      28: 70 30        	fld	fa2, 224(s0)
      2a: 5f 64 32 70  	<unknown>
      2e: 30 5f        	lw	a2, 120(a4)
      30: 63 32 70 30  	<unknown>
      34: 5f 76 31 70  	<unknown>
      38: 30 5f        	lw	a2, 120(a4)
      3a: 7a 66        	ld	a2, 408(sp)
      3c: 68 31        	fld	fa0, 224(a0)
      3e: 70 30        	fld	fa2, 224(s0)
      40: 5f 7a 76 65  	<unknown>
      44: 33 32 66 31  	<unknown>
      48: 70 30        	fld	fa2, 224(s0)
      4a: 5f 7a 76 65  	<unknown>
      4e: 33 32 78 31  	<unknown>
      52: 70 30        	fld	fa2, 224(s0)
      54: 5f 7a 76 65  	<unknown>
      58: 36 34        	fld	fs0, 360(sp)
      5a: 64 31        	fld	fs1, 224(a0)
      5c: 70 30        	fld	fa2, 224(s0)
      5e: 5f 7a 76 65  	<unknown>
      62: 36 34        	fld	fs0, 360(sp)
      64: 66 31        	fld	ft2, 120(sp)
      66: 70 30        	fld	fa2, 224(s0)
      68: 5f 7a 76 65  	<unknown>
      6c: 36 34        	fld	fs0, 360(sp)
      6e: 78 31        	fld	fa4, 224(a0)
      70: 70 30        	fld	fa2, 224(s0)
      72: 5f 7a 76 66  	<unknown>
      76: 68 30        	fld	fa0, 224(s0)
      78: 70 31        	fld	fa2, 224(a0)
      7a: 5f 7a 76 6c  	<unknown>
      7e: 31 32        	addiw	tp, tp, -20
      80: 38 62        	ld	a4, 64(a2)
      82: 31 70        	c.lui	zero, -20
      84: 30 5f        	lw	a2, 120(a4)
      86: 7a 76        	ld	a2, 440(sp)
      88: 6c 33        	fld	fa1, 224(a4)
      8a: 32 62        	ld	tp, 264(sp)
      8c: 31 70        	c.lui	zero, -20
      8e: 30 5f        	lw	a2, 120(a4)
      90: 7a 76        	ld	a2, 440(sp)
      92: 6c 36        	fld	fa1, 232(a2)
      94: 34 62        	ld	a3, 64(a2)
      96: 31 70        	c.lui	zero, -20
      98: 30 00        	addi	a2, sp, 8

Disassembly of section .debug_loclists:

0000000000000000 <.debug_loclists>:
       0: 2d 00        	c.nop	11
       2: 00 00        	unimp	
       4: 05 00        	c.nop	1
       6: 08 00        	<unknown>
       8: 03 00 00 00  	lb	zero, 0(zero)
       c: 0c 00        	<unknown>
       e: 00 00        	unimp	
      10: 19 00        	c.nop	6
      12: 00 00        	unimp	
      14: 1f 00 00 00  	<unknown>
      18: 04 00        	<unknown>
      1a: 32 02        	slli	tp, tp, 12
      1c: 90 2a        	fld	fa2, 16(a3)
      1e: 04 34        	fld	fs1, 40(s0)
      20: 3e 02        	slli	tp, tp, 15
      22: 90 2a        	fld	fa2, 16(a3)
      24: 00 04        	addi	s0, sp, 512
      26: 08 26        	fld	fa0, 8(a2)
      28: 01 5a        	li	s4, -32
      2a: 00 04        	addi	s0, sp, 512
      2c: 3e 40        	<unknown>
      2e: 01 5a        	li	s4, -32
      30: 00 8c        	<unknown>
      32: 00 00        	unimp	
      34: 00 05        	addi	s0, sp, 640
      36: 00 08        	addi	s0, sp, 16
      38: 00 07        	addi	s0, sp, 896
      3a: 00 00        	unimp	
      3c: 00 1c        	addi	s0, sp, 560
      3e: 00 00        	unimp	
      40: 00 32        	fld	fs0, 32(a2)
      42: 00 00        	unimp	
      44: 00 48        	lw	s0, 16(s0)
      46: 00 00        	unimp	
      48: 00 58        	lw	s0, 48(s0)
      4a: 00 00        	unimp	
      4c: 00 69        	ld	s0, 16(a0)
      4e: 00 00        	unimp	
      50: 00 72        	ld	s0, 32(a2)
      52: 00 00        	unimp	
      54: 00 7b        	ld	s0, 48(a4)
      56: 00 00        	unimp	
      58: 00 04        	addi	s0, sp, 512
      5a: 00 24        	fld	fs0, 8(s0)
      5c: 02 90        	ebreak	
      5e: 2a 04        	slli	s0, s0, 10
      60: 26 bc        	fsd	fs1, 56(sp)
      62: 01 02        	mv	tp, tp
      64: 90 2a        	fld	fa2, 16(a3)
      66: 04 be        	fsd	fs1, 56(a2)
      68: 01 8c        	sub	s0, s0, s0
      6a: 02 02        	c.slli64	tp
      6c: 90 2a        	fld	fa2, 16(a3)
      6e: 00 04        	addi	s0, sp, 512
      70: 84 01        	addi	s1, sp, 192
      72: a0 01        	addi	s0, sp, 200
      74: 01 5b        	li	s6, -32
      76: 04 be        	fsd	fs1, 56(a2)
      78: 01 cc        	beqz	s0, 0x90 <.debug_loclists+0x90>
      7a: 01 01        	mv	sp, sp
      7c: 5b 04 d4 01  	<unknown>
      80: d8 01        	addi	a4, sp, 196
      82: 01 5b        	li	s6, -32
      84: 00 04        	addi	s0, sp, 512
      86: 4e b8        	fsd	fs3, 48(sp)
      88: 01 02        	mv	tp, tp
      8a: 90 20        	fld	fa2, 0(s1)
      8c: 04 be        	fsd	fs1, 56(a2)
      8e: 01 84        	c.srai64	s0
      90: 02 02        	c.slli64	tp
      92: 90 20        	fld	fa2, 0(s1)
      94: 00 04        	addi	s0, sp, 512
      96: 94 01        	addi	a3, sp, 192
      98: b4 01        	addi	a3, sp, 200
      9a: 02 90        	ebreak	
      9c: 21 04        	addi	s0, s0, 8
      9e: be 01        	slli	gp, gp, 15
      a0: 8e 02        	slli	t0, t0, 3
      a2: 02 90        	ebreak	
      a4: 21 00        	c.nop	8
      a6: 04 e0        	sd	s1, 0(s0)
      a8: 01 f8        	bnez	s0, 0xffffffffffffffb8 <timer+0xffffffff7fffafb8>
      aa: 01 02        	mv	tp, tp
      ac: 90 22        	fld	fa2, 0(a3)
      ae: 00 04        	addi	s0, sp, 512
      b0: f4 01        	addi	a3, sp, 204
      b2: 8e 02        	slli	t0, t0, 3
      b4: 02 90        	ebreak	
      b6: 23 00 04 f8  	sb	zero, -128(s0)
      ba: 01 8e        	sub	a2, a2, s0
      bc: 02 02        	c.slli64	tp
      be: 90 22        	fld	fa2, 0(a3)
      c0: 00 54        	lw	s0, 40(s0)
      c2: 02 00        	c.slli64	zero
      c4: 00 05        	addi	s0, sp, 640
      c6: 00 08        	addi	s0, sp, 16
      c8: 00 13        	addi	s0, sp, 416
      ca: 00 00        	unimp	
      cc: 00 4c        	lw	s0, 24(s0)
      ce: 00 00        	unimp	
      d0: 00 64        	ld	s0, 8(s0)
      d2: 00 00        	unimp	
      d4: 00 70        	ld	s0, 32(s0)
      d6: 00 00        	unimp	
      d8: 00 ed        	sd	s0, 24(a0)
      da: 00 00        	unimp	
      dc: 00 f4        	sd	s0, 40(s0)
      de: 00 00        	unimp	
      e0: 00 08        	addi	s0, sp, 16
      e2: 01 00        	nop
      e4: 00 0f        	addi	s0, sp, 912
      e6: 01 00        	nop
      e8: 00 28        	fld	fs0, 16(s0)
      ea: 01 00        	nop
      ec: 00 37        	fld	fs0, 40(a4)
      ee: 01 00        	nop
      f0: 00 48        	lw	s0, 16(s0)
      f2: 01 00        	nop
      f4: 00 71        	ld	s0, 32(a0)
      f6: 01 00        	nop
      f8: 00 92        	<unknown>
      fa: 01 00        	nop
      fc: 00 9a        	<unknown>
      fe: 01 00        	nop
     100: 00 c7        	sw	s0, 8(a4)
     102: 01 00        	nop
     104: 00 f5        	sd	s0, 40(a0)
     106: 01 00        	nop
     108: 00 0d        	addi	s0, sp, 656
     10a: 02 00        	c.slli64	zero
     10c: 00 15        	addi	s0, sp, 672
     10e: 02 00        	c.slli64	zero
     110: 00 25        	fld	fs0, 8(a0)
     112: 02 00        	c.slli64	zero
     114: 00 2d        	fld	fs0, 24(a0)
     116: 02 00        	c.slli64	zero
     118: 00 04        	addi	s0, sp, 512
     11a: 00 a2        	fsd	fs0, 0(a2)
     11c: 01 02        	mv	tp, tp
     11e: 90 2a        	fld	fa2, 16(a3)
     120: 04 9c        	<unknown>
     122: 03 9e 05 02  	lh	t3, 32(a1)
     126: 90 2a        	fld	fa2, 16(a3)
     128: 04 b8        	fsd	fs1, 48(s0)
     12a: 05 dc        	beqz	s0, 0x62 <.debug_loclists+0x62>
     12c: 05 02        	addi	tp, tp, 1
     12e: 90 2a        	fld	fa2, 16(a3)
     130: 00 04        	addi	s0, sp, 512
     132: 00 24        	fld	fs0, 8(s0)
     134: 01 5a        	li	s4, -32
     136: 04 24        	fld	fs1, 8(s0)
     138: 88 06        	addi	a0, sp, 832
     13a: 01 58        	li	a6, -32
     13c: 00 04        	addi	s0, sp, 512
     13e: 0a 5c        	lw	s8, 160(sp)
     140: 0a 9e        	add	t3, t3, sp
     142: 08 00        	<unknown>
     144: 00 00        	unimp	
     146: 00 00        	unimp	
     148: 00 00        	unimp	
     14a: 00 04        	addi	s0, sp, 512
     14c: 5c 88        	<unknown>
     14e: 01 02        	mv	tp, tp
     150: 90 20        	fld	fa2, 0(s1)
     152: 04 8e        	<unknown>
     154: 01 d0        	beqz	s0, 0x54 <.debug_loclists+0x54>
     156: 03 0a 9e 08  	lb	s4, 137(t3)
		...
     162: 04 d0        	sw	s1, 32(s0)
     164: 03 fc 03 02  	<unknown>
     168: 90 20        	fld	fa2, 0(s1)
     16a: 04 82        	<unknown>
     16c: 04 9a        	<unknown>
     16e: 04 02        	addi	s1, sp, 256
     170: 90 20        	fld	fa2, 0(s1)
     172: 04 a6        	fsd	fs1, 8(a2)
     174: 04 ac        	fsd	fs1, 24(s0)
     176: 04 0a        	addi	s1, sp, 272
     178: 9e 08        	slli	a7, a7, 7
		...
     182: 04 ac        	fsd	fs1, 24(s0)
     184: 04 c0        	sw	s1, 0(s0)
     186: 04 01        	addi	s1, sp, 128
     188: 5b 04 c0 04  	<unknown>
     18c: da 04        	slli	s1, s1, 22
     18e: 02 90        	ebreak	
     190: 20 04        	addi	s0, sp, 520
     192: de 04        	slli	s1, s1, 23
     194: ec 04        	addi	a1, sp, 588
     196: 02 90        	ebreak	
     198: 20 04        	addi	s0, sp, 520
     19a: f0 04        	addi	a2, sp, 588
     19c: fa 04        	slli	s1, s1, 30
     19e: 02 90        	ebreak	
     1a0: 20 04        	addi	s0, sp, 520
     1a2: b8 05        	addi	a4, sp, 712
     1a4: d0 05        	addi	a2, sp, 708
     1a6: 02 90        	ebreak	
     1a8: 20 04        	addi	s0, sp, 520
     1aa: dc 05        	addi	a5, sp, 708
     1ac: fc 05        	addi	a5, sp, 716
     1ae: 0a 9e        	add	t3, t3, sp
     1b0: 08 00        	<unknown>
		...
     1ba: 04 0a        	addi	s1, sp, 272
     1bc: 28 02        	addi	a0, sp, 264
     1be: 90 2a        	fld	fa2, 16(a3)
     1c0: 00 04        	addi	s0, sp, 512
     1c2: 12 40        	<unknown>
     1c4: 01 5b        	li	s6, -32
     1c6: 04 8e        	<unknown>
     1c8: 01 a2        	j	0x2c8 <.debug_loclists+0x2c8>
     1ca: 01 01        	mv	sp, sp
     1cc: 5b 04 9c 03  	<unknown>
     1d0: a4 03        	addi	s1, sp, 456
     1d2: 01 5b        	li	s6, -32
     1d4: 00 04        	addi	s0, sp, 512
     1d6: 1a 8a        	mv	s4, t1
     1d8: 06 01        	slli	sp, sp, 1
     1da: 59 00        	c.nop	22
     1dc: 04 ba        	fsd	fs1, 48(a2)
     1de: 01 a0        	j	0x1de <.debug_loclists+0x1de>
     1e0: 02 02        	c.slli64	tp
     1e2: 90 2a        	fld	fa2, 16(a3)
     1e4: 04 a0        	fsd	fs1, 0(s0)
     1e6: 02 c4        	sw	zero, 8(sp)
     1e8: 02 02        	c.slli64	tp
     1ea: 90 20        	fld	fa2, 0(s1)
     1ec: 04 e6        	sd	s1, 8(a2)
     1ee: 02 8a        	jr	s4
     1f0: 03 02 90 24  	lb	tp, 585(zero)
     1f4: 00 04        	addi	s0, sp, 512
     1f6: c2 01        	slli	gp, gp, 16
     1f8: 9c 03        	addi	a5, sp, 448
     1fa: 01 5a        	li	s4, -32
     1fc: 04 dc        	sw	s1, 56(s0)
     1fe: 05 fc        	bnez	s0, 0x136 <.debug_loclists+0x136>
     200: 05 01        	addi	sp, sp, 1
     202: 5a 00        	c.slli	zero, 22
     204: 04 de        	sw	s1, 56(a2)
     206: 01 9c        	subw	s0, s0, s0
     208: 03 02 90 22  	lb	tp, 553(zero)
     20c: 04 dc        	sw	s1, 56(s0)
     20e: 05 fc        	bnez	s0, 0x146 <.debug_loclists+0x146>
     210: 05 02        	addi	tp, tp, 1
     212: 90 22        	fld	fa2, 0(a3)
     214: 00 04        	addi	s0, sp, 512
     216: e2 01        	slli	gp, gp, 24
     218: c0 02        	addi	s0, sp, 324
     21a: 02 90        	ebreak	
     21c: 20 04        	addi	s0, sp, 520
     21e: c0 02        	addi	s0, sp, 324
     220: 86 03        	slli	t2, t2, 1
     222: 02 90        	ebreak	
     224: 24 04        	addi	s1, sp, 520
     226: 86 03        	slli	t2, t2, 1
     228: 9c 03        	addi	a5, sp, 448
     22a: 02 90        	ebreak	
     22c: 20 04        	addi	s0, sp, 520
     22e: dc 05        	addi	a5, sp, 708
     230: e0 05        	addi	s0, sp, 716
     232: 02 90        	ebreak	
     234: 24 04        	addi	s1, sp, 520
     236: e0 05        	addi	s0, sp, 716
     238: e4 05        	addi	s1, sp, 716
     23a: 02 90        	ebreak	
     23c: 20 00        	addi	s0, sp, 8
     23e: 04 e8        	sd	s1, 16(s0)
     240: 01 ac        	j	0x450 <.debug_loclists+0x450>
     242: 02 02        	c.slli64	tp
     244: 90 21        	fld	fa2, 0(a1)
     246: 04 b0        	fsd	fs1, 32(s0)
     248: 02 8e        	jr	t3
     24a: 03 02 90 21  	lb	tp, 537(zero)
     24e: 04 92        	<unknown>
     250: 03 9c 03 02  	lh	s8, 32(t2)
     254: 90 21        	fld	fa2, 0(a1)
     256: 04 dc        	sw	s1, 56(s0)
     258: 05 f4        	bnez	s0, 0x180 <.debug_loclists+0x180>
     25a: 05 02        	addi	tp, tp, 1
     25c: 90 21        	fld	fa2, 0(a1)
     25e: 00 04        	addi	s0, sp, 512
     260: 86 02        	slli	t0, t0, 1
     262: da 02        	slli	t0, t0, 22
     264: 01 5b        	li	s6, -32
     266: 00 04        	addi	s0, sp, 512
     268: 8e 02        	slli	t0, t0, 3
     26a: 90 02        	addi	a2, sp, 320
     26c: 10 7c        	ld	a2, 56(s0)
     26e: 00 10        	addi	s0, sp, 32
     270: 20 25        	fld	fs0, 72(a0)
     272: a8 ab        	fsd	fa0, 80(a5)
     274: 80 80        	<unknown>
     276: 00 a8        	fsd	fs0, 16(s0)
     278: af 80 80 00  	<unknown>
     27c: 9f 04 d4 02  	<unknown>
     280: d6 02        	slli	t0, t0, 21
     282: 10 7c        	ld	a2, 56(s0)
     284: 00 10        	addi	s0, sp, 32
     286: 20 25        	fld	fs0, 72(a0)
     288: a8 ab        	fsd	fa0, 80(a5)
     28a: 80 80        	<unknown>
     28c: 00 a8        	fsd	fs0, 16(s0)
     28e: af 80 80 00  	<unknown>
     292: 9f 00 04 96  	<unknown>
     296: 02 a4        	fsd	ft0, 8(sp)
     298: 02 01        	c.slli64	sp
     29a: 5c 04        	addi	a5, sp, 516
     29c: da 02        	slli	t0, t0, 22
     29e: ea 02        	slli	t0, t0, 26
     2a0: 01 5b        	li	s6, -32
     2a2: 04 c0        	sw	s1, 0(s0)
     2a4: 04 de        	sw	s1, 56(a2)
     2a6: 04 02        	addi	s1, sp, 256
     2a8: 30 9f        	<unknown>
     2aa: 04 de        	sw	s1, 56(a2)
     2ac: 04 f0        	sd	s1, 32(s0)
     2ae: 04 02        	addi	s1, sp, 256
     2b0: 31 9f        	addw	a4, a4, a2
     2b2: 04 f0        	sd	s1, 32(s0)
     2b4: 04 b8        	fsd	fs1, 48(s0)
     2b6: 05 02        	addi	tp, tp, 1
     2b8: 32 9f        	add	t5, t5, a2
     2ba: 04 dc        	sw	s1, 56(s0)
     2bc: 05 e0        	bnez	s0, 0x2dc <.debug_loclists+0x2dc>
     2be: 05 01        	addi	sp, sp, 1
     2c0: 5b 00 04 a6  	<unknown>
     2c4: 04 ac        	fsd	fs1, 24(s0)
     2c6: 04 0a        	addi	s1, sp, 272
     2c8: 9e 08        	slli	a7, a7, 7
		...
     2d2: 04 ac        	fsd	fs1, 24(s0)
     2d4: 04 c8        	sw	s1, 16(s0)
     2d6: 04 01        	addi	s1, sp, 128
     2d8: 5b 00 04 ac  	<unknown>
     2dc: 04 b8        	fsd	fs1, 48(s0)
     2de: 05 01        	addi	sp, sp, 1
     2e0: 62 00        	c.slli	zero, 24
     2e2: 04 ac        	fsd	fs1, 24(s0)
     2e4: 04 c0        	sw	s1, 0(s0)
     2e6: 04 01        	addi	s1, sp, 128
     2e8: 5b 04 c0 04  	<unknown>
     2ec: da 04        	slli	s1, s1, 22
     2ee: 02 90        	ebreak	
     2f0: 20 00        	addi	s0, sp, 8
     2f2: 04 b0        	fsd	fs1, 32(s0)
     2f4: 04 9e        	<unknown>
     2f6: 05 01        	addi	sp, sp, 1
     2f8: 5c 00        	addi	a5, sp, 4
     2fa: 04 f6        	sd	s1, 40(a2)
     2fc: 04 fa        	sd	s1, 48(a2)
     2fe: 04 03        	addi	s1, sp, 384
     300: 11 03        	addi	t1, t1, 4
     302: 9f 04 fa 04  	<unknown>
     306: 84 05        	addi	s1, sp, 704
     308: 0f 7d 00 11  	<unknown>
     30c: 04 1c        	addi	s1, sp, 560
     30e: 11 7f        	lui	t5, 1048548
     310: 1b 11 7f 1e  	<unknown>
     314: 11 03        	addi	t1, t1, 4
     316: 22 9f        	add	t5, t5, s0
     318: 00 a4        	fsd	fs0, 8(s0)
     31a: 05 00        	c.nop	1
     31c: 00 05        	addi	s0, sp, 640
     31e: 00 08        	addi	s0, sp, 16
     320: 00 15        	addi	s0, sp, 672
     322: 00 00        	unimp	
     324: 00 54        	lw	s0, 40(s0)
     326: 00 00        	unimp	
     328: 00 67        	ld	s0, 8(a4)
     32a: 00 00        	unimp	
     32c: 00 74        	ld	s0, 40(s0)
     32e: 00 00        	unimp	
     330: 00 7b        	ld	s0, 48(a4)
     332: 00 00        	unimp	
     334: 00 8e        	<unknown>
     336: 00 00        	unimp	
     338: 00 9b        	<unknown>
     33a: 00 00        	unimp	
     33c: 00 ae        	fsd	fs0, 24(a2)
     33e: 00 00        	unimp	
     340: 00 bc        	fsd	fs0, 56(s0)
     342: 00 00        	unimp	
     344: 00 ca        	sw	s0, 16(a2)
     346: 00 00        	unimp	
     348: 00 d1        	sw	s0, 32(a0)
     34a: 00 00        	unimp	
     34c: 00 e0        	sd	s0, 0(s0)
     34e: 00 00        	unimp	
     350: 00 7c        	ld	s0, 56(s0)
     352: 01 00        	nop
     354: 00 6a        	ld	s0, 16(a2)
     356: 03 00 00 72  	lb	zero, 1824(zero)
     35a: 03 00 00 8f  	lb	zero, -1808(zero)
     35e: 03 00 00 68  	lb	zero, 1664(zero)
     362: 04 00        	<unknown>
     364: 00 85        	<unknown>
     366: 04 00        	<unknown>
     368: 00 be        	fsd	fs0, 56(a2)
     36a: 04 00        	<unknown>
     36c: 00 06        	addi	s0, sp, 768
     36e: 05 00        	c.nop	1
     370: 00 25        	fld	fs0, 8(a0)
     372: 05 00        	c.nop	1
     374: 00 3c        	fld	fs0, 56(s0)
     376: 05 00        	c.nop	1
     378: 00 04        	addi	s0, sp, 512
     37a: 00 58        	lw	s0, 48(s0)
     37c: 01 5a        	li	s4, -32
     37e: 04 58        	lw	s1, 48(s0)
     380: fc 0c        	addi	a5, sp, 604
     382: 01 64        	lui	s0, 0
     384: 04 b6        	fsd	fs1, 40(a2)
     386: 0d c2        	beqz	a2, 0x3a8 <.debug_loclists+0x3a8>
     388: 0d 01        	addi	sp, sp, 3
     38a: 64 00        	addi	s1, sp, 12
     38c: 04 00        	<unknown>
     38e: 56 01        	slli	sp, sp, 21
     390: 5b 04 56 c2  	<unknown>
     394: 0d 02        	addi	tp, tp, 3
     396: 72 08        	slli	a6, a6, 28
     398: 00 04        	addi	s0, sp, 512
     39a: 00 b4        	fsd	fs0, 40(s0)
     39c: 01 01        	mv	sp, sp
     39e: 5c 00        	addi	a5, sp, 4
     3a0: 04 00        	<unknown>
     3a2: 54 01        	addi	a3, sp, 132
     3a4: 5d 04        	addi	s0, s0, 23
     3a6: 54 a4        	fsd	fa3, 136(s0)
     3a8: 07 01 59 04  	vluxei8.v	v2, (s2), v5, v0.t
     3ac: fc 07        	addi	a5, sp, 972
     3ae: 92 08        	slli	a7, a7, 4
     3b0: 01 59        	li	s2, -32
     3b2: 00 04        	addi	s0, sp, 512
     3b4: 00 5a        	lw	s0, 48(a2)
     3b6: 01 5e        	li	t3, -32
     3b8: 04 5a        	lw	s1, 48(a2)
     3ba: c2 0d        	slli	s11, s11, 16
     3bc: 02 72        	ld	tp, 32(sp)
     3be: 10 00        	<unknown>
     3c0: 04 00        	<unknown>
     3c2: 52 01        	slli	sp, sp, 20
     3c4: 5f 04 52 84  	<unknown>
     3c8: 0d 01        	addi	sp, sp, 3
     3ca: 66 04        	slli	s0, s0, 25
     3cc: b6 0d        	slli	s11, s11, 13
     3ce: c2 0d        	slli	s11, s11, 16
     3d0: 01 66        	lui	a2, 0
     3d2: 00 04        	addi	s0, sp, 512
     3d4: 6c 8c        	<unknown>
     3d6: 0d 01        	addi	sp, sp, 3
     3d8: 68 04        	addi	a0, sp, 524
     3da: b6 0d        	slli	s11, s11, 13
     3dc: c2 0d        	slli	s11, s11, 16
     3de: 01 68        	lui	a6, 0
     3e0: 00 04        	addi	s0, sp, 512
     3e2: 6c 8c        	<unknown>
     3e4: 0d 01        	addi	sp, sp, 3
     3e6: 68 04        	addi	a0, sp, 524
     3e8: b6 0d        	slli	s11, s11, 13
     3ea: c2 0d        	slli	s11, s11, 16
     3ec: 01 68        	lui	a6, 0
     3ee: 00 04        	addi	s0, sp, 512
     3f0: 70 88        	<unknown>
     3f2: 02 01        	c.slli64	sp
     3f4: 56 00        	c.slli	zero, 21
     3f6: 04 88        	<unknown>
     3f8: 01 94        	srai	s0, s0, 32
     3fa: 01 01        	mv	sp, sp
     3fc: 5a 04        	slli	s0, s0, 22
     3fe: 94 01        	addi	a3, sp, 192
     400: e0 02        	addi	s0, sp, 332
     402: 01 60        	c.lui	zero, 0
     404: 00 04        	addi	s0, sp, 512
     406: 94 01        	addi	a3, sp, 192
     408: aa 01        	slli	gp, gp, 10
     40a: 06 80        	c.mv	zero, ra
     40c: 00 76        	ld	s0, 40(a2)
     40e: 00 1c        	addi	s0, sp, 560
     410: 9f 04 aa 01  	<unknown>
     414: e0 01        	addi	s0, sp, 204
     416: 01 5b        	li	s6, -32
     418: 04 9a        	<unknown>
     41a: 02 ac        	fsd	ft0, 24(sp)
     41c: 02 02        	c.slli64	tp
     41e: 30 9f        	<unknown>
     420: 04 ac        	fsd	fs1, 24(s0)
     422: 02 be        	fsd	ft0, 312(sp)
     424: 02 09        	c.slli64	s2
     426: 76 00        	c.slli	zero, 29
     428: 11 7f        	lui	t5, 1048548
     42a: 79 00        	c.nop	30
     42c: 22 1c        	slli	s8, s8, 40
     42e: 9f 04 be 02  	<unknown>
     432: c8 02        	addi	a0, sp, 324
     434: 0c 76        	ld	a1, 40(a2)
     436: 00 11        	addi	s0, sp, 160
     438: 7f 79 00 22  	<unknown>
     43c: 1c 11        	addi	a5, sp, 160
     43e: 01 22        	sext.w	tp, tp
     440: 9f 04 c8 03  	<unknown>
     444: dc 03        	addi	a5, sp, 452
     446: 01 58        	li	a6, -32
     448: 04 82        	<unknown>
     44a: 04 84        	<unknown>
     44c: 04 13        	addi	s1, sp, 416
     44e: 7b 00 72 a8  	<unknown>
     452: 04 1c        	addi	s1, sp, 560
     454: 11 04        	addi	s0, s0, 4
     456: 1b 11 7f 1e  	<unknown>
     45a: 11 7f        	lui	t5, 1048548
     45c: 78 00        	addi	a4, sp, 12
     45e: 22 22        	fld	ft4, 8(sp)
     460: 9f 04 96 06  	<unknown>
     464: a6 06        	slli	a3, a3, 9
     466: 02 30        	fld	ft0, 32(sp)
     468: 9f 04 a6 06  	<unknown>
     46c: b4 06        	addi	a3, sp, 840
     46e: 01 5a        	li	s4, -32
     470: 04 f2        	sd	s1, 32(a2)
     472: 06 88        	mv	a6, ra
     474: 07 02 30 9f  	<unknown>
     478: 04 88        	<unknown>
     47a: 07 94 07 09  	<unknown>
     47e: 7b 00 79 00  	<unknown>
     482: 78 00        	addi	a4, sp, 12
     484: 22 1c        	slli	s8, s8, 40
     486: 9f 04 94 07  	<unknown>
     48a: 9e 07        	slli	a5, a5, 7
     48c: 0c 7b        	ld	a1, 48(a4)
     48e: 00 79        	ld	s0, 48(a0)
     490: 00 78        	ld	s0, 48(s0)
     492: 00 22        	fld	fs0, 0(a2)
     494: 1c 11        	addi	a5, sp, 160
     496: 01 22        	sext.w	tp, tp
     498: 9f 04 fc 07  	<unknown>
     49c: 82 08        	c.slli64	a7
     49e: 01 5a        	li	s4, -32
     4a0: 00 04        	addi	s0, sp, 512
     4a2: 9e 01        	slli	gp, gp, 7
     4a4: c2 01        	slli	gp, gp, 16
     4a6: 02 30        	fld	ft0, 32(sp)
     4a8: 9f 04 c2 01  	<unknown>
     4ac: c6 01        	slli	gp, gp, 17
     4ae: 0a 7e        	ld	t3, 160(sp)
     4b0: 00 72        	ld	s0, 32(a2)
     4b2: 88 03        	addi	a0, sp, 448
     4b4: 1c 11        	addi	a5, sp, 160
     4b6: 08 1b        	addi	a0, sp, 432
     4b8: 9f 04 c6 01  	<unknown>
     4bc: ca 01        	slli	gp, gp, 18
     4be: 0d 7e        	lui	t3, 1048547
     4c0: 00 72        	ld	s0, 32(a2)
     4c2: 88 03        	addi	a0, sp, 448
     4c4: 1c 11        	addi	a5, sp, 160
     4c6: 08 1b        	addi	a0, sp, 432
     4c8: 11 01        	addi	sp, sp, 4
     4ca: 22 9f        	add	t5, t5, s0
     4cc: 04 d0        	sw	s1, 32(s0)
     4ce: 01 e0        	bnez	s0, 0x4ce <.debug_loclists+0x4ce>
     4d0: 01 0a        	mv	s4, s4
     4d2: 7e 00        	c.slli	zero, 31
     4d4: 72 88        	mv	a6, t3
     4d6: 03 1c 11 08  	lh	s8, 129(sp)
     4da: 1b 9f 04 e6  	<unknown>
     4de: 01 88        	andi	s0, s0, 0
     4e0: 02 02        	c.slli64	tp
     4e2: 30 9f        	<unknown>
     4e4: 04 88        	<unknown>
     4e6: 02 c6        	sw	zero, 12(sp)
     4e8: 03 01 5d 04  	lb	sp, 69(s10)
     4ec: c6 03        	slli	t2, t2, 17
     4ee: c8 03        	addi	a0, sp, 452
     4f0: 03 78 01 9f  	<unknown>
     4f4: 04 c8        	sw	s1, 16(s0)
     4f6: 03 dc 03 02  	lhu	s8, 32(t2)
     4fa: 30 9f        	<unknown>
     4fc: 04 dc        	sw	s1, 56(s0)
     4fe: 03 82 04 0a  	lb	tp, 160(s1)
     502: 7b 00 72 a8  	<unknown>
     506: 04 1c        	addi	s1, sp, 560
     508: 11 04        	addi	s0, s0, 4
     50a: 1b 9f 04 82  	<unknown>
     50e: 04 84        	<unknown>
     510: 04 0d        	addi	s1, sp, 656
     512: 7b 00 72 a8  	<unknown>
     516: 04 1c        	addi	s1, sp, 560
     518: 11 04        	addi	s0, s0, 4
     51a: 1b 11 01 22  	<unknown>
     51e: 9f 04 ca 04  	<unknown>
     522: d2 04        	slli	s1, s1, 20
     524: 01 5c        	li	s8, -32
     526: 04 92        	<unknown>
     528: 05 9e        	subw	a2, a2, s1
     52a: 05 02        	addi	tp, tp, 1
     52c: 30 9f        	<unknown>
     52e: 04 9e        	<unknown>
     530: 05 a6        	j	0x850 <.debug_loclists+0x850>
     532: 05 0a        	addi	s4, s4, 1
     534: 7b 00 72 a8  	<unknown>
     538: 04 1c        	addi	s1, sp, 560
     53a: 11 04        	addi	s0, s0, 4
     53c: 1b 9f 04 a6  	<unknown>
     540: 05 aa        	j	0x670 <.debug_loclists+0x670>
     542: 05 0d        	addi	s10, s10, 1
     544: 7b 00 72 a8  	<unknown>
     548: 04 1c        	addi	s1, sp, 560
     54a: 11 04        	addi	s0, s0, 4
     54c: 1b 11 01 22  	<unknown>
     550: 9f 04 ac 05  	<unknown>
     554: bc 05        	addi	a5, sp, 712
     556: 0a 7b        	ld	s6, 160(sp)
     558: 00 72        	ld	s0, 32(a2)
     55a: a8 04        	addi	a0, sp, 584
     55c: 1c 11        	addi	a5, sp, 160
     55e: 04 1b        	addi	s1, sp, 432
     560: 9f 04 96 06  	<unknown>
     564: a6 06        	slli	a3, a3, 9
     566: 03 78 7f 9f  	<unknown>
     56a: 04 a6        	fsd	fs1, 8(a2)
     56c: 06 aa        	fsd	ft1, 272(sp)
     56e: 06 03        	slli	t1, t1, 1
     570: 7c 7f        	ld	a5, 248(a4)
     572: 9f 04 aa 06  	<unknown>
     576: ac 06        	addi	a1, sp, 840
     578: 01 5c        	li	s8, -32
     57a: 04 ac        	fsd	fs1, 24(s0)
     57c: 06 b4        	fsd	ft1, 40(sp)
     57e: 06 03        	slli	t1, t1, 1
     580: 7c 7f        	ld	a5, 248(a4)
     582: 9f 04 c0 06  	<unknown>
     586: c6 06        	slli	a3, a3, 17
     588: 03 78 01 9f  	<unknown>
     58c: 04 d0        	sw	s1, 32(s0)
     58e: 06 da        	sw	ra, 52(sp)
     590: 06 03        	slli	t1, t1, 1
     592: 78 01        	addi	a4, sp, 140
     594: 9f 04 fc 07  	<unknown>
     598: 92 08        	slli	a7, a7, 4
     59a: 03 7c 7f 9f  	<unknown>
     59e: 04 a6        	fsd	fs1, 8(a2)
     5a0: 08 be        	fsd	fa0, 56(a2)
     5a2: 08 01        	addi	a0, sp, 128
     5a4: 58 04        	addi	a4, sp, 516
     5a6: be 08        	slli	a7, a7, 15
     5a8: d0 08        	addi	a2, sp, 84
     5aa: 03 7a 7f 9f  	<unknown>
     5ae: 04 d8        	sw	s1, 48(s0)
     5b0: 08 80        	<unknown>
     5b2: 09 01        	addi	sp, sp, 2
     5b4: 58 04        	addi	a4, sp, 516
     5b6: 82 09        	c.slli64	s3
     5b8: c6 09        	slli	s3, s3, 17
     5ba: 01 5e        	li	t3, -32
     5bc: 04 dc        	sw	s1, 56(s0)
     5be: 09 f8        	bnez	s0, 0x4d0 <.debug_loclists+0x4d0>
     5c0: 09 01        	addi	sp, sp, 2
     5c2: 58 04        	addi	a4, sp, 516
     5c4: f8 09        	addi	a4, sp, 220
     5c6: 9c 0a        	addi	a5, sp, 336
     5c8: 03 7b 7f 9f  	<unknown>
     5cc: 04 9c        	<unknown>
     5ce: 0a 9e        	add	t3, t3, sp
     5d0: 0a 1a        	slli	s4, s4, 34
     5d2: 7b 00 11 01  	<unknown>
     5d6: 78 00        	addi	a4, sp, 12
     5d8: a8 a7        	fsd	fa0, 72(a5)
     5da: 80 80        	<unknown>
     5dc: 00 22        	fld	fs0, 0(a2)
     5de: 1c 11        	addi	a5, sp, 160
     5e0: 7f 1b 11 7f  	<unknown>
     5e4: 1e 11        	slli	sp, sp, 39
     5e6: 7f 78 00 22  	<unknown>
     5ea: 22 9f        	add	t5, t5, s0
     5ec: 04 a6        	fsd	fs1, 8(a2)
     5ee: 0a ba        	fsd	ft2, 304(sp)
     5f0: 0a 01        	slli	sp, sp, 2
     5f2: 58 04        	addi	a4, sp, 516
     5f4: ba 0a        	slli	s5, s5, 14
     5f6: de 0a        	slli	s5, s5, 23
     5f8: 03 7c 7f 9f  	<unknown>
     5fc: 04 de        	sw	s1, 56(a2)
     5fe: 0a e0        	sd	sp, 0(sp)
     600: 0a 1a        	slli	s4, s4, 34
     602: 7c 00        	addi	a5, sp, 12
     604: 11 01        	addi	sp, sp, 4
     606: 78 00        	addi	a4, sp, 12
     608: a8 a7        	fsd	fa0, 72(a5)
     60a: 80 80        	<unknown>
     60c: 00 22        	fld	fs0, 0(a2)
     60e: 1c 11        	addi	a5, sp, 160
     610: 7f 1b 11 7f  	<unknown>
     614: 1e 11        	slli	sp, sp, 39
     616: 7f 78 00 22  	<unknown>
     61a: 22 9f        	add	t5, t5, s0
     61c: 04 ea        	sd	s1, 16(a2)
     61e: 0a f0        	sd	sp, 32(sp)
     620: 0a 01        	slli	sp, sp, 2
     622: 58 04        	addi	a4, sp, 516
     624: f8 0a        	addi	a4, sp, 348
     626: 80 0b        	addi	s0, sp, 464
     628: 03 78 7f 9f  	<unknown>
     62c: 04 a8        	fsd	fs1, 16(s0)
     62e: 0b be 0b 01  	<unknown>
     632: 58 04        	addi	a4, sp, 516
     634: be 0b        	slli	s7, s7, 15
     636: c6 0b        	slli	s7, s7, 17
     638: 03 7a 7f 9f  	<unknown>
     63c: 04 e2        	sd	s1, 0(a2)
     63e: 0b f2 0b 02  	<unknown>
     642: 31 9f        	addw	a4, a4, a2
     644: 04 f2        	sd	s1, 32(a2)
     646: 0b fa 0b 10  	<unknown>
     64a: 7a 00        	c.slli	zero, 30
     64c: 11 08        	addi	a6, a6, 4
     64e: 72 e8        	sd	t3, 16(sp)
     650: 01 22        	sext.w	tp, tp
     652: 1c 11        	addi	a5, sp, 160
     654: 08 1b        	addi	a0, sp, 432
     656: 11 01        	addi	sp, sp, 4
     658: 22 9f        	add	t5, t5, s0
     65a: 04 fa        	sd	s1, 48(a2)
     65c: 0b fe 0b 10  	<unknown>
     660: 7a 00        	c.slli	zero, 30
     662: 11 08        	addi	a6, a6, 4
     664: 72 e8        	sd	t3, 16(sp)
     666: 01 22        	sext.w	tp, tp
     668: 1c 11        	addi	a5, sp, 160
     66a: 08 1b        	addi	a0, sp, 432
     66c: 11 02        	addi	tp, tp, 4
     66e: 22 9f        	add	t5, t5, s0
     670: 04 8e        	<unknown>
     672: 0c a2        	fsd	fa1, 0(a2)
     674: 0c 01        	addi	a1, sp, 128
     676: 58 04        	addi	a4, sp, 516
     678: a2 0c        	slli	s9, s9, 8
     67a: aa 0c        	slli	s9, s9, 10
     67c: 03 7a 7f 9f  	<unknown>
     680: 04 c0        	sw	s1, 0(s0)
     682: 0c d0        	sw	a1, 32(s0)
     684: 0c 01        	addi	a1, sp, 128
     686: 58 04        	addi	a4, sp, 516
     688: b6 0d        	slli	s11, s11, 13
     68a: c2 0d        	slli	s11, s11, 16
     68c: 01 58        	li	a6, -32
     68e: 00 04        	addi	s0, sp, 512
     690: 9e 01        	slli	gp, gp, 7
     692: aa 01        	slli	gp, gp, 10
     694: 01 5b        	li	s6, -32
     696: 00 04        	addi	s0, sp, 512
     698: e6 01        	slli	gp, gp, 25
     69a: f0 07        	addi	a2, sp, 972
     69c: 01 65        	lui	a0, 0
     69e: 04 f0        	sd	s1, 32(s0)
     6a0: 07 fa 07 01  	vle64ff.v	v20, (a5), v0.t
     6a4: 59 04        	addi	s0, s0, 22
     6a6: fa 07        	slli	a5, a5, 30
     6a8: 80 0d        	addi	s0, sp, 720
     6aa: 01 65        	lui	a0, 0
     6ac: 04 b6        	fsd	fs1, 40(a2)
     6ae: 0d c2        	beqz	a2, 0x6d0 <.debug_loclists+0x6d0>
     6b0: 0d 01        	addi	sp, sp, 3
     6b2: 65 00        	c.nop	25
     6b4: 04 9a        	<unknown>
     6b6: 02 ac        	fsd	ft0, 24(sp)
     6b8: 02 0a        	c.slli64	s4
     6ba: 9e 08        	slli	a7, a7, 7
		...
     6c4: 04 ac        	fsd	fs1, 24(s0)
     6c6: 02 c8        	sw	zero, 16(sp)
     6c8: 02 02        	c.slli64	tp
     6ca: 90 21        	fld	fa2, 0(a1)
     6cc: 04 e8        	sd	s1, 16(s0)
     6ce: 03 8a 04 02  	lb	s4, 32(s1)
     6d2: 90 20        	fld	fa2, 0(s1)
     6d4: 04 f2        	sd	s1, 32(a2)
     6d6: 06 88        	mv	a6, ra
     6d8: 07 0a 9e 08  	vlse8.v	v20, (t3), s1, v0.t
		...
     6e4: 04 88        	<unknown>
     6e6: 07 9e 07 02  	<unknown>
     6ea: 90 20        	fld	fa2, 0(s1)
     6ec: 04 e0        	sd	s1, 0(s0)
     6ee: 07 e4 07 02  	vle32.v	v8, (a5)
     6f2: 90 20        	fld	fa2, 0(s1)
     6f4: 04 a6        	fsd	fs1, 8(a2)
     6f6: 08 80        	<unknown>
     6f8: 09 02        	addi	tp, tp, 2
     6fa: 90 2a        	fld	fa2, 16(a3)
     6fc: 04 96        	<unknown>
     6fe: 09 9e        	subw	a2, a2, a0
     700: 09 0a        	addi	s4, s4, 2
     702: 9e 08        	slli	a7, a7, 7
		...
     70c: 04 9e        	<unknown>
     70e: 09 c6        	beqz	a2, 0x718 <.debug_loclists+0x718>
     710: 09 02        	addi	tp, tp, 2
     712: 90 21        	fld	fa2, 0(a1)
     714: 04 8c        	<unknown>
     716: 0a ea        	sd	sp, 272(sp)
     718: 0a 02        	slli	tp, tp, 2
     71a: 90 23        	fld	fa2, 0(a5)
     71c: 04 ea        	sd	s1, 16(a2)
     71e: 0a f8        	sd	sp, 48(sp)
     720: 0a 0a        	slli	s4, s4, 2
     722: 9e 08        	slli	a7, a7, 7
		...
     72c: 04 f8        	sd	s1, 48(s0)
     72e: 0a 88        	mv	a6, sp
     730: 0b 02 90 20  	<unknown>
     734: 04 a8        	fsd	fs1, 16(s0)
     736: 0b be 0b 0a  	<unknown>
     73a: 9e 08        	slli	a7, a7, 7
		...
     744: 04 be        	fsd	fs1, 56(a2)
     746: 0b d4 0b 02  	<unknown>
     74a: 90 20        	fld	fa2, 0(s1)
     74c: 04 e2        	sd	s1, 0(a2)
     74e: 0b 88 0c 02  	<unknown>
     752: 90 20        	fld	fa2, 0(s1)
     754: 04 8e        	<unknown>
     756: 0c a2        	fsd	fa1, 0(a2)
     758: 0c 0a        	addi	a1, sp, 272
     75a: 9e 08        	slli	a7, a7, 7
		...
     764: 04 a2        	fsd	fs1, 0(a2)
     766: 0c b6        	fsd	fa1, 40(a2)
     768: 0c 02        	addi	a1, sp, 256
     76a: 90 20        	fld	fa2, 0(s1)
     76c: 04 c0        	sw	s1, 0(s0)
     76e: 0c d0        	sw	a1, 32(s0)
     770: 0c 0a        	addi	a1, sp, 272
     772: 9e 08        	slli	a7, a7, 7
		...
     77c: 04 b6        	fsd	fs1, 40(a2)
     77e: 0d c2        	beqz	a2, 0x7a0 <.debug_loclists+0x7a0>
     780: 0d 0a        	addi	s4, s4, 3
     782: 9e 08        	slli	a7, a7, 7
		...
     78c: 00 04        	addi	s0, sp, 512
     78e: c6 03        	slli	t2, t2, 17
     790: c8 03        	addi	a0, sp, 452
     792: 01 67        	lui	a4, 0
     794: 04 ac        	fsd	fs1, 24(s0)
     796: 04 92        	<unknown>
     798: 05 01        	addi	sp, sp, 1
     79a: 67 04 e8 05  	jalr	s0, 94(a6)
     79e: 88 0d        	addi	a0, sp, 720
     7a0: 01 67        	lui	a4, 0
     7a2: 04 b6        	fsd	fs1, 40(a2)
     7a4: 0d c2        	beqz	a2, 0x7c6 <.debug_loclists+0x7c6>
     7a6: 0d 01        	addi	sp, sp, 3
     7a8: 67 00 04 c6  	jr	-928(s0)
     7ac: 03 c8 03 02  	lbu	a6, 32(t2)
     7b0: 90 28        	fld	fa2, 16(s1)
     7b2: 04 d0        	sw	s1, 32(s0)
     7b4: 03 94 04 02  	lh	s0, 32(s1)
     7b8: 90 2a        	fld	fa2, 16(a3)
     7ba: 04 98        	<unknown>
     7bc: 04 a8        	fsd	fs1, 16(s0)
     7be: 04 02        	addi	s1, sp, 256
     7c0: 90 28        	fld	fa2, 16(s1)
     7c2: 04 a8        	fsd	fs1, 16(s0)
     7c4: 04 b4        	fsd	fs1, 40(s0)
     7c6: 04 02        	addi	s1, sp, 256
     7c8: 90 20        	fld	fa2, 0(s1)
     7ca: 04 b4        	fsd	fs1, 40(s0)
     7cc: 04 be        	fsd	fs1, 56(a2)
     7ce: 07 02 90 28  	vlsseg2e8.v	v4, (zero), s1, v0.t
     7d2: 04 be        	fsd	fs1, 56(a2)
     7d4: 07 fc 07 02  	vle64.v	v24, (a5)
     7d8: 90 2a        	fld	fa2, 16(a3)
     7da: 04 fc        	sd	s1, 56(s0)
     7dc: 07 92 08 02  	<unknown>
     7e0: 90 28        	fld	fa2, 16(s1)
     7e2: 00 04        	addi	s0, sp, 512
     7e4: c8 03        	addi	a0, sp, 452
     7e6: c6 06        	slli	a3, a3, 17
     7e8: 01 58        	li	a6, -32
     7ea: 04 9e        	<unknown>
     7ec: 07 88 08 01  	vle8ff.v	v16, (a7), v0.t
     7f0: 58 04        	addi	a4, sp, 516
     7f2: 8c 08        	addi	a1, sp, 80
     7f4: 8e 08        	slli	a7, a7, 3
     7f6: 17 78 00 78  	auipc	a6, 491527
     7fa: 00 1c        	addi	s0, sp, 560
     7fc: 11 7f        	lui	t5, 1048548
     7fe: 1b 11 7f 1e  	<unknown>
     802: 11 7f        	lui	t5, 1048548
     804: 78 00        	addi	a4, sp, 12
     806: a8 a7        	fsd	fa0, 72(a5)
     808: 80 80        	<unknown>
     80a: 00 22        	fld	fs0, 0(a2)
     80c: 22 9f        	add	t5, t5, s0
     80e: 04 92        	<unknown>
     810: 08 f0        	sd	a0, 32(s0)
     812: 0a 01        	slli	sp, sp, 2
     814: 58 04        	addi	a4, sp, 516
     816: a8 0b        	addi	a0, sp, 472
     818: e8 0b        	addi	a0, sp, 476
     81a: 01 58        	li	a6, -32
     81c: 04 8e        	<unknown>
     81e: 0c d0        	sw	a1, 32(s0)
     820: 0c 01        	addi	a1, sp, 128
     822: 58 04        	addi	a4, sp, 516
     824: b6 0d        	slli	s11, s11, 13
     826: c2 0d        	slli	s11, s11, 16
     828: 01 58        	li	a6, -32
     82a: 00 04        	addi	s0, sp, 512
     82c: b4 04        	addi	a3, sp, 584
     82e: dc 04        	addi	a5, sp, 580
     830: 02 30        	fld	ft0, 32(sp)
     832: 9f 04 dc 04  	<unknown>
     836: e2 04        	slli	s1, s1, 24
     838: 01 5f        	li	t5, -32
     83a: 04 e2        	sd	s1, 0(a2)
     83c: 04 8e        	<unknown>
     83e: 05 02        	addi	tp, tp, 1
     840: 30 9f        	<unknown>
     842: 04 8e        	<unknown>
     844: 05 92        	srli	a2, a2, 33
     846: 05 01        	addi	sp, sp, 1
     848: 5f 00 04 92  	<unknown>
     84c: 05 9e        	subw	a2, a2, s1
     84e: 05 02        	addi	tp, tp, 1
     850: 30 9f        	<unknown>
     852: 04 9e        	<unknown>
     854: 05 a2        	j	0x974 <.debug_loclists+0x974>
     856: 05 01        	addi	sp, sp, 1
     858: 5a 04        	slli	s0, s0, 22
     85a: a6 05        	slli	a1, a1, 9
     85c: ba 05        	slli	a1, a1, 14
     85e: 01 5a        	li	s4, -32
     860: 00 04        	addi	s0, sp, 512
     862: b8 06        	addi	a4, sp, 840
     864: ba 06        	slli	a3, a3, 14
     866: 09 7a        	lui	s4, 1048546
     868: 00 78        	ld	s0, 48(s0)
     86a: 00 1c        	addi	s0, sp, 560
     86c: 11 01        	addi	sp, sp, 4
     86e: 22 9f        	add	t5, t5, s0
     870: 04 ba        	fsd	fs1, 48(a2)
     872: 06 bc        	fsd	ft1, 56(sp)
     874: 06 09        	slli	s2, s2, 1
     876: 7a 00        	c.slli	zero, 30
     878: 78 00        	addi	a4, sp, 12
     87a: 1c 11        	addi	a5, sp, 160
     87c: 02 22        	fld	ft4, 0(sp)
     87e: 9f 04 96 09  	<unknown>
     882: 9e 09        	slli	s3, s3, 7
     884: 02 30        	fld	ft0, 32(sp)
     886: 9f 04 9e 09  	<unknown>
     88a: aa 09        	slli	s3, s3, 10
     88c: 15 7a        	lui	s4, 1048549
     88e: 00 11        	addi	s0, sp, 160
     890: 08 78        	ld	a0, 48(s0)
     892: 00 a8        	fsd	fs0, 16(s0)
     894: a7 80 80 00  	<unknown>
     898: 1e 72        	ld	tp, 480(sp)
     89a: c8 00        	addi	a0, sp, 68
     89c: 22 1c        	slli	s8, s8, 40
     89e: 11 78        	lui	a6, 1048548
     8a0: 1b 9f 04 aa  	<unknown>
     8a4: 09 c2        	beqz	a2, 0x8a6 <.debug_loclists+0x8a6>
     8a6: 09 18        	addi	a6, a6, -30
     8a8: 7a 00        	c.slli	zero, 30
     8aa: 11 08        	addi	a6, a6, 4
     8ac: 78 00        	addi	a4, sp, 12
     8ae: a8 a7        	fsd	fa0, 72(a5)
     8b0: 80 80        	<unknown>
     8b2: 00 1e        	addi	s0, sp, 816
     8b4: 72 c8        	sw	t3, 16(sp)
     8b6: 00 22        	fld	fs0, 0(a2)
     8b8: 1c 11        	addi	a5, sp, 160
     8ba: 78 1b        	addi	a4, sp, 444
     8bc: 11 01        	addi	sp, sp, 4
     8be: 22 9f        	add	t5, t5, s0
     8c0: 00 89        	<unknown>
     8c2: 00 00        	unimp	
     8c4: 00 05        	addi	s0, sp, 640
     8c6: 00 08        	addi	s0, sp, 16
     8c8: 00 06        	addi	s0, sp, 768
     8ca: 00 00        	unimp	
     8cc: 00 18        	addi	s0, sp, 48
     8ce: 00 00        	unimp	
     8d0: 00 28        	fld	fs0, 16(s0)
     8d2: 00 00        	unimp	
     8d4: 00 35        	fld	fs0, 40(a0)
     8d6: 00 00        	unimp	
     8d8: 00 51        	lw	s0, 32(a0)
     8da: 00 00        	unimp	
     8dc: 00 61        	ld	s0, 0(a0)
     8de: 00 00        	unimp	
     8e0: 00 71        	ld	s0, 32(a0)
     8e2: 00 00        	unimp	
     8e4: 00 04        	addi	s0, sp, 512
     8e6: 00 9e        	<unknown>
     8e8: 01 02        	mv	tp, tp
     8ea: 90 2a        	fld	fa2, 16(a3)
     8ec: 04 a0        	fsd	fs1, 0(s0)
     8ee: 01 b4        	j	0x2ee <.debug_loclists+0x2ee>
     8f0: 01 02        	mv	tp, tp
     8f2: 90 2a        	fld	fa2, 16(a3)
     8f4: 00 04        	addi	s0, sp, 512
     8f6: 16 76        	ld	a2, 352(sp)
     8f8: 01 5a        	li	s4, -32
     8fa: 04 a0        	fsd	fs1, 0(s0)
     8fc: 01 a4        	j	0xafc <.debug_loclists+0xafc>
     8fe: 01 01        	mv	sp, sp
     900: 5a 00        	c.slli	zero, 22
     902: 04 04        	addi	s1, sp, 512
     904: 06 17        	slli	a4, a4, 33
     906: 7b 00 10 20  	<unknown>
     90a: 25 a8        	j	0x942 <.debug_loclists+0x942>
     90c: a7 80 80 00  	<unknown>
     910: a8 ab        	fsd	fa0, 80(a5)
     912: 80 80        	<unknown>
     914: 00 10        	addi	s0, sp, 32
     916: 80 80        	<unknown>
     918: 80 fe        	sd	s0, 56(a3)
     91a: 07 1a 9f 00  	<unknown>
     91e: 04 34        	fld	fs1, 40(s0)
     920: 96 01        	slli	gp, gp, 5
     922: 02 90        	ebreak	
     924: 20 04        	addi	s0, sp, 520
     926: a0 01        	addi	s0, sp, 200
     928: b0 01        	addi	a2, sp, 200
     92a: 02 90        	ebreak	
     92c: 20 00        	addi	s0, sp, 8
     92e: 04 68        	ld	s1, 16(s0)
     930: 9e 01        	slli	gp, gp, 7
     932: 02 90        	ebreak	
     934: 21 04        	addi	s0, s0, 8
     936: a0 01        	addi	s0, sp, 200
     938: b6 01        	slli	gp, gp, 13
     93a: 02 90        	ebreak	
     93c: 21 00        	c.nop	8
     93e: 04 6c        	ld	s1, 24(s0)
     940: 8e 01        	slli	gp, gp, 3
     942: 02 90        	ebreak	
     944: 22 04        	slli	s0, s0, 8
     946: a0 01        	addi	s0, sp, 200
     948: b6 01        	slli	gp, gp, 13
     94a: 02 90        	ebreak	
     94c: 22 00        	c.slli	zero, 8
     94e: df 00 00 00  	<unknown>
     952: 05 00        	c.nop	1
     954: 08 00        	<unknown>
     956: 07 00 00 00  	vle8.v	v0, (zero), v0.t
     95a: 1c 00        	<unknown>
     95c: 00 00        	unimp	
     95e: 2a 00        	c.slli	zero, 10
     960: 00 00        	unimp	
     962: 83 00 00 00  	lb	ra, 0(zero)
     966: 99 00        	addi	ra, ra, 6
     968: 00 00        	unimp	
     96a: b3 00 00 00  	add	ra, zero, zero
     96e: c7 00 00 00  	fmsub.s	ft1, ft0, ft0, ft0, rne
     972: cf 00 00 00  	fnmadd.s	ft1, ft0, ft0, ft0, rne
     976: 04 00        	<unknown>
     978: 68 02        	addi	a0, sp, 268
     97a: 90 2a        	fld	fa2, 16(a3)
     97c: 04 6a        	ld	s1, 16(a2)
     97e: b0 02        	addi	a2, sp, 328
     980: 02 90        	ebreak	
     982: 2a 00        	c.slli	zero, 10
     984: 04 08        	addi	s1, sp, 16
     986: 44 0d        	addi	s1, sp, 660
     988: 7b 00 a8 a7  	<unknown>
     98c: 80 80        	<unknown>
     98e: 00 a8        	fsd	fs0, 16(s0)
     990: ab 80 80 00  	<unknown>
     994: 9f 04 48 9e  	<unknown>
     998: 01 0d        	mv	s10, s10
     99a: 7b 00 a8 a7  	<unknown>
     99e: 80 80        	<unknown>
     9a0: 00 a8        	fsd	fs0, 16(s0)
     9a2: ab 80 80 00  	<unknown>
     9a6: 9f 04 b0 01  	<unknown>
     9aa: b2 01        	slli	gp, gp, 12
     9ac: 02 30        	fld	ft0, 32(sp)
     9ae: 9f 04 b2 01  	<unknown>
     9b2: 86 02        	slli	t0, t0, 1
     9b4: 0d 7b        	lui	s6, 1048547
     9b6: 00 a8        	fsd	fs0, 16(s0)
     9b8: a7 80 80 00  	<unknown>
     9bc: a8 ab        	fsd	fa0, 80(a5)
     9be: 80 80        	<unknown>
     9c0: 00 9f        	<unknown>
     9c2: 04 88        	<unknown>
     9c4: 02 96        	jalr	a2
     9c6: 02 0d        	c.slli64	s10
     9c8: 7b 00 a8 a7  	<unknown>
     9cc: 80 80        	<unknown>
     9ce: 00 a8        	fsd	fs0, 16(s0)
     9d0: ab 80 80 00  	<unknown>
     9d4: 9f 04 9c 02  	<unknown>
     9d8: a6 02        	slli	t0, t0, 9
     9da: 01 5b        	li	s6, -32
     9dc: 00 04        	addi	s0, sp, 512
     9de: a4 01        	addi	s1, sp, 200
     9e0: b2 01        	slli	gp, gp, 12
     9e2: 01 5a        	li	s4, -32
     9e4: 04 ea        	sd	s1, 16(a2)
     9e6: 01 ec        	bnez	s0, 0x9fe <.debug_loclists+0x9fe>
     9e8: 01 01        	mv	sp, sp
     9ea: 5a 04        	slli	s0, s0, 22
     9ec: 9c 02        	addi	a5, sp, 320
     9ee: a4 02        	addi	s1, sp, 328
     9f0: 01 5a        	li	s4, -32
     9f2: 00 04        	addi	s0, sp, 512
     9f4: 18 28        	fld	fa4, 16(s0)
     9f6: 01 5c        	li	s8, -32
     9f8: 04 48        	lw	s1, 16(s0)
     9fa: ae 01        	slli	gp, gp, 11
     9fc: 01 5c        	li	s8, -32
     9fe: 04 b2        	fsd	fs1, 32(a2)
     a00: 01 ec        	bnez	s0, 0xa18 <.debug_loclists+0xa18>
     a02: 01 01        	mv	sp, sp
     a04: 5c 04        	addi	a5, sp, 516
     a06: 88 02        	addi	a0, sp, 320
     a08: 8c 02        	addi	a1, sp, 320
     a0a: 01 5c        	li	s8, -32
     a0c: 00 04        	addi	s0, sp, 512
     a0e: 74 76        	ld	a3, 232(a2)
     a10: 01 5d        	li	s10, -32
     a12: 04 bc        	fsd	fs1, 56(s0)
     a14: 01 ec        	bnez	s0, 0xa2c <.debug_loclists+0xa2c>
     a16: 01 01        	mv	sp, sp
     a18: 5d 04        	addi	s0, s0, 23
     a1a: 88 02        	addi	a0, sp, 320
     a1c: a2 02        	slli	t0, t0, 8
     a1e: 01 5d        	li	s10, -32
     a20: 00 04        	addi	s0, sp, 512
     a22: 9a 02        	slli	t0, t0, 6
     a24: 9c 02        	addi	a5, sp, 320
     a26: 01 5b        	li	s6, -32
     a28: 00 04        	addi	s0, sp, 512
     a2a: a4 02        	addi	s1, sp, 328
     a2c: aa 02        	slli	t0, t0, 10
     a2e: 01 5a        	li	s4, -32
     a30: 00 32        	fld	fs0, 32(a2)
     a32: 00 00        	unimp	
     a34: 00 05        	addi	s0, sp, 640
     a36: 00 08        	addi	s0, sp, 16
     a38: 00 03        	addi	s0, sp, 384
     a3a: 00 00        	unimp	
     a3c: 00 0c        	addi	s0, sp, 528
     a3e: 00 00        	unimp	
     a40: 00 19        	addi	s0, sp, 176
     a42: 00 00        	unimp	
     a44: 00 24        	fld	fs0, 8(s0)
     a46: 00 00        	unimp	
     a48: 00 04        	addi	s0, sp, 512
     a4a: 00 34        	fld	fs0, 40(s0)
     a4c: 02 90        	ebreak	
     a4e: 2a 04        	slli	s0, s0, 10
     a50: 36 40        	<unknown>
     a52: 02 90        	ebreak	
     a54: 2a 00        	c.slli	zero, 10
     a56: 04 08        	addi	s1, sp, 16
     a58: 1a 01        	slli	sp, sp, 6
     a5a: 5a 04        	slli	s0, s0, 22
     a5c: 22 28        	fld	fa6, 8(sp)
     a5e: 01 5a        	li	s4, -32
     a60: 00 04        	addi	s0, sp, 512
     a62: 40 42        	lw	s0, 4(a2)
     a64: 01 5a        	li	s4, -32
     a66: 00 37        	fld	fs0, 40(a4)
     a68: 00 00        	unimp	
     a6a: 00 05        	addi	s0, sp, 640
     a6c: 00 08        	addi	s0, sp, 16
     a6e: 00 03        	addi	s0, sp, 384
     a70: 00 00        	unimp	
     a72: 00 0c        	addi	s0, sp, 528
     a74: 00 00        	unimp	
     a76: 00 19        	addi	s0, sp, 176
     a78: 00 00        	unimp	
     a7a: 00 29        	fld	fs0, 16(a0)
     a7c: 00 00        	unimp	
     a7e: 00 04        	addi	s0, sp, 512
     a80: 00 3a        	fld	fs0, 48(a2)
     a82: 02 90        	ebreak	
     a84: 2a 04        	slli	s0, s0, 10
     a86: 5e 62        	ld	tp, 464(sp)
     a88: 02 90        	ebreak	
     a8a: 2a 00        	c.slli	zero, 10
     a8c: 04 04        	addi	s1, sp, 512
     a8e: 06 01        	slli	sp, sp, 1
     a90: 5a 04        	slli	s0, s0, 22
     a92: 08 1a        	addi	a0, sp, 304
     a94: 01 5a        	li	s4, -32
     a96: 04 22        	fld	fs1, 0(a2)
     a98: 28 01        	addi	a0, sp, 136
     a9a: 5a 00        	c.slli	zero, 22
     a9c: 04 3a        	fld	fs1, 48(a2)
     a9e: 3c 01        	addi	a5, sp, 136
     aa0: 5a 00        	c.slli	zero, 22
     aa2: 7c 00        	addi	a5, sp, 12
     aa4: 00 00        	unimp	
     aa6: 05 00        	c.nop	1
     aa8: 08 00        	<unknown>
     aaa: 06 00        	c.slli	zero, 1
     aac: 00 00        	unimp	
     aae: 18 00        	<unknown>
     ab0: 00 00        	unimp	
     ab2: 28 00        	addi	a0, sp, 8
     ab4: 00 00        	unimp	
     ab6: 35 00        	c.nop	13
     ab8: 00 00        	unimp	
     aba: 44 00        	addi	s1, sp, 4
     abc: 00 00        	unimp	
     abe: 54 00        	addi	a3, sp, 4
     ac0: 00 00        	unimp	
     ac2: 64 00        	addi	s1, sp, 12
     ac4: 00 00        	unimp	
     ac6: 04 00        	<unknown>
     ac8: 9e 01        	slli	gp, gp, 7
     aca: 02 90        	ebreak	
     acc: 2a 04        	slli	s0, s0, 10
     ace: a0 01        	addi	s0, sp, 200
     ad0: b4 01        	addi	a3, sp, 200
     ad2: 02 90        	ebreak	
     ad4: 2a 00        	c.slli	zero, 10
     ad6: 04 16        	addi	s1, sp, 800
     ad8: 76 01        	slli	sp, sp, 29
     ada: 5a 04        	slli	s0, s0, 22
     adc: a0 01        	addi	s0, sp, 200
     ade: a4 01        	addi	s1, sp, 200
     ae0: 01 5a        	li	s4, -32
     ae2: 00 04        	addi	s0, sp, 512
     ae4: 04 06        	addi	s1, sp, 768
     ae6: 0a 7b        	ld	s6, 160(sp)
     ae8: 00 10        	addi	s0, sp, 32
     aea: 80 80        	<unknown>
     aec: 80 f0        	sd	s0, 32(s1)
     aee: 07 1a 9f 00  	<unknown>
     af2: 04 34        	fld	fs1, 40(s0)
     af4: 96 01        	slli	gp, gp, 5
     af6: 02 90        	ebreak	
     af8: 20 04        	addi	s0, sp, 520
     afa: a0 01        	addi	s0, sp, 200
     afc: b0 01        	addi	a2, sp, 200
     afe: 02 90        	ebreak	
     b00: 20 00        	addi	s0, sp, 8
     b02: 04 68        	ld	s1, 16(s0)
     b04: 9e 01        	slli	gp, gp, 7
     b06: 02 90        	ebreak	
     b08: 21 04        	addi	s0, s0, 8
     b0a: a0 01        	addi	s0, sp, 200
     b0c: b6 01        	slli	gp, gp, 13
     b0e: 02 90        	ebreak	
     b10: 21 00        	c.nop	8
     b12: 04 6c        	ld	s1, 24(s0)
     b14: 8e 01        	slli	gp, gp, 3
     b16: 02 90        	ebreak	
     b18: 22 04        	slli	s0, s0, 8
     b1a: a0 01        	addi	s0, sp, 200
     b1c: b6 01        	slli	gp, gp, 13
     b1e: 02 90        	ebreak	
     b20: 22 00        	c.slli	zero, 8
     b22: 9d 01        	addi	gp, gp, 7
     b24: 00 00        	unimp	
     b26: 05 00        	c.nop	1
     b28: 08 00        	<unknown>
     b2a: 0f 00 00 00  	fence	0, 0
     b2e: 3c 00        	addi	a5, sp, 8
     b30: 00 00        	unimp	
     b32: 54 00        	addi	a3, sp, 4
     b34: 00 00        	unimp	
     b36: 60 00        	addi	s0, sp, 12
     b38: 00 00        	unimp	
     b3a: 67 00 00 00  	jr	zero
     b3e: 6e 00        	c.slli	zero, 27
     b40: 00 00        	unimp	
     b42: a6 00        	slli	ra, ra, 9
     b44: 00 00        	unimp	
     b46: bf 00 00 00  	<unknown>
     b4a: ce 00        	slli	ra, ra, 19
     b4c: 00 00        	unimp	
     b4e: df 00 00 00  	<unknown>
     b52: 08 01        	addi	a0, sp, 128
     b54: 00 00        	unimp	
     b56: 29 01        	addi	sp, sp, 10
     b58: 00 00        	unimp	
     b5a: 31 01        	addi	sp, sp, 12
     b5c: 00 00        	unimp	
     b5e: 40 01        	addi	s0, sp, 132
     b60: 00 00        	unimp	
     b62: 6e 01        	slli	sp, sp, 27
     b64: 00 00        	unimp	
     b66: 76 01        	slli	sp, sp, 29
     b68: 00 00        	unimp	
     b6a: 04 00        	<unknown>
     b6c: b0 01        	addi	a2, sp, 200
     b6e: 02 90        	ebreak	
     b70: 2a 04        	slli	s0, s0, 10
     b72: ac 03        	addi	a1, sp, 456
     b74: ac 04        	addi	a1, sp, 584
     b76: 02 90        	ebreak	
     b78: 2a 04        	slli	s0, s0, 10
     b7a: c6 04        	slli	s1, s1, 17
     b7c: e8 05        	addi	a0, sp, 716
     b7e: 02 90        	ebreak	
     b80: 2a 00        	c.slli	zero, 10
     b82: 04 00        	<unknown>
     b84: 2a 01        	slli	sp, sp, 10
     b86: 5a 04        	slli	s0, s0, 22
     b88: 2a 98        	add	a6, a6, a0
     b8a: 06 01        	slli	sp, sp, 1
     b8c: 62 00        	c.slli	zero, 24
     b8e: 04 18        	addi	s1, sp, 48
     b90: 9a 06        	slli	a3, a3, 6
     b92: 01 63        	lui	t1, 0
     b94: 00 04        	addi	s0, sp, 512
     b96: 20 94        	<unknown>
     b98: 06 01        	slli	sp, sp, 1
     b9a: 58 00        	addi	a4, sp, 4
     b9c: 04 6a        	ld	s1, 16(a2)
     b9e: 96 01        	slli	gp, gp, 5
     ba0: 02 90        	ebreak	
     ba2: 20 04        	addi	s0, sp, 520
     ba4: c8 03        	addi	a0, sp, 452
     ba6: e4 03        	addi	s1, sp, 460
     ba8: 02 90        	ebreak	
     baa: 20 04        	addi	s0, sp, 520
     bac: e8 03        	addi	a0, sp, 460
     bae: f8 03        	addi	a4, sp, 460
     bb0: 02 90        	ebreak	
     bb2: 20 04        	addi	s0, sp, 520
     bb4: fc 03        	addi	a5, sp, 460
     bb6: 88 04        	addi	a0, sp, 576
     bb8: 02 90        	ebreak	
     bba: 20 04        	addi	s0, sp, 520
     bbc: de 04        	slli	s1, s1, 23
     bbe: 8a 05        	slli	a1, a1, 2
     bc0: 02 90        	ebreak	
     bc2: 20 04        	addi	s0, sp, 520
     bc4: 90 05        	addi	a2, sp, 704
     bc6: a8 05        	addi	a0, sp, 712
     bc8: 02 90        	ebreak	
     bca: 20 04        	addi	s0, sp, 520
     bcc: c4 05        	addi	s1, sp, 708
     bce: dc 05        	addi	a5, sp, 708
     bd0: 02 90        	ebreak	
     bd2: 20 00        	addi	s0, sp, 8
     bd4: 04 c8        	sw	s1, 16(s0)
     bd6: 01 b2        	j	0x4d6 <.debug_loclists+0x4d6>
     bd8: 02 02        	c.slli64	tp
     bda: 90 2a        	fld	fa2, 16(a3)
     bdc: 04 b2        	fsd	fs1, 32(a2)
     bde: 02 d6        	sw	zero, 44(sp)
     be0: 02 02        	c.slli64	tp
     be2: 90 20        	fld	fa2, 0(s1)
     be4: 04 f6        	sd	s1, 40(a2)
     be6: 02 9a        	jalr	s4
     be8: 03 02 90 24  	lb	tp, 585(zero)
     bec: 00 04        	addi	s0, sp, 512
     bee: d0 01        	addi	a2, sp, 196
     bf0: ac 03        	addi	a1, sp, 456
     bf2: 01 5a        	li	s4, -32
     bf4: 04 e8        	sd	s1, 16(s0)
     bf6: 05 88        	andi	s0, s0, 1
     bf8: 06 01        	slli	sp, sp, 1
     bfa: 5a 00        	c.slli	zero, 22
     bfc: 04 ec        	sd	s1, 24(s0)
     bfe: 01 ac        	j	0xe0e <.debug_loclists+0xe0e>
     c00: 03 02 90 22  	lb	tp, 553(zero)
     c04: 04 e8        	sd	s1, 16(s0)
     c06: 05 88        	andi	s0, s0, 1
     c08: 06 02        	slli	tp, tp, 1
     c0a: 90 22        	fld	fa2, 0(a3)
     c0c: 00 04        	addi	s0, sp, 512
     c0e: f0 01        	addi	a2, sp, 204
     c10: d2 02        	slli	t0, t0, 20
     c12: 02 90        	ebreak	
     c14: 20 04        	addi	s0, sp, 520
     c16: d2 02        	slli	t0, t0, 20
     c18: 96 03        	slli	t2, t2, 5
     c1a: 02 90        	ebreak	
     c1c: 24 04        	addi	s1, sp, 520
     c1e: 96 03        	slli	t2, t2, 5
     c20: ac 03        	addi	a1, sp, 456
     c22: 02 90        	ebreak	
     c24: 20 04        	addi	s0, sp, 520
     c26: e8 05        	addi	a0, sp, 716
     c28: ec 05        	addi	a1, sp, 716
     c2a: 02 90        	ebreak	
     c2c: 24 04        	addi	s1, sp, 520
     c2e: ec 05        	addi	a1, sp, 716
     c30: f0 05        	addi	a2, sp, 716
     c32: 02 90        	ebreak	
     c34: 20 00        	addi	s0, sp, 8
     c36: 04 f6        	sd	s1, 40(a2)
     c38: 01 be        	j	0x748 <.debug_loclists+0x748>
     c3a: 02 02        	c.slli64	tp
     c3c: 90 21        	fld	fa2, 0(a1)
     c3e: 04 c2        	sw	s1, 0(a2)
     c40: 02 9e        	jalr	t3
     c42: 03 02 90 21  	lb	tp, 537(zero)
     c46: 04 a2        	fsd	fs1, 0(a2)
     c48: 03 ac 03 02  	lw	s8, 32(t2)
     c4c: 90 21        	fld	fa2, 0(a1)
     c4e: 04 e8        	sd	s1, 16(s0)
     c50: 05 80        	srli	s0, s0, 1
     c52: 06 02        	slli	tp, tp, 1
     c54: 90 21        	fld	fa2, 0(a1)
     c56: 00 04        	addi	s0, sp, 512
     c58: 98 02        	addi	a4, sp, 320
     c5a: ec 02        	addi	a1, sp, 332
     c5c: 01 5b        	li	s6, -32
     c5e: 00 04        	addi	s0, sp, 512
     c60: a0 02        	addi	s0, sp, 328
     c62: a2 02        	slli	t0, t0, 8
     c64: 01 5c        	li	s8, -32
     c66: 04 e6        	sd	s1, 8(a2)
     c68: 02 e8        	sd	zero, 16(sp)
     c6a: 02 01        	c.slli64	sp
     c6c: 5c 00        	addi	a5, sp, 4
     c6e: 04 a8        	fsd	fs1, 16(s0)
     c70: 02 b6        	fsd	ft0, 296(sp)
     c72: 02 01        	c.slli64	sp
     c74: 5c 04        	addi	a5, sp, 516
     c76: ec 02        	addi	a1, sp, 332
     c78: fa 02        	slli	t0, t0, 30
     c7a: 01 5b        	li	s6, -32
     c7c: 04 c8        	sw	s1, 16(s0)
     c7e: 03 e8 03 02  	lwu	a6, 32(t2)
     c82: 30 9f        	<unknown>
     c84: 04 e8        	sd	s1, 16(s0)
     c86: 03 fc 03 02  	<unknown>
     c8a: 31 9f        	addw	a4, a4, a2
     c8c: 04 fc        	sd	s1, 56(s0)
     c8e: 03 c6 04 02  	lbu	a2, 32(s1)
     c92: 32 9f        	add	t5, t5, a2
     c94: 04 e8        	sd	s1, 16(s0)
     c96: 05 ec        	bnez	s0, 0xcce <.debug_loclists+0xcce>
     c98: 05 01        	addi	sp, sp, 1
     c9a: 5b 00 04 bc  	<unknown>
     c9e: 03 ac 04 01  	lw	s8, 16(s1)
     ca2: 5c 00        	addi	a5, sp, 4
     ca4: 04 84        	<unknown>
     ca6: 04 88        	<unknown>
     ca8: 04 03        	addi	s1, sp, 384
     caa: 11 03        	addi	t1, t1, 4
     cac: 9f 04 88 04  	<unknown>
     cb0: 92 04        	slli	s1, s1, 4
     cb2: 0f 7d 00 11  	<unknown>
     cb6: 04 1c        	addi	s1, sp, 560
     cb8: 11 7f        	lui	t5, 1048548
     cba: 1b 11 7f 1e  	<unknown>
     cbe: 11 03        	addi	t1, t1, 4
     cc0: 22 9f        	add	t5, t5, s0
     cc2: 00 64        	ld	s0, 8(s0)
     cc4: 05 00        	c.nop	1
     cc6: 00 05        	addi	s0, sp, 640
     cc8: 00 08        	addi	s0, sp, 16
     cca: 00 15        	addi	s0, sp, 672
     ccc: 00 00        	unimp	
     cce: 00 54        	lw	s0, 40(s0)
     cd0: 00 00        	unimp	
     cd2: 00 67        	ld	s0, 8(a4)
     cd4: 00 00        	unimp	
     cd6: 00 74        	ld	s0, 40(s0)
     cd8: 00 00        	unimp	
     cda: 00 7b        	ld	s0, 48(a4)
     cdc: 00 00        	unimp	
     cde: 00 87        	<unknown>
     ce0: 00 00        	unimp	
     ce2: 00 94        	<unknown>
     ce4: 00 00        	unimp	
     ce6: 00 a7        	fsd	fs0, 8(a4)
     ce8: 00 00        	unimp	
     cea: 00 b5        	fsd	fs0, 40(a0)
     cec: 00 00        	unimp	
     cee: 00 c3        	sw	s0, 0(a4)
     cf0: 00 00        	unimp	
     cf2: 00 ca        	sw	s0, 16(a2)
     cf4: 00 00        	unimp	
     cf6: 00 d6        	sw	s0, 40(a2)
     cf8: 00 00        	unimp	
     cfa: 00 6f        	ld	s0, 24(a4)
     cfc: 01 00        	nop
     cfe: 00 5c        	lw	s0, 56(s0)
     d00: 03 00 00 62  	lb	zero, 1568(zero)
     d04: 03 00 00 71  	lb	zero, 1808(zero)
     d08: 03 00 00 2a  	lb	zero, 672(zero)
     d0c: 04 00        	<unknown>
     d0e: 00 47        	lw	s0, 8(a4)
     d10: 04 00        	<unknown>
     d12: 00 80        	<unknown>
     d14: 04 00        	<unknown>
     d16: 00 c8        	sw	s0, 16(s0)
     d18: 04 00        	<unknown>
     d1a: 00 e7        	sd	s0, 8(a4)
     d1c: 04 00        	<unknown>
     d1e: 00 fe        	sd	s0, 56(a2)
     d20: 04 00        	<unknown>
     d22: 00 04        	addi	s0, sp, 512
     d24: 00 30        	fld	fs0, 32(s0)
     d26: 01 5a        	li	s4, -32
     d28: 04 30        	fld	fs1, 32(s0)
     d2a: ac 0c        	addi	a1, sp, 600
     d2c: 01 64        	lui	s0, 0
     d2e: 04 cc        	sw	s1, 24(s0)
     d30: 0c d8        	sw	a1, 48(s0)
     d32: 0c 01        	addi	a1, sp, 128
     d34: 64 00        	addi	s1, sp, 12
     d36: 04 00        	<unknown>
     d38: 2e 01        	slli	sp, sp, 11
     d3a: 5b 04 2e d8  	<unknown>
     d3e: 0c 02        	addi	a1, sp, 256
     d40: 72 00        	c.slli	zero, 28
     d42: 00 04        	addi	s0, sp, 512
     d44: 00 84        	<unknown>
     d46: 01 01        	mv	sp, sp
     d48: 5c 00        	addi	a5, sp, 4
     d4a: 04 00        	<unknown>
     d4c: 2c 01        	addi	a1, sp, 136
     d4e: 5d 04        	addi	s0, s0, 23
     d50: 2c b4        	fsd	fa1, 104(s0)
     d52: 08 01        	addi	a0, sp, 128
     d54: 59 00        	c.nop	22
     d56: 04 00        	<unknown>
     d58: 32 01        	slli	sp, sp, 12
     d5a: 5e 04        	slli	s0, s0, 23
     d5c: 32 d8        	sw	a2, 48(sp)
     d5e: 0c 02        	addi	a1, sp, 256
     d60: 72 08        	slli	a6, a6, 28
     d62: 00 04        	addi	s0, sp, 512
     d64: 00 2a        	fld	fs0, 16(a2)
     d66: 01 5f        	li	t5, -32
     d68: 04 2a        	fld	fs1, 16(a2)
     d6a: b0 0c        	addi	a2, sp, 600
     d6c: 01 66        	lui	a2, 0
     d6e: 04 cc        	sw	s1, 24(s0)
     d70: 0c d8        	sw	a1, 48(s0)
     d72: 0c 01        	addi	a1, sp, 128
     d74: 66 00        	c.slli	zero, 25
     d76: 04 44        	lw	s1, 8(s0)
     d78: b4 0c        	addi	a3, sp, 600
     d7a: 01 68        	lui	a6, 0
     d7c: 04 cc        	sw	s1, 24(s0)
     d7e: 0c d8        	sw	a1, 48(s0)
     d80: 0c 01        	addi	a1, sp, 128
     d82: 68 00        	addi	a0, sp, 12
     d84: 04 44        	lw	s1, 8(s0)
     d86: b4 0c        	addi	a3, sp, 600
     d88: 01 68        	lui	a6, 0
     d8a: 04 cc        	sw	s1, 24(s0)
     d8c: 0c d8        	sw	a1, 48(s0)
     d8e: 0c 01        	addi	a1, sp, 128
     d90: 68 00        	addi	a0, sp, 12
     d92: 04 48        	lw	s1, 16(s0)
     d94: d6 01        	slli	gp, gp, 21
     d96: 01 56        	li	a2, -32
     d98: 00 04        	addi	s0, sp, 512
     d9a: 5a 66        	ld	a2, 400(sp)
     d9c: 01 5a        	li	s4, -32
     d9e: 04 66        	ld	s1, 8(a2)
     da0: a8 02        	addi	a0, sp, 328
     da2: 01 60        	c.lui	zero, 0
     da4: 00 04        	addi	s0, sp, 512
     da6: 66 7a        	ld	s4, 120(sp)
     da8: 06 80        	c.mv	zero, ra
     daa: 00 76        	ld	s0, 40(a2)
     dac: 00 1c        	addi	s0, sp, 560
     dae: 9f 04 7a b0  	<unknown>
     db2: 01 01        	mv	sp, sp
     db4: 5b 04 e8 01  	<unknown>
     db8: fa 01        	slli	gp, gp, 30
     dba: 02 30        	fld	ft0, 32(sp)
     dbc: 9f 04 fa 01  	<unknown>
     dc0: 8c 02        	addi	a1, sp, 320
     dc2: 09 76        	lui	a2, 1048546
     dc4: 00 11        	addi	s0, sp, 160
     dc6: 7f 79 00 22  	<unknown>
     dca: 1c 9f        	<unknown>
     dcc: 04 8c        	<unknown>
     dce: 02 96        	jalr	a2
     dd0: 02 0c        	c.slli64	s8
     dd2: 76 00        	c.slli	zero, 29
     dd4: 11 7f        	lui	t5, 1048548
     dd6: 79 00        	c.nop	30
     dd8: 22 1c        	slli	s8, s8, 40
     dda: 11 01        	addi	sp, sp, 4
     ddc: 22 9f        	add	t5, t5, s0
     dde: 04 fc        	sd	s1, 56(s0)
     de0: 02 94        	jalr	s0
     de2: 03 01 58 04  	lb	sp, 69(a6)
     de6: ba 03        	slli	t2, t2, 14
     de8: bc 03        	addi	a5, sp, 456
     dea: 13 7b 00 72  	andi	s6, zero, 1824
     dee: 98 02        	addi	a4, sp, 320
     df0: 1c 11        	addi	a5, sp, 160
     df2: 04 1b        	addi	s1, sp, 432
     df4: 11 7f        	lui	t5, 1048548
     df6: 1e 11        	slli	sp, sp, 39
     df8: 7f 78 00 22  	<unknown>
     dfc: 22 9f        	add	t5, t5, s0
     dfe: 04 d4        	sw	s1, 40(s0)
     e00: 05 e0        	bnez	s0, 0xe20 <.debug_loclists+0xe20>
     e02: 05 02        	addi	tp, tp, 1
     e04: 30 9f        	<unknown>
     e06: 04 e0        	sd	s1, 0(s0)
     e08: 05 f0        	bnez	s0, 0xd28 <.debug_loclists+0xd28>
     e0a: 05 01        	addi	sp, sp, 1
     e0c: 5a 04        	slli	s0, s0, 22
     e0e: ae 06        	slli	a3, a3, 11
     e10: c4 06        	addi	s1, sp, 836
     e12: 02 30        	fld	ft0, 32(sp)
     e14: 9f 04 c4 06  	<unknown>
     e18: d0 06        	addi	a2, sp, 836
     e1a: 09 7b        	lui	s6, 1048546
     e1c: 00 79        	ld	s0, 48(a0)
     e1e: 00 78        	ld	s0, 48(s0)
     e20: 00 22        	fld	fs0, 0(a2)
     e22: 1c 9f        	<unknown>
     e24: 04 d0        	sw	s1, 32(s0)
     e26: 06 da        	sw	ra, 52(sp)
     e28: 06 0c        	slli	s8, s8, 1
     e2a: 7b 00 79 00  	<unknown>
     e2e: 78 00        	addi	a4, sp, 12
     e30: 22 1c        	slli	s8, s8, 40
     e32: 11 01        	addi	sp, sp, 4
     e34: 22 9f        	add	t5, t5, s0
     e36: 04 b2        	fsd	fs1, 32(a2)
     e38: 07 b8 07 01  	fld	fa6, 16(a5)
     e3c: 5a 00        	c.slli	zero, 22
     e3e: 04 6e        	ld	s1, 24(a2)
     e40: 92 01        	slli	gp, gp, 4
     e42: 02 30        	fld	ft0, 32(sp)
     e44: 9f 04 92 01  	<unknown>
     e48: 96 01        	slli	gp, gp, 5
     e4a: 0a 7e        	ld	t3, 160(sp)
     e4c: 00 72        	ld	s0, 32(a2)
     e4e: c8 01        	addi	a0, sp, 196
     e50: 1c 11        	addi	a5, sp, 160
     e52: 04 1b        	addi	s1, sp, 432
     e54: 9f 04 96 01  	<unknown>
     e58: 9a 01        	slli	gp, gp, 6
     e5a: 0d 7e        	lui	t3, 1048547
     e5c: 00 72        	ld	s0, 32(a2)
     e5e: c8 01        	addi	a0, sp, 196
     e60: 1c 11        	addi	a5, sp, 160
     e62: 04 1b        	addi	s1, sp, 432
     e64: 11 01        	addi	sp, sp, 4
     e66: 22 9f        	add	t5, t5, s0
     e68: 04 a0        	fsd	fs1, 0(s0)
     e6a: 01 b0        	j	0x66a <.debug_loclists+0x66a>
     e6c: 01 0a        	mv	s4, s4
     e6e: 7e 00        	c.slli	zero, 31
     e70: 72 c8        	sw	t3, 16(sp)
     e72: 01 1c        	addi	s8, s8, -32
     e74: 11 04        	addi	s0, s0, 4
     e76: 1b 9f 04 b4  	<unknown>
     e7a: 01 d6        	beqz	a2, 0xd82 <.debug_loclists+0xd82>
     e7c: 01 02        	mv	tp, tp
     e7e: 30 9f        	<unknown>
     e80: 04 d6        	sw	s1, 40(a2)
     e82: 01 fa        	bnez	a2, 0xd92 <.debug_loclists+0xd92>
     e84: 02 01        	c.slli64	sp
     e86: 5d 04        	addi	s0, s0, 23
     e88: fa 02        	slli	t0, t0, 30
     e8a: fc 02        	addi	a5, sp, 332
     e8c: 03 78 01 9f  	<unknown>
     e90: 04 fc        	sd	s1, 56(s0)
     e92: 02 94        	jalr	s0
     e94: 03 02 30 9f  	lb	tp, -1549(zero)
     e98: 04 94        	<unknown>
     e9a: 03 ba 03 0a  	ld	s4, 160(t2)
     e9e: 7b 00 72 98  	<unknown>
     ea2: 02 1c        	slli	s8, s8, 32
     ea4: 11 04        	addi	s0, s0, 4
     ea6: 1b 9f 04 ba  	<unknown>
     eaa: 03 bc 03 0d  	ld	s8, 208(t2)
     eae: 7b 00 72 98  	<unknown>
     eb2: 02 1c        	slli	s8, s8, 32
     eb4: 11 04        	addi	s0, s0, 4
     eb6: 1b 11 01 22  	<unknown>
     eba: 9f 04 82 04  	<unknown>
     ebe: 8a 04        	slli	s1, s1, 2
     ec0: 01 5c        	li	s8, -32
     ec2: 04 ca        	sw	s1, 16(a2)
     ec4: 04 d6        	sw	s1, 40(a2)
     ec6: 04 02        	addi	s1, sp, 256
     ec8: 30 9f        	<unknown>
     eca: 04 d6        	sw	s1, 40(a2)
     ecc: 04 de        	sw	s1, 56(a2)
     ece: 04 0a        	addi	s1, sp, 272
     ed0: 7b 00 72 98  	<unknown>
     ed4: 02 1c        	slli	s8, s8, 32
     ed6: 11 04        	addi	s0, s0, 4
     ed8: 1b 9f 04 de  	<unknown>
     edc: 04 e2        	sd	s1, 0(a2)
     ede: 04 0d        	addi	s1, sp, 656
     ee0: 7b 00 72 98  	<unknown>
     ee4: 02 1c        	slli	s8, s8, 32
     ee6: 11 04        	addi	s0, s0, 4
     ee8: 1b 11 01 22  	<unknown>
     eec: 9f 04 e4 04  	<unknown>
     ef0: f6 04        	slli	s1, s1, 29
     ef2: 0a 7b        	ld	s6, 160(sp)
     ef4: 00 72        	ld	s0, 32(a2)
     ef6: 98 02        	addi	a4, sp, 320
     ef8: 1c 11        	addi	a5, sp, 160
     efa: 04 1b        	addi	s1, sp, 432
     efc: 9f 04 d4 05  	<unknown>
     f00: e0 05        	addi	s0, sp, 716
     f02: 03 78 7f 9f  	<unknown>
     f06: 04 e0        	sd	s1, 0(s0)
     f08: 05 e6        	bnez	a2, 0xf30 <.debug_loclists+0xf30>
     f0a: 05 03        	addi	t1, t1, 1
     f0c: 7b 7f 9f 04  	<unknown>
     f10: e6 05        	slli	a1, a1, 25
     f12: e8 05        	addi	a0, sp, 716
     f14: 01 5b        	li	s6, -32
     f16: 04 e8        	sd	s1, 16(s0)
     f18: 05 f0        	bnez	s0, 0xe38 <.debug_loclists+0xe38>
     f1a: 05 03        	addi	t1, t1, 1
     f1c: 7b 7f 9f 04  	<unknown>
     f20: fc 05        	addi	a5, sp, 716
     f22: 82 06        	c.slli64	a3
     f24: 03 78 01 9f  	<unknown>
     f28: 04 8c        	<unknown>
     f2a: 06 96        	add	a2, a2, ra
     f2c: 06 03        	slli	t1, t1, 1
     f2e: 78 01        	addi	a4, sp, 140
     f30: 9f 04 b2 07  	<unknown>
     f34: ba 07        	slli	a5, a5, 14
     f36: 03 7b 7f 9f  	<unknown>
     f3a: 04 de        	sw	s1, 56(a2)
     f3c: 07 f2 07 01  	vle64ff.v	v4, (a5), v0.t
     f40: 58 04        	addi	a4, sp, 516
     f42: f2 07        	slli	a5, a5, 28
     f44: 84 08        	addi	s1, sp, 80
     f46: 03 7a 7f 9f  	<unknown>
     f4a: 04 8c        	<unknown>
     f4c: 08 b4        	fsd	fa0, 40(s0)
     f4e: 08 01        	addi	a0, sp, 128
     f50: 58 04        	addi	a4, sp, 516
     f52: b6 08        	slli	a7, a7, 13
     f54: fa 08        	slli	a7, a7, 30
     f56: 01 5e        	li	t3, -32
     f58: 04 90        	<unknown>
     f5a: 09 ac        	j	0x116c <.debug_loclists+0x116c>
     f5c: 09 01        	addi	sp, sp, 2
     f5e: 58 04        	addi	a4, sp, 516
     f60: ac 09        	addi	a1, sp, 216
     f62: d0 09        	addi	a2, sp, 212
     f64: 03 7b 7f 9f  	<unknown>
     f68: 04 d0        	sw	s1, 32(s0)
     f6a: 09 d2        	beqz	a2, 0xe6c <.debug_loclists+0xe6c>
     f6c: 09 1a        	addi	s4, s4, -30
     f6e: 7b 00 11 01  	<unknown>
     f72: 78 00        	addi	a4, sp, 12
     f74: a8 a7        	fsd	fa0, 72(a5)
     f76: 80 80        	<unknown>
     f78: 00 22        	fld	fs0, 0(a2)
     f7a: 1c 11        	addi	a5, sp, 160
     f7c: 7f 1b 11 7f  	<unknown>
     f80: 1e 11        	slli	sp, sp, 39
     f82: 7f 78 00 22  	<unknown>
     f86: 22 9f        	add	t5, t5, s0
     f88: 04 da        	sw	s1, 48(a2)
     f8a: 09 ee        	bnez	a2, 0xfa4 <.debug_loclists+0xfa4>
     f8c: 09 01        	addi	sp, sp, 2
     f8e: 58 04        	addi	a4, sp, 516
     f90: ee 09        	slli	s3, s3, 27
     f92: 92 0a        	slli	s5, s5, 4
     f94: 03 7c 7f 9f  	<unknown>
     f98: 04 92        	<unknown>
     f9a: 0a 94        	add	s0, s0, sp
     f9c: 0a 1a        	slli	s4, s4, 34
     f9e: 7c 00        	addi	a5, sp, 12
     fa0: 11 01        	addi	sp, sp, 4
     fa2: 78 00        	addi	a4, sp, 12
     fa4: a8 a7        	fsd	fa0, 72(a5)
     fa6: 80 80        	<unknown>
     fa8: 00 22        	fld	fs0, 0(a2)
     faa: 1c 11        	addi	a5, sp, 160
     fac: 7f 1b 11 7f  	<unknown>
     fb0: 1e 11        	slli	sp, sp, 39
     fb2: 7f 78 00 22  	<unknown>
     fb6: 22 9f        	add	t5, t5, s0
     fb8: 04 9e        	<unknown>
     fba: 0a a4        	fsd	ft2, 8(sp)
     fbc: 0a 01        	slli	sp, sp, 2
     fbe: 58 04        	addi	a4, sp, 516
     fc0: ac 0a        	addi	a1, sp, 344
     fc2: b4 0a        	addi	a3, sp, 344
     fc4: 03 78 7f 9f  	<unknown>
     fc8: 04 e0        	sd	s1, 0(s0)
     fca: 0a f6        	sd	sp, 296(sp)
     fcc: 0a 01        	slli	sp, sp, 2
     fce: 58 04        	addi	a4, sp, 516
     fd0: f6 0a        	slli	s5, s5, 29
     fd2: fe 0a        	slli	s5, s5, 31
     fd4: 03 7a 7f 9f  	<unknown>
     fd8: 04 9c        	<unknown>
     fda: 0b ac 0b 02  	<unknown>
     fde: 31 9f        	addw	a4, a4, a2
     fe0: 04 ac        	fsd	fs1, 24(s0)
     fe2: 0b b4 0b 10  	<unknown>
     fe6: 7a 00        	c.slli	zero, 30
     fe8: 11 04        	addi	s0, s0, 4
     fea: 72 f8        	sd	t3, 48(sp)
     fec: 00 22        	fld	fs0, 0(a2)
     fee: 1c 11        	addi	a5, sp, 160
     ff0: 04 1b        	addi	s1, sp, 432
     ff2: 11 01        	addi	sp, sp, 4
     ff4: 22 9f        	add	t5, t5, s0
     ff6: 04 b4        	fsd	fs1, 40(s0)
     ff8: 0b b8 0b 10  	<unknown>
     ffc: 7a 00        	c.slli	zero, 30
     ffe: 11 04        	addi	s0, s0, 4
    1000: 72 f8        	sd	t3, 48(sp)
    1002: 00 22        	fld	fs0, 0(a2)
    1004: 1c 11        	addi	a5, sp, 160
    1006: 04 1b        	addi	s1, sp, 432
    1008: 11 02        	addi	tp, tp, 4
    100a: 22 9f        	add	t5, t5, s0
    100c: 04 c8        	sw	s1, 16(s0)
    100e: 0b dc 0b 01  	<unknown>
    1012: 58 04        	addi	a4, sp, 516
    1014: dc 0b        	addi	a5, sp, 468
    1016: e4 0b        	addi	s1, sp, 476
    1018: 03 7a 7f 9f  	<unknown>
    101c: 04 fa        	sd	s1, 48(a2)
    101e: 0b 8a 0c 01  	<unknown>
    1022: 58 04        	addi	a4, sp, 516
    1024: cc 0c        	addi	a1, sp, 596
    1026: d8 0c        	addi	a4, sp, 596
    1028: 01 58        	li	a6, -32
    102a: 00 04        	addi	s0, sp, 512
    102c: 6e 7a        	ld	s4, 248(sp)
    102e: 01 5b        	li	s6, -32
    1030: 00 04        	addi	s0, sp, 512
    1032: b4 01        	addi	a3, sp, 200
    1034: ae 0c        	slli	s9, s9, 11
    1036: 01 65        	lui	a0, 0
    1038: 04 cc        	sw	s1, 24(s0)
    103a: 0c d8        	sw	a1, 48(s0)
    103c: 0c 01        	addi	a1, sp, 128
    103e: 65 00        	c.nop	25
    1040: 04 e8        	sd	s1, 16(s0)
    1042: 01 fa        	bnez	a2, 0xf52 <.debug_loclists+0xf52>
    1044: 01 06        	mv	a2, a2
    1046: 9e 04        	slli	s1, s1, 7
    1048: 00 00        	unimp	
    104a: 00 00        	unimp	
    104c: 04 fa        	sd	s1, 48(a2)
    104e: 01 96        	srai	a2, a2, 32
    1050: 02 02        	c.slli64	tp
    1052: 90 21        	fld	fa2, 0(a1)
    1054: 04 a0        	fsd	fs1, 0(s0)
    1056: 03 c2 03 02  	lbu	tp, 32(t2)
    105a: 90 20        	fld	fa2, 0(s1)
    105c: 04 ae        	fsd	fs1, 24(a2)
    105e: 06 c4        	sw	ra, 8(sp)
    1060: 06 06        	slli	a2, a2, 1
    1062: 9e 04        	slli	s1, s1, 7
    1064: 00 00        	unimp	
    1066: 00 00        	unimp	
    1068: 04 c4        	sw	s1, 8(s0)
    106a: 06 da        	sw	ra, 52(sp)
    106c: 06 02        	slli	tp, tp, 1
    106e: 90 20        	fld	fa2, 0(s1)
    1070: 04 94        	<unknown>
    1072: 07 98 07 02  	<unknown>
    1076: 90 20        	fld	fa2, 0(s1)
    1078: 04 de        	sw	s1, 56(a2)
    107a: 07 b4 08 02  	fld	fs0, 32(a7)
    107e: 90 2a        	fld	fa2, 16(a3)
    1080: 04 ca        	sw	s1, 16(a2)
    1082: 08 d2        	sw	a0, 32(a2)
    1084: 08 06        	addi	a0, sp, 768
    1086: 9e 04        	slli	s1, s1, 7
    1088: 00 00        	unimp	
    108a: 00 00        	unimp	
    108c: 04 d2        	sw	s1, 32(a2)
    108e: 08 fa        	sd	a0, 48(a2)
    1090: 08 02        	addi	a0, sp, 256
    1092: 90 21        	fld	fa2, 0(a1)
    1094: 04 c0        	sw	s1, 0(s0)
    1096: 09 9e        	subw	a2, a2, a0
    1098: 0a 02        	slli	tp, tp, 2
    109a: 90 23        	fld	fa2, 0(a5)
    109c: 04 9e        	<unknown>
    109e: 0a ac        	fsd	ft2, 24(sp)
    10a0: 0a 06        	slli	a2, a2, 2
    10a2: 9e 04        	slli	s1, s1, 7
    10a4: 00 00        	unimp	
    10a6: 00 00        	unimp	
    10a8: 04 ac        	fsd	fs1, 24(s0)
    10aa: 0a bc        	fsd	ft2, 56(sp)
    10ac: 0a 02        	slli	tp, tp, 2
    10ae: 90 20        	fld	fa2, 0(s1)
    10b0: 04 e0        	sd	s1, 0(s0)
    10b2: 0a f6        	sd	sp, 296(sp)
    10b4: 0a 06        	slli	a2, a2, 2
    10b6: 9e 04        	slli	s1, s1, 7
    10b8: 00 00        	unimp	
    10ba: 00 00        	unimp	
    10bc: 04 f6        	sd	s1, 40(a2)
    10be: 0a 8c        	mv	s8, sp
    10c0: 0b 02 90 20  	<unknown>
    10c4: 04 9c        	<unknown>
    10c6: 0b c2 0b 02  	<unknown>
    10ca: 90 20        	fld	fa2, 0(s1)
    10cc: 04 c8        	sw	s1, 16(s0)
    10ce: 0b dc 0b 06  	<unknown>
    10d2: 9e 04        	slli	s1, s1, 7
    10d4: 00 00        	unimp	
    10d6: 00 00        	unimp	
    10d8: 04 dc        	sw	s1, 56(s0)
    10da: 0b f0 0b 02  	<unknown>
    10de: 90 20        	fld	fa2, 0(s1)
    10e0: 04 fa        	sd	s1, 48(a2)
    10e2: 0b 8a 0c 06  	<unknown>
    10e6: 9e 04        	slli	s1, s1, 7
    10e8: 00 00        	unimp	
    10ea: 00 00        	unimp	
    10ec: 04 cc        	sw	s1, 24(s0)
    10ee: 0c d8        	sw	a1, 48(s0)
    10f0: 0c 06        	addi	a1, sp, 768
    10f2: 9e 04        	slli	s1, s1, 7
    10f4: 00 00        	unimp	
    10f6: 00 00        	unimp	
    10f8: 00 04        	addi	s0, sp, 512
    10fa: fa 02        	slli	t0, t0, 30
    10fc: fc 02        	addi	a5, sp, 332
    10fe: 01 67        	lui	a4, 0
    1100: 04 e4        	sd	s1, 8(s0)
    1102: 03 ca 04 01  	lbu	s4, 16(s1)
    1106: 67 04 a4 05  	jalr	s0, 90(s0)
    110a: b2 0c        	slli	s9, s9, 12
    110c: 01 67        	lui	a4, 0
    110e: 04 cc        	sw	s1, 24(s0)
    1110: 0c d8        	sw	a1, 48(s0)
    1112: 0c 01        	addi	a1, sp, 128
    1114: 67 00 04 fa  	jr	-96(s0)
    1118: 02 fc        	sd	zero, 56(sp)
    111a: 02 02        	c.slli64	tp
    111c: 90 28        	fld	fa2, 16(s1)
    111e: 04 88        	<unknown>
    1120: 03 cc 03 02  	lbu	s8, 32(t2)
    1124: 90 2a        	fld	fa2, 16(a3)
    1126: 04 d0        	sw	s1, 32(s0)
    1128: 03 e0 03 02  	lwu	zero, 32(t2)
    112c: 90 28        	fld	fa2, 16(s1)
    112e: 04 e0        	sd	s1, 0(s0)
    1130: 03 ec 03 02  	lwu	s8, 32(t2)
    1134: 90 20        	fld	fa2, 0(s1)
    1136: 04 ec        	sd	s1, 24(s0)
    1138: 03 f8 06 02  	<unknown>
    113c: 90 28        	fld	fa2, 16(s1)
    113e: 04 f8        	sd	s1, 48(s0)
    1140: 06 b2        	fsd	ft1, 288(sp)
    1142: 07 02 90 2a  	vlsseg2e8.v	v4, (zero), s1
    1146: 04 b2        	fsd	fs1, 32(a2)
    1148: 07 c8 07 02  	<unknown>
    114c: 90 28        	fld	fa2, 16(s1)
    114e: 00 04        	addi	s0, sp, 512
    1150: fc 02        	addi	a5, sp, 332
    1152: 82 06        	c.slli64	a3
    1154: 01 58        	li	a6, -32
    1156: 04 da        	sw	s1, 48(a2)
    1158: 06 be        	fsd	ft1, 312(sp)
    115a: 07 01 58 04  	vluxei8.v	v2, (a6), v5, v0.t
    115e: c2 07        	slli	a5, a5, 16
    1160: c4 07        	addi	s1, sp, 964
    1162: 17 78 00 78  	auipc	a6, 491527
    1166: 00 1c        	addi	s0, sp, 560
    1168: 11 7f        	lui	t5, 1048548
    116a: 1b 11 7f 1e  	<unknown>
    116e: 11 7f        	lui	t5, 1048548
    1170: 78 00        	addi	a4, sp, 12
    1172: a8 a7        	fsd	fa0, 72(a5)
    1174: 80 80        	<unknown>
    1176: 00 22        	fld	fs0, 0(a2)
    1178: 22 9f        	add	t5, t5, s0
    117a: 04 c8        	sw	s1, 16(s0)
    117c: 07 a4 0a 01  	flw	fs0, 16(s5)
    1180: 58 04        	addi	a4, sp, 516
    1182: e0 0a        	addi	s0, sp, 348
    1184: a2 0b        	slli	s7, s7, 8
    1186: 01 58        	li	a6, -32
    1188: 04 c8        	sw	s1, 16(s0)
    118a: 0b 8a 0c 01  	<unknown>
    118e: 58 04        	addi	a4, sp, 516
    1190: cc 0c        	addi	a1, sp, 596
    1192: d8 0c        	addi	a4, sp, 596
    1194: 01 58        	li	a6, -32
    1196: 00 04        	addi	s0, sp, 512
    1198: ec 03        	addi	a1, sp, 460
    119a: 94 04        	addi	a3, sp, 576
    119c: 02 30        	fld	ft0, 32(sp)
    119e: 9f 04 94 04  	<unknown>
    11a2: 9a 04        	slli	s1, s1, 6
    11a4: 01 5f        	li	t5, -32
    11a6: 04 9a        	<unknown>
    11a8: 04 c6        	sw	s1, 8(a2)
    11aa: 04 02        	addi	s1, sp, 256
    11ac: 30 9f        	<unknown>
    11ae: 04 c6        	sw	s1, 8(a2)
    11b0: 04 ca        	sw	s1, 16(a2)
    11b2: 04 01        	addi	s1, sp, 128
    11b4: 5f 00 04 ca  	<unknown>
    11b8: 04 d6        	sw	s1, 40(a2)
    11ba: 04 02        	addi	s1, sp, 256
    11bc: 30 9f        	<unknown>
    11be: 04 d6        	sw	s1, 40(a2)
    11c0: 04 da        	sw	s1, 48(a2)
    11c2: 04 01        	addi	s1, sp, 128
    11c4: 5a 04        	slli	s0, s0, 22
    11c6: de 04        	slli	s1, s1, 23
    11c8: f4 04        	addi	a3, sp, 588
    11ca: 01 5a        	li	s4, -32
    11cc: 00 04        	addi	s0, sp, 512
    11ce: f4 05        	addi	a3, sp, 716
    11d0: f6 05        	slli	a1, a1, 29
    11d2: 09 7a        	lui	s4, 1048546
    11d4: 00 78        	ld	s0, 48(s0)
    11d6: 00 1c        	addi	s0, sp, 560
    11d8: 11 01        	addi	sp, sp, 4
    11da: 22 9f        	add	t5, t5, s0
    11dc: 04 f6        	sd	s1, 40(a2)
    11de: 05 f8        	bnez	s0, 0x110e <.debug_loclists+0x110e>
    11e0: 05 09        	addi	s2, s2, 1
    11e2: 7a 00        	c.slli	zero, 30
    11e4: 78 00        	addi	a4, sp, 12
    11e6: 1c 11        	addi	a5, sp, 160
    11e8: 02 22        	fld	ft4, 0(sp)
    11ea: 9f 04 ca 08  	<unknown>
    11ee: d2 08        	slli	a7, a7, 20
    11f0: 02 30        	fld	ft0, 32(sp)
    11f2: 9f 04 d2 08  	<unknown>
    11f6: de 08        	slli	a7, a7, 23
    11f8: 14 7a        	ld	a3, 48(a2)
    11fa: 00 11        	addi	s0, sp, 160
    11fc: 04 78        	ld	s1, 48(s0)
    11fe: 00 a8        	fsd	fs0, 16(s0)
    1200: a7 80 80 00  	<unknown>
    1204: 1e 72        	ld	tp, 480(sp)
    1206: 28 22        	fld	fa0, 64(a2)
    1208: 1c 11        	addi	a5, sp, 160
    120a: 7c 1b        	addi	a5, sp, 444
    120c: 9f 04 de 08  	<unknown>
    1210: f6 08        	slli	a7, a7, 29
    1212: 17 7a 00 11  	auipc	s4, 69639
    1216: 04 78        	ld	s1, 48(s0)
    1218: 00 a8        	fsd	fs0, 16(s0)
    121a: a7 80 80 00  	<unknown>
    121e: 1e 72        	ld	tp, 480(sp)
    1220: 28 22        	fld	fa0, 64(a2)
    1222: 1c 11        	addi	a5, sp, 160
    1224: 7c 1b        	addi	a5, sp, 444
    1226: 11 01        	addi	sp, sp, 4
    1228: 22 9f        	add	t5, t5, s0
    122a: 00 5b        	lw	s0, 48(a4)
    122c: 00 00        	unimp	
    122e: 00 05        	addi	s0, sp, 640
    1230: 00 08        	addi	s0, sp, 16
    1232: 00 04        	addi	s0, sp, 512
    1234: 00 00        	unimp	
    1236: 00 10        	addi	s0, sp, 32
    1238: 00 00        	unimp	
    123a: 00 2e        	fld	fs0, 24(a2)
    123c: 00 00        	unimp	
    123e: 00 3f        	fld	fs0, 56(a4)
    1240: 00 00        	unimp	
    1242: 00 4c        	lw	s0, 24(s0)
    1244: 00 00        	unimp	
    1246: 00 04        	addi	s0, sp, 512
    1248: 00 4e        	lw	s0, 24(a2)
    124a: 02 90        	ebreak	
    124c: 2a 04        	slli	s0, s0, 10
    124e: 50 aa        	fsd	fa2, 144(a2)
    1250: 01 02        	mv	tp, tp
    1252: 90 2a        	fld	fa2, 16(a3)
    1254: 04 ac        	fsd	fs1, 24(s0)
    1256: 01 b0        	j	0xa56 <.debug_loclists+0xa56>
    1258: 01 02        	mv	tp, tp
    125a: 90 2a        	fld	fa2, 16(a3)
    125c: 04 b2        	fsd	fs1, 32(a2)
    125e: 01 c2        	beqz	a2, 0x125e <.debug_loclists+0x125e>
    1260: 01 02        	mv	tp, tp
    1262: 90 2a        	fld	fa2, 16(a3)
    1264: 00 04        	addi	s0, sp, 512
    1266: 04 46        	lw	s1, 8(a2)
    1268: 01 5a        	li	s4, -32
    126a: 04 50        	lw	s1, 32(s0)
    126c: 54 01        	addi	a3, sp, 132
    126e: 5a 04        	slli	s0, s0, 22
    1270: 5e b2        	fsd	fs7, 288(sp)
    1272: 01 01        	mv	sp, sp
    1274: 5a 00        	c.slli	zero, 22
    1276: 04 0a        	addi	s1, sp, 272
    1278: 62 01        	slli	sp, sp, 24
    127a: 5b 04 b2 01  	<unknown>
    127e: c4 01        	addi	s1, sp, 196
    1280: 01 5b        	li	s6, -32
    1282: 00 04        	addi	s0, sp, 512
    1284: 62 a4        	fsd	fs8, 8(sp)
    1286: 01 01        	mv	sp, sp
    1288: 5b 00 91 00  	<unknown>
    128c: 00 00        	unimp	
    128e: 05 00        	c.nop	1
    1290: 08 00        	<unknown>
    1292: 07 00 00 00  	vle8.v	v0, (zero), v0.t
    1296: 1c 00        	<unknown>
    1298: 00 00        	unimp	
    129a: 32 00        	c.slli	zero, 12
    129c: 00 00        	unimp	
    129e: 4d 00        	c.nop	19
    12a0: 00 00        	unimp	
    12a2: 5d 00        	c.nop	23
    12a4: 00 00        	unimp	
    12a6: 6e 00        	c.slli	zero, 27
    12a8: 00 00        	unimp	
    12aa: 77 00 00 00  	<unknown>
    12ae: 80 00        	addi	s0, sp, 64
    12b0: 00 00        	unimp	
    12b2: 04 00        	<unknown>
    12b4: 26 02        	slli	tp, tp, 9
    12b6: 90 2a        	fld	fa2, 16(a3)
    12b8: 04 28        	fld	fs1, 16(s0)
    12ba: be 01        	slli	gp, gp, 15
    12bc: 02 90        	ebreak	
    12be: 2a 04        	slli	s0, s0, 10
    12c0: c0 01        	addi	s0, sp, 196
    12c2: 8c 02        	addi	a1, sp, 320
    12c4: 02 90        	ebreak	
    12c6: 2a 00        	c.slli	zero, 10
    12c8: 04 04        	addi	s1, sp, 512
    12ca: 06 01        	slli	sp, sp, 1
    12cc: 5b 04 86 01  	<unknown>
    12d0: a2 01        	slli	gp, gp, 8
    12d2: 01 5b        	li	s6, -32
    12d4: 04 c0        	sw	s1, 0(s0)
    12d6: 01 ce        	beqz	a2, 0x12ee <.debug_loclists+0x12ee>
    12d8: 01 01        	mv	sp, sp
    12da: 5b 04 d4 01  	<unknown>
    12de: d8 01        	addi	a4, sp, 196
    12e0: 01 5b        	li	s6, -32
    12e2: 00 04        	addi	s0, sp, 512
    12e4: 50 ba        	fsd	fa2, 176(a2)
    12e6: 01 02        	mv	tp, tp
    12e8: 90 20        	fld	fa2, 0(s1)
    12ea: 04 c0        	sw	s1, 0(s0)
    12ec: 01 84        	c.srai64	s0
    12ee: 02 02        	c.slli64	tp
    12f0: 90 20        	fld	fa2, 0(s1)
    12f2: 00 04        	addi	s0, sp, 512
    12f4: 96 01        	slli	gp, gp, 5
    12f6: b6 01        	slli	gp, gp, 13
    12f8: 02 90        	ebreak	
    12fa: 21 04        	addi	s0, s0, 8
    12fc: c0 01        	addi	s0, sp, 196
    12fe: 8e 02        	slli	t0, t0, 3
    1300: 02 90        	ebreak	
    1302: 21 00        	c.nop	8
    1304: 04 e0        	sd	s1, 0(s0)
    1306: 01 f8        	bnez	s0, 0x1216 <.debug_loclists+0x1216>
    1308: 01 02        	mv	tp, tp
    130a: 90 22        	fld	fa2, 0(a3)
    130c: 00 04        	addi	s0, sp, 512
    130e: f4 01        	addi	a3, sp, 204
    1310: 8e 02        	slli	t0, t0, 3
    1312: 02 90        	ebreak	
    1314: 23 00 04 f8  	sb	zero, -128(s0)
    1318: 01 8e        	sub	a2, a2, s0
    131a: 02 02        	c.slli64	tp
    131c: 90 22        	fld	fa2, 0(a3)
    131e: 00 c0        	sw	s0, 0(s0)
    1320: 00 00        	unimp	
    1322: 00 05        	addi	s0, sp, 640
    1324: 00 08        	addi	s0, sp, 16
    1326: 00 06        	addi	s0, sp, 768
    1328: 00 00        	unimp	
    132a: 00 18        	addi	s0, sp, 48
    132c: 00 00        	unimp	
    132e: 00 3c        	fld	fs0, 56(s0)
    1330: 00 00        	unimp	
    1332: 00 4c        	lw	s0, 24(s0)
    1334: 00 00        	unimp	
    1336: 00 79        	ld	s0, 48(a0)
    1338: 00 00        	unimp	
    133a: 00 a6        	fsd	fs0, 8(a2)
    133c: 00 00        	unimp	
    133e: 00 af        	fsd	fs0, 24(a4)
    1340: 00 00        	unimp	
    1342: 00 04        	addi	s0, sp, 512
    1344: 00 4e        	lw	s0, 24(a2)
    1346: 02 90        	ebreak	
    1348: 2a 04        	slli	s0, s0, 10
    134a: 50 54        	lw	a2, 44(s0)
    134c: 02 90        	ebreak	
    134e: 2a 04        	slli	s0, s0, 10
    1350: 56 94        	add	s0, s0, s5
    1352: 01 02        	mv	tp, tp
    1354: 90 2a        	fld	fa2, 16(a3)
    1356: 04 9a        	<unknown>
    1358: 01 fe        	bnez	a2, 0x1270 <.debug_loclists+0x1270>
    135a: 01 02        	mv	tp, tp
    135c: 90 2a        	fld	fa2, 16(a3)
    135e: 04 fe        	sd	s1, 56(a2)
    1360: 01 80        	c.srli64	s0
    1362: 02 02        	c.slli64	tp
    1364: 90 21        	fld	fa2, 0(a1)
    1366: 00 04        	addi	s0, sp, 512
    1368: 10 42        	lw	a2, 0(a2)
    136a: 01 5a        	li	s4, -32
    136c: 04 50        	lw	s1, 32(s0)
    136e: 74 01        	addi	a3, sp, 140
    1370: 5a 04        	slli	s0, s0, 22
    1372: 7a 7c        	ld	s8, 440(sp)
    1374: 01 5a        	li	s4, -32
    1376: 00 04        	addi	s0, sp, 512
    1378: 04 1a        	addi	s1, sp, 304
    137a: 0d 7d        	lui	s10, 1048547
    137c: 00 a8        	fsd	fs0, 16(s0)
    137e: a7 80 80 00  	<unknown>
    1382: a8 ab        	fsd	fa0, 80(a5)
    1384: 80 80        	<unknown>
    1386: 00 9f        	<unknown>
    1388: 04 1a        	addi	s1, sp, 304
    138a: 50 01        	addi	a2, sp, 132
    138c: 5d 04        	addi	s0, s0, 23
    138e: 50 56        	lw	a2, 44(a2)
    1390: 0d 7d        	lui	s10, 1048547
    1392: 00 a8        	fsd	fs0, 16(s0)
    1394: a7 80 80 00  	<unknown>
    1398: a8 ab        	fsd	fa0, 80(a5)
    139a: 80 80        	<unknown>
    139c: 00 9f        	<unknown>
    139e: 04 56        	lw	s1, 40(a2)
    13a0: 66 01        	slli	sp, sp, 25
    13a2: 5d 00        	c.nop	23
    13a4: 04 0c        	addi	s1, sp, 528
    13a6: 3a 01        	slli	sp, sp, 14
    13a8: 5c 04        	addi	a5, sp, 516
    13aa: 50 56        	lw	a2, 44(a2)
    13ac: 01 5c        	li	s8, -32
    13ae: 04 66        	ld	s1, 8(a2)
    13b0: 7c 01        	addi	a5, sp, 140
    13b2: 5c 04        	addi	a5, sp, 516
    13b4: 7c 88        	<unknown>
    13b6: 01 01        	mv	sp, sp
    13b8: 5a 04        	slli	s0, s0, 22
    13ba: 9a 01        	slli	gp, gp, 6
    13bc: ae 01        	slli	gp, gp, 11
    13be: 01 5a        	li	s4, -32
    13c0: 04 be        	fsd	fs1, 56(a2)
    13c2: 01 ca        	beqz	a2, 0x13d2 <.debug_loclists+0x13d2>
    13c4: 01 01        	mv	sp, sp
    13c6: 5a 04        	slli	s0, s0, 22
    13c8: d0 01        	addi	a2, sp, 196
    13ca: da 01        	slli	gp, gp, 22
    13cc: 03 7a 36 9f  	<unknown>
    13d0: 00 04        	addi	s0, sp, 512
    13d2: bc 01        	addi	a5, sp, 200
    13d4: be 01        	slli	gp, gp, 15
    13d6: 02 90        	ebreak	
    13d8: 2a 00        	c.slli	zero, 10
    13da: 04 fe        	sd	s1, 56(a2)
    13dc: 01 80        	c.srli64	s0
    13de: 02 02        	c.slli64	tp
    13e0: 90 21        	fld	fa2, 0(a1)
    13e2: 00 a9        	fsd	fs0, 16(a0)
    13e4: 00 00        	unimp	
    13e6: 00 05        	addi	s0, sp, 640
    13e8: 00 08        	addi	s0, sp, 16
    13ea: 00 06        	addi	s0, sp, 768
    13ec: 00 00        	unimp	
    13ee: 00 18        	addi	s0, sp, 48
    13f0: 00 00        	unimp	
    13f2: 00 3c        	fld	fs0, 56(s0)
    13f4: 00 00        	unimp	
    13f6: 00 4c        	lw	s0, 24(s0)
    13f8: 00 00        	unimp	
    13fa: 00 6b        	ld	s0, 16(a4)
    13fc: 00 00        	unimp	
    13fe: 00 92        	<unknown>
    1400: 00 00        	unimp	
    1402: 00 98        	<unknown>
    1404: 00 00        	unimp	
    1406: 00 04        	addi	s0, sp, 512
    1408: 00 44        	lw	s0, 8(s0)
    140a: 02 90        	ebreak	
    140c: 2a 04        	slli	s0, s0, 10
    140e: 46 4a        	lw	s4, 80(sp)
    1410: 02 90        	ebreak	
    1412: 2a 04        	slli	s0, s0, 10
    1414: 4c 8a        	<unknown>
    1416: 01 02        	mv	tp, tp
    1418: 90 2a        	fld	fa2, 16(a3)
    141a: 04 90        	<unknown>
    141c: 01 dc        	beqz	s0, 0x1334 <.debug_loclists+0x1334>
    141e: 01 02        	mv	tp, tp
    1420: 90 2a        	fld	fa2, 16(a3)
    1422: 04 dc        	sw	s1, 56(s0)
    1424: 01 de        	beqz	a2, 0x133c <.debug_loclists+0x133c>
    1426: 01 02        	mv	tp, tp
    1428: 90 21        	fld	fa2, 0(a1)
    142a: 00 04        	addi	s0, sp, 512
    142c: 0c 38        	fld	fa1, 48(s0)
    142e: 01 5a        	li	s4, -32
    1430: 04 46        	lw	s1, 8(a2)
    1432: 6a 01        	slli	sp, sp, 26
    1434: 5a 04        	slli	s0, s0, 22
    1436: 70 72        	ld	a2, 224(a2)
    1438: 01 5a        	li	s4, -32
    143a: 00 04        	addi	s0, sp, 512
    143c: 04 1e        	addi	s1, sp, 816
    143e: 01 5b        	li	s6, -32
    1440: 04 46        	lw	s1, 8(a2)
    1442: 50 01        	addi	a2, sp, 132
    1444: 5b 04 54 8a  	<unknown>
    1448: 01 01        	mv	sp, sp
    144a: 5b 04 90 01  	<unknown>
    144e: 9c 01        	addi	a5, sp, 192
    1450: 01 5b        	li	s6, -32
    1452: 04 a8        	fsd	fs1, 16(s0)
    1454: 01 c0        	beqz	s0, 0x1454 <.debug_loclists+0x1454>
    1456: 01 01        	mv	sp, sp
    1458: 5b 00 04 4e  	<unknown>
    145c: 50 01        	addi	a2, sp, 132
    145e: 5c 04        	addi	a5, sp, 516
    1460: 5c 72        	ld	a5, 160(a2)
    1462: 01 5c        	li	s8, -32
    1464: 04 72        	ld	s1, 32(a2)
    1466: 7e 01        	slli	sp, sp, 31
    1468: 5a 04        	slli	s0, s0, 22
    146a: 90 01        	addi	a2, sp, 192
    146c: a0 01        	addi	s0, sp, 200
    146e: 01 5a        	li	s4, -32
    1470: 04 a8        	fsd	fs1, 16(s0)
    1472: 01 b2        	j	0xd72 <.debug_loclists+0xd72>
    1474: 01 01        	mv	sp, sp
    1476: 5a 04        	slli	s0, s0, 22
    1478: b8 01        	addi	a4, sp, 200
    147a: c4 01        	addi	s1, sp, 196
    147c: 03 7a 19 9f  	<unknown>
    1480: 00 04        	addi	s0, sp, 512
    1482: 0c 10        	addi	a1, sp, 32
    1484: 01 5d        	li	s10, -32
    1486: 00 04        	addi	s0, sp, 512
    1488: dc 01        	addi	a5, sp, 196
    148a: de 01        	slli	gp, gp, 23
    148c: 02 90        	ebreak	
    148e: 21 00        	c.nop	8
    1490: 1e 00        	c.slli	zero, 7
    1492: 00 00        	unimp	
    1494: 05 00        	c.nop	1
    1496: 08 00        	<unknown>
    1498: 02 00        	c.slli64	zero
    149a: 00 00        	unimp	
    149c: 08 00        	<unknown>
    149e: 00 00        	unimp	
    14a0: 0f 00 00 00  	fence	0, 0
    14a4: 04 00        	<unknown>
    14a6: 04 02        	addi	s1, sp, 256
    14a8: 90 2a        	fld	fa2, 16(a3)
    14aa: 00 04        	addi	s0, sp, 512
    14ac: 04 06        	addi	s1, sp, 768
    14ae: 02 90        	ebreak	
    14b0: 2a 00        	c.slli	zero, 10
    14b2: 1e 00        	c.slli	zero, 7
    14b4: 00 00        	unimp	
    14b6: 05 00        	c.nop	1
    14b8: 08 00        	<unknown>
    14ba: 02 00        	c.slli64	zero
    14bc: 00 00        	unimp	
    14be: 08 00        	<unknown>
    14c0: 00 00        	unimp	
    14c2: 0f 00 00 00  	fence	0, 0
    14c6: 04 00        	<unknown>
    14c8: 04 02        	addi	s1, sp, 256
    14ca: 90 2a        	fld	fa2, 16(a3)
    14cc: 00 04        	addi	s0, sp, 512
    14ce: 04 06        	addi	s1, sp, 768
    14d0: 02 90        	ebreak	
    14d2: 2a 00        	c.slli	zero, 10

Disassembly of section .debug_abbrev:

0000000000000000 <.debug_abbrev>:
       0: 01 11        	addi	sp, sp, -32
       2: 01 25        	sext.w	a0, a0
       4: 25 13        	addi	t1, t1, -23
       6: 05 03        	addi	t1, t1, 1
       8: 25 72        	lui	tp, 1048553
       a: 17 10 17 1b  	auipc	zero, 110961
       e: 25 11        	addi	sp, sp, -23
      10: 1b 12 06 73  	<unknown>
      14: 17 8c 01 17  	auipc	s8, 94232
      18: 00 00        	unimp	
      1a: 02 2e        	fld	ft8, 0(sp)
      1c: 01 11        	addi	sp, sp, -32
      1e: 1b 12 06 40  	<unknown>
      22: 18 7a        	ld	a4, 48(a2)
      24: 19 03        	addi	t1, t1, 6
      26: 25 3a        	addiw	s4, s4, -23
      28: 0b 3b 0b 27  	<unknown>
      2c: 19 49        	li	s2, 6
      2e: 13 3f 19 00  	seqz	t5, s2
      32: 00 03        	addi	s0, sp, 384
      34: 05 00        	c.nop	1
      36: 02 22        	fld	ft4, 0(sp)
      38: 03 25 3a 0b  	lw	a0, 179(s4)
      3c: 3b 0b 49 13  	<unknown>
      40: 00 00        	unimp	
      42: 04 34        	fld	fs1, 40(s0)
      44: 00 02        	addi	s0, sp, 256
      46: 18 03        	addi	a4, sp, 384
      48: 25 3a        	addiw	s4, s4, -23
      4a: 0b 3b 0b 49  	<unknown>
      4e: 13 00 00 05  	li	zero, 80
      52: 34 00        	addi	a3, sp, 8
      54: 1c 0f        	addi	a5, sp, 912
      56: 03 25 3a 0b  	lw	a0, 179(s4)
      5a: 3b 0b 49 13  	<unknown>
      5e: 00 00        	unimp	
      60: 06 34        	fld	fs0, 96(sp)
      62: 00 02        	addi	s0, sp, 256
      64: 22 03        	slli	t1, t1, 8
      66: 25 3a        	addiw	s4, s4, -23
      68: 0b 3b 0b 49  	<unknown>
      6c: 13 00 00 07  	li	zero, 112
      70: 0b 01 11 1b  	<unknown>
      74: 12 06        	slli	a2, a2, 4
      76: 00 00        	unimp	
      78: 08 48        	lw	a0, 16(s0)
      7a: 00 7f        	ld	s0, 56(a4)
      7c: 13 82 01 19  	addi	tp, gp, 400
      80: 81 01        	mv	gp, gp
      82: 1b 00 00 09  	addiw	zero, zero, 144
      86: 48 00        	addi	a0, sp, 4
      88: 7f 13 7d 1b  	<unknown>
      8c: 00 00        	unimp	
      8e: 0a 2e        	fld	ft8, 128(sp)
      90: 01 03        	mv	t1, t1
      92: 25 3a        	addiw	s4, s4, -23
      94: 0b 3b 0b 27  	<unknown>
      98: 19 49        	li	s2, 6
      9a: 13 3c 19 3f  	sltiu	s8, s2, 1009
      9e: 19 00        	c.nop	6
      a0: 00 0b        	addi	s0, sp, 400
      a2: 05 00        	c.nop	1
      a4: 49 13        	addi	t1, t1, -14
      a6: 00 00        	unimp	
      a8: 0c 24        	fld	fa1, 8(s0)
      aa: 00 03        	addi	s0, sp, 384
      ac: 25 3e        	addiw	t3, t3, -23
      ae: 0b 0b 0b 00  	<unknown>
      b2: 00 0d        	addi	s0, sp, 656
      b4: 16 00        	c.slli	zero, 5
      b6: 49 13        	addi	t1, t1, -14
      b8: 03 25 3a 0b  	lw	a0, 179(s4)
      bc: 3b 0b 00 00  	addw	s6, zero, zero
      c0: 0e 0f        	slli	t5, t5, 3
      c2: 00 49        	lw	s0, 16(a0)
      c4: 13 00 00 0f  	li	zero, 240
      c8: 01 01        	mv	sp, sp
      ca: 49 13        	addi	t1, t1, -14
      cc: 00 00        	unimp	
      ce: 10 21        	fld	fa2, 0(a0)
      d0: 00 49        	lw	s0, 16(a0)
      d2: 13 37 0b 00  	sltiu	a4, s6, 0
      d6: 00 11        	addi	s0, sp, 160
      d8: 24 00        	addi	s1, sp, 8
      da: 03 25 0b 0b  	lw	a0, 176(s6)
      de: 3e 0b        	slli	s6, s6, 15
      e0: 00 00        	unimp	
      e2: 12 16        	slli	a2, a2, 36
      e4: 00 49        	lw	s0, 16(a0)
      e6: 13 03 25 3a  	addi	t1, a0, 930
      ea: 0b 3b 05 00  	<unknown>
      ee: 00 13        	addi	s0, sp, 416
      f0: 17 01 0b 0b  	auipc	sp, 45232
      f4: 3a 0b        	slli	s6, s6, 14
      f6: 3b 05 00 00  	addw	a0, zero, zero
      fa: 14 0d        	addi	a3, sp, 656
      fc: 00 03        	addi	s0, sp, 384
      fe: 25 49        	li	s2, 9
     100: 13 3a 0b 3b  	sltiu	s4, s6, 944
     104: 05 38        	addiw	a6, a6, -31
     106: 0b 00 00 15  	<unknown>
     10a: 13 01 0b 0b  	addi	sp, s6, 176
     10e: 3a 0b        	slli	s6, s6, 14
     110: 3b 05 00 00  	addw	a0, zero, zero
     114: 00 01        	addi	s0, sp, 128
     116: 11 01        	addi	sp, sp, 4
     118: 25 25        	addiw	a0, a0, 9
     11a: 13 05 03 25  	addi	a0, t1, 592
     11e: 72 17        	slli	a4, a4, 60
     120: 10 17        	addi	a2, sp, 928
     122: 1b 25 11 1b  	<unknown>
     126: 12 06        	slli	a2, a2, 4
     128: 73 17 8c 01  	csrrw	a4, 24, s8
     12c: 17 00 00 02  	auipc	zero, 8192
     130: 34 00        	addi	a3, sp, 8
     132: 03 25 49 13  	lw	a0, 308(s2)
     136: 3a 0b        	slli	s6, s6, 14
     138: 3b 0b 1c 0f  	<unknown>
     13c: 00 00        	unimp	
     13e: 03 26 00 49  	lw	a2, 1168(zero)
     142: 13 00 00 04  	li	zero, 64
     146: 24 00        	addi	s1, sp, 8
     148: 03 25 3e 0b  	lw	a0, 179(t3)
     14c: 0b 0b 00 00  	<unknown>
     150: 05 2e        	addiw	t3, t3, 1
     152: 01 11        	addi	sp, sp, -32
     154: 1b 12 06 40  	<unknown>
     158: 18 7a        	ld	a4, 48(a2)
     15a: 19 03        	addi	t1, t1, 6
     15c: 25 3a        	addiw	s4, s4, -23
     15e: 0b 3b 0b 27  	<unknown>
     162: 19 49        	li	s2, 6
     164: 13 3f 19 00  	seqz	t5, s2
     168: 00 06        	addi	s0, sp, 768
     16a: 05 00        	c.nop	1
     16c: 02 22        	fld	ft4, 0(sp)
     16e: 03 25 3a 0b  	lw	a0, 179(s4)
     172: 3b 0b 49 13  	<unknown>
     176: 00 00        	unimp	
     178: 07 05 00 02  	vle8.v	v10, (zero)
     17c: 18 03        	addi	a4, sp, 384
     17e: 25 3a        	addiw	s4, s4, -23
     180: 0b 3b 0b 49  	<unknown>
     184: 13 00 00 08  	li	zero, 128
     188: 34 00        	addi	a3, sp, 8
     18a: 02 22        	fld	ft4, 0(sp)
     18c: 03 25 3a 0b  	lw	a0, 179(s4)
     190: 3b 0b 49 13  	<unknown>
     194: 00 00        	unimp	
     196: 09 0b        	addi	s6, s6, 2
     198: 01 11        	addi	sp, sp, -32
     19a: 1b 12 06 00  	slliw	tp, a2, 0
     19e: 00 0a        	addi	s0, sp, 272
     1a0: 34 00        	addi	a3, sp, 8
     1a2: 02 18        	slli	a6, a6, 32
     1a4: 03 25 3a 0b  	lw	a0, 179(s4)
     1a8: 3b 0b 49 13  	<unknown>
     1ac: 00 00        	unimp	
     1ae: 0b 16 00 49  	<unknown>
     1b2: 13 03 25 3a  	addi	t1, a0, 930
     1b6: 0b 3b 05 00  	<unknown>
     1ba: 00 0c        	addi	s0, sp, 528
     1bc: 17 01 0b 0b  	auipc	sp, 45232
     1c0: 3a 0b        	slli	s6, s6, 14
     1c2: 3b 05 00 00  	addw	a0, zero, zero
     1c6: 0d 0d        	addi	s10, s10, 3
     1c8: 00 03        	addi	s0, sp, 384
     1ca: 25 49        	li	s2, 9
     1cc: 13 3a 0b 3b  	sltiu	s4, s6, 944
     1d0: 05 38        	addiw	a6, a6, -31
     1d2: 0b 00 00 0e  	<unknown>
     1d6: 13 01 0b 0b  	addi	sp, s6, 176
     1da: 3a 0b        	slli	s6, s6, 14
     1dc: 3b 05 00 00  	addw	a0, zero, zero
     1e0: 0f 16 00 49  	<unknown>
     1e4: 13 03 25 3a  	addi	t1, a0, 930
     1e8: 0b 3b 0b 00  	<unknown>
     1ec: 00 00        	unimp	
     1ee: 01 11        	addi	sp, sp, -32
     1f0: 01 25        	sext.w	a0, a0
     1f2: 25 13        	addi	t1, t1, -23
     1f4: 05 03        	addi	t1, t1, 1
     1f6: 25 72        	lui	tp, 1048553
     1f8: 17 10 17 1b  	auipc	zero, 110961
     1fc: 25 11        	addi	sp, sp, -23
     1fe: 1b 12 06 73  	<unknown>
     202: 17 74 17 8c  	auipc	s0, 573815
     206: 01 17        	addi	a4, a4, -32
     208: 00 00        	unimp	
     20a: 02 24        	fld	fs0, 0(sp)
     20c: 00 03        	addi	s0, sp, 384
     20e: 25 3e        	addiw	t3, t3, -23
     210: 0b 0b 0b 00  	<unknown>
     214: 00 03        	addi	s0, sp, 384
     216: 34 00        	addi	a3, sp, 8
     218: 03 25 49 13  	lw	a0, 308(s2)
     21c: 3a 0b        	slli	s6, s6, 14
     21e: 3b 0b 1c 0f  	<unknown>
     222: 00 00        	unimp	
     224: 04 26        	fld	fs1, 8(a2)
     226: 00 49        	lw	s0, 16(a0)
     228: 13 00 00 05  	li	zero, 80
     22c: 34 00        	addi	a3, sp, 8
     22e: 03 25 49 13  	lw	a0, 308(s2)
     232: 3a 0b        	slli	s6, s6, 14
     234: 3b 0b 02 18  	<unknown>
     238: 00 00        	unimp	
     23a: 06 01        	slli	sp, sp, 1
     23c: 01 49        	li	s2, 0
     23e: 13 00 00 07  	li	zero, 112
     242: 21 00        	c.nop	8
     244: 49 13        	addi	t1, t1, -14
     246: 37 0b 00 00  	lui	s6, 0
     24a: 08 16        	addi	a0, sp, 800
     24c: 00 49        	lw	s0, 16(a0)
     24e: 13 03 25 3a  	addi	t1, a0, 930
     252: 0b 3b 0b 00  	<unknown>
     256: 00 09        	addi	s0, sp, 144
     258: 24 00        	addi	s1, sp, 8
     25a: 03 25 0b 0b  	lw	a0, 176(s6)
     25e: 3e 0b        	slli	s6, s6, 15
     260: 00 00        	unimp	
     262: 0a 2e        	fld	ft8, 128(sp)
     264: 01 11        	addi	sp, sp, -32
     266: 1b 12 06 40  	<unknown>
     26a: 18 7a        	ld	a4, 48(a2)
     26c: 19 03        	addi	t1, t1, 6
     26e: 25 3a        	addiw	s4, s4, -23
     270: 0b 3b 0b 27  	<unknown>
     274: 19 49        	li	s2, 6
     276: 13 3f 19 00  	seqz	t5, s2
     27a: 00 0b        	addi	s0, sp, 400
     27c: 05 00        	c.nop	1
     27e: 02 22        	fld	ft4, 0(sp)
     280: 03 25 3a 0b  	lw	a0, 179(s4)
     284: 3b 0b 49 13  	<unknown>
     288: 00 00        	unimp	
     28a: 0c 34        	fld	fa1, 40(s0)
     28c: 00 02        	addi	s0, sp, 256
     28e: 18 03        	addi	a4, sp, 384
     290: 25 3a        	addiw	s4, s4, -23
     292: 0b 3b 0b 49  	<unknown>
     296: 13 00 00 0d  	li	zero, 208
     29a: 34 00        	addi	a3, sp, 8
     29c: 02 22        	fld	ft4, 0(sp)
     29e: 03 25 3a 0b  	lw	a0, 179(s4)
     2a2: 3b 0b 49 13  	<unknown>
     2a6: 00 00        	unimp	
     2a8: 0e 0b        	slli	s6, s6, 3
     2aa: 01 55        	li	a0, -32
     2ac: 23 00 00 0f  	sb	a6, 224(zero)
     2b0: 0b 01 11 1b  	<unknown>
     2b4: 12 06        	slli	a2, a2, 4
     2b6: 00 00        	unimp	
     2b8: 10 34        	fld	fa2, 40(s0)
     2ba: 00 03        	addi	s0, sp, 384
     2bc: 25 3a        	addiw	s4, s4, -23
     2be: 0b 3b 0b 49  	<unknown>
     2c2: 13 00 00 11  	li	zero, 272
     2c6: 48 00        	addi	a0, sp, 4
     2c8: 7f 13 7d 1b  	<unknown>
     2cc: 00 00        	unimp	
     2ce: 12 2e        	fld	ft8, 256(sp)
     2d0: 01 03        	mv	t1, t1
     2d2: 25 3a        	addiw	s4, s4, -23
     2d4: 0b 3b 0b 27  	<unknown>
     2d8: 19 49        	li	s2, 6
     2da: 13 3c 19 3f  	sltiu	s8, s2, 1009
     2de: 19 00        	c.nop	6
     2e0: 00 13        	addi	s0, sp, 416
     2e2: 05 00        	c.nop	1
     2e4: 49 13        	addi	t1, t1, -14
     2e6: 00 00        	unimp	
     2e8: 14 0f        	addi	a3, sp, 912
     2ea: 00 49        	lw	s0, 16(a0)
     2ec: 13 00 00 15  	li	zero, 336
     2f0: 16 00        	c.slli	zero, 5
     2f2: 49 13        	addi	t1, t1, -14
     2f4: 03 25 3a 0b  	lw	a0, 179(s4)
     2f8: 3b 05 00 00  	addw	a0, zero, zero
     2fc: 16 17        	slli	a4, a4, 37
     2fe: 01 0b        	mv	s6, s6
     300: 0b 3a 0b 3b  	<unknown>
     304: 05 00        	c.nop	1
     306: 00 17        	addi	s0, sp, 928
     308: 0d 00        	c.nop	3
     30a: 03 25 49 13  	lw	a0, 308(s2)
     30e: 3a 0b        	slli	s6, s6, 14
     310: 3b 05 38 0b  	<unknown>
     314: 00 00        	unimp	
     316: 18 13        	addi	a4, sp, 416
     318: 01 0b        	mv	s6, s6
     31a: 0b 3a 0b 3b  	<unknown>
     31e: 05 00        	c.nop	1
     320: 00 00        	unimp	
     322: 01 11        	addi	sp, sp, -32
     324: 01 25        	sext.w	a0, a0
     326: 25 13        	addi	t1, t1, -23
     328: 05 03        	addi	t1, t1, 1
     32a: 25 72        	lui	tp, 1048553
     32c: 17 10 17 1b  	auipc	zero, 110961
     330: 25 11        	addi	sp, sp, -23
     332: 1b 12 06 73  	<unknown>
     336: 17 8c 01 17  	auipc	s8, 94232
     33a: 00 00        	unimp	
     33c: 02 24        	fld	fs0, 0(sp)
     33e: 00 03        	addi	s0, sp, 384
     340: 25 3e        	addiw	t3, t3, -23
     342: 0b 0b 0b 00  	<unknown>
     346: 00 03        	addi	s0, sp, 384
     348: 34 00        	addi	a3, sp, 8
     34a: 03 25 49 13  	lw	a0, 308(s2)
     34e: 3a 0b        	slli	s6, s6, 14
     350: 3b 0b 1c 0f  	<unknown>
     354: 00 00        	unimp	
     356: 04 26        	fld	fs1, 8(a2)
     358: 00 49        	lw	s0, 16(a0)
     35a: 13 00 00 05  	li	zero, 80
     35e: 34 00        	addi	a3, sp, 8
     360: 03 25 49 13  	lw	a0, 308(s2)
     364: 3a 0b        	slli	s6, s6, 14
     366: 3b 0b 02 18  	<unknown>
     36a: 00 00        	unimp	
     36c: 06 01        	slli	sp, sp, 1
     36e: 01 49        	li	s2, 0
     370: 13 00 00 07  	li	zero, 112
     374: 21 00        	c.nop	8
     376: 49 13        	addi	t1, t1, -14
     378: 37 0b 00 00  	lui	s6, 0
     37c: 08 24        	fld	fa0, 8(s0)
     37e: 00 03        	addi	s0, sp, 384
     380: 25 0b        	addi	s6, s6, 9
     382: 0b 3e 0b 00  	<unknown>
     386: 00 09        	addi	s0, sp, 144
     388: 16 00        	c.slli	zero, 5
     38a: 49 13        	addi	t1, t1, -14
     38c: 03 25 3a 0b  	lw	a0, 179(s4)
     390: 3b 0b 00 00  	addw	s6, zero, zero
     394: 0a 2e        	fld	ft8, 128(sp)
     396: 01 11        	addi	sp, sp, -32
     398: 1b 12 06 40  	<unknown>
     39c: 18 7a        	ld	a4, 48(a2)
     39e: 19 03        	addi	t1, t1, 6
     3a0: 25 3a        	addiw	s4, s4, -23
     3a2: 0b 3b 0b 27  	<unknown>
     3a6: 19 49        	li	s2, 6
     3a8: 13 3f 19 00  	seqz	t5, s2
     3ac: 00 0b        	addi	s0, sp, 400
     3ae: 05 00        	c.nop	1
     3b0: 02 22        	fld	ft4, 0(sp)
     3b2: 03 25 3a 0b  	lw	a0, 179(s4)
     3b6: 3b 0b 49 13  	<unknown>
     3ba: 00 00        	unimp	
     3bc: 0c 34        	fld	fa1, 40(s0)
     3be: 00 02        	addi	s0, sp, 256
     3c0: 18 03        	addi	a4, sp, 384
     3c2: 25 3a        	addiw	s4, s4, -23
     3c4: 0b 3b 0b 49  	<unknown>
     3c8: 13 00 00 0d  	li	zero, 208
     3cc: 34 00        	addi	a3, sp, 8
     3ce: 02 22        	fld	ft4, 0(sp)
     3d0: 03 25 3a 0b  	lw	a0, 179(s4)
     3d4: 3b 0b 49 13  	<unknown>
     3d8: 00 00        	unimp	
     3da: 0e 0a        	slli	s4, s4, 3
     3dc: 00 03        	addi	s0, sp, 384
     3de: 25 3a        	addiw	s4, s4, -23
     3e0: 0b 3b 0b 11  	<unknown>
     3e4: 1b 00 00 0f  	addiw	zero, zero, 240
     3e8: 48 00        	addi	a0, sp, 4
     3ea: 7f 13 7d 1b  	<unknown>
     3ee: 00 00        	unimp	
     3f0: 10 2e        	fld	fa2, 24(a2)
     3f2: 01 03        	mv	t1, t1
     3f4: 25 3a        	addiw	s4, s4, -23
     3f6: 0b 3b 05 27  	<unknown>
     3fa: 19 49        	li	s2, 6
     3fc: 13 3c 19 3f  	sltiu	s8, s2, 1009
     400: 19 00        	c.nop	6
     402: 00 11        	addi	s0, sp, 160
     404: 05 00        	c.nop	1
     406: 49 13        	addi	t1, t1, -14
     408: 00 00        	unimp	
     40a: 12 2e        	fld	ft8, 256(sp)
     40c: 01 03        	mv	t1, t1
     40e: 25 3a        	addiw	s4, s4, -23
     410: 0b 3b 0b 27  	<unknown>
     414: 19 49        	li	s2, 6
     416: 13 3c 19 3f  	sltiu	s8, s2, 1009
     41a: 19 00        	c.nop	6
     41c: 00 13        	addi	s0, sp, 416
     41e: 0f 00 49 13  	<unknown>
     422: 00 00        	unimp	
     424: 00 01        	addi	s0, sp, 128
     426: 11 01        	addi	sp, sp, 4
     428: 25 25        	addiw	a0, a0, 9
     42a: 13 05 03 25  	addi	a0, t1, 592
     42e: 72 17        	slli	a4, a4, 60
     430: 10 17        	addi	a2, sp, 928
     432: 1b 25 11 1b  	<unknown>
     436: 12 06        	slli	a2, a2, 4
     438: 73 17 8c 01  	csrrw	a4, 24, s8
     43c: 17 00 00 02  	auipc	zero, 8192
     440: 24 00        	addi	s1, sp, 8
     442: 03 25 3e 0b  	lw	a0, 179(t3)
     446: 0b 0b 00 00  	<unknown>
     44a: 03 34 00 03  	ld	s0, 48(zero)
     44e: 25 49        	li	s2, 9
     450: 13 3a 0b 3b  	sltiu	s4, s6, 944
     454: 0b 1c 0f 00  	<unknown>
     458: 00 04        	addi	s0, sp, 512
     45a: 26 00        	c.slli	zero, 9
     45c: 49 13        	addi	t1, t1, -14
     45e: 00 00        	unimp	
     460: 05 2e        	addiw	t3, t3, 1
     462: 01 11        	addi	sp, sp, -32
     464: 1b 12 06 40  	<unknown>
     468: 18 7a        	ld	a4, 48(a2)
     46a: 19 03        	addi	t1, t1, 6
     46c: 25 3a        	addiw	s4, s4, -23
     46e: 0b 3b 0b 27  	<unknown>
     472: 19 49        	li	s2, 6
     474: 13 3f 19 00  	seqz	t5, s2
     478: 00 06        	addi	s0, sp, 768
     47a: 05 00        	c.nop	1
     47c: 02 22        	fld	ft4, 0(sp)
     47e: 03 25 3a 0b  	lw	a0, 179(s4)
     482: 3b 0b 49 13  	<unknown>
     486: 00 00        	unimp	
     488: 07 05 00 02  	vle8.v	v10, (zero)
     48c: 18 03        	addi	a4, sp, 384
     48e: 25 3a        	addiw	s4, s4, -23
     490: 0b 3b 0b 49  	<unknown>
     494: 13 00 00 08  	li	zero, 128
     498: 34 00        	addi	a3, sp, 8
     49a: 02 22        	fld	ft4, 0(sp)
     49c: 03 25 3a 0b  	lw	a0, 179(s4)
     4a0: 3b 0b 49 13  	<unknown>
     4a4: 00 00        	unimp	
     4a6: 09 0b        	addi	s6, s6, 2
     4a8: 01 11        	addi	sp, sp, -32
     4aa: 1b 12 06 00  	slliw	tp, a2, 0
     4ae: 00 0a        	addi	s0, sp, 272
     4b0: 34 00        	addi	a3, sp, 8
     4b2: 02 18        	slli	a6, a6, 32
     4b4: 03 25 3a 0b  	lw	a0, 179(s4)
     4b8: 3b 0b 49 13  	<unknown>
     4bc: 00 00        	unimp	
     4be: 0b 16 00 49  	<unknown>
     4c2: 13 03 25 3a  	addi	t1, a0, 930
     4c6: 0b 3b 05 00  	<unknown>
     4ca: 00 0c        	addi	s0, sp, 528
     4cc: 17 01 0b 0b  	auipc	sp, 45232
     4d0: 3a 0b        	slli	s6, s6, 14
     4d2: 3b 05 00 00  	addw	a0, zero, zero
     4d6: 0d 0d        	addi	s10, s10, 3
     4d8: 00 03        	addi	s0, sp, 384
     4da: 25 49        	li	s2, 9
     4dc: 13 3a 0b 3b  	sltiu	s4, s6, 944
     4e0: 05 38        	addiw	a6, a6, -31
     4e2: 0b 00 00 0e  	<unknown>
     4e6: 13 01 0b 0b  	addi	sp, s6, 176
     4ea: 3a 0b        	slli	s6, s6, 14
     4ec: 3b 05 00 00  	addw	a0, zero, zero
     4f0: 0f 16 00 49  	<unknown>
     4f4: 13 03 25 3a  	addi	t1, a0, 930
     4f8: 0b 3b 0b 00  	<unknown>
     4fc: 00 00        	unimp	
     4fe: 01 11        	addi	sp, sp, -32
     500: 01 25        	sext.w	a0, a0
     502: 25 13        	addi	t1, t1, -23
     504: 05 03        	addi	t1, t1, 1
     506: 25 72        	lui	tp, 1048553
     508: 17 10 17 1b  	auipc	zero, 110961
     50c: 25 11        	addi	sp, sp, -23
     50e: 1b 12 06 73  	<unknown>
     512: 17 8c 01 17  	auipc	s8, 94232
     516: 00 00        	unimp	
     518: 02 24        	fld	fs0, 0(sp)
     51a: 00 03        	addi	s0, sp, 384
     51c: 25 3e        	addiw	t3, t3, -23
     51e: 0b 0b 0b 00  	<unknown>
     522: 00 03        	addi	s0, sp, 384
     524: 34 00        	addi	a3, sp, 8
     526: 03 25 49 13  	lw	a0, 308(s2)
     52a: 3a 0b        	slli	s6, s6, 14
     52c: 3b 0b 1c 0f  	<unknown>
     530: 00 00        	unimp	
     532: 04 26        	fld	fs1, 8(a2)
     534: 00 49        	lw	s0, 16(a0)
     536: 13 00 00 05  	li	zero, 80
     53a: 16 00        	c.slli	zero, 5
     53c: 49 13        	addi	t1, t1, -14
     53e: 03 25 3a 0b  	lw	a0, 179(s4)
     542: 3b 0b 00 00  	addw	s6, zero, zero
     546: 06 2e        	fld	ft8, 64(sp)
     548: 01 11        	addi	sp, sp, -32
     54a: 1b 12 06 40  	<unknown>
     54e: 18 7a        	ld	a4, 48(a2)
     550: 19 03        	addi	t1, t1, 6
     552: 25 3a        	addiw	s4, s4, -23
     554: 0b 3b 0b 27  	<unknown>
     558: 19 49        	li	s2, 6
     55a: 13 3f 19 00  	seqz	t5, s2
     55e: 00 07        	addi	s0, sp, 896
     560: 05 00        	c.nop	1
     562: 02 22        	fld	ft4, 0(sp)
     564: 03 25 3a 0b  	lw	a0, 179(s4)
     568: 3b 0b 49 13  	<unknown>
     56c: 00 00        	unimp	
     56e: 08 34        	fld	fa0, 40(s0)
     570: 00 02        	addi	s0, sp, 256
     572: 22 03        	slli	t1, t1, 8
     574: 25 3a        	addiw	s4, s4, -23
     576: 0b 3b 0b 49  	<unknown>
     57a: 13 00 00 09  	li	zero, 144
     57e: 0b 01 11 1b  	<unknown>
     582: 12 06        	slli	a2, a2, 4
     584: 00 00        	unimp	
     586: 0a 34        	fld	fs0, 160(sp)
     588: 00 02        	addi	s0, sp, 256
     58a: 18 03        	addi	a4, sp, 384
     58c: 25 3a        	addiw	s4, s4, -23
     58e: 0b 3b 0b 49  	<unknown>
     592: 13 00 00 0b  	li	zero, 176
     596: 16 00        	c.slli	zero, 5
     598: 49 13        	addi	t1, t1, -14
     59a: 03 25 3a 0b  	lw	a0, 179(s4)
     59e: 3b 05 00 00  	addw	a0, zero, zero
     5a2: 0c 17        	addi	a1, sp, 928
     5a4: 01 0b        	mv	s6, s6
     5a6: 0b 3a 0b 3b  	<unknown>
     5aa: 05 00        	c.nop	1
     5ac: 00 0d        	addi	s0, sp, 656
     5ae: 0d 00        	c.nop	3
     5b0: 03 25 49 13  	lw	a0, 308(s2)
     5b4: 3a 0b        	slli	s6, s6, 14
     5b6: 3b 05 38 0b  	<unknown>
     5ba: 00 00        	unimp	
     5bc: 0e 13        	slli	t1, t1, 35
     5be: 01 0b        	mv	s6, s6
     5c0: 0b 3a 0b 3b  	<unknown>
     5c4: 05 00        	c.nop	1
     5c6: 00 00        	unimp	
     5c8: 01 11        	addi	sp, sp, -32
     5ca: 01 25        	sext.w	a0, a0
     5cc: 25 13        	addi	t1, t1, -23
     5ce: 05 03        	addi	t1, t1, 1
     5d0: 25 72        	lui	tp, 1048553
     5d2: 17 10 17 1b  	auipc	zero, 110961
     5d6: 25 11        	addi	sp, sp, -23
     5d8: 1b 12 06 73  	<unknown>
     5dc: 17 8c 01 17  	auipc	s8, 94232
     5e0: 00 00        	unimp	
     5e2: 02 2e        	fld	ft8, 0(sp)
     5e4: 01 11        	addi	sp, sp, -32
     5e6: 1b 12 06 40  	<unknown>
     5ea: 18 7a        	ld	a4, 48(a2)
     5ec: 19 03        	addi	t1, t1, 6
     5ee: 25 3a        	addiw	s4, s4, -23
     5f0: 0b 3b 0b 27  	<unknown>
     5f4: 19 49        	li	s2, 6
     5f6: 13 3f 19 00  	seqz	t5, s2
     5fa: 00 03        	addi	s0, sp, 384
     5fc: 05 00        	c.nop	1
     5fe: 02 22        	fld	ft4, 0(sp)
     600: 03 25 3a 0b  	lw	a0, 179(s4)
     604: 3b 0b 49 13  	<unknown>
     608: 00 00        	unimp	
     60a: 04 34        	fld	fs1, 40(s0)
     60c: 00 02        	addi	s0, sp, 256
     60e: 18 03        	addi	a4, sp, 384
     610: 25 3a        	addiw	s4, s4, -23
     612: 0b 3b 0b 49  	<unknown>
     616: 13 00 00 05  	li	zero, 80
     61a: 34 00        	addi	a3, sp, 8
     61c: 1c 0f        	addi	a5, sp, 912
     61e: 03 25 3a 0b  	lw	a0, 179(s4)
     622: 3b 0b 49 13  	<unknown>
     626: 00 00        	unimp	
     628: 06 34        	fld	fs0, 96(sp)
     62a: 00 02        	addi	s0, sp, 256
     62c: 22 03        	slli	t1, t1, 8
     62e: 25 3a        	addiw	s4, s4, -23
     630: 0b 3b 0b 49  	<unknown>
     634: 13 00 00 07  	li	zero, 112
     638: 0b 01 11 1b  	<unknown>
     63c: 12 06        	slli	a2, a2, 4
     63e: 00 00        	unimp	
     640: 08 48        	lw	a0, 16(s0)
     642: 00 7f        	ld	s0, 56(a4)
     644: 13 82 01 19  	addi	tp, gp, 400
     648: 81 01        	mv	gp, gp
     64a: 1b 00 00 09  	addiw	zero, zero, 144
     64e: 48 00        	addi	a0, sp, 4
     650: 7f 13 7d 1b  	<unknown>
     654: 00 00        	unimp	
     656: 0a 2e        	fld	ft8, 128(sp)
     658: 01 03        	mv	t1, t1
     65a: 25 3a        	addiw	s4, s4, -23
     65c: 0b 3b 0b 27  	<unknown>
     660: 19 49        	li	s2, 6
     662: 13 3c 19 3f  	sltiu	s8, s2, 1009
     666: 19 00        	c.nop	6
     668: 00 0b        	addi	s0, sp, 400
     66a: 05 00        	c.nop	1
     66c: 49 13        	addi	t1, t1, -14
     66e: 00 00        	unimp	
     670: 0c 24        	fld	fa1, 8(s0)
     672: 00 03        	addi	s0, sp, 384
     674: 25 3e        	addiw	t3, t3, -23
     676: 0b 0b 0b 00  	<unknown>
     67a: 00 0d        	addi	s0, sp, 656
     67c: 16 00        	c.slli	zero, 5
     67e: 49 13        	addi	t1, t1, -14
     680: 03 25 3a 0b  	lw	a0, 179(s4)
     684: 3b 0b 00 00  	addw	s6, zero, zero
     688: 0e 0f        	slli	t5, t5, 3
     68a: 00 49        	lw	s0, 16(a0)
     68c: 13 00 00 0f  	li	zero, 240
     690: 01 01        	mv	sp, sp
     692: 49 13        	addi	t1, t1, -14
     694: 00 00        	unimp	
     696: 10 21        	fld	fa2, 0(a0)
     698: 00 49        	lw	s0, 16(a0)
     69a: 13 37 0b 00  	sltiu	a4, s6, 0
     69e: 00 11        	addi	s0, sp, 160
     6a0: 24 00        	addi	s1, sp, 8
     6a2: 03 25 0b 0b  	lw	a0, 176(s6)
     6a6: 3e 0b        	slli	s6, s6, 15
     6a8: 00 00        	unimp	
     6aa: 12 16        	slli	a2, a2, 36
     6ac: 00 49        	lw	s0, 16(a0)
     6ae: 13 03 25 3a  	addi	t1, a0, 930
     6b2: 0b 3b 05 00  	<unknown>
     6b6: 00 13        	addi	s0, sp, 416
     6b8: 17 01 0b 0b  	auipc	sp, 45232
     6bc: 3a 0b        	slli	s6, s6, 14
     6be: 3b 05 00 00  	addw	a0, zero, zero
     6c2: 14 0d        	addi	a3, sp, 656
     6c4: 00 03        	addi	s0, sp, 384
     6c6: 25 49        	li	s2, 9
     6c8: 13 3a 0b 3b  	sltiu	s4, s6, 944
     6cc: 05 38        	addiw	a6, a6, -31
     6ce: 0b 00 00 15  	<unknown>
     6d2: 13 01 0b 0b  	addi	sp, s6, 176
     6d6: 3a 0b        	slli	s6, s6, 14
     6d8: 3b 05 00 00  	addw	a0, zero, zero
     6dc: 00 01        	addi	s0, sp, 128
     6de: 11 01        	addi	sp, sp, 4
     6e0: 25 25        	addiw	a0, a0, 9
     6e2: 13 05 03 25  	addi	a0, t1, 592
     6e6: 72 17        	slli	a4, a4, 60
     6e8: 10 17        	addi	a2, sp, 928
     6ea: 1b 25 11 1b  	<unknown>
     6ee: 12 06        	slli	a2, a2, 4
     6f0: 73 17 8c 01  	csrrw	a4, 24, s8
     6f4: 17 00 00 02  	auipc	zero, 8192
     6f8: 2e 01        	slli	sp, sp, 11
     6fa: 11 1b        	addi	s6, s6, -28
     6fc: 12 06        	slli	a2, a2, 4
     6fe: 40 18        	addi	s0, sp, 52
     700: 7a 19        	slli	s2, s2, 62
     702: 03 25 3a 0b  	lw	a0, 179(s4)
     706: 3b 0b 27 19  	<unknown>
     70a: 49 13        	addi	t1, t1, -14
     70c: 3f 19 00 00  	<unknown>
     710: 03 05 00 02  	lb	a0, 32(zero)
     714: 22 03        	slli	t1, t1, 8
     716: 25 3a        	addiw	s4, s4, -23
     718: 0b 3b 0b 49  	<unknown>
     71c: 13 00 00 04  	li	zero, 64
     720: 34 00        	addi	a3, sp, 8
     722: 02 18        	slli	a6, a6, 32
     724: 03 25 3a 0b  	lw	a0, 179(s4)
     728: 3b 0b 49 13  	<unknown>
     72c: 00 00        	unimp	
     72e: 05 34        	addiw	s0, s0, -31
     730: 00 1c        	addi	s0, sp, 560
     732: 0f 03 25 3a  	<unknown>
     736: 0b 3b 0b 49  	<unknown>
     73a: 13 00 00 06  	li	zero, 96
     73e: 34 00        	addi	a3, sp, 8
     740: 02 22        	fld	ft4, 0(sp)
     742: 03 25 3a 0b  	lw	a0, 179(s4)
     746: 3b 0b 49 13  	<unknown>
     74a: 00 00        	unimp	
     74c: 07 0b 01 11  	<unknown>
     750: 1b 12 06 00  	slliw	tp, a2, 0
     754: 00 08        	addi	s0, sp, 16
     756: 48 00        	addi	a0, sp, 4
     758: 7f 13 82 01  	<unknown>
     75c: 19 81        	srli	a0, a0, 6
     75e: 01 1b        	addi	s6, s6, -32
     760: 00 00        	unimp	
     762: 09 48        	li	a6, 2
     764: 00 7f        	ld	s0, 56(a4)
     766: 13 7d 1b 00  	andi	s10, s6, 1
     76a: 00 0a        	addi	s0, sp, 272
     76c: 2e 01        	slli	sp, sp, 11
     76e: 03 25 3a 0b  	lw	a0, 179(s4)
     772: 3b 0b 27 19  	<unknown>
     776: 49 13        	addi	t1, t1, -14
     778: 3c 19        	addi	a5, sp, 184
     77a: 3f 19 00 00  	<unknown>
     77e: 0b 05 00 49  	<unknown>
     782: 13 00 00 0c  	li	zero, 192
     786: 24 00        	addi	s1, sp, 8
     788: 03 25 3e 0b  	lw	a0, 179(t3)
     78c: 0b 0b 00 00  	<unknown>
     790: 0d 16        	addi	a2, a2, -29
     792: 00 49        	lw	s0, 16(a0)
     794: 13 03 25 3a  	addi	t1, a0, 930
     798: 0b 3b 0b 00  	<unknown>
     79c: 00 0e        	addi	s0, sp, 784
     79e: 0f 00 49 13  	<unknown>
     7a2: 00 00        	unimp	
     7a4: 0f 01 01 49  	<unknown>
     7a8: 13 00 00 10  	li	zero, 256
     7ac: 21 00        	c.nop	8
     7ae: 49 13        	addi	t1, t1, -14
     7b0: 37 0b 00 00  	lui	s6, 0
     7b4: 11 24        	addiw	s0, s0, 4
     7b6: 00 03        	addi	s0, sp, 384
     7b8: 25 0b        	addi	s6, s6, 9
     7ba: 0b 3e 0b 00  	<unknown>
     7be: 00 12        	addi	s0, sp, 288
     7c0: 16 00        	c.slli	zero, 5
     7c2: 49 13        	addi	t1, t1, -14
     7c4: 03 25 3a 0b  	lw	a0, 179(s4)
     7c8: 3b 05 00 00  	addw	a0, zero, zero
     7cc: 13 17 01 0b  	<unknown>
     7d0: 0b 3a 0b 3b  	<unknown>
     7d4: 05 00        	c.nop	1
     7d6: 00 14        	addi	s0, sp, 544
     7d8: 0d 00        	c.nop	3
     7da: 03 25 49 13  	lw	a0, 308(s2)
     7de: 3a 0b        	slli	s6, s6, 14
     7e0: 3b 05 38 0b  	<unknown>
     7e4: 00 00        	unimp	
     7e6: 00 01        	addi	s0, sp, 128
     7e8: 11 01        	addi	sp, sp, 4
     7ea: 25 25        	addiw	a0, a0, 9
     7ec: 13 05 03 25  	addi	a0, t1, 592
     7f0: 72 17        	slli	a4, a4, 60
     7f2: 10 17        	addi	a2, sp, 928
     7f4: 1b 25 11 1b  	<unknown>
     7f8: 12 06        	slli	a2, a2, 4
     7fa: 73 17 8c 01  	csrrw	a4, 24, s8
     7fe: 17 00 00 02  	auipc	zero, 8192
     802: 34 00        	addi	a3, sp, 8
     804: 03 25 49 13  	lw	a0, 308(s2)
     808: 3a 0b        	slli	s6, s6, 14
     80a: 3b 0b 1c 0f  	<unknown>
     80e: 00 00        	unimp	
     810: 03 26 00 49  	lw	a2, 1168(zero)
     814: 13 00 00 04  	li	zero, 64
     818: 24 00        	addi	s1, sp, 8
     81a: 03 25 3e 0b  	lw	a0, 179(t3)
     81e: 0b 0b 00 00  	<unknown>
     822: 05 2e        	addiw	t3, t3, 1
     824: 01 11        	addi	sp, sp, -32
     826: 1b 12 06 40  	<unknown>
     82a: 18 7a        	ld	a4, 48(a2)
     82c: 19 03        	addi	t1, t1, 6
     82e: 25 3a        	addiw	s4, s4, -23
     830: 0b 3b 0b 27  	<unknown>
     834: 19 49        	li	s2, 6
     836: 13 3f 19 00  	seqz	t5, s2
     83a: 00 06        	addi	s0, sp, 768
     83c: 05 00        	c.nop	1
     83e: 02 22        	fld	ft4, 0(sp)
     840: 03 25 3a 0b  	lw	a0, 179(s4)
     844: 3b 0b 49 13  	<unknown>
     848: 00 00        	unimp	
     84a: 07 05 00 02  	vle8.v	v10, (zero)
     84e: 18 03        	addi	a4, sp, 384
     850: 25 3a        	addiw	s4, s4, -23
     852: 0b 3b 0b 49  	<unknown>
     856: 13 00 00 08  	li	zero, 128
     85a: 34 00        	addi	a3, sp, 8
     85c: 02 22        	fld	ft4, 0(sp)
     85e: 03 25 3a 0b  	lw	a0, 179(s4)
     862: 3b 0b 49 13  	<unknown>
     866: 00 00        	unimp	
     868: 09 0b        	addi	s6, s6, 2
     86a: 01 11        	addi	sp, sp, -32
     86c: 1b 12 06 00  	slliw	tp, a2, 0
     870: 00 0a        	addi	s0, sp, 272
     872: 34 00        	addi	a3, sp, 8
     874: 02 18        	slli	a6, a6, 32
     876: 03 25 3a 0b  	lw	a0, 179(s4)
     87a: 3b 0b 49 13  	<unknown>
     87e: 00 00        	unimp	
     880: 0b 16 00 49  	<unknown>
     884: 13 03 25 3a  	addi	t1, a0, 930
     888: 0b 3b 05 00  	<unknown>
     88c: 00 0c        	addi	s0, sp, 528
     88e: 17 01 0b 0b  	auipc	sp, 45232
     892: 3a 0b        	slli	s6, s6, 14
     894: 3b 05 00 00  	addw	a0, zero, zero
     898: 0d 0d        	addi	s10, s10, 3
     89a: 00 03        	addi	s0, sp, 384
     89c: 25 49        	li	s2, 9
     89e: 13 3a 0b 3b  	sltiu	s4, s6, 944
     8a2: 05 38        	addiw	a6, a6, -31
     8a4: 0b 00 00 0e  	<unknown>
     8a8: 16 00        	c.slli	zero, 5
     8aa: 49 13        	addi	t1, t1, -14
     8ac: 03 25 3a 0b  	lw	a0, 179(s4)
     8b0: 3b 0b 00 00  	addw	s6, zero, zero
     8b4: 00 01        	addi	s0, sp, 128
     8b6: 11 01        	addi	sp, sp, 4
     8b8: 25 25        	addiw	a0, a0, 9
     8ba: 13 05 03 25  	addi	a0, t1, 592
     8be: 72 17        	slli	a4, a4, 60
     8c0: 10 17        	addi	a2, sp, 928
     8c2: 1b 25 11 1b  	<unknown>
     8c6: 12 06        	slli	a2, a2, 4
     8c8: 73 17 8c 01  	csrrw	a4, 24, s8
     8cc: 17 00 00 02  	auipc	zero, 8192
     8d0: 34 00        	addi	a3, sp, 8
     8d2: 03 25 49 13  	lw	a0, 308(s2)
     8d6: 3a 0b        	slli	s6, s6, 14
     8d8: 3b 0b 1c 0f  	<unknown>
     8dc: 00 00        	unimp	
     8de: 03 26 00 49  	lw	a2, 1168(zero)
     8e2: 13 00 00 04  	li	zero, 64
     8e6: 24 00        	addi	s1, sp, 8
     8e8: 03 25 3e 0b  	lw	a0, 179(t3)
     8ec: 0b 0b 00 00  	<unknown>
     8f0: 05 34        	addiw	s0, s0, -31
     8f2: 00 03        	addi	s0, sp, 384
     8f4: 25 49        	li	s2, 9
     8f6: 13 3a 0b 3b  	sltiu	s4, s6, 944
     8fa: 0b 02 18 00  	<unknown>
     8fe: 00 06        	addi	s0, sp, 768
     900: 01 01        	mv	sp, sp
     902: 49 13        	addi	t1, t1, -14
     904: 00 00        	unimp	
     906: 07 21 00 49  	flw	ft2, 1168(zero)
     90a: 13 37 0b 00  	sltiu	a4, s6, 0
     90e: 00 08        	addi	s0, sp, 16
     910: 16 00        	c.slli	zero, 5
     912: 49 13        	addi	t1, t1, -14
     914: 03 25 3a 0b  	lw	a0, 179(s4)
     918: 3b 0b 00 00  	addw	s6, zero, zero
     91c: 09 24        	addiw	s0, s0, 2
     91e: 00 03        	addi	s0, sp, 384
     920: 25 0b        	addi	s6, s6, 9
     922: 0b 3e 0b 00  	<unknown>
     926: 00 0a        	addi	s0, sp, 272
     928: 2e 01        	slli	sp, sp, 11
     92a: 11 1b        	addi	s6, s6, -28
     92c: 12 06        	slli	a2, a2, 4
     92e: 40 18        	addi	s0, sp, 52
     930: 7a 19        	slli	s2, s2, 62
     932: 03 25 3a 0b  	lw	a0, 179(s4)
     936: 3b 0b 27 19  	<unknown>
     93a: 49 13        	addi	t1, t1, -14
     93c: 3f 19 00 00  	<unknown>
     940: 0b 05 00 02  	<unknown>
     944: 22 03        	slli	t1, t1, 8
     946: 25 3a        	addiw	s4, s4, -23
     948: 0b 3b 0b 49  	<unknown>
     94c: 13 00 00 0c  	li	zero, 192
     950: 34 00        	addi	a3, sp, 8
     952: 02 18        	slli	a6, a6, 32
     954: 03 25 3a 0b  	lw	a0, 179(s4)
     958: 3b 0b 49 13  	<unknown>
     95c: 00 00        	unimp	
     95e: 0d 34        	addiw	s0, s0, -29
     960: 00 02        	addi	s0, sp, 256
     962: 22 03        	slli	t1, t1, 8
     964: 25 3a        	addiw	s4, s4, -23
     966: 0b 3b 0b 49  	<unknown>
     96a: 13 00 00 0e  	li	zero, 224
     96e: 0b 01 11 1b  	<unknown>
     972: 12 06        	slli	a2, a2, 4
     974: 00 00        	unimp	
     976: 0f 34 00 03  	<unknown>
     97a: 25 3a        	addiw	s4, s4, -23
     97c: 0b 3b 0b 49  	<unknown>
     980: 13 00 00 10  	li	zero, 256
     984: 48 00        	addi	a0, sp, 4
     986: 7f 13 7d 1b  	<unknown>
     98a: 00 00        	unimp	
     98c: 11 2e        	addiw	t3, t3, 4
     98e: 01 03        	mv	t1, t1
     990: 25 3a        	addiw	s4, s4, -23
     992: 0b 3b 05 27  	<unknown>
     996: 19 49        	li	s2, 6
     998: 13 3c 19 3f  	sltiu	s8, s2, 1009
     99c: 19 00        	c.nop	6
     99e: 00 12        	addi	s0, sp, 288
     9a0: 05 00        	c.nop	1
     9a2: 49 13        	addi	t1, t1, -14
     9a4: 00 00        	unimp	
     9a6: 13 2e 01 03  	slti	t3, sp, 48
     9aa: 25 3a        	addiw	s4, s4, -23
     9ac: 0b 3b 0b 27  	<unknown>
     9b0: 19 49        	li	s2, 6
     9b2: 13 3c 19 3f  	sltiu	s8, s2, 1009
     9b6: 19 00        	c.nop	6
     9b8: 00 14        	addi	s0, sp, 544
     9ba: 0f 00 49 13  	<unknown>
     9be: 00 00        	unimp	
     9c0: 15 16        	addi	a2, a2, -27
     9c2: 00 49        	lw	s0, 16(a0)
     9c4: 13 03 25 3a  	addi	t1, a0, 930
     9c8: 0b 3b 05 00  	<unknown>
     9cc: 00 16        	addi	s0, sp, 800
     9ce: 17 01 0b 0b  	auipc	sp, 45232
     9d2: 3a 0b        	slli	s6, s6, 14
     9d4: 3b 05 00 00  	addw	a0, zero, zero
     9d8: 17 0d 00 03  	auipc	s10, 12288
     9dc: 25 49        	li	s2, 9
     9de: 13 3a 0b 3b  	sltiu	s4, s6, 944
     9e2: 05 38        	addiw	a6, a6, -31
     9e4: 0b 00 00 00  	<unknown>
     9e8: 01 11        	addi	sp, sp, -32
     9ea: 01 25        	sext.w	a0, a0
     9ec: 25 13        	addi	t1, t1, -23
     9ee: 05 03        	addi	t1, t1, 1
     9f0: 25 72        	lui	tp, 1048553
     9f2: 17 10 17 1b  	auipc	zero, 110961
     9f6: 25 11        	addi	sp, sp, -23
     9f8: 1b 12 06 73  	<unknown>
     9fc: 17 8c 01 17  	auipc	s8, 94232
     a00: 00 00        	unimp	
     a02: 02 24        	fld	fs0, 0(sp)
     a04: 00 03        	addi	s0, sp, 384
     a06: 25 3e        	addiw	t3, t3, -23
     a08: 0b 0b 0b 00  	<unknown>
     a0c: 00 03        	addi	s0, sp, 384
     a0e: 34 00        	addi	a3, sp, 8
     a10: 03 25 49 13  	lw	a0, 308(s2)
     a14: 3a 0b        	slli	s6, s6, 14
     a16: 3b 0b 1c 0f  	<unknown>
     a1a: 00 00        	unimp	
     a1c: 04 26        	fld	fs1, 8(a2)
     a1e: 00 49        	lw	s0, 16(a0)
     a20: 13 00 00 05  	li	zero, 80
     a24: 34 00        	addi	a3, sp, 8
     a26: 03 25 49 13  	lw	a0, 308(s2)
     a2a: 3a 0b        	slli	s6, s6, 14
     a2c: 3b 0b 02 18  	<unknown>
     a30: 00 00        	unimp	
     a32: 06 01        	slli	sp, sp, 1
     a34: 01 49        	li	s2, 0
     a36: 13 00 00 07  	li	zero, 112
     a3a: 21 00        	c.nop	8
     a3c: 49 13        	addi	t1, t1, -14
     a3e: 37 0b 00 00  	lui	s6, 0
     a42: 08 24        	fld	fa0, 8(s0)
     a44: 00 03        	addi	s0, sp, 384
     a46: 25 0b        	addi	s6, s6, 9
     a48: 0b 3e 0b 00  	<unknown>
     a4c: 00 09        	addi	s0, sp, 144
     a4e: 16 00        	c.slli	zero, 5
     a50: 49 13        	addi	t1, t1, -14
     a52: 03 25 3a 0b  	lw	a0, 179(s4)
     a56: 3b 0b 00 00  	addw	s6, zero, zero
     a5a: 0a 2e        	fld	ft8, 128(sp)
     a5c: 01 11        	addi	sp, sp, -32
     a5e: 1b 12 06 40  	<unknown>
     a62: 18 7a        	ld	a4, 48(a2)
     a64: 19 03        	addi	t1, t1, 6
     a66: 25 3a        	addiw	s4, s4, -23
     a68: 0b 3b 0b 27  	<unknown>
     a6c: 19 49        	li	s2, 6
     a6e: 13 3f 19 00  	seqz	t5, s2
     a72: 00 0b        	addi	s0, sp, 400
     a74: 05 00        	c.nop	1
     a76: 02 22        	fld	ft4, 0(sp)
     a78: 03 25 3a 0b  	lw	a0, 179(s4)
     a7c: 3b 0b 49 13  	<unknown>
     a80: 00 00        	unimp	
     a82: 0c 34        	fld	fa1, 40(s0)
     a84: 00 02        	addi	s0, sp, 256
     a86: 18 03        	addi	a4, sp, 384
     a88: 25 3a        	addiw	s4, s4, -23
     a8a: 0b 3b 0b 49  	<unknown>
     a8e: 13 00 00 0d  	li	zero, 208
     a92: 34 00        	addi	a3, sp, 8
     a94: 02 22        	fld	ft4, 0(sp)
     a96: 03 25 3a 0b  	lw	a0, 179(s4)
     a9a: 3b 0b 49 13  	<unknown>
     a9e: 00 00        	unimp	
     aa0: 0e 0a        	slli	s4, s4, 3
     aa2: 00 03        	addi	s0, sp, 384
     aa4: 25 3a        	addiw	s4, s4, -23
     aa6: 0b 3b 0b 11  	<unknown>
     aaa: 1b 00 00 0f  	addiw	zero, zero, 240
     aae: 48 00        	addi	a0, sp, 4
     ab0: 7f 13 7d 1b  	<unknown>
     ab4: 00 00        	unimp	
     ab6: 10 2e        	fld	fa2, 24(a2)
     ab8: 01 03        	mv	t1, t1
     aba: 25 3a        	addiw	s4, s4, -23
     abc: 0b 3b 05 27  	<unknown>
     ac0: 19 49        	li	s2, 6
     ac2: 13 3c 19 3f  	sltiu	s8, s2, 1009
     ac6: 19 00        	c.nop	6
     ac8: 00 11        	addi	s0, sp, 160
     aca: 05 00        	c.nop	1
     acc: 49 13        	addi	t1, t1, -14
     ace: 00 00        	unimp	
     ad0: 12 0f        	slli	t5, t5, 4
     ad2: 00 49        	lw	s0, 16(a0)
     ad4: 13 00 00 00  	nop
     ad8: 01 11        	addi	sp, sp, -32
     ada: 01 25        	sext.w	a0, a0
     adc: 25 13        	addi	t1, t1, -23
     ade: 05 03        	addi	t1, t1, 1
     ae0: 25 72        	lui	tp, 1048553
     ae2: 17 10 17 1b  	auipc	zero, 110961
     ae6: 25 11        	addi	sp, sp, -23
     ae8: 1b 12 06 73  	<unknown>
     aec: 17 8c 01 17  	auipc	s8, 94232
     af0: 00 00        	unimp	
     af2: 02 34        	fld	fs0, 32(sp)
     af4: 00 03        	addi	s0, sp, 384
     af6: 25 49        	li	s2, 9
     af8: 13 3a 0b 3b  	sltiu	s4, s6, 944
     afc: 0b 1c 0f 00  	<unknown>
     b00: 00 03        	addi	s0, sp, 384
     b02: 26 00        	c.slli	zero, 9
     b04: 49 13        	addi	t1, t1, -14
     b06: 00 00        	unimp	
     b08: 04 24        	fld	fs1, 8(s0)
     b0a: 00 03        	addi	s0, sp, 384
     b0c: 25 3e        	addiw	t3, t3, -23
     b0e: 0b 0b 0b 00  	<unknown>
     b12: 00 05        	addi	s0, sp, 640
     b14: 2e 01        	slli	sp, sp, 11
     b16: 11 1b        	addi	s6, s6, -28
     b18: 12 06        	slli	a2, a2, 4
     b1a: 40 18        	addi	s0, sp, 52
     b1c: 7a 19        	slli	s2, s2, 62
     b1e: 03 25 3a 0b  	lw	a0, 179(s4)
     b22: 3b 0b 27 19  	<unknown>
     b26: 49 13        	addi	t1, t1, -14
     b28: 3f 19 00 00  	<unknown>
     b2c: 06 05        	slli	a0, a0, 1
     b2e: 00 02        	addi	s0, sp, 256
     b30: 22 03        	slli	t1, t1, 8
     b32: 25 3a        	addiw	s4, s4, -23
     b34: 0b 3b 0b 49  	<unknown>
     b38: 13 00 00 07  	li	zero, 112
     b3c: 34 00        	addi	a3, sp, 8
     b3e: 02 22        	fld	ft4, 0(sp)
     b40: 03 25 3a 0b  	lw	a0, 179(s4)
     b44: 3b 0b 49 13  	<unknown>
     b48: 00 00        	unimp	
     b4a: 08 34        	fld	fa0, 40(s0)
     b4c: 00 03        	addi	s0, sp, 384
     b4e: 25 3a        	addiw	s4, s4, -23
     b50: 0b 3b 0b 49  	<unknown>
     b54: 13 00 00 09  	li	zero, 144
     b58: 0b 01 11 1b  	<unknown>
     b5c: 12 06        	slli	a2, a2, 4
     b5e: 00 00        	unimp	
     b60: 0a 34        	fld	fs0, 160(sp)
     b62: 00 02        	addi	s0, sp, 256
     b64: 18 03        	addi	a4, sp, 384
     b66: 25 3a        	addiw	s4, s4, -23
     b68: 0b 3b 0b 49  	<unknown>
     b6c: 13 00 00 0b  	li	zero, 176
     b70: 16 00        	c.slli	zero, 5
     b72: 49 13        	addi	t1, t1, -14
     b74: 03 25 3a 0b  	lw	a0, 179(s4)
     b78: 3b 05 00 00  	addw	a0, zero, zero
     b7c: 0c 17        	addi	a1, sp, 928
     b7e: 01 0b        	mv	s6, s6
     b80: 0b 3a 0b 3b  	<unknown>
     b84: 05 00        	c.nop	1
     b86: 00 0d        	addi	s0, sp, 656
     b88: 0d 00        	c.nop	3
     b8a: 03 25 49 13  	lw	a0, 308(s2)
     b8e: 3a 0b        	slli	s6, s6, 14
     b90: 3b 05 38 0b  	<unknown>
     b94: 00 00        	unimp	
     b96: 0e 16        	slli	a2, a2, 35
     b98: 00 49        	lw	s0, 16(a0)
     b9a: 13 03 25 3a  	addi	t1, a0, 930
     b9e: 0b 3b 0b 00  	<unknown>
     ba2: 00 00        	unimp	
     ba4: 01 11        	addi	sp, sp, -32
     ba6: 01 25        	sext.w	a0, a0
     ba8: 25 13        	addi	t1, t1, -23
     baa: 05 03        	addi	t1, t1, 1
     bac: 25 72        	lui	tp, 1048553
     bae: 17 10 17 1b  	auipc	zero, 110961
     bb2: 25 11        	addi	sp, sp, -23
     bb4: 1b 12 06 73  	<unknown>
     bb8: 17 8c 01 17  	auipc	s8, 94232
     bbc: 00 00        	unimp	
     bbe: 02 34        	fld	fs0, 32(sp)
     bc0: 00 03        	addi	s0, sp, 384
     bc2: 25 49        	li	s2, 9
     bc4: 13 3a 0b 3b  	sltiu	s4, s6, 944
     bc8: 0b 1c 0f 00  	<unknown>
     bcc: 00 03        	addi	s0, sp, 384
     bce: 26 00        	c.slli	zero, 9
     bd0: 49 13        	addi	t1, t1, -14
     bd2: 00 00        	unimp	
     bd4: 04 24        	fld	fs1, 8(s0)
     bd6: 00 03        	addi	s0, sp, 384
     bd8: 25 3e        	addiw	t3, t3, -23
     bda: 0b 0b 0b 00  	<unknown>
     bde: 00 05        	addi	s0, sp, 640
     be0: 2e 01        	slli	sp, sp, 11
     be2: 11 1b        	addi	s6, s6, -28
     be4: 12 06        	slli	a2, a2, 4
     be6: 40 18        	addi	s0, sp, 52
     be8: 7a 19        	slli	s2, s2, 62
     bea: 03 25 3a 0b  	lw	a0, 179(s4)
     bee: 3b 0b 27 19  	<unknown>
     bf2: 49 13        	addi	t1, t1, -14
     bf4: 3f 19 00 00  	<unknown>
     bf8: 06 05        	slli	a0, a0, 1
     bfa: 00 02        	addi	s0, sp, 256
     bfc: 22 03        	slli	t1, t1, 8
     bfe: 25 3a        	addiw	s4, s4, -23
     c00: 0b 3b 0b 49  	<unknown>
     c04: 13 00 00 07  	li	zero, 112
     c08: 05 00        	c.nop	1
     c0a: 02 18        	slli	a6, a6, 32
     c0c: 03 25 3a 0b  	lw	a0, 179(s4)
     c10: 3b 0b 49 13  	<unknown>
     c14: 00 00        	unimp	
     c16: 08 34        	fld	fa0, 40(s0)
     c18: 00 02        	addi	s0, sp, 256
     c1a: 22 03        	slli	t1, t1, 8
     c1c: 25 3a        	addiw	s4, s4, -23
     c1e: 0b 3b 0b 49  	<unknown>
     c22: 13 00 00 09  	li	zero, 144
     c26: 0b 01 11 1b  	<unknown>
     c2a: 12 06        	slli	a2, a2, 4
     c2c: 00 00        	unimp	
     c2e: 0a 34        	fld	fs0, 160(sp)
     c30: 00 02        	addi	s0, sp, 256
     c32: 18 03        	addi	a4, sp, 384
     c34: 25 3a        	addiw	s4, s4, -23
     c36: 0b 3b 0b 49  	<unknown>
     c3a: 13 00 00 0b  	li	zero, 176
     c3e: 16 00        	c.slli	zero, 5
     c40: 49 13        	addi	t1, t1, -14
     c42: 03 25 3a 0b  	lw	a0, 179(s4)
     c46: 3b 05 00 00  	addw	a0, zero, zero
     c4a: 0c 17        	addi	a1, sp, 928
     c4c: 01 0b        	mv	s6, s6
     c4e: 0b 3a 0b 3b  	<unknown>
     c52: 05 00        	c.nop	1
     c54: 00 0d        	addi	s0, sp, 656
     c56: 0d 00        	c.nop	3
     c58: 03 25 49 13  	lw	a0, 308(s2)
     c5c: 3a 0b        	slli	s6, s6, 14
     c5e: 3b 05 38 0b  	<unknown>
     c62: 00 00        	unimp	
     c64: 0e 16        	slli	a2, a2, 35
     c66: 00 49        	lw	s0, 16(a0)
     c68: 13 03 25 3a  	addi	t1, a0, 930
     c6c: 0b 3b 0b 00  	<unknown>
     c70: 00 00        	unimp	
     c72: 01 11        	addi	sp, sp, -32
     c74: 01 25        	sext.w	a0, a0
     c76: 25 13        	addi	t1, t1, -23
     c78: 05 03        	addi	t1, t1, 1
     c7a: 25 72        	lui	tp, 1048553
     c7c: 17 10 17 1b  	auipc	zero, 110961
     c80: 25 11        	addi	sp, sp, -23
     c82: 1b 12 06 73  	<unknown>
     c86: 17 8c 01 17  	auipc	s8, 94232
     c8a: 00 00        	unimp	
     c8c: 02 24        	fld	fs0, 0(sp)
     c8e: 00 03        	addi	s0, sp, 384
     c90: 25 3e        	addiw	t3, t3, -23
     c92: 0b 0b 0b 00  	<unknown>
     c96: 00 03        	addi	s0, sp, 384
     c98: 34 00        	addi	a3, sp, 8
     c9a: 03 25 49 13  	lw	a0, 308(s2)
     c9e: 3a 0b        	slli	s6, s6, 14
     ca0: 3b 0b 1c 0f  	<unknown>
     ca4: 00 00        	unimp	
     ca6: 04 26        	fld	fs1, 8(a2)
     ca8: 00 49        	lw	s0, 16(a0)
     caa: 13 00 00 05  	li	zero, 80
     cae: 2e 01        	slli	sp, sp, 11
     cb0: 11 1b        	addi	s6, s6, -28
     cb2: 12 06        	slli	a2, a2, 4
     cb4: 40 18        	addi	s0, sp, 52
     cb6: 7a 19        	slli	s2, s2, 62
     cb8: 03 25 3a 0b  	lw	a0, 179(s4)
     cbc: 3b 0b 27 19  	<unknown>
     cc0: 49 13        	addi	t1, t1, -14
     cc2: 3f 19 00 00  	<unknown>
     cc6: 06 05        	slli	a0, a0, 1
     cc8: 00 02        	addi	s0, sp, 256
     cca: 22 03        	slli	t1, t1, 8
     ccc: 25 3a        	addiw	s4, s4, -23
     cce: 0b 3b 0b 49  	<unknown>
     cd2: 13 00 00 07  	li	zero, 112
     cd6: 34 00        	addi	a3, sp, 8
     cd8: 02 22        	fld	ft4, 0(sp)
     cda: 03 25 3a 0b  	lw	a0, 179(s4)
     cde: 3b 0b 49 13  	<unknown>
     ce2: 00 00        	unimp	
     ce4: 08 34        	fld	fa0, 40(s0)
     ce6: 00 03        	addi	s0, sp, 384
     ce8: 25 3a        	addiw	s4, s4, -23
     cea: 0b 3b 0b 49  	<unknown>
     cee: 13 00 00 09  	li	zero, 144
     cf2: 0b 01 11 1b  	<unknown>
     cf6: 12 06        	slli	a2, a2, 4
     cf8: 00 00        	unimp	
     cfa: 0a 34        	fld	fs0, 160(sp)
     cfc: 00 02        	addi	s0, sp, 256
     cfe: 18 03        	addi	a4, sp, 384
     d00: 25 3a        	addiw	s4, s4, -23
     d02: 0b 3b 0b 49  	<unknown>
     d06: 13 00 00 0b  	li	zero, 176
     d0a: 16 00        	c.slli	zero, 5
     d0c: 49 13        	addi	t1, t1, -14
     d0e: 03 25 3a 0b  	lw	a0, 179(s4)
     d12: 3b 05 00 00  	addw	a0, zero, zero
     d16: 0c 17        	addi	a1, sp, 928
     d18: 01 0b        	mv	s6, s6
     d1a: 0b 3a 0b 3b  	<unknown>
     d1e: 05 00        	c.nop	1
     d20: 00 0d        	addi	s0, sp, 656
     d22: 0d 00        	c.nop	3
     d24: 03 25 49 13  	lw	a0, 308(s2)
     d28: 3a 0b        	slli	s6, s6, 14
     d2a: 3b 05 38 0b  	<unknown>
     d2e: 00 00        	unimp	
     d30: 0e 13        	slli	t1, t1, 35
     d32: 01 0b        	mv	s6, s6
     d34: 0b 3a 0b 3b  	<unknown>
     d38: 05 00        	c.nop	1
     d3a: 00 0f        	addi	s0, sp, 912
     d3c: 16 00        	c.slli	zero, 5
     d3e: 49 13        	addi	t1, t1, -14
     d40: 03 25 3a 0b  	lw	a0, 179(s4)
     d44: 3b 0b 00 00  	addw	s6, zero, zero
     d48: 00 01        	addi	s0, sp, 128
     d4a: 11 01        	addi	sp, sp, 4
     d4c: 25 25        	addiw	a0, a0, 9
     d4e: 13 05 03 25  	addi	a0, t1, 592
     d52: 72 17        	slli	a4, a4, 60
     d54: 10 17        	addi	a2, sp, 928
     d56: 1b 25 11 1b  	<unknown>
     d5a: 12 06        	slli	a2, a2, 4
     d5c: 73 17 8c 01  	csrrw	a4, 24, s8
     d60: 17 00 00 02  	auipc	zero, 8192
     d64: 34 00        	addi	a3, sp, 8
     d66: 03 25 49 13  	lw	a0, 308(s2)
     d6a: 3a 0b        	slli	s6, s6, 14
     d6c: 3b 0b 1c 0f  	<unknown>
     d70: 00 00        	unimp	
     d72: 03 26 00 49  	lw	a2, 1168(zero)
     d76: 13 00 00 04  	li	zero, 64
     d7a: 24 00        	addi	s1, sp, 8
     d7c: 03 25 3e 0b  	lw	a0, 179(t3)
     d80: 0b 0b 00 00  	<unknown>
     d84: 05 2e        	addiw	t3, t3, 1
     d86: 01 11        	addi	sp, sp, -32
     d88: 1b 12 06 40  	<unknown>
     d8c: 18 7a        	ld	a4, 48(a2)
     d8e: 19 03        	addi	t1, t1, 6
     d90: 25 3a        	addiw	s4, s4, -23
     d92: 0b 3b 0b 27  	<unknown>
     d96: 19 49        	li	s2, 6
     d98: 13 3f 19 00  	seqz	t5, s2
     d9c: 00 06        	addi	s0, sp, 768
     d9e: 05 00        	c.nop	1
     da0: 02 22        	fld	ft4, 0(sp)
     da2: 03 25 3a 0b  	lw	a0, 179(s4)
     da6: 3b 0b 49 13  	<unknown>
     daa: 00 00        	unimp	
     dac: 07 34 00 02  	fld	fs0, 32(zero)
     db0: 22 03        	slli	t1, t1, 8
     db2: 25 3a        	addiw	s4, s4, -23
     db4: 0b 3b 0b 49  	<unknown>
     db8: 13 00 00 08  	li	zero, 128
     dbc: 0b 01 11 1b  	<unknown>
     dc0: 12 06        	slli	a2, a2, 4
     dc2: 00 00        	unimp	
     dc4: 09 34        	addiw	s0, s0, -30
     dc6: 00 02        	addi	s0, sp, 256
     dc8: 18 03        	addi	a4, sp, 384
     dca: 25 3a        	addiw	s4, s4, -23
     dcc: 0b 3b 0b 49  	<unknown>
     dd0: 13 00 00 0a  	li	zero, 160
     dd4: 34 00        	addi	a3, sp, 8
     dd6: 03 25 3a 0b  	lw	a0, 179(s4)
     dda: 3b 0b 49 13  	<unknown>
     dde: 00 00        	unimp	
     de0: 0b 16 00 49  	<unknown>
     de4: 13 03 25 3a  	addi	t1, a0, 930
     de8: 0b 3b 05 00  	<unknown>
     dec: 00 0c        	addi	s0, sp, 528
     dee: 17 01 0b 0b  	auipc	sp, 45232
     df2: 3a 0b        	slli	s6, s6, 14
     df4: 3b 05 00 00  	addw	a0, zero, zero
     df8: 0d 0d        	addi	s10, s10, 3
     dfa: 00 03        	addi	s0, sp, 384
     dfc: 25 49        	li	s2, 9
     dfe: 13 3a 0b 3b  	sltiu	s4, s6, 944
     e02: 05 38        	addiw	a6, a6, -31
     e04: 0b 00 00 0e  	<unknown>
     e08: 16 00        	c.slli	zero, 5
     e0a: 49 13        	addi	t1, t1, -14
     e0c: 03 25 3a 0b  	lw	a0, 179(s4)
     e10: 3b 0b 00 00  	addw	s6, zero, zero
     e14: 00 01        	addi	s0, sp, 128
     e16: 11 01        	addi	sp, sp, 4
     e18: 25 25        	addiw	a0, a0, 9
     e1a: 13 05 03 25  	addi	a0, t1, 592
     e1e: 72 17        	slli	a4, a4, 60
     e20: 10 17        	addi	a2, sp, 928
     e22: 1b 25 11 1b  	<unknown>
     e26: 12 06        	slli	a2, a2, 4
     e28: 73 17 8c 01  	csrrw	a4, 24, s8
     e2c: 17 00 00 02  	auipc	zero, 8192
     e30: 2e 01        	slli	sp, sp, 11
     e32: 11 1b        	addi	s6, s6, -28
     e34: 12 06        	slli	a2, a2, 4
     e36: 40 18        	addi	s0, sp, 52
     e38: 7a 19        	slli	s2, s2, 62
     e3a: 03 25 3a 0b  	lw	a0, 179(s4)
     e3e: 3b 0b 27 19  	<unknown>
     e42: 49 13        	addi	t1, t1, -14
     e44: 3f 19 00 00  	<unknown>
     e48: 03 05 00 02  	lb	a0, 32(zero)
     e4c: 22 03        	slli	t1, t1, 8
     e4e: 25 3a        	addiw	s4, s4, -23
     e50: 0b 3b 0b 49  	<unknown>
     e54: 13 00 00 04  	li	zero, 64
     e58: 34 00        	addi	a3, sp, 8
     e5a: 02 22        	fld	ft4, 0(sp)
     e5c: 03 25 3a 0b  	lw	a0, 179(s4)
     e60: 3b 0b 49 13  	<unknown>
     e64: 00 00        	unimp	
     e66: 05 24        	addiw	s0, s0, 1
     e68: 00 03        	addi	s0, sp, 384
     e6a: 25 3e        	addiw	t3, t3, -23
     e6c: 0b 0b 0b 00  	<unknown>
     e70: 00 00        	unimp	
     e72: 01 11        	addi	sp, sp, -32
     e74: 01 25        	sext.w	a0, a0
     e76: 25 13        	addi	t1, t1, -23
     e78: 05 03        	addi	t1, t1, 1
     e7a: 25 72        	lui	tp, 1048553
     e7c: 17 10 17 1b  	auipc	zero, 110961
     e80: 25 11        	addi	sp, sp, -23
     e82: 1b 12 06 73  	<unknown>
     e86: 17 8c 01 17  	auipc	s8, 94232
     e8a: 00 00        	unimp	
     e8c: 02 2e        	fld	ft8, 0(sp)
     e8e: 01 11        	addi	sp, sp, -32
     e90: 1b 12 06 40  	<unknown>
     e94: 18 7a        	ld	a4, 48(a2)
     e96: 19 03        	addi	t1, t1, 6
     e98: 25 3a        	addiw	s4, s4, -23
     e9a: 0b 3b 0b 27  	<unknown>
     e9e: 19 49        	li	s2, 6
     ea0: 13 3f 19 00  	seqz	t5, s2
     ea4: 00 03        	addi	s0, sp, 384
     ea6: 05 00        	c.nop	1
     ea8: 02 22        	fld	ft4, 0(sp)
     eaa: 03 25 3a 0b  	lw	a0, 179(s4)
     eae: 3b 0b 49 13  	<unknown>
     eb2: 00 00        	unimp	
     eb4: 04 34        	fld	fs1, 40(s0)
     eb6: 00 02        	addi	s0, sp, 256
     eb8: 22 03        	slli	t1, t1, 8
     eba: 25 3a        	addiw	s4, s4, -23
     ebc: 0b 3b 0b 49  	<unknown>
     ec0: 13 00 00 05  	li	zero, 80
     ec4: 24 00        	addi	s1, sp, 8
     ec6: 03 25 3e 0b  	lw	a0, 179(t3)
     eca: 0b 0b 00 00  	<unknown>
     ece: 00           	<unknown>

Disassembly of section .debug_info:

0000000000000000 <.debug_info>:
       0: 45 01        	addi	sp, sp, 17
       2: 00 00        	unimp	
       4: 05 00        	c.nop	1
       6: 01 08        	mv	a6, a6
       8: 00 00        	unimp	
       a: 00 00        	unimp	
       c: 01 00        	nop
       e: 0c 00        	<unknown>
      10: 01 08        	mv	a6, a6
      12: 00 00        	unimp	
      14: 00 00        	unimp	
      16: 00 00        	unimp	
      18: 00 02        	addi	s0, sp, 256
      1a: 00 96        	<unknown>
      1c: 00 00        	unimp	
      1e: 00 08        	addi	s0, sp, 16
      20: 00 00        	unimp	
      22: 00 0c        	addi	s0, sp, 528
      24: 00 00        	unimp	
      26: 00 02        	addi	s0, sp, 256
      28: 00 96        	<unknown>
      2a: 00 00        	unimp	
      2c: 00 01        	addi	s0, sp, 128
      2e: 52 09        	slli	s2, s2, 20
      30: 00 32        	fld	fs0, 32(a2)
      32: af 00 00 00  	<unknown>
      36: 03 00 0c 00  	lb	zero, 0(s8)
      3a: 32 af        	fsd	fa2, 408(sp)
      3c: 00 00        	unimp	
      3e: 00 04        	addi	s0, sp, 512
      40: 02 91        	jalr	sp
      42: 08 0a        	addi	a0, sp, 272
      44: 00 38        	fld	fs0, 48(s0)
      46: ef 00 00 00  	jal	0x46 <.debug_info+0x46>
      4a: 05 00        	c.nop	1
      4c: 0d 00        	c.nop	3
      4e: 38 af        	fsd	fa4, 88(a4)
      50: 00 00        	unimp	
      52: 00 06        	addi	s0, sp, 768
      54: 01 16        	addi	a2, a2, -32
      56: 00 39        	fld	fs0, 48(a0)
      58: c6 00        	slli	ra, ra, 17
      5a: 00 00        	unimp	
      5c: 06 02        	slli	tp, tp, 1
      5e: 17 00 39 c6  	auipc	zero, 811920
      62: 00 00        	unimp	
      64: 00 07        	addi	s0, sp, 896
      66: 00 04        	addi	s0, sp, 512
      68: 00 00        	unimp	
      6a: 00 04        	addi	s0, sp, 512
      6c: 02 90        	ebreak	
      6e: 2a 0e        	slli	t3, t3, 10
      70: 00 3c        	fld	fs0, 56(s0)
      72: ff 00 00 00  	<unknown>
      76: 00 08        	addi	s0, sp, 16
      78: 9c 00        	addi	a5, sp, 64
      7a: 00 00        	unimp	
      7c: 01 09        	mv	s2, s2
      7e: b3 00 00 00  	add	ra, zero, zero
      82: 02 09        	c.slli64	s2
      84: 9c 00        	addi	a5, sp, 64
      86: 00 00        	unimp	
      88: 03 09 9c 00  	lb	s2, 9(s8)
      8c: 00 00        	unimp	
      8e: 04 09        	addi	s1, sp, 144
      90: d7 00 00 00  	vadd.vv	v1, v0, v0, v0.t
      94: 05 09        	addi	s2, s2, 1
      96: d7 00 00 00  	vadd.vv	v1, v0, v0, v0.t
      9a: 06 00        	c.slli	zero, 1
      9c: 0a 03        	slli	t1, t1, 2
      9e: 01 b8        	j	0xfffffffffffff8ae <timer+0xffffffff7fffa8ae>
      a0: af 00 00 00  	<unknown>
      a4: 0b af 00 00  	<unknown>
      a8: 00 0b        	addi	s0, sp, 400
      aa: af 00 00 00  	<unknown>
      ae: 00 0c        	addi	s0, sp, 528
      b0: 04 04        	addi	s1, sp, 512
      b2: 08 0a        	addi	a0, sp, 272
      b4: 05 01        	addi	sp, sp, 1
      b6: ae c6        	sw	a1, 76(sp)
      b8: 00 00        	unimp	
      ba: 00 0b        	addi	s0, sp, 400
      bc: af 00 00 00  	<unknown>
      c0: 0b d2 00 00  	<unknown>
      c4: 00 00        	unimp	
      c6: 0d ce        	beqz	a2, 0x100 <.debug_info+0x100>
      c8: 00 00        	unimp	
      ca: 00 07        	addi	s0, sp, 896
      cc: 02 4d        	lw	s10, 0(sp)
      ce: 0c 06        	addi	a1, sp, 768
      d0: 05 04        	addi	s0, s0, 1
      d2: 0e af        	fsd	ft3, 408(sp)
      d4: 00 00        	unimp	
      d6: 00 0a        	addi	s0, sp, 272
      d8: 08 01        	addi	a0, sp, 128
      da: b7 af 00 00  	lui	t6, 10
      de: 00 0b        	addi	s0, sp, 400
      e0: af 00 00 00  	<unknown>
      e4: 0b af 00 00  	<unknown>
      e8: 00 0b        	addi	s0, sp, 400
      ea: ce 00        	slli	ra, ra, 19
      ec: 00 00        	unimp	
      ee: 00 0f        	addi	s0, sp, 912
      f0: af 00 00 00  	<unknown>
      f4: 10 fb        	sd	a2, 48(a4)
      f6: 00 00        	unimp	
      f8: 00 02        	addi	s0, sp, 256
      fa: 00 11        	addi	s0, sp, 160
      fc: 0b 08 07 12  	<unknown>
     100: 08 01        	addi	a0, sp, 128
     102: 00 00        	unimp	
     104: 15 01        	addi	sp, sp, 5
     106: 24 01        	addi	s1, sp, 136
     108: 13 08 01 1c  	addi	a6, sp, 448
     10c: 01 14        	addi	s0, s0, -32
     10e: 0f af 00 00  	<unknown>
     112: 00 01        	addi	s0, sp, 128
     114: 1e 01        	slli	sp, sp, 7
     116: 00 14        	addi	s0, sp, 544
     118: 10 21        	fld	fa2, 0(a0)
     11a: 01 00        	nop
     11c: 00 01        	addi	s0, sp, 128
     11e: 23 01 00 15  	sb	a6, 322(zero)
     122: 08 01        	addi	a0, sp, 128
     124: 1f 01 14 11  	<unknown>
     128: 3c 01        	addi	a5, sp, 136
     12a: 00 00        	unimp	
     12c: 01 21        	sext.w	sp, sp
     12e: 01 00        	nop
     130: 14 14        	addi	a3, sp, 544
     132: 3c 01        	addi	a5, sp, 136
     134: 00 00        	unimp	
     136: 01 22        	sext.w	tp, tp
     138: 01 04        	mv	s0, s0
     13a: 00 00        	unimp	
     13c: 0d 44        	li	s0, 3
     13e: 01 00        	nop
     140: 00 13        	addi	s0, sp, 416
     142: 02 4f        	lw	t5, 0(sp)
     144: 0c 12        	addi	a1, sp, 288
     146: 07 04 00 68  	vlsseg4e8.v	v8, (zero), zero, v0.t
     14a: 01 00        	nop
     14c: 00 05        	addi	s0, sp, 640
     14e: 00 01        	addi	s0, sp, 128
     150: 08 15        	addi	a0, sp, 672
     152: 01 00        	nop
     154: 00 01        	addi	s0, sp, 128
     156: 00 0c        	addi	s0, sp, 528
     158: 00 01        	addi	s0, sp, 128
     15a: 70 00        	addi	a2, sp, 12
     15c: 00 00        	unimp	
     15e: 9e 01        	slli	gp, gp, 7
     160: 00 00        	unimp	
     162: 02 00        	c.slli64	zero
     164: 0e 01        	slli	sp, sp, 3
     166: 00 00        	unimp	
     168: 48 00        	addi	a0, sp, 4
     16a: 00 00        	unimp	
     16c: 3d 00        	c.nop	15
     16e: 00 00        	unimp	
     170: 02 03        	c.slli64	t1
     172: 38 00        	addi	a4, sp, 8
     174: 00 00        	unimp	
     176: 00 3a        	fld	fs0, 48(a2)
     178: 80 80        	<unknown>
     17a: 80 80        	<unknown>
     17c: 80 80        	<unknown>
     17e: 80 f8        	sd	s0, 48(s1)
     180: 3f 03 3d 00  	<unknown>
     184: 00 00        	unimp	
     186: 04 04        	addi	s1, sp, 512
     188: 04 08        	addi	s1, sp, 16
     18a: 02 05        	c.slli64	a0
     18c: 38 00        	addi	a4, sp, 8
     18e: 00 00        	unimp	
     190: 00 3b        	fld	fs0, 48(a4)
     192: cc aa        	fsd	fa1, 144(a3)
     194: d5 aa        	j	0x388 <.debug_info+0x388>
     196: d5 aa        	j	0x38a <.debug_info+0x38a>
     198: d5 d2        	beqz	a3, 0x13c <.debug_info+0x13c>
     19a: 3f 02 06 38  	<unknown>
     19e: 00 00        	unimp	
     1a0: 00 00        	unimp	
     1a2: 3c f7        	sd	a5, 104(a4)
     1a4: a2 85        	mv	a1, s0
     1a6: b6 c1        	sw	a3, 192(sp)
     1a8: ad b0        	j	0xfffffffffffffa12 <timer+0xffffffff7fffaa12>
     1aa: ab bf 01 02  	<unknown>
     1ae: 07 38 00 00  	fld	fa6, 0(zero)
     1b2: 00 00        	unimp	
     1b4: 3d 90        	srli	s0, s0, 47
     1b6: ab ac ce 81  	<unknown>
     1ba: b4 80        	<unknown>
     1bc: fd 3e        	addiw	t4, t4, -1
     1be: 02 08        	c.slli64	a6
     1c0: 38 00        	addi	a4, sp, 8
     1c2: 00 00        	unimp	
     1c4: 00 3e        	fld	fs0, 56(a2)
     1c6: ad a5        	j	0x830 <.debug_info+0x830>
     1c8: f1 84        	srai	s1, s1, 28
     1ca: f8 c9        	sw	a4, 84(a1)
     1cc: 9f c9 be 01  	<unknown>
     1d0: 02 09        	c.slli64	s2
     1d2: 38 00        	addi	a4, sp, 8
     1d4: 00 00        	unimp	
     1d6: 00 3f        	fld	fs0, 56(a4)
     1d8: c4 e3        	sd	s1, 128(a5)
     1da: d2 ed        	sd	s4, 216(sp)
     1dc: eb d3 fb 90  	<unknown>
     1e0: 3e 02        	slli	tp, tp, 15
     1e2: 0a 38        	fld	fa6, 160(sp)
     1e4: 00 00        	unimp	
     1e6: 00 00        	unimp	
     1e8: 40 d4        	sw	s0, 44(s0)
     1ea: f1 a0        	j	0x2b6 <.debug_info+0x2b6>
     1ec: f4 9b        	<unknown>
     1ee: dd be        	j	0xfffffffffffffde4 <timer+0xffffffff7fffade4>
     1f0: d4 bd        	fsd	fa3, 184(a1)
     1f2: 01 04        	mv	s0, s0
     1f4: 0b 05 04 05  	<unknown>
     1f8: 00 0e        	addi	s0, sp, 784
     1fa: 01 00        	nop
     1fc: 00 01        	addi	s0, sp, 128
     1fe: 52 0c        	slli	s8, s8, 20
     200: 00 43        	lw	s0, 0(a4)
     202: 3d 00        	c.nop	15
     204: 00 00        	unimp	
     206: 06 00        	c.slli	zero, 1
     208: 0d 00        	c.nop	3
     20a: 43 3d 00 00  	fmadd.s	fs10, ft0, ft0, ft0, rup
     20e: 00 07        	addi	s0, sp, 896
     210: 02 90        	ebreak	
     212: 2b 0e 00 43  	<unknown>
     216: 3d 00        	c.nop	15
     218: 00 00        	unimp	
     21a: 08 01        	addi	a0, sp, 128
     21c: 17 00 4a 63  	auipc	zero, 406688
     220: 01 00        	nop
     222: 00 08        	addi	s0, sp, 16
     224: 02 19        	slli	s2, s2, 32
     226: 00 49        	lw	s0, 16(a0)
     228: 3d 00        	c.nop	15
     22a: 00 00        	unimp	
     22c: 08 03        	addi	a0, sp, 384
     22e: 1a 00        	c.slli	zero, 6
     230: 49 3d        	addiw	s10, s10, -14
     232: 00 00        	unimp	
     234: 00 08        	addi	s0, sp, 16
     236: 04 1b        	addi	s1, sp, 432
     238: 00 49        	lw	s0, 16(a0)
     23a: 3d 00        	c.nop	15
     23c: 00 00        	unimp	
     23e: 08 05        	addi	a0, sp, 640
     240: 1c 00        	<unknown>
     242: 49 3d        	addiw	s10, s10, -14
     244: 00 00        	unimp	
     246: 00 08        	addi	s0, sp, 16
     248: 06 1d        	slli	s10, s10, 33
     24a: 00 49        	lw	s0, 16(a0)
     24c: 3d 00        	c.nop	15
     24e: 00 00        	unimp	
     250: 09 00        	c.nop	2
     252: 04 00        	<unknown>
     254: 00 00        	unimp	
     256: 0a 02        	slli	tp, tp, 2
     258: 90 2a        	fld	fa2, 16(a3)
     25a: 0f 00 4b 1a  	<unknown>
     25e: 01 00        	nop
     260: 00 00        	unimp	
     262: 00 0b        	addi	s0, sp, 400
     264: 23 01 00 00  	sb	zero, 2(zero)
     268: 16 01        	slli	sp, sp, 5
     26a: 24 01        	addi	s1, sp, 136
     26c: 0c 08        	addi	a1, sp, 16
     26e: 01 1c        	addi	s8, s8, -32
     270: 01 0d        	mv	s10, s10
     272: 10 3d        	fld	fa2, 56(a0)
     274: 00 00        	unimp	
     276: 00 01        	addi	s0, sp, 128
     278: 1e 01        	slli	sp, sp, 7
     27a: 00 0d        	addi	s0, sp, 656
     27c: 11 3c        	addiw	s8, s8, -28
     27e: 01 00        	nop
     280: 00 01        	addi	s0, sp, 128
     282: 23 01 00 0e  	sb	zero, 226(zero)
     286: 08 01        	addi	a0, sp, 128
     288: 1f 01 0d 12  	<unknown>
     28c: 57 01 00 00  	vadd.vv	v2, v0, v0, v0.t
     290: 01 21        	sext.w	sp, sp
     292: 01 00        	nop
     294: 0d 15        	addi	a0, a0, -29
     296: 57 01 00 00  	vadd.vv	v2, v0, v0, v0.t
     29a: 01 22        	sext.w	tp, tp
     29c: 01 04        	mv	s0, s0
     29e: 00 00        	unimp	
     2a0: 0f 5f 01 00  	<unknown>
     2a4: 00 14        	addi	s0, sp, 544
     2a6: 02 4f        	lw	t5, 0(sp)
     2a8: 04 13        	addi	s1, sp, 416
     2aa: 07 04 0f aa  	vlsseg6e8.v	v8, (t5), zero
     2ae: 00 00        	unimp	
     2b0: 00 18        	addi	s0, sp, 48
     2b2: 02 4d        	lw	s10, 0(sp)
     2b4: 00 ba        	fsd	fs0, 48(a2)
     2b6: 02 00        	c.slli64	zero
     2b8: 00 05        	addi	s0, sp, 640
     2ba: 00 01        	addi	s0, sp, 128
     2bc: 08 ee        	sd	a0, 24(a2)
     2be: 01 00        	nop
     2c0: 00 01        	addi	s0, sp, 128
     2c2: 00 0c        	addi	s0, sp, 528
     2c4: 00 01        	addi	s0, sp, 128
     2c6: f0 00        	addi	a2, sp, 76
     2c8: 00 00        	unimp	
     2ca: 31 03        	addi	t1, t1, 12
     2cc: 00 00        	unimp	
     2ce: 02 02        	c.slli64	tp
     2d0: 10 03        	addi	a2, sp, 384
     2d2: 00 00        	unimp	
     2d4: 58 00        	addi	a4, sp, 4
     2d6: 00 00        	unimp	
     2d8: 0c 00        	<unknown>
     2da: 00 00        	unimp	
     2dc: cd 00        	addi	ra, ra, 19
     2de: 00 00        	unimp	
     2e0: 02 16        	slli	a2, a2, 32
     2e2: 07 08 02 15  	<unknown>
     2e6: 07 04 03 03  	vle8ff.v	v8, (t1)
     2ea: 44 00        	addi	s1, sp, 4
     2ec: 00 00        	unimp	
     2ee: 00 4e        	lw	s0, 24(a2)
     2f0: 80 80        	<unknown>
     2f2: 80 a2        	fsd	fs0, 0(a3)
     2f4: b5 bf        	j	0x270 <.debug_info+0x270>
     2f6: c8 fc        	sd	a0, 184(s1)
     2f8: 3f 04 49 00  	<unknown>
     2fc: 00 00        	unimp	
     2fe: 02 04        	c.slli64	s0
     300: 04 08        	addi	s1, sp, 16
     302: 03 05 44 00  	lb	a0, 4(s0)
     306: 00 00        	unimp	
     308: 00 4f        	lw	s0, 24(a4)
     30a: b1 c6        	beqz	a3, 0x356 <.debug_info+0x356>
     30c: 89 d3        	beqz	a5, 0x20e <.debug_info+0x20e>
     30e: 91 8c        	sub	s1, s1, a2
     310: ad e8        	bnez	s1, 0x382 <.debug_info+0x382>
     312: 3d 03        	addi	t1, t1, 15
     314: 06 44        	lw	s0, 64(sp)
     316: 00 00        	unimp	
     318: 00 00        	unimp	
     31a: 50 80        	<unknown>
     31c: 80 80        	<unknown>
     31e: d3 91 8c ad  	<unknown>
     322: e8 3d        	fld	fa0, 248(a1)
     324: 03 07 44 00  	lb	a4, 4(s0)
     328: 00 00        	unimp	
     32a: 00 51        	lw	s0, 32(a0)
     32c: f3 e0 8d f0  	csrrsi	ra, 3848, 27
     330: a2 b1        	fsd	fs0, 224(sp)
     332: c6 d1        	sw	a7, 224(sp)
     334: 3b 03 08 44  	<unknown>
     338: 00 00        	unimp	
     33a: 00 00        	unimp	
     33c: 4d 83        	srli	a4, a4, 19
     33e: 91 a7        	j	0xa82 <.debug_info+0xa82>
     340: ee 86        	mv	a3, s11
     342: e6 97        	add	a5, a5, s9
     344: f2 3f        	fld	ft11, 312(sp)
     346: 03 09 44 00  	lb	s2, 4(s0)
     34a: 00 00        	unimp	
     34c: 00 4b        	lw	s0, 16(a4)
     34e: 80 80        	<unknown>
     350: 80 80        	<unknown>
     352: 80 80        	<unknown>
     354: 80 f0        	sd	s0, 32(s1)
     356: 3f 03 0a 44  	<unknown>
     35a: 00 00        	unimp	
     35c: 00 00        	unimp	
     35e: 52 80        	c.mv	zero, s4
     360: 80 80        	<unknown>
     362: f0 a2        	fsd	fa2, 192(a3)
     364: b1 c6        	beqz	a3, 0x3b0 <.debug_info+0x3b0>
     366: d1 3b        	addiw	s7, s7, -12
     368: 03 0b 44 00  	lb	s6, 4(s0)
     36c: 00 00        	unimp	
     36e: 00 53        	lw	s0, 32(a4)
     370: c1 93        	srli	a5, a5, 48
     372: 81 a9        	j	0x7c2 <.debug_info+0x7c2>
     374: a2 f3        	sd	s0, 480(sp)
     376: e0 bd        	fsd	fs0, 248(a1)
     378: 39 03        	addi	t1, t1, 14
     37a: 0c 44        	lw	a1, 8(s0)
     37c: 00 00        	unimp	
     37e: 00 00        	unimp	
     380: 4c 80        	<unknown>
     382: 80 80        	<unknown>
     384: 80 80        	<unknown>
     386: 80 80        	<unknown>
     388: b8 41        	lw	a4, 64(a1)
     38a: 03 0d 44 00  	lb	s10, 4(s0)
     38e: 00 00        	unimp	
     390: 00 4a        	lw	s0, 16(a2)
     392: 00 05        	addi	s0, sp, 640
     394: 0e e9        	sd	gp, 144(sp)
     396: 00 00        	unimp	
     398: 00 00        	unimp	
     39a: 2f 02 a1 00  	<unknown>
     39e: 06 f5        	sd	ra, 168(sp)
     3a0: 00 00        	unimp	
     3a2: 00 07        	addi	s0, sp, 896
     3a4: 06 01        	slli	sp, sp, 1
     3a6: 00 00        	unimp	
     3a8: 20 00        	addi	s0, sp, 8
     3aa: 04 fa        	sd	s1, 48(a2)
     3ac: 00 00        	unimp	
     3ae: 00 08        	addi	s0, sp, 16
     3b0: 02 01        	c.slli64	sp
     3b2: 00 00        	unimp	
     3b4: 10 01        	addi	a2, sp, 128
     3b6: 4d 02        	addi	tp, tp, 19
     3b8: 0f 05 04 09  	<unknown>
     3bc: 11 08        	addi	a6, a6, 4
     3be: 07 05 12 15  	<unknown>
     3c2: 01 00        	nop
     3c4: 00 00        	unimp	
     3c6: 1d 02        	addi	tp, tp, 7
     3c8: a1 01        	addi	gp, gp, 8
     3ca: 06 f5        	sd	ra, 168(sp)
     3cc: 00 00        	unimp	
     3ce: 00 07        	addi	s0, sp, 896
     3d0: 06 01        	slli	sp, sp, 1
     3d2: 00 00        	unimp	
     3d4: 42 00        	c.slli	zero, 16
     3d6: 0a 02        	slli	tp, tp, 2
     3d8: 10 03        	addi	a2, sp, 384
     3da: 00 00        	unimp	
     3dc: 01 52        	li	tp, -32
     3de: 17 00 56 fa  	auipc	zero, 1025376
     3e2: 00 00        	unimp	
     3e4: 00 0b        	addi	s0, sp, 400
     3e6: 00 19        	addi	s0, sp, 176
     3e8: 00 56        	lw	s0, 40(a2)
     3ea: 49 00        	c.nop	18
     3ec: 00 00        	unimp	
     3ee: 0b 01 1a 00  	<unknown>
     3f2: 56 5e        	lw	t3, 116(sp)
     3f4: 02 00        	c.slli64	zero
     3f6: 00 0c        	addi	s0, sp, 528
     3f8: 02 91        	jalr	sp
     3fa: 08 18        	addi	a0, sp, 48
     3fc: 00 5d        	lw	s0, 56(a0)
     3fe: 68 02        	addi	a0, sp, 268
     400: 00 00        	unimp	
     402: 0d 02        	addi	tp, tp, 3
     404: 1b 00 5c 49  	addiw	zero, s8, 1173
     408: 00 00        	unimp	
     40a: 00 0d        	addi	s0, sp, 656
     40c: 04 24        	fld	fs1, 8(s0)
     40e: 00 5e        	lw	s0, 56(a2)
     410: fa 00        	slli	ra, ra, 30
     412: 00 00        	unimp	
     414: 0d 05        	addi	a0, a0, 3
     416: 25 00        	c.nop	9
     418: 5e fa        	sd	s7, 304(sp)
     41a: 00 00        	unimp	
     41c: 00 0d        	addi	s0, sp, 656
     41e: 06 26        	fld	fa2, 64(sp)
     420: 00 5c        	lw	s0, 56(s0)
     422: 49 00        	c.nop	18
     424: 00 00        	unimp	
     426: 0d 07        	addi	a4, a4, 3
     428: 27 00 5e fa  	<unknown>
     42c: 00 00        	unimp	
     42e: 00 0d        	addi	s0, sp, 656
     430: 08 28        	fld	fa0, 16(s0)
     432: 00 5c        	lw	s0, 56(s0)
     434: 49 00        	c.nop	18
     436: 00 00        	unimp	
     438: 0d 09        	addi	s2, s2, 3
     43a: 29 00        	c.nop	10
     43c: 5c 49        	lw	a5, 20(a0)
     43e: 00 00        	unimp	
     440: 00 0d        	addi	s0, sp, 656
     442: 0a 2a        	fld	fs4, 128(sp)
     444: 00 5c        	lw	s0, 56(s0)
     446: 49 00        	c.nop	18
     448: 00 00        	unimp	
     44a: 0d 0b        	addi	s6, s6, 3
     44c: 2b 00 5e fa  	<unknown>
     450: 00 00        	unimp	
     452: 00 0d        	addi	s0, sp, 656
     454: 0d 2d        	addiw	s10, s10, 3
     456: 00 5e        	lw	s0, 56(a2)
     458: fa 00        	slli	ra, ra, 30
     45a: 00 00        	unimp	
     45c: 0d 0f        	addi	t5, t5, 3
     45e: 2f 00 60 b1  	<unknown>
     462: 02 00        	c.slli64	zero
     464: 00 0d        	addi	s0, sp, 656
     466: 11 31        	addiw	sp, sp, -28
     468: 00 5f        	lw	s0, 56(a4)
     46a: 02 01        	c.slli64	sp
     46c: 00 00        	unimp	
     46e: 0d 12        	addi	tp, tp, -29
     470: 32 00        	c.slli	zero, 12
     472: 5f 02 01 00  	<unknown>
     476: 00 0e        	addi	s0, sp, 784
     478: 00 0d        	addi	s0, sp, 656
     47a: 03 1c 00 62  	lh	s8, 1568(zero)
     47e: 74 02        	addi	a3, sp, 268
     480: 00 00        	unimp	
     482: 00 0f        	addi	s0, sp, 912
     484: 03 8c 00 00  	lb	s8, 0(ra)
     488: 00 0d        	addi	s0, sp, 656
     48a: 0c 2c        	fld	fa1, 24(s0)
     48c: 00 88        	<unknown>
     48e: b1 02        	addi	t0, t0, 12
     490: 00 00        	unimp	
     492: 0f 04 04 00  	<unknown>
     496: 00 00        	unimp	
     498: 10 1c        	addi	a2, sp, 560
     49a: 00 8b        	<unknown>
     49c: 74 02        	addi	a3, sp, 268
     49e: 00 00        	unimp	
     4a0: 00 0f        	addi	s0, sp, 912
     4a2: 05 04        	addi	s0, s0, 1
     4a4: 00 00        	unimp	
     4a6: 00 10        	addi	s0, sp, 32
     4a8: 1c 00        	<unknown>
     4aa: 93 74 02 00  	andi	s1, tp, 0
     4ae: 00 00        	unimp	
     4b0: 00 0f        	addi	s0, sp, 912
     4b2: 06 06        	slli	a2, a2, 1
     4b4: 00 00        	unimp	
     4b6: 00 0d        	addi	s0, sp, 656
     4b8: 0e 2e        	fld	ft8, 192(sp)
     4ba: 00 aa        	fsd	fs0, 16(a2)
     4bc: 74 02        	addi	a3, sp, 268
     4be: 00 00        	unimp	
     4c0: 00 0f        	addi	s0, sp, 912
     4c2: 07 10 00 00  	<unknown>
     4c6: 00 0d        	addi	s0, sp, 656
     4c8: 10 30        	fld	fa2, 32(s0)
     4ca: 00 ac        	fsd	fs0, 24(s0)
     4cc: 74 02        	addi	a3, sp, 268
     4ce: 00 00        	unimp	
     4d0: 00 11        	addi	s0, sp, 160
     4d2: 29 02        	addi	tp, tp, 10
     4d4: 00 00        	unimp	
     4d6: 08 11        	addi	a0, sp, 160
     4d8: 37 02 00 00  	lui	tp, 0
     4dc: 09 00        	c.nop	2
     4de: 12 13        	slli	t1, t1, 36
     4e0: 02 5e        	lw	t3, 32(sp)
     4e2: 49 00        	c.nop	18
     4e4: 00 00        	unimp	
     4e6: 13 49 00 00  	xori	s2, zero, 0
     4ea: 00 00        	unimp	
     4ec: 12 14        	slli	s0, s0, 36
     4ee: 03 ba 02 01  	ld	s4, 16(t0)
     4f2: 00 00        	unimp	
     4f4: 13 5e 02 00  	srli	t3, tp, 0
     4f8: 00 13        	addi	s0, sp, 416
     4fa: 5e 02        	slli	tp, tp, 23
     4fc: 00 00        	unimp	
     4fe: 13 02 01 00  	mv	tp, sp
     502: 00 13        	addi	s0, sp, 416
     504: 02 01        	c.slli64	sp
     506: 00 00        	unimp	
     508: 13 02 01 00  	mv	tp, sp
     50c: 00 13        	addi	s0, sp, 416
     50e: 63 02 00 00  	beqz	zero, 0x512 <.debug_info+0x512>
     512: 00 14        	addi	s0, sp, 544
     514: 49 00        	c.nop	18
     516: 00 00        	unimp	
     518: 14 f5        	sd	a3, 40(a0)
     51a: 00 00        	unimp	
     51c: 00 06        	addi	s0, sp, 768
     51e: 49 00        	c.nop	18
     520: 00 00        	unimp	
     522: 07 06 01 00  	vle8.v	v12, (sp), v0.t
     526: 00 03        	addi	s0, sp, 384
     528: 00 15        	addi	s0, sp, 672
     52a: 7d 02        	addi	tp, tp, 31
     52c: 00 00        	unimp	
     52e: 23 03 24 01  	sb	s2, 6(s0)
     532: 16 08        	slli	a6, a6, 5
     534: 03 1c 01 17  	lh	s8, 368(sp)
     538: 1d 49        	li	s2, 7
     53a: 00 00        	unimp	
     53c: 00 03        	addi	s0, sp, 384
     53e: 1e 01        	slli	sp, sp, 7
     540: 00 17        	addi	s0, sp, 928
     542: 1e 96        	add	a2, a2, t2
     544: 02 00        	c.slli64	zero
     546: 00 03        	addi	s0, sp, 384
     548: 23 01 00 18  	sb	zero, 386(zero)
     54c: 08 03        	addi	a0, sp, 384
     54e: 1f 01 17 1f  	<unknown>
     552: b1 02        	addi	t0, t0, 12
     554: 00 00        	unimp	
     556: 03 21 01 00  	lw	sp, 0(sp)
     55a: 17 22 b1 02  	auipc	tp, 11026
     55e: 00 00        	unimp	
     560: 03 22 01 04  	lw	tp, 64(sp)
     564: 00 00        	unimp	
     566: 08 b9        	fsd	fa0, 48(a0)
     568: 02 00        	c.slli64	zero
     56a: 00 21        	fld	fs0, 0(a0)
     56c: 01 4f        	li	t5, 0
     56e: 02 20        	fld	ft0, 0(sp)
     570: 07 04 00 19  	<unknown>
     574: 02 00        	c.slli64	zero
     576: 00 05        	addi	s0, sp, 640
     578: 00 01        	addi	s0, sp, 128
     57a: 08 22        	fld	fa0, 0(a2)
     57c: 03 00 00 01  	lb	zero, 16(zero)
     580: 00 0c        	addi	s0, sp, 528
     582: 00 01        	addi	s0, sp, 128
     584: c4 01        	addi	s1, sp, 196
     586: 00 00        	unimp	
     588: 21 08        	addi	a6, a6, 8
     58a: 00 00        	unimp	
     58c: 02 02        	c.slli64	tp
     58e: c2 06        	slli	a3, a3, 16
     590: 00 00        	unimp	
     592: b0 00        	addi	a2, sp, 72
     594: 00 00        	unimp	
     596: 25 03        	addi	t1, t1, 9
     598: 00 00        	unimp	
     59a: 02 0f        	c.slli64	t5
     59c: 05 08        	addi	a6, a6, 1
     59e: 03 03 34 00  	lb	t1, 3(s0)
     5a2: 00 00        	unimp	
     5a4: 00 a0        	fsd	fs0, 0(s0)
     5a6: 00 04        	addi	s0, sp, 512
     5a8: 39 00        	c.nop	14
     5aa: 00 00        	unimp	
     5ac: 02 04        	c.slli64	s0
     5ae: 04 08        	addi	s1, sp, 16
     5b0: 03 05 34 00  	lb	a0, 3(s0)
     5b4: 00 00        	unimp	
     5b6: 00 a3        	fsd	fs0, 0(a4)
     5b8: 80 80        	<unknown>
     5ba: 80 80        	<unknown>
     5bc: 80 80        	<unknown>
     5be: 80 b8        	fsd	fs0, 48(s1)
     5c0: 3e 03        	slli	t1, t1, 15
     5c2: 06 34        	fld	fs0, 96(sp)
     5c4: 00 00        	unimp	
     5c6: 00 00        	unimp	
     5c8: a2 80        	mv	ra, s0
     5ca: 80 80        	<unknown>
     5cc: 80 80        	<unknown>
     5ce: 80 80        	<unknown>
     5d0: b8 41        	lw	a4, 64(a1)
     5d2: 03 07 34 00  	lb	a4, 3(s0)
     5d6: 00 00        	unimp	
     5d8: 00 a1        	fsd	fs0, 0(a0)
     5da: 80 80        	<unknown>
     5dc: 80 80        	<unknown>
     5de: 80 80        	<unknown>
     5e0: 80 f8        	sd	s0, 48(s1)
     5e2: 3f 05 08 7b  	<unknown>
     5e6: 00 00        	unimp	
     5e8: 00 00        	unimp	
     5ea: 87 02 a1 00  	<unknown>
     5ee: 06 87        	mv	a4, ra
     5f0: 00 00        	unimp	
     5f2: 00 07        	addi	s0, sp, 896
     5f4: 90 00        	addi	a2, sp, 64
     5f6: 00 00        	unimp	
     5f8: 04 00        	<unknown>
     5fa: 04 8c        	<unknown>
     5fc: 00 00        	unimp	
     5fe: 00 02        	addi	s0, sp, 256
     600: 09 05        	addi	a0, a0, 2
     602: 04 08        	addi	s1, sp, 16
     604: 0a 08        	slli	a6, a6, 2
     606: 07 05 0b 9f  	<unknown>
     60a: 00 00        	unimp	
     60c: 00 00        	unimp	
     60e: 8d 02        	addi	t0, t0, 3
     610: a1 01        	addi	gp, gp, 8
     612: 06 34        	fld	fs0, 96(sp)
     614: 00 00        	unimp	
     616: 00 07        	addi	s0, sp, 896
     618: 90 00        	addi	a2, sp, 64
     61a: 00 00        	unimp	
     61c: 08 00        	<unknown>
     61e: 09 8c        	sub	s0, s0, a0
     620: 00 00        	unimp	
     622: 00 0c        	addi	s0, sp, 528
     624: 01 4d        	li	s10, 0
     626: 0a 02        	slli	tp, tp, 2
     628: c2 06        	slli	a3, a3, 16
     62a: 00 00        	unimp	
     62c: 01 52        	li	tp, -32
     62e: 10 00        	<unknown>
     630: a6 8c        	mv	s9, s1
     632: 00 00        	unimp	
     634: 00 0b        	addi	s0, sp, 400
     636: 00 15        	addi	s0, sp, 672
     638: 00 a6        	fsd	fs0, 8(a2)
     63a: 0d 02        	addi	tp, tp, 3
     63c: 00 00        	unimp	
     63e: 0b 01 16 00  	<unknown>
     642: a6 0d        	slli	s11, s11, 9
     644: 02 00        	c.slli64	zero
     646: 00 0b        	addi	s0, sp, 400
     648: 02 17        	slli	a4, a4, 32
     64a: 00 a6        	fsd	fs0, 8(a2)
     64c: 8c 00        	addi	a1, sp, 64
     64e: 00 00        	unimp	
     650: 0b 03 18 00  	<unknown>
     654: a6 8c        	mv	s9, s1
     656: 00 00        	unimp	
     658: 00 0b        	addi	s0, sp, 400
     65a: 04 19        	addi	s1, sp, 176
     65c: 00 a6        	fsd	fs0, 8(a2)
     65e: 8c 00        	addi	a1, sp, 64
     660: 00 00        	unimp	
     662: 0b 05 1a 00  	<unknown>
     666: a6 12        	slli	t0, t0, 41
     668: 02 00        	c.slli64	zero
     66a: 00 0c        	addi	s0, sp, 528
     66c: 03 91 a8 04  	lh	sp, 74(a7)
     670: 11 00        	c.nop	4
     672: ac f5        	sd	a1, 104(a1)
     674: 01 00        	nop
     676: 00 0c        	addi	s0, sp, 528
     678: 03 91 88 03  	lh	sp, 56(a7)
     67c: 12 00        	c.slli	zero, 4
     67e: ad 01        	addi	gp, gp, 11
     680: 02 00        	c.slli64	zero
     682: 00 0c        	addi	s0, sp, 528
     684: 03 91 e8 01  	lh	sp, 30(a7)
     688: 13 00 ad 01  	addi	zero, s10, 26
     68c: 02 00        	c.slli64	zero
     68e: 00 0c        	addi	s0, sp, 528
     690: 03 91 c8 00  	lh	sp, 12(a7)
     694: 14 00        	<unknown>
     696: ad 01        	addi	gp, gp, 11
     698: 02 00        	c.slli64	zero
     69a: 00 0d        	addi	s0, sp, 656
     69c: 06 1b        	slli	s6, s6, 33
     69e: 00 ac        	fsd	fs0, 24(s0)
     6a0: ab 00 00 00  	<unknown>
     6a4: 0d 07        	addi	a4, a4, 3
     6a6: 1c 00        	<unknown>
     6a8: ac ab        	fsd	fa1, 80(a5)
     6aa: 00 00        	unimp	
     6ac: 00 0d        	addi	s0, sp, 656
     6ae: 08 1d        	addi	a0, sp, 688
     6b0: 00 ac        	fsd	fs0, 24(s0)
     6b2: ab 00 00 00  	<unknown>
     6b6: 0d 09        	addi	s2, s2, 3
     6b8: 1e 00        	c.slli	zero, 7
     6ba: ac ab        	fsd	fa1, 80(a5)
     6bc: 00 00        	unimp	
     6be: 00 0d        	addi	s0, sp, 656
     6c0: 0a 1f        	slli	t5, t5, 34
     6c2: 00 ac        	fsd	fs0, 24(s0)
     6c4: ab 00 00 00  	<unknown>
     6c8: 0d 0b        	addi	s6, s6, 3
     6ca: 20 00        	addi	s0, sp, 8
     6cc: ac ab        	fsd	fa1, 80(a5)
     6ce: 00 00        	unimp	
     6d0: 00 0d        	addi	s0, sp, 656
     6d2: 0c 21        	fld	fa1, 0(a0)
     6d4: 00 ac        	fsd	fs0, 24(s0)
     6d6: ab 00 00 00  	<unknown>
     6da: 0d 0d        	addi	s10, s10, 3
     6dc: 22 00        	c.slli	zero, 8
     6de: ac ab        	fsd	fa1, 80(a5)
     6e0: 00 00        	unimp	
     6e2: 00 0d        	addi	s0, sp, 656
     6e4: 0e 23        	fld	ft6, 192(sp)
     6e6: 00 ad        	fsd	fs0, 24(a0)
     6e8: 39 00        	c.nop	14
     6ea: 00 00        	unimp	
     6ec: 0d 0f        	addi	t5, t5, 3
     6ee: 24 00        	addi	s1, sp, 8
     6f0: ac ab        	fsd	fa1, 80(a5)
     6f2: 00 00        	unimp	
     6f4: 00 0d        	addi	s0, sp, 656
     6f6: 10 25        	fld	fa2, 8(a0)
     6f8: 00 ad        	fsd	fs0, 24(a0)
     6fa: 39 00        	c.nop	14
     6fc: 00 00        	unimp	
     6fe: 0d 11        	addi	sp, sp, -29
     700: 26 00        	c.slli	zero, 9
     702: ac ab        	fsd	fa1, 80(a5)
     704: 00 00        	unimp	
     706: 00 0d        	addi	s0, sp, 656
     708: 12 27        	fld	fa4, 256(sp)
     70a: 00 ac        	fsd	fs0, 24(s0)
     70c: ab 00 00 00  	<unknown>
     710: 0d 13        	addi	t1, t1, -29
     712: 28 00        	addi	a0, sp, 8
     714: ac ab        	fsd	fa1, 80(a5)
     716: 00 00        	unimp	
     718: 00 0d        	addi	s0, sp, 656
     71a: 14 29        	fld	fa3, 16(a0)
     71c: 00 ac        	fsd	fs0, 24(s0)
     71e: ab 00 00 00  	<unknown>
     722: 0e 2a        	fld	fs4, 192(sp)
     724: 00 c3        	sw	s0, 0(a4)
     726: 08 0f        	addi	a0, sp, 912
     728: d3 01 00 00  	fadd.s	ft3, ft0, ft0, rne
     72c: 03 0f e7 01  	lb	t5, 30(a4)
     730: 00 00        	unimp	
     732: 04 0f        	addi	s1, sp, 912
     734: d3 01 00 00  	fadd.s	ft3, ft0, ft0, rne
     738: 05 0f        	addi	t5, t5, 1
     73a: d3 01 00 00  	fadd.s	ft3, ft0, ft0, rne
     73e: 06 0f        	slli	t5, t5, 1
     740: d3 01 00 00  	fadd.s	ft3, ft0, ft0, rne
     744: 07 00 10 0d  	vloxei8.v	v0, (zero), v17, v0.t
     748: 02 49        	lw	s2, 0(sp)
     74a: 01 39        	addiw	s2, s2, -32
     74c: 00 00        	unimp	
     74e: 00 11        	addi	s0, sp, 160
     750: 39 00        	c.nop	14
     752: 00 00        	unimp	
     754: 11 8c        	sub	s0, s0, a2
     756: 00 00        	unimp	
     758: 00 00        	unimp	
     75a: 12 0e        	slli	t3, t3, 4
     75c: 02 5f        	lw	t5, 32(sp)
     75e: 39 00        	c.nop	14
     760: 00 00        	unimp	
     762: 11 39        	addiw	s2, s2, -28
     764: 00 00        	unimp	
     766: 00 00        	unimp	
     768: 06 ab        	fsd	ft1, 400(sp)
     76a: 00 00        	unimp	
     76c: 00 07        	addi	s0, sp, 896
     76e: 90 00        	addi	a2, sp, 64
     770: 00 00        	unimp	
     772: 14 00        	<unknown>
     774: 06 39        	fld	fs2, 96(sp)
     776: 00 00        	unimp	
     778: 00 07        	addi	s0, sp, 896
     77a: 90 00        	addi	a2, sp, 64
     77c: 00 00        	unimp	
     77e: 14 00        	<unknown>
     780: 13 39 00 00  	sltiu	s2, zero, 0
     784: 00 13        	addi	s0, sp, 416
     786: 17 02 00 00  	auipc	tp, 0
     78a: 04 ab        	fsd	fs1, 16(a4)
     78c: 00 00        	unimp	
     78e: 00 00        	unimp	
     790: 67 01 00 00  	jalr	sp, zero
     794: 05 00        	c.nop	1
     796: 01 08        	mv	a6, a6
     798: 25 04        	addi	s0, s0, 9
     79a: 00 00        	unimp	
     79c: 01 00        	nop
     79e: 0c 00        	<unknown>
     7a0: 01 78        	lui	a6, 1048544
     7a2: 02 00        	c.slli64	zero
     7a4: 00 e6        	sd	s0, 8(a2)
     7a6: 10 00        	<unknown>
     7a8: 00 02        	addi	s0, sp, 256
     7aa: 00 b6        	fsd	fs0, 40(a2)
     7ac: 00 00        	unimp	
     7ae: 00 00        	unimp	
     7b0: 01 00        	nop
     7b2: 00 cd        	sw	s0, 24(a0)
     7b4: 08 00        	<unknown>
     7b6: 00 02        	addi	s0, sp, 256
     7b8: 0d 07        	addi	a4, a4, 3
     7ba: 08 02        	addi	a0, sp, 256
     7bc: 0c 07        	addi	a1, sp, 896
     7be: 04 03        	addi	s1, sp, 384
     7c0: 03 40 00 00  	lbu	zero, 0(zero)
     7c4: 00 00        	unimp	
     7c6: 35 a6        	j	0xaf2 <.debug_info+0xaf2>
     7c8: f1 c3        	beqz	a5, 0x88c <.debug_info+0x88c>
     7ca: 88 91        	<unknown>
     7cc: a2 c4        	sw	s0, 72(sp)
     7ce: c0 3f        	fld	fs0, 184(a5)
     7d0: 04 45        	lw	s1, 8(a0)
     7d2: 00 00        	unimp	
     7d4: 00 02        	addi	s0, sp, 256
     7d6: 04 04        	addi	s1, sp, 512
     7d8: 08 03        	addi	a0, sp, 384
     7da: 05 40        	c.li	zero, 1
     7dc: 00 00        	unimp	
     7de: 00 00        	unimp	
     7e0: 36 d5        	sw	a3, 168(sp)
     7e2: c3 85 ce 81  	fmadd.s	fa1, ft9, ft8, fa6, rne
     7e6: b4 80        	<unknown>
     7e8: 95 bf        	j	0x75c <.debug_info+0x75c>
     7ea: 01 03        	mv	t1, t1
     7ec: 06 40        	<unknown>
     7ee: 00 00        	unimp	
     7f0: 00 00        	unimp	
     7f2: 37 fd fc c7  	lui	s10, 819151
     7f6: bd b5        	j	0x664 <.debug_info+0x664>
     7f8: bc c7        	sw	a5, 72(a5)
     7fa: e3 3e 03 07  	<unknown>
     7fe: 40 00        	addi	s0, sp, 4
     800: 00 00        	unimp	
     802: 00 38        	fld	fs0, 48(s0)
     804: eb b9 ae d1  	<unknown>
     808: e8 bc        	fsd	fa0, 248(s1)
     80a: b9 ad        	j	0xe68 <.debug_info+0xe68>
     80c: be 01        	slli	gp, gp, 15
     80e: 03 08 40 00  	lb	a6, 4(zero)
     812: 00 00        	unimp	
     814: 00 39        	fld	fs0, 48(a0)
     816: fc aa        	fsd	fa5, 208(a3)
     818: bf d6 a5 a7  	<unknown>
     81c: f6 f2        	sd	t4, 352(sp)
     81e: 3d 03        	addi	t1, t1, 15
     820: 09 40        	c.li	zero, 2
     822: 00 00        	unimp	
     824: 00 00        	unimp	
     826: 34 c9        	sw	a3, 80(a0)
     828: aa d5        	sw	a0, 232(sp)
     82a: aa d5        	sw	a0, 232(sp)
     82c: aa d5        	sw	a0, 232(sp)
     82e: e2 bf        	fsd	fs8, 504(sp)
     830: 01 03        	mv	t1, t1
     832: 0a 40        	<unknown>
     834: 00 00        	unimp	
     836: 00 00        	unimp	
     838: 33 80 80 80  	<unknown>
     83c: 80 80        	<unknown>
     83e: 80 80        	<unknown>
     840: f0 3f        	fld	fa2, 248(a5)
     842: 02 0b        	c.slli64	s6
     844: 05 04        	addi	s0, s0, 1
     846: 05 00        	c.nop	1
     848: b6 00        	slli	ra, ra, 13
     84a: 00 00        	unimp	
     84c: 01 52        	li	tp, -32
     84e: 0e 00        	c.slli	zero, 3
     850: 3c 45        	lw	a5, 72(a0)
     852: 00 00        	unimp	
     854: 00 06        	addi	s0, sp, 768
     856: 00 0f        	addi	s0, sp, 912
     858: 00 3c        	fld	fs0, 56(s0)
     85a: 45 00        	c.nop	17
     85c: 00 00        	unimp	
     85e: 07 02 90 2b  	vlsseg2e8.v	v4, (zero), s9
     862: 10 00        	<unknown>
     864: 3c 45        	lw	a5, 72(a0)
     866: 00 00        	unimp	
     868: 00 06        	addi	s0, sp, 768
     86a: 01 11        	addi	sp, sp, -32
     86c: 00 3c        	fld	fs0, 56(s0)
     86e: b2 00        	slli	ra, ra, 12
     870: 00 00        	unimp	
     872: 08 02        	addi	a0, sp, 256
     874: 1a 00        	c.slli	zero, 6
     876: 43 62 01 00  	<unknown>
     87a: 00 08        	addi	s0, sp, 16
     87c: 03 1c 00 42  	lh	s8, 1056(zero)
     880: 45 00        	c.nop	17
     882: 00 00        	unimp	
     884: 08 04        	addi	a0, sp, 512
     886: 1d 00        	c.nop	7
     888: 42 45        	lw	a0, 16(sp)
     88a: 00 00        	unimp	
     88c: 00 08        	addi	s0, sp, 16
     88e: 05 1e        	addi	t3, t3, -31
     890: 00 42        	lw	s0, 0(a2)
     892: 45 00        	c.nop	17
     894: 00 00        	unimp	
     896: 09 00        	c.nop	2
     898: 04 00        	<unknown>
     89a: 00 00        	unimp	
     89c: 0a 02        	slli	tp, tp, 2
     89e: 90 2a        	fld	fa2, 16(a3)
     8a0: 12 00        	c.slli	zero, 4
     8a2: 44 19        	addi	s1, sp, 180
     8a4: 01 00        	nop
     8a6: 00 00        	unimp	
     8a8: 00 0b        	addi	s0, sp, 400
     8aa: 22 01        	slli	sp, sp, 8
     8ac: 00 00        	unimp	
     8ae: 19 01        	addi	sp, sp, 6
     8b0: 24 01        	addi	s1, sp, 136
     8b2: 0c 08        	addi	a1, sp, 16
     8b4: 01 1c        	addi	s8, s8, -32
     8b6: 01 0d        	mv	s10, s10
     8b8: 13 45 00 00  	xori	a0, zero, 0
     8bc: 00 01        	addi	s0, sp, 128
     8be: 1e 01        	slli	sp, sp, 7
     8c0: 00 0d        	addi	s0, sp, 656
     8c2: 14 3b        	fld	fa3, 48(a4)
     8c4: 01 00        	nop
     8c6: 00 01        	addi	s0, sp, 128
     8c8: 23 01 00 0e  	sb	zero, 226(zero)
     8cc: 08 01        	addi	a0, sp, 128
     8ce: 1f 01 0d 15  	<unknown>
     8d2: 56 01        	slli	sp, sp, 21
     8d4: 00 00        	unimp	
     8d6: 01 21        	sext.w	sp, sp
     8d8: 01 00        	nop
     8da: 0d 18        	addi	a6, a6, -29
     8dc: 56 01        	slli	sp, sp, 21
     8de: 00 00        	unimp	
     8e0: 01 22        	sext.w	tp, tp
     8e2: 01 04        	mv	s0, s0
     8e4: 00 00        	unimp	
     8e6: 0f 5e 01 00  	<unknown>
     8ea: 00 17        	addi	s0, sp, 928
     8ec: 02 4f        	lw	t5, 0(sp)
     8ee: 02 16        	slli	a2, a2, 32
     8f0: 07 04 0f b2  	<unknown>
     8f4: 00 00        	unimp	
     8f6: 00 1b        	addi	s0, sp, 432
     8f8: 02 4d        	lw	s10, 0(sp)
     8fa: 00 03        	addi	s0, sp, 384
     8fc: 01 00        	nop
     8fe: 00 05        	addi	s0, sp, 640
     900: 00 01        	addi	s0, sp, 128
     902: 08 fe        	sd	a0, 56(a2)
     904: 04 00        	<unknown>
     906: 00 01        	addi	s0, sp, 128
     908: 00 0c        	addi	s0, sp, 528
     90a: 00 01        	addi	s0, sp, 128
     90c: fc 02        	addi	a5, sp, 332
     90e: 00 00        	unimp	
     910: 2b 12 00 00  	<unknown>
     914: 02 00        	c.slli64	zero
     916: 30 01        	addi	a2, sp, 136
     918: 00 00        	unimp	
     91a: 10 01        	addi	a2, sp, 128
     91c: 00 00        	unimp	
     91e: 5a 09        	slli	s2, s2, 22
     920: 00 00        	unimp	
     922: 02 08        	c.slli64	a6
     924: 07 08 02 07  	vluxei8.v	v16, (tp), v16
     928: 07 04 03 03  	vle8ff.v	v8, (t1)
     92c: 40 00        	addi	s0, sp, 4
     92e: 00 00        	unimp	
     930: 00 46        	lw	s0, 8(a2)
     932: 9c eb        	sd	a5, 16(a5)
     934: 81 c0        	beqz	s1, 0x934 <.debug_info+0x934>
     936: c8 87        	<unknown>
     938: f9 9b        	andi	a5, a5, -2
     93a: 7e 04        	slli	s0, s0, 31
     93c: 45 00        	c.nop	17
     93e: 00 00        	unimp	
     940: 02 04        	c.slli64	s0
     942: 04 08        	addi	s1, sp, 16
     944: 05 51        	li	sp, -31
     946: 00 00        	unimp	
     948: 00 06        	addi	s0, sp, 768
     94a: 01 4f        	li	t5, 0
     94c: 02 05        	c.slli64	a0
     94e: 07 04 06 00  	vle8.v	v8, (a2), v0.t
     952: 30 01        	addi	a2, sp, 136
     954: 00 00        	unimp	
     956: 01 52        	li	tp, -32
     958: 09 00        	c.nop	2
     95a: 4c 45        	lw	a1, 12(a0)
     95c: 00 00        	unimp	
     95e: 00 07        	addi	s0, sp, 896
     960: 00 0a        	addi	s0, sp, 272
     962: 00 4c        	lw	s0, 24(s0)
     964: 45 00        	c.nop	17
     966: 00 00        	unimp	
     968: 08 01        	addi	a0, sp, 128
     96a: 11 00        	c.nop	4
     96c: 52 fa        	sd	s4, 304(sp)
     96e: 00 00        	unimp	
     970: 00 08        	addi	s0, sp, 16
     972: 02 14        	slli	s0, s0, 32
     974: 00 52        	lw	s0, 32(a2)
     976: fa 00        	slli	ra, ra, 30
     978: 00 00        	unimp	
     97a: 08 03        	addi	a0, sp, 384
     97c: 15 00        	c.nop	5
     97e: 52 fa        	sd	s4, 304(sp)
     980: 00 00        	unimp	
     982: 00 08        	addi	s0, sp, 16
     984: 04 16        	addi	s1, sp, 800
     986: 00 53        	lw	s0, 32(a4)
     988: 49 00        	c.nop	18
     98a: 00 00        	unimp	
     98c: 08 05        	addi	a0, sp, 640
     98e: 17 00 53 49  	auipc	zero, 300336
     992: 00 00        	unimp	
     994: 00 09        	addi	s0, sp, 144
     996: 00 08        	addi	s0, sp, 16
     998: 00 00        	unimp	
     99a: 00 0a        	addi	s0, sp, 272
     99c: 02 90        	ebreak	
     99e: 2a 0b        	slli	s6, s6, 10
     9a0: 00 54        	lw	s0, 40(s0)
     9a2: bd 00        	addi	ra, ra, 15
     9a4: 00 00        	unimp	
     9a6: 00 09        	addi	s0, sp, 144
     9a8: 01 0c        	mv	s8, s8
     9aa: 00 00        	unimp	
     9ac: 00 08        	addi	s0, sp, 16
     9ae: 06 18        	slli	a6, a6, 33
     9b0: 00 77        	ld	s0, 40(a4)
     9b2: bd 00        	addi	ra, ra, 15
     9b4: 00 00        	unimp	
     9b6: 00 00        	unimp	
     9b8: 0b c6 00 00  	<unknown>
     9bc: 00 10        	addi	s0, sp, 32
     9be: 02 24        	fld	fs0, 0(sp)
     9c0: 01 0c        	mv	s8, s8
     9c2: 08 02        	addi	a0, sp, 256
     9c4: 1c 01        	addi	a5, sp, 128
     9c6: 0d 0c        	addi	s8, s8, 3
     9c8: 45 00        	c.nop	17
     9ca: 00 00        	unimp	
     9cc: 02 1e        	slli	t3, t3, 32
     9ce: 01 00        	nop
     9d0: 0d 0d        	addi	s10, s10, 3
     9d2: df 00 00 00  	<unknown>
     9d6: 02 23        	fld	ft6, 0(sp)
     9d8: 01 00        	nop
     9da: 0e 08        	slli	a6, a6, 3
     9dc: 02 1f        	slli	t5, t5, 32
     9de: 01 0d        	mv	s10, s10
     9e0: 0e 49        	lw	s2, 192(sp)
     9e2: 00 00        	unimp	
     9e4: 00 02        	addi	s0, sp, 256
     9e6: 21 01        	addi	sp, sp, 8
     9e8: 00 0d        	addi	s0, sp, 656
     9ea: 0f 49 00 00  	<unknown>
     9ee: 00 02        	addi	s0, sp, 256
     9f0: 22 01        	slli	sp, sp, 8
     9f2: 04 00        	<unknown>
     9f4: 00 05        	addi	s0, sp, 640
     9f6: 02 01        	c.slli64	sp
     9f8: 00 00        	unimp	
     9fa: 13 01 4d 02  	addi	sp, s10, 36
     9fe: 12 05        	slli	a0, a0, 4
     a00: 04 00        	<unknown>
     a02: 45 01        	addi	sp, sp, 17
     a04: 00 00        	unimp	
     a06: 05 00        	c.nop	1
     a08: 01 08        	mv	a6, a6
     a0a: c8 05        	addi	a0, sp, 708
     a0c: 00 00        	unimp	
     a0e: 01 00        	nop
     a10: 0c 00        	<unknown>
     a12: 01 68        	lui	a6, 0
     a14: 03 00 00 b4  	lb	zero, -1216(zero)
     a18: 14 00        	<unknown>
     a1a: 00 02        	addi	s0, sp, 256
     a1c: 00 94        	<unknown>
     a1e: 00 00        	unimp	
     a20: 00 28        	fld	fs0, 16(s0)
     a22: 01 00        	nop
     a24: 00 3d        	fld	fs0, 56(a0)
     a26: 0a 00        	c.slli	zero, 2
     a28: 00 02        	addi	s0, sp, 256
     a2a: 00 94        	<unknown>
     a2c: 00 00        	unimp	
     a2e: 00 01        	addi	s0, sp, 128
     a30: 52 09        	slli	s2, s2, 20
     a32: 00 58        	lw	s0, 48(s0)
     a34: b4 00        	addi	a3, sp, 72
     a36: 00 00        	unimp	
     a38: 03 00 0c 00  	lb	zero, 0(s8)
     a3c: 58 b4        	fsd	fa4, 168(s0)
     a3e: 00 00        	unimp	
     a40: 00 04        	addi	s0, sp, 512
     a42: 02 91        	jalr	sp
     a44: 08 0a        	addi	a0, sp, 272
     a46: 00 5e        	lw	s0, 56(a2)
     a48: ef 00 00 00  	jal	0xa48 <.debug_info+0xa48>
     a4c: 05 00        	c.nop	1
     a4e: 0d 00        	c.nop	3
     a50: 5e b4        	fsd	fs7, 40(sp)
     a52: 00 00        	unimp	
     a54: 00 06        	addi	s0, sp, 768
     a56: 01 16        	addi	a2, a2, -32
     a58: 00 5f        	lw	s0, 56(a4)
     a5a: cf 00 00 00  	fnmadd.s	ft1, ft0, ft0, ft0, rne
     a5e: 06 02        	slli	tp, tp, 1
     a60: 17 00 5f cf  	auipc	zero, 849392
     a64: 00 00        	unimp	
     a66: 00 07        	addi	s0, sp, 896
     a68: 00 04        	addi	s0, sp, 512
     a6a: 00 00        	unimp	
     a6c: 00 04        	addi	s0, sp, 512
     a6e: 02 90        	ebreak	
     a70: 2a 0e        	slli	t3, t3, 10
     a72: 00 62        	ld	s0, 0(a2)
     a74: ff 00 00 00  	<unknown>
     a78: 00 08        	addi	s0, sp, 16
     a7a: 9c 00        	addi	a5, sp, 64
     a7c: 00 00        	unimp	
     a7e: 01 09        	mv	s2, s2
     a80: bc 00        	addi	a5, sp, 72
     a82: 00 00        	unimp	
     a84: 02 09        	c.slli64	s2
     a86: 9c 00        	addi	a5, sp, 64
     a88: 00 00        	unimp	
     a8a: 03 09 9c 00  	lb	s2, 9(s8)
     a8e: 00 00        	unimp	
     a90: 04 09        	addi	s1, sp, 144
     a92: dc 00        	addi	a5, sp, 68
     a94: 00 00        	unimp	
     a96: 05 09        	addi	s2, s2, 1
     a98: dc 00        	addi	a5, sp, 68
     a9a: 00 00        	unimp	
     a9c: 06 00        	c.slli	zero, 1
     a9e: 0a 03        	slli	t1, t1, 2
     aa0: 01 b7        	j	0x9a0 <.debug_info+0x9a0>
     aa2: b4 00        	addi	a3, sp, 72
     aa4: 00 00        	unimp	
     aa6: 0b b4 00 00  	<unknown>
     aaa: 00 0b        	addi	s0, sp, 400
     aac: b4 00        	addi	a3, sp, 72
     aae: 00 00        	unimp	
     ab0: 0b b8 00 00  	<unknown>
     ab4: 00 00        	unimp	
     ab6: 0c 04        	addi	a1, sp, 512
     ab8: 04 08        	addi	s1, sp, 16
     aba: 0c 05        	addi	a1, sp, 640
     abc: 05 04        	addi	s0, s0, 1
     abe: 0a 06        	slli	a2, a2, 2
     ac0: 01 ae        	j	0xdd0 <.debug_info+0xdd0>
     ac2: cf 00 00 00  	fnmadd.s	ft1, ft0, ft0, ft0, rne
     ac6: 0b b4 00 00  	<unknown>
     aca: 00 0b        	addi	s0, sp, 400
     acc: d7 00 00 00  	vadd.vv	v1, v0, v0, v0.t
     ad0: 00 0d        	addi	s0, sp, 656
     ad2: b8 00        	addi	a4, sp, 72
     ad4: 00 00        	unimp	
     ad6: 07 02 4d 0e  	vloxei8.v	v4, (s10), v4
     ada: b4 00        	addi	a3, sp, 72
     adc: 00 00        	unimp	
     ade: 0a 08        	slli	a6, a6, 2
     ae0: 01 b8        	j	0x2f0 <.debug_info+0x2f0>
     ae2: b4 00        	addi	a3, sp, 72
     ae4: 00 00        	unimp	
     ae6: 0b b4 00 00  	<unknown>
     aea: 00 0b        	addi	s0, sp, 400
     aec: b4 00        	addi	a3, sp, 72
     aee: 00 00        	unimp	
     af0: 00 0f        	addi	s0, sp, 912
     af2: b4 00        	addi	a3, sp, 72
     af4: 00 00        	unimp	
     af6: 10 fb        	sd	a2, 48(a4)
     af8: 00 00        	unimp	
     afa: 00 02        	addi	s0, sp, 256
     afc: 00 11        	addi	s0, sp, 160
     afe: 0b 08 07 12  	<unknown>
     b02: 08 01        	addi	a0, sp, 128
     b04: 00 00        	unimp	
     b06: 15 01        	addi	sp, sp, 5
     b08: 24 01        	addi	s1, sp, 136
     b0a: 13 08 01 1c  	addi	a6, sp, 448
     b0e: 01 14        	addi	s0, s0, -32
     b10: 0f b4 00 00  	<unknown>
     b14: 00 01        	addi	s0, sp, 128
     b16: 1e 01        	slli	sp, sp, 7
     b18: 00 14        	addi	s0, sp, 544
     b1a: 10 21        	fld	fa2, 0(a0)
     b1c: 01 00        	nop
     b1e: 00 01        	addi	s0, sp, 128
     b20: 23 01 00 15  	sb	a6, 322(zero)
     b24: 08 01        	addi	a0, sp, 128
     b26: 1f 01 14 11  	<unknown>
     b2a: 3c 01        	addi	a5, sp, 136
     b2c: 00 00        	unimp	
     b2e: 01 21        	sext.w	sp, sp
     b30: 01 00        	nop
     b32: 14 14        	addi	a3, sp, 544
     b34: 3c 01        	addi	a5, sp, 136
     b36: 00 00        	unimp	
     b38: 01 22        	sext.w	tp, tp
     b3a: 01 04        	mv	s0, s0
     b3c: 00 00        	unimp	
     b3e: 0d 44        	li	s0, 3
     b40: 01 00        	nop
     b42: 00 13        	addi	s0, sp, 416
     b44: 02 4f        	lw	t5, 0(sp)
     b46: 0c 12        	addi	a1, sp, 288
     b48: 07 04 00 2b  	vlsseg2e8.v	v8, (zero), a6
     b4c: 01 00        	nop
     b4e: 00 05        	addi	s0, sp, 640
     b50: 00 01        	addi	s0, sp, 128
     b52: 08 dd        	sw	a0, 56(a0)
     b54: 06 00        	c.slli	zero, 1
     b56: 00 01        	addi	s0, sp, 128
     b58: 00 0c        	addi	s0, sp, 528
     b5a: 00 01        	addi	s0, sp, 128
     b5c: d0 03        	addi	a2, sp, 452
     b5e: 00 00        	unimp	
     b60: 5f 16 00 00  	<unknown>
     b64: 02 00        	c.slli64	zero
     b66: a4 00        	addi	s1, sp, 72
     b68: 00 00        	unimp	
     b6a: 68 01        	addi	a0, sp, 140
     b6c: 00 00        	unimp	
     b6e: 73 0a 00 00  	<unknown>
     b72: 02 00        	c.slli64	zero
     b74: a4 00        	addi	s1, sp, 72
     b76: 00 00        	unimp	
     b78: 01 52        	li	tp, -32
     b7a: 09 00        	c.nop	2
     b7c: 14 b4        	fsd	fa3, 40(s0)
     b7e: 00 00        	unimp	
     b80: 00 03        	addi	s0, sp, 384
     b82: 00 0c        	addi	s0, sp, 528
     b84: 00 14        	addi	s0, sp, 544
     b86: b4 00        	addi	a3, sp, 72
     b88: 00 00        	unimp	
     b8a: 04 02        	addi	s1, sp, 256
     b8c: 91 00        	addi	ra, ra, 4
     b8e: 0a 00        	c.slli	zero, 2
     b90: 1a ef        	sd	t1, 408(sp)
     b92: 00 00        	unimp	
     b94: 00 05        	addi	s0, sp, 640
     b96: 00 0d        	addi	s0, sp, 656
     b98: 00 1a        	addi	s0, sp, 304
     b9a: b4 00        	addi	a3, sp, 72
     b9c: 00 00        	unimp	
     b9e: 06 01        	slli	sp, sp, 1
     ba0: 14 00        	<unknown>
     ba2: 1b cf 00 00  	<unknown>
     ba6: 00 06        	addi	s0, sp, 768
     ba8: 02 15        	slli	a0, a0, 32
     baa: 00 1b        	addi	s0, sp, 432
     bac: cf 00 00 00  	fnmadd.s	ft1, ft0, ft0, ft0, rne
     bb0: 07 00 04 00  	vle8.v	v0, (s0), v0.t
     bb4: 00 00        	unimp	
     bb6: 04 02        	addi	s1, sp, 256
     bb8: 90 2a        	fld	fa2, 16(a3)
     bba: 0e 00        	c.slli	zero, 3
     bbc: 1d ff        	bnez	a4, 0xafa <.debug_info+0xafa>
     bbe: 00 00        	unimp	
     bc0: 00 00        	unimp	
     bc2: 08 9c        	<unknown>
     bc4: 00 00        	unimp	
     bc6: 00 01        	addi	s0, sp, 128
     bc8: 09 bc        	j	0x5da <.debug_info+0x5da>
     bca: 00 00        	unimp	
     bcc: 00 02        	addi	s0, sp, 256
     bce: 09 9c        	subw	s0, s0, a0
     bd0: 00 00        	unimp	
     bd2: 00 03        	addi	s0, sp, 384
     bd4: 09 9c        	subw	s0, s0, a0
     bd6: 00 00        	unimp	
     bd8: 00 04        	addi	s0, sp, 512
     bda: 09 dc        	beqz	s0, 0xaf4 <.debug_info+0xaf4>
     bdc: 00 00        	unimp	
     bde: 00 05        	addi	s0, sp, 640
     be0: 09 dc        	beqz	s0, 0xafa <.debug_info+0xafa>
     be2: 00 00        	unimp	
     be4: 00 06        	addi	s0, sp, 768
     be6: 00 0a        	addi	s0, sp, 272
     be8: 03 01 f3 b4  	lb	sp, -1201(t1)
     bec: 00 00        	unimp	
     bee: 00 0b        	addi	s0, sp, 400
     bf0: b4 00        	addi	a3, sp, 72
     bf2: 00 00        	unimp	
     bf4: 0b b4 00 00  	<unknown>
     bf8: 00 0b        	addi	s0, sp, 400
     bfa: b8 00        	addi	a4, sp, 72
     bfc: 00 00        	unimp	
     bfe: 00 0c        	addi	s0, sp, 528
     c00: 04 04        	addi	s1, sp, 512
     c02: 04 0c        	addi	s1, sp, 528
     c04: 05 05        	addi	a0, a0, 1
     c06: 04 0a        	addi	s1, sp, 272
     c08: 06 01        	slli	sp, sp, 1
     c0a: dd cf        	beqz	a5, 0xcc8 <.debug_info+0xcc8>
     c0c: 00 00        	unimp	
     c0e: 00 0b        	addi	s0, sp, 400
     c10: b4 00        	addi	a3, sp, 72
     c12: 00 00        	unimp	
     c14: 0b d7 00 00  	<unknown>
     c18: 00 00        	unimp	
     c1a: 0d b8        	j	0x44c <.debug_info+0x44c>
     c1c: 00 00        	unimp	
     c1e: 00 07        	addi	s0, sp, 896
     c20: 02 4d        	lw	s10, 0(sp)
     c22: 0e b4        	fsd	ft3, 40(sp)
     c24: 00 00        	unimp	
     c26: 00 0a        	addi	s0, sp, 272
     c28: 08 01        	addi	a0, sp, 128
     c2a: f4 b4        	fsd	fa3, 232(s1)
     c2c: 00 00        	unimp	
     c2e: 00 0b        	addi	s0, sp, 400
     c30: b4 00        	addi	a3, sp, 72
     c32: 00 00        	unimp	
     c34: 0b b4 00 00  	<unknown>
     c38: 00 00        	unimp	
     c3a: 0f b4 00 00  	<unknown>
     c3e: 00 10        	addi	s0, sp, 32
     c40: fb 00 00 00  	<unknown>
     c44: 02 00        	c.slli64	zero
     c46: 11 0b        	addi	s6, s6, 4
     c48: 08 07        	addi	a0, sp, 896
     c4a: 12 08        	slli	a6, a6, 4
     c4c: 01 00        	nop
     c4e: 00 13        	addi	s0, sp, 416
     c50: 01 69        	lui	s2, 0
     c52: 01 13        	addi	t1, t1, -32
     c54: 04 01        	addi	s1, sp, 128
     c56: 65 01        	addi	sp, sp, 25
     c58: 14 0f        	addi	a3, sp, 912
     c5a: b4 00        	addi	a3, sp, 72
     c5c: 00 00        	unimp	
     c5e: 01 67        	lui	a4, 0
     c60: 01 00        	nop
     c62: 14 10        	addi	a3, sp, 32
     c64: 22 01        	slli	sp, sp, 8
     c66: 00 00        	unimp	
     c68: 01 68        	lui	a6, 0
     c6a: 01 00        	nop
     c6c: 00 0d        	addi	s0, sp, 656
     c6e: 2a 01        	slli	sp, sp, 10
     c70: 00 00        	unimp	
     c72: 12 02        	slli	tp, tp, 4
     c74: 4f 0c 11 07  	<unknown>
     c78: 04 00        	<unknown>
     c7a: 26 01        	slli	sp, sp, 9
     c7c: 00 00        	unimp	
     c7e: 05 00        	c.nop	1
     c80: 01 08        	mv	a6, a6
     c82: e7 07 00 00  	jalr	a5, zero
     c86: 01 00        	nop
     c88: 0c 00        	<unknown>
     c8a: 01 30        	<unknown>
     c8c: 04 00        	<unknown>
     c8e: 00 f7        	sd	s0, 40(a4)
     c90: 17 00 00 02  	auipc	zero, 8192
     c94: 00 b6        	fsd	fs0, 40(a2)
     c96: 00 00        	unimp	
     c98: 00 a8        	fsd	fs0, 16(s0)
     c9a: 01 00        	nop
     c9c: 00 ae        	fsd	fs0, 24(a2)
     c9e: 0a 00        	c.slli	zero, 2
     ca0: 00 02        	addi	s0, sp, 256
     ca2: 03 34 00 00  	ld	s0, 0(zero)
     ca6: 00 00        	unimp	
     ca8: 19 89        	andi	a0, a0, 6
     caa: 91 a2        	j	0xdee <.debug_info+0xdee>
     cac: e0 03        	addi	s0, sp, 460
     cae: 03 39 00 00  	ld	s2, 0(zero)
     cb2: 00 04        	addi	s0, sp, 512
     cb4: 04 04        	addi	s1, sp, 512
     cb6: 04 02        	addi	s1, sp, 256
     cb8: 05 34        	addiw	s0, s0, -31
     cba: 00 00        	unimp	
     cbc: 00 00        	unimp	
     cbe: 1a 81        	mv	sp, t1
     cc0: 9a c0        	sw	t1, 64(sp)
     cc2: ca 0b        	slli	s7, s7, 18
     cc4: 02 06        	c.slli64	a2
     cc6: 34 00        	addi	a3, sp, 8
     cc8: 00 00        	unimp	
     cca: 00 1b        	addi	s0, sp, 432
     ccc: 9b de e3 b1  	<unknown>
     cd0: 03 02 07 34  	lb	tp, 832(a4)
     cd4: 00 00        	unimp	
     cd6: 00 00        	unimp	
     cd8: 1c b4        	fsd	fa5, 40(s0)
     cda: de dc        	sw	s7, 120(sp)
     cdc: 96 0b        	slli	s7, s7, 5
     cde: 02 08        	c.slli64	a6
     ce0: 34 00        	addi	a3, sp, 8
     ce2: 00 00        	unimp	
     ce4: 00 1d        	addi	s0, sp, 688
     ce6: d3 93 bb f9  	<unknown>
     cea: 02 02        	c.slli64	tp
     cec: 09 34        	addiw	s0, s0, -30
     cee: 00 00        	unimp	
     cf0: 00 00        	unimp	
     cf2: 18 ab        	fsd	fa4, 16(a4)
     cf4: d5 aa        	j	0xee8 <.debug_info+0xee8>
     cf6: f1 0b        	addi	s7, s7, 28
     cf8: 02 0a        	c.slli64	s4
     cfa: 34 00        	addi	a3, sp, 8
     cfc: 00 00        	unimp	
     cfe: 00 17        	addi	s0, sp, 928
     d00: 80 80        	<unknown>
     d02: 80 f8        	sd	s0, 48(s1)
     d04: 03 04 0b 05  	lb	s0, 80(s6)
     d08: 04 05        	addi	s1, sp, 640
     d0a: 00 b6        	fsd	fs0, 40(a2)
     d0c: 00 00        	unimp	
     d0e: 00 01        	addi	s0, sp, 128
     d10: 52 0c        	slli	s8, s8, 20
     d12: 00 20        	fld	fs0, 0(s0)
     d14: 39 00        	c.nop	14
     d16: 00 00        	unimp	
     d18: 06 00        	c.slli	zero, 1
     d1a: 0d 00        	c.nop	3
     d1c: 20 39        	fld	fs0, 112(a0)
     d1e: 00 00        	unimp	
     d20: 00 07        	addi	s0, sp, 896
     d22: 02 90        	ebreak	
     d24: 2b 0e 00 20  	<unknown>
     d28: 39 00        	c.nop	14
     d2a: 00 00        	unimp	
     d2c: 06 01        	slli	sp, sp, 1
     d2e: 0f 00 20 8b  	<unknown>
     d32: 00 00        	unimp	
     d34: 00 08        	addi	s0, sp, 16
     d36: 02 16        	slli	a2, a2, 32
     d38: 00 27        	fld	fs0, 8(a4)
     d3a: 21 01        	addi	sp, sp, 8
     d3c: 00 00        	unimp	
     d3e: 08 03        	addi	a0, sp, 384
     d40: 18 00        	<unknown>
     d42: 26 39        	fld	fs2, 104(sp)
     d44: 00 00        	unimp	
     d46: 00 08        	addi	s0, sp, 16
     d48: 04 19        	addi	s1, sp, 176
     d4a: 00 26        	fld	fs0, 8(a2)
     d4c: 39 00        	c.nop	14
     d4e: 00 00        	unimp	
     d50: 08 05        	addi	a0, sp, 640
     d52: 1a 00        	c.slli	zero, 6
     d54: 26 39        	fld	fs2, 104(sp)
     d56: 00 00        	unimp	
     d58: 00 09        	addi	s0, sp, 144
     d5a: 00 04        	addi	s0, sp, 512
     d5c: 00 00        	unimp	
     d5e: 00 0a        	addi	s0, sp, 272
     d60: 02 90        	ebreak	
     d62: 2a 10        	c.slli	zero, 42
     d64: 00 28        	fld	fs0, 16(s0)
     d66: f2 00        	slli	ra, ra, 28
     d68: 00 00        	unimp	
     d6a: 00 00        	unimp	
     d6c: 0b fb 00 00  	<unknown>
     d70: 00 15        	addi	s0, sp, 672
     d72: 01 69        	lui	s2, 0
     d74: 01 0c        	mv	s8, s8
     d76: 04 01        	addi	s1, sp, 128
     d78: 65 01        	addi	sp, sp, 25
     d7a: 0d 11        	addi	sp, sp, -29
     d7c: 39 00        	c.nop	14
     d7e: 00 00        	unimp	
     d80: 01 67        	lui	a4, 0
     d82: 01 00        	nop
     d84: 0d 12        	addi	tp, tp, -29
     d86: 15 01        	addi	sp, sp, 5
     d88: 00 00        	unimp	
     d8a: 01 68        	lui	a6, 0
     d8c: 01 00        	nop
     d8e: 00 0e        	addi	s0, sp, 784
     d90: 1d 01        	addi	sp, sp, 7
     d92: 00 00        	unimp	
     d94: 14 02        	addi	a3, sp, 256
     d96: 4f 04 13 07  	<unknown>
     d9a: 04 0e        	addi	s1, sp, 784
     d9c: 8b 00 00 00  	<unknown>
     da0: 17 02 4d 00  	auipc	tp, 1232
     da4: 5d 02        	addi	tp, tp, 23
     da6: 00 00        	unimp	
     da8: 05 00        	c.nop	1
     daa: 01 08        	mv	a6, a6
     dac: b5 08        	addi	a7, a7, 13
     dae: 00 00        	unimp	
     db0: 01 00        	nop
     db2: 0c 00        	<unknown>
     db4: 01 a4        	j	0xfb4 <.debug_info+0xfb4>
     db6: 04 00        	<unknown>
     db8: 00 35        	fld	fs0, 40(a0)
     dba: 19 00        	c.nop	6
     dbc: 00 02        	addi	s0, sp, 256
     dbe: 02 1e        	slli	t3, t3, 32
     dc0: 03 00 00 b8  	lb	zero, -1152(zero)
     dc4: 01 00        	nop
     dc6: 00 2e        	fld	fs0, 24(a2)
     dc8: 0b 00 00 02  	<unknown>
     dcc: 03 34 00 00  	ld	s0, 0(zero)
     dd0: 00 00        	unimp	
     dd2: 5b 80 9f a4  	<unknown>
     dd6: fe 03        	slli	t2, t2, 31
     dd8: 03 39 00 00  	ld	s2, 0(zero)
     ddc: 00 04        	addi	s0, sp, 512
     dde: 04 04        	addi	s1, sp, 512
     de0: 04 02        	addi	s1, sp, 256
     de2: 05 34        	addiw	s0, s0, -31
     de4: 00 00        	unimp	
     de6: 00 00        	unimp	
     de8: 5c c3        	sw	a5, 4(a4)
     dea: 88 d5        	sw	a0, 40(a1)
     dec: b9 03        	addi	t2, t2, 14
     dee: 02 06        	c.slli64	a2
     df0: 34 00        	addi	a3, sp, 8
     df2: 00 00        	unimp	
     df4: 00 5d        	lw	s0, 56(a0)
     df6: 80 88        	<unknown>
     df8: d5 b9        	j	0xaec <.debug_info+0xaec>
     dfa: 03 02 07 34  	lb	tp, 832(a4)
     dfe: 00 00        	unimp	
     e00: 00 00        	unimp	
     e02: 5e 88        	mv	a6, s7
     e04: c6 96        	add	a3, a3, a7
     e06: f4 02        	addi	a3, sp, 332
     e08: 02 08        	c.slli64	a6
     e0a: 34 00        	addi	a3, sp, 8
     e0c: 00 00        	unimp	
     e0e: 00 5a        	lw	s0, 48(a2)
     e10: 84 f3        	sd	s1, 32(a5)
     e12: 8b f9 03 02  	<unknown>
     e16: 09 34        	addiw	s0, s0, -30
     e18: 00 00        	unimp	
     e1a: 00 00        	unimp	
     e1c: 58 80        	<unknown>
     e1e: 80 80        	<unknown>
     e20: f8 03        	addi	a4, sp, 460
     e22: 02 0a        	c.slli64	s4
     e24: 34 00        	addi	a3, sp, 8
     e26: 00 00        	unimp	
     e28: 00 5f        	lw	s0, 56(a4)
     e2a: 80 c6        	sw	s0, 8(a3)
     e2c: 96 f4        	sd	t0, 104(sp)
     e2e: 02 02        	c.slli64	tp
     e30: 0b 34 00 00  	<unknown>
     e34: 00 00        	unimp	
     e36: 60 b2        	fsd	fs0, 224(a2)
     e38: e2 b4        	fsd	fs8, 104(sp)
     e3a: a4 02        	addi	s1, sp, 328
     e3c: 02 0c        	c.slli64	s8
     e3e: 34 00        	addi	a3, sp, 8
     e40: 00 00        	unimp	
     e42: 00 59        	lw	s0, 48(a0)
     e44: 80 80        	<unknown>
     e46: 80 9c        	<unknown>
     e48: 04 02        	addi	s1, sp, 256
     e4a: 0d 34        	addiw	s0, s0, -29
     e4c: 00 00        	unimp	
     e4e: 00 00        	unimp	
     e50: 57 00 05 0e  	<unknown>
     e54: b9 00        	addi	ra, ra, 14
     e56: 00 00        	unimp	
     e58: 00 3c        	fld	fs0, 56(s0)
     e5a: 02 a1        	fsd	ft0, 128(sp)
     e5c: 00 06        	addi	s0, sp, 768
     e5e: c5 00        	addi	ra, ra, 17
     e60: 00 00        	unimp	
     e62: 07 d6 00 00  	vle16.v	v12, (ra), v0.t
     e66: 00 20        	fld	fs0, 0(s0)
     e68: 00 03        	addi	s0, sp, 384
     e6a: ca 00        	slli	ra, ra, 18
     e6c: 00 00        	unimp	
     e6e: 08 d2        	sw	a0, 32(a2)
     e70: 00 00        	unimp	
     e72: 00 10        	addi	s0, sp, 32
     e74: 01 4d        	li	s10, 0
     e76: 04 0f        	addi	s1, sp, 912
     e78: 05 04        	addi	s0, s0, 1
     e7a: 09 11        	addi	sp, sp, -30
     e7c: 08 07        	addi	a0, sp, 896
     e7e: 05 12        	addi	tp, tp, -31
     e80: e5 00        	addi	ra, ra, 25
     e82: 00 00        	unimp	
     e84: 00 1d        	addi	s0, sp, 688
     e86: 02 a1        	fsd	ft0, 128(sp)
     e88: 01 06        	mv	a2, a2
     e8a: c5 00        	addi	ra, ra, 17
     e8c: 00 00        	unimp	
     e8e: 07 d6 00 00  	vle16.v	v12, (ra), v0.t
     e92: 00 c6        	sw	s0, 8(a2)
     e94: 00 0a        	addi	s0, sp, 272
     e96: 02 1e        	slli	t3, t3, 32
     e98: 03 00 00 01  	lb	zero, 16(zero)
     e9c: 52 15        	slli	a0, a0, 52
     e9e: 00 63        	ld	s0, 0(a4)
     ea0: ca 00        	slli	ra, ra, 18
     ea2: 00 00        	unimp	
     ea4: 0b 00 17 00  	<unknown>
     ea8: 63 39 00 00  	<unknown>
     eac: 00 0b        	addi	s0, sp, 400
     eae: 01 18        	addi	a6, a6, -32
     eb0: 00 63        	ld	s0, 0(a4)
     eb2: 1b 02 00 00  	sext.w	tp, zero
     eb6: 0c 02        	addi	a1, sp, 256
     eb8: 91 0c        	addi	s9, s9, 4
     eba: 16 00        	c.slli	zero, 5
     ebc: 6a 25        	fld	fa0, 152(sp)
     ebe: 02 00        	c.slli64	zero
     ec0: 00 0d        	addi	s0, sp, 656
     ec2: 02 1f        	slli	t5, t5, 32
     ec4: 00 6b        	ld	s0, 16(a4)
     ec6: ca 00        	slli	ra, ra, 18
     ec8: 00 00        	unimp	
     eca: 0d 03        	addi	t1, t1, 3
     ecc: 20 00        	addi	s0, sp, 8
     ece: 6b ca 00 00  	<unknown>
     ed2: 00 0d        	addi	s0, sp, 656
     ed4: 04 21        	fld	fs1, 0(a0)
     ed6: 00 69        	ld	s0, 16(a0)
     ed8: 39 00        	c.nop	14
     eda: 00 00        	unimp	
     edc: 0d 05        	addi	a0, a0, 3
     ede: 22 00        	c.slli	zero, 8
     ee0: 69 39        	addiw	s2, s2, -6
     ee2: 00 00        	unimp	
     ee4: 00 0d        	addi	s0, sp, 656
     ee6: 06 23        	fld	ft6, 64(sp)
     ee8: 00 6b        	ld	s0, 16(a4)
     eea: ca 00        	slli	ra, ra, 18
     eec: 00 00        	unimp	
     eee: 0d 07        	addi	a4, a4, 3
     ef0: 24 00        	addi	s1, sp, 8
     ef2: 69 39        	addiw	s2, s2, -6
     ef4: 00 00        	unimp	
     ef6: 00 0d        	addi	s0, sp, 656
     ef8: 08 25        	fld	fa0, 8(a0)
     efa: 00 69        	ld	s0, 16(a0)
     efc: 39 00        	c.nop	14
     efe: 00 00        	unimp	
     f00: 0d 09        	addi	s2, s2, 3
     f02: 26 00        	c.slli	zero, 9
     f04: 69 39        	addiw	s2, s2, -6
     f06: 00 00        	unimp	
     f08: 00 0d        	addi	s0, sp, 656
     f0a: 0a 27        	fld	fa4, 128(sp)
     f0c: 00 6b        	ld	s0, 16(a4)
     f0e: ca 00        	slli	ra, ra, 18
     f10: 00 00        	unimp	
     f12: 0d 0c        	addi	s8, s8, 3
     f14: 29 00        	c.nop	10
     f16: 6b ca 00 00  	<unknown>
     f1a: 00 0d        	addi	s0, sp, 656
     f1c: 0d 2a        	addiw	s4, s4, 3
     f1e: 00 6c        	ld	s0, 24(s0)
     f20: d2 00        	slli	ra, ra, 20
     f22: 00 00        	unimp	
     f24: 0d 0e        	addi	t3, t3, 3
     f26: 2b 00 6c d2  	<unknown>
     f2a: 00 00        	unimp	
     f2c: 00 0e        	addi	s0, sp, 784
     f2e: 03 04 00 00  	lb	s0, 0(zero)
     f32: 00 0c        	addi	s0, sp, 528
     f34: 02 90        	ebreak	
     f36: 2a 19        	slli	s2, s2, 42
     f38: 00 6e        	ld	s0, 24(a2)
     f3a: 31 02        	addi	tp, tp, 12
     f3c: 00 00        	unimp	
     f3e: 00 0e        	addi	s0, sp, 784
     f40: 04 8a        	<unknown>
     f42: 00 00        	unimp	
     f44: 00 0d        	addi	s0, sp, 656
     f46: 0b 28 00 94  	<unknown>
     f4a: 54 02        	addi	a3, sp, 260
     f4c: 00 00        	unimp	
     f4e: 0e 05        	slli	a0, a0, 3
     f50: 04 00        	<unknown>
     f52: 00 00        	unimp	
     f54: 0f 19 00 97  	<unknown>
     f58: 31 02        	addi	tp, tp, 12
     f5a: 00 00        	unimp	
     f5c: 00 0e        	addi	s0, sp, 784
     f5e: 06 04        	slli	s0, s0, 1
     f60: 00 00        	unimp	
     f62: 00 0f        	addi	s0, sp, 912
     f64: 19 00        	c.nop	6
     f66: 9f 31 02 00  	<unknown>
     f6a: 00 00        	unimp	
     f6c: 00 0e        	addi	s0, sp, 784
     f6e: 07 0c 00 00  	vle8.v	v24, (zero), v0.t
     f72: 00 0f        	addi	s0, sp, 912
     f74: 2c 00        	addi	a1, sp, 8
     f76: b6 31        	fld	ft3, 360(sp)
     f78: 02 00        	c.slli64	zero
     f7a: 00 00        	unimp	
     f7c: 10 e5        	sd	a2, 8(a0)
     f7e: 01 00        	nop
     f80: 00 08        	addi	s0, sp, 16
     f82: 10 f4        	sd	a2, 40(s0)
     f84: 01 00        	nop
     f86: 00 09        	addi	s0, sp, 144
     f88: 00 11        	addi	s0, sp, 160
     f8a: 13 02 7d 01  	addi	tp, s10, 23
     f8e: 39 00        	c.nop	14
     f90: 00 00        	unimp	
     f92: 12 39        	fld	fs2, 288(sp)
     f94: 00 00        	unimp	
     f96: 00 00        	unimp	
     f98: 13 14 03 f6  	<unknown>
     f9c: d2 00        	slli	ra, ra, 20
     f9e: 00 00        	unimp	
     fa0: 12 1b        	slli	s6, s6, 36
     fa2: 02 00        	c.slli64	zero
     fa4: 00 12        	addi	s0, sp, 288
     fa6: 1b 02 00 00  	sext.w	tp, zero
     faa: 12 d2        	sw	tp, 36(sp)
     fac: 00 00        	unimp	
     fae: 00 12        	addi	s0, sp, 288
     fb0: d2 00        	slli	ra, ra, 20
     fb2: 00 00        	unimp	
     fb4: 12 d2        	sw	tp, 36(sp)
     fb6: 00 00        	unimp	
     fb8: 00 12        	addi	s0, sp, 288
     fba: 20 02        	addi	s0, sp, 264
     fbc: 00 00        	unimp	
     fbe: 00 14        	addi	s0, sp, 544
     fc0: 39 00        	c.nop	14
     fc2: 00 00        	unimp	
     fc4: 14 c5        	sw	a3, 8(a0)
     fc6: 00 00        	unimp	
     fc8: 00 06        	addi	s0, sp, 768
     fca: 39 00        	c.nop	14
     fcc: 00 00        	unimp	
     fce: 07 d6 00 00  	vle16.v	v12, (ra), v0.t
     fd2: 00 03        	addi	s0, sp, 384
     fd4: 00 15        	addi	s0, sp, 672
     fd6: 3a 02        	slli	tp, tp, 14
     fd8: 00 00        	unimp	
     fda: 1e 03        	slli	t1, t1, 7
     fdc: 69 01        	addi	sp, sp, 26
     fde: 16 04        	slli	s0, s0, 5
     fe0: 03 65 01 17  	lwu	a0, 368(sp)
     fe4: 1a 39        	fld	fs2, 416(sp)
     fe6: 00 00        	unimp	
     fe8: 00 03        	addi	s0, sp, 384
     fea: 67 01 00 17  	jalr	sp, 368(zero)
     fee: 1b 54 02 00  	srliw	s0, tp, 0
     ff2: 00 03        	addi	s0, sp, 384
     ff4: 68 01        	addi	a0, sp, 140
     ff6: 00 00        	unimp	
     ff8: 08 5c        	lw	a0, 56(s0)
     ffa: 02 00        	c.slli64	zero
     ffc: 00 1d        	addi	s0, sp, 688
     ffe: 01 4f        	li	t5, 0
    1000: 04 1c        	addi	s1, sp, 560
    1002: 07 04 00 0d  	vloxei8.v	v8, (zero), v16, v0.t
    1006: 02 00        	c.slli64	zero
    1008: 00 05        	addi	s0, sp, 640
    100a: 00 01        	addi	s0, sp, 128
    100c: 08 e8        	sd	a0, 16(s0)
    100e: 09 00        	c.nop	2
    1010: 00 01        	addi	s0, sp, 128
    1012: 00 0c        	addi	s0, sp, 528
    1014: 00 01        	addi	s0, sp, 128
    1016: 60 05        	addi	s0, sp, 652
    1018: 00 00        	unimp	
    101a: 11 1e        	addi	t3, t3, -28
    101c: 00 00        	unimp	
    101e: 02 02        	c.slli64	tp
    1020: 58 06        	addi	a4, sp, 772
    1022: 00 00        	unimp	
    1024: 10 02        	addi	a2, sp, 256
    1026: 00 00        	unimp	
    1028: cf 0c 00 00  	fnmadd.s	fs9, ft0, ft0, ft0, rne
    102c: 02 0f        	c.slli64	t5
    102e: 05 08        	addi	a6, a6, 1
    1030: 03 03 34 00  	lb	t1, 3(s0)
    1034: 00 00        	unimp	
    1036: 00 32        	fld	fs0, 32(a2)
    1038: 00 04        	addi	s0, sp, 512
    103a: 39 00        	c.nop	14
    103c: 00 00        	unimp	
    103e: 02 04        	c.slli64	s0
    1040: 04 04        	addi	s1, sp, 512
    1042: 03 05 34 00  	lb	a0, 3(s0)
    1046: 00 00        	unimp	
    1048: 00 35        	fld	fs0, 40(a0)
    104a: 80 80        	<unknown>
    104c: 80 dc        	sw	s0, 56(s1)
    104e: 03 03 06 34  	lb	t1, 832(a2)
    1052: 00 00        	unimp	
    1054: 00 00        	unimp	
    1056: 34 80        	<unknown>
    1058: 80 80        	<unknown>
    105a: 9c 04        	addi	a5, sp, 576
    105c: 03 07 34 00  	lb	a4, 3(s0)
    1060: 00 00        	unimp	
    1062: 00 33        	fld	fs0, 32(a4)
    1064: 80 80        	<unknown>
    1066: 80 fc        	sd	s0, 56(s1)
    1068: 03 05 08 6f  	lb	a0, 1776(a6)
    106c: 00 00        	unimp	
    106e: 00 00        	unimp	
    1070: 16 02        	slli	tp, tp, 5
    1072: a1 00        	addi	ra, ra, 8
    1074: 06 7b        	ld	s6, 96(sp)
    1076: 00 00        	unimp	
    1078: 00 07        	addi	s0, sp, 896
    107a: 84 00        	addi	s1, sp, 64
    107c: 00 00        	unimp	
    107e: 03 00 04 80  	lb	zero, -2048(s0)
    1082: 00 00        	unimp	
    1084: 00 02        	addi	s0, sp, 256
    1086: 09 05        	addi	a0, a0, 2
    1088: 04 08        	addi	s1, sp, 16
    108a: 0a 08        	slli	a6, a6, 2
    108c: 07 05 0b 93  	<unknown>
    1090: 00 00        	unimp	
    1092: 00 00        	unimp	
    1094: 1c 02        	addi	a5, sp, 256
    1096: a1 01        	addi	gp, gp, 8
    1098: 06 34        	fld	fs0, 96(sp)
    109a: 00 00        	unimp	
    109c: 00 07        	addi	s0, sp, 896
    109e: 84 00        	addi	s1, sp, 64
    10a0: 00 00        	unimp	
    10a2: 0b 00 09 80  	<unknown>
    10a6: 00 00        	unimp	
    10a8: 00 0c        	addi	s0, sp, 528
    10aa: 01 4d        	li	s10, 0
    10ac: 0a 02        	slli	tp, tp, 2
    10ae: 58 06        	addi	a4, sp, 772
    10b0: 00 00        	unimp	
    10b2: 01 52        	li	tp, -32
    10b4: 10 00        	<unknown>
    10b6: 38 80        	<unknown>
    10b8: 00 00        	unimp	
    10ba: 00 0b        	addi	s0, sp, 400
    10bc: 00 15        	addi	s0, sp, 672
    10be: 00 38        	fld	fs0, 48(s0)
    10c0: 01 02        	mv	tp, tp
    10c2: 00 00        	unimp	
    10c4: 0b 01 16 00  	<unknown>
    10c8: 38 01        	addi	a4, sp, 136
    10ca: 02 00        	c.slli64	zero
    10cc: 00 0b        	addi	s0, sp, 400
    10ce: 02 17        	slli	a4, a4, 32
    10d0: 00 38        	fld	fs0, 48(s0)
    10d2: 80 00        	addi	s0, sp, 64
    10d4: 00 00        	unimp	
    10d6: 0b 03 18 00  	<unknown>
    10da: 38 80        	<unknown>
    10dc: 00 00        	unimp	
    10de: 00 0b        	addi	s0, sp, 400
    10e0: 04 19        	addi	s1, sp, 176
    10e2: 00 38        	fld	fs0, 48(s0)
    10e4: 80 00        	addi	s0, sp, 64
    10e6: 00 00        	unimp	
    10e8: 0b 05 1a 00  	<unknown>
    10ec: 38 06        	addi	a4, sp, 776
    10ee: 02 00        	c.slli64	zero
    10f0: 00 0c        	addi	s0, sp, 528
    10f2: 03 91 98 02  	lh	sp, 41(a7)
    10f6: 11 00        	c.nop	4
    10f8: 3e e9        	sd	a5, 144(sp)
    10fa: 01 00        	nop
    10fc: 00 0c        	addi	s0, sp, 528
    10fe: 03 91 c8 01  	lh	sp, 28(a7)
    1102: 12 00        	c.slli	zero, 4
    1104: 3f f5 01 00  	<unknown>
    1108: 00 0c        	addi	s0, sp, 528
    110a: 03 91 f8 00  	lh	sp, 15(a7)
    110e: 13 00 3f f5  	addi	zero, t5, -173
    1112: 01 00        	nop
    1114: 00 0c        	addi	s0, sp, 528
    1116: 02 91        	jalr	sp
    1118: 28 14        	addi	a0, sp, 552
    111a: 00 3f        	fld	fs0, 56(a4)
    111c: f5 01        	addi	gp, gp, 29
    111e: 00 00        	unimp	
    1120: 0d 06        	addi	a2, a2, 3
    1122: 1b 00 3e 9f  	addiw	zero, t3, -1549
    1126: 00 00        	unimp	
    1128: 00 0d        	addi	s0, sp, 656
    112a: 07 1c 00 3e  	<unknown>
    112e: 9f 00 00 00  	<unknown>
    1132: 0d 08        	addi	a6, a6, 3
    1134: 1d 00        	c.nop	7
    1136: 3e 9f        	add	t5, t5, a5
    1138: 00 00        	unimp	
    113a: 00 0d        	addi	s0, sp, 656
    113c: 09 1e        	addi	t3, t3, -30
    113e: 00 3e        	fld	fs0, 56(a2)
    1140: 9f 00 00 00  	<unknown>
    1144: 0d 0a        	addi	s4, s4, 3
    1146: 1f 00 3e 9f  	<unknown>
    114a: 00 00        	unimp	
    114c: 00 0d        	addi	s0, sp, 656
    114e: 0b 20 00 3e  	<unknown>
    1152: 9f 00 00 00  	<unknown>
    1156: 0d 0c        	addi	s8, s8, 3
    1158: 21 00        	c.nop	8
    115a: 3e 9f        	add	t5, t5, a5
    115c: 00 00        	unimp	
    115e: 00 0d        	addi	s0, sp, 656
    1160: 0d 22        	addiw	tp, tp, 3
    1162: 00 3e        	fld	fs0, 56(a2)
    1164: 9f 00 00 00  	<unknown>
    1168: 0d 0e        	addi	t3, t3, 3
    116a: 23 00 3f 39  	sb	s3, 896(t5)
    116e: 00 00        	unimp	
    1170: 00 0d        	addi	s0, sp, 656
    1172: 0f 24 00 3e  	<unknown>
    1176: 9f 00 00 00  	<unknown>
    117a: 0d 10        	c.nop	-29
    117c: 25 00        	c.nop	9
    117e: 3f 39 00 00  	<unknown>
    1182: 00 0d        	addi	s0, sp, 656
    1184: 11 26        	addiw	a2, a2, 4
    1186: 00 3e        	fld	fs0, 56(a2)
    1188: 9f 00 00 00  	<unknown>
    118c: 0d 12        	addi	tp, tp, -29
    118e: 27 00 3e 9f  	<unknown>
    1192: 00 00        	unimp	
    1194: 00 0d        	addi	s0, sp, 656
    1196: 13 28 00 3e  	slti	a6, zero, 992
    119a: 9f 00 00 00  	<unknown>
    119e: 0d 14        	addi	s0, s0, -29
    11a0: 29 00        	c.nop	10
    11a2: 3e 9f        	add	t5, t5, a5
    11a4: 00 00        	unimp	
    11a6: 00 0e        	addi	s0, sp, 784
    11a8: 2a 00        	c.slli	zero, 10
    11aa: 55 08        	addi	a6, a6, 21
    11ac: 0f c6 01 00  	<unknown>
    11b0: 00 03        	addi	s0, sp, 384
    11b2: 0f da 01 00  	<unknown>
    11b6: 00 04        	addi	s0, sp, 512
    11b8: 0f c6 01 00  	<unknown>
    11bc: 00 05        	addi	s0, sp, 640
    11be: 0f c6 01 00  	<unknown>
    11c2: 00 06        	addi	s0, sp, 768
    11c4: 0f c6 01 00  	<unknown>
    11c8: 00 07        	addi	s0, sp, 896
    11ca: 00 10        	addi	s0, sp, 32
    11cc: 0d 02        	addi	tp, tp, 3
    11ce: ab 01 39 00  	<unknown>
    11d2: 00 00        	unimp	
    11d4: 11 39        	addiw	s2, s2, -28
    11d6: 00 00        	unimp	
    11d8: 00 11        	addi	s0, sp, 160
    11da: 80 00        	addi	s0, sp, 64
    11dc: 00 00        	unimp	
    11de: 00 10        	addi	s0, sp, 32
    11e0: 0e 02        	slli	tp, tp, 3
    11e2: 7e 01        	slli	sp, sp, 31
    11e4: 39 00        	c.nop	14
    11e6: 00 00        	unimp	
    11e8: 11 39        	addiw	s2, s2, -28
    11ea: 00 00        	unimp	
    11ec: 00 00        	unimp	
    11ee: 06 9f        	add	t5, t5, ra
    11f0: 00 00        	unimp	
    11f2: 00 07        	addi	s0, sp, 896
    11f4: 84 00        	addi	s1, sp, 64
    11f6: 00 00        	unimp	
    11f8: 14 00        	<unknown>
    11fa: 06 39        	fld	fs2, 96(sp)
    11fc: 00 00        	unimp	
    11fe: 00 07        	addi	s0, sp, 896
    1200: 84 00        	addi	s1, sp, 64
    1202: 00 00        	unimp	
    1204: 14 00        	<unknown>
    1206: 12 39        	fld	fs2, 288(sp)
    1208: 00 00        	unimp	
    120a: 00 12        	addi	s0, sp, 288
    120c: 0b 02 00 00  	<unknown>
    1210: 04 9f        	<unknown>
    1212: 00 00        	unimp	
    1214: 00 00        	unimp	
    1216: d2 00        	slli	ra, ra, 20
    1218: 00 00        	unimp	
    121a: 05 00        	c.nop	1
    121c: 01 08        	mv	a6, a6
    121e: d8 0a        	addi	a4, sp, 340
    1220: 00 00        	unimp	
    1222: 01 00        	nop
    1224: 0c 00        	<unknown>
    1226: 01 14        	addi	s0, s0, -32
    1228: 06 00        	c.slli	zero, 1
    122a: 00 bf        	fsd	fs0, 56(a4)
    122c: 26 00        	c.slli	zero, 9
    122e: 00 02        	addi	s0, sp, 256
    1230: 00 c4        	sw	s0, 8(s0)
    1232: 00 00        	unimp	
    1234: 00 60        	ld	s0, 0(s0)
    1236: 02 00        	c.slli64	zero
    1238: 00 37        	fld	fs0, 40(a4)
    123a: 12 00        	c.slli	zero, 4
    123c: 00 02        	addi	s0, sp, 256
    123e: 03 34 00 00  	ld	s0, 0(zero)
    1242: 00 00        	unimp	
    1244: 1c ca        	sw	a5, 16(a2)
    1246: e5 a7        	j	0x1a2e <.debug_info+0x1a2e>
    1248: 8a 07        	slli	a5, a5, 2
    124a: 03 39 00 00  	ld	s2, 0(zero)
    124e: 00 04        	addi	s0, sp, 512
    1250: 04 04        	addi	s1, sp, 512
    1252: 04 05        	addi	s1, sp, 640
    1254: 00 c4        	sw	s0, 8(s0)
    1256: 00 00        	unimp	
    1258: 00 01        	addi	s0, sp, 128
    125a: 52 05        	slli	a0, a0, 20
    125c: 00 22        	fld	fs0, 0(a2)
    125e: 39 00        	c.nop	14
    1260: 00 00        	unimp	
    1262: 06 00        	c.slli	zero, 1
    1264: 06 00        	c.slli	zero, 1
    1266: 22 39        	fld	fs2, 40(sp)
    1268: 00 00        	unimp	
    126a: 00 07        	addi	s0, sp, 896
    126c: 01 0d        	mv	s10, s10
    126e: 00 28        	fld	fs0, 16(s0)
    1270: c9 00        	addi	ra, ra, 18
    1272: 00 00        	unimp	
    1274: 07 02 10 00  	<unknown>
    1278: 29 bd        	j	0x1092 <.debug_info+0x1092>
    127a: 00 00        	unimp	
    127c: 00 07        	addi	s0, sp, 896
    127e: 03 11 00 28  	lh	sp, 640(zero)
    1282: c9 00        	addi	ra, ra, 18
    1284: 00 00        	unimp	
    1286: 08 12        	addi	a0, sp, 288
    1288: 00 29        	fld	fs0, 16(a0)
    128a: bd 00        	addi	ra, ra, 15
    128c: 00 00        	unimp	
    128e: 09 00        	c.nop	2
    1290: 04 00        	<unknown>
    1292: 00 00        	unimp	
    1294: 0a 02        	slli	tp, tp, 2
    1296: 90 2a        	fld	fa2, 16(a3)
    1298: 07 00 2a 9a  	<unknown>
    129c: 00 00        	unimp	
    129e: 00 00        	unimp	
    12a0: 09 01        	addi	sp, sp, 2
    12a2: 04 00        	<unknown>
    12a4: 00 00        	unimp	
    12a6: 08 13        	addi	a0, sp, 416
    12a8: 00 40        	lw	s0, 0(s0)
    12aa: 9a 00        	slli	ra, ra, 6
    12ac: 00 00        	unimp	
    12ae: 00 00        	unimp	
    12b0: 0b a3 00 00  	<unknown>
    12b4: 00 0c        	addi	s0, sp, 528
    12b6: 01 69        	lui	s2, 0
    12b8: 01 0c        	mv	s8, s8
    12ba: 04 01        	addi	s1, sp, 128
    12bc: 65 01        	addi	sp, sp, 25
    12be: 0d 08        	addi	a6, a6, 3
    12c0: 39 00        	c.nop	14
    12c2: 00 00        	unimp	
    12c4: 01 67        	lui	a4, 0
    12c6: 01 00        	nop
    12c8: 0d 09        	addi	s2, s2, 3
    12ca: bd 00        	addi	ra, ra, 15
    12cc: 00 00        	unimp	
    12ce: 01 68        	lui	a6, 0
    12d0: 01 00        	nop
    12d2: 00 0e        	addi	s0, sp, 784
    12d4: c5 00        	addi	ra, ra, 17
    12d6: 00 00        	unimp	
    12d8: 0b 02 4f 04  	<unknown>
    12dc: 0a 07        	slli	a4, a4, 2
    12de: 04 0e        	addi	s1, sp, 784
    12e0: d1 00        	addi	ra, ra, 20
    12e2: 00 00        	unimp	
    12e4: 0f 02 4d 04  	<unknown>
    12e8: 0e 05        	slli	a0, a0, 3
    12ea: 04 00        	<unknown>
    12ec: 2f 01 00 00  	<unknown>
    12f0: 05 00        	c.nop	1
    12f2: 01 08        	mv	a6, a6
    12f4: a4 0b        	addi	s1, sp, 472
    12f6: 00 00        	unimp	
    12f8: 01 00        	nop
    12fa: 0c 00        	<unknown>
    12fc: 01 6c        	lui	s8, 0
    12fe: 06 00        	c.slli	zero, 1
    1300: 00 3c        	fld	fs0, 56(s0)
    1302: 28 00        	addi	a0, sp, 8
    1304: 00 02        	addi	s0, sp, 256
    1306: 00 0e        	addi	s0, sp, 784
    1308: 01 00        	nop
    130a: 00 78        	ld	s0, 48(s0)
    130c: 02 00        	c.slli64	zero
    130e: 00 96        	<unknown>
    1310: 12 00        	c.slli	zero, 4
    1312: 00 02        	addi	s0, sp, 256
    1314: 03 34 00 00  	ld	s0, 0(zero)
    1318: 00 00        	unimp	
    131a: 17 80 80 80  	auipc	zero, 526344
    131e: fc 03        	addi	a5, sp, 460
    1320: 03 39 00 00  	ld	s2, 0(zero)
    1324: 00 04        	addi	s0, sp, 512
    1326: 04 04        	addi	s1, sp, 512
    1328: 04 02        	addi	s1, sp, 256
    132a: 05 34        	addiw	s0, s0, -31
    132c: 00 00        	unimp	
    132e: 00 00        	unimp	
    1330: 18 ab        	fsd	fa4, 16(a4)
    1332: d5 aa        	j	0x1526 <.debug_info+0x1526>
    1334: e9 03        	addi	t2, t2, 26
    1336: 02 06        	c.slli64	a2
    1338: 34 00        	addi	a3, sp, 8
    133a: 00 00        	unimp	
    133c: 00 19        	addi	s0, sp, 176
    133e: e1 96        	srai	a3, a3, 56
    1340: d8 d5        	sw	a4, 44(a1)
    1342: 0b 02 07 34  	<unknown>
    1346: 00 00        	unimp	
    1348: 00 00        	unimp	
    134a: 1a 81        	mv	sp, t1
    134c: 9a c0        	sw	t1, 64(sp)
    134e: be 03        	slli	t2, t2, 15
    1350: 02 08        	c.slli64	a6
    1352: 34 00        	addi	a3, sp, 8
    1354: 00 00        	unimp	
    1356: 00 1b        	addi	s0, sp, 432
    1358: fc e4        	sd	a5, 200(s1)
    135a: cf a4 0b 02  	fnmadd.d	fs1, fs7, ft0, ft0, rdn
    135e: 09 34        	addiw	s0, s0, -30
    1360: 00 00        	unimp	
    1362: 00 00        	unimp	
    1364: 1c f6        	sd	a5, 40(a2)
    1366: e9 bd        	j	0x1240 <.debug_info+0x1240>
    1368: 88 03        	addi	a0, sp, 448
    136a: 02 0a        	c.slli64	s4
    136c: 34 00        	addi	a3, sp, 8
    136e: 00 00        	unimp	
    1370: 00 1d        	addi	s0, sp, 688
    1372: ce ae        	fsd	fs3, 344(sp)
    1374: 9f ea 0a 04  	<unknown>
    1378: 0b 05 04 05  	<unknown>
    137c: 00 0e        	addi	s0, sp, 784
    137e: 01 00        	nop
    1380: 00 01        	addi	s0, sp, 128
    1382: 52 0c        	slli	s8, s8, 20
    1384: 00 20        	fld	fs0, 0(s0)
    1386: 39 00        	c.nop	14
    1388: 00 00        	unimp	
    138a: 06 00        	c.slli	zero, 1
    138c: 0d 00        	c.nop	3
    138e: 20 39        	fld	fs0, 112(a0)
    1390: 00 00        	unimp	
    1392: 00 07        	addi	s0, sp, 896
    1394: 02 90        	ebreak	
    1396: 2b 0e 00 20  	<unknown>
    139a: 39 00        	c.nop	14
    139c: 00 00        	unimp	
    139e: 08 01        	addi	a0, sp, 128
    13a0: 15 00        	c.nop	5
    13a2: 27 2a 01 00  	fsw	ft0, 20(sp)
    13a6: 00 08        	addi	s0, sp, 16
    13a8: 02 17        	slli	a4, a4, 32
    13aa: 00 26        	fld	fs0, 8(a2)
    13ac: 39 00        	c.nop	14
    13ae: 00 00        	unimp	
    13b0: 08 03        	addi	a0, sp, 384
    13b2: 18 00        	<unknown>
    13b4: 26 39        	fld	fs2, 104(sp)
    13b6: 00 00        	unimp	
    13b8: 00 08        	addi	s0, sp, 16
    13ba: 04 19        	addi	s1, sp, 176
    13bc: 00 26        	fld	fs0, 8(a2)
    13be: 39 00        	c.nop	14
    13c0: 00 00        	unimp	
    13c2: 08 05        	addi	a0, sp, 640
    13c4: 1a 00        	c.slli	zero, 6
    13c6: 26 39        	fld	fs2, 104(sp)
    13c8: 00 00        	unimp	
    13ca: 00 08        	addi	s0, sp, 16
    13cc: 06 1b        	slli	s6, s6, 33
    13ce: 00 26        	fld	fs0, 8(a2)
    13d0: 39 00        	c.nop	14
    13d2: 00 00        	unimp	
    13d4: 09 00        	c.nop	2
    13d6: 04 00        	<unknown>
    13d8: 00 00        	unimp	
    13da: 0a 02        	slli	tp, tp, 2
    13dc: 90 2a        	fld	fa2, 16(a3)
    13de: 0f 00 28 fb  	<unknown>
    13e2: 00 00        	unimp	
    13e4: 00 00        	unimp	
    13e6: 00 0b        	addi	s0, sp, 400
    13e8: 04 01        	addi	s1, sp, 128
    13ea: 00 00        	unimp	
    13ec: 14 01        	addi	a3, sp, 128
    13ee: 69 01        	addi	sp, sp, 26
    13f0: 0c 04        	addi	a1, sp, 512
    13f2: 01 65        	lui	a0, 0
    13f4: 01 0d        	mv	s10, s10
    13f6: 10 39        	fld	fa2, 48(a0)
    13f8: 00 00        	unimp	
    13fa: 00 01        	addi	s0, sp, 128
    13fc: 67 01 00 0d  	jalr	sp, 208(zero)
    1400: 11 1e        	addi	t3, t3, -28
    1402: 01 00        	nop
    1404: 00 01        	addi	s0, sp, 128
    1406: 68 01        	addi	a0, sp, 140
    1408: 00 00        	unimp	
    140a: 0e 26        	fld	fa2, 192(sp)
    140c: 01 00        	nop
    140e: 00 13        	addi	s0, sp, 416
    1410: 02 4f        	lw	t5, 0(sp)
    1412: 04 12        	addi	s1, sp, 288
    1414: 07 04 0e 8b  	vlsseg5e8.v	v8, (t3), a6
    1418: 00 00        	unimp	
    141a: 00 16        	addi	s0, sp, 800
    141c: 02 4d        	lw	s10, 0(sp)
    141e: 00 3c        	fld	fs0, 56(s0)
    1420: 01 00        	nop
    1422: 00 05        	addi	s0, sp, 640
    1424: 00 01        	addi	s0, sp, 128
    1426: 08 72        	ld	a0, 32(a2)
    1428: 0c 00        	<unknown>
    142a: 00 01        	addi	s0, sp, 128
    142c: 00 0c        	addi	s0, sp, 528
    142e: 00 01        	addi	s0, sp, 128
    1430: e4 06        	addi	s1, sp, 844
    1432: 00 00        	unimp	
    1434: c2 29        	fld	fs3, 16(sp)
    1436: 00 00        	unimp	
    1438: 02 00        	c.slli64	zero
    143a: 00 01        	addi	s0, sp, 128
    143c: 00 00        	unimp	
    143e: 88 02        	addi	a0, sp, 320
    1440: 00 00        	unimp	
    1442: 2b 13 00 00  	<unknown>
    1446: 02 09        	c.slli64	s2
    1448: 07 08 02 08  	vlse8.v	v16, (tp), zero, v0.t
    144c: 07 04 03 03  	vle8ff.v	v8, (t1)
    1450: 40 00        	addi	s0, sp, 4
    1452: 00 00        	unimp	
    1454: 00 49        	lw	s0, 16(a0)
    1456: 80 80        	<unknown>
    1458: 80 80        	<unknown>
    145a: 80 80        	<unknown>
    145c: 80 a8        	fsd	fs0, 16(s1)
    145e: 43 04 45 00  	fmadd.s	fs0, fa0, ft4, ft0, rne
    1462: 00 00        	unimp	
    1464: 02 04        	c.slli64	s0
    1466: 04 08        	addi	s1, sp, 16
    1468: 03 05 40 00  	lb	a0, 4(zero)
    146c: 00 00        	unimp	
    146e: 00 4c        	lw	s0, 24(s0)
    1470: d9 e6        	bnez	a3, 0x14fe <.debug_info+0x14fe>
    1472: e3 97 fc c3  	bne	s9, t6, 0x10a0 <.debug_info+0x10a0>
    1476: db d2 01 03  	<unknown>
    147a: 06 40        	<unknown>
    147c: 00 00        	unimp	
    147e: 00 00        	unimp	
    1480: 4b 9c eb 81  	fnmsub.s	fs8, fs7, ft10, fa6, rtz
    1484: c0 c8        	sw	s0, 20(s1)
    1486: 87 f9 9b 7e  	<unknown>
    148a: 03 07 40 00  	lb	a4, 4(zero)
    148e: 00 00        	unimp	
    1490: 00 4a        	lw	s0, 16(a2)
    1492: 80 80        	<unknown>
    1494: 80 80        	<unknown>
    1496: 80 80        	<unknown>
    1498: 80 c8        	sw	s0, 16(s1)
    149a: 3c 05        	addi	a5, sp, 648
    149c: 00 00        	unimp	
    149e: 01 00        	nop
    14a0: 00 01        	addi	s0, sp, 128
    14a2: 52 0a        	slli	s4, s4, 20
    14a4: 00 4f        	lw	s0, 24(a4)
    14a6: 45 00        	c.nop	17
    14a8: 00 00        	unimp	
    14aa: 06 00        	c.slli	zero, 1
    14ac: 0b 00 4f 45  	<unknown>
    14b0: 00 00        	unimp	
    14b2: 00 06        	addi	s0, sp, 768
    14b4: 01 0c        	mv	s8, s8
    14b6: 00 4f        	lw	s0, 24(a4)
    14b8: ea 00        	slli	ra, ra, 26
    14ba: 00 00        	unimp	
    14bc: 07 02 16 00  	<unknown>
    14c0: 55 37        	addiw	a4, a4, -11
    14c2: 01 00        	nop
    14c4: 00 07        	addi	s0, sp, 896
    14c6: 03 18 00 55  	lh	a6, 1360(zero)
    14ca: 37 01 00 00  	lui	sp, 0
    14ce: 08 1a        	addi	a0, sp, 304
    14d0: 00 55        	lw	s0, 40(a0)
    14d2: 37 01 00 00  	lui	sp, 0
    14d6: 09 00        	c.nop	2
    14d8: 10 00        	<unknown>
    14da: 00 00        	unimp	
    14dc: 0a 02        	slli	tp, tp, 2
    14de: 90 2a        	fld	fa2, 16(a3)
    14e0: 0e 00        	c.slli	zero, 3
    14e2: 56 ee        	sd	s5, 280(sp)
    14e4: 00 00        	unimp	
    14e6: 00 00        	unimp	
    14e8: 09 01        	addi	sp, sp, 2
    14ea: 18 00        	<unknown>
    14ec: 00 00        	unimp	
    14ee: 07 04 19 00  	<unknown>
    14f2: 65 ee        	bnez	a2, 0x15ea <.debug_info+0x15ea>
    14f4: 00 00        	unimp	
    14f6: 00 00        	unimp	
    14f8: 09 02        	addi	tp, tp, 2
    14fa: 2a 00        	c.slli	zero, 10
    14fc: 00 00        	unimp	
    14fe: 07 05 19 00  	<unknown>
    1502: 69 ee        	bnez	a2, 0x15dc <.debug_info+0x15dc>
    1504: 00 00        	unimp	
    1506: 00 00        	unimp	
    1508: 00 02        	addi	s0, sp, 256
    150a: 0d 05        	addi	a0, a0, 3
    150c: 04 0b        	addi	s1, sp, 400
    150e: f7 00 00 00  	<unknown>
    1512: 15 01        	addi	sp, sp, 5
    1514: 24 01        	addi	s1, sp, 136
    1516: 0c 08        	addi	a1, sp, 16
    1518: 01 1c        	addi	s8, s8, -32
    151a: 01 0d        	mv	s10, s10
    151c: 0f 45 00 00  	<unknown>
    1520: 00 01        	addi	s0, sp, 128
    1522: 1e 01        	slli	sp, sp, 7
    1524: 00 0d        	addi	s0, sp, 656
    1526: 10 10        	addi	a2, sp, 32
    1528: 01 00        	nop
    152a: 00 01        	addi	s0, sp, 128
    152c: 23 01 00 0e  	sb	zero, 226(zero)
    1530: 08 01        	addi	a0, sp, 128
    1532: 1f 01 0d 11  	<unknown>
    1536: 2b 01 00 00  	<unknown>
    153a: 01 21        	sext.w	sp, sp
    153c: 01 00        	nop
    153e: 0d 14        	addi	s0, s0, -29
    1540: 2b 01 00 00  	<unknown>
    1544: 01 22        	sext.w	tp, tp
    1546: 01 04        	mv	s0, s0
    1548: 00 00        	unimp	
    154a: 0f 33 01 00  	<unknown>
    154e: 00 13        	addi	s0, sp, 416
    1550: 02 4f        	lw	t5, 0(sp)
    1552: 02 12        	slli	tp, tp, 32
    1554: 07 04 0f ea  	vlsseg8e8.v	v8, (t5), zero
    1558: 00 00        	unimp	
    155a: 00 17        	addi	s0, sp, 928
    155c: 02 4d        	lw	s10, 0(sp)
    155e: 00 09        	addi	s0, sp, 144
    1560: 01 00        	nop
    1562: 00 05        	addi	s0, sp, 640
    1564: 00 01        	addi	s0, sp, 128
    1566: 08 49        	lw	a0, 16(a0)
    1568: 0d 00        	c.nop	3
    156a: 00 01        	addi	s0, sp, 128
    156c: 00 0c        	addi	s0, sp, 528
    156e: 00 01        	addi	s0, sp, 128
    1570: 58 07        	addi	a4, sp, 900
    1572: 00 00        	unimp	
    1574: 6b 2b 00 00  	<unknown>
    1578: 02 00        	c.slli64	zero
    157a: de 00        	slli	ra, ra, 23
    157c: 00 00        	unimp	
    157e: a8 02        	addi	a0, sp, 328
    1580: 00 00        	unimp	
    1582: ef 13 00 00  	jal	t2, 0x2582 <.debug_info+0x2582>
    1586: 02 03        	c.slli64	t1
    1588: 34 00        	addi	a3, sp, 8
    158a: 00 00        	unimp	
    158c: 00 1f        	addi	s0, sp, 944
    158e: 80 80        	<unknown>
    1590: 80 e0        	sd	s0, 0(s1)
    1592: 04 03        	addi	s1, sp, 384
    1594: 39 00        	c.nop	14
    1596: 00 00        	unimp	
    1598: 04 04        	addi	s1, sp, 512
    159a: 04 04        	addi	s1, sp, 512
    159c: 02 05        	c.slli64	a0
    159e: 34 00        	addi	a3, sp, 8
    15a0: 00 00        	unimp	
    15a2: 00 22        	fld	fs0, 0(a2)
    15a4: e0 84        	<unknown>
    15a6: 89 6d        	lui	s11, 2
    15a8: 02 06        	c.slli64	a2
    15aa: 34 00        	addi	a3, sp, 8
    15ac: 00 00        	unimp	
    15ae: 00 21        	fld	fs0, 0(a0)
    15b0: ca e5        	sd	s2, 200(sp)
    15b2: a7 8a 07 02  	vse8.v	v21, (a5)
    15b6: 07 34 00 00  	fld	fs0, 0(zero)
    15ba: 00 00        	unimp	
    15bc: 20 80        	<unknown>
    15be: 80 80        	<unknown>
    15c0: 98 03        	addi	a4, sp, 448
    15c2: 05 00        	c.nop	1
    15c4: de 00        	slli	ra, ra, 23
    15c6: 00 00        	unimp	
    15c8: 01 52        	li	tp, -32
    15ca: 08 00        	<unknown>
    15cc: 25 39        	addiw	s2, s2, -23
    15ce: 00 00        	unimp	
    15d0: 00 06        	addi	s0, sp, 768
    15d2: 00 09        	addi	s0, sp, 144
    15d4: 00 25        	fld	fs0, 8(a0)
    15d6: 39 00        	c.nop	14
    15d8: 00 00        	unimp	
    15da: 06 01        	slli	sp, sp, 1
    15dc: 0a 00        	c.slli	zero, 2
    15de: 25 d1        	beqz	a0, 0x153e <.debug_info+0x153e>
    15e0: 00 00        	unimp	
    15e2: 00 07        	addi	s0, sp, 896
    15e4: 02 12        	slli	tp, tp, 32
    15e6: 00 2b        	fld	fs0, 16(a4)
    15e8: 04 01        	addi	s1, sp, 128
    15ea: 00 00        	unimp	
    15ec: 07 03 14 00  	<unknown>
    15f0: 2b 04 01 00  	<unknown>
    15f4: 00 07        	addi	s0, sp, 896
    15f6: 04 15        	addi	s1, sp, 672
    15f8: 00 2c        	fld	fs0, 24(s0)
    15fa: f8 00        	addi	a4, sp, 76
    15fc: 00 00        	unimp	
    15fe: 08 00        	<unknown>
    1600: 04 00        	<unknown>
    1602: 00 00        	unimp	
    1604: 09 02        	addi	tp, tp, 2
    1606: 90 2a        	fld	fa2, 16(a3)
    1608: 0c 00        	<unknown>
    160a: 2e d5        	sw	a1, 168(sp)
    160c: 00 00        	unimp	
    160e: 00 00        	unimp	
    1610: 08 01        	addi	a0, sp, 128
    1612: 0c 00        	<unknown>
    1614: 00 00        	unimp	
    1616: 0a 16        	slli	a2, a2, 34
    1618: 00 40        	lw	s0, 0(s0)
    161a: d5 00        	addi	ra, ra, 21
    161c: 00 00        	unimp	
    161e: 00 08        	addi	s0, sp, 16
    1620: 02 20        	fld	ft0, 0(sp)
    1622: 00 00        	unimp	
    1624: 00 07        	addi	s0, sp, 896
    1626: 05 16        	addi	a2, a2, -31
    1628: 00 44        	lw	s0, 8(s0)
    162a: d5 00        	addi	ra, ra, 21
    162c: 00 00        	unimp	
    162e: 00 00        	unimp	
    1630: 04 0b        	addi	s1, sp, 400
    1632: 05 04        	addi	s0, s0, 1
    1634: 0b de 00 00  	<unknown>
    1638: 00 11        	addi	s0, sp, 160
    163a: 01 69        	lui	s2, 0
    163c: 01 0c        	mv	s8, s8
    163e: 04 01        	addi	s1, sp, 128
    1640: 65 01        	addi	sp, sp, 25
    1642: 0d 0d        	addi	s10, s10, 3
    1644: 39 00        	c.nop	14
    1646: 00 00        	unimp	
    1648: 01 67        	lui	a4, 0
    164a: 01 00        	nop
    164c: 0d 0e        	addi	t3, t3, 3
    164e: f8 00        	addi	a4, sp, 76
    1650: 00 00        	unimp	
    1652: 01 68        	lui	a6, 0
    1654: 01 00        	nop
    1656: 00 0e        	addi	s0, sp, 784
    1658: 00 01        	addi	s0, sp, 128
    165a: 00 00        	unimp	
    165c: 10 02        	addi	a2, sp, 256
    165e: 4f 04 0f 07  	<unknown>
    1662: 04 0e        	addi	s1, sp, 784
    1664: d1 00        	addi	ra, ra, 20
    1666: 00 00        	unimp	
    1668: 13 02 4d 00  	addi	tp, s10, 4
    166c: 4a 00        	c.slli	zero, 18
    166e: 00 00        	unimp	
    1670: 05 00        	c.nop	1
    1672: 01 08        	mv	a6, a6
    1674: 15 0e        	addi	t3, t3, 5
    1676: 00 00        	unimp	
    1678: 01 00        	nop
    167a: 0c 00        	<unknown>
    167c: 01 bc        	j	0x108c <.debug_info+0x108c>
    167e: 07 00 00 0a  	vlse8.v	v0, (zero), zero
    1682: 2d 00        	c.nop	11
    1684: 00 02        	addi	s0, sp, 256
    1686: 00 06        	addi	s0, sp, 768
    1688: 00 00        	unimp	
    168a: 00 c8        	sw	s0, 16(s0)
    168c: 02 00        	c.slli64	zero
    168e: 00 9c        	<unknown>
    1690: 14 00        	<unknown>
    1692: 00 02        	addi	s0, sp, 256
    1694: 00 06        	addi	s0, sp, 768
    1696: 00 00        	unimp	
    1698: 00 01        	addi	s0, sp, 128
    169a: 52 03        	slli	t1, t1, 20
    169c: 00 29        	fld	fs0, 16(a0)
    169e: 49 00        	c.nop	18
    16a0: 00 00        	unimp	
    16a2: 03 00 05 00  	lb	zero, 0(a0)
    16a6: 29 49        	li	s2, 10
    16a8: 00 00        	unimp	
    16aa: 00 04        	addi	s0, sp, 512
    16ac: 01 06        	mv	a2, a2
    16ae: 00 2b        	fld	fs0, 16(a4)
    16b0: 49 00        	c.nop	18
    16b2: 00 00        	unimp	
    16b4: 00 05        	addi	s0, sp, 640
    16b6: 04 04        	addi	s1, sp, 512
    16b8: 08 00        	<unknown>
    16ba: 4a 00        	c.slli	zero, 18
    16bc: 00 00        	unimp	
    16be: 05 00        	c.nop	1
    16c0: 01 08        	mv	a6, a6
    16c2: 72 0e        	slli	t3, t3, 28
    16c4: 00 00        	unimp	
    16c6: 01 00        	nop
    16c8: 0c 00        	<unknown>
    16ca: 01 e0        	bnez	s0, 0x16ca <.debug_info+0x16ca>
    16cc: 07 00 00 72  	<unknown>
    16d0: 2d 00        	c.nop	11
    16d2: 00 02        	addi	s0, sp, 256
    16d4: 00 06        	addi	s0, sp, 768
    16d6: 00 00        	unimp	
    16d8: 00 d8        	sw	s0, 48(s0)
    16da: 02 00        	c.slli64	zero
    16dc: 00 be        	fsd	fs0, 56(a2)
    16de: 14 00        	<unknown>
    16e0: 00 02        	addi	s0, sp, 256
    16e2: 00 06        	addi	s0, sp, 768
    16e4: 00 00        	unimp	
    16e6: 00 01        	addi	s0, sp, 128
    16e8: 52 03        	slli	t1, t1, 20
    16ea: 00 29        	fld	fs0, 16(a0)
    16ec: 49 00        	c.nop	18
    16ee: 00 00        	unimp	
    16f0: 03 00 05 00  	lb	zero, 0(a0)
    16f4: 29 49        	li	s2, 10
    16f6: 00 00        	unimp	
    16f8: 00 04        	addi	s0, sp, 512
    16fa: 01 06        	mv	a2, a2
    16fc: 00 2b        	fld	fs0, 16(a4)
    16fe: 49 00        	c.nop	18
    1700: 00 00        	unimp	
    1702: 00 05        	addi	s0, sp, 640
    1704: 04 04        	addi	s1, sp, 512
    1706: 04 00        	<unknown>

Disassembly of section .debug_str_offsets:

0000000000000000 <.debug_str_offsets>:
       0: 64 00        	addi	s1, sp, 12
       2: 00 00        	unimp	
       4: 05 00        	c.nop	1
       6: 00 00        	unimp	
       8: 48 01        	addi	a0, sp, 132
       a: 00 00        	unimp	
       c: b5 00        	addi	ra, ra, 13
       e: 00 00        	unimp	
      10: 9c 03        	addi	a5, sp, 448
      12: 00 00        	unimp	
      14: 20 04        	addi	s0, sp, 520
      16: 00 00        	unimp	
      18: 6a 05        	slli	a0, a0, 26
      1a: 00 00        	unimp	
      1c: 74 04        	addi	a3, sp, 524
      1e: 00 00        	unimp	
      20: f2 05        	slli	a1, a1, 28
      22: 00 00        	unimp	
      24: 2d 04        	addi	s0, s0, 11
      26: 00 00        	unimp	
      28: 37 04 00 00  	lui	s0, 0
      2c: a8 05        	addi	a0, sp, 712
      2e: 00 00        	unimp	
      30: 87 04 00 00  	vle8.v	v9, (zero), v0.t
      34: b9 02        	addi	t0, t0, 14
      36: 00 00        	unimp	
      38: 15 03        	addi	t1, t1, 5
      3a: 00 00        	unimp	
      3c: ef 02 00 00  	jal	t0, 0x3c <.debug_info+0x3c>
      40: cd 02        	addi	t0, t0, 19
      42: 00 00        	unimp	
      44: e9 05        	addi	a1, a1, 26
      46: 00 00        	unimp	
      48: ea 03        	slli	t2, t2, 26
      4a: 00 00        	unimp	
      4c: b3 04 00 00  	add	s1, zero, zero
      50: 36 00        	c.slli	zero, 13
      52: 00 00        	unimp	
      54: b8 05        	addi	a4, sp, 712
      56: 00 00        	unimp	
      58: f1 02        	addi	t0, t0, 28
      5a: 00 00        	unimp	
      5c: f8 05        	addi	a4, sp, 716
      5e: 00 00        	unimp	
      60: 37 02 00 00  	lui	tp, 0
      64: a1 00        	addi	ra, ra, 8
      66: 00 00        	unimp	
      68: 7c 00        	addi	a5, sp, 12
      6a: 00 00        	unimp	
      6c: 05 00        	c.nop	1
      6e: 00 00        	unimp	
      70: 48 01        	addi	a0, sp, 132
      72: 00 00        	unimp	
      74: b1 01        	addi	gp, gp, 12
      76: 00 00        	unimp	
      78: 9c 03        	addi	a5, sp, 448
      7a: 00 00        	unimp	
      7c: a3 00 00 00  	sb	zero, 1(zero)
      80: 6a 05        	slli	a0, a0, 26
      82: 00 00        	unimp	
      84: ac 05        	addi	a1, sp, 712
      86: 00 00        	unimp	
      88: 8b 04 00 00  	<unknown>
      8c: f9 01        	addi	gp, gp, 30
      8e: 00 00        	unimp	
      90: fc 01        	addi	a5, sp, 204
      92: 00 00        	unimp	
      94: f5 02        	addi	t0, t0, 29
      96: 00 00        	unimp	
      98: f8 02        	addi	a4, sp, 332
      9a: 00 00        	unimp	
      9c: f2 05        	slli	a1, a1, 28
      9e: 00 00        	unimp	
      a0: 20 04        	addi	s0, sp, 520
      a2: 00 00        	unimp	
      a4: 15 03        	addi	t1, t1, 5
      a6: 00 00        	unimp	
      a8: 87 04 00 00  	vle8.v	v9, (zero), v0.t
      ac: cd 02        	addi	t0, t0, 19
      ae: 00 00        	unimp	
      b0: e9 05        	addi	a1, a1, 26
      b2: 00 00        	unimp	
      b4: ea 03        	slli	t2, t2, 26
      b6: 00 00        	unimp	
      b8: b3 04 00 00  	add	s1, zero, zero
      bc: 36 00        	c.slli	zero, 13
      be: 00 00        	unimp	
      c0: b8 05        	addi	a4, sp, 712
      c2: 00 00        	unimp	
      c4: f1 02        	addi	t0, t0, 28
      c6: 00 00        	unimp	
      c8: f8 05        	addi	a4, sp, 716
      ca: 00 00        	unimp	
      cc: 37 02 00 00  	lui	tp, 0
      d0: 2d 04        	addi	s0, s0, 11
      d2: 00 00        	unimp	
      d4: ef 02 00 00  	jal	t0, 0xd4 <.debug_info+0xd4>
      d8: 44 04        	addi	s1, sp, 516
      da: 00 00        	unimp	
      dc: 6f 00 00 00  	j	0xdc <.debug_info+0xdc>
      e0: 89 03        	addi	t2, t2, 2
      e2: 00 00        	unimp	
      e4: 8e 04        	slli	s1, s1, 3
      e6: 00 00        	unimp	
      e8: d0 00        	addi	a2, sp, 68
      ea: 00 00        	unimp	
      ec: 05 00        	c.nop	1
      ee: 00 00        	unimp	
      f0: 48 01        	addi	a0, sp, 132
      f2: 00 00        	unimp	
      f4: 71 05        	addi	a0, a0, 28
      f6: 00 00        	unimp	
      f8: 9c 03        	addi	a5, sp, 448
      fa: 00 00        	unimp	
      fc: 00 00        	unimp	
      fe: 00 00        	unimp	
     100: 6a 05        	slli	a0, a0, 26
     102: 00 00        	unimp	
     104: 98 05        	addi	a4, sp, 704
     106: 00 00        	unimp	
     108: 72 00        	c.slli	zero, 28
     10a: 00 00        	unimp	
     10c: 03 03 00 00  	lb	t1, 0(zero)
     110: 7c 00        	addi	a5, sp, 12
     112: 00 00        	unimp	
     114: c3 05 00 00  	fmadd.s	fa1, ft0, ft0, ft0, rne
     118: 07 00 00 00  	vle8.v	v0, (zero), v0.t
     11c: 8c 03        	addi	a1, sp, 448
     11e: 00 00        	unimp	
     120: 46 04        	slli	s0, s0, 17
     122: 00 00        	unimp	
     124: ff 01 00 00  	<unknown>
     128: 3a 02        	slli	tp, tp, 14
     12a: 00 00        	unimp	
     12c: f2 05        	slli	a1, a1, 28
     12e: 00 00        	unimp	
     130: 2d 04        	addi	s0, s0, 11
     132: 00 00        	unimp	
     134: b9 02        	addi	t0, t0, 14
     136: 00 00        	unimp	
     138: c8 05        	addi	a0, sp, 708
     13a: 00 00        	unimp	
     13c: d2 02        	slli	t0, t0, 20
     13e: 00 00        	unimp	
     140: 43 00 00 00  	fmadd.s	ft0, ft0, ft0, ft0, rne
     144: d7 02 00 00  	vadd.vv	v5, v0, v0, v0.t
     148: 43 02 00 00  	fmadd.s	ft4, ft0, ft0, ft0, rne
     14c: 74 04        	addi	a3, sp, 524
     14e: 00 00        	unimp	
     150: e8 04        	addi	a0, sp, 588
     152: 00 00        	unimp	
     154: 15 03        	addi	t1, t1, 5
     156: 00 00        	unimp	
     158: 87 04 00 00  	vle8.v	v9, (zero), v0.t
     15c: ef 02 00 00  	jal	t0, 0x15c <.debug_info+0x15c>
     160: cd 02        	addi	t0, t0, 19
     162: 00 00        	unimp	
     164: e9 05        	addi	a1, a1, 26
     166: 00 00        	unimp	
     168: ea 03        	slli	t2, t2, 26
     16a: 00 00        	unimp	
     16c: b3 04 00 00  	add	s1, zero, zero
     170: 36 00        	c.slli	zero, 13
     172: 00 00        	unimp	
     174: b8 05        	addi	a4, sp, 712
     176: 00 00        	unimp	
     178: f1 02        	addi	t0, t0, 28
     17a: 00 00        	unimp	
     17c: f8 05        	addi	a4, sp, 716
     17e: 00 00        	unimp	
     180: 94 03        	addi	a3, sp, 448
     182: 00 00        	unimp	
     184: 37 02 00 00  	lui	tp, 0
     188: 17 03 00 00  	auipc	t1, 0
     18c: a1 00        	addi	ra, ra, 8
     18e: 00 00        	unimp	
     190: af 05 00 00  	<unknown>
     194: 44 04        	addi	s1, sp, 516
     196: 00 00        	unimp	
     198: 89 04        	addi	s1, s1, 2
     19a: 00 00        	unimp	
     19c: 84 00        	addi	s1, sp, 64
     19e: 00 00        	unimp	
     1a0: a3 05 00 00  	sb	zero, 11(zero)
     1a4: 90 04        	addi	a2, sp, 576
     1a6: 00 00        	unimp	
     1a8: 92 04        	slli	s1, s1, 4
     1aa: 00 00        	unimp	
     1ac: 97 04 00 00  	auipc	s1, 0
     1b0: a7 00 00 00  	vse8.v	v1, (zero), v0.t
     1b4: 86 00        	slli	ra, ra, 1
     1b6: 00 00        	unimp	
     1b8: ef 05 00 00  	jal	a1, 0x1b8 <.debug_info+0x1b8>
     1bc: b0 00        	addi	a2, sp, 72
     1be: 00 00        	unimp	
     1c0: 05 00        	c.nop	1
     1c2: 00 00        	unimp	
     1c4: 48 01        	addi	a0, sp, 132
     1c6: 00 00        	unimp	
     1c8: 04 02        	addi	s1, sp, 256
     1ca: 00 00        	unimp	
     1cc: 9c 03        	addi	a5, sp, 448
     1ce: 00 00        	unimp	
     1d0: ff 01 00 00  	<unknown>
     1d4: 6a 05        	slli	a0, a0, 26
     1d6: 00 00        	unimp	
     1d8: 2b 02 00 00  	<unknown>
     1dc: 46 04        	slli	s0, s0, 17
     1de: 00 00        	unimp	
     1e0: a3 00 00 00  	sb	zero, 1(zero)
     1e4: fb 02 00 00  	<unknown>
     1e8: f2 05        	slli	a1, a1, 28
     1ea: 00 00        	unimp	
     1ec: b9 02        	addi	t0, t0, 14
     1ee: 00 00        	unimp	
     1f0: 32 02        	slli	tp, tp, 12
     1f2: 00 00        	unimp	
     1f4: 2d 04        	addi	s0, s0, 11
     1f6: 00 00        	unimp	
     1f8: 0f 06 00 00  	<unknown>
     1fc: ac 00        	addi	a1, sp, 72
     1fe: 00 00        	unimp	
     200: 16 06        	slli	a2, a2, 5
     202: 00 00        	unimp	
     204: 43 00 00 00  	fmadd.s	ft0, ft0, ft0, ft0, rne
     208: 4c 04        	addi	a1, sp, 516
     20a: 00 00        	unimp	
     20c: f6 05        	slli	a1, a1, 29
     20e: 00 00        	unimp	
     210: 9b 04 00 00  	sext.w	s1, zero
     214: 55 00        	c.nop	21
     216: 00 00        	unimp	
     218: 15 03        	addi	t1, t1, 5
     21a: 00 00        	unimp	
     21c: 87 04 00 00  	vle8.v	v9, (zero), v0.t
     220: 86 00        	slli	ra, ra, 1
     222: 00 00        	unimp	
     224: ef 05 00 00  	jal	a1, 0x224 <.debug_info+0x224>
     228: 56 02        	slli	tp, tp, 21
     22a: 00 00        	unimp	
     22c: b2 05        	slli	a1, a1, 12
     22e: 00 00        	unimp	
     230: d7 00 00 00  	vadd.vv	v1, v0, v0, v0.t
     234: da 00        	slli	ra, ra, 22
     236: 00 00        	unimp	
     238: 19 03        	addi	t1, t1, 6
     23a: 00 00        	unimp	
     23c: a5 04        	addi	s1, s1, 9
     23e: 00 00        	unimp	
     240: 84 00        	addi	s1, sp, 64
     242: 00 00        	unimp	
     244: 90 04        	addi	a2, sp, 576
     246: 00 00        	unimp	
     248: 1c 03        	addi	a5, sp, 384
     24a: 00 00        	unimp	
     24c: 4f 04 00 00  	fnmadd.s	fs0, ft0, ft0, ft0, rne
     250: 79 00        	c.nop	30
     252: 00 00        	unimp	
     254: a1 00        	addi	ra, ra, 8
     256: 00 00        	unimp	
     258: ef 02 00 00  	jal	t0, 0x258 <.debug_info+0x258>
     25c: b2 00        	slli	ra, ra, 12
     25e: 00 00        	unimp	
     260: f0 03        	addi	a2, sp, 460
     262: 00 00        	unimp	
     264: d4 05        	addi	a3, sp, 708
     266: 00 00        	unimp	
     268: eb 04 00 00  	<unknown>
     26c: 0b 03 00 00  	<unknown>
     270: 80 00        	addi	s0, sp, 64
     272: 00 00        	unimp	
     274: 05 00        	c.nop	1
     276: 00 00        	unimp	
     278: 48 01        	addi	a0, sp, 132
     27a: 00 00        	unimp	
     27c: 52 04        	slli	s0, s0, 20
     27e: 00 00        	unimp	
     280: 9c 03        	addi	a5, sp, 448
     282: 00 00        	unimp	
     284: ed 04        	addi	s1, s1, 27
     286: 00 00        	unimp	
     288: 6a 05        	slli	a0, a0, 26
     28a: 00 00        	unimp	
     28c: f0 04        	addi	a2, sp, 588
     28e: 00 00        	unimp	
     290: da 05        	slli	a1, a1, 22
     292: 00 00        	unimp	
     294: b7 04 00 00  	lui	s1, 0
     298: dd 05        	addi	a1, a1, 23
     29a: 00 00        	unimp	
     29c: a8 04        	addi	a0, sp, 584
     29e: 00 00        	unimp	
     2a0: c3 05 00 00  	fmadd.s	fa1, ft0, ft0, ft0, rne
     2a4: f2 05        	slli	a1, a1, 28
     2a6: 00 00        	unimp	
     2a8: d7 02 00 00  	vadd.vv	v5, v0, v0, v0.t
     2ac: 43 02 00 00  	fmadd.s	ft4, ft0, ft0, ft0, rne
     2b0: 37 04 00 00  	lui	s0, 0
     2b4: 15 03        	addi	t1, t1, 5
     2b6: 00 00        	unimp	
     2b8: 87 04 00 00  	vle8.v	v9, (zero), v0.t
     2bc: e0 05        	addi	s0, sp, 716
     2be: 00 00        	unimp	
     2c0: cd 02        	addi	t0, t0, 19
     2c2: 00 00        	unimp	
     2c4: e9 05        	addi	a1, a1, 26
     2c6: 00 00        	unimp	
     2c8: ea 03        	slli	t2, t2, 26
     2ca: 00 00        	unimp	
     2cc: b3 04 00 00  	add	s1, zero, zero
     2d0: 36 00        	c.slli	zero, 13
     2d2: 00 00        	unimp	
     2d4: b8 05        	addi	a4, sp, 712
     2d6: 00 00        	unimp	
     2d8: f1 02        	addi	t0, t0, 28
     2da: 00 00        	unimp	
     2dc: f8 05        	addi	a4, sp, 716
     2de: 00 00        	unimp	
     2e0: 37 02 00 00  	lui	tp, 0
     2e4: 2d 04        	addi	s0, s0, 11
     2e6: 00 00        	unimp	
     2e8: ef 02 00 00  	jal	t0, 0x2e8 <.debug_info+0x2e8>
     2ec: d3 01 00 00  	fadd.s	ft3, ft0, ft0, rne
     2f0: 44 04        	addi	s1, sp, 516
     2f2: 00 00        	unimp	
     2f4: 68 00        	addi	a0, sp, 12
     2f6: 00 00        	unimp	
     2f8: 05 00        	c.nop	1
     2fa: 00 00        	unimp	
     2fc: 48 01        	addi	a0, sp, 132
     2fe: 00 00        	unimp	
     300: 1e 03        	slli	t1, t1, 7
     302: 00 00        	unimp	
     304: 9c 03        	addi	a5, sp, 448
     306: 00 00        	unimp	
     308: 42 03        	slli	t1, t1, 16
     30a: 00 00        	unimp	
     30c: 6a 05        	slli	a0, a0, 26
     30e: 00 00        	unimp	
     310: 36 00        	c.slli	zero, 13
     312: 00 00        	unimp	
     314: b8 05        	addi	a4, sp, 712
     316: 00 00        	unimp	
     318: d7 02 00 00  	vadd.vv	v5, v0, v0, v0.t
     31c: 43 02 00 00  	fmadd.s	ft4, ft0, ft0, ft0, rne
     320: ac 00        	addi	a1, sp, 72
     322: 00 00        	unimp	
     324: 15 03        	addi	t1, t1, 5
     326: 00 00        	unimp	
     328: ea 02        	slli	t0, t0, 26
     32a: 00 00        	unimp	
     32c: e9 05        	addi	a1, a1, 26
     32e: 00 00        	unimp	
     330: ea 03        	slli	t2, t2, 26
     332: 00 00        	unimp	
     334: b3 04 00 00  	add	s1, zero, zero
     338: f1 02        	addi	t0, t0, 28
     33a: 00 00        	unimp	
     33c: f8 05        	addi	a4, sp, 716
     33e: 00 00        	unimp	
     340: d5 01        	addi	gp, gp, 21
     342: 00 00        	unimp	
     344: f2 05        	slli	a1, a1, 28
     346: 00 00        	unimp	
     348: 2d 04        	addi	s0, s0, 11
     34a: 00 00        	unimp	
     34c: f3 03 00 00  	<unknown>
     350: a0 05        	addi	s0, sp, 712
     352: 00 00        	unimp	
     354: 90 04        	addi	a2, sp, 576
     356: 00 00        	unimp	
     358: 84 00        	addi	s1, sp, 64
     35a: 00 00        	unimp	
     35c: 5b 02 00 00  	<unknown>
     360: 64 00        	addi	s1, sp, 12
     362: 00 00        	unimp	
     364: 05 00        	c.nop	1
     366: 00 00        	unimp	
     368: 48 01        	addi	a0, sp, 132
     36a: 00 00        	unimp	
     36c: f3 04 00 00  	<unknown>
     370: 9c 03        	addi	a5, sp, 448
     372: 00 00        	unimp	
     374: 37 04 00 00  	lui	s0, 0
     378: 6a 05        	slli	a0, a0, 26
     37a: 00 00        	unimp	
     37c: f2 05        	slli	a1, a1, 28
     37e: 00 00        	unimp	
     380: 74 04        	addi	a3, sp, 524
     382: 00 00        	unimp	
     384: 2d 04        	addi	s0, s0, 11
     386: 00 00        	unimp	
     388: 20 04        	addi	s0, sp, 520
     38a: 00 00        	unimp	
     38c: ba 04        	slli	s1, s1, 14
     38e: 00 00        	unimp	
     390: 87 04 00 00  	vle8.v	v9, (zero), v0.t
     394: b9 02        	addi	t0, t0, 14
     396: 00 00        	unimp	
     398: 15 03        	addi	t1, t1, 5
     39a: 00 00        	unimp	
     39c: ef 02 00 00  	jal	t0, 0x39c <.debug_info+0x39c>
     3a0: cd 02        	addi	t0, t0, 19
     3a2: 00 00        	unimp	
     3a4: e9 05        	addi	a1, a1, 26
     3a6: 00 00        	unimp	
     3a8: ea 03        	slli	t2, t2, 26
     3aa: 00 00        	unimp	
     3ac: b3 04 00 00  	add	s1, zero, zero
     3b0: 36 00        	c.slli	zero, 13
     3b2: 00 00        	unimp	
     3b4: b8 05        	addi	a4, sp, 712
     3b6: 00 00        	unimp	
     3b8: f1 02        	addi	t0, t0, 28
     3ba: 00 00        	unimp	
     3bc: f8 05        	addi	a4, sp, 716
     3be: 00 00        	unimp	
     3c0: 37 02 00 00  	lui	tp, 0
     3c4: a1 00        	addi	ra, ra, 8
     3c6: 00 00        	unimp	
     3c8: 5c 00        	addi	a5, sp, 4
     3ca: 00 00        	unimp	
     3cc: 05 00        	c.nop	1
     3ce: 00 00        	unimp	
     3d0: 48 01        	addi	a0, sp, 132
     3d2: 00 00        	unimp	
     3d4: dd 00        	addi	ra, ra, 23
     3d6: 00 00        	unimp	
     3d8: 9c 03        	addi	a5, sp, 448
     3da: 00 00        	unimp	
     3dc: d8 01        	addi	a4, sp, 196
     3de: 00 00        	unimp	
     3e0: e3 05 00 00  	beqz	zero, 0xbea <.debug_info+0xbea>
     3e4: f2 05        	slli	a1, a1, 28
     3e6: 00 00        	unimp	
     3e8: 47 03 00 00  	fmsub.s	ft6, ft0, ft0, ft0, rne
     3ec: 2d 04        	addi	s0, s0, 11
     3ee: 00 00        	unimp	
     3f0: 89 00        	addi	ra, ra, 2
     3f2: 00 00        	unimp	
     3f4: 60 02        	addi	s0, sp, 268
     3f6: 00 00        	unimp	
     3f8: 87 04 00 00  	vle8.v	v9, (zero), v0.t
     3fc: b9 02        	addi	t0, t0, 14
     3fe: 00 00        	unimp	
     400: 15 03        	addi	t1, t1, 5
     402: 00 00        	unimp	
     404: ef 02 00 00  	jal	t0, 0x404 <.debug_info+0x404>
     408: f6 03        	slli	t2, t2, 29
     40a: 00 00        	unimp	
     40c: e9 05        	addi	a1, a1, 26
     40e: 00 00        	unimp	
     410: 65 02        	addi	tp, tp, 25
     412: 00 00        	unimp	
     414: 36 00        	c.slli	zero, 13
     416: 00 00        	unimp	
     418: b8 05        	addi	a4, sp, 712
     41a: 00 00        	unimp	
     41c: 32 01        	slli	sp, sp, 12
     41e: 00 00        	unimp	
     420: 37 02 00 00  	lui	tp, 0
     424: a1 00        	addi	ra, ra, 8
     426: 00 00        	unimp	
     428: 70 00        	addi	a2, sp, 12
     42a: 00 00        	unimp	
     42c: 05 00        	c.nop	1
     42e: 00 00        	unimp	
     430: 48 01        	addi	a0, sp, 132
     432: 00 00        	unimp	
     434: be 04        	slli	s1, s1, 15
     436: 00 00        	unimp	
     438: 9c 03        	addi	a5, sp, 448
     43a: 00 00        	unimp	
     43c: ed 04        	addi	s1, s1, 27
     43e: 00 00        	unimp	
     440: e3 05 00 00  	beqz	zero, 0xc4a <.debug_info+0xc4a>
     444: f0 04        	addi	a2, sp, 588
     446: 00 00        	unimp	
     448: da 05        	slli	a1, a1, 22
     44a: 00 00        	unimp	
     44c: b7 04 00 00  	lui	s1, 0
     450: dd 05        	addi	a1, a1, 23
     452: 00 00        	unimp	
     454: a8 04        	addi	a0, sp, 584
     456: 00 00        	unimp	
     458: c3 05 00 00  	fmadd.s	fa1, ft0, ft0, ft0, rne
     45c: f2 05        	slli	a1, a1, 28
     45e: 00 00        	unimp	
     460: d8 01        	addi	a4, sp, 196
     462: 00 00        	unimp	
     464: 15 03        	addi	t1, t1, 5
     466: 00 00        	unimp	
     468: 87 04 00 00  	vle8.v	v9, (zero), v0.t
     46c: e0 05        	addi	s0, sp, 716
     46e: 00 00        	unimp	
     470: f6 03        	slli	t2, t2, 29
     472: 00 00        	unimp	
     474: e9 05        	addi	a1, a1, 26
     476: 00 00        	unimp	
     478: 65 02        	addi	tp, tp, 25
     47a: 00 00        	unimp	
     47c: 36 00        	c.slli	zero, 13
     47e: 00 00        	unimp	
     480: b8 05        	addi	a4, sp, 712
     482: 00 00        	unimp	
     484: 32 01        	slli	sp, sp, 12
     486: 00 00        	unimp	
     488: 37 02 00 00  	lui	tp, 0
     48c: 2d 04        	addi	s0, s0, 11
     48e: 00 00        	unimp	
     490: ef 02 00 00  	jal	t0, 0x490 <.debug_info+0x490>
     494: d3 01 00 00  	fadd.s	ft3, ft0, ft0, rne
     498: 44 04        	addi	s1, sp, 516
     49a: 00 00        	unimp	
     49c: b8 00        	addi	a4, sp, 72
     49e: 00 00        	unimp	
     4a0: 05 00        	c.nop	1
     4a2: 00 00        	unimp	
     4a4: 48 01        	addi	a0, sp, 132
     4a6: 00 00        	unimp	
     4a8: 0e 00        	c.slli	zero, 3
     4aa: 00 00        	unimp	
     4ac: 9c 03        	addi	a5, sp, 448
     4ae: 00 00        	unimp	
     4b0: 00 00        	unimp	
     4b2: 00 00        	unimp	
     4b4: e3 05 00 00  	beqz	zero, 0xcbe <.debug_info+0xcbe>
     4b8: 98 05        	addi	a4, sp, 704
     4ba: 00 00        	unimp	
     4bc: 72 00        	c.slli	zero, 28
     4be: 00 00        	unimp	
     4c0: 03 03 00 00  	lb	t1, 0(zero)
     4c4: 7c 00        	addi	a5, sp, 12
     4c6: 00 00        	unimp	
     4c8: c3 05 00 00  	fmadd.s	fa1, ft0, ft0, ft0, rne
     4cc: 07 00 00 00  	vle8.v	v0, (zero), v0.t
     4d0: 8c 03        	addi	a1, sp, 448
     4d2: 00 00        	unimp	
     4d4: 57 00 00 00  	vadd.vv	v0, v0, v0, v0.t
     4d8: ff 01 00 00  	<unknown>
     4dc: 3a 02        	slli	tp, tp, 14
     4de: 00 00        	unimp	
     4e0: f2 05        	slli	a1, a1, 28
     4e2: 00 00        	unimp	
     4e4: 2d 04        	addi	s0, s0, 11
     4e6: 00 00        	unimp	
     4e8: b9 02        	addi	t0, t0, 14
     4ea: 00 00        	unimp	
     4ec: c8 05        	addi	a0, sp, 708
     4ee: 00 00        	unimp	
     4f0: e6 01        	slli	gp, gp, 25
     4f2: 00 00        	unimp	
     4f4: 5c 00        	addi	a5, sp, 4
     4f6: 00 00        	unimp	
     4f8: 47 03 00 00  	fmsub.s	ft6, ft0, ft0, ft0, rne
     4fc: e8 04        	addi	a0, sp, 588
     4fe: 00 00        	unimp	
     500: 15 03        	addi	t1, t1, 5
     502: 00 00        	unimp	
     504: 87 04 00 00  	vle8.v	v9, (zero), v0.t
     508: f6 03        	slli	t2, t2, 29
     50a: 00 00        	unimp	
     50c: e9 05        	addi	a1, a1, 26
     50e: 00 00        	unimp	
     510: 65 02        	addi	tp, tp, 25
     512: 00 00        	unimp	
     514: 36 00        	c.slli	zero, 13
     516: 00 00        	unimp	
     518: b8 05        	addi	a4, sp, 712
     51a: 00 00        	unimp	
     51c: 32 01        	slli	sp, sp, 12
     51e: 00 00        	unimp	
     520: 94 03        	addi	a3, sp, 448
     522: 00 00        	unimp	
     524: 37 02 00 00  	lui	tp, 0
     528: ef 02 00 00  	jal	t0, 0x528 <.debug_info+0x528>
     52c: 17 03 00 00  	auipc	t1, 0
     530: a1 00        	addi	ra, ra, 8
     532: 00 00        	unimp	
     534: af 05 00 00  	<unknown>
     538: 44 04        	addi	s1, sp, 516
     53a: 00 00        	unimp	
     53c: 89 04        	addi	s1, s1, 2
     53e: 00 00        	unimp	
     540: 84 00        	addi	s1, sp, 64
     542: 00 00        	unimp	
     544: a3 05 00 00  	sb	zero, 11(zero)
     548: 90 04        	addi	a2, sp, 576
     54a: 00 00        	unimp	
     54c: 86 00        	slli	ra, ra, 1
     54e: 00 00        	unimp	
     550: ef 05 00 00  	jal	a1, 0x550 <.debug_info+0x550>
     554: 00 01        	addi	s0, sp, 128
     556: 00 00        	unimp	
     558: b0 00        	addi	a2, sp, 72
     55a: 00 00        	unimp	
     55c: 05 00        	c.nop	1
     55e: 00 00        	unimp	
     560: 48 01        	addi	a0, sp, 132
     562: 00 00        	unimp	
     564: 6a 02        	slli	tp, tp, 26
     566: 00 00        	unimp	
     568: 9c 03        	addi	a5, sp, 448
     56a: 00 00        	unimp	
     56c: ff 01 00 00  	<unknown>
     570: e3 05 00 00  	beqz	zero, 0xd7a <.debug_info+0xd7a>
     574: ec 01        	addi	a1, sp, 204
     576: 00 00        	unimp	
     578: 57 00 00 00  	vadd.vv	v0, v0, v0, v0.t
     57c: a3 00 00 00  	sb	zero, 1(zero)
     580: fb 02 00 00  	<unknown>
     584: f2 05        	slli	a1, a1, 28
     586: 00 00        	unimp	
     588: b9 02        	addi	t0, t0, 14
     58a: 00 00        	unimp	
     58c: 32 02        	slli	tp, tp, 12
     58e: 00 00        	unimp	
     590: 2d 04        	addi	s0, s0, 11
     592: 00 00        	unimp	
     594: ab 04 00 00  	<unknown>
     598: 9e 04        	slli	s1, s1, 7
     59a: 00 00        	unimp	
     59c: 16 06        	slli	a2, a2, 5
     59e: 00 00        	unimp	
     5a0: 5c 00        	addi	a5, sp, 4
     5a2: 00 00        	unimp	
     5a4: 4c 04        	addi	a1, sp, 516
     5a6: 00 00        	unimp	
     5a8: f6 05        	slli	a1, a1, 29
     5aa: 00 00        	unimp	
     5ac: 9b 04 00 00  	sext.w	s1, zero
     5b0: 55 00        	c.nop	21
     5b2: 00 00        	unimp	
     5b4: 15 03        	addi	t1, t1, 5
     5b6: 00 00        	unimp	
     5b8: 87 04 00 00  	vle8.v	v9, (zero), v0.t
     5bc: 86 00        	slli	ra, ra, 1
     5be: 00 00        	unimp	
     5c0: ef 05 00 00  	jal	a1, 0x5c0 <.debug_info+0x5c0>
     5c4: 56 02        	slli	tp, tp, 21
     5c6: 00 00        	unimp	
     5c8: b2 05        	slli	a1, a1, 12
     5ca: 00 00        	unimp	
     5cc: d7 00 00 00  	vadd.vv	v1, v0, v0, v0.t
     5d0: da 00        	slli	ra, ra, 22
     5d2: 00 00        	unimp	
     5d4: 19 03        	addi	t1, t1, 6
     5d6: 00 00        	unimp	
     5d8: a5 04        	addi	s1, s1, 9
     5da: 00 00        	unimp	
     5dc: 84 00        	addi	s1, sp, 64
     5de: 00 00        	unimp	
     5e0: 90 04        	addi	a2, sp, 576
     5e2: 00 00        	unimp	
     5e4: 1c 03        	addi	a5, sp, 384
     5e6: 00 00        	unimp	
     5e8: 4f 04 00 00  	fnmadd.s	fs0, ft0, ft0, ft0, rne
     5ec: 79 00        	c.nop	30
     5ee: 00 00        	unimp	
     5f0: a1 00        	addi	ra, ra, 8
     5f2: 00 00        	unimp	
     5f4: ef 02 00 00  	jal	t0, 0x5f4 <.debug_info+0x5f4>
     5f8: b2 00        	slli	ra, ra, 12
     5fa: 00 00        	unimp	
     5fc: f0 03        	addi	a2, sp, 460
     5fe: 00 00        	unimp	
     600: d4 05        	addi	a3, sp, 708
     602: 00 00        	unimp	
     604: eb 04 00 00  	<unknown>
     608: 0b 03 00 00  	<unknown>
     60c: 54 00        	addi	a3, sp, 4
     60e: 00 00        	unimp	
     610: 05 00        	c.nop	1
     612: 00 00        	unimp	
     614: 48 01        	addi	a0, sp, 132
     616: 00 00        	unimp	
     618: fb 03 00 00  	<unknown>
     61c: 9c 03        	addi	a5, sp, 448
     61e: 00 00        	unimp	
     620: 42 03        	slli	t1, t1, 16
     622: 00 00        	unimp	
     624: e3 05 00 00  	beqz	zero, 0xe2e <.debug_info+0xe2e>
     628: 9e 04        	slli	s1, s1, 7
     62a: 00 00        	unimp	
     62c: 15 03        	addi	t1, t1, 5
     62e: 00 00        	unimp	
     630: f6 03        	slli	t2, t2, 29
     632: 00 00        	unimp	
     634: e9 05        	addi	a1, a1, 26
     636: 00 00        	unimp	
     638: 65 02        	addi	tp, tp, 25
     63a: 00 00        	unimp	
     63c: 36 00        	c.slli	zero, 13
     63e: 00 00        	unimp	
     640: b8 05        	addi	a4, sp, 712
     642: 00 00        	unimp	
     644: 32 01        	slli	sp, sp, 12
     646: 00 00        	unimp	
     648: f3 03 00 00  	<unknown>
     64c: f2 05        	slli	a1, a1, 28
     64e: 00 00        	unimp	
     650: 2d 04        	addi	s0, s0, 11
     652: 00 00        	unimp	
     654: 37 02 00 00  	lui	tp, 0
     658: a0 05        	addi	s0, sp, 712
     65a: 00 00        	unimp	
     65c: 90 04        	addi	a2, sp, 576
     65e: 00 00        	unimp	
     660: 00 01        	addi	s0, sp, 128
     662: 00 00        	unimp	
     664: 74 00        	addi	a3, sp, 12
     666: 00 00        	unimp	
     668: 05 00        	c.nop	1
     66a: 00 00        	unimp	
     66c: 48 01        	addi	a0, sp, 132
     66e: 00 00        	unimp	
     670: 15 05        	addi	a0, a0, 5
     672: 00 00        	unimp	
     674: 9c 03        	addi	a5, sp, 448
     676: 00 00        	unimp	
     678: a3 00 00 00  	sb	zero, 1(zero)
     67c: e3 05 00 00  	beqz	zero, 0xe86 <.debug_info+0xe86>
     680: ac 05        	addi	a1, sp, 712
     682: 00 00        	unimp	
     684: 8b 04 00 00  	<unknown>
     688: f9 01        	addi	gp, gp, 30
     68a: 00 00        	unimp	
     68c: fc 01        	addi	a5, sp, 204
     68e: 00 00        	unimp	
     690: f5 02        	addi	t0, t0, 29
     692: 00 00        	unimp	
     694: f8 02        	addi	a4, sp, 332
     696: 00 00        	unimp	
     698: f2 05        	slli	a1, a1, 28
     69a: 00 00        	unimp	
     69c: 89 00        	addi	ra, ra, 2
     69e: 00 00        	unimp	
     6a0: 15 03        	addi	t1, t1, 5
     6a2: 00 00        	unimp	
     6a4: 87 04 00 00  	vle8.v	v9, (zero), v0.t
     6a8: f6 03        	slli	t2, t2, 29
     6aa: 00 00        	unimp	
     6ac: e9 05        	addi	a1, a1, 26
     6ae: 00 00        	unimp	
     6b0: 65 02        	addi	tp, tp, 25
     6b2: 00 00        	unimp	
     6b4: 36 00        	c.slli	zero, 13
     6b6: 00 00        	unimp	
     6b8: b8 05        	addi	a4, sp, 712
     6ba: 00 00        	unimp	
     6bc: 32 01        	slli	sp, sp, 12
     6be: 00 00        	unimp	
     6c0: 37 02 00 00  	lui	tp, 0
     6c4: 2d 04        	addi	s0, s0, 11
     6c6: 00 00        	unimp	
     6c8: ef 02 00 00  	jal	t0, 0x6c8 <.debug_info+0x6c8>
     6cc: 44 04        	addi	s1, sp, 516
     6ce: 00 00        	unimp	
     6d0: 6f 00 00 00  	j	0x6d0 <.debug_info+0x6d0>
     6d4: 89 03        	addi	t2, t2, 2
     6d6: 00 00        	unimp	
     6d8: 8e 04        	slli	s1, s1, 3
     6da: 00 00        	unimp	
     6dc: 70 00        	addi	a2, sp, 12
     6de: 00 00        	unimp	
     6e0: 05 00        	c.nop	1
     6e2: 00 00        	unimp	
     6e4: 48 01        	addi	a0, sp, 132
     6e6: 00 00        	unimp	
     6e8: 92 02        	slli	t0, t0, 4
     6ea: 00 00        	unimp	
     6ec: 9c 03        	addi	a5, sp, 448
     6ee: 00 00        	unimp	
     6f0: 5b 03 00 00  	<unknown>
     6f4: 6a 05        	slli	a0, a0, 26
     6f6: 00 00        	unimp	
     6f8: 97 03 00 00  	auipc	t2, 0
     6fc: 42 03        	slli	t1, t1, 16
     6fe: 00 00        	unimp	
     700: e1 04        	addi	s1, s1, 24
     702: 00 00        	unimp	
     704: d7 02 00 00  	vadd.vv	v5, v0, v0, v0.t
     708: 43 02 00 00  	fmadd.s	ft4, ft0, ft0, ft0, rne
     70c: 0f 06 00 00  	<unknown>
     710: 15 03        	addi	t1, t1, 5
     712: 00 00        	unimp	
     714: a1 00        	addi	ra, ra, 8
     716: 00 00        	unimp	
     718: f2 05        	slli	a1, a1, 28
     71a: 00 00        	unimp	
     71c: ea 02        	slli	t0, t0, 26
     71e: 00 00        	unimp	
     720: e9 05        	addi	a1, a1, 26
     722: 00 00        	unimp	
     724: ea 03        	slli	t2, t2, 26
     726: 00 00        	unimp	
     728: b3 04 00 00  	add	s1, zero, zero
     72c: 36 00        	c.slli	zero, 13
     72e: 00 00        	unimp	
     730: b8 05        	addi	a4, sp, 712
     732: 00 00        	unimp	
     734: f1 02        	addi	t0, t0, 28
     736: 00 00        	unimp	
     738: f8 05        	addi	a4, sp, 716
     73a: 00 00        	unimp	
     73c: 97 00 00 00  	auipc	ra, 0
     740: 2d 04        	addi	s0, s0, 11
     742: 00 00        	unimp	
     744: eb 04 00 00  	<unknown>
     748: a7 00 00 00  	vse8.v	v1, (zero), v0.t
     74c: 94 03        	addi	a3, sp, 448
     74e: 00 00        	unimp	
     750: 60 00        	addi	s0, sp, 12
     752: 00 00        	unimp	
     754: 05 00        	c.nop	1
     756: 00 00        	unimp	
     758: 48 01        	addi	a0, sp, 132
     75a: 00 00        	unimp	
     75c: 61 03        	addi	t1, t1, 24
     75e: 00 00        	unimp	
     760: 9c 03        	addi	a5, sp, 448
     762: 00 00        	unimp	
     764: 38 05        	addi	a4, sp, 648
     766: 00 00        	unimp	
     768: e3 05 00 00  	beqz	zero, 0xf72 <.debug_info+0xf72>
     76c: 97 03 00 00  	auipc	t2, 0
     770: 42 03        	slli	t1, t1, 16
     772: 00 00        	unimp	
     774: 9a 00        	slli	ra, ra, 6
     776: 00 00        	unimp	
     778: ab 04 00 00  	<unknown>
     77c: 15 03        	addi	t1, t1, 5
     77e: 00 00        	unimp	
     780: a1 00        	addi	ra, ra, 8
     782: 00 00        	unimp	
     784: f2 05        	slli	a1, a1, 28
     786: 00 00        	unimp	
     788: f6 03        	slli	t2, t2, 29
     78a: 00 00        	unimp	
     78c: e9 05        	addi	a1, a1, 26
     78e: 00 00        	unimp	
     790: 65 02        	addi	tp, tp, 25
     792: 00 00        	unimp	
     794: 36 00        	c.slli	zero, 13
     796: 00 00        	unimp	
     798: b8 05        	addi	a4, sp, 712
     79a: 00 00        	unimp	
     79c: 32 01        	slli	sp, sp, 12
     79e: 00 00        	unimp	
     7a0: 37 02 00 00  	lui	tp, 0
     7a4: 2d 04        	addi	s0, s0, 11
     7a6: 00 00        	unimp	
     7a8: eb 04 00 00  	<unknown>
     7ac: 94 03        	addi	a3, sp, 448
     7ae: 00 00        	unimp	
     7b0: 00 01        	addi	s0, sp, 128
     7b2: 00 00        	unimp	
     7b4: 20 00        	addi	s0, sp, 8
     7b6: 00 00        	unimp	
     7b8: 05 00        	c.nop	1
     7ba: 00 00        	unimp	
     7bc: 48 01        	addi	a0, sp, 132
     7be: 00 00        	unimp	
     7c0: 3e 05        	slli	a0, a0, 15
     7c2: 00 00        	unimp	
     7c4: 9c 03        	addi	a5, sp, 448
     7c6: 00 00        	unimp	
     7c8: d2 02        	slli	t0, t0, 20
     7ca: 00 00        	unimp	
     7cc: 6a 05        	slli	a0, a0, 26
     7ce: 00 00        	unimp	
     7d0: 15 03        	addi	t1, t1, 5
     7d2: 00 00        	unimp	
     7d4: f2 01        	slli	gp, gp, 28
     7d6: 00 00        	unimp	
     7d8: 20 00        	addi	s0, sp, 8
     7da: 00 00        	unimp	
     7dc: 05 00        	c.nop	1
     7de: 00 00        	unimp	
     7e0: 48 01        	addi	a0, sp, 132
     7e2: 00 00        	unimp	
     7e4: 05 01        	addi	sp, sp, 1
     7e6: 00 00        	unimp	
     7e8: 9c 03        	addi	a5, sp, 448
     7ea: 00 00        	unimp	
     7ec: e6 01        	slli	gp, gp, 25
     7ee: 00 00        	unimp	
     7f0: e3 05 00 00  	beqz	zero, 0xffa <.debug_info+0xffa>
     7f4: 15 03        	addi	t1, t1, 5
     7f6: 00 00        	unimp	
     7f8: f2 01        	slli	gp, gp, 28
     7fa: 00 00        	unimp	

Disassembly of section .debug_str:

0000000000000000 <.debug_str>:
       0: 70 69        	ld	a2, 208(a0)
       2: 6f 32 5f 31  	jal	tp, 0xf3b16 <.debug_info+0xf3b16>
       6: 00 70        	ld	s0, 32(s0)
       8: 69 6f        	lui	t5, 26
       a: 32 5f        	lw	t5, 44(sp)
       c: 33 00 2e 2e  	<unknown>
      10: 2f 2e 2e 2f  	<unknown>
      14: 2e 2e        	fld	ft8, 200(sp)
      16: 2f 6e 65 77  	<unknown>
      1a: 6c 69        	ld	a1, 208(a0)
      1c: 62 2f        	fld	ft10, 24(sp)
      1e: 6c 69        	ld	a1, 208(a0)
      20: 62 6d        	ld	s10, 24(sp)
      22: 2f 6d 61 74  	<unknown>
      26: 68 2f        	fld	fa0, 216(a4)
      28: 65 66        	lui	a2, 25
      2a: 5f 72 65 6d  	<unknown>
      2e: 5f 70 69 6f  	<unknown>
      32: 32 2e        	fld	ft8, 264(sp)
      34: 63 00 75 6e  	beq	a0, t2, 0x714 <.debug_info+0x714>
      38: 73 69 67 6e  	csrrsi	s2, 1766, 14
      3c: 65 64        	lui	s0, 25
      3e: 20 69        	ld	s0, 80(a0)
      40: 6e 74        	ld	s0, 248(sp)
      42: 00 5f        	lw	s0, 56(a4)
      44: 5f 6b 65 72  	<unknown>
      48: 6e 65        	ld	a0, 216(sp)
      4a: 6c 5f        	lw	a1, 124(a4)
      4c: 72 65        	ld	a0, 280(sp)
      4e: 6d 5f        	li	t5, -5
      50: 70 69        	ld	a2, 208(a0)
      52: 6f 32 00 71  	jal	tp, 0x3762 <.debug_info+0x3762>
      56: 00 74        	ld	s0, 40(s0)
      58: 77 6f 38 00  	<unknown>
      5c: 5f 5f 6b 65  	<unknown>
      60: 72 6e        	ld	t3, 280(sp)
      62: 65 6c        	lui	s8, 25
      64: 5f 72 65 6d  	<unknown>
      68: 5f 70 69 6f  	<unknown>
      6c: 32 66        	ld	a2, 264(sp)
      6e: 00 71        	ld	s0, 32(a0)
      70: 78 00        	addi	a4, sp, 12
      72: 70 69        	ld	a2, 208(a0)
      74: 6f 32 5f 32  	jal	tp, 0xf3b98 <.debug_info+0xf3b98>
      78: 00 66        	ld	s0, 8(a2)
      7a: 77 00 69 6e  	<unknown>
      7e: 76 70        	<unknown>
      80: 69 6f        	lui	t5, 26
      82: 32 00        	c.slli	zero, 12
      84: 6a 00        	c.slli	zero, 26
      86: 65 30        	<unknown>
      88: 00 5f        	lw	s0, 56(a4)
      8a: 5f 6b 65 72  	<unknown>
      8e: 6e 65        	ld	a0, 216(sp)
      90: 6c 5f        	lw	a1, 124(a4)
      92: 63 6f 73 66  	bltu	t1, t2, 0x710 <.debug_info+0x710>
      96: 00 6c        	ld	s0, 24(s0)
      98: 78 00        	addi	a4, sp, 12
      9a: 74 77        	ld	a3, 232(a4)
      9c: 6f 6d 32 35  	jal	s10, 0x26bee <.debug_info+0x26bee>
      a0: 00 6e        	ld	s0, 24(a2)
      a2: 00 6f        	ld	s0, 24(a4)
      a4: 6e 65        	ld	a0, 216(sp)
      a6: 00 73        	ld	s0, 32(a4)
      a8: 68 5f        	lw	a0, 124(a4)
      aa: 75 00        	c.nop	29
      ac: 66 6c        	ld	s8, 88(sp)
      ae: 6f 6f 72 00  	jal	t5, 0x268b4 <.debug_info+0x268b4>
      b2: 6a 7a        	ld	s4, 184(sp)
      b4: 00 2e        	fld	fs0, 24(a2)
      b6: 2e 2f        	fld	ft10, 200(sp)
      b8: 2e 2e        	fld	ft8, 200(sp)
      ba: 2f 2e 2e 2f  	<unknown>
      be: 6e 65        	ld	a0, 216(sp)
      c0: 77 6c 69 62  	<unknown>
      c4: 2f 6c 69 62  	<unknown>
      c8: 6d 2f        	addiw	t5, t5, 27
      ca: 6d 61        	addi	sp, sp, 240
      cc: 74 68        	ld	a3, 208(s0)
      ce: 2f 73 5f 63  	<unknown>
      d2: 6f 73 2e 63  	jal	t1, 0xe7704 <.debug_info+0xe7704>
      d6: 00 6a        	ld	s0, 16(a2)
      d8: 70 00        	addi	a2, sp, 12
      da: 6a 6b        	ld	s6, 152(sp)
      dc: 00 2e        	fld	fs0, 24(a2)
      de: 2e 2f        	fld	ft10, 200(sp)
      e0: 2e 2e        	fld	ft8, 200(sp)
      e2: 2f 2e 2e 2f  	<unknown>
      e6: 6e 65        	ld	a0, 216(sp)
      e8: 77 6c 69 62  	<unknown>
      ec: 2f 6c 69 62  	<unknown>
      f0: 6d 2f        	addiw	t5, t5, 27
      f2: 6d 61        	addi	sp, sp, 240
      f4: 74 68        	ld	a3, 208(s0)
      f6: 2f 73 66 5f  	<unknown>
      fa: 73 69 6e 2e  	csrrsi	s2, 742, 28
      fe: 63 00 73 66  	beq	t1, t2, 0x75e <.debug_info+0x75e>
     102: 5f 75 00 2e  	<unknown>
     106: 2e 2f        	fld	ft10, 200(sp)
     108: 2e 2e        	fld	ft8, 200(sp)
     10a: 2f 2e 2e 2f  	<unknown>
     10e: 6e 65        	ld	a0, 216(sp)
     110: 77 6c 69 62  	<unknown>
     114: 2f 6c 69 62  	<unknown>
     118: 6d 2f        	addiw	t5, t5, 27
     11a: 6d 61        	addi	sp, sp, 240
     11c: 63 68 69 6e  	bltu	s2, t1, 0x80c <.debug_info+0x80c>
     120: 65 2f        	addiw	t5, t5, 25
     122: 72 69        	ld	s2, 280(sp)
     124: 73 63 76 2f  	csrrsi	t1, 759, 12
     128: 73 66 5f 66  	csrrsi	a2, 1637, 30
     12c: 61 62        	lui	tp, 24
     12e: 73 2e 63 00  	csrrs	t3, 6, t1
     132: 69 65        	lui	a0, 26
     134: 65 65        	lui	a0, 25
     136: 5f 66 6c 6f  	<unknown>
     13a: 61 74        	lui	s0, 1048568
     13c: 5f 73 68 61  	<unknown>
     140: 70 65        	ld	a2, 200(a0)
     142: 5f 74 79 70  	<unknown>
     146: 65 00        	c.nop	25
     148: 63 6c 61 6e  	bltu	sp, t1, 0x840 <.debug_info+0x840>
     14c: 67 20 76 65  	<unknown>
     150: 72 73        	ld	t1, 312(sp)
     152: 69 6f        	lui	t5, 26
     154: 6e 20        	fld	ft0, 216(sp)
     156: 31 36        	addiw	a2, a2, -20
     158: 2e 30        	fld	ft0, 232(sp)
     15a: 2e 30        	fld	ft0, 232(sp)
     15c: 20 28        	fld	fs0, 80(s0)
     15e: 68 74        	ld	a0, 232(s0)
     160: 74 70        	ld	a3, 224(s0)
     162: 73 3a 2f 2f  	csrrc	s4, 754, t5
     166: 67 69 74 68  	<unknown>
     16a: 75 62        	lui	tp, 29
     16c: 2e 63        	ld	t1, 200(sp)
     16e: 6f 6d 2f 6c  	jal	s10, 0xf6830 <.debug_info+0xf6830>
     172: 6c 76        	ld	a1, 232(a2)
     174: 6d 2f        	addiw	t5, t5, 27
     176: 6c 6c        	ld	a1, 216(s0)
     178: 76 6d        	ld	s10, 344(sp)
     17a: 2d 70        	c.lui	zero, -21
     17c: 72 6f        	ld	t5, 280(sp)
     17e: 6a 65        	ld	a0, 152(sp)
     180: 63 74 2e 67  	bgeu	t3, s2, 0x7e8 <.debug_info+0x7e8>
     184: 69 74        	lui	s0, 1048570
     186: 20 35        	fld	fs0, 104(a0)
     188: 30 34        	fld	fa2, 104(s0)
     18a: 37 31 30 34  	lui	sp, 213763
     18e: 61 37        	addiw	a4, a4, -8
     190: 36 34        	fld	fs0, 360(sp)
     192: 34 35        	fld	fa3, 104(a0)
     194: 62 62        	ld	tp, 24(sp)
     196: 34 32        	fld	fa3, 96(a2)
     198: 34 65        	ld	a3, 72(a0)
     19a: 34 38        	fld	fa3, 112(s0)
     19c: 30 35        	fld	fa2, 104(a0)
     19e: 39 34        	addiw	s0, s0, -18
     1a0: 66 30        	fld	ft0, 120(sp)
     1a2: 65 62        	lui	tp, 25
     1a4: 32 65        	ld	a0, 264(sp)
     1a6: 64 37        	fld	fs1, 232(a4)
     1a8: 36 38        	fld	fa6, 360(sp)
     1aa: 33 31 35 62  	<unknown>
     1ae: 33 29 00 2e  	<unknown>
     1b2: 2e 2f        	fld	ft10, 200(sp)
     1b4: 2e 2e        	fld	ft8, 200(sp)
     1b6: 2f 2e 2e 2f  	<unknown>
     1ba: 6e 65        	ld	a0, 216(sp)
     1bc: 77 6c 69 62  	<unknown>
     1c0: 2f 6c 69 62  	<unknown>
     1c4: 6d 2f        	addiw	t5, t5, 27
     1c6: 6d 61        	addi	sp, sp, 240
     1c8: 74 68        	ld	a3, 208(s0)
     1ca: 2f 6b 5f 63  	<unknown>
     1ce: 6f 73 2e 63  	jal	t1, 0xe7800 <.debug_info+0xe7800>
     1d2: 00 76        	ld	s0, 40(a2)
     1d4: 00 69        	ld	s0, 16(a0)
     1d6: 31 00        	c.nop	12
     1d8: 5f 5f 6b 65  	<unknown>
     1dc: 72 6e        	ld	t3, 280(sp)
     1de: 65 6c        	lui	s8, 25
     1e0: 5f 73 69 6e  	<unknown>
     1e4: 66 00        	c.slli	zero, 25
     1e6: 66 61        	ld	sp, 88(sp)
     1e8: 62 73        	ld	t1, 56(sp)
     1ea: 66 00        	c.slli	zero, 25
     1ec: 74 77        	ld	a3, 232(a4)
     1ee: 6f 6e 38 00  	jal	t3, 0x869f0 <.debug_info+0x869f0>
     1f2: 72 65        	ld	a0, 280(sp)
     1f4: 73 75 6c 74  	csrrci	a0, 1862, 24
     1f8: 00 43        	lw	s0, 0(a4)
     1fa: 33 00 43 34  	<unknown>
     1fe: 00 7a        	ld	s0, 48(a2)
     200: 65 72        	lui	tp, 1048569
     202: 6f 00 2e 2e  	j	0xe04e4 <.debug_info+0xe04e4>
     206: 2f 2e 2e 2f  	<unknown>
     20a: 2e 2e        	fld	ft8, 200(sp)
     20c: 2f 6e 65 77  	<unknown>
     210: 6c 69        	ld	a1, 208(a0)
     212: 62 2f        	fld	ft10, 24(sp)
     214: 6c 69        	ld	a1, 208(a0)
     216: 62 6d        	ld	s10, 24(sp)
     218: 2f 6d 61 74  	<unknown>
     21c: 68 2f        	fld	fa0, 216(a4)
     21e: 6b 5f 72 65  	<unknown>
     222: 6d 5f        	li	t5, -5
     224: 70 69        	ld	a2, 208(a0)
     226: 6f 32 2e 63  	jal	tp, 0xe3858 <.debug_info+0xe3858>
     22a: 00 74        	ld	s0, 40(s0)
     22c: 77 6f 6e 32  	<unknown>
     230: 34 00        	addi	a3, sp, 8
     232: 50 49        	lw	a2, 20(a0)
     234: 6f 32 00 69  	jal	tp, 0x38c4 <.debug_info+0x38c4>
     238: 78 00        	addi	a4, sp, 12
     23a: 6e 70        	<unknown>
     23c: 69 6f        	lui	t5, 26
     23e: 32 5f        	lw	t5, 44(sp)
     240: 68 77        	ld	a0, 232(a4)
     242: 00 44        	lw	s0, 8(s0)
     244: 57 5f 41 54  	<unknown>
     248: 45 5f        	li	t5, -15
     24a: 75 6e        	lui	t3, 29
     24c: 73 69 67 6e  	csrrsi	s2, 1766, 14
     250: 65 64        	lui	s0, 25
     252: 5f 36 34 00  	<unknown>
     256: 70 72        	ld	a2, 224(a2)
     258: 65 63        	lui	t1, 25
     25a: 00 69        	ld	s0, 16(a0)
     25c: 77 5f 75 00  	<unknown>
     260: 73 69 6e 66  	csrrsi	s2, 1638, 28
     264: 00 77        	ld	s0, 40(a4)
     266: 6f 72 64 00  	jal	tp, 0x4726c <.debug_info+0x4726c>
     26a: 2e 2e        	fld	ft8, 200(sp)
     26c: 2f 2e 2e 2f  	<unknown>
     270: 2e 2e        	fld	ft8, 200(sp)
     272: 2f 6e 65 77  	<unknown>
     276: 6c 69        	ld	a1, 208(a0)
     278: 62 2f        	fld	ft10, 24(sp)
     27a: 6c 69        	ld	a1, 208(a0)
     27c: 62 6d        	ld	s10, 24(sp)
     27e: 2f 6d 61 74  	<unknown>
     282: 68 2f        	fld	fa0, 216(a4)
     284: 6b 66 5f 72  	<unknown>
     288: 65 6d        	lui	s10, 25
     28a: 5f 70 69 6f  	<unknown>
     28e: 32 2e        	fld	ft8, 264(sp)
     290: 63 00 2e 2e  	beq	t3, sp, 0x570 <.debug_info+0x570>
     294: 2f 2e 2e 2f  	<unknown>
     298: 2e 2e        	fld	ft8, 200(sp)
     29a: 2f 6e 65 77  	<unknown>
     29e: 6c 69        	ld	a1, 208(a0)
     2a0: 62 2f        	fld	ft10, 24(sp)
     2a2: 6c 69        	ld	a1, 208(a0)
     2a4: 62 6d        	ld	s10, 24(sp)
     2a6: 2f 63 6f 6d  	<unknown>
     2aa: 6d 6f        	lui	t5, 27
     2ac: 6e 2f        	fld	ft10, 216(sp)
     2ae: 73 5f 73 63  	csrrwi	t5, 1591, 6
     2b2: 61 6c        	lui	s8, 24
     2b4: 62 6e        	ld	t3, 24(sp)
     2b6: 2e 63        	ld	t1, 200(sp)
     2b8: 00 5f        	lw	s0, 56(a4)
     2ba: 5f 41 52 52  	<unknown>
     2be: 41 59        	li	s2, -16
     2c0: 5f 53 49 5a  	<unknown>
     2c4: 45 5f        	li	t5, -15
     2c6: 54 59        	lw	a3, 52(a0)
     2c8: 50 45        	lw	a2, 12(a0)
     2ca: 5f 5f 00 67  	<unknown>
     2ce: 68 5f        	lw	a0, 124(a4)
     2d0: 75 00        	c.nop	29
     2d2: 66 61        	ld	sp, 88(sp)
     2d4: 62 73        	ld	t1, 56(sp)
     2d6: 00 44        	lw	s0, 8(s0)
     2d8: 57 5f 41 54  	<unknown>
     2dc: 45 5f        	li	t5, -15
     2de: 75 6e        	lui	t3, 29
     2e0: 73 69 67 6e  	csrrsi	s2, 1766, 14
     2e4: 65 64        	lui	s0, 25
     2e6: 5f 33 32 00  	<unknown>
     2ea: 65 77        	lui	a4, 1048569
     2ec: 5f 75 00 7a  	<unknown>
     2f0: 00 6d        	ld	s0, 24(a0)
     2f2: 73 77 00 43  	csrrci	a4, 1072, 0
     2f6: 35 00        	c.nop	13
     2f8: 43 36 00 69  	fmadd.s	fa2, ft0, fa6, fa3, rup
     2fc: 6e 69        	ld	s2, 216(sp)
     2fe: 74 5f        	lw	a3, 124(a4)
     300: 6a 6b        	ld	s6, 152(sp)
     302: 00 70        	ld	s0, 32(s0)
     304: 69 6f        	lui	t5, 26
     306: 32 5f        	lw	t5, 44(sp)
     308: 32 74        	ld	s0, 296(sp)
     30a: 00 72        	ld	s0, 32(a2)
     30c: 65 63        	lui	t1, 25
     30e: 6f 6d 70 75  	jal	s10, 0x7264 <.debug_info+0x7264>
     312: 74 65        	ld	a3, 200(a0)
     314: 00 78        	ld	s0, 48(s0)
     316: 00 74        	ld	s0, 40(s0)
     318: 00 6a        	ld	s0, 16(a2)
     31a: 78 00        	addi	a4, sp, 12
     31c: 6d 00        	c.nop	27
     31e: 2e 2e        	fld	ft8, 200(sp)
     320: 2f 2e 2e 2f  	<unknown>
     324: 2e 2e        	fld	ft8, 200(sp)
     326: 2f 6e 65 77  	<unknown>
     32a: 6c 69        	ld	a1, 208(a0)
     32c: 62 2f        	fld	ft10, 24(sp)
     32e: 6c 69        	ld	a1, 208(a0)
     330: 62 6d        	ld	s10, 24(sp)
     332: 2f 6d 61 74  	<unknown>
     336: 68 2f        	fld	fa0, 216(a4)
     338: 73 5f 66 6c  	csrrwi	t5, 1734, 12
     33c: 6f 6f 72 2e  	jal	t5, 0x26e22 <.debug_info+0x26e22>
     340: 63 00 68 75  	beq	a6, s6, 0xa80 <.debug_info+0xa80>
     344: 67 65 00 5f  	<unknown>
     348: 5f 69 65 65  	<unknown>
     34c: 65 37        	addiw	a4, a4, -7
     34e: 35 34        	addiw	s0, s0, -19
     350: 5f 72 65 6d  	<unknown>
     354: 5f 70 69 6f  	<unknown>
     358: 32 66        	ld	a2, 264(sp)
     35a: 00 74        	ld	s0, 40(s0)
     35c: 77 6f 35 34  	<unknown>
     360: 00 2e        	fld	fs0, 24(a2)
     362: 2e 2f        	fld	ft10, 200(sp)
     364: 2e 2e        	fld	ft8, 200(sp)
     366: 2f 2e 2e 2f  	<unknown>
     36a: 6e 65        	ld	a0, 216(sp)
     36c: 77 6c 69 62  	<unknown>
     370: 2f 6c 69 62  	<unknown>
     374: 6d 2f        	addiw	t5, t5, 27
     376: 63 6f 6d 6d  	bltu	s10, s6, 0xa54 <.debug_info+0xa54>
     37a: 6f 6e 2f 73  	jal	t3, 0xf6aac <.debug_info+0xf6aac>
     37e: 66 5f        	lw	t5, 120(sp)
     380: 73 63 61 6c  	csrrsi	t1, 1734, 2
     384: 62 6e        	ld	t3, 24(sp)
     386: 2e 63        	ld	t1, 200(sp)
     388: 00 68        	ld	s0, 16(s0)
     38a: 7a 00        	c.slli	zero, 30
     38c: 70 69        	ld	a2, 208(a0)
     38e: 6f 32 5f 33  	jal	tp, 0xf3ec2 <.debug_info+0xf3ec2>
     392: 74 00        	addi	a3, sp, 12
     394: 68 78        	ld	a0, 240(s0)
     396: 00 74        	ld	s0, 40(s0)
     398: 69 6e        	lui	t3, 26
     39a: 79 00        	c.nop	30
     39c: 2f 68 6f 6d  	<unknown>
     3a0: 65 2f        	addiw	t5, t5, 25
     3a2: 7a 65        	ld	a0, 408(sp)
     3a4: 78 75        	ld	a4, 232(a0)
     3a6: 2f 44 65 73  	<unknown>
     3aa: 6b 74 6f 70  	<unknown>
     3ae: 2f 41 52 41  	<unknown>
     3b2: 32 2f        	fld	ft10, 264(sp)
     3b4: 61 72        	lui	tp, 1048568
     3b6: 61 2f        	addiw	t5, t5, 24
     3b8: 74 6f        	ld	a3, 216(a4)
     3ba: 6f 6c 63 68  	jal	s8, 0x36a40 <.debug_info+0x36a40>
     3be: 61 69        	lui	s2, 24
     3c0: 6e 2f        	fld	ft10, 216(sp)
     3c2: 6e 65        	ld	a0, 216(sp)
     3c4: 77 6c 69 62  	<unknown>
     3c8: 2f 62 75 69  	<unknown>
     3cc: 6c 64        	ld	a1, 200(s0)
     3ce: 2f 72 69 73  	<unknown>
     3d2: 63 76 36 34  	bgeu	a2, gp, 0x71e <.debug_info+0x71e>
     3d6: 2d 75        	lui	a0, 1048555
     3d8: 6e 6b        	ld	s6, 216(sp)
     3da: 6e 6f        	ld	t5, 216(sp)
     3dc: 77 6e 2d 65  	<unknown>
     3e0: 6c 66        	ld	a1, 200(a2)
     3e2: 2f 6e 65 77  	<unknown>
     3e6: 6c 69        	ld	a1, 208(a0)
     3e8: 62 00        	c.slli	zero, 24
     3ea: 70 61        	ld	a2, 192(a0)
     3ec: 72 74        	ld	s0, 312(sp)
     3ee: 73 00 69 68  	<unknown>
     3f2: 00 69        	ld	s0, 16(a0)
     3f4: 30 00        	addi	a2, sp, 8
     3f6: 67 66 5f 75  	<unknown>
     3fa: 00 2e        	fld	fs0, 24(a2)
     3fc: 2e 2f        	fld	ft10, 200(sp)
     3fe: 2e 2e        	fld	ft8, 200(sp)
     400: 2f 2e 2e 2f  	<unknown>
     404: 6e 65        	ld	a0, 216(sp)
     406: 77 6c 69 62  	<unknown>
     40a: 2f 6c 69 62  	<unknown>
     40e: 6d 2f        	addiw	t5, t5, 27
     410: 6d 61        	addi	sp, sp, 240
     412: 74 68        	ld	a3, 208(s0)
     414: 2f 73 66 5f  	<unknown>
     418: 66 6c        	ld	s8, 88(sp)
     41a: 6f 6f 72 2e  	jal	t5, 0x26f00 <.debug_info+0x26f00>
     41e: 63 00 5f 5f  	beq	t5, s5, 0x9fe <.debug_info+0x9fe>
     422: 6b 65 72 6e  	<unknown>
     426: 65 6c        	lui	s8, 25
     428: 5f 63 6f 73  	<unknown>
     42c: 00 5f        	lw	s0, 56(a4)
     42e: 5f 69 6e 74  	<unknown>
     432: 33 32 5f 74  	<unknown>
     436: 00 5f        	lw	s0, 56(a4)
     438: 5f 6b 65 72  	<unknown>
     43c: 6e 65        	ld	a0, 216(sp)
     43e: 6c 5f        	lw	a1, 124(a4)
     440: 73 69 6e 00  	csrrsi	s2, 6, 28
     444: 72 00        	c.slli	zero, 28
     446: 74 77        	ld	a3, 232(a4)
     448: 6f 32 34 00  	jal	tp, 0x43c4a <.debug_info+0x43c4a>
     44c: 69 71        	addi	sp, sp, -304
     44e: 00 71        	ld	s0, 32(a0)
     450: 30 00        	addi	a2, sp, 8
     452: 2e 2e        	fld	ft8, 200(sp)
     454: 2f 2e 2e 2f  	<unknown>
     458: 2e 2e        	fld	ft8, 200(sp)
     45a: 2f 6e 65 77  	<unknown>
     45e: 6c 69        	ld	a1, 208(a0)
     460: 62 2f        	fld	ft10, 24(sp)
     462: 6c 69        	ld	a1, 208(a0)
     464: 62 6d        	ld	s10, 24(sp)
     466: 2f 6d 61 74  	<unknown>
     46a: 68 2f        	fld	fa0, 216(a4)
     46c: 6b 5f 73 69  	<unknown>
     470: 6e 2e        	fld	ft8, 216(sp)
     472: 63 00 5f 5f  	beq	t5, s5, 0xa52 <.debug_info+0xa52>
     476: 69 65        	lui	a0, 26
     478: 65 65        	lui	a0, 25
     47a: 37 35 34 5f  	lui	a0, 389955
     47e: 72 65        	ld	a0, 280(sp)
     480: 6d 5f        	li	t5, -5
     482: 70 69        	ld	a2, 208(a0)
     484: 6f 32 00 79  	jal	tp, 0x3c14 <.debug_info+0x3c14>
     488: 00 77        	ld	s0, 40(a4)
     48a: 00 43        	lw	s0, 0(a4)
     48c: 32 00        	c.slli	zero, 12
     48e: 61 00        	c.nop	24
     490: 69 00        	c.nop	26
     492: 73 6c 5f 75  	csrrsi	s8, 1877, 30
     496: 00 6c        	ld	s0, 24(s0)
     498: 6f 77 00 66  	jal	a4, 0x7af8 <.debug_info+0x7af8>
     49c: 71 00        	c.nop	28
     49e: 66 6c        	ld	s8, 88(sp)
     4a0: 6f 6f 72 66  	jal	t5, 0x27306 <.debug_info+0x27306>
     4a4: 00 6a        	ld	s0, 16(a2)
     4a6: 76 00        	c.slli	zero, 29
     4a8: 53 31 00 73  	<unknown>
     4ac: 63 61 6c 62  	bltu	s8, t1, 0xace <.debug_info+0xace>
     4b0: 6e 66        	ld	a2, 216(sp)
     4b2: 00 6c        	ld	s0, 24(s0)
     4b4: 73 77 00 53  	csrrci	a4, 1328, 0
     4b8: 35 00        	c.nop	13
     4ba: 73 69 6e 00  	csrrsi	s2, 6, 28
     4be: 2e 2e        	fld	ft8, 200(sp)
     4c0: 2f 2e 2e 2f  	<unknown>
     4c4: 2e 2e        	fld	ft8, 200(sp)
     4c6: 2f 6e 65 77  	<unknown>
     4ca: 6c 69        	ld	a1, 208(a0)
     4cc: 62 2f        	fld	ft10, 24(sp)
     4ce: 6c 69        	ld	a1, 208(a0)
     4d0: 62 6d        	ld	s10, 24(sp)
     4d2: 2f 6d 61 74  	<unknown>
     4d6: 68 2f        	fld	fa0, 216(a4)
     4d8: 6b 66 5f 73  	<unknown>
     4dc: 69 6e        	lui	t3, 26
     4de: 2e 63        	ld	t1, 200(sp)
     4e0: 00 74        	ld	s0, 40(s0)
     4e2: 77 6f 6d 35  	<unknown>
     4e6: 34 00        	addi	a3, sp, 8
     4e8: 74 78        	ld	a3, 240(s0)
     4ea: 00 6b        	ld	s0, 16(a4)
     4ec: 00 53        	lw	s0, 32(a4)
     4ee: 32 00        	c.slli	zero, 12
     4f0: 53 33 00 2e  	<unknown>
     4f4: 2e 2f        	fld	ft10, 200(sp)
     4f6: 2e 2e        	fld	ft8, 200(sp)
     4f8: 2f 2e 2e 2f  	<unknown>
     4fc: 6e 65        	ld	a0, 216(sp)
     4fe: 77 6c 69 62  	<unknown>
     502: 2f 6c 69 62  	<unknown>
     506: 6d 2f        	addiw	t5, t5, 27
     508: 6d 61        	addi	sp, sp, 240
     50a: 74 68        	ld	a3, 208(s0)
     50c: 2f 73 5f 73  	<unknown>
     510: 69 6e        	lui	t3, 26
     512: 2e 63        	ld	t1, 200(sp)
     514: 00 2e        	fld	fs0, 24(a2)
     516: 2e 2f        	fld	ft10, 200(sp)
     518: 2e 2e        	fld	ft8, 200(sp)
     51a: 2f 2e 2e 2f  	<unknown>
     51e: 6e 65        	ld	a0, 216(sp)
     520: 77 6c 69 62  	<unknown>
     524: 2f 6c 69 62  	<unknown>
     528: 6d 2f        	addiw	t5, t5, 27
     52a: 6d 61        	addi	sp, sp, 240
     52c: 74 68        	ld	a3, 208(s0)
     52e: 2f 6b 66 5f  	<unknown>
     532: 63 6f 73 2e  	bltu	t1, t2, 0x830 <.debug_info+0x830>
     536: 63 00 74 77  	beq	s0, s7, 0xc96 <.debug_info+0xc96>
     53a: 6f 32 35 00  	jal	tp, 0x53d3c <.debug_info+0x53d3c>
     53e: 2e 2e        	fld	ft8, 200(sp)
     540: 2f 2e 2e 2f  	<unknown>
     544: 2e 2e        	fld	ft8, 200(sp)
     546: 2f 6e 65 77  	<unknown>
     54a: 6c 69        	ld	a1, 208(a0)
     54c: 62 2f        	fld	ft10, 24(sp)
     54e: 6c 69        	ld	a1, 208(a0)
     550: 62 6d        	ld	s10, 24(sp)
     552: 2f 6d 61 63  	<unknown>
     556: 68 69        	ld	a0, 208(a0)
     558: 6e 65        	ld	a0, 216(sp)
     55a: 2f 72 69 73  	<unknown>
     55e: 63 76 2f 73  	bgeu	t5, s2, 0xc8a <.debug_info+0xc8a>
     562: 5f 66 61 62  	<unknown>
     566: 73 2e 63 00  	csrrs	t3, 6, t1
     56a: 64 6f        	ld	s1, 216(a4)
     56c: 75 62        	lui	tp, 29
     56e: 6c 65        	ld	a1, 200(a0)
     570: 00 2e        	fld	fs0, 24(a2)
     572: 2e 2f        	fld	ft10, 200(sp)
     574: 2e 2e        	fld	ft8, 200(sp)
     576: 2f 2e 2e 2f  	<unknown>
     57a: 6e 65        	ld	a0, 216(sp)
     57c: 77 6c 69 62  	<unknown>
     580: 2f 6c 69 62  	<unknown>
     584: 6d 2f        	addiw	t5, t5, 27
     586: 6d 61        	addi	sp, sp, 240
     588: 74 68        	ld	a3, 208(s0)
     58a: 2f 65 5f 72  	<unknown>
     58e: 65 6d        	lui	s10, 25
     590: 5f 70 69 6f  	<unknown>
     594: 32 2e        	fld	ft8, 264(sp)
     596: 63 00 70 69  	beq	zero, s7, 0xc16 <.debug_info+0xc16>
     59a: 6f 32 5f 31  	jal	tp, 0xf40ae <.debug_info+0xf40ae>
     59e: 74 00        	addi	a3, sp, 12
     5a0: 6a 30        	fld	ft0, 184(sp)
     5a2: 00 68        	ld	s0, 16(s0)
     5a4: 69 67        	lui	a4, 26
     5a6: 68 00        	addi	a0, sp, 12
     5a8: 63 6f 73 00  	bltu	t1, t2, 0x5c6 <.debug_info+0x5c6>
     5ac: 43 31 00 66  	<unknown>
     5b0: 6e 00        	c.slli	zero, 27
     5b2: 69 70        	c.lui	zero, -6
     5b4: 69 6f        	lui	t5, 26
     5b6: 32 00        	c.slli	zero, 12
     5b8: 5f 5f 75 69  	<unknown>
     5bc: 6e 74        	ld	s0, 248(sp)
     5be: 33 32 5f 74  	<unknown>
     5c2: 00 68        	ld	s0, 16(s0)
     5c4: 61 6c        	lui	s8, 24
     5c6: 66 00        	c.slli	zero, 25
     5c8: 74 77        	ld	a3, 232(a4)
     5ca: 6f 5f 6f 76  	jal	t5, 0xf5d30 <.debug_info+0xf5d30>
     5ce: 65 72        	lui	tp, 1048569
     5d0: 5f 70 69 00  	<unknown>
     5d4: 63 61 72 72  	bltu	tp, t2, 0xcf6 <.debug_info+0xcf6>
     5d8: 79 00        	c.nop	30
     5da: 53 34 00 53  	<unknown>
     5de: 36 00        	c.slli	zero, 13
     5e0: 69 79        	lui	s2, 1048570
     5e2: 00 66        	ld	s0, 8(a2)
     5e4: 6c 6f        	ld	a1, 216(a4)
     5e6: 61 74        	lui	s0, 1048568
     5e8: 00 76        	ld	s0, 40(a2)
     5ea: 61 6c        	lui	s8, 24
     5ec: 75 65        	lui	a0, 29
     5ee: 00 6e        	ld	s0, 24(a2)
     5f0: 78 00        	addi	a4, sp, 12
     5f2: 69 6e        	lui	t3, 26
     5f4: 74 00        	addi	a3, sp, 12
     5f6: 66 00        	c.slli	zero, 25
     5f8: 69 65        	lui	a0, 26
     5fa: 65 65        	lui	a0, 25
     5fc: 5f 64 6f 75  	<unknown>
     600: 62 6c        	ld	s8, 24(sp)
     602: 65 5f        	li	t5, -7
     604: 73 68 61 70  	csrrsi	a6, 1798, 2
     608: 65 5f        	li	t5, -7
     60a: 74 79        	ld	a3, 240(a0)
     60c: 70 65        	ld	a2, 200(a0)
     60e: 00 73        	ld	s0, 32(a4)
     610: 63 61 6c 62  	bltu	s8, t1, 0xc32 <.debug_info+0xc32>
     614: 6e 00        	c.slli	zero, 27
     616: 44 57        	lw	s1, 44(a4)
     618: 5f 41 54 45  	<unknown>
     61c: 5f 73 69 67  	<unknown>
     620: 6e 65        	ld	a0, 216(sp)
     622: 64 5f        	lw	s1, 124(a4)
     624: 36 34        	fld	fs0, 360(sp)
     626: 00           	<unknown>

Disassembly of section .debug_addr:

0000000000000000 <.debug_addr>:
       0: 3c 00        	addi	a5, sp, 8
       2: 00 00        	unimp	
       4: 05 00        	c.nop	1
       6: 08 00        	<unknown>
		...
      40: 0c 00        	<unknown>
      42: 00 00        	unimp	
      44: 05 00        	c.nop	1
      46: 08 00        	<unknown>
		...
      50: 54 00        	addi	a3, sp, 4
      52: 00 00        	unimp	
      54: 05 00        	c.nop	1
      56: 08 00        	<unknown>
		...
      a8: 4c 00        	addi	a1, sp, 4
      aa: 00 00        	unimp	
      ac: 05 00        	c.nop	1
      ae: 08 00        	<unknown>
		...
      f8: 0c 00        	<unknown>
      fa: 00 00        	unimp	
      fc: 05 00        	c.nop	1
      fe: 08 00        	<unknown>
		...
     108: 14 00        	<unknown>
     10a: 00 00        	unimp	
     10c: 05 00        	c.nop	1
     10e: 08 00        	<unknown>
		...
     120: 3c 00        	addi	a5, sp, 8
     122: 00 00        	unimp	
     124: 05 00        	c.nop	1
     126: 08 00        	<unknown>
		...
     160: 3c 00        	addi	a5, sp, 8
     162: 00 00        	unimp	
     164: 05 00        	c.nop	1
     166: 08 00        	<unknown>
		...
     1a0: 0c 00        	<unknown>
     1a2: 00 00        	unimp	
     1a4: 05 00        	c.nop	1
     1a6: 08 00        	<unknown>
		...
     1b0: 54 00        	addi	a3, sp, 4
     1b2: 00 00        	unimp	
     1b4: 05 00        	c.nop	1
     1b6: 08 00        	<unknown>
		...
     208: 4c 00        	addi	a1, sp, 4
     20a: 00 00        	unimp	
     20c: 05 00        	c.nop	1
     20e: 08 00        	<unknown>
		...
     258: 14 00        	<unknown>
     25a: 00 00        	unimp	
     25c: 05 00        	c.nop	1
     25e: 08 00        	<unknown>
		...
     270: 0c 00        	<unknown>
     272: 00 00        	unimp	
     274: 05 00        	c.nop	1
     276: 08 00        	<unknown>
		...
     280: 1c 00        	<unknown>
     282: 00 00        	unimp	
     284: 05 00        	c.nop	1
     286: 08 00        	<unknown>
		...
     2a0: 1c 00        	<unknown>
     2a2: 00 00        	unimp	
     2a4: 05 00        	c.nop	1
     2a6: 08 00        	<unknown>
		...
     2c0: 0c 00        	<unknown>
     2c2: 00 00        	unimp	
     2c4: 05 00        	c.nop	1
     2c6: 08 00        	<unknown>
		...
     2d0: 0c 00        	<unknown>
     2d2: 00 00        	unimp	
     2d4: 05 00        	c.nop	1
     2d6: 08 00        	<unknown>
		...

Disassembly of section .debug_frame:

0000000000000000 <.debug_frame>:
       0: 14 00        	<unknown>
       2: 00 00        	unimp	
       4: ff ff ff ff  	<unknown>
       8: 04 00        	<unknown>
       a: 08 00        	<unknown>
       c: 01 78        	lui	a6, 1048544
       e: 01 0c        	mv	s8, s8
      10: 02 00        	c.slli64	zero
      12: 00 00        	unimp	
      14: 00 00        	unimp	
      16: 00 00        	unimp	
      18: 1c 00        	<unknown>
		...
      26: 00 00        	unimp	
      28: 96 00        	slli	ra, ra, 5
      2a: 00 00        	unimp	
      2c: 00 00        	unimp	
      2e: 00 00        	unimp	
      30: 62 0e        	slli	t3, t3, 24
      32: 20 42        	lw	s0, 64(a2)
      34: 81 01        	mv	gp, gp
      36: 00 00        	unimp	
      38: 14 00        	<unknown>
      3a: 00 00        	unimp	
      3c: ff ff ff ff  	<unknown>
      40: 04 00        	<unknown>
      42: 08 00        	<unknown>
      44: 01 78        	lui	a6, 1048544
      46: 01 0c        	mv	s8, s8
      48: 02 00        	c.slli64	zero
      4a: 00 00        	unimp	
      4c: 00 00        	unimp	
      4e: 00 00        	unimp	
      50: 14 00        	<unknown>
      52: 00 00        	unimp	
      54: 38 00        	addi	a4, sp, 8
		...
      5e: 00 00        	unimp	
      60: 0e 01        	slli	sp, sp, 3
      62: 00 00        	unimp	
      64: 00 00        	unimp	
      66: 00 00        	unimp	
      68: 14 00        	<unknown>
      6a: 00 00        	unimp	
      6c: ff ff ff ff  	<unknown>
      70: 04 00        	<unknown>
      72: 08 00        	<unknown>
      74: 01 78        	lui	a6, 1048544
      76: 01 0c        	mv	s8, s8
      78: 02 00        	c.slli64	zero
      7a: 00 00        	unimp	
      7c: 00 00        	unimp	
      7e: 00 00        	unimp	
      80: 24 00        	addi	s1, sp, 8
      82: 00 00        	unimp	
      84: 68 00        	addi	a0, sp, 12
		...
      8e: 00 00        	unimp	
      90: 10 03        	addi	a2, sp, 384
      92: 00 00        	unimp	
      94: 00 00        	unimp	
      96: 00 00        	unimp	
      98: 42 0e        	slli	t3, t3, 16
      9a: 40 48        	lw	s0, 20(s0)
      9c: 81 01        	mv	gp, gp
      9e: 88 02        	addi	a0, sp, 320
      a0: 89 03        	addi	t2, t2, 2
      a2: 92 04        	slli	s1, s1, 4
      a4: 00 00        	unimp	
      a6: 00 00        	unimp	
      a8: 14 00        	<unknown>
      aa: 00 00        	unimp	
      ac: ff ff ff ff  	<unknown>
      b0: 04 00        	<unknown>
      b2: 08 00        	<unknown>
      b4: 01 78        	lui	a6, 1048544
      b6: 01 0c        	mv	s8, s8
      b8: 02 00        	c.slli64	zero
      ba: 00 00        	unimp	
      bc: 00 00        	unimp	
      be: 00 00        	unimp	
      c0: 44 00        	addi	s1, sp, 4
      c2: 00 00        	unimp	
      c4: a8 00        	addi	a0, sp, 72
		...
      ce: 00 00        	unimp	
      d0: c2 06        	slli	a3, a3, 16
      d2: 00 00        	unimp	
      d4: 00 00        	unimp	
      d6: 00 00        	unimp	
      d8: 44 0e        	addi	s1, sp, 788
      da: 90 06        	addi	a2, sp, 832
      dc: 02 4c        	lw	s8, 0(sp)
      de: 81 01        	mv	gp, gp
      e0: 88 02        	addi	a0, sp, 320
      e2: 89 03        	addi	t2, t2, 2
      e4: 92 04        	slli	s1, s1, 4
      e6: 93 05 94 06  	addi	a1, s0, 105
      ea: 95 07        	addi	a5, a5, 5
      ec: 96 08        	slli	a7, a7, 5
      ee: 97 09 98 0a  	auipc	s3, 43392
      f2: 99 0b        	addi	s7, s7, 6
      f4: 9a 0c        	slli	s9, s9, 6
      f6: 9b 0d a8 0e  	addiw	s11, a6, 234
      fa: a9 0f        	addi	t6, t6, 10
      fc: b2 10        	slli	ra, ra, 44
      fe: b3 11 b4 12  	<unknown>
     102: b5 13        	addi	t2, t2, -19
     104: 00 00        	unimp	
     106: 00 00        	unimp	
     108: 14 00        	<unknown>
     10a: 00 00        	unimp	
     10c: ff ff ff ff  	<unknown>
     110: 04 00        	<unknown>
     112: 08 00        	<unknown>
     114: 01 78        	lui	a6, 1048544
     116: 01 0c        	mv	s8, s8
     118: 02 00        	c.slli64	zero
     11a: 00 00        	unimp	
     11c: 00 00        	unimp	
     11e: 00 00        	unimp	
     120: 14 00        	<unknown>
     122: 00 00        	unimp	
     124: 08 01        	addi	a0, sp, 128
		...
     12e: 00 00        	unimp	
     130: b6 00        	slli	ra, ra, 13
     132: 00 00        	unimp	
     134: 00 00        	unimp	
     136: 00 00        	unimp	
     138: 14 00        	<unknown>
     13a: 00 00        	unimp	
     13c: ff ff ff ff  	<unknown>
     140: 04 00        	<unknown>
     142: 08 00        	<unknown>
     144: 01 78        	lui	a6, 1048544
     146: 01 0c        	mv	s8, s8
     148: 02 00        	c.slli64	zero
     14a: 00 00        	unimp	
     14c: 00 00        	unimp	
     14e: 00 00        	unimp	
     150: 14 00        	<unknown>
     152: 00 00        	unimp	
     154: 38 01        	addi	a4, sp, 136
		...
     15e: 00 00        	unimp	
     160: 30 01        	addi	a2, sp, 136
     162: 00 00        	unimp	
     164: 00 00        	unimp	
     166: 00 00        	unimp	
     168: 14 00        	<unknown>
     16a: 00 00        	unimp	
     16c: ff ff ff ff  	<unknown>
     170: 04 00        	<unknown>
     172: 08 00        	<unknown>
     174: 01 78        	lui	a6, 1048544
     176: 01 0c        	mv	s8, s8
     178: 02 00        	c.slli64	zero
     17a: 00 00        	unimp	
     17c: 00 00        	unimp	
     17e: 00 00        	unimp	
     180: 1c 00        	<unknown>
     182: 00 00        	unimp	
     184: 68 01        	addi	a0, sp, 140
		...
     18e: 00 00        	unimp	
     190: 94 00        	addi	a3, sp, 64
     192: 00 00        	unimp	
     194: 00 00        	unimp	
     196: 00 00        	unimp	
     198: 64 0e        	addi	s1, sp, 796
     19a: 20 42        	lw	s0, 64(a2)
     19c: 81 01        	mv	gp, gp
     19e: 00 00        	unimp	
     1a0: 14 00        	<unknown>
     1a2: 00 00        	unimp	
     1a4: ff ff ff ff  	<unknown>
     1a8: 04 00        	<unknown>
     1aa: 08 00        	<unknown>
     1ac: 01 78        	lui	a6, 1048544
     1ae: 01 0c        	mv	s8, s8
     1b0: 02 00        	c.slli64	zero
     1b2: 00 00        	unimp	
     1b4: 00 00        	unimp	
     1b6: 00 00        	unimp	
     1b8: 1c 00        	<unknown>
     1ba: 00 00        	unimp	
     1bc: a0 01        	addi	s0, sp, 200
		...
     1c6: 00 00        	unimp	
     1c8: a4 00        	addi	s1, sp, 72
     1ca: 00 00        	unimp	
     1cc: 00 00        	unimp	
     1ce: 00 00        	unimp	
     1d0: 64 0e        	addi	s1, sp, 796
     1d2: 10 42        	lw	a2, 0(a2)
     1d4: 81 01        	mv	gp, gp
     1d6: 00 00        	unimp	
     1d8: 14 00        	<unknown>
     1da: 00 00        	unimp	
     1dc: ff ff ff ff  	<unknown>
     1e0: 04 00        	<unknown>
     1e2: 08 00        	<unknown>
     1e4: 01 78        	lui	a6, 1048544
     1e6: 01 0c        	mv	s8, s8
     1e8: 02 00        	c.slli64	zero
     1ea: 00 00        	unimp	
     1ec: 00 00        	unimp	
     1ee: 00 00        	unimp	
     1f0: 14 00        	<unknown>
     1f2: 00 00        	unimp	
     1f4: d8 01        	addi	a4, sp, 196
		...
     1fe: 00 00        	unimp	
     200: b6 00        	slli	ra, ra, 13
     202: 00 00        	unimp	
     204: 00 00        	unimp	
     206: 00 00        	unimp	
     208: 14 00        	<unknown>
     20a: 00 00        	unimp	
     20c: ff ff ff ff  	<unknown>
     210: 04 00        	<unknown>
     212: 08 00        	<unknown>
     214: 01 78        	lui	a6, 1048544
     216: 01 0c        	mv	s8, s8
     218: 02 00        	c.slli64	zero
     21a: 00 00        	unimp	
     21c: 00 00        	unimp	
     21e: 00 00        	unimp	
     220: 24 00        	addi	s1, sp, 8
     222: 00 00        	unimp	
     224: 08 02        	addi	a0, sp, 256
		...
     22e: 00 00        	unimp	
     230: 1e 03        	slli	t1, t1, 7
     232: 00 00        	unimp	
     234: 00 00        	unimp	
     236: 00 00        	unimp	
     238: 42 0e        	slli	t3, t3, 16
     23a: 40 4a        	lw	s0, 20(a2)
     23c: 81 01        	mv	gp, gp
     23e: 88 02        	addi	a0, sp, 320
     240: 89 03        	addi	t2, t2, 2
     242: 92 04        	slli	s1, s1, 4
     244: 93 05 00 00  	li	a1, 0
     248: 14 00        	<unknown>
     24a: 00 00        	unimp	
     24c: ff ff ff ff  	<unknown>
     250: 04 00        	<unknown>
     252: 08 00        	<unknown>
     254: 01 78        	lui	a6, 1048544
     256: 01 0c        	mv	s8, s8
     258: 02 00        	c.slli64	zero
     25a: 00 00        	unimp	
     25c: 00 00        	unimp	
     25e: 00 00        	unimp	
     260: 44 00        	addi	s1, sp, 4
     262: 00 00        	unimp	
     264: 48 02        	addi	a0, sp, 260
		...
     26e: 00 00        	unimp	
     270: 58 06        	addi	a4, sp, 772
     272: 00 00        	unimp	
     274: 00 00        	unimp	
     276: 00 00        	unimp	
     278: 42 0e        	slli	t3, t3, 16
     27a: 80 04        	addi	s0, sp, 576
     27c: 66 81        	mv	sp, s9
     27e: 01 88        	andi	s0, s0, 0
     280: 02 89        	jr	s2
     282: 03 92 04 93  	lh	tp, -1744(s1)
     286: 05 94        	srai	s0, s0, 33
     288: 06 95        	add	a0, a0, ra
     28a: 07 96 08 97  	<unknown>
     28e: 09 98        	andi	s0, s0, -30
     290: 0a 99        	add	s2, s2, sp
     292: 0b 9a 0c 9b  	<unknown>
     296: 0d a8        	j	0x2c8 <.debug_info+0x2c8>
     298: 0e a9        	fsd	ft3, 144(sp)
     29a: 0f b2 10 b3  	<unknown>
     29e: 11 b4        	j	0xfffffffffffffca2 <timer+0xffffffff7fffaca2>
     2a0: 12 b5        	fsd	ft4, 168(sp)
     2a2: 13 00 00 00  	nop
     2a6: 00 00        	unimp	
     2a8: 14 00        	<unknown>
     2aa: 00 00        	unimp	
     2ac: ff ff ff ff  	<unknown>
     2b0: 04 00        	<unknown>
     2b2: 08 00        	<unknown>
     2b4: 01 78        	lui	a6, 1048544
     2b6: 01 0c        	mv	s8, s8
     2b8: 02 00        	c.slli64	zero
     2ba: 00 00        	unimp	
     2bc: 00 00        	unimp	
     2be: 00 00        	unimp	
     2c0: 14 00        	<unknown>
     2c2: 00 00        	unimp	
     2c4: a8 02        	addi	a0, sp, 328
		...
     2ce: 00 00        	unimp	
     2d0: c4 00        	addi	s1, sp, 68
     2d2: 00 00        	unimp	
     2d4: 00 00        	unimp	
     2d6: 00 00        	unimp	
     2d8: 14 00        	<unknown>
     2da: 00 00        	unimp	
     2dc: ff ff ff ff  	<unknown>
     2e0: 04 00        	<unknown>
     2e2: 08 00        	<unknown>
     2e4: 01 78        	lui	a6, 1048544
     2e6: 01 0c        	mv	s8, s8
     2e8: 02 00        	c.slli64	zero
     2ea: 00 00        	unimp	
     2ec: 00 00        	unimp	
     2ee: 00 00        	unimp	
     2f0: 14 00        	<unknown>
     2f2: 00 00        	unimp	
     2f4: d8 02        	addi	a4, sp, 324
		...
     2fe: 00 00        	unimp	
     300: 0e 01        	slli	sp, sp, 3
     302: 00 00        	unimp	
     304: 00 00        	unimp	
     306: 00 00        	unimp	
     308: 14 00        	<unknown>
     30a: 00 00        	unimp	
     30c: ff ff ff ff  	<unknown>
     310: 04 00        	<unknown>
     312: 08 00        	<unknown>
     314: 01 78        	lui	a6, 1048544
     316: 01 0c        	mv	s8, s8
     318: 02 00        	c.slli64	zero
     31a: 00 00        	unimp	
     31c: 00 00        	unimp	
     31e: 00 00        	unimp	
     320: 14 00        	<unknown>
     322: 00 00        	unimp	
     324: 08 03        	addi	a0, sp, 384
		...
     32e: 00 00        	unimp	
     330: 00 01        	addi	s0, sp, 128
     332: 00 00        	unimp	
     334: 00 00        	unimp	
     336: 00 00        	unimp	
     338: 14 00        	<unknown>
     33a: 00 00        	unimp	
     33c: ff ff ff ff  	<unknown>
     340: 04 00        	<unknown>
     342: 08 00        	<unknown>
     344: 01 78        	lui	a6, 1048544
     346: 01 0c        	mv	s8, s8
     348: 02 00        	c.slli64	zero
     34a: 00 00        	unimp	
     34c: 00 00        	unimp	
     34e: 00 00        	unimp	
     350: 14 00        	<unknown>
     352: 00 00        	unimp	
     354: 38 03        	addi	a4, sp, 392
		...
     35e: 00 00        	unimp	
     360: de 00        	slli	ra, ra, 23
     362: 00 00        	unimp	
     364: 00 00        	unimp	
     366: 00 00        	unimp	
     368: 14 00        	<unknown>
     36a: 00 00        	unimp	
     36c: ff ff ff ff  	<unknown>
     370: 04 00        	<unknown>
     372: 08 00        	<unknown>
     374: 01 78        	lui	a6, 1048544
     376: 01 0c        	mv	s8, s8
     378: 02 00        	c.slli64	zero
     37a: 00 00        	unimp	
     37c: 00 00        	unimp	
     37e: 00 00        	unimp	
     380: 14 00        	<unknown>
     382: 00 00        	unimp	
     384: 68 03        	addi	a0, sp, 396
		...
     38e: 00 00        	unimp	
     390: 06 00        	c.slli	zero, 1
     392: 00 00        	unimp	
     394: 00 00        	unimp	
     396: 00 00        	unimp	
     398: 14 00        	<unknown>
     39a: 00 00        	unimp	
     39c: ff ff ff ff  	<unknown>
     3a0: 04 00        	<unknown>
     3a2: 08 00        	<unknown>
     3a4: 01 78        	lui	a6, 1048544
     3a6: 01 0c        	mv	s8, s8
     3a8: 02 00        	c.slli64	zero
     3aa: 00 00        	unimp	
     3ac: 00 00        	unimp	
     3ae: 00 00        	unimp	
     3b0: 14 00        	<unknown>
     3b2: 00 00        	unimp	
     3b4: 98 03        	addi	a4, sp, 448
		...
     3be: 00 00        	unimp	
     3c0: 06 00        	c.slli	zero, 1
     3c2: 00 00        	unimp	
     3c4: 00 00        	unimp	
     3c6: 00 00        	unimp	

Disassembly of section .debug_line:

0000000000000000 <.debug_line>:
       0: 9a 01        	slli	gp, gp, 6
       2: 00 00        	unimp	
       4: 05 00        	c.nop	1
       6: 08 00        	<unknown>
       8: 69 00        	c.nop	26
       a: 00 00        	unimp	
       c: 01 01        	mv	sp, sp
       e: 01 fb        	bnez	a4, 0xffffffffffffff1e <timer+0xffffffff7fffaf1e>
      10: 0e 0d        	slli	s10, s10, 3
      12: 00 01        	addi	s0, sp, 128
      14: 01 01        	mv	sp, sp
      16: 01 00        	nop
      18: 00 00        	unimp	
      1a: 01 00        	nop
      1c: 00 01        	addi	s0, sp, 128
      1e: 01 01        	mv	sp, sp
      20: 1f 03 9a 01  	<unknown>
      24: 00 00        	unimp	
      26: 28 00        	addi	a0, sp, 8
      28: 00 00        	unimp	
      2a: 5b 02 00 00  	<unknown>
      2e: 03 01 1f 02  	lb	sp, 33(t5)
      32: 0f 05 1e 03  	<unknown>
      36: 44 00        	addi	s1, sp, 4
      38: 00 00        	unimp	
      3a: 00 11        	addi	s0, sp, 160
      3c: 53 00 6d d7  	<unknown>
      40: 4a 33        	fld	ft6, 176(sp)
      42: aa f6        	sd	a0, 360(sp)
      44: 12 d5        	sw	tp, 168(sp)
      46: 86 af        	fsd	ft1, 472(sp)
      48: 8c ee        	sd	a1, 24(a3)
      4a: a4 2f        	fld	fs1, 88(a5)
      4c: 02 00        	c.slli64	zero
      4e: 00 01        	addi	s0, sp, 128
      50: 3c e8        	sd	a5, 80(s0)
      52: 54 64        	ld	a3, 136(s0)
      54: ab 1c 64 21  	<unknown>
      58: 7b 0f 85 ca  	<unknown>
      5c: b8 70        	ld	a4, 96(s1)
      5e: 95 9d        	subw	a1, a1, a3
      60: 3b 03 00 00  	addw	t1, zero, zero
      64: 02 f7        	sd	zero, 424(sp)
      66: 02 4d        	lw	s10, 0(sp)
      68: 06 82        	mv	tp, ra
      6a: a9 18        	addi	a7, a7, -22
      6c: b4 1f        	addi	a3, sp, 1016
      6e: 94 e8        	sd	a3, 16(s1)
      70: be 9c        	add	s9, s9, a5
      72: d9 04        	addi	s1, s1, 22
      74: 61 04        	addi	s0, s0, 24
      76: 00 00        	unimp	
      78: 09 02        	addi	tp, tp, 2
		...
      82: 03 36 01 05  	ld	a2, 80(sp)
      86: 02 0a        	c.slli64	s4
      88: 03 05 09 00  	lb	a0, 0(s2)
      8c: 00 01        	addi	s0, sp, 128
      8e: 05 05        	addi	a0, a0, 1
      90: 03 03 09 04  	lb	t1, 64(s2)
      94: 00 01        	addi	s0, sp, 128
      96: 06 03        	slli	t1, t1, 1
      98: 41 09        	addi	s2, s2, 16
      9a: 04 00        	<unknown>
      9c: 01 06        	mv	a2, a2
      9e: 03 c0 00 09  	lbu	zero, 144(ra)
      a2: 08 00        	<unknown>
      a4: 01 06        	mv	a2, a2
      a6: 03 40 09 04  	lbu	zero, 64(s2)
      aa: 00 01        	addi	s0, sp, 128
      ac: 05 1e        	addi	t3, t3, -31
      ae: 03 c0 00 09  	lbu	zero, 144(ra)
      b2: 04 00        	<unknown>
      b4: 01 05        	mv	a0, a0
      b6: 0d 06        	addi	a2, a2, 3
      b8: 03 03 09 0a  	lb	t1, 160(s2)
      bc: 00 01        	addi	s0, sp, 128
      be: 06 03        	slli	t1, t1, 1
      c0: bd 7f        	lui	t6, 1048559
      c2: 09 04        	addi	s0, s0, 2
      c4: 00 01        	addi	s0, sp, 128
      c6: 05 0b        	addi	s6, s6, 1
      c8: 03 c3 00 09  	lbu	t1, 144(ra)
      cc: 04 00        	<unknown>
      ce: 01 05        	mv	a0, a0
      d0: 23 03 00 09  	sb	a6, 134(zero)
      d4: 04 00        	<unknown>
      d6: 01 03        	mv	t1, t1
      d8: bd 7f        	lui	t6, 1048559
      da: 09 04        	addi	s0, s0, 2
      dc: 00 01        	addi	s0, sp, 128
      de: 05 0a        	addi	s4, s4, 1
      e0: 06 03        	slli	t1, t1, 1
      e2: c7 00 09 02  	fmsub.d	ft1, fs2, ft0, ft0, rne
      e6: 00 01        	addi	s0, sp, 128
      e8: 05 0e        	addi	t3, t3, 1
      ea: 03 01 09 0a  	lb	sp, 160(s2)
      ee: 00 01        	addi	s0, sp, 128
      f0: 06 03        	slli	t1, t1, 1
      f2: b8 7f        	ld	a4, 120(a5)
      f4: 09 02        	addi	tp, tp, 2
      f6: 00 01        	addi	s0, sp, 128
      f8: 05 06        	addi	a2, a2, 1
      fa: 03 c8 00 09  	lbu	a6, 144(ra)
      fe: 02 00        	c.slli64	zero
     100: 01 03        	mv	t1, t1
     102: b8 7f        	ld	a4, 120(a5)
     104: 09 04        	addi	s0, s0, 2
     106: 00 01        	addi	s0, sp, 128
     108: 03 c8 00 09  	lbu	a6, 144(ra)
     10c: 02 00        	c.slli64	zero
     10e: 01 05        	mv	a0, a0
     110: 20 06        	addi	s0, sp, 776
     112: 03 01 09 06  	lb	sp, 96(s2)
     116: 00 01        	addi	s0, sp, 128
     118: 05 25        	addiw	a0, a0, 1
     11a: 06 03        	slli	t1, t1, 1
     11c: 00 09        	addi	s0, sp, 144
     11e: 02 00        	c.slli64	zero
     120: 01 05        	mv	a0, a0
     122: 13 03 00 09  	li	t1, 144
     126: 02 00        	c.slli64	zero
     128: 01 03        	mv	t1, t1
     12a: b7 7f 09 08  	lui	t6, 32919
     12e: 00 01        	addi	s0, sp, 128
     130: 05 20        	<unknown>
     132: 06 03        	slli	t1, t1, 1
     134: cb 00 09 02  	fnmsub.d	ft1, fs2, ft0, ft0, rne
     138: 00 01        	addi	s0, sp, 128
     13a: 05 25        	addiw	a0, a0, 1
     13c: 06 03        	slli	t1, t1, 1
     13e: 00 09        	addi	s0, sp, 144
     140: 02 00        	c.slli64	zero
     142: 01 05        	mv	a0, a0
     144: 13 03 00 09  	li	t1, 144
     148: 02 00        	c.slli64	zero
     14a: 01 05        	mv	a0, a0
     14c: 12 03        	slli	t1, t1, 4
     14e: 00 09        	addi	s0, sp, 144
     150: 08 00        	<unknown>
     152: 01 05        	mv	a0, a0
     154: 20 06        	addi	s0, sp, 776
     156: 03 7f 09 06  	<unknown>
     15a: 00 01        	addi	s0, sp, 128
     15c: 05 25        	addiw	a0, a0, 1
     15e: 06 03        	slli	t1, t1, 1
     160: 00 09        	addi	s0, sp, 144
     162: 02 00        	c.slli64	zero
     164: 01 05        	mv	a0, a0
     166: 13 03 00 09  	li	t1, 144
     16a: 02 00        	c.slli64	zero
     16c: 01 05        	mv	a0, a0
     16e: 12 03        	slli	t1, t1, 4
     170: 00 09        	addi	s0, sp, 144
     172: 0a 00        	c.slli	zero, 2
     174: 01 05        	mv	a0, a0
     176: 20 06        	addi	s0, sp, 776
     178: 03 03 09 06  	lb	t1, 96(s2)
     17c: 00 01        	addi	s0, sp, 128
     17e: 05 25        	addiw	a0, a0, 1
     180: 06 03        	slli	t1, t1, 1
     182: 00 09        	addi	s0, sp, 144
     184: 02 00        	c.slli64	zero
     186: 01 05        	mv	a0, a0
     188: 13 03 00 09  	li	t1, 144
     18c: 02 00        	c.slli64	zero
     18e: 01 05        	mv	a0, a0
     190: 01 06        	mv	a2, a2
     192: 03 03 09 0a  	lb	t1, 160(s2)
     196: 00 01        	addi	s0, sp, 128
     198: 09 06        	addi	a2, a2, 2
     19a: 00 00        	unimp	
     19c: 01 01        	mv	sp, sp
     19e: 8f 01 00 00  	<unknown>
     1a2: 05 00        	c.nop	1
     1a4: 08 00        	<unknown>
     1a6: 69 00        	c.nop	26
     1a8: 00 00        	unimp	
     1aa: 01 01        	mv	sp, sp
     1ac: 01 fb        	bnez	a4, 0xbc <.debug_line+0xbc>
     1ae: 0e 0d        	slli	s10, s10, 3
     1b0: 00 01        	addi	s0, sp, 128
     1b2: 01 01        	mv	sp, sp
     1b4: 01 00        	nop
     1b6: 00 00        	unimp	
     1b8: 01 00        	nop
     1ba: 00 01        	addi	s0, sp, 128
     1bc: 01 01        	mv	sp, sp
     1be: 1f 03 9a 01  	<unknown>
     1c2: 00 00        	unimp	
     1c4: 28 00        	addi	a0, sp, 8
     1c6: 00 00        	unimp	
     1c8: 5b 02 00 00  	<unknown>
     1cc: 03 01 1f 02  	lb	sp, 33(t5)
     1d0: 0f 05 1e 03  	<unknown>
     1d4: b6 00        	slli	ra, ra, 13
     1d6: 00 00        	unimp	
     1d8: 00 9a        	<unknown>
     1da: 40 3b        	fld	fs0, 176(a4)
     1dc: 68 5f        	lw	a0, 124(a4)
     1de: 6b fc 69 16  	<unknown>
     1e2: a9 fb        	bnez	a5, 0x134 <.debug_line+0x134>
     1e4: 9e 36        	fld	fa3, 480(sp)
     1e6: 87 b1 d6 2f  	fld	ft3, 765(a3)
     1ea: 02 00        	c.slli64	zero
     1ec: 00 01        	addi	s0, sp, 128
     1ee: 3c e8        	sd	a5, 80(s0)
     1f0: 54 64        	ld	a3, 136(s0)
     1f2: ab 1c 64 21  	<unknown>
     1f6: 7b 0f 85 ca  	<unknown>
     1fa: b8 70        	ld	a4, 96(s1)
     1fc: 95 9d        	subw	a1, a1, a3
     1fe: 3b 03 00 00  	addw	t1, zero, zero
     202: 02 f7        	sd	zero, 424(sp)
     204: 02 4d        	lw	s10, 0(sp)
     206: 06 82        	mv	tp, ra
     208: a9 18        	addi	a7, a7, -22
     20a: b4 1f        	addi	a3, sp, 1016
     20c: 94 e8        	sd	a3, 16(s1)
     20e: be 9c        	add	s9, s9, a5
     210: d9 04        	addi	s1, s1, 22
     212: 61 04        	addi	s0, s0, 24
     214: 00 00        	unimp	
     216: 09 02        	addi	tp, tp, 2
		...
     220: 03 c7 00 01  	lbu	a4, 16(ra)
     224: 05 02        	addi	tp, tp, 1
     226: 0a 03        	slli	t1, t1, 2
     228: 03 09 00 00  	lb	s2, 0(zero)
     22c: 01 05        	mv	a0, a0
     22e: 05 03        	addi	t1, t1, 1
     230: 01 09        	mv	s2, s2
     232: 04 00        	<unknown>
     234: 01 05        	mv	a0, a0
     236: 07 03 01 09  	vlse8.v	v6, (sp), a6, v0.t
     23a: 02 00        	c.slli64	zero
     23c: 01 05        	mv	a0, a0
     23e: 05 06        	addi	a2, a2, 1
     240: 03 00 09 10  	lb	zero, 256(s2)
     244: 00 01        	addi	s0, sp, 128
     246: 03 b3 7f 09  	ld	t1, 151(t6)
     24a: 0c 00        	<unknown>
     24c: 01 05        	mv	a0, a0
     24e: 01 06        	mv	a2, a2
     250: 03 de 00 09  	lhu	t3, 144(ra)
     254: 02 00        	c.slli64	zero
     256: 01 06        	mv	a2, a2
     258: 03 a2 7f 09  	lw	tp, 151(t6)
     25c: 02 00        	c.slli64	zero
     25e: 01 05        	mv	a0, a0
     260: 08 06        	addi	a0, sp, 768
     262: 03 d0 00 09  	lhu	zero, 144(ra)
     266: 24 00        	addi	s1, sp, 8
     268: 01 05        	mv	a0, a0
     26a: 24 03        	addi	s1, sp, 392
     26c: 01 09        	mv	s2, s2
     26e: 04 00        	<unknown>
     270: 01 05        	mv	a0, a0
     272: 1e 06        	slli	a2, a2, 7
     274: 03 00 09 04  	lb	zero, 64(s2)
     278: 00 01        	addi	s0, sp, 128
     27a: 05 18        	addi	a6, a6, -31
     27c: 03 00 09 28  	lb	zero, 640(s2)
     280: 00 01        	addi	s0, sp, 128
     282: 05 12        	addi	tp, tp, -31
     284: 03 00 09 04  	lb	zero, 64(s2)
     288: 00 01        	addi	s0, sp, 128
     28a: 05 00        	c.nop	1
     28c: 03 af 7f 09  	lw	t5, 151(t6)
     290: 04 00        	<unknown>
     292: 01 05        	mv	a0, a0
     294: 0c 03        	addi	a1, sp, 384
     296: d1 00        	addi	ra, ra, 20
     298: 09 02        	addi	tp, tp, 2
     29a: 00 01        	addi	s0, sp, 128
     29c: 05 08        	addi	a6, a6, 1
     29e: 03 00 09 0c  	lb	zero, 192(s2)
     2a2: 00 01        	addi	s0, sp, 128
     2a4: 05 05        	addi	a0, a0, 1
     2a6: 06 03        	slli	t1, t1, 1
     2a8: 01 09        	mv	s2, s2
     2aa: 04 00        	<unknown>
     2ac: 01 05        	mv	a0, a0
     2ae: 21 03        	addi	t1, t1, 8
     2b0: 01 09        	mv	s2, s2
     2b2: 04 00        	<unknown>
     2b4: 01 06        	mv	a2, a2
     2b6: 03 ad 7f 09  	lw	s10, 151(t6)
     2ba: 08 00        	<unknown>
     2bc: 01 03        	mv	t1, t1
     2be: d3 00 09 0c  	<unknown>
     2c2: 00 01        	addi	s0, sp, 128
     2c4: 05 1a        	addi	s4, s4, -31
     2c6: 03 00 09 08  	lb	zero, 128(s2)
     2ca: 00 01        	addi	s0, sp, 128
     2cc: 05 11        	addi	sp, sp, -31
     2ce: 03 00 09 04  	lb	zero, 64(s2)
     2d2: 00 01        	addi	s0, sp, 128
     2d4: 05 01        	addi	sp, sp, 1
     2d6: 06 03        	slli	t1, t1, 1
     2d8: 0b 09 04 00  	<unknown>
     2dc: 01 06        	mv	a2, a2
     2de: 03 a2 7f 09  	lw	tp, 151(t6)
     2e2: 02 00        	c.slli64	zero
     2e4: 01 05        	mv	a0, a0
     2e6: 09 06        	addi	a2, a2, 2
     2e8: 03 d5 00 09  	lhu	a0, 144(ra)
     2ec: 04 00        	<unknown>
     2ee: 01 06        	mv	a2, a2
     2f0: 03 ab 7f 09  	lw	s6, 151(t6)
     2f4: 04 00        	<unknown>
     2f6: 01 05        	mv	a0, a0
     2f8: 10 06        	addi	a2, sp, 768
     2fa: 03 da 00 09  	lhu	s4, 144(ra)
     2fe: 2a 00        	c.slli	zero, 10
     300: 01 05        	mv	a0, a0
     302: 0e 03        	slli	t1, t1, 3
     304: 01 09        	mv	s2, s2
     306: 04 00        	<unknown>
     308: 01 05        	mv	a0, a0
     30a: 1b 03 01 09  	addiw	t1, sp, 144
     30e: 04 00        	<unknown>
     310: 01 05        	mv	a0, a0
     312: 15 06        	addi	a2, a2, 5
     314: 03 00 09 0c  	lb	zero, 192(s2)
     318: 00 01        	addi	s0, sp, 128
     31a: 05 0f        	addi	t5, t5, 1
     31c: 03 00 09 04  	lb	zero, 64(s2)
     320: 00 01        	addi	s0, sp, 128
     322: 05 01        	addi	sp, sp, 1
     324: 06 03        	slli	t1, t1, 1
     326: 02 09        	c.slli64	s2
     328: 04 00        	<unknown>
     32a: 01 09        	mv	s2, s2
     32c: 02 00        	c.slli64	zero
     32e: 00 01        	addi	s0, sp, 128
     330: 01 ec        	bnez	s0, 0x348 <.debug_line+0x348>
     332: 04 00        	<unknown>
     334: 00 05        	addi	s0, sp, 640
     336: 00 08        	addi	s0, sp, 16
     338: 00 7e        	ld	s0, 56(a2)
     33a: 00 00        	unimp	
     33c: 00 01        	addi	s0, sp, 128
     33e: 01 01        	mv	sp, sp
     340: fb 0e 0d 00  	<unknown>
     344: 01 01        	mv	sp, sp
     346: 01 01        	mv	sp, sp
     348: 00 00        	unimp	
     34a: 00 01        	addi	s0, sp, 128
     34c: 00 00        	unimp	
     34e: 01 01        	mv	sp, sp
     350: 01 1f        	addi	t5, t5, -32
     352: 03 9a 01 00  	lh	s4, 0(gp)
     356: 00 5b        	lw	s0, 48(a4)
     358: 02 00        	c.slli64	zero
     35a: 00 28        	fld	fs0, 16(s0)
     35c: 00 00        	unimp	
     35e: 00 03        	addi	s0, sp, 384
     360: 01 1f        	addi	t5, t5, -32
     362: 02 0f        	c.slli64	t5
     364: 05 1e        	addi	t3, t3, -31
     366: 04 14        	addi	s1, sp, 544
     368: 03 00 00 00  	lb	zero, 0(zero)
     36c: 7c 31        	fld	fa5, 224(a0)
     36e: df b6 a4 13  	<unknown>
     372: e3 6e 3d 97  	bltu	s10, s3, 0xfffffffffffffcee <timer+0xffffffff7fffacee>
     376: f4 dc        	sw	a3, 124(s1)
     378: ed ba        	j	0xfffffffffffffd72 <timer+0xffffffff7fffad72>
     37a: 72 91        	add	sp, sp, t3
     37c: 3b 03 00 00  	addw	t1, zero, zero
     380: 01 f7        	bnez	a4, 0x288 <.debug_line+0x288>
     382: 02 4d        	lw	s10, 0(sp)
     384: 06 82        	mv	tp, ra
     386: a9 18        	addi	a7, a7, -22
     388: b4 1f        	addi	a3, sp, 1016
     38a: 94 e8        	sd	a3, 16(s1)
     38c: be 9c        	add	s9, s9, a5
     38e: d9 04        	addi	s1, s1, 22
     390: 61 88        	andi	s0, s0, 24
     392: 02 00        	c.slli64	zero
     394: 00 01        	addi	s0, sp, 128
     396: c8 51        	lw	a0, 36(a1)
     398: ef 0b 93 55  	jal	s7, 0x310f0 <.debug_line+0x310f0>
     39c: 0a d8        	sw	sp, 48(sp)
     39e: 3e f4        	sd	a5, 40(sp)
     3a0: 07 44 d6 bb  	<unknown>
     3a4: 3d 9b        	andi	a4, a4, -17
     3a6: 2f 02 00 00  	<unknown>
     3aa: 02 3c        	fld	fs8, 32(sp)
     3ac: e8 54        	lw	a0, 108(s1)
     3ae: 64 ab        	fsd	fs1, 208(a4)
     3b0: 1c 64        	ld	a5, 8(s0)
     3b2: 21 7b        	lui	s6, 1048552
     3b4: 0f 85 ca b8  	<unknown>
     3b8: 70 95        	<unknown>
     3ba: 9d 04        	addi	s1, s1, 7
     3bc: 00 00        	unimp	
     3be: 09 02        	addi	tp, tp, 2
		...
     3c8: 03 da 00 01  	lhu	s4, 16(ra)
     3cc: 06 03        	slli	t1, t1, 1
     3ce: a5 7f        	lui	t6, 1048553
     3d0: 09 02        	addi	tp, tp, 2
     3d2: 00 01        	addi	s0, sp, 128
     3d4: 05 02        	addi	tp, tp, 1
     3d6: 06 0a        	slli	s4, s4, 1
     3d8: 03 e2 00 09  	lwu	tp, 144(ra)
     3dc: 08 00        	<unknown>
     3de: 01 05        	mv	a0, a0
     3e0: 09 03        	addi	t1, t1, 2
     3e2: 01 09        	mv	s2, s2
     3e4: 08 00        	<unknown>
     3e6: 01 06        	mv	a2, a2
     3e8: 03 9d 7f 09  	lh	s10, 151(t6)
     3ec: 08 00        	<unknown>
     3ee: 01 05        	mv	a0, a0
     3f0: 05 06        	addi	a2, a2, 1
     3f2: 03 e4 00 09  	lwu	s0, 144(ra)
     3f6: 0a 00        	c.slli	zero, 2
     3f8: 01 06        	mv	a2, a2
     3fa: 03 9c 7f 09  	lh	s8, 151(t6)
     3fe: 04 00        	<unknown>
     400: 01 05        	mv	a0, a0
     402: 0c 06        	addi	a1, sp, 768
     404: 03 e5 00 09  	lwu	a0, 144(ra)
     408: 02 00        	c.slli64	zero
     40a: 01 05        	mv	a0, a0
     40c: 16 06        	slli	a2, a2, 5
     40e: 03 00 09 02  	lb	zero, 32(s2)
     412: 00 01        	addi	s0, sp, 128
     414: 03 9b 7f 09  	lh	s6, 151(t6)
     418: 06 00        	c.slli	zero, 1
     41a: 01 05        	mv	a0, a0
     41c: 05 06        	addi	a2, a2, 1
     41e: 03 e6 00 09  	lwu	a2, 144(ra)
     422: 08 00        	<unknown>
     424: 01 05        	mv	a0, a0
     426: 02 03        	c.slli64	t1
     428: 7c 09        	addi	a5, sp, 156
     42a: 04 00        	<unknown>
     42c: 01 05        	mv	a0, a0
     42e: 09 03        	addi	t1, t1, 2
     430: 05 09        	addi	s2, s2, 1
     432: 02 00        	c.slli64	zero
     434: 01 06        	mv	a2, a2
     436: 03 99 7f 09  	lh	s2, 151(t6)
     43a: 04 00        	<unknown>
     43c: 01 06        	mv	a2, a2
     43e: 03 e8 00 09  	lwu	a6, 144(ra)
     442: 14 00        	<unknown>
     444: 01 05        	mv	a0, a0
     446: 06 03        	slli	t1, t1, 1
     448: 01 09        	mv	s2, s2
     44a: 04 00        	<unknown>
     44c: 01 06        	mv	a2, a2
     44e: 03 97 7f 09  	lh	a4, 151(t6)
     452: 04 00        	<unknown>
     454: 01 05        	mv	a0, a0
     456: 09 06        	addi	a2, a2, 2
     458: 03 ed 00 09  	lwu	s10, 144(ra)
     45c: 18 00        	<unknown>
     45e: 01 05        	mv	a0, a0
     460: 10 03        	addi	a2, sp, 384
     462: 01 09        	mv	s2, s2
     464: 04 00        	<unknown>
     466: 01 05        	mv	a0, a0
     468: 0c 06        	addi	a1, sp, 768
     46a: 03 00 09 04  	lb	zero, 64(s2)
     46e: 00 01        	addi	s0, sp, 128
     470: 05 10        	c.nop	-31
     472: 06 03        	slli	t1, t1, 1
     474: 01 09        	mv	s2, s2
     476: 04 00        	<unknown>
     478: 01 05        	mv	a0, a0
     47a: 16 06        	slli	a2, a2, 5
     47c: 03 00 09 04  	lb	zero, 64(s2)
     480: 00 01        	addi	s0, sp, 128
     482: 03 91 7f 09  	lh	sp, 151(t6)
     486: 06 00        	c.slli	zero, 1
     488: 01 05        	mv	a0, a0
     48a: 05 06        	addi	a2, a2, 1
     48c: 03 ff 00 09  	<unknown>
     490: 08 00        	<unknown>
     492: 01 05        	mv	a0, a0
     494: 0b 03 01 09  	<unknown>
     498: 04 00        	<unknown>
     49a: 01 06        	mv	a2, a2
     49c: 03 80 7f 09  	lb	zero, 151(t6)
     4a0: 08 00        	<unknown>
     4a2: 01 05        	mv	a0, a0
     4a4: 21 06        	addi	a2, a2, 8
     4a6: 03 81 01 09  	lb	sp, 144(gp)
     4aa: 18 00        	<unknown>
     4ac: 01 05        	mv	a0, a0
     4ae: 0b 06 03 00  	<unknown>
     4b2: 09 04        	addi	s0, s0, 2
     4b4: 00 01        	addi	s0, sp, 128
     4b6: 03 ff 7e 09  	<unknown>
     4ba: 04 00        	<unknown>
     4bc: 01 06        	mv	a2, a2
     4be: 03 82 01 09  	lb	tp, 144(gp)
     4c2: 18 00        	<unknown>
     4c4: 01 05        	mv	a0, a0
     4c6: 0c 03        	addi	a1, sp, 384
     4c8: 01 09        	mv	s2, s2
     4ca: 04 00        	<unknown>
     4cc: 01 06        	mv	a2, a2
     4ce: 03 fd 7e 09  	<unknown>
     4d2: 04 00        	<unknown>
     4d4: 01 05        	mv	a0, a0
     4d6: 0d 06        	addi	a2, a2, 3
     4d8: 03 84 01 09  	lb	s0, 144(gp)
     4dc: 02 00        	c.slli64	zero
     4de: 01 03        	mv	t1, t1
     4e0: 01 09        	mv	s2, s2
     4e2: 04 00        	<unknown>
     4e4: 01 05        	mv	a0, a0
     4e6: 1d 06        	addi	a2, a2, 7
     4e8: 03 00 09 04  	lb	zero, 64(s2)
     4ec: 00 01        	addi	s0, sp, 128
     4ee: 05 13        	addi	t1, t1, -31
     4f0: 03 00 09 04  	lb	zero, 64(s2)
     4f4: 00 01        	addi	s0, sp, 128
     4f6: 05 09        	addi	s2, s2, 1
     4f8: 03 00 09 0e  	lb	zero, 224(s2)
     4fc: 00 01        	addi	s0, sp, 128
     4fe: 03 fb 7e 09  	<unknown>
     502: 04 00        	<unknown>
     504: 01 05        	mv	a0, a0
     506: 12 06        	slli	a2, a2, 4
     508: 03 8a 01 09  	lb	s4, 144(gp)
     50c: 04 00        	<unknown>
     50e: 01 05        	mv	a0, a0
     510: 03 03 01 09  	lb	t1, 144(sp)
     514: 04 00        	<unknown>
     516: 01 05        	mv	a0, a0
     518: 1b 03 01 09  	addiw	t1, sp, 144
     51c: 04 00        	<unknown>
     51e: 01 05        	mv	a0, a0
     520: 0f 06 03 00  	<unknown>
     524: 09 04        	addi	s0, s0, 2
     526: 00 01        	addi	s0, sp, 128
     528: 03 f4 7e 09  	<unknown>
     52c: 04 00        	<unknown>
     52e: 01 06        	mv	a2, a2
     530: 03 8a 01 09  	lb	s4, 144(gp)
     534: 02 00        	c.slli64	zero
     536: 01 05        	mv	a0, a0
     538: 0d 03        	addi	t1, t1, 3
     53a: 03 09 04 00  	lb	s2, 0(s0)
     53e: 01 06        	mv	a2, a2
     540: 03 f3 7e 09  	<unknown>
     544: 04 00        	<unknown>
     546: 01 05        	mv	a0, a0
     548: 0e 06        	slli	a2, a2, 3
     54a: 03 8f 01 09  	lb	t5, 144(gp)
     54e: 0c 00        	<unknown>
     550: 01 06        	mv	a2, a2
     552: 03 f1 7e 09  	<unknown>
     556: 04 00        	<unknown>
     558: 01 05        	mv	a0, a0
     55a: 0d 06        	addi	a2, a2, 3
     55c: 03 90 01 09  	lh	zero, 144(gp)
     560: 0c 00        	<unknown>
     562: 01 05        	mv	a0, a0
     564: 1a 03        	slli	t1, t1, 6
     566: 01 09        	mv	s2, s2
     568: 04 00        	<unknown>
     56a: 01 05        	mv	a0, a0
     56c: 1d 06        	addi	a2, a2, 7
     56e: 03 00 09 04  	lb	zero, 64(s2)
     572: 00 01        	addi	s0, sp, 128
     574: 05 16        	addi	a2, a2, -31
     576: 03 00 09 04  	lb	zero, 64(s2)
     57a: 00 01        	addi	s0, sp, 128
     57c: 05 0f        	addi	t5, t5, 1
     57e: 06 03        	slli	t1, t1, 1
     580: 01 09        	mv	s2, s2
     582: 04 00        	<unknown>
     584: 01 05        	mv	a0, a0
     586: 07 03 01 09  	vlse8.v	v6, (sp), a6, v0.t
     58a: 04 00        	<unknown>
     58c: 01 05        	mv	a0, a0
     58e: 18 03        	addi	a4, sp, 384
     590: 01 09        	mv	s2, s2
     592: 04 00        	<unknown>
     594: 01 05        	mv	a0, a0
     596: 0c 06        	addi	a1, sp, 768
     598: 03 00 09 04  	lb	zero, 64(s2)
     59c: 00 01        	addi	s0, sp, 128
     59e: 03 ec 7e 09  	lwu	s8, 151(t4)
     5a2: 02 00        	c.slli64	zero
     5a4: 01 06        	mv	a2, a2
     5a6: 03 92 01 09  	lh	tp, 144(gp)
     5aa: 04 00        	<unknown>
     5ac: 01 05        	mv	a0, a0
     5ae: 0a 03        	slli	t1, t1, 2
     5b0: 03 09 04 00  	lb	s2, 0(s0)
     5b4: 01 06        	mv	a2, a2
     5b6: 03 eb 7e 09  	lwu	s6, 151(t4)
     5ba: 04 00        	<unknown>
     5bc: 01 05        	mv	a0, a0
     5be: 0f 06 03 97  	<unknown>
     5c2: 01 09        	mv	s2, s2
     5c4: 0c 00        	<unknown>
     5c6: 01 06        	mv	a2, a2
     5c8: 03 e9 7e 09  	lwu	s2, 151(t4)
     5cc: 04 00        	<unknown>
     5ce: 01 05        	mv	a0, a0
     5d0: 0e 06        	slli	a2, a2, 3
     5d2: 03 98 01 09  	lh	a6, 144(gp)
     5d6: 0c 00        	<unknown>
     5d8: 01 05        	mv	a0, a0
     5da: 1b 03 01 09  	addiw	t1, sp, 144
     5de: 04 00        	<unknown>
     5e0: 01 05        	mv	a0, a0
     5e2: 1e 06        	slli	a2, a2, 7
     5e4: 03 00 09 04  	lb	zero, 64(s2)
     5e8: 00 01        	addi	s0, sp, 128
     5ea: 05 17        	addi	a4, a4, -31
     5ec: 03 00 09 04  	lb	zero, 64(s2)
     5f0: 00 01        	addi	s0, sp, 128
     5f2: 05 00        	c.nop	1
     5f4: 03 e7 7e 09  	lwu	a4, 151(t4)
     5f8: 04 00        	<unknown>
     5fa: 01 05        	mv	a0, a0
     5fc: 07 06 03 a5  	vluxseg6ei8.v	v12, (t1), v16, v0.t
     600: 01 09        	mv	s2, s2
     602: 0a 00        	c.slli	zero, 2
     604: 01 05        	mv	a0, a0
     606: 05 06        	addi	a2, a2, 1
     608: 03 00 09 08  	lb	zero, 128(s2)
     60c: 00 01        	addi	s0, sp, 128
     60e: 03 db 7e 09  	lhu	s6, 151(t4)
     612: 04 00        	<unknown>
     614: 01 05        	mv	a0, a0
     616: 11 06        	addi	a2, a2, 4
     618: 03 a6 01 09  	lw	a2, 144(gp)
     61c: 02 00        	c.slli64	zero
     61e: 01 05        	mv	a0, a0
     620: 0f 06 03 00  	<unknown>
     624: 09 04        	addi	s0, s0, 2
     626: 00 01        	addi	s0, sp, 128
     628: 05 0a        	addi	s4, s4, 1
     62a: 03 00 09 04  	lb	zero, 64(s2)
     62e: 00 01        	addi	s0, sp, 128
     630: 03 da 7e 09  	lhu	s4, 151(t4)
     634: 06 00        	c.slli	zero, 1
     636: 01 05        	mv	a0, a0
     638: 09 06        	addi	a2, a2, 2
     63a: 03 f3 00 09  	<unknown>
     63e: 14 00        	<unknown>
     640: 01 05        	mv	a0, a0
     642: 06 03        	slli	t1, t1, 1
     644: 01 09        	mv	s2, s2
     646: 04 00        	<unknown>
     648: 01 06        	mv	a2, a2
     64a: 03 8c 7f 09  	lb	s8, 151(t6)
     64e: 04 00        	<unknown>
     650: 01 05        	mv	a0, a0
     652: 09 06        	addi	a2, a2, 2
     654: 03 f8 00 09  	<unknown>
     658: 18 00        	<unknown>
     65a: 01 05        	mv	a0, a0
     65c: 10 03        	addi	a2, sp, 384
     65e: 01 09        	mv	s2, s2
     660: 04 00        	<unknown>
     662: 01 05        	mv	a0, a0
     664: 0c 06        	addi	a1, sp, 768
     666: 03 00 09 04  	lb	zero, 64(s2)
     66a: 00 01        	addi	s0, sp, 128
     66c: 05 10        	c.nop	-31
     66e: 06 03        	slli	t1, t1, 1
     670: 01 09        	mv	s2, s2
     672: 04 00        	<unknown>
     674: 01 05        	mv	a0, a0
     676: 16 06        	slli	a2, a2, 5
     678: 03 00 09 04  	lb	zero, 64(s2)
     67c: 00 01        	addi	s0, sp, 128
     67e: 03 86 7f 09  	lb	a2, 151(t6)
     682: 06 00        	c.slli	zero, 1
     684: 01 05        	mv	a0, a0
     686: 10 06        	addi	a2, sp, 768
     688: 03 ea 00 09  	lwu	s4, 144(ra)
     68c: 0c 00        	<unknown>
     68e: 01 05        	mv	a0, a0
     690: 0c 06        	addi	a1, sp, 768
     692: 03 00 09 04  	lb	zero, 64(s2)
     696: 00 01        	addi	s0, sp, 128
     698: 05 10        	c.nop	-31
     69a: 06 03        	slli	t1, t1, 1
     69c: 01 09        	mv	s2, s2
     69e: 04 00        	<unknown>
     6a0: 01 05        	mv	a0, a0
     6a2: 16 06        	slli	a2, a2, 5
     6a4: 03 00 09 04  	lb	zero, 64(s2)
     6a8: 00 01        	addi	s0, sp, 128
     6aa: 05 00        	c.nop	1
     6ac: 03 95 7f 09  	lh	a0, 151(t6)
     6b0: 04 00        	<unknown>
     6b2: 01 05        	mv	a0, a0
     6b4: 02 06        	c.slli64	a2
     6b6: 03 aa 01 09  	lw	s4, 144(gp)
     6ba: 08 00        	<unknown>
     6bc: 01 05        	mv	a0, a0
     6be: 16 03        	slli	t1, t1, 5
     6c0: 01 09        	mv	s2, s2
     6c2: 06 00        	c.slli	zero, 1
     6c4: 01 05        	mv	a0, a0
     6c6: 02 03        	c.slli64	t1
     6c8: 01 09        	mv	s2, s2
     6ca: 04 00        	<unknown>
     6cc: 01 05        	mv	a0, a0
     6ce: 14 03        	addi	a3, sp, 384
     6d0: 02 09        	c.slli64	s2
     6d2: 10 00        	<unknown>
     6d4: 01 06        	mv	a2, a2
     6d6: 03 d2 7e 09  	lhu	tp, 151(t4)
     6da: 08 00        	<unknown>
     6dc: 01 05        	mv	a0, a0
     6de: 0b 03 ae 01  	<unknown>
     6e2: 09 08        	addi	a6, a6, 2
     6e4: 00 01        	addi	s0, sp, 128
     6e6: 05 09        	addi	s2, s2, 1
     6e8: 03 00 09 04  	lb	zero, 64(s2)
     6ec: 00 01        	addi	s0, sp, 128
     6ee: 05 0d        	addi	s10, s10, 1
     6f0: 06 03        	slli	t1, t1, 1
     6f2: 01 09        	mv	s2, s2
     6f4: 02 00        	c.slli64	zero
     6f6: 01 05        	mv	a0, a0
     6f8: 14 06        	addi	a3, sp, 768
     6fa: 03 00 09 04  	lb	zero, 64(s2)
     6fe: 00 01        	addi	s0, sp, 128
     700: 06 03        	slli	t1, t1, 1
     702: 7f 09 04 00  	<unknown>
     706: 01 05        	mv	a0, a0
     708: 0b 06 03 00  	<unknown>
     70c: 09 04        	addi	s0, s0, 2
     70e: 00 01        	addi	s0, sp, 128
     710: 05 09        	addi	s2, s2, 1
     712: 03 00 09 04  	lb	zero, 64(s2)
     716: 00 01        	addi	s0, sp, 128
     718: 05 0d        	addi	s10, s10, 1
     71a: 06 03        	slli	t1, t1, 1
     71c: 01 09        	mv	s2, s2
     71e: 02 00        	c.slli64	zero
     720: 01 05        	mv	a0, a0
     722: 14 06        	addi	a3, sp, 768
     724: 03 00 09 04  	lb	zero, 64(s2)
     728: 00 01        	addi	s0, sp, 128
     72a: 05 02        	addi	tp, tp, 1
     72c: 06 03        	slli	t1, t1, 1
     72e: 02 09        	c.slli64	s2
     730: 04 00        	<unknown>
     732: 01 05        	mv	a0, a0
     734: 08 06        	addi	a0, sp, 768
     736: 03 00 09 02  	lb	zero, 32(s2)
     73a: 00 01        	addi	s0, sp, 128
     73c: 03 cf 7e 09  	lbu	t5, 151(t4)
     740: 04 00        	<unknown>
     742: 01 06        	mv	a2, a2
     744: 03 b3 01 09  	ld	t1, 144(gp)
     748: 04 00        	<unknown>
     74a: 01 05        	mv	a0, a0
     74c: 10 06        	addi	a2, sp, 768
     74e: 03 00 09 04  	lb	zero, 64(s2)
     752: 00 01        	addi	s0, sp, 128
     754: 05 02        	addi	tp, tp, 1
     756: 03 00 09 04  	lb	zero, 64(s2)
     75a: 00 01        	addi	s0, sp, 128
     75c: 05 08        	addi	a6, a6, 1
     75e: 06 03        	slli	t1, t1, 1
     760: 01 09        	mv	s2, s2
     762: 06 00        	c.slli	zero, 1
     764: 01 05        	mv	a0, a0
     766: 05 03        	addi	t1, t1, 1
     768: 01 09        	mv	s2, s2
     76a: 16 00        	c.slli	zero, 5
     76c: 01 05        	mv	a0, a0
     76e: 14 06        	addi	a3, sp, 768
     770: 03 00 09 04  	lb	zero, 64(s2)
     774: 00 01        	addi	s0, sp, 128
     776: 05 22        	addiw	tp, tp, 1
     778: 03 00 09 04  	lb	zero, 64(s2)
     77c: 00 01        	addi	s0, sp, 128
     77e: 05 13        	addi	t1, t1, -31
     780: 03 00 09 04  	lb	zero, 64(s2)
     784: 00 01        	addi	s0, sp, 128
     786: 05 11        	addi	sp, sp, -31
     788: 03 00 09 04  	lb	zero, 64(s2)
     78c: 00 01        	addi	s0, sp, 128
     78e: 05 21        	addiw	sp, sp, 1
     790: 03 00 09 04  	lb	zero, 64(s2)
     794: 00 01        	addi	s0, sp, 128
     796: 03 cb 7e 09  	lbu	s6, 151(t4)
     79a: 06 00        	c.slli	zero, 1
     79c: 01 05        	mv	a0, a0
     79e: 10 06        	addi	a2, sp, 768
     7a0: 03 f5 00 09  	<unknown>
     7a4: 0c 00        	<unknown>
     7a6: 01 05        	mv	a0, a0
     7a8: 0c 06        	addi	a1, sp, 768
     7aa: 03 00 09 04  	lb	zero, 64(s2)
     7ae: 00 01        	addi	s0, sp, 128
     7b0: 05 10        	c.nop	-31
     7b2: 06 03        	slli	t1, t1, 1
     7b4: 01 09        	mv	s2, s2
     7b6: 04 00        	<unknown>
     7b8: 01 05        	mv	a0, a0
     7ba: 16 06        	slli	a2, a2, 5
     7bc: 03 00 09 04  	lb	zero, 64(s2)
     7c0: 00 01        	addi	s0, sp, 128
     7c2: 05 00        	c.nop	1
     7c4: 03 8a 7f 09  	lb	s4, 151(t6)
     7c8: 04 00        	<unknown>
     7ca: 01 05        	mv	a0, a0
     7cc: 0f 06 03 9e  	<unknown>
     7d0: 01 09        	mv	s2, s2
     7d2: 0c 00        	<unknown>
     7d4: 01 05        	mv	a0, a0
     7d6: 15 06        	addi	a2, a2, 5
     7d8: 03 00 09 04  	lb	zero, 64(s2)
     7dc: 00 01        	addi	s0, sp, 128
     7de: 05 0b        	addi	s6, s6, 1
     7e0: 03 00 09 04  	lb	zero, 64(s2)
     7e4: 00 01        	addi	s0, sp, 128
     7e6: 05 09        	addi	s2, s2, 1
     7e8: 06 03        	slli	t1, t1, 1
     7ea: 01 09        	mv	s2, s2
     7ec: 04 00        	<unknown>
     7ee: 01 05        	mv	a0, a0
     7f0: 18 06        	addi	a4, sp, 768
     7f2: 03 00 09 04  	lb	zero, 64(s2)
     7f6: 00 01        	addi	s0, sp, 128
     7f8: 05 16        	addi	a2, a2, -31
     7fa: 03 00 09 04  	lb	zero, 64(s2)
     7fe: 00 01        	addi	s0, sp, 128
     800: 05 26        	addiw	a2, a2, 1
     802: 03 00 09 04  	lb	zero, 64(s2)
     806: 00 01        	addi	s0, sp, 128
     808: 05 00        	c.nop	1
     80a: 03 e1 7e 09  	lwu	sp, 151(t4)
     80e: 04 00        	<unknown>
     810: 01 05        	mv	a0, a0
     812: 01 06        	mv	a2, a2
     814: 03 b7 01 09  	ld	a4, 144(gp)
     818: 08 00        	<unknown>
     81a: 01 09        	mv	s2, s2
     81c: 0c 00        	<unknown>
     81e: 00 01        	addi	s0, sp, 128
     820: 01 c1        	beqz	a0, 0x820 <.debug_line+0x820>
     822: 08 00        	<unknown>
     824: 00 05        	addi	s0, sp, 640
     826: 00 08        	addi	s0, sp, 16
     828: 00 65        	ld	s0, 8(a0)
     82a: 00 00        	unimp	
     82c: 00 01        	addi	s0, sp, 128
     82e: 01 01        	mv	sp, sp
     830: fb 0e 0d 00  	<unknown>
     834: 01 01        	mv	sp, sp
     836: 01 01        	mv	sp, sp
     838: 00 00        	unimp	
     83a: 00 01        	addi	s0, sp, 128
     83c: 00 00        	unimp	
     83e: 01 01        	mv	sp, sp
     840: 01 1f        	addi	t5, t5, -32
     842: 02 9a        	jalr	s4
     844: 01 00        	nop
     846: 00 5b        	lw	s0, 48(a4)
     848: 02 00        	c.slli64	zero
     84a: 00 03        	addi	s0, sp, 384
     84c: 01 1f        	addi	t5, t5, -32
     84e: 02 0f        	c.slli64	t5
     850: 05 1e        	addi	t3, t3, -31
     852: 03 d8 00 00  	lhu	a6, 0(ra)
     856: 00 00        	unimp	
     858: 8e 48        	lw	a7, 192(sp)
     85a: 3f 65 a9 00  	<unknown>
     85e: 8d 61        	lui	gp, 3
     860: fb b4 fe ae  	<unknown>
     864: a6 ea        	sd	s1, 336(sp)
     866: 9e 08        	slli	a7, a7, 7
     868: 3b 03 00 00  	addw	t1, zero, zero
     86c: 01 f7        	bnez	a4, 0x774 <.debug_line+0x774>
     86e: 02 4d        	lw	s10, 0(sp)
     870: 06 82        	mv	tp, ra
     872: a9 18        	addi	a7, a7, -22
     874: b4 1f        	addi	a3, sp, 1016
     876: 94 e8        	sd	a3, 16(s1)
     878: be 9c        	add	s9, s9, a5
     87a: d9 04        	addi	s1, s1, 22
     87c: 61 88        	andi	s0, s0, 24
     87e: 02 00        	c.slli64	zero
     880: 00 01        	addi	s0, sp, 128
     882: c8 51        	lw	a0, 36(a1)
     884: ef 0b 93 55  	jal	s7, 0x315dc <.debug_line+0x315dc>
     888: 0a d8        	sw	sp, 48(sp)
     88a: 3e f4        	sd	a5, 40(sp)
     88c: 07 44 d6 bb  	<unknown>
     890: 3d 9b        	andi	a4, a4, -17
     892: 04 00        	<unknown>
     894: 00 09        	addi	s0, sp, 144
     896: 02 00        	c.slli64	zero
     898: 00 00        	unimp	
     89a: 00 00        	unimp	
     89c: 00 00        	unimp	
     89e: 00 03        	addi	s0, sp, 384
     8a0: aa 01        	slli	gp, gp, 10
     8a2: 01 05        	mv	a0, a0
     8a4: 07 0a 03 05  	vluxei8.v	v20, (t1), v16, v0.t
     8a8: 09 5a        	li	s4, -30
     8aa: 00 01        	addi	s0, sp, 128
     8ac: 05 0a        	addi	s4, s4, 1
     8ae: 03 04 09 12  	lb	s0, 288(s2)
     8b2: 00 01        	addi	s0, sp, 128
     8b4: 03 01 09 04  	lb	sp, 64(s2)
     8b8: 00 01        	addi	s0, sp, 128
     8ba: 05 0d        	addi	s10, s10, 1
     8bc: 06 03        	slli	t1, t1, 1
     8be: 00 09        	addi	s0, sp, 144
     8c0: 0c 00        	<unknown>
     8c2: 01 05        	mv	a0, a0
     8c4: 15 03        	addi	t1, t1, 5
     8c6: 00 09        	addi	s0, sp, 144
     8c8: 0c 00        	<unknown>
     8ca: 01 03        	mv	t1, t1
     8cc: cb 7e 09 0c  	<unknown>
     8d0: 00 01        	addi	s0, sp, 128
     8d2: 05 0d        	addi	s10, s10, 1
     8d4: 06 03        	slli	t1, t1, 1
     8d6: b6 01        	slli	gp, gp, 13
     8d8: 09 02        	addi	tp, tp, 2
     8da: 00 01        	addi	s0, sp, 128
     8dc: 05 13        	addi	t1, t1, -31
     8de: 03 03 09 04  	lb	t1, 64(s2)
     8e2: 00 01        	addi	s0, sp, 128
     8e4: 05 0d        	addi	s10, s10, 1
     8e6: 03 7d 09 04  	<unknown>
     8ea: 00 01        	addi	s0, sp, 128
     8ec: 05 02        	addi	tp, tp, 1
     8ee: 03 04 09 04  	lb	s0, 64(s2)
     8f2: 00 01        	addi	s0, sp, 128
     8f4: 05 08        	addi	a6, a6, 1
     8f6: 03 7f 09 04  	<unknown>
     8fa: 00 01        	addi	s0, sp, 128
     8fc: 05 02        	addi	tp, tp, 1
     8fe: 03 01 09 04  	lb	sp, 64(s2)
     902: 00 01        	addi	s0, sp, 128
     904: 05 0b        	addi	s6, s6, 1
     906: 06 03        	slli	t1, t1, 1
     908: 00 09        	addi	s0, sp, 144
     90a: 04 00        	<unknown>
     90c: 01 05        	mv	a0, a0
     90e: 02 03        	c.slli64	t1
     910: 00 09        	addi	s0, sp, 144
     912: 06 00        	c.slli	zero, 1
     914: 01 05        	mv	a0, a0
     916: 1d 03        	addi	t1, t1, 7
     918: 00 09        	addi	s0, sp, 144
     91a: 0e 00        	c.slli	zero, 3
     91c: 01 05        	mv	a0, a0
     91e: 14 03        	addi	a3, sp, 384
     920: 00 09        	addi	s0, sp, 144
     922: 04 00        	<unknown>
     924: 01 05        	mv	a0, a0
     926: 0b 03 00 09  	<unknown>
     92a: 02 00        	c.slli64	zero
     92c: 01 05        	mv	a0, a0
     92e: 02 03        	c.slli64	t1
     930: 00 09        	addi	s0, sp, 144
     932: 06 00        	c.slli	zero, 1
     934: 01 03        	mv	t1, t1
     936: c6 7e        	ld	t4, 112(sp)
     938: 09 02        	addi	tp, tp, 2
     93a: 00 01        	addi	s0, sp, 128
     93c: 05 1f        	addi	t5, t5, -31
     93e: 03 ba 01 09  	ld	s4, 144(gp)
     942: 04 00        	<unknown>
     944: 01 05        	mv	a0, a0
     946: 36 03        	slli	t1, t1, 13
     948: 00 09        	addi	s0, sp, 144
     94a: 04 00        	<unknown>
     94c: 01 05        	mv	a0, a0
     94e: 2d 03        	addi	t1, t1, 11
     950: 00 09        	addi	s0, sp, 144
     952: 02 00        	c.slli64	zero
     954: 01 03        	mv	t1, t1
     956: c6 7e        	ld	t4, 112(sp)
     958: 09 06        	addi	a2, a2, 2
     95a: 00 01        	addi	s0, sp, 128
     95c: 05 02        	addi	tp, tp, 1
     95e: 06 03        	slli	t1, t1, 1
     960: bd 01        	addi	gp, gp, 15
     962: 09 06        	addi	a2, a2, 2
     964: 00 01        	addi	s0, sp, 128
     966: 05 06        	addi	a2, a2, 1
     968: 03 02 09 22  	lb	tp, 544(s2)
     96c: 00 01        	addi	s0, sp, 128
     96e: 05 0b        	addi	s6, s6, 1
     970: 06 03        	slli	t1, t1, 1
     972: 00 09        	addi	s0, sp, 144
     974: 06 00        	c.slli	zero, 1
     976: 01 05        	mv	a0, a0
     978: 12 06        	slli	a2, a2, 4
     97a: 03 7e 09 04  	<unknown>
     97e: 00 01        	addi	s0, sp, 128
     980: 05 02        	addi	tp, tp, 1
     982: 06 03        	slli	t1, t1, 1
     984: 00 09        	addi	s0, sp, 144
     986: 02 00        	c.slli64	zero
     988: 01 03        	mv	t1, t1
     98a: c3 7e 09 06  	<unknown>
     98e: 00 01        	addi	s0, sp, 128
     990: 05 06        	addi	a2, a2, 1
     992: 06 03        	slli	t1, t1, 1
     994: be 01        	slli	gp, gp, 15
     996: 09 04        	addi	s0, s0, 2
     998: 00 01        	addi	s0, sp, 128
     99a: 06 03        	slli	t1, t1, 1
     99c: c2 7e        	ld	t4, 48(sp)
     99e: 09 04        	addi	s0, s0, 2
     9a0: 00 01        	addi	s0, sp, 128
     9a2: 05 26        	addiw	a2, a2, 1
     9a4: 03 be 01 09  	ld	t3, 144(gp)
     9a8: 0a 00        	c.slli	zero, 2
     9aa: 01 05        	mv	a0, a0
     9ac: 2b 03 00 09  	<unknown>
     9b0: 04 00        	<unknown>
     9b2: 01 05        	mv	a0, a0
     9b4: 23 03 00 09  	sb	a6, 134(zero)
     9b8: 0a 00        	c.slli	zero, 2
     9ba: 01 05        	mv	a0, a0
     9bc: 16 03        	slli	t1, t1, 5
     9be: 00 09        	addi	s0, sp, 144
     9c0: 04 00        	<unknown>
     9c2: 01 05        	mv	a0, a0
     9c4: 06 03        	slli	t1, t1, 1
     9c6: 00 09        	addi	s0, sp, 144
     9c8: 06 00        	c.slli	zero, 1
     9ca: 01 03        	mv	t1, t1
     9cc: c2 7e        	ld	t4, 48(sp)
     9ce: 09 04        	addi	s0, s0, 2
     9d0: 00 01        	addi	s0, sp, 128
     9d2: 06 03        	slli	t1, t1, 1
     9d4: c5 01        	addi	gp, gp, 17
     9d6: 09 20        	<unknown>
     9d8: 00 01        	addi	s0, sp, 128
     9da: 06 03        	slli	t1, t1, 1
     9dc: bb 7e 09 5e  	<unknown>
     9e0: 00 01        	addi	s0, sp, 128
     9e2: 05 11        	addi	sp, sp, -31
     9e4: 03 c5 01 09  	lbu	a0, 144(gp)
     9e8: 02 00        	c.slli64	zero
     9ea: 01 05        	mv	a0, a0
     9ec: 02 03        	c.slli64	t1
     9ee: 00 09        	addi	s0, sp, 144
     9f0: 08 00        	<unknown>
     9f2: 01 05        	mv	a0, a0
     9f4: 2a 06        	slli	a2, a2, 10
     9f6: 03 01 09 0c  	lb	sp, 192(s2)
     9fa: 00 01        	addi	s0, sp, 128
     9fc: 05 18        	addi	a6, a6, -31
     9fe: 06 03        	slli	t1, t1, 1
     a00: 00 09        	addi	s0, sp, 144
     a02: 04 00        	<unknown>
     a04: 01 05        	mv	a0, a0
     a06: 0f 03 00 09  	<unknown>
     a0a: 04 00        	<unknown>
     a0c: 01 06        	mv	a2, a2
     a0e: 03 02 09 04  	lb	tp, 64(s2)
     a12: 00 01        	addi	s0, sp, 128
     a14: 05 1c        	addi	s8, s8, -31
     a16: 03 7f 09 0c  	<unknown>
     a1a: 00 01        	addi	s0, sp, 128
     a1c: 05 0f        	addi	t5, t5, 1
     a1e: 06 03        	slli	t1, t1, 1
     a20: 00 09        	addi	s0, sp, 144
     a22: 04 00        	<unknown>
     a24: 01 05        	mv	a0, a0
     a26: 0c 03        	addi	a1, sp, 384
     a28: 00 09        	addi	s0, sp, 144
     a2a: 04 00        	<unknown>
     a2c: 01 05        	mv	a0, a0
     a2e: 15 06        	addi	a2, a2, 5
     a30: 03 01 09 02  	lb	sp, 32(s2)
     a34: 00 01        	addi	s0, sp, 128
     a36: 05 18        	addi	a6, a6, -31
     a38: 03 7d 09 04  	<unknown>
     a3c: 00 01        	addi	s0, sp, 128
     a3e: 05 02        	addi	tp, tp, 1
     a40: 06 03        	slli	t1, t1, 1
     a42: 00 09        	addi	s0, sp, 144
     a44: 06 00        	c.slli	zero, 1
     a46: 01 05        	mv	a0, a0
     a48: 07 06 03 07  	vluxei8.v	v12, (t1), v16
     a4c: 09 02        	addi	tp, tp, 2
     a4e: 00 01        	addi	s0, sp, 128
     a50: 05 12        	addi	tp, tp, -31
     a52: 03 01 09 0e  	lb	sp, 224(s2)
     a56: 00 01        	addi	s0, sp, 128
     a58: 05 0b        	addi	s6, s6, 1
     a5a: 06 03        	slli	t1, t1, 1
     a5c: 00 09        	addi	s0, sp, 144
     a5e: 04 00        	<unknown>
     a60: 01 05        	mv	a0, a0
     a62: 04 03        	addi	s1, sp, 384
     a64: 00 09        	addi	s0, sp, 144
     a66: 08 00        	<unknown>
     a68: 01 05        	mv	a0, a0
     a6a: 07 06 03 01  	vle8ff.v	v12, (t1), v0.t
     a6e: 09 04        	addi	s0, s0, 2
     a70: 00 01        	addi	s0, sp, 128
     a72: 03 01 09 04  	lb	sp, 64(s2)
     a76: 00 01        	addi	s0, sp, 128
     a78: 05 04        	addi	s0, s0, 1
     a7a: 06 03        	slli	t1, t1, 1
     a7c: 00 09        	addi	s0, sp, 144
     a7e: 04 00        	<unknown>
     a80: 01 05        	mv	a0, a0
     a82: 05 06        	addi	a2, a2, 1
     a84: 03 02 09 04  	lb	tp, 64(s2)
     a88: 00 01        	addi	s0, sp, 128
     a8a: 05 11        	addi	sp, sp, -31
     a8c: 03 01 09 04  	lb	sp, 64(s2)
     a90: 00 01        	addi	s0, sp, 128
     a92: 05 0c        	addi	s8, s8, 1
     a94: 06 03        	slli	t1, t1, 1
     a96: 00 09        	addi	s0, sp, 144
     a98: 04 00        	<unknown>
     a9a: 01 05        	mv	a0, a0
     a9c: 14 03        	addi	a3, sp, 384
     a9e: 00 09        	addi	s0, sp, 144
     aa0: 0a 00        	c.slli	zero, 2
     aa2: 01 05        	mv	a0, a0
     aa4: 22 03        	slli	t1, t1, 8
     aa6: 00 09        	addi	s0, sp, 144
     aa8: 04 00        	<unknown>
     aaa: 01 05        	mv	a0, a0
     aac: 13 06 03 01  	addi	a2, t1, 16
     ab0: 09 04        	addi	s0, s0, 2
     ab2: 00 01        	addi	s0, sp, 128
     ab4: 05 0f        	addi	t5, t5, 1
     ab6: 06 03        	slli	t1, t1, 1
     ab8: 00 09        	addi	s0, sp, 144
     aba: 04 00        	<unknown>
     abc: 01 05        	mv	a0, a0
     abe: 13 06 03 01  	addi	a2, t1, 16
     ac2: 09 04        	addi	s0, s0, 2
     ac4: 00 01        	addi	s0, sp, 128
     ac6: 06 03        	slli	t1, t1, 1
     ac8: ac 7e        	ld	a1, 120(a3)
     aca: 09 06        	addi	a2, a2, 2
     acc: 00 01        	addi	s0, sp, 128
     ace: 05 0a        	addi	s4, s4, 1
     ad0: 06 03        	slli	t1, t1, 1
     ad2: d6 01        	slli	gp, gp, 21
     ad4: 09 06        	addi	a2, a2, 2
     ad6: 00 01        	addi	s0, sp, 128
     ad8: 06 03        	slli	t1, t1, 1
     ada: aa 7e        	ld	t4, 168(sp)
     adc: 09 04        	addi	s0, s0, 2
     ade: 00 01        	addi	s0, sp, 128
     ae0: 05 0b        	addi	s6, s6, 1
     ae2: 06 03        	slli	t1, t1, 1
     ae4: d7 01 09 0c  	<unknown>
     ae8: 00 01        	addi	s0, sp, 128
     aea: 05 0a        	addi	s4, s4, 1
     aec: 06 03        	slli	t1, t1, 1
     aee: 00 09        	addi	s0, sp, 144
     af0: 06 00        	c.slli	zero, 1
     af2: 01 03        	mv	t1, t1
     af4: a9 7e        	lui	t4, 1048554
     af6: 09 02        	addi	tp, tp, 2
     af8: 00 01        	addi	s0, sp, 128
     afa: 05 1b        	addi	s6, s6, -31
     afc: 06 03        	slli	t1, t1, 1
     afe: d6 01        	slli	gp, gp, 21
     b00: 09 04        	addi	s0, s0, 2
     b02: 00 01        	addi	s0, sp, 128
     b04: 05 16        	addi	a2, a2, -31
     b06: 06 03        	slli	t1, t1, 1
     b08: 00 09        	addi	s0, sp, 144
     b0a: 04 00        	<unknown>
     b0c: 01 05        	mv	a0, a0
     b0e: 1e 03        	slli	t1, t1, 7
     b10: 00 09        	addi	s0, sp, 144
     b12: 08 00        	<unknown>
     b14: 01 03        	mv	t1, t1
     b16: aa 7e        	ld	t4, 168(sp)
     b18: 09 04        	addi	s0, s0, 2
     b1a: 00 01        	addi	s0, sp, 128
     b1c: 05 0f        	addi	t5, t5, 1
     b1e: 06 03        	slli	t1, t1, 1
     b20: db 01 09 18  	<unknown>
     b24: 00 01        	addi	s0, sp, 128
     b26: 05 06        	addi	a2, a2, 1
     b28: 06 03        	slli	t1, t1, 1
     b2a: 00 09        	addi	s0, sp, 144
     b2c: 04 00        	<unknown>
     b2e: 01 05        	mv	a0, a0
     b30: 07 06 03 01  	vle8ff.v	v12, (t1), v0.t
     b34: 09 02        	addi	tp, tp, 2
     b36: 00 01        	addi	s0, sp, 128
     b38: 06 03        	slli	t1, t1, 1
     b3a: a4 7e        	ld	s1, 120(a3)
     b3c: 09 02        	addi	tp, tp, 2
     b3e: 00 01        	addi	s0, sp, 128
     b40: 05 09        	addi	s2, s2, 1
     b42: 06 03        	slli	t1, t1, 1
     b44: e3 01 09 0e  	beqz	s2, 0x1426 <.debug_line+0x1426>
     b48: 00 01        	addi	s0, sp, 128
     b4a: 06 03        	slli	t1, t1, 1
     b4c: 9d 7e        	lui	t4, 1048551
     b4e: 09 04        	addi	s0, s0, 2
     b50: 00 01        	addi	s0, sp, 128
     b52: 05 0a        	addi	s4, s4, 1
     b54: 06 03        	slli	t1, t1, 1
     b56: e4 01        	addi	s1, sp, 204
     b58: 09 02        	addi	tp, tp, 2
     b5a: 00 01        	addi	s0, sp, 128
     b5c: 06 03        	slli	t1, t1, 1
     b5e: 9c 7e        	ld	a5, 56(a3)
     b60: 09 10        	c.nop	-30
     b62: 00 01        	addi	s0, sp, 128
     b64: 05 09        	addi	s2, s2, 1
     b66: 06 03        	slli	t1, t1, 1
     b68: eb 01 09 16  	<unknown>
     b6c: 00 01        	addi	s0, sp, 128
     b6e: 06 03        	slli	t1, t1, 1
     b70: 95 7e        	lui	t4, 1048549
     b72: 09 06        	addi	a2, a2, 2
     b74: 00 01        	addi	s0, sp, 128
     b76: 05 0b        	addi	s6, s6, 1
     b78: 06 03        	slli	t1, t1, 1
     b7a: ec 01        	addi	a1, sp, 204
     b7c: 09 0a        	addi	s4, s4, 2
     b7e: 00 01        	addi	s0, sp, 128
     b80: 06 03        	slli	t1, t1, 1
     b82: 94 7e        	ld	a3, 56(a3)
     b84: 09 04        	addi	s0, s0, 2
     b86: 00 01        	addi	s0, sp, 128
     b88: 05 06        	addi	a2, a2, 1
     b8a: 06 03        	slli	t1, t1, 1
     b8c: ed 01        	addi	gp, gp, 27
     b8e: 09 02        	addi	tp, tp, 2
     b90: 00 01        	addi	s0, sp, 128
     b92: 05 15        	addi	a0, a0, -31
     b94: 06 03        	slli	t1, t1, 1
     b96: 00 09        	addi	s0, sp, 144
     b98: 02 00        	c.slli64	zero
     b9a: 01 03        	mv	t1, t1
     b9c: 93 7e 09 0a  	andi	t4, s2, 160
     ba0: 00 01        	addi	s0, sp, 128
     ba2: 05 12        	addi	tp, tp, -31
     ba4: 03 ed 01 09  	lwu	s10, 144(gp)
     ba8: 02 00        	c.slli64	zero
     baa: 01 05        	mv	a0, a0
     bac: 06 06        	slli	a2, a2, 1
     bae: 03 05 09 04  	lb	a0, 64(s2)
     bb2: 00 01        	addi	s0, sp, 128
     bb4: 05 05        	addi	a0, a0, 1
     bb6: 06 03        	slli	t1, t1, 1
     bb8: 00 09        	addi	s0, sp, 144
     bba: 04 00        	<unknown>
     bbc: 01 05        	mv	a0, a0
     bbe: 06 06        	slli	a2, a2, 1
     bc0: 03 02 09 02  	lb	tp, 32(s2)
     bc4: 00 01        	addi	s0, sp, 128
     bc6: 06 03        	slli	t1, t1, 1
     bc8: 8c 7e        	ld	a1, 56(a3)
     bca: 09 04        	addi	s0, s0, 2
     bcc: 00 01        	addi	s0, sp, 128
     bce: 03 f4 01 09  	<unknown>
     bd2: 02 00        	c.slli64	zero
     bd4: 01 05        	mv	a0, a0
     bd6: 22 03        	slli	t1, t1, 8
     bd8: 00 09        	addi	s0, sp, 144
     bda: 0a 00        	c.slli	zero, 2
     bdc: 01 05        	mv	a0, a0
     bde: 00 03        	addi	s0, sp, 384
     be0: 00 09        	addi	s0, sp, 144
     be2: 02 00        	c.slli64	zero
     be4: 01 05        	mv	a0, a0
     be6: 1f 03 00 09  	<unknown>
     bea: 02 00        	c.slli64	zero
     bec: 01 05        	mv	a0, a0
     bee: 13 03 00 09  	li	t1, 144
     bf2: 02 00        	c.slli64	zero
     bf4: 01 05        	mv	a0, a0
     bf6: 06 03        	slli	t1, t1, 1
     bf8: 00 09        	addi	s0, sp, 144
     bfa: 02 00        	c.slli64	zero
     bfc: 01 05        	mv	a0, a0
     bfe: 09 06        	addi	a2, a2, 2
     c00: 03 01 09 04  	lb	sp, 64(s2)
     c04: 00 01        	addi	s0, sp, 128
     c06: 06 03        	slli	t1, t1, 1
     c08: 8b 7e 09 02  	<unknown>
     c0c: 00 01        	addi	s0, sp, 128
     c0e: 05 0b        	addi	s6, s6, 1
     c10: 06 03        	slli	t1, t1, 1
     c12: f6 01        	slli	gp, gp, 29
     c14: 09 04        	addi	s0, s0, 2
     c16: 00 01        	addi	s0, sp, 128
     c18: 05 03        	addi	t1, t1, 1
     c1a: 06 03        	slli	t1, t1, 1
     c1c: 00 09        	addi	s0, sp, 144
     c1e: 02 00        	c.slli64	zero
     c20: 01 06        	mv	a2, a2
     c22: 03 02 09 06  	lb	tp, 96(s2)
     c26: 00 01        	addi	s0, sp, 128
     c28: 05 07        	addi	a4, a4, 1
     c2a: 03 03 09 06  	lb	t1, 96(s2)
     c2e: 00 01        	addi	s0, sp, 128
     c30: 05 0c        	addi	s8, s8, 1
     c32: 06 03        	slli	t1, t1, 1
     c34: 00 09        	addi	s0, sp, 144
     c36: 06 00        	c.slli	zero, 1
     c38: 01 05        	mv	a0, a0
     c3a: 03 06 03 7d  	lb	a2, 2000(t1)
     c3e: 09 04        	addi	s0, s0, 2
     c40: 00 01        	addi	s0, sp, 128
     c42: 06 03        	slli	t1, t1, 1
     c44: 88 7e        	ld	a0, 56(a3)
     c46: 09 06        	addi	a2, a2, 2
     c48: 00 01        	addi	s0, sp, 128
     c4a: 05 00        	c.nop	1
     c4c: 03 f8 01 09  	<unknown>
     c50: 02 00        	c.slli64	zero
     c52: 01 05        	mv	a0, a0
     c54: 22 06        	slli	a2, a2, 8
     c56: 03 01 09 02  	lb	sp, 32(s2)
     c5a: 00 01        	addi	s0, sp, 128
     c5c: 05 1a        	addi	s4, s4, -31
     c5e: 06 03        	slli	t1, t1, 1
     c60: 00 09        	addi	s0, sp, 144
     c62: 04 00        	<unknown>
     c64: 01 05        	mv	a0, a0
     c66: 0b 03 00 09  	<unknown>
     c6a: 06 00        	c.slli	zero, 1
     c6c: 01 05        	mv	a0, a0
     c6e: 11 03        	addi	t1, t1, 4
     c70: 00 09        	addi	s0, sp, 144
     c72: 02 00        	c.slli64	zero
     c74: 01 05        	mv	a0, a0
     c76: 07 03 00 09  	vlse8.v	v6, (zero), a6, v0.t
     c7a: 04 00        	<unknown>
     c7c: 01 05        	mv	a0, a0
     c7e: 0f 03 00 09  	<unknown>
     c82: 04 00        	<unknown>
     c84: 01 03        	mv	t1, t1
     c86: 87 7e 09 04  	vluxei64.v	v29, (s2), v0, v0.t
     c8a: 00 01        	addi	s0, sp, 128
     c8c: 05 07        	addi	a4, a4, 1
     c8e: 06 03        	slli	t1, t1, 1
     c90: fa 01        	slli	gp, gp, 30
     c92: 09 04        	addi	s0, s0, 2
     c94: 00 01        	addi	s0, sp, 128
     c96: 06 03        	slli	t1, t1, 1
     c98: 86 7e        	ld	t4, 96(sp)
     c9a: 09 04        	addi	s0, s0, 2
     c9c: 00 01        	addi	s0, sp, 128
     c9e: 05 27        	addiw	a4, a4, 1
     ca0: 03 fa 01 09  	<unknown>
     ca4: 0e 00        	c.slli	zero, 3
     ca6: 01 05        	mv	a0, a0
     ca8: 2c 03        	addi	a1, sp, 392
     caa: 00 09        	addi	s0, sp, 144
     cac: 04 00        	<unknown>
     cae: 01 05        	mv	a0, a0
     cb0: 24 03        	addi	s1, sp, 392
     cb2: 00 09        	addi	s0, sp, 144
     cb4: 04 00        	<unknown>
     cb6: 01 05        	mv	a0, a0
     cb8: 17 03 00 09  	auipc	t1, 36864
     cbc: 04 00        	<unknown>
     cbe: 01 05        	mv	a0, a0
     cc0: 07 03 00 09  	vlse8.v	v6, (zero), a6, v0.t
     cc4: 06 00        	c.slli	zero, 1
     cc6: 01 03        	mv	t1, t1
     cc8: 86 7e        	ld	t4, 96(sp)
     cca: 09 04        	addi	s0, s0, 2
     ccc: 00 01        	addi	s0, sp, 128
     cce: 05 13        	addi	t1, t1, -31
     cd0: 06 03        	slli	t1, t1, 1
     cd2: 87 02 09 06  	vluxei8.v	v5, (s2), v0
     cd6: 00 01        	addi	s0, sp, 128
     cd8: 05 0a        	addi	s4, s4, 1
     cda: 06 03        	slli	t1, t1, 1
     cdc: 00 09        	addi	s0, sp, 144
     cde: 02 00        	c.slli64	zero
     ce0: 01 03        	mv	t1, t1
     ce2: f9 7d        	lui	s11, 1048574
     ce4: 09 0c        	addi	s8, s8, 2
     ce6: 00 01        	addi	s0, sp, 128
     ce8: 06 03        	slli	t1, t1, 1
     cea: 88 02        	addi	a0, sp, 320
     cec: 09 0c        	addi	s8, s8, 2
     cee: 00 01        	addi	s0, sp, 128
     cf0: 05 09        	addi	s2, s2, 1
     cf2: 06 03        	slli	t1, t1, 1
     cf4: 00 09        	addi	s0, sp, 144
     cf6: 08 00        	<unknown>
     cf8: 01 05        	mv	a0, a0
     cfa: 16 06        	slli	a2, a2, 5
     cfc: 03 05 09 02  	lb	a0, 32(s2)
     d00: 00 01        	addi	s0, sp, 128
     d02: 05 0d        	addi	s10, s10, 1
     d04: 06 03        	slli	t1, t1, 1
     d06: 00 09        	addi	s0, sp, 144
     d08: 06 00        	c.slli	zero, 1
     d0a: 01 05        	mv	a0, a0
     d0c: 14 03        	addi	a3, sp, 384
     d0e: 00 09        	addi	s0, sp, 144
     d10: 02 00        	c.slli64	zero
     d12: 01 05        	mv	a0, a0
     d14: 23 06 03 7c  	sb	zero, 1996(t1)
     d18: 09 04        	addi	s0, s0, 2
     d1a: 00 01        	addi	s0, sp, 128
     d1c: 05 11        	addi	sp, sp, -31
     d1e: 06 03        	slli	t1, t1, 1
     d20: 00 09        	addi	s0, sp, 144
     d22: 04 00        	<unknown>
     d24: 01 05        	mv	a0, a0
     d26: 08 03        	addi	a0, sp, 384
     d28: 00 09        	addi	s0, sp, 144
     d2a: 04 00        	<unknown>
     d2c: 01 05        	mv	a0, a0
     d2e: 19 06        	addi	a2, a2, 6
     d30: 03 01 09 04  	lb	sp, 64(s2)
     d34: 00 01        	addi	s0, sp, 128
     d36: 05 0c        	addi	s8, s8, 1
     d38: 06 03        	slli	t1, t1, 1
     d3a: 00 09        	addi	s0, sp, 144
     d3c: 04 00        	<unknown>
     d3e: 01 05        	mv	a0, a0
     d40: 03 03 00 09  	lb	t1, 144(zero)
     d44: 06 00        	c.slli	zero, 1
     d46: 01 05        	mv	a0, a0
     d48: 0a 03        	slli	t1, t1, 2
     d4a: 00 09        	addi	s0, sp, 144
     d4c: 02 00        	c.slli64	zero
     d4e: 01 05        	mv	a0, a0
     d50: 06 06        	slli	a2, a2, 1
     d52: 03 01 09 02  	lb	sp, 32(s2)
     d56: 00 01        	addi	s0, sp, 128
     d58: 05 03        	addi	t1, t1, 1
     d5a: 03 01 09 02  	lb	sp, 32(s2)
     d5e: 00 01        	addi	s0, sp, 128
     d60: 05 0a        	addi	s4, s4, 1
     d62: 06 03        	slli	t1, t1, 1
     d64: 00 09        	addi	s0, sp, 144
     d66: 06 00        	c.slli	zero, 1
     d68: 01 03        	mv	t1, t1
     d6a: f4 7d        	ld	a3, 248(a1)
     d6c: 09 04        	addi	s0, s0, 2
     d6e: 00 01        	addi	s0, sp, 128
     d70: 05 06        	addi	a2, a2, 1
     d72: 06 03        	slli	t1, t1, 1
     d74: 85 02        	addi	t0, t0, 1
     d76: 09 04        	addi	s0, s0, 2
     d78: 00 01        	addi	s0, sp, 128
     d7a: 06 03        	slli	t1, t1, 1
     d7c: fb 7d 09 04  	<unknown>
     d80: 00 01        	addi	s0, sp, 128
     d82: 03 85 02 09  	lb	a0, 144(t0)
     d86: 02 00        	c.slli64	zero
     d88: 01 05        	mv	a0, a0
     d8a: 0c 03        	addi	a1, sp, 384
     d8c: 00 09        	addi	s0, sp, 144
     d8e: 04 00        	<unknown>
     d90: 01 05        	mv	a0, a0
     d92: 00 03        	addi	s0, sp, 384
     d94: fb 7d 09 02  	<unknown>
     d98: 00 01        	addi	s0, sp, 128
     d9a: 05 06        	addi	a2, a2, 1
     d9c: 03 85 02 09  	lb	a0, 144(t0)
     da0: 02 00        	c.slli64	zero
     da2: 01 03        	mv	t1, t1
     da4: fb 7d 09 06  	<unknown>
     da8: 00 01        	addi	s0, sp, 128
     daa: 05 07        	addi	a4, a4, 1
     dac: 06 03        	slli	t1, t1, 1
     dae: 91 02        	addi	t0, t0, 4
     db0: 09 0a        	addi	s4, s4, 2
     db2: 00 01        	addi	s0, sp, 128
     db4: 05 02        	addi	tp, tp, 1
     db6: 03 01 09 0a  	lb	sp, 160(s2)
     dba: 00 01        	addi	s0, sp, 128
     dbc: 05 18        	addi	a6, a6, -31
     dbe: 03 01 09 18  	lb	sp, 384(s2)
     dc2: 00 01        	addi	s0, sp, 128
     dc4: 05 10        	c.nop	-31
     dc6: 06 03        	slli	t1, t1, 1
     dc8: 00 09        	addi	s0, sp, 144
     dca: 02 00        	c.slli64	zero
     dcc: 01 05        	mv	a0, a0
     dce: 0f 03 00 09  	<unknown>
     dd2: 04 00        	<unknown>
     dd4: 01 05        	mv	a0, a0
     dd6: 0b 03 00 09  	<unknown>
     dda: 04 00        	<unknown>
     ddc: 01 05        	mv	a0, a0
     dde: 21 03        	addi	t1, t1, 8
     de0: 00 09        	addi	s0, sp, 144
     de2: 04 00        	<unknown>
     de4: 01 05        	mv	a0, a0
     de6: 0c 06        	addi	a1, sp, 768
     de8: 03 7f 09 04  	<unknown>
     dec: 00 01        	addi	s0, sp, 128
     dee: 05 02        	addi	tp, tp, 1
     df0: 06 03        	slli	t1, t1, 1
     df2: 00 09        	addi	s0, sp, 144
     df4: 06 00        	c.slli	zero, 1
     df6: 01 06        	mv	a2, a2
     df8: 03 05 09 02  	lb	a0, 32(s2)
     dfc: 00 01        	addi	s0, sp, 128
     dfe: 06 03        	slli	t1, t1, 1
     e00: e9 7d        	lui	s11, 1048570
     e02: 09 04        	addi	s0, s0, 2
     e04: 00 01        	addi	s0, sp, 128
     e06: 03 97 02 09  	lh	a4, 144(t0)
     e0a: 02 00        	c.slli64	zero
     e0c: 01 03        	mv	t1, t1
     e0e: e9 7d        	lui	s11, 1048570
     e10: 09 22        	addiw	tp, tp, 2
     e12: 00 01        	addi	s0, sp, 128
     e14: 05 2f        	addiw	t5, t5, 1
     e16: 06 03        	slli	t1, t1, 1
     e18: 98 02        	addi	a4, sp, 320
     e1a: 09 1e        	addi	t3, t3, -30
     e1c: 00 01        	addi	s0, sp, 128
     e1e: 05 37        	addiw	a4, a4, -31
     e20: 06 03        	slli	t1, t1, 1
     e22: 00 09        	addi	s0, sp, 144
     e24: 04 00        	<unknown>
     e26: 01 05        	mv	a0, a0
     e28: 2c 03        	addi	a1, sp, 392
     e2a: 00 09        	addi	s0, sp, 144
     e2c: 04 00        	<unknown>
     e2e: 01 05        	mv	a0, a0
     e30: 1a 03        	slli	t1, t1, 6
     e32: 00 09        	addi	s0, sp, 144
     e34: 04 00        	<unknown>
     e36: 01 05        	mv	a0, a0
     e38: 06 06        	slli	a2, a2, 1
     e3a: 03 01 09 08  	lb	sp, 128(s2)
     e3e: 00 01        	addi	s0, sp, 128
     e40: 05 0f        	addi	t5, t5, 1
     e42: 06 03        	slli	t1, t1, 1
     e44: 00 09        	addi	s0, sp, 144
     e46: 04 00        	<unknown>
     e48: 01 05        	mv	a0, a0
     e4a: 11 06        	addi	a2, a2, 4
     e4c: 03 7e 09 04  	<unknown>
     e50: 00 01        	addi	s0, sp, 128
     e52: 05 02        	addi	tp, tp, 1
     e54: 06 03        	slli	t1, t1, 1
     e56: 00 09        	addi	s0, sp, 144
     e58: 02 00        	c.slli64	zero
     e5a: 01 03        	mv	t1, t1
     e5c: e9 7d        	lui	s11, 1048570
     e5e: 09 0a        	addi	s4, s4, 2
     e60: 00 01        	addi	s0, sp, 128
     e62: 06 03        	slli	t1, t1, 1
     e64: 9d 02        	addi	t0, t0, 7
     e66: 09 02        	addi	tp, tp, 2
     e68: 00 01        	addi	s0, sp, 128
     e6a: 06 03        	slli	t1, t1, 1
     e6c: e3 7d 09 0e  	bgeu	s2, zero, 0x1766 <.debug_line+0x1766>
     e70: 00 01        	addi	s0, sp, 128
     e72: 03 9d 02 09  	lh	s10, 144(t0)
     e76: 02 00        	c.slli64	zero
     e78: 01 03        	mv	t1, t1
     e7a: e3 7d 09 04  	bgeu	s2, zero, 0x16d4 <.debug_line+0x16d4>
     e7e: 00 01        	addi	s0, sp, 128
     e80: 05 03        	addi	t1, t1, 1
     e82: 06 03        	slli	t1, t1, 1
     e84: ad 02        	addi	t0, t0, 11
     e86: 09 04        	addi	s0, s0, 2
     e88: 00 01        	addi	s0, sp, 128
     e8a: 05 11        	addi	sp, sp, -31
     e8c: 03 01 09 18  	lb	sp, 384(s2)
     e90: 00 01        	addi	s0, sp, 128
     e92: 05 19        	addi	s2, s2, -31
     e94: 06 03        	slli	t1, t1, 1
     e96: 00 09        	addi	s0, sp, 144
     e98: 0c 00        	<unknown>
     e9a: 01 05        	mv	a0, a0
     e9c: 18 03        	addi	a4, sp, 384
     e9e: 00 09        	addi	s0, sp, 144
     ea0: 04 00        	<unknown>
     ea2: 01 06        	mv	a2, a2
     ea4: 03 01 09 04  	lb	sp, 64(s2)
     ea8: 00 01        	addi	s0, sp, 128
     eaa: 05 0e        	addi	t3, t3, 1
     eac: 06 03        	slli	t1, t1, 1
     eae: 00 09        	addi	s0, sp, 144
     eb0: 04 00        	<unknown>
     eb2: 01 05        	mv	a0, a0
     eb4: 0f 06 03 01  	<unknown>
     eb8: 09 08        	addi	a6, a6, 2
     eba: 00 01        	addi	s0, sp, 128
     ebc: 05 0e        	addi	t3, t3, 1
     ebe: 03 7d 09 04  	<unknown>
     ec2: 00 01        	addi	s0, sp, 128
     ec4: 05 03        	addi	t1, t1, 1
     ec6: 06 03        	slli	t1, t1, 1
     ec8: 00 09        	addi	s0, sp, 144
     eca: 06 00        	c.slli	zero, 1
     ecc: 01 03        	mv	t1, t1
     ece: d3 7d 09 04  	<unknown>
     ed2: 00 01        	addi	s0, sp, 128
     ed4: 06 03        	slli	t1, t1, 1
     ed6: b2 02        	slli	t0, t0, 12
     ed8: 09 06        	addi	a2, a2, 2
     eda: 00 01        	addi	s0, sp, 128
     edc: 05 11        	addi	sp, sp, -31
     ede: 03 01 09 0e  	lb	sp, 224(s2)
     ee2: 00 01        	addi	s0, sp, 128
     ee4: 05 19        	addi	s2, s2, -31
     ee6: 06 03        	slli	t1, t1, 1
     ee8: 00 09        	addi	s0, sp, 144
     eea: 0c 00        	<unknown>
     eec: 01 05        	mv	a0, a0
     eee: 18 03        	addi	a4, sp, 384
     ef0: 00 09        	addi	s0, sp, 144
     ef2: 04 00        	<unknown>
     ef4: 01 06        	mv	a2, a2
     ef6: 03 01 09 04  	lb	sp, 64(s2)
     efa: 00 01        	addi	s0, sp, 128
     efc: 05 0e        	addi	t3, t3, 1
     efe: 06 03        	slli	t1, t1, 1
     f00: 00 09        	addi	s0, sp, 144
     f02: 04 00        	<unknown>
     f04: 01 05        	mv	a0, a0
     f06: 0f 06 03 01  	<unknown>
     f0a: 09 08        	addi	a6, a6, 2
     f0c: 00 01        	addi	s0, sp, 128
     f0e: 05 0e        	addi	t3, t3, 1
     f10: 03 7d 09 04  	<unknown>
     f14: 00 01        	addi	s0, sp, 128
     f16: 06 03        	slli	t1, t1, 1
     f18: ce 7d        	ld	s11, 240(sp)
     f1a: 09 0a        	addi	s4, s4, 2
     f1c: 00 01        	addi	s0, sp, 128
     f1e: 05 03        	addi	t1, t1, 1
     f20: 06 03        	slli	t1, t1, 1
     f22: b7 02 09 06  	lui	t0, 24720
     f26: 00 01        	addi	s0, sp, 128
     f28: 06 03        	slli	t1, t1, 1
     f2a: c9 7d        	lui	s11, 1048562
     f2c: 09 02        	addi	tp, tp, 2
     f2e: 00 01        	addi	s0, sp, 128
     f30: 03 b7 02 09  	ld	a4, 144(t0)
     f34: 02 00        	c.slli64	zero
     f36: 01 05        	mv	a0, a0
     f38: 24 03        	addi	s1, sp, 392
     f3a: 00 09        	addi	s0, sp, 144
     f3c: 06 00        	c.slli	zero, 1
     f3e: 01 05        	mv	a0, a0
     f40: 21 03        	addi	t1, t1, 8
     f42: 00 09        	addi	s0, sp, 144
     f44: 04 00        	<unknown>
     f46: 01 05        	mv	a0, a0
     f48: 15 03        	addi	t1, t1, 5
     f4a: 00 09        	addi	s0, sp, 144
     f4c: 04 00        	<unknown>
     f4e: 01 05        	mv	a0, a0
     f50: 00 03        	addi	s0, sp, 384
     f52: c9 7d        	lui	s11, 1048562
     f54: 09 08        	addi	a6, a6, 2
     f56: 00 01        	addi	s0, sp, 128
     f58: 05 0e        	addi	t3, t3, 1
     f5a: 06 03        	slli	t1, t1, 1
     f5c: bb 02 09 06  	<unknown>
     f60: 00 01        	addi	s0, sp, 128
     f62: 05 0c        	addi	s8, s8, 1
     f64: 06 03        	slli	t1, t1, 1
     f66: 00 09        	addi	s0, sp, 144
     f68: 06 00        	c.slli	zero, 1
     f6a: 01 05        	mv	a0, a0
     f6c: 1e 03        	slli	t1, t1, 7
     f6e: 00 09        	addi	s0, sp, 144
     f70: 04 00        	<unknown>
     f72: 01 05        	mv	a0, a0
     f74: 1d 03        	addi	t1, t1, 7
     f76: 00 09        	addi	s0, sp, 144
     f78: 02 00        	c.slli64	zero
     f7a: 01 05        	mv	a0, a0
     f7c: 1b 03 00 09  	addiw	t1, zero, 144
     f80: 04 00        	<unknown>
     f82: 01 05        	mv	a0, a0
     f84: 2c 03        	addi	a1, sp, 392
     f86: 00 09        	addi	s0, sp, 144
     f88: 04 00        	<unknown>
     f8a: 01 05        	mv	a0, a0
     f8c: 03 06 03 6b  	lb	a2, 1712(t1)
     f90: 09 06        	addi	a2, a2, 2
     f92: 00 01        	addi	s0, sp, 128
     f94: 05 1d        	addi	s10, s10, -31
     f96: 06 03        	slli	t1, t1, 1
     f98: 00 09        	addi	s0, sp, 144
     f9a: 16 00        	c.slli	zero, 5
     f9c: 01 05        	mv	a0, a0
     f9e: 1a 03        	slli	t1, t1, 6
     fa0: 00 09        	addi	s0, sp, 144
     fa2: 04 00        	<unknown>
     fa4: 01 05        	mv	a0, a0
     fa6: 0e 03        	slli	t1, t1, 3
     fa8: 00 09        	addi	s0, sp, 144
     faa: 04 00        	<unknown>
     fac: 01 05        	mv	a0, a0
     fae: 03 03 00 09  	lb	t1, 144(zero)
     fb2: 04 00        	<unknown>
     fb4: 01 03        	mv	t1, t1
     fb6: da 7d        	ld	s11, 432(sp)
     fb8: 09 02        	addi	tp, tp, 2
     fba: 00 01        	addi	s0, sp, 128
     fbc: 05 0a        	addi	s4, s4, 1
     fbe: 06 03        	slli	t1, t1, 1
     fc0: a7 02 09 04  	vsuxei8.v	v5, (s2), v0, v0.t
     fc4: 00 01        	addi	s0, sp, 128
     fc6: 06 03        	slli	t1, t1, 1
     fc8: d9 7d        	lui	s11, 1048566
     fca: 09 04        	addi	s0, s0, 2
     fcc: 00 01        	addi	s0, sp, 128
     fce: 05 08        	addi	a6, a6, 1
     fd0: 03 a7 02 09  	lw	a4, 144(t0)
     fd4: 04 00        	<unknown>
     fd6: 01 06        	mv	a2, a2
     fd8: 03 01 09 04  	lb	sp, 64(s2)
     fdc: 00 01        	addi	s0, sp, 128
     fde: 05 0d        	addi	s10, s10, 1
     fe0: 06 03        	slli	t1, t1, 1
     fe2: 00 09        	addi	s0, sp, 144
     fe4: 02 00        	c.slli64	zero
     fe6: 01 05        	mv	a0, a0
     fe8: 03 06 03 01  	lb	a2, 16(t1)
     fec: 09 04        	addi	s0, s0, 2
     fee: 00 01        	addi	s0, sp, 128
     ff0: 05 0d        	addi	s10, s10, 1
     ff2: 06 03        	slli	t1, t1, 1
     ff4: 00 09        	addi	s0, sp, 144
     ff6: 06 00        	c.slli	zero, 1
     ff8: 01 05        	mv	a0, a0
     ffa: 03 03 00 09  	lb	t1, 144(zero)
     ffe: 06 00        	c.slli	zero, 1
    1000: 01 05        	mv	a0, a0
    1002: 1d 03        	addi	t1, t1, 7
    1004: 00 09        	addi	s0, sp, 144
    1006: 04 00        	<unknown>
    1008: 01 05        	mv	a0, a0
    100a: 1a 03        	slli	t1, t1, 6
    100c: 00 09        	addi	s0, sp, 144
    100e: 04 00        	<unknown>
    1010: 01 05        	mv	a0, a0
    1012: 0d 03        	addi	t1, t1, 3
    1014: 00 09        	addi	s0, sp, 144
    1016: 04 00        	<unknown>
    1018: 01 05        	mv	a0, a0
    101a: 03 03 00 09  	lb	t1, 144(zero)
    101e: 04 00        	<unknown>
    1020: 01 05        	mv	a0, a0
    1022: 0a 06        	slli	a2, a2, 2
    1024: 03 01 09 02  	lb	sp, 32(s2)
    1028: 00 01        	addi	s0, sp, 128
    102a: 06 03        	slli	t1, t1, 1
    102c: d6 7d        	ld	s11, 368(sp)
    102e: 09 04        	addi	s0, s0, 2
    1030: 00 01        	addi	s0, sp, 128
    1032: 05 08        	addi	a6, a6, 1
    1034: 03 aa 02 09  	lw	s4, 144(t0)
    1038: 04 00        	<unknown>
    103a: 01 05        	mv	a0, a0
    103c: 03 06 03 76  	lb	a2, 1888(t1)
    1040: 09 06        	addi	a2, a2, 2
    1042: 00 01        	addi	s0, sp, 128
    1044: 05 1d        	addi	s10, s10, -31
    1046: 06 03        	slli	t1, t1, 1
    1048: 00 09        	addi	s0, sp, 144
    104a: 14 00        	<unknown>
    104c: 01 05        	mv	a0, a0
    104e: 1a 03        	slli	t1, t1, 6
    1050: 00 09        	addi	s0, sp, 144
    1052: 04 00        	<unknown>
    1054: 01 05        	mv	a0, a0
    1056: 0e 03        	slli	t1, t1, 3
    1058: 00 09        	addi	s0, sp, 144
    105a: 04 00        	<unknown>
    105c: 01 05        	mv	a0, a0
    105e: 03 03 00 09  	lb	t1, 144(zero)
    1062: 04 00        	<unknown>
    1064: 01 03        	mv	t1, t1
    1066: e0 7d        	ld	s0, 248(a1)
    1068: 09 02        	addi	tp, tp, 2
    106a: 00 01        	addi	s0, sp, 128
    106c: 05 0a        	addi	s4, s4, 1
    106e: 06 03        	slli	t1, t1, 1
    1070: a1 02        	addi	t0, t0, 8
    1072: 09 02        	addi	tp, tp, 2
    1074: 00 01        	addi	s0, sp, 128
    1076: 06 03        	slli	t1, t1, 1
    1078: df 7d 09 04  	<unknown>
    107c: 00 01        	addi	s0, sp, 128
    107e: 05 08        	addi	a6, a6, 1
    1080: 03 a1 02 09  	lw	sp, 144(t0)
    1084: 04 00        	<unknown>
    1086: 01 03        	mv	t1, t1
    1088: df 7d 09 06  	<unknown>
    108c: 00 01        	addi	s0, sp, 128
    108e: 05 0a        	addi	s4, s4, 1
    1090: 06 03        	slli	t1, t1, 1
    1092: a7 02 09 0a  	vsse8.v	v5, (s2), zero
    1096: 00 01        	addi	s0, sp, 128
    1098: 06 03        	slli	t1, t1, 1
    109a: d9 7d        	lui	s11, 1048566
    109c: 09 06        	addi	a2, a2, 2
    109e: 00 01        	addi	s0, sp, 128
    10a0: 05 0c        	addi	s8, s8, 1
    10a2: 06 03        	slli	t1, t1, 1
    10a4: b9 02        	addi	t0, t0, 14
    10a6: 09 02        	addi	tp, tp, 2
    10a8: 00 01        	addi	s0, sp, 128
    10aa: 05 1e        	addi	t3, t3, -31
    10ac: 06 03        	slli	t1, t1, 1
    10ae: 00 09        	addi	s0, sp, 144
    10b0: 04 00        	<unknown>
    10b2: 01 05        	mv	a0, a0
    10b4: 1b 03 00 09  	addiw	t1, zero, 144
    10b8: 02 00        	c.slli64	zero
    10ba: 01 05        	mv	a0, a0
    10bc: 00 03        	addi	s0, sp, 384
    10be: c7 7d 09 04  	<unknown>
    10c2: 00 01        	addi	s0, sp, 128
    10c4: 05 02        	addi	tp, tp, 1
    10c6: 06 03        	slli	t1, t1, 1
    10c8: be 02        	slli	t0, t0, 15
    10ca: 09 04        	addi	s0, s0, 2
    10cc: 00 01        	addi	s0, sp, 128
    10ce: 06 03        	slli	t1, t1, 1
    10d0: c2 7d        	ld	s11, 48(sp)
    10d2: 09 56        	li	a2, -30
    10d4: 00 01        	addi	s0, sp, 128
    10d6: 05 0a        	addi	s4, s4, 1
    10d8: 06 03        	slli	t1, t1, 1
    10da: a1 02        	addi	t0, t0, 8
    10dc: 09 06        	addi	a2, a2, 2
    10de: 00 01        	addi	s0, sp, 128
    10e0: 09 06        	addi	a2, a2, 2
    10e2: 00 00        	unimp	
    10e4: 01 01        	mv	sp, sp
    10e6: 41 01        	addi	sp, sp, 16
    10e8: 00 00        	unimp	
    10ea: 05 00        	c.nop	1
    10ec: 08 00        	<unknown>
    10ee: 69 00        	c.nop	26
    10f0: 00 00        	unimp	
    10f2: 01 01        	mv	sp, sp
    10f4: 01 fb        	bnez	a4, 0x1004 <.debug_line+0x1004>
    10f6: 0e 0d        	slli	s10, s10, 3
    10f8: 00 01        	addi	s0, sp, 128
    10fa: 01 01        	mv	sp, sp
    10fc: 01 00        	nop
    10fe: 00 00        	unimp	
    1100: 01 00        	nop
    1102: 00 01        	addi	s0, sp, 128
    1104: 01 01        	mv	sp, sp
    1106: 1f 03 9a 01  	<unknown>
    110a: 00 00        	unimp	
    110c: 28 00        	addi	a0, sp, 8
    110e: 00 00        	unimp	
    1110: 5b 02 00 00  	<unknown>
    1114: 03 01 1f 02  	lb	sp, 33(t5)
    1118: 0f 05 1e 03  	<unknown>
    111c: 0d 02        	addi	tp, tp, 3
    111e: 00 00        	unimp	
    1120: 00 fe        	sd	s0, 56(a2)
    1122: 71 a8        	j	0x11be <.debug_line+0x11be>
    1124: 87 c9 40 4a  	<unknown>
    1128: 3d 38        	addiw	a6, a6, -17
    112a: 7f 9c d8 dc  	<unknown>
    112e: 01 19        	addi	s2, s2, -32
    1130: cc 2f        	fld	fa1, 152(a5)
    1132: 02 00        	c.slli64	zero
    1134: 00 01        	addi	s0, sp, 128
    1136: 3c e8        	sd	a5, 80(s0)
    1138: 54 64        	ld	a3, 136(s0)
    113a: ab 1c 64 21  	<unknown>
    113e: 7b 0f 85 ca  	<unknown>
    1142: b8 70        	ld	a4, 96(s1)
    1144: 95 9d        	subw	a1, a1, a3
    1146: 3b 03 00 00  	addw	t1, zero, zero
    114a: 02 f7        	sd	zero, 424(sp)
    114c: 02 4d        	lw	s10, 0(sp)
    114e: 06 82        	mv	tp, ra
    1150: a9 18        	addi	a7, a7, -22
    1152: b4 1f        	addi	a3, sp, 1016
    1154: 94 e8        	sd	a3, 16(s1)
    1156: be 9c        	add	s9, s9, a5
    1158: d9 04        	addi	s1, s1, 22
    115a: 61 04        	addi	s0, s0, 24
    115c: 00 00        	unimp	
    115e: 09 02        	addi	tp, tp, 2
		...
    1168: 03 c0 00 01  	lbu	zero, 16(ra)
    116c: 05 02        	addi	tp, tp, 1
    116e: 0a 03        	slli	t1, t1, 2
    1170: 03 09 00 00  	lb	s2, 0(zero)
    1174: 01 05        	mv	a0, a0
    1176: 07 03 02 09  	vlse8.v	v6, (tp), a6, v0.t
    117a: 04 00        	<unknown>
    117c: 01 05        	mv	a0, a0
    117e: 05 06        	addi	a2, a2, 1
    1180: 03 00 09 10  	lb	zero, 256(s2)
    1184: 00 01        	addi	s0, sp, 128
    1186: 03 ba 7f 09  	ld	s4, 151(t6)
    118a: 04 00        	<unknown>
    118c: 01 05        	mv	a0, a0
    118e: 08 06        	addi	a0, sp, 768
    1190: 03 c8 00 09  	lbu	a6, 144(ra)
    1194: 18 00        	<unknown>
    1196: 01 05        	mv	a0, a0
    1198: 1b 03 02 09  	addiw	t1, tp, 144
    119c: 04 00        	<unknown>
    119e: 01 05        	mv	a0, a0
    11a0: 15 06        	addi	a2, a2, 5
    11a2: 03 00 09 28  	lb	zero, 640(s2)
    11a6: 00 01        	addi	s0, sp, 128
    11a8: 05 0f        	addi	t5, t5, 1
    11aa: 03 00 09 04  	lb	zero, 64(s2)
    11ae: 00 01        	addi	s0, sp, 128
    11b0: 05 08        	addi	a6, a6, 1
    11b2: 06 03        	slli	t1, t1, 1
    11b4: 7f 09 04 00  	<unknown>
    11b8: 01 05        	mv	a0, a0
    11ba: 09 03        	addi	t1, t1, 2
    11bc: 01 09        	mv	s2, s2
    11be: 04 00        	<unknown>
    11c0: 01 05        	mv	a0, a0
    11c2: 05 03        	addi	t1, t1, 1
    11c4: 01 09        	mv	s2, s2
    11c6: 04 00        	<unknown>
    11c8: 01 05        	mv	a0, a0
    11ca: 20 03        	addi	s0, sp, 392
    11cc: 01 09        	mv	s2, s2
    11ce: 02 00        	c.slli64	zero
    11d0: 01 06        	mv	a2, a2
    11d2: 03 b4 7f 09  	ld	s0, 151(t6)
    11d6: 08 00        	<unknown>
    11d8: 01 03        	mv	t1, t1
    11da: cc 00        	addi	a1, sp, 68
    11dc: 09 14        	addi	s0, s0, -30
    11de: 00 01        	addi	s0, sp, 128
    11e0: 05 25        	addiw	a0, a0, 1
    11e2: 03 00 09 08  	lb	zero, 128(s2)
    11e6: 00 01        	addi	s0, sp, 128
    11e8: 05 28        	addiw	a6, a6, 1
    11ea: 03 00 09 04  	lb	zero, 64(s2)
    11ee: 00 01        	addi	s0, sp, 128
    11f0: 05 14        	addi	s0, s0, -31
    11f2: 03 00 09 04  	lb	zero, 64(s2)
    11f6: 00 01        	addi	s0, sp, 128
    11f8: 05 01        	addi	sp, sp, 1
    11fa: 06 03        	slli	t1, t1, 1
    11fc: 01 09        	mv	s2, s2
    11fe: 04 00        	<unknown>
    1200: 01 06        	mv	a2, a2
    1202: 03 b3 7f 09  	ld	t1, 151(t6)
    1206: 02 00        	c.slli64	zero
    1208: 01 05        	mv	a0, a0
    120a: 1a 06        	slli	a2, a2, 6
    120c: 03 cb 00 09  	lbu	s6, 144(ra)
    1210: 0c 00        	<unknown>
    1212: 01 05        	mv	a0, a0
    1214: 14 06        	addi	a3, sp, 768
    1216: 03 00 09 04  	lb	zero, 64(s2)
    121a: 00 01        	addi	s0, sp, 128
    121c: 05 01        	addi	sp, sp, 1
    121e: 06 03        	slli	t1, t1, 1
    1220: 02 09        	c.slli64	s2
    1222: 04 00        	<unknown>
    1224: 01 09        	mv	s2, s2
    1226: 02 00        	c.slli64	zero
    1228: 00 01        	addi	s0, sp, 128
    122a: 01 85        	c.srai64	a0
    122c: 02 00        	c.slli64	zero
    122e: 00 05        	addi	s0, sp, 640
    1230: 00 08        	addi	s0, sp, 16
    1232: 00 69        	ld	s0, 16(a0)
    1234: 00 00        	unimp	
    1236: 00 01        	addi	s0, sp, 128
    1238: 01 01        	mv	sp, sp
    123a: fb 0e 0d 00  	<unknown>
    123e: 01 01        	mv	sp, sp
    1240: 01 01        	mv	sp, sp
    1242: 00 00        	unimp	
    1244: 00 01        	addi	s0, sp, 128
    1246: 00 00        	unimp	
    1248: 01 01        	mv	sp, sp
    124a: 01 1f        	addi	t5, t5, -32
    124c: 03 9a 01 00  	lh	s4, 0(gp)
    1250: 00 5b        	lw	s0, 48(a4)
    1252: 02 00        	c.slli64	zero
    1254: 00 28        	fld	fs0, 16(s0)
    1256: 00 00        	unimp	
    1258: 00 03        	addi	s0, sp, 384
    125a: 01 1f        	addi	t5, t5, -32
    125c: 02 0f        	c.slli64	t5
    125e: 05 1e        	addi	t3, t3, -31
    1260: 03 4e 01 00  	lbu	t3, 0(sp)
    1264: 00 00        	unimp	
    1266: b8 52        	lw	a4, 96(a3)
    1268: 74 a0        	fsd	fa3, 192(s0)
    126a: fc 67        	ld	a5, 200(a5)
    126c: a8 09        	addi	a0, sp, 216
    126e: de e3        	sd	s7, 448(sp)
    1270: f7 d2 a1 00  	<unknown>
    1274: 3c 83        	<unknown>
    1276: 3b 03 00 00  	addw	t1, zero, zero
    127a: 01 f7        	bnez	a4, 0x1182 <.debug_line+0x1182>
    127c: 02 4d        	lw	s10, 0(sp)
    127e: 06 82        	mv	tp, ra
    1280: a9 18        	addi	a7, a7, -22
    1282: b4 1f        	addi	a3, sp, 1016
    1284: 94 e8        	sd	a3, 16(s1)
    1286: be 9c        	add	s9, s9, a5
    1288: d9 04        	addi	s1, s1, 22
    128a: 61 2f        	addiw	t5, t5, 24
    128c: 02 00        	c.slli64	zero
    128e: 00 02        	addi	s0, sp, 256
    1290: 3c e8        	sd	a5, 80(s0)
    1292: 54 64        	ld	a3, 136(s0)
    1294: ab 1c 64 21  	<unknown>
    1298: 7b 0f 85 ca  	<unknown>
    129c: b8 70        	ld	a4, 96(s1)
    129e: 95 9d        	subw	a1, a1, a3
    12a0: 04 00        	<unknown>
    12a2: 00 09        	addi	s0, sp, 144
    12a4: 02 00        	c.slli64	zero
    12a6: 00 00        	unimp	
    12a8: 00 00        	unimp	
    12aa: 00 00        	unimp	
    12ac: 00 03        	addi	s0, sp, 384
    12ae: d0 00        	addi	a2, sp, 68
    12b0: 01 05        	mv	a0, a0
    12b2: 02 0a        	c.slli64	s4
    12b4: 03 03 09 00  	lb	t1, 0(s2)
    12b8: 00 01        	addi	s0, sp, 128
    12ba: 05 10        	c.nop	-31
    12bc: 03 01 09 08  	lb	sp, 128(s2)
    12c0: 00 01        	addi	s0, sp, 128
    12c2: 05 17        	addi	a4, a4, -31
    12c4: 06 03        	slli	t1, t1, 1
    12c6: 00 09        	addi	s0, sp, 144
    12c8: 0c 00        	<unknown>
    12ca: 01 05        	mv	a0, a0
    12cc: 05 06        	addi	a2, a2, 1
    12ce: 03 01 09 04  	lb	sp, 64(s2)
    12d2: 00 01        	addi	s0, sp, 128
    12d4: 06 03        	slli	t1, t1, 1
    12d6: aa 7f        	ld	t6, 168(sp)
    12d8: 09 04        	addi	s0, s0, 2
    12da: 00 01        	addi	s0, sp, 128
    12dc: 05 09        	addi	s2, s2, 1
    12de: 06 03        	slli	t1, t1, 1
    12e0: d7 00 09 04  	<unknown>
    12e4: 00 01        	addi	s0, sp, 128
    12e6: 06 03        	slli	t1, t1, 1
    12e8: a9 7f        	lui	t6, 1048554
    12ea: 09 04        	addi	s0, s0, 2
    12ec: 00 01        	addi	s0, sp, 128
    12ee: 05 0a        	addi	s4, s4, 1
    12f0: 06 03        	slli	t1, t1, 1
    12f2: d8 00        	addi	a4, sp, 68
    12f4: 09 0c        	addi	s8, s8, 2
    12f6: 00 01        	addi	s0, sp, 128
    12f8: 05 0c        	addi	s8, s8, 1
    12fa: 06 03        	slli	t1, t1, 1
    12fc: 00 09        	addi	s0, sp, 144
    12fe: 08 00        	<unknown>
    1300: 01 05        	mv	a0, a0
    1302: 06 03        	slli	t1, t1, 1
    1304: 00 09        	addi	s0, sp, 144
    1306: 04 00        	<unknown>
    1308: 01 05        	mv	a0, a0
    130a: 0a 06        	slli	a2, a2, 2
    130c: 03 01 09 02  	lb	sp, 32(s2)
    1310: 00 01        	addi	s0, sp, 128
    1312: 06 03        	slli	t1, t1, 1
    1314: a7 7f 09 04  	vsuxei64.v	v31, (s2), v0, v0.t
    1318: 00 01        	addi	s0, sp, 128
    131a: 05 0d        	addi	s10, s10, 1
    131c: 06 03        	slli	t1, t1, 1
    131e: e5 00        	addi	ra, ra, 25
    1320: 09 0a        	addi	s4, s4, 2
    1322: 00 01        	addi	s0, sp, 128
    1324: 06 03        	slli	t1, t1, 1
    1326: 9b 7f 09 04  	<unknown>
    132a: 00 01        	addi	s0, sp, 128
    132c: 05 09        	addi	s2, s2, 1
    132e: 06 03        	slli	t1, t1, 1
    1330: e6 00        	slli	ra, ra, 25
    1332: 09 08        	addi	a6, a6, 2
    1334: 00 01        	addi	s0, sp, 128
    1336: 06 03        	slli	t1, t1, 1
    1338: 9a 7f        	ld	t6, 416(sp)
    133a: 09 04        	addi	s0, s0, 2
    133c: 00 01        	addi	s0, sp, 128
    133e: 03 e6 00 09  	lwu	a2, 144(ra)
    1342: 08 00        	<unknown>
    1344: 01 05        	mv	a0, a0
    1346: 01 06        	mv	a2, a2
    1348: 03 13 09 04  	lh	t1, 64(s2)
    134c: 00 01        	addi	s0, sp, 128
    134e: 06 03        	slli	t1, t1, 1
    1350: 87 7f 09 02  	vle64.v	v31, (s2)
    1354: 00 01        	addi	s0, sp, 128
    1356: 05 0a        	addi	s4, s4, 1
    1358: 06 03        	slli	t1, t1, 1
    135a: df 00 09 0a  	<unknown>
    135e: 00 01        	addi	s0, sp, 128
    1360: 05 0d        	addi	s10, s10, 1
    1362: 06 03        	slli	t1, t1, 1
    1364: 00 09        	addi	s0, sp, 144
    1366: 02 00        	c.slli64	zero
    1368: 01 05        	mv	a0, a0
    136a: 06 03        	slli	t1, t1, 1
    136c: 00 09        	addi	s0, sp, 144
    136e: 04 00        	<unknown>
    1370: 01 03        	mv	t1, t1
    1372: a1 7f        	lui	t6, 1048552
    1374: 09 02        	addi	tp, tp, 2
    1376: 00 01        	addi	s0, sp, 128
    1378: 05 0a        	addi	s4, s4, 1
    137a: 06 03        	slli	t1, t1, 1
    137c: e0 00        	addi	s0, sp, 76
    137e: 09 0c        	addi	s8, s8, 2
    1380: 00 01        	addi	s0, sp, 128
    1382: 05 0c        	addi	s8, s8, 1
    1384: 06 03        	slli	t1, t1, 1
    1386: 00 09        	addi	s0, sp, 144
    1388: 08 00        	<unknown>
    138a: 01 05        	mv	a0, a0
    138c: 06 03        	slli	t1, t1, 1
    138e: 00 09        	addi	s0, sp, 144
    1390: 04 00        	<unknown>
    1392: 01 05        	mv	a0, a0
    1394: 0a 06        	slli	a2, a2, 2
    1396: 03 01 09 02  	lb	sp, 32(s2)
    139a: 00 01        	addi	s0, sp, 128
    139c: 06 03        	slli	t1, t1, 1
    139e: 9f 7f 09 04  	<unknown>
    13a2: 00 01        	addi	s0, sp, 128
    13a4: 05 0e        	addi	t3, t3, 1
    13a6: 06 03        	slli	t1, t1, 1
    13a8: e2 00        	slli	ra, ra, 24
    13aa: 09 10        	c.nop	-30
    13ac: 00 01        	addi	s0, sp, 128
    13ae: 05 0a        	addi	s4, s4, 1
    13b0: 06 03        	slli	t1, t1, 1
    13b2: 00 09        	addi	s0, sp, 144
    13b4: 04 00        	<unknown>
    13b6: 01 03        	mv	t1, t1
    13b8: 9e 7f        	ld	t6, 480(sp)
    13ba: 09 02        	addi	tp, tp, 2
    13bc: 00 01        	addi	s0, sp, 128
    13be: 05 29        	addiw	s2, s2, 1
    13c0: 06 03        	slli	t1, t1, 1
    13c2: e9 00        	addi	ra, ra, 26
    13c4: 09 02        	addi	tp, tp, 2
    13c6: 00 01        	addi	s0, sp, 128
    13c8: 05 24        	addiw	s0, s0, 1
    13ca: 06 03        	slli	t1, t1, 1
    13cc: 00 09        	addi	s0, sp, 144
    13ce: 06 00        	c.slli	zero, 1
    13d0: 01 05        	mv	a0, a0
    13d2: 0c 06        	addi	a1, sp, 768
    13d4: 03 01 09 04  	lb	sp, 64(s2)
    13d8: 00 01        	addi	s0, sp, 128
    13da: 05 09        	addi	s2, s2, 1
    13dc: 06 03        	slli	t1, t1, 1
    13de: 00 09        	addi	s0, sp, 144
    13e0: 06 00        	c.slli	zero, 1
    13e2: 01 03        	mv	t1, t1
    13e4: 96 7f        	ld	t6, 352(sp)
    13e6: 09 02        	addi	tp, tp, 2
    13e8: 00 01        	addi	s0, sp, 128
    13ea: 05 0d        	addi	s10, s10, 1
    13ec: 06 03        	slli	t1, t1, 1
    13ee: eb 00 09 0c  	<unknown>
    13f2: 00 01        	addi	s0, sp, 128
    13f4: 05 0f        	addi	t5, t5, 1
    13f6: 06 03        	slli	t1, t1, 1
    13f8: 00 09        	addi	s0, sp, 144
    13fa: 08 00        	<unknown>
    13fc: 01 05        	mv	a0, a0
    13fe: 09 03        	addi	t1, t1, 2
    1400: 00 09        	addi	s0, sp, 144
    1402: 04 00        	<unknown>
    1404: 01 05        	mv	a0, a0
    1406: 06 06        	slli	a2, a2, 1
    1408: 03 01 09 02  	lb	sp, 32(s2)
    140c: 00 01        	addi	s0, sp, 128
    140e: 06 03        	slli	t1, t1, 1
    1410: 94 7f        	ld	a3, 56(a5)
    1412: 09 04        	addi	s0, s0, 2
    1414: 00 01        	addi	s0, sp, 128
    1416: 05 0a        	addi	s4, s4, 1
    1418: 06 03        	slli	t1, t1, 1
    141a: ed 00        	addi	ra, ra, 27
    141c: 09 02        	addi	tp, tp, 2
    141e: 00 01        	addi	s0, sp, 128
    1420: 05 14        	addi	s0, s0, -31
    1422: 06 03        	slli	t1, t1, 1
    1424: 00 09        	addi	s0, sp, 144
    1426: 04 00        	<unknown>
    1428: 01 03        	mv	t1, t1
    142a: 93 7f 09 02  	andi	t6, s2, 32
    142e: 00 01        	addi	s0, sp, 128
    1430: 05 13        	addi	t1, t1, -31
    1432: 06 03        	slli	t1, t1, 1
    1434: da 00        	slli	ra, ra, 22
    1436: 09 02        	addi	tp, tp, 2
    1438: 00 01        	addi	s0, sp, 128
    143a: 05 1f        	addi	t5, t5, -31
    143c: 06 03        	slli	t1, t1, 1
    143e: 00 09        	addi	s0, sp, 144
    1440: 06 00        	c.slli	zero, 1
    1442: 01 05        	mv	a0, a0
    1444: 23 03 00 09  	sb	a6, 134(zero)
    1448: 06 00        	c.slli	zero, 1
    144a: 01 05        	mv	a0, a0
    144c: 0f 03 00 09  	<unknown>
    1450: 04 00        	<unknown>
    1452: 01 03        	mv	t1, t1
    1454: a6 7f        	ld	t6, 104(sp)
    1456: 09 04        	addi	s0, s0, 2
    1458: 00 01        	addi	s0, sp, 128
    145a: 03 da 00 09  	lhu	s4, 144(ra)
    145e: 04 00        	<unknown>
    1460: 01 03        	mv	t1, t1
    1462: a6 7f        	ld	t6, 104(sp)
    1464: 09 02        	addi	tp, tp, 2
    1466: 00 01        	addi	s0, sp, 128
    1468: 05 12        	addi	tp, tp, -31
    146a: 06 03        	slli	t1, t1, 1
    146c: ef 00 09 06  	jal	0x914cc <.debug_line+0x914cc>
    1470: 00 01        	addi	s0, sp, 128
    1472: 05 0d        	addi	s10, s10, 1
    1474: 06 03        	slli	t1, t1, 1
    1476: 00 09        	addi	s0, sp, 144
    1478: 04 00        	<unknown>
    147a: 01 05        	mv	a0, a0
    147c: 0a 03        	slli	t1, t1, 2
    147e: 00 09        	addi	s0, sp, 144
    1480: 04 00        	<unknown>
    1482: 01 05        	mv	a0, a0
    1484: 07 06 03 01  	vle8ff.v	v12, (t1), v0.t
    1488: 09 06        	addi	a2, a2, 2
    148a: 00 01        	addi	s0, sp, 128
    148c: 05 0a        	addi	s4, s4, 1
    148e: 03 04 09 02  	lb	s0, 32(s2)
    1492: 00 01        	addi	s0, sp, 128
    1494: 05 06        	addi	a2, a2, 1
    1496: 06 03        	slli	t1, t1, 1
    1498: 00 09        	addi	s0, sp, 144
    149a: 04 00        	<unknown>
    149c: 01 05        	mv	a0, a0
    149e: 02 06        	c.slli64	a2
    14a0: 03 03 09 02  	lb	t1, 32(s2)
    14a4: 00 01        	addi	s0, sp, 128
    14a6: 05 01        	addi	sp, sp, 1
    14a8: 03 02 09 0c  	lb	tp, 192(s2)
    14ac: 00 01        	addi	s0, sp, 128
    14ae: 09 02        	addi	tp, tp, 2
    14b0: 00 00        	unimp	
    14b2: 01 01        	mv	sp, sp
    14b4: a7 01 00 00  	vse8.v	v3, (zero), v0.t
    14b8: 05 00        	c.nop	1
    14ba: 08 00        	<unknown>
    14bc: 69 00        	c.nop	26
    14be: 00 00        	unimp	
    14c0: 01 01        	mv	sp, sp
    14c2: 01 fb        	bnez	a4, 0x13d2 <.debug_line+0x13d2>
    14c4: 0e 0d        	slli	s10, s10, 3
    14c6: 00 01        	addi	s0, sp, 128
    14c8: 01 01        	mv	sp, sp
    14ca: 01 00        	nop
    14cc: 00 00        	unimp	
    14ce: 01 00        	nop
    14d0: 00 01        	addi	s0, sp, 128
    14d2: 01 01        	mv	sp, sp
    14d4: 1f 03 9a 01  	<unknown>
    14d8: 00 00        	unimp	
    14da: 28 00        	addi	a0, sp, 8
    14dc: 00 00        	unimp	
    14de: 5b 02 00 00  	<unknown>
    14e2: 03 01 1f 02  	lb	sp, 33(t5)
    14e6: 0f 05 1e 03  	<unknown>
    14ea: a3 02 00 00  	sb	zero, 5(zero)
    14ee: 00 f1        	sd	s0, 32(a0)
    14f0: 98 9d        	<unknown>
    14f2: d1 12        	addi	t0, t0, -12
    14f4: 38 b9        	fsd	fa4, 112(a0)
    14f6: 8e ea        	sd	gp, 336(sp)
    14f8: b6 a3        	fsd	fa3, 448(sp)
    14fa: 7f c4 c0 8d  	<unknown>
    14fe: 2c 2f        	fld	fa1, 88(a4)
    1500: 02 00        	c.slli64	zero
    1502: 00 01        	addi	s0, sp, 128
    1504: 3c e8        	sd	a5, 80(s0)
    1506: 54 64        	ld	a3, 136(s0)
    1508: ab 1c 64 21  	<unknown>
    150c: 7b 0f 85 ca  	<unknown>
    1510: b8 70        	ld	a4, 96(s1)
    1512: 95 9d        	subw	a1, a1, a3
    1514: 3b 03 00 00  	addw	t1, zero, zero
    1518: 02 f7        	sd	zero, 424(sp)
    151a: 02 4d        	lw	s10, 0(sp)
    151c: 06 82        	mv	tp, ra
    151e: a9 18        	addi	a7, a7, -22
    1520: b4 1f        	addi	a3, sp, 1016
    1522: 94 e8        	sd	a3, 16(s1)
    1524: be 9c        	add	s9, s9, a5
    1526: d9 04        	addi	s1, s1, 22
    1528: 61 04        	addi	s0, s0, 24
    152a: 00 00        	unimp	
    152c: 09 02        	addi	tp, tp, 2
		...
    1536: 03 dc 00 01  	lhu	s8, 16(ra)
    153a: 05 02        	addi	tp, tp, 1
    153c: 0a 03        	slli	t1, t1, 2
    153e: 05 09        	addi	s2, s2, 1
    1540: 00 00        	unimp	
    1542: 01 05        	mv	a0, a0
    1544: 05 03        	addi	t1, t1, 1
    1546: 03 09 04 00  	lb	s2, 0(s0)
    154a: 01 06        	mv	a2, a2
    154c: 03 9b 7f 09  	lh	s6, 151(t6)
    1550: 04 00        	<unknown>
    1552: 01 06        	mv	a2, a2
    1554: 03 e6 00 09  	lwu	a2, 144(ra)
    1558: 08 00        	<unknown>
    155a: 01 06        	mv	a2, a2
    155c: 03 9a 7f 09  	lh	s4, 151(t6)
    1560: 04 00        	<unknown>
    1562: 01 05        	mv	a0, a0
    1564: 1e 03        	slli	t1, t1, 7
    1566: e6 00        	slli	ra, ra, 25
    1568: 09 04        	addi	s0, s0, 2
    156a: 00 01        	addi	s0, sp, 128
    156c: 05 0d        	addi	s10, s10, 1
    156e: 06 03        	slli	t1, t1, 1
    1570: 03 09 0c 00  	lb	s2, 0(s8)
    1574: 01 06        	mv	a2, a2
    1576: 03 97 7f 09  	lh	a4, 151(t6)
    157a: 04 00        	<unknown>
    157c: 01 05        	mv	a0, a0
    157e: 0b 03 e9 00  	<unknown>
    1582: 09 04        	addi	s0, s0, 2
    1584: 00 01        	addi	s0, sp, 128
    1586: 05 23        	addiw	t1, t1, 1
    1588: 03 00 09 04  	lb	zero, 64(s2)
    158c: 00 01        	addi	s0, sp, 128
    158e: 03 97 7f 09  	lh	a4, 151(t6)
    1592: 04 00        	<unknown>
    1594: 01 05        	mv	a0, a0
    1596: 0a 06        	slli	a2, a2, 2
    1598: 03 ed 00 09  	lwu	s10, 144(ra)
    159c: 02 00        	c.slli64	zero
    159e: 01 05        	mv	a0, a0
    15a0: 0e 03        	slli	t1, t1, 3
    15a2: 01 09        	mv	s2, s2
    15a4: 0a 00        	c.slli	zero, 2
    15a6: 01 06        	mv	a2, a2
    15a8: 03 92 7f 09  	lh	tp, 151(t6)
    15ac: 02 00        	c.slli64	zero
    15ae: 01 05        	mv	a0, a0
    15b0: 06 03        	slli	t1, t1, 1
    15b2: ee 00        	slli	ra, ra, 27
    15b4: 09 02        	addi	tp, tp, 2
    15b6: 00 01        	addi	s0, sp, 128
    15b8: 03 92 7f 09  	lh	tp, 151(t6)
    15bc: 04 00        	<unknown>
    15be: 01 03        	mv	t1, t1
    15c0: ee 00        	slli	ra, ra, 27
    15c2: 09 02        	addi	tp, tp, 2
    15c4: 00 01        	addi	s0, sp, 128
    15c6: 05 20        	<unknown>
    15c8: 06 03        	slli	t1, t1, 1
    15ca: 01 09        	mv	s2, s2
    15cc: 06 00        	c.slli	zero, 1
    15ce: 01 05        	mv	a0, a0
    15d0: 25 06        	addi	a2, a2, 9
    15d2: 03 00 09 02  	lb	zero, 32(s2)
    15d6: 00 01        	addi	s0, sp, 128
    15d8: 05 13        	addi	t1, t1, -31
    15da: 03 00 09 02  	lb	zero, 32(s2)
    15de: 00 01        	addi	s0, sp, 128
    15e0: 03 91 7f 09  	lh	sp, 151(t6)
    15e4: 0a 00        	c.slli	zero, 2
    15e6: 01 05        	mv	a0, a0
    15e8: 20 06        	addi	s0, sp, 776
    15ea: 03 f1 00 09  	<unknown>
    15ee: 02 00        	c.slli64	zero
    15f0: 01 05        	mv	a0, a0
    15f2: 25 06        	addi	a2, a2, 9
    15f4: 03 00 09 02  	lb	zero, 32(s2)
    15f8: 00 01        	addi	s0, sp, 128
    15fa: 05 13        	addi	t1, t1, -31
    15fc: 03 00 09 02  	lb	zero, 32(s2)
    1600: 00 01        	addi	s0, sp, 128
    1602: 03 8f 7f 09  	lb	t5, 151(t6)
    1606: 0a 00        	c.slli	zero, 2
    1608: 01 05        	mv	a0, a0
    160a: 20 06        	addi	s0, sp, 776
    160c: 03 f0 00 09  	<unknown>
    1610: 02 00        	c.slli64	zero
    1612: 01 05        	mv	a0, a0
    1614: 25 06        	addi	a2, a2, 9
    1616: 03 00 09 02  	lb	zero, 32(s2)
    161a: 00 01        	addi	s0, sp, 128
    161c: 05 13        	addi	t1, t1, -31
    161e: 03 00 09 02  	lb	zero, 32(s2)
    1622: 00 01        	addi	s0, sp, 128
    1624: 03 90 7f 09  	lh	zero, 151(t6)
    1628: 08 00        	<unknown>
    162a: 01 05        	mv	a0, a0
    162c: 19 06        	addi	a2, a2, 6
    162e: 03 f3 00 09  	<unknown>
    1632: 02 00        	c.slli64	zero
    1634: 01 05        	mv	a0, a0
    1636: 1e 06        	slli	a2, a2, 7
    1638: 03 00 09 02  	lb	zero, 32(s2)
    163c: 00 01        	addi	s0, sp, 128
    163e: 05 0c        	addi	s8, s8, 1
    1640: 03 00 09 02  	lb	zero, 32(s2)
    1644: 00 01        	addi	s0, sp, 128
    1646: 05 00        	c.nop	1
    1648: 03 8d 7f 09  	lb	s10, 151(t6)
    164c: 08 00        	<unknown>
    164e: 01 05        	mv	a0, a0
    1650: 01 06        	mv	a2, a2
    1652: 03 f6 00 09  	<unknown>
    1656: 04 00        	<unknown>
    1658: 01 09        	mv	s2, s2
    165a: 06 00        	c.slli	zero, 1
    165c: 00 01        	addi	s0, sp, 128
    165e: 01 94        	srai	s0, s0, 32
    1660: 01 00        	nop
    1662: 00 05        	addi	s0, sp, 640
    1664: 00 08        	addi	s0, sp, 16
    1666: 00 69        	ld	s0, 16(a0)
    1668: 00 00        	unimp	
    166a: 00 01        	addi	s0, sp, 128
    166c: 01 01        	mv	sp, sp
    166e: fb 0e 0d 00  	<unknown>
    1672: 01 01        	mv	sp, sp
    1674: 01 01        	mv	sp, sp
    1676: 00 00        	unimp	
    1678: 00 01        	addi	s0, sp, 128
    167a: 00 00        	unimp	
    167c: 01 01        	mv	sp, sp
    167e: 01 1f        	addi	t5, t5, -32
    1680: 03 9a 01 00  	lh	s4, 0(gp)
    1684: 00 28        	fld	fs0, 16(s0)
    1686: 00 00        	unimp	
    1688: 00 5b        	lw	s0, 48(a4)
    168a: 02 00        	c.slli64	zero
    168c: 00 03        	addi	s0, sp, 384
    168e: 01 1f        	addi	t5, t5, -32
    1690: 02 0f        	c.slli64	t5
    1692: 05 1e        	addi	t3, t3, -31
    1694: 03 66 00 00  	lwu	a2, 0(zero)
    1698: 00 00        	unimp	
    169a: df 91 07 f0  	<unknown>
    169e: f0 28        	fld	fa2, 208(s1)
    16a0: e2 58        	lw	a7, 56(sp)
    16a2: 5b 74 30 b1  	<unknown>
    16a6: 87 83 9b ae  	vloxseg6ei8.v	v7, (s7), v9
    16aa: 2f 02 00 00  	<unknown>
    16ae: 01 3c        	addiw	s8, s8, -32
    16b0: e8 54        	lw	a0, 108(s1)
    16b2: 64 ab        	fsd	fs1, 208(a4)
    16b4: 1c 64        	ld	a5, 8(s0)
    16b6: 21 7b        	lui	s6, 1048552
    16b8: 0f 85 ca b8  	<unknown>
    16bc: 70 95        	<unknown>
    16be: 9d 3b        	addiw	s7, s7, -25
    16c0: 03 00 00 02  	lb	zero, 32(zero)
    16c4: f7 02 4d 06  	<unknown>
    16c8: 82 a9        	fsd	ft0, 208(sp)
    16ca: 18 b4        	fsd	fa4, 40(s0)
    16cc: 1f 94 e8 be  	<unknown>
    16d0: 9c d9        	sw	a5, 48(a1)
    16d2: 04 61        	ld	s1, 0(a0)
    16d4: 04 00        	<unknown>
    16d6: 00 09        	addi	s0, sp, 144
    16d8: 02 00        	c.slli64	zero
    16da: 00 00        	unimp	
    16dc: 00 00        	unimp	
    16de: 00 00        	unimp	
    16e0: 00 03        	addi	s0, sp, 384
    16e2: 18 01        	addi	a4, sp, 128
    16e4: 05 02        	addi	tp, tp, 1
    16e6: 0a 03        	slli	t1, t1, 2
    16e8: 04 09        	addi	s1, sp, 144
    16ea: 00 00        	unimp	
    16ec: 01 05        	mv	a0, a0
    16ee: 05 03        	addi	t1, t1, 1
    16f0: 03 09 04 00  	lb	s2, 0(s0)
    16f4: 01 06        	mv	a2, a2
    16f6: 03 60 09 04  	lwu	zero, 64(s2)
    16fa: 00 01        	addi	s0, sp, 128
    16fc: 06 03        	slli	t1, t1, 1
    16fe: 21 09        	addi	s2, s2, 8
    1700: 08 00        	<unknown>
    1702: 01 06        	mv	a2, a2
    1704: 03 5f 09 04  	lhu	t5, 64(s2)
    1708: 00 01        	addi	s0, sp, 128
    170a: 05 1e        	addi	t3, t3, -31
    170c: 03 21 09 04  	lw	sp, 64(s2)
    1710: 00 01        	addi	s0, sp, 128
    1712: 05 0c        	addi	s8, s8, 1
    1714: 06 03        	slli	t1, t1, 1
    1716: 03 09 0c 00  	lb	s2, 0(s8)
    171a: 01 06        	mv	a2, a2
    171c: 03 5c 09 04  	lhu	s8, 64(s2)
    1720: 00 01        	addi	s0, sp, 128
    1722: 05 0b        	addi	s6, s6, 1
    1724: 03 24 09 04  	lw	s0, 64(s2)
    1728: 00 01        	addi	s0, sp, 128
    172a: 05 0a        	addi	s4, s4, 1
    172c: 06 03        	slli	t1, t1, 1
    172e: 04 09        	addi	s1, sp, 144
    1730: 04 00        	<unknown>
    1732: 01 05        	mv	a0, a0
    1734: 0e 03        	slli	t1, t1, 3
    1736: 01 09        	mv	s2, s2
    1738: 0a 00        	c.slli	zero, 2
    173a: 01 06        	mv	a2, a2
    173c: 03 57 09 02  	lhu	a4, 32(s2)
    1740: 00 01        	addi	s0, sp, 128
    1742: 05 06        	addi	a2, a2, 1
    1744: 03 29 09 02  	lw	s2, 32(s2)
    1748: 00 01        	addi	s0, sp, 128
    174a: 03 57 09 04  	lhu	a4, 64(s2)
    174e: 00 01        	addi	s0, sp, 128
    1750: 03 29 09 02  	lw	s2, 32(s2)
    1754: 00 01        	addi	s0, sp, 128
    1756: 05 21        	addiw	sp, sp, 1
    1758: 06 03        	slli	t1, t1, 1
    175a: 01 09        	mv	s2, s2
    175c: 06 00        	c.slli	zero, 1
    175e: 01 05        	mv	a0, a0
    1760: 26 06        	slli	a2, a2, 9
    1762: 03 00 09 04  	lb	zero, 64(s2)
    1766: 00 01        	addi	s0, sp, 128
    1768: 05 13        	addi	t1, t1, -31
    176a: 03 00 09 04  	lb	zero, 64(s2)
    176e: 00 01        	addi	s0, sp, 128
    1770: 03 56 09 0a  	lhu	a2, 160(s2)
    1774: 00 01        	addi	s0, sp, 128
    1776: 05 2d        	addiw	s10, s10, 1
    1778: 06 03        	slli	t1, t1, 1
    177a: 24 09        	addi	s1, sp, 152
    177c: 02 00        	c.slli64	zero
    177e: 01 06        	mv	a2, a2
    1780: 03 5c 09 04  	lhu	s8, 64(s2)
    1784: 00 01        	addi	s0, sp, 128
    1786: 05 21        	addiw	sp, sp, 1
    1788: 06 03        	slli	t1, t1, 1
    178a: 2c 09        	addi	a1, sp, 152
    178c: 02 00        	c.slli64	zero
    178e: 01 05        	mv	a0, a0
    1790: 26 06        	slli	a2, a2, 9
    1792: 03 00 09 04  	lb	zero, 64(s2)
    1796: 00 01        	addi	s0, sp, 128
    1798: 05 13        	addi	t1, t1, -31
    179a: 03 00 09 04  	lb	zero, 64(s2)
    179e: 00 01        	addi	s0, sp, 128
    17a0: 03 54 09 0a  	lhu	s0, 160(s2)
    17a4: 00 01        	addi	s0, sp, 128
    17a6: 05 21        	addiw	sp, sp, 1
    17a8: 06 03        	slli	t1, t1, 1
    17aa: 2b 09 02 00  	<unknown>
    17ae: 01 05        	mv	a0, a0
    17b0: 26 06        	slli	a2, a2, 9
    17b2: 03 00 09 04  	lb	zero, 64(s2)
    17b6: 00 01        	addi	s0, sp, 128
    17b8: 05 13        	addi	t1, t1, -31
    17ba: 03 00 09 04  	lb	zero, 64(s2)
    17be: 00 01        	addi	s0, sp, 128
    17c0: 03 55 09 08  	lhu	a0, 128(s2)
    17c4: 00 01        	addi	s0, sp, 128
    17c6: 05 1a        	addi	s4, s4, -31
    17c8: 06 03        	slli	t1, t1, 1
    17ca: 2e 09        	slli	s2, s2, 11
    17cc: 02 00        	c.slli64	zero
    17ce: 01 05        	mv	a0, a0
    17d0: 1f 06 03 00  	<unknown>
    17d4: 09 04        	addi	s0, s0, 2
    17d6: 00 01        	addi	s0, sp, 128
    17d8: 05 0c        	addi	s8, s8, 1
    17da: 03 00 09 04  	lb	zero, 64(s2)
    17de: 00 01        	addi	s0, sp, 128
    17e0: 05 00        	c.nop	1
    17e2: 03 52 09 08  	lhu	tp, 128(s2)
    17e6: 00 01        	addi	s0, sp, 128
    17e8: 05 01        	addi	sp, sp, 1
    17ea: 06 03        	slli	t1, t1, 1
    17ec: 31 09        	addi	s2, s2, 12
    17ee: 04 00        	<unknown>
    17f0: 01 09        	mv	s2, s2
    17f2: 06 00        	c.slli	zero, 1
    17f4: 00 01        	addi	s0, sp, 128
    17f6: 01 3a        	addiw	s4, s4, -32
    17f8: 01 00        	nop
    17fa: 00 05        	addi	s0, sp, 640
    17fc: 00 08        	addi	s0, sp, 16
    17fe: 00 69        	ld	s0, 16(a0)
    1800: 00 00        	unimp	
    1802: 00 01        	addi	s0, sp, 128
    1804: 01 01        	mv	sp, sp
    1806: fb 0e 0d 00  	<unknown>
    180a: 01 01        	mv	sp, sp
    180c: 01 01        	mv	sp, sp
    180e: 00 00        	unimp	
    1810: 00 01        	addi	s0, sp, 128
    1812: 00 00        	unimp	
    1814: 01 01        	mv	sp, sp
    1816: 01 1f        	addi	t5, t5, -32
    1818: 03 9a 01 00  	lh	s4, 0(gp)
    181c: 00 28        	fld	fs0, 16(s0)
    181e: 00 00        	unimp	
    1820: 00 5b        	lw	s0, 48(a4)
    1822: 02 00        	c.slli64	zero
    1824: 00 03        	addi	s0, sp, 384
    1826: 01 1f        	addi	t5, t5, -32
    1828: 02 0f        	c.slli64	t5
    182a: 05 1e        	addi	t3, t3, -31
    182c: 03 38 02 00  	ld	a6, 0(tp)
    1830: 00 00        	unimp	
    1832: 3d e9        	bnez	a0, 0x18a8 <.debug_line+0x18a8>
    1834: ce 77        	ld	a5, 240(sp)
    1836: 32 ef        	sd	a2, 408(sp)
    1838: 6e 3e        	fld	ft8, 248(sp)
    183a: af 0b 8e 58  	<unknown>
    183e: 7d ac        	j	0x1afc <.debug_line+0x1afc>
    1840: 74 74        	ld	a3, 232(s0)
    1842: 2f 02 00 00  	<unknown>
    1846: 01 3c        	addiw	s8, s8, -32
    1848: e8 54        	lw	a0, 108(s1)
    184a: 64 ab        	fsd	fs1, 208(a4)
    184c: 1c 64        	ld	a5, 8(s0)
    184e: 21 7b        	lui	s6, 1048552
    1850: 0f 85 ca b8  	<unknown>
    1854: 70 95        	<unknown>
    1856: 9d 3b        	addiw	s7, s7, -25
    1858: 03 00 00 02  	lb	zero, 32(zero)
    185c: f7 02 4d 06  	<unknown>
    1860: 82 a9        	fsd	ft0, 208(sp)
    1862: 18 b4        	fsd	fa4, 40(s0)
    1864: 1f 94 e8 be  	<unknown>
    1868: 9c d9        	sw	a5, 48(a1)
    186a: 04 61        	ld	s1, 0(a0)
    186c: 04 00        	<unknown>
    186e: 00 09        	addi	s0, sp, 144
    1870: 02 00        	c.slli64	zero
    1872: 00 00        	unimp	
    1874: 00 00        	unimp	
    1876: 00 00        	unimp	
    1878: 00 03        	addi	s0, sp, 384
    187a: 24 01        	addi	s1, sp, 136
    187c: 05 02        	addi	tp, tp, 1
    187e: 0a 03        	slli	t1, t1, 2
    1880: 03 09 00 00  	lb	s2, 0(zero)
    1884: 01 05        	mv	a0, a0
    1886: 07 03 02 09  	vlse8.v	v6, (tp), a6, v0.t
    188a: 04 00        	<unknown>
    188c: 01 05        	mv	a0, a0
    188e: 05 06        	addi	a2, a2, 1
    1890: 03 00 09 10  	lb	zero, 256(s2)
    1894: 00 01        	addi	s0, sp, 128
    1896: 03 56 09 04  	lhu	a2, 64(s2)
    189a: 00 01        	addi	s0, sp, 128
    189c: 05 08        	addi	a6, a6, 1
    189e: 06 03        	slli	t1, t1, 1
    18a0: 2c 09        	addi	a1, sp, 152
    18a2: 18 00        	<unknown>
    18a4: 01 05        	mv	a0, a0
    18a6: 1b 03 02 09  	addiw	t1, tp, 144
    18aa: 04 00        	<unknown>
    18ac: 01 05        	mv	a0, a0
    18ae: 15 06        	addi	a2, a2, 5
    18b0: 03 00 09 28  	lb	zero, 640(s2)
    18b4: 00 01        	addi	s0, sp, 128
    18b6: 05 0f        	addi	t5, t5, 1
    18b8: 03 00 09 04  	lb	zero, 64(s2)
    18bc: 00 01        	addi	s0, sp, 128
    18be: 05 08        	addi	a6, a6, 1
    18c0: 06 03        	slli	t1, t1, 1
    18c2: 7f 09 04 00  	<unknown>
    18c6: 01 05        	mv	a0, a0
    18c8: 09 03        	addi	t1, t1, 2
    18ca: 01 09        	mv	s2, s2
    18cc: 04 00        	<unknown>
    18ce: 01 05        	mv	a0, a0
    18d0: 05 03        	addi	t1, t1, 1
    18d2: 01 09        	mv	s2, s2
    18d4: 04 00        	<unknown>
    18d6: 01 05        	mv	a0, a0
    18d8: 20 03        	addi	s0, sp, 392
    18da: 01 09        	mv	s2, s2
    18dc: 02 00        	c.slli64	zero
    18de: 01 06        	mv	a2, a2
    18e0: 03 50 09 08  	lhu	zero, 128(s2)
    18e4: 00 01        	addi	s0, sp, 128
    18e6: 03 30 09 14  	ld	zero, 320(s2)
    18ea: 00 01        	addi	s0, sp, 128
    18ec: 05 25        	addiw	a0, a0, 1
    18ee: 03 00 09 08  	lb	zero, 128(s2)
    18f2: 00 01        	addi	s0, sp, 128
    18f4: 05 28        	addiw	a6, a6, 1
    18f6: 03 00 09 04  	lb	zero, 64(s2)
    18fa: 00 01        	addi	s0, sp, 128
    18fc: 05 14        	addi	s0, s0, -31
    18fe: 03 00 09 04  	lb	zero, 64(s2)
    1902: 00 01        	addi	s0, sp, 128
    1904: 05 01        	addi	sp, sp, 1
    1906: 06 03        	slli	t1, t1, 1
    1908: 01 09        	mv	s2, s2
    190a: 04 00        	<unknown>
    190c: 01 06        	mv	a2, a2
    190e: 03 4f 09 02  	lbu	t5, 32(s2)
    1912: 00 01        	addi	s0, sp, 128
    1914: 05 1a        	addi	s4, s4, -31
    1916: 06 03        	slli	t1, t1, 1
    1918: 2f 09 0c 00  	<unknown>
    191c: 01 05        	mv	a0, a0
    191e: 14 06        	addi	a3, sp, 768
    1920: 03 00 09 04  	lb	zero, 64(s2)
    1924: 00 01        	addi	s0, sp, 128
    1926: 05 01        	addi	sp, sp, 1
    1928: 06 03        	slli	t1, t1, 1
    192a: 02 09        	c.slli64	s2
    192c: 04 00        	<unknown>
    192e: 01 09        	mv	s2, s2
    1930: 02 00        	c.slli64	zero
    1932: 00 01        	addi	s0, sp, 128
    1934: 01 d8        	beqz	s0, 0x1844 <.debug_line+0x1844>
    1936: 04 00        	<unknown>
    1938: 00 05        	addi	s0, sp, 640
    193a: 00 08        	addi	s0, sp, 16
    193c: 00 7e        	ld	s0, 56(a2)
    193e: 00 00        	unimp	
    1940: 00 01        	addi	s0, sp, 128
    1942: 01 01        	mv	sp, sp
    1944: fb 0e 0d 00  	<unknown>
    1948: 01 01        	mv	sp, sp
    194a: 01 01        	mv	sp, sp
    194c: 00 00        	unimp	
    194e: 00 01        	addi	s0, sp, 128
    1950: 00 00        	unimp	
    1952: 01 01        	mv	sp, sp
    1954: 01 1f        	addi	t5, t5, -32
    1956: 03 9a 01 00  	lh	s4, 0(gp)
    195a: 00 5b        	lw	s0, 48(a4)
    195c: 02 00        	c.slli64	zero
    195e: 00 28        	fld	fs0, 16(s0)
    1960: 00 00        	unimp	
    1962: 00 03        	addi	s0, sp, 384
    1964: 01 1f        	addi	t5, t5, -32
    1966: 02 0f        	c.slli64	t5
    1968: 05 1e        	addi	t3, t3, -31
    196a: 04 00        	<unknown>
    196c: 00 00        	unimp	
    196e: 00 00        	unimp	
    1970: 01 f4        	bnez	s0, 0x1878 <.debug_line+0x1878>
    1972: 0a 5a        	lw	s4, 160(sp)
    1974: 56 b4        	fsd	fs5, 40(sp)
    1976: c0 e3        	sd	s0, 128(a5)
    1978: 6c 18        	addi	a1, sp, 60
    197a: 0a aa        	fsd	ft2, 272(sp)
    197c: 3a b8        	fsd	fa4, 48(sp)
    197e: e3 6a 3b 03  	bltu	s6, s3, 0x21b2 <.debug_line+0x21b2>
    1982: 00 00        	unimp	
    1984: 01 f7        	bnez	a4, 0x188c <.debug_line+0x188c>
    1986: 02 4d        	lw	s10, 0(sp)
    1988: 06 82        	mv	tp, ra
    198a: a9 18        	addi	a7, a7, -22
    198c: b4 1f        	addi	a3, sp, 1016
    198e: 94 e8        	sd	a3, 16(s1)
    1990: be 9c        	add	s9, s9, a5
    1992: d9 04        	addi	s1, s1, 22
    1994: 61 88        	andi	s0, s0, 24
    1996: 02 00        	c.slli64	zero
    1998: 00 01        	addi	s0, sp, 128
    199a: c8 51        	lw	a0, 36(a1)
    199c: ef 0b 93 55  	jal	s7, 0x326f4 <.debug_line+0x326f4>
    19a0: 0a d8        	sw	sp, 48(sp)
    19a2: 3e f4        	sd	a5, 40(sp)
    19a4: 07 44 d6 bb  	<unknown>
    19a8: 3d 9b        	andi	a4, a4, -17
    19aa: 2f 02 00 00  	<unknown>
    19ae: 02 3c        	fld	fs8, 32(sp)
    19b0: e8 54        	lw	a0, 108(s1)
    19b2: 64 ab        	fsd	fs1, 208(a4)
    19b4: 1c 64        	ld	a5, 8(s0)
    19b6: 21 7b        	lui	s6, 1048552
    19b8: 0f 85 ca b8  	<unknown>
    19bc: 70 95        	<unknown>
    19be: 9d 04        	addi	s1, s1, 7
    19c0: 00 00        	unimp	
    19c2: 09 02        	addi	tp, tp, 2
		...
    19cc: 03 e7 00 01  	lwu	a4, 16(ra)
    19d0: 05 02        	addi	tp, tp, 1
    19d2: 0a 03        	slli	t1, t1, 2
    19d4: 06 09        	slli	s2, s2, 1
    19d6: 14 00        	<unknown>
    19d8: 01 05        	mv	a0, a0
    19da: 09 03        	addi	t1, t1, 2
    19dc: 01 09        	mv	s2, s2
    19de: 04 00        	<unknown>
    19e0: 01 06        	mv	a2, a2
    19e2: 03 91 7f 09  	lh	sp, 151(t6)
    19e6: 08 00        	<unknown>
    19e8: 01 05        	mv	a0, a0
    19ea: 05 06        	addi	a2, a2, 1
    19ec: 03 f0 00 09  	<unknown>
    19f0: 0a 00        	c.slli	zero, 2
    19f2: 01 06        	mv	a2, a2
    19f4: 03 90 7f 09  	lh	zero, 151(t6)
    19f8: 04 00        	<unknown>
    19fa: 01 05        	mv	a0, a0
    19fc: 0c 06        	addi	a1, sp, 768
    19fe: 03 f1 00 09  	<unknown>
    1a02: 02 00        	c.slli64	zero
    1a04: 01 05        	mv	a0, a0
    1a06: 16 06        	slli	a2, a2, 5
    1a08: 03 00 09 04  	lb	zero, 64(s2)
    1a0c: 00 01        	addi	s0, sp, 128
    1a0e: 03 8f 7f 09  	lb	t5, 151(t6)
    1a12: 06 00        	c.slli	zero, 1
    1a14: 01 05        	mv	a0, a0
    1a16: 05 06        	addi	a2, a2, 1
    1a18: 03 f2 00 09  	<unknown>
    1a1c: 08 00        	<unknown>
    1a1e: 01 05        	mv	a0, a0
    1a20: 00 06        	addi	s0, sp, 768
    1a22: 03 8e 7f 09  	lb	t3, 151(t6)
    1a26: 04 00        	<unknown>
    1a28: 01 05        	mv	a0, a0
    1a2a: 09 06        	addi	a2, a2, 2
    1a2c: 03 f3 00 09  	<unknown>
    1a30: 08 00        	<unknown>
    1a32: 01 06        	mv	a2, a2
    1a34: 03 8d 7f 09  	lb	s10, 151(t6)
    1a38: 04 00        	<unknown>
    1a3a: 01 06        	mv	a2, a2
    1a3c: 03 f4 00 09  	<unknown>
    1a40: 14 00        	<unknown>
    1a42: 01 05        	mv	a0, a0
    1a44: 06 03        	slli	t1, t1, 1
    1a46: 01 09        	mv	s2, s2
    1a48: 04 00        	<unknown>
    1a4a: 01 06        	mv	a2, a2
    1a4c: 03 8b 7f 09  	lb	s6, 151(t6)
    1a50: 04 00        	<unknown>
    1a52: 01 05        	mv	a0, a0
    1a54: 09 06        	addi	a2, a2, 2
    1a56: 03 f9 00 09  	<unknown>
    1a5a: 18 00        	<unknown>
    1a5c: 01 05        	mv	a0, a0
    1a5e: 10 03        	addi	a2, sp, 384
    1a60: 01 09        	mv	s2, s2
    1a62: 04 00        	<unknown>
    1a64: 01 05        	mv	a0, a0
    1a66: 0c 06        	addi	a1, sp, 768
    1a68: 03 00 09 04  	lb	zero, 64(s2)
    1a6c: 00 01        	addi	s0, sp, 128
    1a6e: 05 10        	c.nop	-31
    1a70: 06 03        	slli	t1, t1, 1
    1a72: 01 09        	mv	s2, s2
    1a74: 04 00        	<unknown>
    1a76: 01 05        	mv	a0, a0
    1a78: 16 06        	slli	a2, a2, 5
    1a7a: 03 00 09 04  	lb	zero, 64(s2)
    1a7e: 00 01        	addi	s0, sp, 128
    1a80: 03 85 7f 09  	lb	a0, 151(t6)
    1a84: 06 00        	c.slli	zero, 1
    1a86: 01 05        	mv	a0, a0
    1a88: 05 06        	addi	a2, a2, 1
    1a8a: 03 8b 01 09  	lb	s6, 144(gp)
    1a8e: 08 00        	<unknown>
    1a90: 01 05        	mv	a0, a0
    1a92: 0b 03 01 09  	<unknown>
    1a96: 04 00        	<unknown>
    1a98: 01 06        	mv	a2, a2
    1a9a: 03 f4 7e 09  	<unknown>
    1a9e: 08 00        	<unknown>
    1aa0: 01 05        	mv	a0, a0
    1aa2: 21 06        	addi	a2, a2, 8
    1aa4: 03 8d 01 09  	lb	s10, 144(gp)
    1aa8: 18 00        	<unknown>
    1aaa: 01 05        	mv	a0, a0
    1aac: 0b 06 03 00  	<unknown>
    1ab0: 09 04        	addi	s0, s0, 2
    1ab2: 00 01        	addi	s0, sp, 128
    1ab4: 03 f3 7e 09  	<unknown>
    1ab8: 04 00        	<unknown>
    1aba: 01 06        	mv	a2, a2
    1abc: 03 8e 01 09  	lb	t3, 144(gp)
    1ac0: 18 00        	<unknown>
    1ac2: 01 05        	mv	a0, a0
    1ac4: 0c 03        	addi	a1, sp, 384
    1ac6: 01 09        	mv	s2, s2
    1ac8: 04 00        	<unknown>
    1aca: 01 06        	mv	a2, a2
    1acc: 03 f1 7e 09  	<unknown>
    1ad0: 04 00        	<unknown>
    1ad2: 01 05        	mv	a0, a0
    1ad4: 0d 06        	addi	a2, a2, 3
    1ad6: 03 90 01 09  	lh	zero, 144(gp)
    1ada: 02 00        	c.slli64	zero
    1adc: 01 03        	mv	t1, t1
    1ade: 01 09        	mv	s2, s2
    1ae0: 04 00        	<unknown>
    1ae2: 01 05        	mv	a0, a0
    1ae4: 2a 06        	slli	a2, a2, 10
    1ae6: 03 00 09 04  	lb	zero, 64(s2)
    1aea: 00 01        	addi	s0, sp, 128
    1aec: 05 20        	<unknown>
    1aee: 03 00 09 04  	lb	zero, 64(s2)
    1af2: 00 01        	addi	s0, sp, 128
    1af4: 05 12        	addi	tp, tp, -31
    1af6: 03 00 09 0e  	lb	zero, 224(s2)
    1afa: 00 01        	addi	s0, sp, 128
    1afc: 05 09        	addi	s2, s2, 1
    1afe: 03 00 09 04  	lb	zero, 64(s2)
    1b02: 00 01        	addi	s0, sp, 128
    1b04: 03 ef 7e 09  	lwu	t5, 151(t4)
    1b08: 04 00        	<unknown>
    1b0a: 01 05        	mv	a0, a0
    1b0c: 12 06        	slli	a2, a2, 4
    1b0e: 03 96 01 09  	lh	a2, 144(gp)
    1b12: 04 00        	<unknown>
    1b14: 01 05        	mv	a0, a0
    1b16: 03 03 01 09  	lb	t1, 144(sp)
    1b1a: 04 00        	<unknown>
    1b1c: 01 05        	mv	a0, a0
    1b1e: 1b 03 01 09  	addiw	t1, sp, 144
    1b22: 04 00        	<unknown>
    1b24: 01 05        	mv	a0, a0
    1b26: 0f 06 03 00  	<unknown>
    1b2a: 09 04        	addi	s0, s0, 2
    1b2c: 00 01        	addi	s0, sp, 128
    1b2e: 03 e8 7e 09  	lwu	a6, 151(t4)
    1b32: 04 00        	<unknown>
    1b34: 01 06        	mv	a2, a2
    1b36: 03 96 01 09  	lh	a2, 144(gp)
    1b3a: 02 00        	c.slli64	zero
    1b3c: 01 05        	mv	a0, a0
    1b3e: 0d 03        	addi	t1, t1, 3
    1b40: 03 09 04 00  	lb	s2, 0(s0)
    1b44: 01 06        	mv	a2, a2
    1b46: 03 e7 7e 09  	lwu	a4, 151(t4)
    1b4a: 04 00        	<unknown>
    1b4c: 01 05        	mv	a0, a0
    1b4e: 0e 06        	slli	a2, a2, 3
    1b50: 03 9b 01 09  	lh	s6, 144(gp)
    1b54: 0c 00        	<unknown>
    1b56: 01 06        	mv	a2, a2
    1b58: 03 e5 7e 09  	lwu	a0, 151(t4)
    1b5c: 04 00        	<unknown>
    1b5e: 01 05        	mv	a0, a0
    1b60: 0d 06        	addi	a2, a2, 3
    1b62: 03 9c 01 09  	lh	s8, 144(gp)
    1b66: 0c 00        	<unknown>
    1b68: 01 05        	mv	a0, a0
    1b6a: 1a 03        	slli	t1, t1, 6
    1b6c: 01 09        	mv	s2, s2
    1b6e: 04 00        	<unknown>
    1b70: 01 05        	mv	a0, a0
    1b72: 1d 06        	addi	a2, a2, 7
    1b74: 03 00 09 04  	lb	zero, 64(s2)
    1b78: 00 01        	addi	s0, sp, 128
    1b7a: 05 16        	addi	a2, a2, -31
    1b7c: 03 00 09 04  	lb	zero, 64(s2)
    1b80: 00 01        	addi	s0, sp, 128
    1b82: 05 0f        	addi	t5, t5, 1
    1b84: 06 03        	slli	t1, t1, 1
    1b86: 01 09        	mv	s2, s2
    1b88: 04 00        	<unknown>
    1b8a: 01 05        	mv	a0, a0
    1b8c: 07 03 01 09  	vlse8.v	v6, (sp), a6, v0.t
    1b90: 04 00        	<unknown>
    1b92: 01 05        	mv	a0, a0
    1b94: 18 03        	addi	a4, sp, 384
    1b96: 01 09        	mv	s2, s2
    1b98: 04 00        	<unknown>
    1b9a: 01 05        	mv	a0, a0
    1b9c: 0c 06        	addi	a1, sp, 768
    1b9e: 03 00 09 04  	lb	zero, 64(s2)
    1ba2: 00 01        	addi	s0, sp, 128
    1ba4: 03 e0 7e 09  	lwu	zero, 151(t4)
    1ba8: 02 00        	c.slli64	zero
    1baa: 01 06        	mv	a2, a2
    1bac: 03 9e 01 09  	lh	t3, 144(gp)
    1bb0: 02 00        	c.slli64	zero
    1bb2: 01 05        	mv	a0, a0
    1bb4: 0a 03        	slli	t1, t1, 2
    1bb6: 03 09 04 00  	lb	s2, 0(s0)
    1bba: 01 06        	mv	a2, a2
    1bbc: 03 df 7e 09  	lhu	t5, 151(t4)
    1bc0: 04 00        	<unknown>
    1bc2: 01 05        	mv	a0, a0
    1bc4: 0f 06 03 a3  	<unknown>
    1bc8: 01 09        	mv	s2, s2
    1bca: 0c 00        	<unknown>
    1bcc: 01 06        	mv	a2, a2
    1bce: 03 dd 7e 09  	lhu	s10, 151(t4)
    1bd2: 04 00        	<unknown>
    1bd4: 01 05        	mv	a0, a0
    1bd6: 0e 06        	slli	a2, a2, 3
    1bd8: 03 a4 01 09  	lw	s0, 144(gp)
    1bdc: 0c 00        	<unknown>
    1bde: 01 05        	mv	a0, a0
    1be0: 1b 03 01 09  	addiw	t1, sp, 144
    1be4: 04 00        	<unknown>
    1be6: 01 05        	mv	a0, a0
    1be8: 1e 06        	slli	a2, a2, 7
    1bea: 03 00 09 04  	lb	zero, 64(s2)
    1bee: 00 01        	addi	s0, sp, 128
    1bf0: 05 17        	addi	a4, a4, -31
    1bf2: 03 00 09 04  	lb	zero, 64(s2)
    1bf6: 00 01        	addi	s0, sp, 128
    1bf8: 05 00        	c.nop	1
    1bfa: 03 db 7e 09  	lhu	s6, 151(t4)
    1bfe: 04 00        	<unknown>
    1c00: 01 05        	mv	a0, a0
    1c02: 06 06        	slli	a2, a2, 1
    1c04: 03 b1 01 09  	ld	sp, 144(gp)
    1c08: 0a 00        	c.slli	zero, 2
    1c0a: 01 05        	mv	a0, a0
    1c0c: 05 06        	addi	a2, a2, 1
    1c0e: 03 00 09 08  	lb	zero, 128(s2)
    1c12: 00 01        	addi	s0, sp, 128
    1c14: 05 16        	addi	a2, a2, -31
    1c16: 06 03        	slli	t1, t1, 1
    1c18: 04 09        	addi	s1, sp, 144
    1c1a: 04 00        	<unknown>
    1c1c: 01 05        	mv	a0, a0
    1c1e: 02 03        	c.slli64	t1
    1c20: 01 09        	mv	s2, s2
    1c22: 04 00        	<unknown>
    1c24: 01 05        	mv	a0, a0
    1c26: 13 03 02 09  	addi	t1, tp, 144
    1c2a: 0c 00        	<unknown>
    1c2c: 01 05        	mv	a0, a0
    1c2e: 0b 06 03 00  	<unknown>
    1c32: 09 10        	c.nop	-30
    1c34: 00 01        	addi	s0, sp, 128
    1c36: 05 09        	addi	s2, s2, 1
    1c38: 03 00 09 04  	lb	zero, 64(s2)
    1c3c: 00 01        	addi	s0, sp, 128
    1c3e: 05 0d        	addi	s10, s10, 1
    1c40: 06 03        	slli	t1, t1, 1
    1c42: 01 09        	mv	s2, s2
    1c44: 04 00        	<unknown>
    1c46: 01 05        	mv	a0, a0
    1c48: 14 06        	addi	a3, sp, 768
    1c4a: 03 00 09 04  	lb	zero, 64(s2)
    1c4e: 00 01        	addi	s0, sp, 128
    1c50: 05 13        	addi	t1, t1, -31
    1c52: 06 03        	slli	t1, t1, 1
    1c54: 7f 09 04 00  	<unknown>
    1c58: 01 05        	mv	a0, a0
    1c5a: 0b 06 03 00  	<unknown>
    1c5e: 09 04        	addi	s0, s0, 2
    1c60: 00 01        	addi	s0, sp, 128
    1c62: 05 09        	addi	s2, s2, 1
    1c64: 03 00 09 04  	lb	zero, 64(s2)
    1c68: 00 01        	addi	s0, sp, 128
    1c6a: 05 0d        	addi	s10, s10, 1
    1c6c: 06 03        	slli	t1, t1, 1
    1c6e: 01 09        	mv	s2, s2
    1c70: 04 00        	<unknown>
    1c72: 01 05        	mv	a0, a0
    1c74: 14 06        	addi	a3, sp, 768
    1c76: 03 00 09 04  	lb	zero, 64(s2)
    1c7a: 00 01        	addi	s0, sp, 128
    1c7c: 05 02        	addi	tp, tp, 1
    1c7e: 06 03        	slli	t1, t1, 1
    1c80: 02 09        	c.slli64	s2
    1c82: 04 00        	<unknown>
    1c84: 01 05        	mv	a0, a0
    1c86: 08 06        	addi	a0, sp, 768
    1c88: 03 00 09 02  	lb	zero, 32(s2)
    1c8c: 00 01        	addi	s0, sp, 128
    1c8e: 03 c5 7e 09  	lbu	a0, 151(t4)
    1c92: 06 00        	c.slli	zero, 1
    1c94: 01 06        	mv	a2, a2
    1c96: 03 bd 01 09  	ld	s10, 144(gp)
    1c9a: 04 00        	<unknown>
    1c9c: 01 05        	mv	a0, a0
    1c9e: 10 06        	addi	a2, sp, 768
    1ca0: 03 00 09 04  	lb	zero, 64(s2)
    1ca4: 00 01        	addi	s0, sp, 128
    1ca6: 05 02        	addi	tp, tp, 1
    1ca8: 03 00 09 04  	lb	zero, 64(s2)
    1cac: 00 01        	addi	s0, sp, 128
    1cae: 05 08        	addi	a6, a6, 1
    1cb0: 06 03        	slli	t1, t1, 1
    1cb2: 01 09        	mv	s2, s2
    1cb4: 06 00        	c.slli	zero, 1
    1cb6: 01 05        	mv	a0, a0
    1cb8: 05 03        	addi	t1, t1, 1
    1cba: 01 09        	mv	s2, s2
    1cbc: 16 00        	c.slli	zero, 5
    1cbe: 01 05        	mv	a0, a0
    1cc0: 14 06        	addi	a3, sp, 768
    1cc2: 03 00 09 04  	lb	zero, 64(s2)
    1cc6: 00 01        	addi	s0, sp, 128
    1cc8: 05 22        	addiw	tp, tp, 1
    1cca: 03 00 09 04  	lb	zero, 64(s2)
    1cce: 00 01        	addi	s0, sp, 128
    1cd0: 05 13        	addi	t1, t1, -31
    1cd2: 03 00 09 04  	lb	zero, 64(s2)
    1cd6: 00 01        	addi	s0, sp, 128
    1cd8: 05 11        	addi	sp, sp, -31
    1cda: 03 00 09 04  	lb	zero, 64(s2)
    1cde: 00 01        	addi	s0, sp, 128
    1ce0: 05 21        	addiw	sp, sp, 1
    1ce2: 03 00 09 04  	lb	zero, 64(s2)
    1ce6: 00 01        	addi	s0, sp, 128
    1ce8: 03 c1 7e 09  	lbu	sp, 151(t4)
    1cec: 06 00        	c.slli	zero, 1
    1cee: 01 05        	mv	a0, a0
    1cf0: 09 06        	addi	a2, a2, 2
    1cf2: 03 ff 00 09  	<unknown>
    1cf6: 14 00        	<unknown>
    1cf8: 01 05        	mv	a0, a0
    1cfa: 06 03        	slli	t1, t1, 1
    1cfc: 01 09        	mv	s2, s2
    1cfe: 04 00        	<unknown>
    1d00: 01 06        	mv	a2, a2
    1d02: 03 80 7f 09  	lb	zero, 151(t6)
    1d06: 04 00        	<unknown>
    1d08: 01 05        	mv	a0, a0
    1d0a: 09 06        	addi	a2, a2, 2
    1d0c: 03 84 01 09  	lb	s0, 144(gp)
    1d10: 18 00        	<unknown>
    1d12: 01 05        	mv	a0, a0
    1d14: 10 03        	addi	a2, sp, 384
    1d16: 01 09        	mv	s2, s2
    1d18: 04 00        	<unknown>
    1d1a: 01 05        	mv	a0, a0
    1d1c: 0c 06        	addi	a1, sp, 768
    1d1e: 03 00 09 04  	lb	zero, 64(s2)
    1d22: 00 01        	addi	s0, sp, 128
    1d24: 05 10        	c.nop	-31
    1d26: 06 03        	slli	t1, t1, 1
    1d28: 01 09        	mv	s2, s2
    1d2a: 04 00        	<unknown>
    1d2c: 01 05        	mv	a0, a0
    1d2e: 16 06        	slli	a2, a2, 5
    1d30: 03 00 09 04  	lb	zero, 64(s2)
    1d34: 00 01        	addi	s0, sp, 128
    1d36: 03 fa 7e 09  	<unknown>
    1d3a: 06 00        	c.slli	zero, 1
    1d3c: 01 05        	mv	a0, a0
    1d3e: 10 06        	addi	a2, sp, 768
    1d40: 03 f6 00 09  	<unknown>
    1d44: 0c 00        	<unknown>
    1d46: 01 05        	mv	a0, a0
    1d48: 0c 06        	addi	a1, sp, 768
    1d4a: 03 00 09 04  	lb	zero, 64(s2)
    1d4e: 00 01        	addi	s0, sp, 128
    1d50: 05 10        	c.nop	-31
    1d52: 06 03        	slli	t1, t1, 1
    1d54: 01 09        	mv	s2, s2
    1d56: 04 00        	<unknown>
    1d58: 01 05        	mv	a0, a0
    1d5a: 16 06        	slli	a2, a2, 5
    1d5c: 03 00 09 04  	lb	zero, 64(s2)
    1d60: 00 01        	addi	s0, sp, 128
    1d62: 05 00        	c.nop	1
    1d64: 03 89 7f 09  	lb	s2, 151(t6)
    1d68: 04 00        	<unknown>
    1d6a: 01 05        	mv	a0, a0
    1d6c: 11 06        	addi	a2, a2, 4
    1d6e: 03 b2 01 09  	ld	tp, 144(gp)
    1d72: 0a 00        	c.slli	zero, 2
    1d74: 01 05        	mv	a0, a0
    1d76: 0f 06 03 00  	<unknown>
    1d7a: 09 04        	addi	s0, s0, 2
    1d7c: 00 01        	addi	s0, sp, 128
    1d7e: 05 0a        	addi	s4, s4, 1
    1d80: 03 00 09 04  	lb	zero, 64(s2)
    1d84: 00 01        	addi	s0, sp, 128
    1d86: 03 ce 7e 09  	lbu	t3, 151(t4)
    1d8a: 06 00        	c.slli	zero, 1
    1d8c: 01 05        	mv	a0, a0
    1d8e: 10 06        	addi	a2, sp, 768
    1d90: 03 81 01 09  	lb	sp, 144(gp)
    1d94: 0c 00        	<unknown>
    1d96: 01 05        	mv	a0, a0
    1d98: 0c 06        	addi	a1, sp, 768
    1d9a: 03 00 09 04  	lb	zero, 64(s2)
    1d9e: 00 01        	addi	s0, sp, 128
    1da0: 05 10        	c.nop	-31
    1da2: 06 03        	slli	t1, t1, 1
    1da4: 01 09        	mv	s2, s2
    1da6: 04 00        	<unknown>
    1da8: 01 05        	mv	a0, a0
    1daa: 16 06        	slli	a2, a2, 5
    1dac: 03 00 09 04  	lb	zero, 64(s2)
    1db0: 00 01        	addi	s0, sp, 128
    1db2: 05 00        	c.nop	1
    1db4: 03 fe 7e 09  	<unknown>
    1db8: 04 00        	<unknown>
    1dba: 01 05        	mv	a0, a0
    1dbc: 0f 06 03 aa  	<unknown>
    1dc0: 01 09        	mv	s2, s2
    1dc2: 0c 00        	<unknown>
    1dc4: 01 05        	mv	a0, a0
    1dc6: 15 06        	addi	a2, a2, 5
    1dc8: 03 00 09 04  	lb	zero, 64(s2)
    1dcc: 00 01        	addi	s0, sp, 128
    1dce: 05 0b        	addi	s6, s6, 1
    1dd0: 03 00 09 04  	lb	zero, 64(s2)
    1dd4: 00 01        	addi	s0, sp, 128
    1dd6: 05 09        	addi	s2, s2, 1
    1dd8: 06 03        	slli	t1, t1, 1
    1dda: 01 09        	mv	s2, s2
    1ddc: 04 00        	<unknown>
    1dde: 01 05        	mv	a0, a0
    1de0: 18 06        	addi	a4, sp, 768
    1de2: 03 00 09 04  	lb	zero, 64(s2)
    1de6: 00 01        	addi	s0, sp, 128
    1de8: 05 16        	addi	a2, a2, -31
    1dea: 03 00 09 04  	lb	zero, 64(s2)
    1dee: 00 01        	addi	s0, sp, 128
    1df0: 05 26        	addiw	a2, a2, 1
    1df2: 03 00 09 04  	lb	zero, 64(s2)
    1df6: 00 01        	addi	s0, sp, 128
    1df8: 05 00        	c.nop	1
    1dfa: 03 d5 7e 09  	lhu	a0, 151(t4)
    1dfe: 04 00        	<unknown>
    1e00: 01 05        	mv	a0, a0
    1e02: 01 06        	mv	a2, a2
    1e04: 03 c1 01 09  	lbu	sp, 144(gp)
    1e08: 08 00        	<unknown>
    1e0a: 01 09        	mv	s2, s2
    1e0c: 0e 00        	c.slli	zero, 3
    1e0e: 00 01        	addi	s0, sp, 128
    1e10: 01 aa        	j	0x1f20 <.debug_line+0x1f20>
    1e12: 08 00        	<unknown>
    1e14: 00 05        	addi	s0, sp, 640
    1e16: 00 08        	addi	s0, sp, 16
    1e18: 00 65        	ld	s0, 8(a0)
    1e1a: 00 00        	unimp	
    1e1c: 00 01        	addi	s0, sp, 128
    1e1e: 01 01        	mv	sp, sp
    1e20: fb 0e 0d 00  	<unknown>
    1e24: 01 01        	mv	sp, sp
    1e26: 01 01        	mv	sp, sp
    1e28: 00 00        	unimp	
    1e2a: 00 01        	addi	s0, sp, 128
    1e2c: 00 00        	unimp	
    1e2e: 01 01        	mv	sp, sp
    1e30: 01 1f        	addi	t5, t5, -32
    1e32: 02 9a        	jalr	s4
    1e34: 01 00        	nop
    1e36: 00 5b        	lw	s0, 48(a4)
    1e38: 02 00        	c.slli64	zero
    1e3a: 00 03        	addi	s0, sp, 384
    1e3c: 01 1f        	addi	t5, t5, -32
    1e3e: 02 0f        	c.slli64	t5
    1e40: 05 1e        	addi	t3, t3, -31
    1e42: 03 ff 00 00  	<unknown>
    1e46: 00 00        	unimp	
    1e48: 15 c6        	beqz	a2, 0x1e74 <.debug_line+0x1e74>
    1e4a: b8 6f        	ld	a4, 88(a5)
    1e4c: 82 f9        	sd	zero, 240(sp)
    1e4e: c5 75        	lui	a1, 1048561
    1e50: f1 fa        	bnez	a3, 0x1e24 <.debug_line+0x1e24>
    1e52: 60 5c        	lw	s0, 124(s0)
    1e54: b9 10        	addi	ra, ra, -18
    1e56: 03 f1 3b 03  	<unknown>
    1e5a: 00 00        	unimp	
    1e5c: 01 f7        	bnez	a4, 0x1d64 <.debug_line+0x1d64>
    1e5e: 02 4d        	lw	s10, 0(sp)
    1e60: 06 82        	mv	tp, ra
    1e62: a9 18        	addi	a7, a7, -22
    1e64: b4 1f        	addi	a3, sp, 1016
    1e66: 94 e8        	sd	a3, 16(s1)
    1e68: be 9c        	add	s9, s9, a5
    1e6a: d9 04        	addi	s1, s1, 22
    1e6c: 61 88        	andi	s0, s0, 24
    1e6e: 02 00        	c.slli64	zero
    1e70: 00 01        	addi	s0, sp, 128
    1e72: c8 51        	lw	a0, 36(a1)
    1e74: ef 0b 93 55  	jal	s7, 0x32bcc <.debug_line+0x32bcc>
    1e78: 0a d8        	sw	sp, 48(sp)
    1e7a: 3e f4        	sd	a5, 40(sp)
    1e7c: 07 44 d6 bb  	<unknown>
    1e80: 3d 9b        	andi	a4, a4, -17
    1e82: 04 00        	<unknown>
    1e84: 00 09        	addi	s0, sp, 144
    1e86: 02 00        	c.slli64	zero
    1e88: 00 00        	unimp	
    1e8a: 00 00        	unimp	
    1e8c: 00 00        	unimp	
    1e8e: 00 03        	addi	s0, sp, 384
    1e90: 3c 01        	addi	a5, sp, 136
    1e92: 05 07        	addi	a4, a4, 1
    1e94: 0a 03        	slli	t1, t1, 2
    1e96: 05 09        	addi	s2, s2, 1
    1e98: 32 00        	c.slli	zero, 12
    1e9a: 01 05        	mv	a0, a0
    1e9c: 0a 03        	slli	t1, t1, 2
    1e9e: 04 09        	addi	s1, sp, 144
    1ea0: 12 00        	c.slli	zero, 4
    1ea2: 01 03        	mv	t1, t1
    1ea4: 01 09        	mv	s2, s2
    1ea6: 04 00        	<unknown>
    1ea8: 01 05        	mv	a0, a0
    1eaa: 0d 06        	addi	a2, a2, 3
    1eac: 03 00 09 04  	lb	zero, 64(s2)
    1eb0: 00 01        	addi	s0, sp, 128
    1eb2: 05 14        	addi	s0, s0, -31
    1eb4: 03 00 09 0e  	lb	zero, 224(s2)
    1eb8: 00 01        	addi	s0, sp, 128
    1eba: 05 0a        	addi	s4, s4, 1
    1ebc: 06 03        	slli	t1, t1, 1
    1ebe: 01 09        	mv	s2, s2
    1ec0: 0c 00        	<unknown>
    1ec2: 01 05        	mv	a0, a0
    1ec4: 13 03 03 09  	addi	t1, t1, 144
    1ec8: 04 00        	<unknown>
    1eca: 01 05        	mv	a0, a0
    1ecc: 0a 03        	slli	t1, t1, 2
    1ece: 7d 09        	addi	s2, s2, 31
    1ed0: 04 00        	<unknown>
    1ed2: 01 05        	mv	a0, a0
    1ed4: 02 03        	c.slli64	t1
    1ed6: 04 09        	addi	s1, sp, 144
    1ed8: 04 00        	<unknown>
    1eda: 01 05        	mv	a0, a0
    1edc: 08 03        	addi	a0, sp, 384
    1ede: 7f 09 04 00  	<unknown>
    1ee2: 01 05        	mv	a0, a0
    1ee4: 02 03        	c.slli64	t1
    1ee6: 01 09        	mv	s2, s2
    1ee8: 04 00        	<unknown>
    1eea: 01 05        	mv	a0, a0
    1eec: 0b 06 03 00  	<unknown>
    1ef0: 09 04        	addi	s0, s0, 2
    1ef2: 00 01        	addi	s0, sp, 128
    1ef4: 05 02        	addi	tp, tp, 1
    1ef6: 03 00 09 06  	lb	zero, 96(s2)
    1efa: 00 01        	addi	s0, sp, 128
    1efc: 05 1d        	addi	s10, s10, -31
    1efe: 03 00 09 0e  	lb	zero, 224(s2)
    1f02: 00 01        	addi	s0, sp, 128
    1f04: 05 14        	addi	s0, s0, -31
    1f06: 03 00 09 04  	lb	zero, 64(s2)
    1f0a: 00 01        	addi	s0, sp, 128
    1f0c: 05 0b        	addi	s6, s6, 1
    1f0e: 03 00 09 02  	lb	zero, 32(s2)
    1f12: 00 01        	addi	s0, sp, 128
    1f14: 05 02        	addi	tp, tp, 1
    1f16: 03 00 09 06  	lb	zero, 96(s2)
    1f1a: 00 01        	addi	s0, sp, 128
    1f1c: 03 b4 7f 09  	ld	s0, 151(t6)
    1f20: 02 00        	c.slli64	zero
    1f22: 01 05        	mv	a0, a0
    1f24: 1f 03 cc 00  	<unknown>
    1f28: 09 04        	addi	s0, s0, 2
    1f2a: 00 01        	addi	s0, sp, 128
    1f2c: 05 35        	addiw	a0, a0, -31
    1f2e: 03 00 09 04  	lb	zero, 64(s2)
    1f32: 00 01        	addi	s0, sp, 128
    1f34: 05 2d        	addiw	s10, s10, 1
    1f36: 03 00 09 02  	lb	zero, 32(s2)
    1f3a: 00 01        	addi	s0, sp, 128
    1f3c: 03 b4 7f 09  	ld	s0, 151(t6)
    1f40: 06 00        	c.slli	zero, 1
    1f42: 01 05        	mv	a0, a0
    1f44: 02 06        	c.slli64	a2
    1f46: 03 cf 00 09  	lbu	t5, 144(ra)
    1f4a: 04 00        	<unknown>
    1f4c: 01 05        	mv	a0, a0
    1f4e: 06 03        	slli	t1, t1, 1
    1f50: 02 09        	c.slli64	s2
    1f52: 22 00        	c.slli	zero, 8
    1f54: 01 05        	mv	a0, a0
    1f56: 0b 06 03 00  	<unknown>
    1f5a: 09 06        	addi	a2, a2, 2
    1f5c: 00 01        	addi	s0, sp, 128
    1f5e: 05 12        	addi	tp, tp, -31
    1f60: 06 03        	slli	t1, t1, 1
    1f62: 7e 09        	slli	s2, s2, 31
    1f64: 04 00        	<unknown>
    1f66: 01 05        	mv	a0, a0
    1f68: 02 06        	c.slli64	a2
    1f6a: 03 00 09 02  	lb	zero, 32(s2)
    1f6e: 00 01        	addi	s0, sp, 128
    1f70: 03 b1 7f 09  	ld	sp, 151(t6)
    1f74: 06 00        	c.slli	zero, 1
    1f76: 01 05        	mv	a0, a0
    1f78: 06 06        	slli	a2, a2, 1
    1f7a: 03 d0 00 09  	lhu	zero, 144(ra)
    1f7e: 04 00        	<unknown>
    1f80: 01 06        	mv	a2, a2
    1f82: 03 b0 7f 09  	ld	zero, 151(t6)
    1f86: 04 00        	<unknown>
    1f88: 01 05        	mv	a0, a0
    1f8a: 26 03        	slli	t1, t1, 9
    1f8c: d0 00        	addi	a2, sp, 68
    1f8e: 09 0a        	addi	s4, s4, 2
    1f90: 00 01        	addi	s0, sp, 128
    1f92: 05 2b        	addiw	s6, s6, 1
    1f94: 03 00 09 04  	lb	zero, 64(s2)
    1f98: 00 01        	addi	s0, sp, 128
    1f9a: 05 23        	addiw	t1, t1, 1
    1f9c: 03 00 09 0a  	lb	zero, 160(s2)
    1fa0: 00 01        	addi	s0, sp, 128
    1fa2: 05 16        	addi	a2, a2, -31
    1fa4: 03 00 09 04  	lb	zero, 64(s2)
    1fa8: 00 01        	addi	s0, sp, 128
    1faa: 05 06        	addi	a2, a2, 1
    1fac: 03 00 09 06  	lb	zero, 96(s2)
    1fb0: 00 01        	addi	s0, sp, 128
    1fb2: 03 b0 7f 09  	ld	zero, 151(t6)
    1fb6: 04 00        	<unknown>
    1fb8: 01 06        	mv	a2, a2
    1fba: 03 d7 00 09  	lhu	a4, 144(ra)
    1fbe: 1a 00        	c.slli	zero, 6
    1fc0: 01 06        	mv	a2, a2
    1fc2: 03 a9 7f 09  	lw	s2, 151(t6)
    1fc6: 4a 00        	c.slli	zero, 18
    1fc8: 01 05        	mv	a0, a0
    1fca: 11 03        	addi	t1, t1, 4
    1fcc: d7 00 09 02  	vadd.vv	v1, v0, v18
    1fd0: 00 01        	addi	s0, sp, 128
    1fd2: 05 02        	addi	tp, tp, 1
    1fd4: 03 00 09 0c  	lb	zero, 192(s2)
    1fd8: 00 01        	addi	s0, sp, 128
    1fda: 05 28        	addiw	a6, a6, 1
    1fdc: 06 03        	slli	t1, t1, 1
    1fde: 01 09        	mv	s2, s2
    1fe0: 0c 00        	<unknown>
    1fe2: 01 05        	mv	a0, a0
    1fe4: 17 06 03 00  	auipc	a2, 48
    1fe8: 09 04        	addi	s0, s0, 2
    1fea: 00 01        	addi	s0, sp, 128
    1fec: 05 0f        	addi	t5, t5, 1
    1fee: 03 00 09 04  	lb	zero, 64(s2)
    1ff2: 00 01        	addi	s0, sp, 128
    1ff4: 06 03        	slli	t1, t1, 1
    1ff6: 02 09        	c.slli64	s2
    1ff8: 04 00        	<unknown>
    1ffa: 01 05        	mv	a0, a0
    1ffc: 1c 03        	addi	a5, sp, 384
    1ffe: 7f 09 0c 00  	<unknown>
    2002: 01 05        	mv	a0, a0
    2004: 0f 06 03 00  	<unknown>
    2008: 09 04        	addi	s0, s0, 2
    200a: 00 01        	addi	s0, sp, 128
    200c: 05 0c        	addi	s8, s8, 1
    200e: 03 00 09 04  	lb	zero, 64(s2)
    2012: 00 01        	addi	s0, sp, 128
    2014: 05 15        	addi	a0, a0, -31
    2016: 06 03        	slli	t1, t1, 1
    2018: 01 09        	mv	s2, s2
    201a: 02 00        	c.slli64	zero
    201c: 01 05        	mv	a0, a0
    201e: 18 03        	addi	a4, sp, 384
    2020: 7d 09        	addi	s2, s2, 31
    2022: 04 00        	<unknown>
    2024: 01 05        	mv	a0, a0
    2026: 02 06        	c.slli64	a2
    2028: 03 00 09 06  	lb	zero, 96(s2)
    202c: 00 01        	addi	s0, sp, 128
    202e: 05 07        	addi	a4, a4, 1
    2030: 06 03        	slli	t1, t1, 1
    2032: 07 09 02 00  	vle8.v	v18, (tp), v0.t
    2036: 01 05        	mv	a0, a0
    2038: 1a 03        	slli	t1, t1, 6
    203a: 01 09        	mv	s2, s2
    203c: 0e 00        	c.slli	zero, 3
    203e: 01 05        	mv	a0, a0
    2040: 12 06        	slli	a2, a2, 4
    2042: 03 00 09 04  	lb	zero, 64(s2)
    2046: 00 01        	addi	s0, sp, 128
    2048: 05 04        	addi	s0, s0, 1
    204a: 03 00 09 08  	lb	zero, 128(s2)
    204e: 00 01        	addi	s0, sp, 128
    2050: 05 07        	addi	a4, a4, 1
    2052: 06 03        	slli	t1, t1, 1
    2054: 01 09        	mv	s2, s2
    2056: 04 00        	<unknown>
    2058: 01 03        	mv	t1, t1
    205a: 01 09        	mv	s2, s2
    205c: 04 00        	<unknown>
    205e: 01 05        	mv	a0, a0
    2060: 04 06        	addi	s1, sp, 768
    2062: 03 00 09 04  	lb	zero, 64(s2)
    2066: 00 01        	addi	s0, sp, 128
    2068: 05 05        	addi	a0, a0, 1
    206a: 06 03        	slli	t1, t1, 1
    206c: 02 09        	c.slli64	s2
    206e: 04 00        	<unknown>
    2070: 01 05        	mv	a0, a0
    2072: 11 03        	addi	t1, t1, 4
    2074: 01 09        	mv	s2, s2
    2076: 04 00        	<unknown>
    2078: 01 05        	mv	a0, a0
    207a: 0c 06        	addi	a1, sp, 768
    207c: 03 00 09 04  	lb	zero, 64(s2)
    2080: 00 01        	addi	s0, sp, 128
    2082: 05 14        	addi	s0, s0, -31
    2084: 03 00 09 0a  	lb	zero, 160(s2)
    2088: 00 01        	addi	s0, sp, 128
    208a: 05 21        	addiw	sp, sp, 1
    208c: 03 00 09 04  	lb	zero, 64(s2)
    2090: 00 01        	addi	s0, sp, 128
    2092: 05 13        	addi	t1, t1, -31
    2094: 06 03        	slli	t1, t1, 1
    2096: 01 09        	mv	s2, s2
    2098: 04 00        	<unknown>
    209a: 01 05        	mv	a0, a0
    209c: 0f 06 03 00  	<unknown>
    20a0: 09 04        	addi	s0, s0, 2
    20a2: 00 01        	addi	s0, sp, 128
    20a4: 05 13        	addi	t1, t1, -31
    20a6: 06 03        	slli	t1, t1, 1
    20a8: 01 09        	mv	s2, s2
    20aa: 04 00        	<unknown>
    20ac: 01 06        	mv	a2, a2
    20ae: 03 9a 7f 09  	lh	s4, 151(t6)
    20b2: 06 00        	c.slli	zero, 1
    20b4: 01 05        	mv	a0, a0
    20b6: 0a 06        	slli	a2, a2, 2
    20b8: 03 e8 00 09  	lwu	a6, 144(ra)
    20bc: 06 00        	c.slli	zero, 1
    20be: 01 06        	mv	a2, a2
    20c0: 03 98 7f 09  	lh	a6, 151(t6)
    20c4: 04 00        	<unknown>
    20c6: 01 05        	mv	a0, a0
    20c8: 0b 06 03 e9  	<unknown>
    20cc: 00 09        	addi	s0, sp, 144
    20ce: 0c 00        	<unknown>
    20d0: 01 05        	mv	a0, a0
    20d2: 0a 06        	slli	a2, a2, 2
    20d4: 03 00 09 06  	lb	zero, 96(s2)
    20d8: 00 01        	addi	s0, sp, 128
    20da: 03 97 7f 09  	lh	a4, 151(t6)
    20de: 02 00        	c.slli64	zero
    20e0: 01 05        	mv	a0, a0
    20e2: 1b 06 03 e8  	addiw	a2, t1, -384
    20e6: 00 09        	addi	s0, sp, 144
    20e8: 04 00        	<unknown>
    20ea: 01 05        	mv	a0, a0
    20ec: 16 06        	slli	a2, a2, 5
    20ee: 03 00 09 04  	lb	zero, 64(s2)
    20f2: 00 01        	addi	s0, sp, 128
    20f4: 05 1e        	addi	t3, t3, -31
    20f6: 03 00 09 08  	lb	zero, 128(s2)
    20fa: 00 01        	addi	s0, sp, 128
    20fc: 03 98 7f 09  	lh	a6, 151(t6)
    2100: 04 00        	<unknown>
    2102: 01 05        	mv	a0, a0
    2104: 0f 06 03 ed  	<unknown>
    2108: 00 09        	addi	s0, sp, 144
    210a: 18 00        	<unknown>
    210c: 01 05        	mv	a0, a0
    210e: 06 06        	slli	a2, a2, 1
    2110: 03 00 09 04  	lb	zero, 64(s2)
    2114: 00 01        	addi	s0, sp, 128
    2116: 05 07        	addi	a4, a4, 1
    2118: 06 03        	slli	t1, t1, 1
    211a: 01 09        	mv	s2, s2
    211c: 02 00        	c.slli64	zero
    211e: 01 06        	mv	a2, a2
    2120: 03 92 7f 09  	lh	tp, 151(t6)
    2124: 02 00        	c.slli64	zero
    2126: 01 05        	mv	a0, a0
    2128: 09 06        	addi	a2, a2, 2
    212a: 03 f5 00 09  	<unknown>
    212e: 10 00        	<unknown>
    2130: 01 05        	mv	a0, a0
    2132: 0a 03        	slli	t1, t1, 2
    2134: 01 09        	mv	s2, s2
    2136: 04 00        	<unknown>
    2138: 01 06        	mv	a2, a2
    213a: 03 8a 7f 09  	lb	s4, 151(t6)
    213e: 0c 00        	<unknown>
    2140: 01 05        	mv	a0, a0
    2142: 09 06        	addi	a2, a2, 2
    2144: 03 fd 00 09  	<unknown>
    2148: 1e 00        	c.slli	zero, 7
    214a: 01 06        	mv	a2, a2
    214c: 03 83 7f 09  	lb	t1, 151(t6)
    2150: 06 00        	c.slli	zero, 1
    2152: 01 05        	mv	a0, a0
    2154: 0b 06 03 fe  	<unknown>
    2158: 00 09        	addi	s0, sp, 144
    215a: 0c 00        	<unknown>
    215c: 01 06        	mv	a2, a2
    215e: 03 82 7f 09  	lb	tp, 151(t6)
    2162: 04 00        	<unknown>
    2164: 01 05        	mv	a0, a0
    2166: 06 06        	slli	a2, a2, 1
    2168: 03 ff 00 09  	<unknown>
    216c: 02 00        	c.slli64	zero
    216e: 01 05        	mv	a0, a0
    2170: 15 06        	addi	a2, a2, 5
    2172: 03 00 09 02  	lb	zero, 32(s2)
    2176: 00 01        	addi	s0, sp, 128
    2178: 03 81 7f 09  	lb	sp, 151(t6)
    217c: 0a 00        	c.slli	zero, 2
    217e: 01 05        	mv	a0, a0
    2180: 12 03        	slli	t1, t1, 4
    2182: ff 00 09 02  	<unknown>
    2186: 00 01        	addi	s0, sp, 128
    2188: 05 06        	addi	a2, a2, 1
    218a: 06 03        	slli	t1, t1, 1
    218c: 05 09        	addi	s2, s2, 1
    218e: 04 00        	<unknown>
    2190: 01 05        	mv	a0, a0
    2192: 05 06        	addi	a2, a2, 1
    2194: 03 00 09 04  	lb	zero, 64(s2)
    2198: 00 01        	addi	s0, sp, 128
    219a: 05 06        	addi	a2, a2, 1
    219c: 06 03        	slli	t1, t1, 1
    219e: 02 09        	c.slli64	s2
    21a0: 02 00        	c.slli64	zero
    21a2: 01 06        	mv	a2, a2
    21a4: 03 fa 7e 09  	<unknown>
    21a8: 04 00        	<unknown>
    21aa: 01 03        	mv	t1, t1
    21ac: 86 01        	slli	gp, gp, 1
    21ae: 09 02        	addi	tp, tp, 2
    21b0: 00 01        	addi	s0, sp, 128
    21b2: 05 22        	addiw	tp, tp, 1
    21b4: 03 00 09 06  	lb	zero, 96(s2)
    21b8: 00 01        	addi	s0, sp, 128
    21ba: 05 00        	c.nop	1
    21bc: 03 00 09 04  	lb	zero, 64(s2)
    21c0: 00 01        	addi	s0, sp, 128
    21c2: 05 1f        	addi	t5, t5, -31
    21c4: 03 00 09 02  	lb	zero, 32(s2)
    21c8: 00 01        	addi	s0, sp, 128
    21ca: 05 13        	addi	t1, t1, -31
    21cc: 03 00 09 02  	lb	zero, 32(s2)
    21d0: 00 01        	addi	s0, sp, 128
    21d2: 05 06        	addi	a2, a2, 1
    21d4: 03 00 09 02  	lb	zero, 32(s2)
    21d8: 00 01        	addi	s0, sp, 128
    21da: 05 09        	addi	s2, s2, 1
    21dc: 06 03        	slli	t1, t1, 1
    21de: 01 09        	mv	s2, s2
    21e0: 04 00        	<unknown>
    21e2: 01 06        	mv	a2, a2
    21e4: 03 f9 7e 09  	<unknown>
    21e8: 02 00        	c.slli64	zero
    21ea: 01 05        	mv	a0, a0
    21ec: 0b 06 03 88  	<unknown>
    21f0: 01 09        	mv	s2, s2
    21f2: 04 00        	<unknown>
    21f4: 01 05        	mv	a0, a0
    21f6: 03 06 03 00  	lb	a2, 0(t1)
    21fa: 09 02        	addi	tp, tp, 2
    21fc: 00 01        	addi	s0, sp, 128
    21fe: 06 03        	slli	t1, t1, 1
    2200: 02 09        	c.slli64	s2
    2202: 06 00        	c.slli	zero, 1
    2204: 01 05        	mv	a0, a0
    2206: 07 03 03 09  	vlse8.v	v6, (t1), a6, v0.t
    220a: 06 00        	c.slli	zero, 1
    220c: 01 05        	mv	a0, a0
    220e: 0c 06        	addi	a1, sp, 768
    2210: 03 00 09 06  	lb	zero, 96(s2)
    2214: 00 01        	addi	s0, sp, 128
    2216: 05 03        	addi	t1, t1, 1
    2218: 06 03        	slli	t1, t1, 1
    221a: 7d 09        	addi	s2, s2, 31
    221c: 04 00        	<unknown>
    221e: 01 06        	mv	a2, a2
    2220: 03 f6 7e 09  	<unknown>
    2224: 06 00        	c.slli	zero, 1
    2226: 01 05        	mv	a0, a0
    2228: 00 03        	addi	s0, sp, 384
    222a: 8a 01        	slli	gp, gp, 2
    222c: 09 02        	addi	tp, tp, 2
    222e: 00 01        	addi	s0, sp, 128
    2230: 05 21        	addiw	sp, sp, 1
    2232: 06 03        	slli	t1, t1, 1
    2234: 01 09        	mv	s2, s2
    2236: 02 00        	c.slli64	zero
    2238: 01 05        	mv	a0, a0
    223a: 19 06        	addi	a2, a2, 6
    223c: 03 00 09 04  	lb	zero, 64(s2)
    2240: 00 01        	addi	s0, sp, 128
    2242: 05 0b        	addi	s6, s6, 1
    2244: 03 00 09 06  	lb	zero, 96(s2)
    2248: 00 01        	addi	s0, sp, 128
    224a: 05 11        	addi	sp, sp, -31
    224c: 03 00 09 02  	lb	zero, 32(s2)
    2250: 00 01        	addi	s0, sp, 128
    2252: 05 07        	addi	a4, a4, 1
    2254: 03 00 09 04  	lb	zero, 64(s2)
    2258: 00 01        	addi	s0, sp, 128
    225a: 05 0f        	addi	t5, t5, 1
    225c: 03 00 09 04  	lb	zero, 64(s2)
    2260: 00 01        	addi	s0, sp, 128
    2262: 03 f5 7e 09  	<unknown>
    2266: 04 00        	<unknown>
    2268: 01 05        	mv	a0, a0
    226a: 07 06 03 8c  	vloxseg5ei8.v	v12, (t1), v0, v0.t
    226e: 01 09        	mv	s2, s2
    2270: 04 00        	<unknown>
    2272: 01 06        	mv	a2, a2
    2274: 03 f4 7e 09  	<unknown>
    2278: 04 00        	<unknown>
    227a: 01 05        	mv	a0, a0
    227c: 27 03 8c 01  	<unknown>
    2280: 09 0e        	addi	t3, t3, 2
    2282: 00 01        	addi	s0, sp, 128
    2284: 05 2c        	addiw	s8, s8, 1
    2286: 03 00 09 04  	lb	zero, 64(s2)
    228a: 00 01        	addi	s0, sp, 128
    228c: 05 24        	addiw	s0, s0, 1
    228e: 03 00 09 04  	lb	zero, 64(s2)
    2292: 00 01        	addi	s0, sp, 128
    2294: 05 17        	addi	a4, a4, -31
    2296: 03 00 09 04  	lb	zero, 64(s2)
    229a: 00 01        	addi	s0, sp, 128
    229c: 05 07        	addi	a4, a4, 1
    229e: 03 00 09 06  	lb	zero, 96(s2)
    22a2: 00 01        	addi	s0, sp, 128
    22a4: 03 f4 7e 09  	<unknown>
    22a8: 04 00        	<unknown>
    22aa: 01 05        	mv	a0, a0
    22ac: 14 06        	addi	a3, sp, 768
    22ae: 03 99 01 09  	lh	s2, 144(gp)
    22b2: 02 00        	c.slli64	zero
    22b4: 01 05        	mv	a0, a0
    22b6: 0a 06        	slli	a2, a2, 2
    22b8: 03 00 09 04  	lb	zero, 64(s2)
    22bc: 00 01        	addi	s0, sp, 128
    22be: 03 e7 7e 09  	lwu	a4, 151(t4)
    22c2: 0c 00        	<unknown>
    22c4: 01 06        	mv	a2, a2
    22c6: 03 9a 01 09  	lh	s4, 144(gp)
    22ca: 0c 00        	<unknown>
    22cc: 01 05        	mv	a0, a0
    22ce: 09 06        	addi	a2, a2, 2
    22d0: 03 00 09 04  	lb	zero, 64(s2)
    22d4: 00 01        	addi	s0, sp, 128
    22d6: 05 16        	addi	a2, a2, -31
    22d8: 06 03        	slli	t1, t1, 1
    22da: 05 09        	addi	s2, s2, 1
    22dc: 02 00        	c.slli64	zero
    22de: 01 05        	mv	a0, a0
    22e0: 0d 06        	addi	a2, a2, 3
    22e2: 03 00 09 06  	lb	zero, 96(s2)
    22e6: 00 01        	addi	s0, sp, 128
    22e8: 05 21        	addiw	sp, sp, 1
    22ea: 06 03        	slli	t1, t1, 1
    22ec: 7c 09        	addi	a5, sp, 156
    22ee: 04 00        	<unknown>
    22f0: 01 05        	mv	a0, a0
    22f2: 10 06        	addi	a2, sp, 768
    22f4: 03 00 09 04  	lb	zero, 64(s2)
    22f8: 00 01        	addi	s0, sp, 128
    22fa: 05 08        	addi	a6, a6, 1
    22fc: 03 00 09 04  	lb	zero, 64(s2)
    2300: 00 01        	addi	s0, sp, 128
    2302: 05 19        	addi	s2, s2, -31
    2304: 06 03        	slli	t1, t1, 1
    2306: 01 09        	mv	s2, s2
    2308: 04 00        	<unknown>
    230a: 01 05        	mv	a0, a0
    230c: 0c 06        	addi	a1, sp, 768
    230e: 03 00 09 04  	lb	zero, 64(s2)
    2312: 00 01        	addi	s0, sp, 128
    2314: 05 03        	addi	t1, t1, 1
    2316: 03 00 09 06  	lb	zero, 96(s2)
    231a: 00 01        	addi	s0, sp, 128
    231c: 05 0a        	addi	s4, s4, 1
    231e: 03 00 09 02  	lb	zero, 32(s2)
    2322: 00 01        	addi	s0, sp, 128
    2324: 05 06        	addi	a2, a2, 1
    2326: 06 03        	slli	t1, t1, 1
    2328: 01 09        	mv	s2, s2
    232a: 04 00        	<unknown>
    232c: 01 05        	mv	a0, a0
    232e: 0f 06 03 00  	<unknown>
    2332: 09 02        	addi	tp, tp, 2
    2334: 00 01        	addi	s0, sp, 128
    2336: 05 03        	addi	t1, t1, 1
    2338: 06 03        	slli	t1, t1, 1
    233a: 01 09        	mv	s2, s2
    233c: 02 00        	c.slli64	zero
    233e: 01 05        	mv	a0, a0
    2340: 00 06        	addi	s0, sp, 768
    2342: 03 e2 7e 09  	lwu	tp, 151(t4)
    2346: 06 00        	c.slli	zero, 1
    2348: 01 05        	mv	a0, a0
    234a: 06 06        	slli	a2, a2, 1
    234c: 03 97 01 09  	lh	a4, 144(gp)
    2350: 06 00        	c.slli	zero, 1
    2352: 01 06        	mv	a2, a2
    2354: 03 e9 7e 09  	lwu	s2, 151(t4)
    2358: 04 00        	<unknown>
    235a: 01 03        	mv	t1, t1
    235c: 97 01 09 02  	auipc	gp, 8336
    2360: 00 01        	addi	s0, sp, 128
    2362: 05 0c        	addi	s8, s8, 1
    2364: 03 00 09 04  	lb	zero, 64(s2)
    2368: 00 01        	addi	s0, sp, 128
    236a: 05 00        	c.nop	1
    236c: 03 e9 7e 09  	lwu	s2, 151(t4)
    2370: 02 00        	c.slli64	zero
    2372: 01 05        	mv	a0, a0
    2374: 06 03        	slli	t1, t1, 1
    2376: 97 01 09 02  	auipc	gp, 8336
    237a: 00 01        	addi	s0, sp, 128
    237c: 03 e9 7e 09  	lwu	s2, 151(t4)
    2380: 06 00        	c.slli	zero, 1
    2382: 01 05        	mv	a0, a0
    2384: 07 06 03 a3  	vlseg6e8ff.v	v12, (t1)
    2388: 01 09        	mv	s2, s2
    238a: 0c 00        	<unknown>
    238c: 01 05        	mv	a0, a0
    238e: 02 03        	c.slli64	t1
    2390: 01 09        	mv	s2, s2
    2392: 0a 00        	c.slli	zero, 2
    2394: 01 05        	mv	a0, a0
    2396: 17 03 01 09  	auipc	t1, 36880
    239a: 14 00        	<unknown>
    239c: 01 05        	mv	a0, a0
    239e: 10 06        	addi	a2, sp, 768
    23a0: 03 00 09 02  	lb	zero, 32(s2)
    23a4: 00 01        	addi	s0, sp, 128
    23a6: 05 0f        	addi	t5, t5, 1
    23a8: 03 00 09 04  	lb	zero, 64(s2)
    23ac: 00 01        	addi	s0, sp, 128
    23ae: 05 0b        	addi	s6, s6, 1
    23b0: 03 00 09 04  	lb	zero, 64(s2)
    23b4: 00 01        	addi	s0, sp, 128
    23b6: 05 20        	<unknown>
    23b8: 03 00 09 04  	lb	zero, 64(s2)
    23bc: 00 01        	addi	s0, sp, 128
    23be: 05 0c        	addi	s8, s8, 1
    23c0: 06 03        	slli	t1, t1, 1
    23c2: 7f 09 04 00  	<unknown>
    23c6: 01 05        	mv	a0, a0
    23c8: 02 06        	c.slli64	a2
    23ca: 03 00 09 06  	lb	zero, 96(s2)
    23ce: 00 01        	addi	s0, sp, 128
    23d0: 06 03        	slli	t1, t1, 1
    23d2: 05 09        	addi	s2, s2, 1
    23d4: 02 00        	c.slli64	zero
    23d6: 01 06        	mv	a2, a2
    23d8: 03 d7 7e 09  	lhu	a4, 151(t4)
    23dc: 04 00        	<unknown>
    23de: 01 03        	mv	t1, t1
    23e0: a9 01        	addi	gp, gp, 10
    23e2: 09 02        	addi	tp, tp, 2
    23e4: 00 01        	addi	s0, sp, 128
    23e6: 03 d7 7e 09  	lhu	a4, 151(t4)
    23ea: 22 00        	c.slli	zero, 8
    23ec: 01 05        	mv	a0, a0
    23ee: 2f 06 03 aa  	<unknown>
    23f2: 01 09        	mv	s2, s2
    23f4: 1e 00        	c.slli	zero, 7
    23f6: 01 05        	mv	a0, a0
    23f8: 37 06 03 00  	lui	a2, 48
    23fc: 09 04        	addi	s0, s0, 2
    23fe: 00 01        	addi	s0, sp, 128
    2400: 05 2c        	addiw	s8, s8, 1
    2402: 03 00 09 04  	lb	zero, 64(s2)
    2406: 00 01        	addi	s0, sp, 128
    2408: 05 1a        	addi	s4, s4, -31
    240a: 03 00 09 04  	lb	zero, 64(s2)
    240e: 00 01        	addi	s0, sp, 128
    2410: 05 06        	addi	a2, a2, 1
    2412: 06 03        	slli	t1, t1, 1
    2414: 01 09        	mv	s2, s2
    2416: 08 00        	<unknown>
    2418: 01 05        	mv	a0, a0
    241a: 0f 06 03 00  	<unknown>
    241e: 09 04        	addi	s0, s0, 2
    2420: 00 01        	addi	s0, sp, 128
    2422: 05 11        	addi	sp, sp, -31
    2424: 06 03        	slli	t1, t1, 1
    2426: 7e 09        	slli	s2, s2, 31
    2428: 04 00        	<unknown>
    242a: 01 05        	mv	a0, a0
    242c: 02 06        	c.slli64	a2
    242e: 03 00 09 02  	lb	zero, 32(s2)
    2432: 00 01        	addi	s0, sp, 128
    2434: 03 d7 7e 09  	lhu	a4, 151(t4)
    2438: 0a 00        	c.slli	zero, 2
    243a: 01 06        	mv	a2, a2
    243c: 03 af 01 09  	lw	t5, 144(gp)
    2440: 02 00        	c.slli64	zero
    2442: 01 06        	mv	a2, a2
    2444: 03 d1 7e 09  	lhu	sp, 151(t4)
    2448: 0e 00        	c.slli	zero, 3
    244a: 01 03        	mv	t1, t1
    244c: af 01 09 02  	<unknown>
    2450: 00 01        	addi	s0, sp, 128
    2452: 03 d1 7e 09  	lhu	sp, 151(t4)
    2456: 04 00        	<unknown>
    2458: 01 05        	mv	a0, a0
    245a: 03 06 03 bf  	lb	a2, -1040(t1)
    245e: 01 09        	mv	s2, s2
    2460: 04 00        	<unknown>
    2462: 01 05        	mv	a0, a0
    2464: 11 03        	addi	t1, t1, 4
    2466: 01 09        	mv	s2, s2
    2468: 18 00        	<unknown>
    246a: 01 05        	mv	a0, a0
    246c: 19 06        	addi	a2, a2, 6
    246e: 03 00 09 0c  	lb	zero, 192(s2)
    2472: 00 01        	addi	s0, sp, 128
    2474: 05 18        	addi	a6, a6, -31
    2476: 03 00 09 04  	lb	zero, 64(s2)
    247a: 00 01        	addi	s0, sp, 128
    247c: 06 03        	slli	t1, t1, 1
    247e: 01 09        	mv	s2, s2
    2480: 04 00        	<unknown>
    2482: 01 05        	mv	a0, a0
    2484: 0e 06        	slli	a2, a2, 3
    2486: 03 00 09 04  	lb	zero, 64(s2)
    248a: 00 01        	addi	s0, sp, 128
    248c: 05 0f        	addi	t5, t5, 1
    248e: 06 03        	slli	t1, t1, 1
    2490: 01 09        	mv	s2, s2
    2492: 08 00        	<unknown>
    2494: 01 05        	mv	a0, a0
    2496: 0e 03        	slli	t1, t1, 3
    2498: 7d 09        	addi	s2, s2, 31
    249a: 04 00        	<unknown>
    249c: 01 05        	mv	a0, a0
    249e: 03 06 03 00  	lb	a2, 0(t1)
    24a2: 09 06        	addi	a2, a2, 2
    24a4: 00 01        	addi	s0, sp, 128
    24a6: 03 c1 7e 09  	lbu	sp, 151(t4)
    24aa: 04 00        	<unknown>
    24ac: 01 06        	mv	a2, a2
    24ae: 03 c4 01 09  	lbu	s0, 144(gp)
    24b2: 06 00        	c.slli	zero, 1
    24b4: 01 05        	mv	a0, a0
    24b6: 11 03        	addi	t1, t1, 4
    24b8: 01 09        	mv	s2, s2
    24ba: 0e 00        	c.slli	zero, 3
    24bc: 01 05        	mv	a0, a0
    24be: 19 06        	addi	a2, a2, 6
    24c0: 03 00 09 0c  	lb	zero, 192(s2)
    24c4: 00 01        	addi	s0, sp, 128
    24c6: 05 18        	addi	a6, a6, -31
    24c8: 03 00 09 04  	lb	zero, 64(s2)
    24cc: 00 01        	addi	s0, sp, 128
    24ce: 06 03        	slli	t1, t1, 1
    24d0: 01 09        	mv	s2, s2
    24d2: 04 00        	<unknown>
    24d4: 01 05        	mv	a0, a0
    24d6: 0e 06        	slli	a2, a2, 3
    24d8: 03 00 09 04  	lb	zero, 64(s2)
    24dc: 00 01        	addi	s0, sp, 128
    24de: 05 0f        	addi	t5, t5, 1
    24e0: 06 03        	slli	t1, t1, 1
    24e2: 01 09        	mv	s2, s2
    24e4: 08 00        	<unknown>
    24e6: 01 05        	mv	a0, a0
    24e8: 0e 03        	slli	t1, t1, 3
    24ea: 7d 09        	addi	s2, s2, 31
    24ec: 04 00        	<unknown>
    24ee: 01 06        	mv	a2, a2
    24f0: 03 bc 7e 09  	ld	s8, 151(t4)
    24f4: 0a 00        	c.slli	zero, 2
    24f6: 01 05        	mv	a0, a0
    24f8: 03 06 03 c9  	lb	a2, -880(t1)
    24fc: 01 09        	mv	s2, s2
    24fe: 06 00        	c.slli	zero, 1
    2500: 01 06        	mv	a2, a2
    2502: 03 b7 7e 09  	ld	a4, 151(t4)
    2506: 02 00        	c.slli64	zero
    2508: 01 03        	mv	t1, t1
    250a: c9 01        	addi	gp, gp, 18
    250c: 09 02        	addi	tp, tp, 2
    250e: 00 01        	addi	s0, sp, 128
    2510: 05 24        	addiw	s0, s0, 1
    2512: 03 00 09 06  	lb	zero, 96(s2)
    2516: 00 01        	addi	s0, sp, 128
    2518: 05 21        	addiw	sp, sp, 1
    251a: 03 00 09 04  	lb	zero, 64(s2)
    251e: 00 01        	addi	s0, sp, 128
    2520: 05 15        	addi	a0, a0, -31
    2522: 03 00 09 04  	lb	zero, 64(s2)
    2526: 00 01        	addi	s0, sp, 128
    2528: 05 00        	c.nop	1
    252a: 03 b7 7e 09  	ld	a4, 151(t4)
    252e: 08 00        	<unknown>
    2530: 01 05        	mv	a0, a0
    2532: 0e 06        	slli	a2, a2, 3
    2534: 03 cd 01 09  	lbu	s10, 144(gp)
    2538: 08 00        	<unknown>
    253a: 01 05        	mv	a0, a0
    253c: 0c 06        	addi	a1, sp, 768
    253e: 03 00 09 06  	lb	zero, 96(s2)
    2542: 00 01        	addi	s0, sp, 128
    2544: 05 1e        	addi	t3, t3, -31
    2546: 03 00 09 04  	lb	zero, 64(s2)
    254a: 00 01        	addi	s0, sp, 128
    254c: 05 1d        	addi	s10, s10, -31
    254e: 03 00 09 04  	lb	zero, 64(s2)
    2552: 00 01        	addi	s0, sp, 128
    2554: 05 1b        	addi	s6, s6, -31
    2556: 03 00 09 04  	lb	zero, 64(s2)
    255a: 00 01        	addi	s0, sp, 128
    255c: 05 2c        	addiw	s8, s8, 1
    255e: 03 00 09 04  	lb	zero, 64(s2)
    2562: 00 01        	addi	s0, sp, 128
    2564: 05 03        	addi	t1, t1, 1
    2566: 06 03        	slli	t1, t1, 1
    2568: 6b 09 06 00  	<unknown>
    256c: 01 05        	mv	a0, a0
    256e: 1d 06        	addi	a2, a2, 7
    2570: 03 00 09 16  	lb	zero, 352(s2)
    2574: 00 01        	addi	s0, sp, 128
    2576: 05 1a        	addi	s4, s4, -31
    2578: 03 00 09 04  	lb	zero, 64(s2)
    257c: 00 01        	addi	s0, sp, 128
    257e: 05 0e        	addi	t3, t3, 1
    2580: 03 00 09 04  	lb	zero, 64(s2)
    2584: 00 01        	addi	s0, sp, 128
    2586: 05 03        	addi	t1, t1, 1
    2588: 03 00 09 04  	lb	zero, 64(s2)
    258c: 00 01        	addi	s0, sp, 128
    258e: 03 c8 7e 09  	lbu	a6, 151(t4)
    2592: 02 00        	c.slli64	zero
    2594: 01 05        	mv	a0, a0
    2596: 0a 06        	slli	a2, a2, 2
    2598: 03 b9 01 09  	ld	s2, 144(gp)
    259c: 04 00        	<unknown>
    259e: 01 06        	mv	a2, a2
    25a0: 03 c7 7e 09  	lbu	a4, 151(t4)
    25a4: 04 00        	<unknown>
    25a6: 01 05        	mv	a0, a0
    25a8: 08 03        	addi	a0, sp, 384
    25aa: b9 01        	addi	gp, gp, 14
    25ac: 09 04        	addi	s0, s0, 2
    25ae: 00 01        	addi	s0, sp, 128
    25b0: 06 03        	slli	t1, t1, 1
    25b2: 01 09        	mv	s2, s2
    25b4: 04 00        	<unknown>
    25b6: 01 05        	mv	a0, a0
    25b8: 0d 06        	addi	a2, a2, 3
    25ba: 03 00 09 04  	lb	zero, 64(s2)
    25be: 00 01        	addi	s0, sp, 128
    25c0: 05 03        	addi	t1, t1, 1
    25c2: 06 03        	slli	t1, t1, 1
    25c4: 01 09        	mv	s2, s2
    25c6: 04 00        	<unknown>
    25c8: 01 05        	mv	a0, a0
    25ca: 0d 06        	addi	a2, a2, 3
    25cc: 03 00 09 06  	lb	zero, 96(s2)
    25d0: 00 01        	addi	s0, sp, 128
    25d2: 05 03        	addi	t1, t1, 1
    25d4: 03 00 09 06  	lb	zero, 96(s2)
    25d8: 00 01        	addi	s0, sp, 128
    25da: 05 1d        	addi	s10, s10, -31
    25dc: 03 00 09 04  	lb	zero, 64(s2)
    25e0: 00 01        	addi	s0, sp, 128
    25e2: 05 1a        	addi	s4, s4, -31
    25e4: 03 00 09 04  	lb	zero, 64(s2)
    25e8: 00 01        	addi	s0, sp, 128
    25ea: 05 0d        	addi	s10, s10, 1
    25ec: 03 00 09 04  	lb	zero, 64(s2)
    25f0: 00 01        	addi	s0, sp, 128
    25f2: 05 03        	addi	t1, t1, 1
    25f4: 03 00 09 04  	lb	zero, 64(s2)
    25f8: 00 01        	addi	s0, sp, 128
    25fa: 05 0a        	addi	s4, s4, 1
    25fc: 06 03        	slli	t1, t1, 1
    25fe: 01 09        	mv	s2, s2
    2600: 02 00        	c.slli64	zero
    2602: 01 06        	mv	a2, a2
    2604: 03 c4 7e 09  	lbu	s0, 151(t4)
    2608: 04 00        	<unknown>
    260a: 01 05        	mv	a0, a0
    260c: 08 03        	addi	a0, sp, 384
    260e: bc 01        	addi	a5, sp, 200
    2610: 09 04        	addi	s0, s0, 2
    2612: 00 01        	addi	s0, sp, 128
    2614: 05 03        	addi	t1, t1, 1
    2616: 06 03        	slli	t1, t1, 1
    2618: 76 09        	slli	s2, s2, 29
    261a: 06 00        	c.slli	zero, 1
    261c: 01 05        	mv	a0, a0
    261e: 1d 06        	addi	a2, a2, 7
    2620: 03 00 09 14  	lb	zero, 320(s2)
    2624: 00 01        	addi	s0, sp, 128
    2626: 05 1a        	addi	s4, s4, -31
    2628: 03 00 09 04  	lb	zero, 64(s2)
    262c: 00 01        	addi	s0, sp, 128
    262e: 05 0e        	addi	t3, t3, 1
    2630: 03 00 09 04  	lb	zero, 64(s2)
    2634: 00 01        	addi	s0, sp, 128
    2636: 05 03        	addi	t1, t1, 1
    2638: 03 00 09 04  	lb	zero, 64(s2)
    263c: 00 01        	addi	s0, sp, 128
    263e: 03 ce 7e 09  	lbu	t3, 151(t4)
    2642: 02 00        	c.slli64	zero
    2644: 01 05        	mv	a0, a0
    2646: 0a 06        	slli	a2, a2, 2
    2648: 03 b3 01 09  	ld	t1, 144(gp)
    264c: 02 00        	c.slli64	zero
    264e: 01 06        	mv	a2, a2
    2650: 03 cd 7e 09  	lbu	s10, 151(t4)
    2654: 04 00        	<unknown>
    2656: 01 05        	mv	a0, a0
    2658: 08 03        	addi	a0, sp, 384
    265a: b3 01 09 04  	<unknown>
    265e: 00 01        	addi	s0, sp, 128
    2660: 03 cd 7e 09  	lbu	s10, 151(t4)
    2664: 06 00        	c.slli	zero, 1
    2666: 01 05        	mv	a0, a0
    2668: 0a 06        	slli	a2, a2, 2
    266a: 03 b9 01 09  	ld	s2, 144(gp)
    266e: 0a 00        	c.slli	zero, 2
    2670: 01 06        	mv	a2, a2
    2672: 03 c7 7e 09  	lbu	a4, 151(t4)
    2676: 06 00        	c.slli	zero, 1
    2678: 01 05        	mv	a0, a0
    267a: 0c 06        	addi	a1, sp, 768
    267c: 03 cb 01 09  	lbu	s6, 144(gp)
    2680: 02 00        	c.slli64	zero
    2682: 01 05        	mv	a0, a0
    2684: 1e 06        	slli	a2, a2, 7
    2686: 03 00 09 04  	lb	zero, 64(s2)
    268a: 00 01        	addi	s0, sp, 128
    268c: 05 1b        	addi	s6, s6, -31
    268e: 03 00 09 04  	lb	zero, 64(s2)
    2692: 00 01        	addi	s0, sp, 128
    2694: 05 00        	c.nop	1
    2696: 03 b5 7e 09  	ld	a0, 151(t4)
    269a: 04 00        	<unknown>
    269c: 01 05        	mv	a0, a0
    269e: 02 06        	c.slli64	a2
    26a0: 03 d0 01 09  	lhu	zero, 144(gp)
    26a4: 04 00        	<unknown>
    26a6: 01 06        	mv	a2, a2
    26a8: 03 b0 7e 09  	ld	zero, 151(t4)
    26ac: 30 00        	addi	a2, sp, 8
    26ae: 01 05        	mv	a0, a0
    26b0: 0a 06        	slli	a2, a2, 2
    26b2: 03 b3 01 09  	ld	t1, 144(gp)
    26b6: 06 00        	c.slli	zero, 1
    26b8: 01 09        	mv	s2, s2
    26ba: 06 00        	c.slli	zero, 1
    26bc: 00 01        	addi	s0, sp, 128
    26be: 01 79        	lui	s2, 1048544
    26c0: 01 00        	nop
    26c2: 00 05        	addi	s0, sp, 640
    26c4: 00 08        	addi	s0, sp, 16
    26c6: 00 69        	ld	s0, 16(a0)
    26c8: 00 00        	unimp	
    26ca: 00 01        	addi	s0, sp, 128
    26cc: 01 01        	mv	sp, sp
    26ce: fb 0e 0d 00  	<unknown>
    26d2: 01 01        	mv	sp, sp
    26d4: 01 01        	mv	sp, sp
    26d6: 00 00        	unimp	
    26d8: 00 01        	addi	s0, sp, 128
    26da: 00 00        	unimp	
    26dc: 01 01        	mv	sp, sp
    26de: 01 1f        	addi	t5, t5, -32
    26e0: 03 9a 01 00  	lh	s4, 0(gp)
    26e4: 00 28        	fld	fs0, 16(s0)
    26e6: 00 00        	unimp	
    26e8: 00 5b        	lw	s0, 48(a4)
    26ea: 02 00        	c.slli64	zero
    26ec: 00 03        	addi	s0, sp, 384
    26ee: 01 1f        	addi	t5, t5, -32
    26f0: 02 0f        	c.slli64	t5
    26f2: 05 1e        	addi	t3, t3, -31
    26f4: 03 e8 01 00  	lwu	a6, 0(gp)
    26f8: 00 00        	unimp	
    26fa: be 47        	lw	a5, 204(sp)
    26fc: e0 df        	sw	s0, 124(a5)
    26fe: 1f 79 cb 7c  	<unknown>
    2702: 63 3d 47 55  	<unknown>
    2706: 41 1d        	addi	s10, s10, -16
    2708: af 16 2f 02  	<unknown>
    270c: 00 00        	unimp	
    270e: 01 3c        	addiw	s8, s8, -32
    2710: e8 54        	lw	a0, 108(s1)
    2712: 64 ab        	fsd	fs1, 208(a4)
    2714: 1c 64        	ld	a5, 8(s0)
    2716: 21 7b        	lui	s6, 1048552
    2718: 0f 85 ca b8  	<unknown>
    271c: 70 95        	<unknown>
    271e: 9d 3b        	addiw	s7, s7, -25
    2720: 03 00 00 02  	lb	zero, 32(zero)
    2724: f7 02 4d 06  	<unknown>
    2728: 82 a9        	fsd	ft0, 208(sp)
    272a: 18 b4        	fsd	fa4, 40(s0)
    272c: 1f 94 e8 be  	<unknown>
    2730: 9c d9        	sw	a5, 48(a1)
    2732: 04 61        	ld	s1, 0(a0)
    2734: 04 00        	<unknown>
    2736: 00 09        	addi	s0, sp, 144
    2738: 02 00        	c.slli64	zero
    273a: 00 00        	unimp	
    273c: 00 00        	unimp	
    273e: 00 00        	unimp	
    2740: 00 03        	addi	s0, sp, 384
    2742: 26 01        	slli	sp, sp, 9
    2744: 05 02        	addi	tp, tp, 1
    2746: 0a 03        	slli	t1, t1, 2
    2748: 03 09 00 00  	lb	s2, 0(zero)
    274c: 01 05        	mv	a0, a0
    274e: 0a 03        	slli	t1, t1, 2
    2750: 01 09        	mv	s2, s2
    2752: 04 00        	<unknown>
    2754: 01 05        	mv	a0, a0
    2756: 07 03 02 09  	vlse8.v	v6, (tp), a6, v0.t
    275a: 06 00        	c.slli	zero, 1
    275c: 01 05        	mv	a0, a0
    275e: 0a 03        	slli	t1, t1, 2
    2760: 7f 09 08 00  	<unknown>
    2764: 01 05        	mv	a0, a0
    2766: 05 03        	addi	t1, t1, 1
    2768: 01 09        	mv	s2, s2
    276a: 04 00        	<unknown>
    276c: 01 06        	mv	a2, a2
    276e: 03 53 09 04  	lhu	t1, 64(s2)
    2772: 00 01        	addi	s0, sp, 128
    2774: 05 09        	addi	s2, s2, 1
    2776: 06 03        	slli	t1, t1, 1
    2778: 2e 09        	slli	s2, s2, 11
    277a: 04 00        	<unknown>
    277c: 01 06        	mv	a2, a2
    277e: 03 52 09 04  	lhu	tp, 64(s2)
    2782: 00 01        	addi	s0, sp, 128
    2784: 05 0a        	addi	s4, s4, 1
    2786: 06 03        	slli	t1, t1, 1
    2788: 2f 09 0c 00  	<unknown>
    278c: 01 05        	mv	a0, a0
    278e: 0c 06        	addi	a1, sp, 768
    2790: 03 00 09 08  	lb	zero, 128(s2)
    2794: 00 01        	addi	s0, sp, 128
    2796: 05 06        	addi	a2, a2, 1
    2798: 03 00 09 04  	lb	zero, 64(s2)
    279c: 00 01        	addi	s0, sp, 128
    279e: 05 0a        	addi	s4, s4, 1
    27a0: 06 03        	slli	t1, t1, 1
    27a2: 01 09        	mv	s2, s2
    27a4: 02 00        	c.slli64	zero
    27a6: 01 05        	mv	a0, a0
    27a8: 0f 03 01 09  	<unknown>
    27ac: 04 00        	<unknown>
    27ae: 01 06        	mv	a2, a2
    27b0: 03 4f 09 02  	lbu	t5, 32(s2)
    27b4: 00 01        	addi	s0, sp, 128
    27b6: 05 01        	addi	sp, sp, 1
    27b8: 06 03        	slli	t1, t1, 1
    27ba: c2 00        	slli	ra, ra, 16
    27bc: 09 0c        	addi	s8, s8, 2
    27be: 00 01        	addi	s0, sp, 128
    27c0: 06 03        	slli	t1, t1, 1
    27c2: be 7f        	ld	t6, 488(sp)
    27c4: 09 02        	addi	tp, tp, 2
    27c6: 00 01        	addi	s0, sp, 128
    27c8: 05 09        	addi	s2, s2, 1
    27ca: 06 03        	slli	t1, t1, 1
    27cc: 3d 09        	addi	s2, s2, 15
    27ce: 04 00        	<unknown>
    27d0: 01 06        	mv	a2, a2
    27d2: 03 43 09 04  	lbu	t1, 64(s2)
    27d6: 00 01        	addi	s0, sp, 128
    27d8: 05 0c        	addi	s8, s8, 1
    27da: 06 03        	slli	t1, t1, 1
    27dc: 36 09        	slli	s2, s2, 13
    27de: 0a 00        	c.slli	zero, 2
    27e0: 01 05        	mv	a0, a0
    27e2: 06 06        	slli	a2, a2, 1
    27e4: 03 00 09 24  	lb	zero, 576(s2)
    27e8: 00 01        	addi	s0, sp, 128
    27ea: 05 0a        	addi	s4, s4, 1
    27ec: 06 03        	slli	t1, t1, 1
    27ee: 02 09        	c.slli64	s2
    27f0: 08 00        	<unknown>
    27f2: 01 06        	mv	a2, a2
    27f4: 03 48 09 04  	lbu	a6, 64(s2)
    27f8: 00 01        	addi	s0, sp, 128
    27fa: 05 0e        	addi	t3, t3, 1
    27fc: 06 03        	slli	t1, t1, 1
    27fe: 39 09        	addi	s2, s2, 14
    2800: 0e 00        	c.slli	zero, 3
    2802: 01 05        	mv	a0, a0
    2804: 0a 06        	slli	a2, a2, 2
    2806: 03 00 09 04  	lb	zero, 64(s2)
    280a: 00 01        	addi	s0, sp, 128
    280c: 05 02        	addi	tp, tp, 1
    280e: 06 03        	slli	t1, t1, 1
    2810: 07 09 02 00  	vle8.v	v18, (tp), v0.t
    2814: 01 05        	mv	a0, a0
    2816: 01 03        	mv	t1, t1
    2818: 02 09        	c.slli64	s2
    281a: 04 00        	<unknown>
    281c: 01 06        	mv	a2, a2
    281e: 03 be 7f 09  	ld	t3, 151(t6)
    2822: 08 00        	<unknown>
    2824: 01 05        	mv	a0, a0
    2826: 09 06        	addi	a2, a2, 2
    2828: 03 3d 09 08  	ld	s10, 128(s2)
    282c: 00 01        	addi	s0, sp, 128
    282e: 05 01        	addi	sp, sp, 1
    2830: 03 05 09 04  	lb	a0, 64(s2)
    2834: 00 01        	addi	s0, sp, 128
    2836: 09 06        	addi	a2, a2, 2
    2838: 00 00        	unimp	
    283a: 01 01        	mv	sp, sp
    283c: 82 01        	c.slli64	gp
    283e: 00 00        	unimp	
    2840: 05 00        	c.nop	1
    2842: 08 00        	<unknown>
    2844: 69 00        	c.nop	26
    2846: 00 00        	unimp	
    2848: 01 01        	mv	sp, sp
    284a: 01 fb        	bnez	a4, 0x275a <.debug_line+0x275a>
    284c: 0e 0d        	slli	s10, s10, 3
    284e: 00 01        	addi	s0, sp, 128
    2850: 01 01        	mv	sp, sp
    2852: 01 00        	nop
    2854: 00 00        	unimp	
    2856: 01 00        	nop
    2858: 00 01        	addi	s0, sp, 128
    285a: 01 01        	mv	sp, sp
    285c: 1f 03 9a 01  	<unknown>
    2860: 00 00        	unimp	
    2862: 28 00        	addi	a0, sp, 8
    2864: 00 00        	unimp	
    2866: 5b 02 00 00  	<unknown>
    286a: 03 01 1f 02  	lb	sp, 33(t5)
    286e: 0f 05 1e 03  	<unknown>
    2872: c5 02        	addi	t0, t0, 17
    2874: 00 00        	unimp	
    2876: 00 09        	addi	s0, sp, 144
    2878: 7d 19        	addi	s2, s2, -1
    287a: 22 20        	fld	ft0, 8(sp)
    287c: 2d 46        	li	a2, 11
    287e: a9 f3        	bnez	a5, 0x27c0 <.debug_line+0x27c0>
    2880: 8b c9 b1 b1  	<unknown>
    2884: 8a a7        	fsd	ft2, 456(sp)
    2886: 9c 2f        	fld	fa5, 24(a5)
    2888: 02 00        	c.slli64	zero
    288a: 00 01        	addi	s0, sp, 128
    288c: 3c e8        	sd	a5, 80(s0)
    288e: 54 64        	ld	a3, 136(s0)
    2890: ab 1c 64 21  	<unknown>
    2894: 7b 0f 85 ca  	<unknown>
    2898: b8 70        	ld	a4, 96(s1)
    289a: 95 9d        	subw	a1, a1, a3
    289c: 3b 03 00 00  	addw	t1, zero, zero
    28a0: 02 f7        	sd	zero, 424(sp)
    28a2: 02 4d        	lw	s10, 0(sp)
    28a4: 06 82        	mv	tp, ra
    28a6: a9 18        	addi	a7, a7, -22
    28a8: b4 1f        	addi	a3, sp, 1016
    28aa: 94 e8        	sd	a3, 16(s1)
    28ac: be 9c        	add	s9, s9, a5
    28ae: d9 04        	addi	s1, s1, 22
    28b0: 61 04        	addi	s0, s0, 24
    28b2: 00 00        	unimp	
    28b4: 09 02        	addi	tp, tp, 2
		...
    28be: 03 24 01 05  	lw	s0, 80(sp)
    28c2: 02 0a        	c.slli64	s4
    28c4: 03 03 09 00  	lb	t1, 0(s2)
    28c8: 00 01        	addi	s0, sp, 128
    28ca: 05 05        	addi	a0, a0, 1
    28cc: 03 01 09 04  	lb	sp, 64(s2)
    28d0: 00 01        	addi	s0, sp, 128
    28d2: 05 07        	addi	a4, a4, 1
    28d4: 03 01 09 02  	lb	sp, 32(s2)
    28d8: 00 01        	addi	s0, sp, 128
    28da: 05 05        	addi	a0, a0, 1
    28dc: 06 03        	slli	t1, t1, 1
    28de: 00 09        	addi	s0, sp, 144
    28e0: 10 00        	<unknown>
    28e2: 01 03        	mv	t1, t1
    28e4: 56 09        	slli	s2, s2, 21
    28e6: 0c 00        	<unknown>
    28e8: 01 05        	mv	a0, a0
    28ea: 01 06        	mv	a2, a2
    28ec: 03 3b 09 04  	ld	s6, 64(s2)
    28f0: 00 01        	addi	s0, sp, 128
    28f2: 06 03        	slli	t1, t1, 1
    28f4: 45 09        	addi	s2, s2, 17
    28f6: 02 00        	c.slli64	zero
    28f8: 01 05        	mv	a0, a0
    28fa: 08 06        	addi	a0, sp, 768
    28fc: 03 2d 09 24  	lw	s10, 576(s2)
    2900: 00 01        	addi	s0, sp, 128
    2902: 05 24        	addiw	s0, s0, 1
    2904: 03 01 09 04  	lb	sp, 64(s2)
    2908: 00 01        	addi	s0, sp, 128
    290a: 05 1e        	addi	t3, t3, -31
    290c: 06 03        	slli	t1, t1, 1
    290e: 00 09        	addi	s0, sp, 144
    2910: 04 00        	<unknown>
    2912: 01 05        	mv	a0, a0
    2914: 18 03        	addi	a4, sp, 384
    2916: 00 09        	addi	s0, sp, 144
    2918: 28 00        	addi	a0, sp, 8
    291a: 01 05        	mv	a0, a0
    291c: 12 03        	slli	t1, t1, 4
    291e: 00 09        	addi	s0, sp, 144
    2920: 04 00        	<unknown>
    2922: 01 05        	mv	a0, a0
    2924: 00 03        	addi	s0, sp, 384
    2926: 52 09        	slli	s2, s2, 20
    2928: 04 00        	<unknown>
    292a: 01 05        	mv	a0, a0
    292c: 0c 03        	addi	a1, sp, 384
    292e: 2e 09        	slli	s2, s2, 11
    2930: 02 00        	c.slli64	zero
    2932: 01 05        	mv	a0, a0
    2934: 08 03        	addi	a0, sp, 384
    2936: 00 09        	addi	s0, sp, 144
    2938: 0c 00        	<unknown>
    293a: 01 05        	mv	a0, a0
    293c: 05 06        	addi	a2, a2, 1
    293e: 03 01 09 04  	lb	sp, 64(s2)
    2942: 00 01        	addi	s0, sp, 128
    2944: 05 28        	addiw	a6, a6, 1
    2946: 03 01 09 04  	lb	sp, 64(s2)
    294a: 00 01        	addi	s0, sp, 128
    294c: 06 03        	slli	t1, t1, 1
    294e: 50 09        	addi	a2, sp, 148
    2950: 08 00        	<unknown>
    2952: 01 03        	mv	t1, t1
    2954: 30 09        	addi	a2, sp, 152
    2956: 0c 00        	<unknown>
    2958: 01 05        	mv	a0, a0
    295a: 21 03        	addi	t1, t1, 8
    295c: 00 09        	addi	s0, sp, 144
    295e: 08 00        	<unknown>
    2960: 01 05        	mv	a0, a0
    2962: 11 03        	addi	t1, t1, 4
    2964: 00 09        	addi	s0, sp, 144
    2966: 04 00        	<unknown>
    2968: 01 05        	mv	a0, a0
    296a: 01 06        	mv	a2, a2
    296c: 03 0b 09 04  	lb	s6, 64(s2)
    2970: 00 01        	addi	s0, sp, 128
    2972: 06 03        	slli	t1, t1, 1
    2974: 45 09        	addi	s2, s2, 17
    2976: 02 00        	c.slli64	zero
    2978: 01 05        	mv	a0, a0
    297a: 09 06        	addi	a2, a2, 2
    297c: 03 32 09 04  	ld	tp, 64(s2)
    2980: 00 01        	addi	s0, sp, 128
    2982: 06 03        	slli	t1, t1, 1
    2984: 4e 09        	slli	s2, s2, 19
    2986: 04 00        	<unknown>
    2988: 01 05        	mv	a0, a0
    298a: 17 06 03 37  	auipc	a2, 225328
    298e: 09 28        	addiw	a6, a6, 2
    2990: 00 01        	addi	s0, sp, 128
    2992: 05 0e        	addi	t3, t3, 1
    2994: 03 01 09 04  	lb	sp, 64(s2)
    2998: 00 01        	addi	s0, sp, 128
    299a: 05 1b        	addi	s6, s6, -31
    299c: 03 01 09 04  	lb	sp, 64(s2)
    29a0: 00 01        	addi	s0, sp, 128
    29a2: 05 15        	addi	a0, a0, -31
    29a4: 06 03        	slli	t1, t1, 1
    29a6: 00 09        	addi	s0, sp, 144
    29a8: 0c 00        	<unknown>
    29aa: 01 05        	mv	a0, a0
    29ac: 0f 03 00 09  	<unknown>
    29b0: 04 00        	<unknown>
    29b2: 01 05        	mv	a0, a0
    29b4: 01 06        	mv	a2, a2
    29b6: 03 02 09 04  	lb	tp, 64(s2)
    29ba: 00 01        	addi	s0, sp, 128
    29bc: 09 02        	addi	tp, tp, 2
    29be: 00 00        	unimp	
    29c0: 01 01        	mv	sp, sp
    29c2: a5 01        	addi	gp, gp, 9
    29c4: 00 00        	unimp	
    29c6: 05 00        	c.nop	1
    29c8: 08 00        	<unknown>
    29ca: 69 00        	c.nop	26
    29cc: 00 00        	unimp	
    29ce: 01 01        	mv	sp, sp
    29d0: 01 fb        	bnez	a4, 0x28e0 <.debug_line+0x28e0>
    29d2: 0e 0d        	slli	s10, s10, 3
    29d4: 00 01        	addi	s0, sp, 128
    29d6: 01 01        	mv	sp, sp
    29d8: 01 00        	nop
    29da: 00 00        	unimp	
    29dc: 01 00        	nop
    29de: 00 01        	addi	s0, sp, 128
    29e0: 01 01        	mv	sp, sp
    29e2: 1f 03 9a 01  	<unknown>
    29e6: 00 00        	unimp	
    29e8: 28 00        	addi	a0, sp, 8
    29ea: 00 00        	unimp	
    29ec: 5b 02 00 00  	<unknown>
    29f0: 03 01 1f 02  	lb	sp, 33(t5)
    29f4: 0f 05 1e 03  	<unknown>
    29f8: 27 01 00 00  	vse8.v	v2, (zero), v0.t
    29fc: 00 40        	lw	s0, 0(s0)
    29fe: 63 62 f1 0c  	bltu	sp, a5, 0x2ac2 <.debug_line+0x2ac2>
    2a02: a1 0f        	addi	t6, t6, 8
    2a04: f0 31        	fld	fa2, 224(a1)
    2a06: 95 9c        	subw	s1, s1, a3
    2a08: 40 e0        	sd	s0, 128(s0)
    2a0a: 2d 75        	lui	a0, 1048555
    2a0c: 27 2f 02 00  	fsw	ft0, 30(tp)
    2a10: 00 01        	addi	s0, sp, 128
    2a12: 3c e8        	sd	a5, 80(s0)
    2a14: 54 64        	ld	a3, 136(s0)
    2a16: ab 1c 64 21  	<unknown>
    2a1a: 7b 0f 85 ca  	<unknown>
    2a1e: b8 70        	ld	a4, 96(s1)
    2a20: 95 9d        	subw	a1, a1, a3
    2a22: 3b 03 00 00  	addw	t1, zero, zero
    2a26: 02 f7        	sd	zero, 424(sp)
    2a28: 02 4d        	lw	s10, 0(sp)
    2a2a: 06 82        	mv	tp, ra
    2a2c: a9 18        	addi	a7, a7, -22
    2a2e: b4 1f        	addi	a3, sp, 1016
    2a30: 94 e8        	sd	a3, 16(s1)
    2a32: be 9c        	add	s9, s9, a5
    2a34: d9 04        	addi	s1, s1, 22
    2a36: 61 04        	addi	s0, s0, 24
    2a38: 00 00        	unimp	
    2a3a: 09 02        	addi	tp, tp, 2
		...
    2a44: 03 d3 00 01  	lhu	t1, 16(ra)
    2a48: 05 02        	addi	tp, tp, 1
    2a4a: 0a 03        	slli	t1, t1, 2
    2a4c: 02 09        	c.slli64	s2
    2a4e: 00 00        	unimp	
    2a50: 01 06        	mv	a2, a2
    2a52: 03 aa 7f 09  	lw	s4, 151(t6)
    2a56: 04 00        	<unknown>
    2a58: 01 05        	mv	a0, a0
    2a5a: 0d 06        	addi	a2, a2, 3
    2a5c: 03 d8 00 09  	lhu	a6, 144(ra)
    2a60: 0c 00        	<unknown>
    2a62: 01 05        	mv	a0, a0
    2a64: 00 06        	addi	s0, sp, 768
    2a66: 03 a8 7f 09  	lw	a6, 151(t6)
    2a6a: 04 00        	<unknown>
    2a6c: 01 05        	mv	a0, a0
    2a6e: 0d 03        	addi	t1, t1, 3
    2a70: d8 00        	addi	a4, sp, 68
    2a72: 09 04        	addi	s0, s0, 2
    2a74: 00 01        	addi	s0, sp, 128
    2a76: 05 18        	addi	a6, a6, -31
    2a78: 06 03        	slli	t1, t1, 1
    2a7a: 01 09        	mv	s2, s2
    2a7c: 02 00        	c.slli64	zero
    2a7e: 01 05        	mv	a0, a0
    2a80: 14 06        	addi	a3, sp, 768
    2a82: 03 00 09 04  	lb	zero, 64(s2)
    2a86: 00 01        	addi	s0, sp, 128
    2a88: 05 11        	addi	sp, sp, -31
    2a8a: 03 00 09 04  	lb	zero, 64(s2)
    2a8e: 00 01        	addi	s0, sp, 128
    2a90: 03 a7 7f 09  	lw	a4, 151(t6)
    2a94: 02 00        	c.slli64	zero
    2a96: 01 05        	mv	a0, a0
    2a98: 08 06        	addi	a0, sp, 768
    2a9a: 03 da 00 09  	lhu	s4, 144(ra)
    2a9e: 12 00        	c.slli	zero, 4
    2aa0: 01 05        	mv	a0, a0
    2aa2: 11 03        	addi	t1, t1, 4
    2aa4: 03 09 04 00  	lb	s2, 0(s0)
    2aa8: 01 06        	mv	a2, a2
    2aaa: 03 a3 7f 09  	lw	t1, 151(t6)
    2aae: 04 00        	<unknown>
    2ab0: 01 05        	mv	a0, a0
    2ab2: 27 03 dd 00  	<unknown>
    2ab6: 09 0c        	addi	s8, s8, 2
    2ab8: 00 01        	addi	s0, sp, 128
    2aba: 05 01        	addi	sp, sp, 1
    2abc: 06 03        	slli	t1, t1, 1
    2abe: 0e 09        	slli	s2, s2, 3
    2ac0: 04 00        	<unknown>
    2ac2: 01 05        	mv	a0, a0
    2ac4: 1f 03 74 09  	<unknown>
    2ac8: 02 00        	c.slli64	zero
    2aca: 01 05        	mv	a0, a0
    2acc: 01 03        	mv	t1, t1
    2ace: 0c 09        	addi	a1, sp, 144
    2ad0: 04 00        	<unknown>
    2ad2: 01 06        	mv	a2, a2
    2ad4: 03 95 7f 09  	lh	a0, 151(t6)
    2ad8: 02 00        	c.slli64	zero
    2ada: 01 05        	mv	a0, a0
    2adc: 0e 06        	slli	a2, a2, 3
    2ade: 03 e2 00 09  	lwu	tp, 144(ra)
    2ae2: 24 00        	addi	s1, sp, 8
    2ae4: 01 06        	mv	a2, a2
    2ae6: 03 9e 7f 09  	lh	t3, 151(t6)
    2aea: 02 00        	c.slli64	zero
    2aec: 01 05        	mv	a0, a0
    2aee: 0d 06        	addi	a2, a2, 3
    2af0: 03 e3 00 09  	lwu	t1, 144(ra)
    2af4: 04 00        	<unknown>
    2af6: 01 06        	mv	a2, a2
    2af8: 03 9d 7f 09  	lh	s10, 151(t6)
    2afc: 04 00        	<unknown>
    2afe: 01 05        	mv	a0, a0
    2b00: 01 06        	mv	a2, a2
    2b02: 03 eb 00 09  	lwu	s6, 144(ra)
    2b06: 14 00        	<unknown>
    2b08: 01 05        	mv	a0, a0
    2b0a: 0d 03        	addi	t1, t1, 3
    2b0c: 79 09        	addi	s2, s2, 30
    2b0e: 02 00        	c.slli64	zero
    2b10: 01 06        	mv	a2, a2
    2b12: 03 9c 7f 09  	lh	s8, 151(t6)
    2b16: 04 00        	<unknown>
    2b18: 01 05        	mv	a0, a0
    2b1a: 07 06 03 e5  	vluxseg8ei8.v	v12, (t1), v16, v0.t
    2b1e: 00 09        	addi	s0, sp, 144
    2b20: 06 00        	c.slli	zero, 1
    2b22: 01 05        	mv	a0, a0
    2b24: 01 03        	mv	t1, t1
    2b26: 06 09        	slli	s2, s2, 1
    2b28: 18 00        	<unknown>
    2b2a: 01 06        	mv	a2, a2
    2b2c: 03 95 7f 09  	lh	a0, 151(t6)
    2b30: 02 00        	c.slli64	zero
    2b32: 01 05        	mv	a0, a0
    2b34: 0d 06        	addi	a2, a2, 3
    2b36: 03 e6 00 09  	lwu	a2, 144(ra)
    2b3a: 04 00        	<unknown>
    2b3c: 01 06        	mv	a2, a2
    2b3e: 03 9a 7f 09  	lh	s4, 151(t6)
    2b42: 04 00        	<unknown>
    2b44: 01 05        	mv	a0, a0
    2b46: 02 06        	c.slli64	a2
    2b48: 03 e9 00 09  	lwu	s2, 144(ra)
    2b4c: 10 00        	<unknown>
    2b4e: 01 06        	mv	a2, a2
    2b50: 03 97 7f 09  	lh	a4, 151(t6)
    2b54: 04 00        	<unknown>
    2b56: 01 03        	mv	t1, t1
    2b58: e9 00        	addi	ra, ra, 26
    2b5a: 09 04        	addi	s0, s0, 2
    2b5c: 00 01        	addi	s0, sp, 128
    2b5e: 03 97 7f 09  	lh	a4, 151(t6)
    2b62: 20 00        	addi	s0, sp, 8
    2b64: 01 09        	mv	s2, s2
    2b66: 02 00        	c.slli64	zero
    2b68: 00 01        	addi	s0, sp, 128
    2b6a: 01 9b        	andi	a4, a4, -32
    2b6c: 01 00        	nop
    2b6e: 00 05        	addi	s0, sp, 640
    2b70: 00 08        	addi	s0, sp, 16
    2b72: 00 69        	ld	s0, 16(a0)
    2b74: 00 00        	unimp	
    2b76: 00 01        	addi	s0, sp, 128
    2b78: 01 01        	mv	sp, sp
    2b7a: fb 0e 0d 00  	<unknown>
    2b7e: 01 01        	mv	sp, sp
    2b80: 01 01        	mv	sp, sp
    2b82: 00 00        	unimp	
    2b84: 00 01        	addi	s0, sp, 128
    2b86: 00 00        	unimp	
    2b88: 01 01        	mv	sp, sp
    2b8a: 01 1f        	addi	t5, t5, -32
    2b8c: 03 9a 01 00  	lh	s4, 0(gp)
    2b90: 00 28        	fld	fs0, 16(s0)
    2b92: 00 00        	unimp	
    2b94: 00 5b        	lw	s0, 48(a4)
    2b96: 02 00        	c.slli64	zero
    2b98: 00 03        	addi	s0, sp, 384
    2b9a: 01 1f        	addi	t5, t5, -32
    2b9c: 02 0f        	c.slli64	t5
    2b9e: 05 1e        	addi	t3, t3, -31
    2ba0: 03 72 01 00  	<unknown>
    2ba4: 00 00        	unimp	
    2ba6: 99 1c        	addi	s9, s9, -26
    2ba8: bf a7 05 3f  	<unknown>
    2bac: 8d a7        	j	0x330e <.debug_line+0x330e>
    2bae: 1d 9c        	subw	s0, s0, a5
    2bb0: d1 d1        	beqz	a1, 0x2b34 <.debug_line+0x2b34>
    2bb2: 4b 19 77 d8  	fnmsub.s	fs2, fa4, ft7, fs11, rtz
    2bb6: 2f 02 00 00  	<unknown>
    2bba: 01 3c        	addiw	s8, s8, -32
    2bbc: e8 54        	lw	a0, 108(s1)
    2bbe: 64 ab        	fsd	fs1, 208(a4)
    2bc0: 1c 64        	ld	a5, 8(s0)
    2bc2: 21 7b        	lui	s6, 1048552
    2bc4: 0f 85 ca b8  	<unknown>
    2bc8: 70 95        	<unknown>
    2bca: 9d 3b        	addiw	s7, s7, -25
    2bcc: 03 00 00 02  	lb	zero, 32(zero)
    2bd0: f7 02 4d 06  	<unknown>
    2bd4: 82 a9        	fsd	ft0, 208(sp)
    2bd6: 18 b4        	fsd	fa4, 40(s0)
    2bd8: 1f 94 e8 be  	<unknown>
    2bdc: 9c d9        	sw	a5, 48(a1)
    2bde: 04 61        	ld	s1, 0(a0)
    2be0: 04 00        	<unknown>
    2be2: 00 09        	addi	s0, sp, 144
    2be4: 02 00        	c.slli64	zero
    2be6: 00 00        	unimp	
    2be8: 00 00        	unimp	
    2bea: 00 00        	unimp	
    2bec: 00 03        	addi	s0, sp, 384
    2bee: 29 01        	addi	sp, sp, 10
    2bf0: 05 02        	addi	tp, tp, 1
    2bf2: 0a 03        	slli	t1, t1, 2
    2bf4: 04 09        	addi	s1, sp, 144
    2bf6: 00 00        	unimp	
    2bf8: 01 05        	mv	a0, a0
    2bfa: 09 03        	addi	t1, t1, 2
    2bfc: 01 09        	mv	s2, s2
    2bfe: 04 00        	<unknown>
    2c00: 01 05        	mv	a0, a0
    2c02: 06 03        	slli	t1, t1, 1
    2c04: 02 09        	c.slli64	s2
    2c06: 08 00        	<unknown>
    2c08: 01 05        	mv	a0, a0
    2c0a: 0e 03        	slli	t1, t1, 3
    2c0c: 02 09        	c.slli64	s2
    2c0e: 02 00        	c.slli64	zero
    2c10: 01 06        	mv	a2, a2
    2c12: 03 4d 09 02  	lbu	s10, 32(s2)
    2c16: 00 01        	addi	s0, sp, 128
    2c18: 05 0d        	addi	s10, s10, 1
    2c1a: 03 33 09 04  	ld	t1, 64(s2)
    2c1e: 00 01        	addi	s0, sp, 128
    2c20: 06 03        	slli	t1, t1, 1
    2c22: 02 09        	c.slli64	s2
    2c24: 04 00        	<unknown>
    2c26: 01 06        	mv	a2, a2
    2c28: 03 4b 09 02  	lbu	s6, 32(s2)
    2c2c: 00 01        	addi	s0, sp, 128
    2c2e: 05 08        	addi	a6, a6, 1
    2c30: 06 03        	slli	t1, t1, 1
    2c32: 36 09        	slli	s2, s2, 13
    2c34: 12 00        	c.slli	zero, 4
    2c36: 01 05        	mv	a0, a0
    2c38: 11 03        	addi	t1, t1, 4
    2c3a: 03 09 04 00  	lb	s2, 0(s0)
    2c3e: 01 06        	mv	a2, a2
    2c40: 03 47 09 04  	lbu	a4, 64(s2)
    2c44: 00 01        	addi	s0, sp, 128
    2c46: 05 27        	addiw	a4, a4, 1
    2c48: 03 39 09 0c  	ld	s2, 192(s2)
    2c4c: 00 01        	addi	s0, sp, 128
    2c4e: 05 01        	addi	sp, sp, 1
    2c50: 06 03        	slli	t1, t1, 1
    2c52: 0d 09        	addi	s2, s2, 3
    2c54: 04 00        	<unknown>
    2c56: 01 05        	mv	a0, a0
    2c58: 0e 03        	slli	t1, t1, 3
    2c5a: 6e 09        	slli	s2, s2, 27
    2c5c: 02 00        	c.slli64	zero
    2c5e: 01 05        	mv	a0, a0
    2c60: 01 03        	mv	t1, t1
    2c62: 12 09        	slli	s2, s2, 4
    2c64: 04 00        	<unknown>
    2c66: 01 06        	mv	a2, a2
    2c68: 03 ba 7f 09  	ld	s4, 151(t6)
    2c6c: 02 00        	c.slli64	zero
    2c6e: 01 05        	mv	a0, a0
    2c70: 0d 06        	addi	a2, a2, 3
    2c72: 03 3b 09 16  	ld	s6, 352(s2)
    2c76: 00 01        	addi	s0, sp, 128
    2c78: 06 03        	slli	t1, t1, 1
    2c7a: 45 09        	addi	s2, s2, 17
    2c7c: 04 00        	<unknown>
    2c7e: 01 05        	mv	a0, a0
    2c80: 0e 06        	slli	a2, a2, 3
    2c82: 03 3d 09 0a  	ld	s10, 160(s2)
    2c86: 00 01        	addi	s0, sp, 128
    2c88: 06 03        	slli	t1, t1, 1
    2c8a: 43 09 02 00  	fmadd.s	fs2, ft4, ft0, ft0, rne
    2c8e: 01 05        	mv	a0, a0
    2c90: 0d 06        	addi	a2, a2, 3
    2c92: 03 3e 09 04  	ld	t3, 64(s2)
    2c96: 00 01        	addi	s0, sp, 128
    2c98: 06 03        	slli	t1, t1, 1
    2c9a: 42 09        	slli	s2, s2, 16
    2c9c: 04 00        	<unknown>
    2c9e: 01 05        	mv	a0, a0
    2ca0: 01 06        	mv	a2, a2
    2ca2: 03 c6 00 09  	lbu	a2, 144(ra)
    2ca6: 14 00        	<unknown>
    2ca8: 01 05        	mv	a0, a0
    2caa: 0d 03        	addi	t1, t1, 3
    2cac: 79 09        	addi	s2, s2, 30
    2cae: 02 00        	c.slli64	zero
    2cb0: 01 06        	mv	a2, a2
    2cb2: 03 41 09 04  	lbu	sp, 64(s2)
    2cb6: 00 01        	addi	s0, sp, 128
    2cb8: 05 07        	addi	a4, a4, 1
    2cba: 06 03        	slli	t1, t1, 1
    2cbc: c0 00        	addi	s0, sp, 68
    2cbe: 09 06        	addi	a2, a2, 2
    2cc0: 00 01        	addi	s0, sp, 128
    2cc2: 05 01        	addi	sp, sp, 1
    2cc4: 03 06 09 0c  	lb	a2, 192(s2)
    2cc8: 00 01        	addi	s0, sp, 128
    2cca: 06 03        	slli	t1, t1, 1
    2ccc: ba 7f        	ld	t6, 424(sp)
    2cce: 09 02        	addi	tp, tp, 2
    2cd0: 00 01        	addi	s0, sp, 128
    2cd2: 05 0d        	addi	s10, s10, 1
    2cd4: 06 03        	slli	t1, t1, 1
    2cd6: c1 00        	addi	ra, ra, 16
    2cd8: 09 02        	addi	tp, tp, 2
    2cda: 00 01        	addi	s0, sp, 128
    2cdc: 06 03        	slli	t1, t1, 1
    2cde: bf 7f 09 04  	<unknown>
    2ce2: 00 01        	addi	s0, sp, 128
    2ce4: 05 02        	addi	tp, tp, 1
    2ce6: 06 03        	slli	t1, t1, 1
    2ce8: c4 00        	addi	s1, sp, 68
    2cea: 09 10        	c.nop	-30
    2cec: 00 01        	addi	s0, sp, 128
    2cee: 06 03        	slli	t1, t1, 1
    2cf0: bc 7f        	ld	a5, 120(a5)
    2cf2: 09 06        	addi	a2, a2, 2
    2cf4: 00 01        	addi	s0, sp, 128
    2cf6: 03 c4 00 09  	lbu	s0, 144(ra)
    2cfa: 10 00        	<unknown>
    2cfc: 01 03        	mv	t1, t1
    2cfe: bc 7f        	ld	a5, 120(a5)
    2d00: 09 08        	addi	a6, a6, 2
    2d02: 00 01        	addi	s0, sp, 128
    2d04: 09 02        	addi	tp, tp, 2
    2d06: 00 00        	unimp	
    2d08: 01 01        	mv	sp, sp
    2d0a: 64 00        	addi	s1, sp, 12
    2d0c: 00 00        	unimp	
    2d0e: 05 00        	c.nop	1
    2d10: 08 00        	<unknown>
    2d12: 37 00 00 00  	lui	zero, 0
    2d16: 01 01        	mv	sp, sp
    2d18: 01 fb        	bnez	a4, 0x2c28 <.debug_line+0x2c28>
    2d1a: 0e 0d        	slli	s10, s10, 3
    2d1c: 00 01        	addi	s0, sp, 128
    2d1e: 01 01        	mv	sp, sp
    2d20: 01 00        	nop
    2d22: 00 00        	unimp	
    2d24: 01 00        	nop
    2d26: 00 01        	addi	s0, sp, 128
    2d28: 01 01        	mv	sp, sp
    2d2a: 1f 01 9a 01  	<unknown>
    2d2e: 00 00        	unimp	
    2d30: 03 01 1f 02  	lb	sp, 33(t5)
    2d34: 0f 05 1e 01  	<unknown>
    2d38: e8 02        	addi	a0, sp, 332
    2d3a: 00 00        	unimp	
    2d3c: 00 fe        	sd	s0, 56(a2)
    2d3e: 53 d9 1a 5b  	<unknown>
    2d42: a1 3f        	addiw	t6, t6, -24
    2d44: 5b 9a 79 f9  	<unknown>
    2d48: b3 f7 d8 b1  	<unknown>
    2d4c: 51 04        	addi	s0, s0, 20
    2d4e: 00 00        	unimp	
    2d50: 09 02        	addi	tp, tp, 2
		...
    2d5a: 03 29 01 05  	lw	s2, 80(sp)
    2d5e: 03 0a 03 02  	lb	s4, 32(t1)
    2d62: 09 00        	c.nop	2
    2d64: 00 01        	addi	s0, sp, 128
    2d66: 03 01 09 04  	lb	sp, 64(s2)
    2d6a: 00 01        	addi	s0, sp, 128
    2d6c: 09 02        	addi	tp, tp, 2
    2d6e: 00 00        	unimp	
    2d70: 01 01        	mv	sp, sp
    2d72: 64 00        	addi	s1, sp, 12
    2d74: 00 00        	unimp	
    2d76: 05 00        	c.nop	1
    2d78: 08 00        	<unknown>
    2d7a: 37 00 00 00  	lui	zero, 0
    2d7e: 01 01        	mv	sp, sp
    2d80: 01 fb        	bnez	a4, 0x2c90 <.debug_line+0x2c90>
    2d82: 0e 0d        	slli	s10, s10, 3
    2d84: 00 01        	addi	s0, sp, 128
    2d86: 01 01        	mv	sp, sp
    2d88: 01 00        	nop
    2d8a: 00 00        	unimp	
    2d8c: 01 00        	nop
    2d8e: 00 01        	addi	s0, sp, 128
    2d90: 01 01        	mv	sp, sp
    2d92: 1f 01 9a 01  	<unknown>
    2d96: 00 00        	unimp	
    2d98: 03 01 1f 02  	lb	sp, 33(t5)
    2d9c: 0f 05 1e 01  	<unknown>
    2da0: 89 00        	addi	ra, ra, 2
    2da2: 00 00        	unimp	
    2da4: 00 93        	<unknown>
    2da6: 20 c9        	sw	s0, 80(a0)
    2da8: 07 4a 0e 63  	<unknown>
    2dac: e0 68        	ld	s0, 208(s1)
    2dae: e3 19 79 08  	bne	s2, t2, 0x3640 <.debug_line+0x3640>
    2db2: 4e 9f        	add	t5, t5, s3
    2db4: 94 04        	addi	a3, sp, 576
    2db6: 00 00        	unimp	
    2db8: 09 02        	addi	tp, tp, 2
		...
    2dc2: 03 29 01 05  	lw	s2, 80(sp)
    2dc6: 03 0a 03 02  	lb	s4, 32(t1)
    2dca: 09 00        	c.nop	2
    2dcc: 00 01        	addi	s0, sp, 128
    2dce: 03 01 09 04  	lb	sp, 64(s2)
    2dd2: 00 01        	addi	s0, sp, 128
    2dd4: 09 02        	addi	tp, tp, 2
    2dd6: 00 00        	unimp	
    2dd8: 01 01        	mv	sp, sp

Disassembly of section .debug_line_str:

0000000000000000 <.debug_line_str>:
       0: 2e 2e        	fld	ft8, 200(sp)
       2: 2f 2e 2e 2f  	<unknown>
       6: 2e 2e        	fld	ft8, 200(sp)
       8: 2f 6e 65 77  	<unknown>
       c: 6c 69        	ld	a1, 208(a0)
       e: 62 2f        	fld	ft10, 24(sp)
      10: 6c 69        	ld	a1, 208(a0)
      12: 62 6d        	ld	s10, 24(sp)
      14: 2f 6d 61 74  	<unknown>
      18: 68 2f        	fld	fa0, 216(a4)
      1a: 65 66        	lui	a2, 25
      1c: 5f 72 65 6d  	<unknown>
      20: 5f 70 69 6f  	<unknown>
      24: 32 2e        	fld	ft8, 264(sp)
      26: 63 00 2e 2e  	beq	t3, sp, 0x306 <.debug_line+0x306>
      2a: 2f 2e 2e 2f  	<unknown>
      2e: 2e 2e        	fld	ft8, 200(sp)
      30: 2f 6e 65 77  	<unknown>
      34: 6c 69        	ld	a1, 208(a0)
      36: 62 2f        	fld	ft10, 24(sp)
      38: 6c 69        	ld	a1, 208(a0)
      3a: 62 6d        	ld	s10, 24(sp)
      3c: 2f 63 6f 6d  	<unknown>
      40: 6d 6f        	lui	t5, 27
      42: 6e 00        	c.slli	zero, 27
      44: 2e 2e        	fld	ft8, 200(sp)
      46: 2f 2e 2e 2f  	<unknown>
      4a: 2e 2e        	fld	ft8, 200(sp)
      4c: 2f 6e 65 77  	<unknown>
      50: 6c 69        	ld	a1, 208(a0)
      52: 62 2f        	fld	ft10, 24(sp)
      54: 6c 69        	ld	a1, 208(a0)
      56: 62 6d        	ld	s10, 24(sp)
      58: 2f 6d 61 74  	<unknown>
      5c: 68 2f        	fld	fa0, 216(a4)
      5e: 73 5f 63 6f  	csrrwi	t5, 1782, 6
      62: 73 2e 63 00  	csrrs	t3, 6, t1
      66: 2e 2e        	fld	ft8, 200(sp)
      68: 2f 2e 2e 2f  	<unknown>
      6c: 2e 2e        	fld	ft8, 200(sp)
      6e: 2f 6e 65 77  	<unknown>
      72: 6c 69        	ld	a1, 208(a0)
      74: 62 2f        	fld	ft10, 24(sp)
      76: 6c 69        	ld	a1, 208(a0)
      78: 62 6d        	ld	s10, 24(sp)
      7a: 2f 6d 61 74  	<unknown>
      7e: 68 2f        	fld	fa0, 216(a4)
      80: 73 66 5f 73  	csrrsi	a2, 1845, 30
      84: 69 6e        	lui	t3, 26
      86: 2e 63        	ld	t1, 200(sp)
      88: 00 2e        	fld	fs0, 24(a2)
      8a: 2e 2f        	fld	ft10, 200(sp)
      8c: 2e 2e        	fld	ft8, 200(sp)
      8e: 2f 2e 2e 2f  	<unknown>
      92: 6e 65        	ld	a0, 216(sp)
      94: 77 6c 69 62  	<unknown>
      98: 2f 6c 69 62  	<unknown>
      9c: 6d 2f        	addiw	t5, t5, 27
      9e: 6d 61        	addi	sp, sp, 240
      a0: 63 68 69 6e  	bltu	s2, t1, 0x790 <.debug_line+0x790>
      a4: 65 2f        	addiw	t5, t5, 25
      a6: 72 69        	ld	s2, 280(sp)
      a8: 73 63 76 2f  	csrrsi	t1, 759, 12
      ac: 73 66 5f 66  	csrrsi	a2, 1637, 30
      b0: 61 62        	lui	tp, 24
      b2: 73 2e 63 00  	csrrs	t3, 6, t1
      b6: 2e 2e        	fld	ft8, 200(sp)
      b8: 2f 2e 2e 2f  	<unknown>
      bc: 2e 2e        	fld	ft8, 200(sp)
      be: 2f 6e 65 77  	<unknown>
      c2: 6c 69        	ld	a1, 208(a0)
      c4: 62 2f        	fld	ft10, 24(sp)
      c6: 6c 69        	ld	a1, 208(a0)
      c8: 62 6d        	ld	s10, 24(sp)
      ca: 2f 6d 61 74  	<unknown>
      ce: 68 2f        	fld	fa0, 216(a4)
      d0: 6b 5f 63 6f  	<unknown>
      d4: 73 2e 63 00  	csrrs	t3, 6, t1
      d8: 2e 2e        	fld	ft8, 200(sp)
      da: 2f 2e 2e 2f  	<unknown>
      de: 2e 2e        	fld	ft8, 200(sp)
      e0: 2f 6e 65 77  	<unknown>
      e4: 6c 69        	ld	a1, 208(a0)
      e6: 62 2f        	fld	ft10, 24(sp)
      e8: 6c 69        	ld	a1, 208(a0)
      ea: 62 6d        	ld	s10, 24(sp)
      ec: 2f 6d 61 74  	<unknown>
      f0: 68 2f        	fld	fa0, 216(a4)
      f2: 6b 5f 72 65  	<unknown>
      f6: 6d 5f        	li	t5, -5
      f8: 70 69        	ld	a2, 208(a0)
      fa: 6f 32 2e 63  	jal	tp, 0xe372c <.debug_line+0xe372c>
      fe: 00 2e        	fld	fs0, 24(a2)
     100: 2e 2f        	fld	ft10, 200(sp)
     102: 2e 2e        	fld	ft8, 200(sp)
     104: 2f 2e 2e 2f  	<unknown>
     108: 6e 65        	ld	a0, 216(sp)
     10a: 77 6c 69 62  	<unknown>
     10e: 2f 6c 69 62  	<unknown>
     112: 6d 2f        	addiw	t5, t5, 27
     114: 6d 61        	addi	sp, sp, 240
     116: 74 68        	ld	a3, 208(s0)
     118: 2f 6b 66 5f  	<unknown>
     11c: 72 65        	ld	a0, 280(sp)
     11e: 6d 5f        	li	t5, -5
     120: 70 69        	ld	a2, 208(a0)
     122: 6f 32 2e 63  	jal	tp, 0xe3754 <.debug_line+0xe3754>
     126: 00 2e        	fld	fs0, 24(a2)
     128: 2e 2f        	fld	ft10, 200(sp)
     12a: 2e 2e        	fld	ft8, 200(sp)
     12c: 2f 2e 2e 2f  	<unknown>
     130: 6e 65        	ld	a0, 216(sp)
     132: 77 6c 69 62  	<unknown>
     136: 2f 6c 69 62  	<unknown>
     13a: 6d 2f        	addiw	t5, t5, 27
     13c: 63 6f 6d 6d  	bltu	s10, s6, 0x81a <.debug_line+0x81a>
     140: 6f 6e 2f 73  	jal	t3, 0xf6872 <.debug_line+0xf6872>
     144: 5f 73 63 61  	<unknown>
     148: 6c 62        	ld	a1, 192(a2)
     14a: 6e 2e        	fld	ft8, 216(sp)
     14c: 63 00 2e 2e  	beq	t3, sp, 0x42c <.debug_line+0x42c>
     150: 2f 2e 2e 2f  	<unknown>
     154: 2e 2e        	fld	ft8, 200(sp)
     156: 2f 6e 65 77  	<unknown>
     15a: 6c 69        	ld	a1, 208(a0)
     15c: 62 2f        	fld	ft10, 24(sp)
     15e: 6c 69        	ld	a1, 208(a0)
     160: 62 6d        	ld	s10, 24(sp)
     162: 2f 6d 61 74  	<unknown>
     166: 68 2f        	fld	fa0, 216(a4)
     168: 73 5f 66 6c  	csrrwi	t5, 1734, 12
     16c: 6f 6f 72 2e  	jal	t5, 0x26c52 <.debug_line+0x26c52>
     170: 63 00 2e 2e  	beq	t3, sp, 0x450 <.debug_line+0x450>
     174: 2f 2e 2e 2f  	<unknown>
     178: 2e 2e        	fld	ft8, 200(sp)
     17a: 2f 6e 65 77  	<unknown>
     17e: 6c 69        	ld	a1, 208(a0)
     180: 62 2f        	fld	ft10, 24(sp)
     182: 6c 69        	ld	a1, 208(a0)
     184: 62 6d        	ld	s10, 24(sp)
     186: 2f 63 6f 6d  	<unknown>
     18a: 6d 6f        	lui	t5, 27
     18c: 6e 2f        	fld	ft10, 216(sp)
     18e: 73 66 5f 73  	csrrsi	a2, 1845, 30
     192: 63 61 6c 62  	bltu	s8, t1, 0x7b4 <.debug_line+0x7b4>
     196: 6e 2e        	fld	ft8, 216(sp)
     198: 63 00 2f 68  	beq	t5, sp, 0x818 <.debug_line+0x818>
     19c: 6f 6d 65 2f  	jal	s10, 0x56492 <.debug_line+0x56492>
     1a0: 7a 65        	ld	a0, 408(sp)
     1a2: 78 75        	ld	a4, 232(a0)
     1a4: 2f 44 65 73  	<unknown>
     1a8: 6b 74 6f 70  	<unknown>
     1ac: 2f 41 52 41  	<unknown>
     1b0: 32 2f        	fld	ft10, 264(sp)
     1b2: 61 72        	lui	tp, 1048568
     1b4: 61 2f        	addiw	t5, t5, 24
     1b6: 74 6f        	ld	a3, 216(a4)
     1b8: 6f 6c 63 68  	jal	s8, 0x3683e <.debug_line+0x3683e>
     1bc: 61 69        	lui	s2, 24
     1be: 6e 2f        	fld	ft10, 216(sp)
     1c0: 6e 65        	ld	a0, 216(sp)
     1c2: 77 6c 69 62  	<unknown>
     1c6: 2f 62 75 69  	<unknown>
     1ca: 6c 64        	ld	a1, 200(s0)
     1cc: 2f 72 69 73  	<unknown>
     1d0: 63 76 36 34  	bgeu	a2, gp, 0x51c <.debug_line+0x51c>
     1d4: 2d 75        	lui	a0, 1048555
     1d6: 6e 6b        	ld	s6, 216(sp)
     1d8: 6e 6f        	ld	t5, 216(sp)
     1da: 77 6e 2d 65  	<unknown>
     1de: 6c 66        	ld	a1, 200(a2)
     1e0: 2f 6e 65 77  	<unknown>
     1e4: 6c 69        	ld	a1, 208(a0)
     1e6: 62 00        	c.slli	zero, 24
     1e8: 2e 2e        	fld	ft8, 200(sp)
     1ea: 2f 2e 2e 2f  	<unknown>
     1ee: 2e 2e        	fld	ft8, 200(sp)
     1f0: 2f 6e 65 77  	<unknown>
     1f4: 6c 69        	ld	a1, 208(a0)
     1f6: 62 2f        	fld	ft10, 24(sp)
     1f8: 6c 69        	ld	a1, 208(a0)
     1fa: 62 6d        	ld	s10, 24(sp)
     1fc: 2f 6d 61 74  	<unknown>
     200: 68 2f        	fld	fa0, 216(a4)
     202: 73 66 5f 66  	csrrsi	a2, 1637, 30
     206: 6c 6f        	ld	a1, 216(a4)
     208: 6f 72 2e 63  	jal	tp, 0xe783a <.debug_line+0xe783a>
     20c: 00 2e        	fld	fs0, 24(a2)
     20e: 2e 2f        	fld	ft10, 200(sp)
     210: 2e 2e        	fld	ft8, 200(sp)
     212: 2f 2e 2e 2f  	<unknown>
     216: 6e 65        	ld	a0, 216(sp)
     218: 77 6c 69 62  	<unknown>
     21c: 2f 6c 69 62  	<unknown>
     220: 6d 2f        	addiw	t5, t5, 27
     222: 6d 61        	addi	sp, sp, 240
     224: 74 68        	ld	a3, 208(s0)
     226: 2f 6b 5f 73  	<unknown>
     22a: 69 6e        	lui	t3, 26
     22c: 2e 63        	ld	t1, 200(sp)
     22e: 00 66        	ld	s0, 8(a2)
     230: 64 6c        	ld	s1, 216(s0)
     232: 69 62        	lui	tp, 26
     234: 6d 2e        	addiw	t3, t3, 27
     236: 68 00        	addi	a0, sp, 12
     238: 2e 2e        	fld	ft8, 200(sp)
     23a: 2f 2e 2e 2f  	<unknown>
     23e: 2e 2e        	fld	ft8, 200(sp)
     240: 2f 6e 65 77  	<unknown>
     244: 6c 69        	ld	a1, 208(a0)
     246: 62 2f        	fld	ft10, 24(sp)
     248: 6c 69        	ld	a1, 208(a0)
     24a: 62 6d        	ld	s10, 24(sp)
     24c: 2f 6d 61 74  	<unknown>
     250: 68 2f        	fld	fa0, 216(a4)
     252: 6b 66 5f 73  	<unknown>
     256: 69 6e        	lui	t3, 26
     258: 2e 63        	ld	t1, 200(sp)
     25a: 00 2f        	fld	fs0, 24(a4)
     25c: 68 6f        	ld	a0, 216(a4)
     25e: 6d 65        	lui	a0, 27
     260: 2f 7a 65 78  	<unknown>
     264: 75 2f        	addiw	t5, t5, 29
     266: 44 65        	ld	s1, 136(a0)
     268: 73 6b 74 6f  	csrrsi	s6, 1783, 8
     26c: 70 2f        	fld	fa2, 216(a4)
     26e: 41 52        	li	tp, -16
     270: 41 32        	addiw	tp, tp, -16
     272: 2f 61 72 61  	<unknown>
     276: 2f 74 6f 6f  	<unknown>
     27a: 6c 63        	ld	a1, 192(a4)
     27c: 68 61        	ld	a0, 192(a0)
     27e: 69 6e        	lui	t3, 26
     280: 2f 6e 65 77  	<unknown>
     284: 6c 69        	ld	a1, 208(a0)
     286: 62 00        	c.slli	zero, 24
     288: 6e 65        	ld	a0, 216(sp)
     28a: 77 6c 69 62  	<unknown>
     28e: 2f 6c 69 62  	<unknown>
     292: 63 2f 69 6e  	<unknown>
     296: 63 6c 75 64  	bltu	a0, t2, 0x8ee <.debug_line+0x8ee>
     29a: 65 2f        	addiw	t5, t5, 25
     29c: 6d 61        	addi	sp, sp, 240
     29e: 74 68        	ld	a3, 208(s0)
     2a0: 2e 68        	ld	a6, 200(sp)
     2a2: 00 2e        	fld	fs0, 24(a2)
     2a4: 2e 2f        	fld	ft10, 200(sp)
     2a6: 2e 2e        	fld	ft8, 200(sp)
     2a8: 2f 2e 2e 2f  	<unknown>
     2ac: 6e 65        	ld	a0, 216(sp)
     2ae: 77 6c 69 62  	<unknown>
     2b2: 2f 6c 69 62  	<unknown>
     2b6: 6d 2f        	addiw	t5, t5, 27
     2b8: 6d 61        	addi	sp, sp, 240
     2ba: 74 68        	ld	a3, 208(s0)
     2bc: 2f 73 5f 73  	<unknown>
     2c0: 69 6e        	lui	t3, 26
     2c2: 2e 63        	ld	t1, 200(sp)
     2c4: 00 2e        	fld	fs0, 24(a2)
     2c6: 2e 2f        	fld	ft10, 200(sp)
     2c8: 2e 2e        	fld	ft8, 200(sp)
     2ca: 2f 2e 2e 2f  	<unknown>
     2ce: 6e 65        	ld	a0, 216(sp)
     2d0: 77 6c 69 62  	<unknown>
     2d4: 2f 6c 69 62  	<unknown>
     2d8: 6d 2f        	addiw	t5, t5, 27
     2da: 6d 61        	addi	sp, sp, 240
     2dc: 74 68        	ld	a3, 208(s0)
     2de: 2f 6b 66 5f  	<unknown>
     2e2: 63 6f 73 2e  	bltu	t1, t2, 0x5e0 <.debug_line+0x5e0>
     2e6: 63 00 2e 2e  	beq	t3, sp, 0x5c6 <.debug_line+0x5c6>
     2ea: 2f 2e 2e 2f  	<unknown>
     2ee: 2e 2e        	fld	ft8, 200(sp)
     2f0: 2f 6e 65 77  	<unknown>
     2f4: 6c 69        	ld	a1, 208(a0)
     2f6: 62 2f        	fld	ft10, 24(sp)
     2f8: 6c 69        	ld	a1, 208(a0)
     2fa: 62 6d        	ld	s10, 24(sp)
     2fc: 2f 6d 61 63  	<unknown>
     300: 68 69        	ld	a0, 208(a0)
     302: 6e 65        	ld	a0, 216(sp)
     304: 2f 72 69 73  	<unknown>
     308: 63 76 2f 73  	bgeu	t5, s2, 0xa34 <.debug_line+0xa34>
     30c: 5f 66 61 62  	<unknown>
     310: 73 2e 63 00  	csrrs	t3, 6, t1
     314: 2e 2e        	fld	ft8, 200(sp)
     316: 2f 2e 2e 2f  	<unknown>
     31a: 2e 2e        	fld	ft8, 200(sp)
     31c: 2f 6e 65 77  	<unknown>
     320: 6c 69        	ld	a1, 208(a0)
     322: 62 2f        	fld	ft10, 24(sp)
     324: 6c 69        	ld	a1, 208(a0)
     326: 62 6d        	ld	s10, 24(sp)
     328: 2f 6d 61 74  	<unknown>
     32c: 68 2f        	fld	fa0, 216(a4)
     32e: 65 5f        	li	t5, -7
     330: 72 65        	ld	a0, 280(sp)
     332: 6d 5f        	li	t5, -5
     334: 70 69        	ld	a2, 208(a0)
     336: 6f 32 2e 63  	jal	tp, 0xe3968 <.debug_line+0xe3968>
     33a: 00 6e        	ld	s0, 24(a2)
     33c: 65 77        	lui	a4, 1048569
     33e: 6c 69        	ld	a1, 208(a0)
     340: 62 2f        	fld	ft10, 24(sp)
     342: 6c 69        	ld	a1, 208(a0)
     344: 62 63        	ld	t1, 24(sp)
     346: 2f 69 6e 63  	<unknown>
     34a: 6c 75        	ld	a1, 232(a0)
     34c: 64 65        	ld	s1, 200(a0)
     34e: 2f 6d 61 63  	<unknown>
     352: 68 69        	ld	a0, 208(a0)
     354: 6e 65        	ld	a0, 216(sp)
     356: 2f 5f 64 65  	<unknown>
     35a: 66 61        	ld	sp, 88(sp)
     35c: 75 6c        	lui	s8, 29
     35e: 74 5f        	lw	a3, 124(a4)
     360: 74 79        	ld	a3, 240(a0)
     362: 70 65        	ld	a2, 200(a0)
     364: 73 2e 68 00  	csrrs	t3, 6, a6

Disassembly of section .debug_rnglists:

0000000000000000 <.debug_rnglists>:
       0: 13 00 00 00  	nop
       4: 05 00        	c.nop	1
       6: 08 00        	<unknown>
       8: 01 00        	nop
       a: 00 00        	unimp	
       c: 04 00        	<unknown>
       e: 00 00        	unimp	
      10: 04 0a        	addi	s1, sp, 272
      12: 12 04        	slli	s0, s0, 4
      14: 3e 40        	<unknown>
      16: 00           	<unknown>

Disassembly of section .symtab:

0000000000000000 <.symtab>:
		...
      18: 01 00        	nop
      1a: 00 00        	unimp	
      1c: 04 00        	<unknown>
      1e: f1 ff        	bnez	a5, 0xfffffffffffffffa <timer+0xffffffff7fffaffa>
		...
      30: 08 00        	<unknown>
      32: 00 00        	unimp	
      34: 04 00        	<unknown>
      36: f1 ff        	bnez	a5, 0x12 <.symtab+0x12>
		...
      48: 0e 00        	c.slli	zero, 3
      4a: 00 00        	unimp	
      4c: 00 00        	unimp	
      4e: 01 00        	nop
      50: 0a 00        	c.slli	zero, 2
      52: 00 80        	<unknown>
		...
      60: 1b 00 00 00  	sext.w	zero, zero
      64: 00 00        	unimp	
      66: 01 00        	nop
      68: d8 00        	addi	a4, sp, 68
      6a: 00 80        	<unknown>
		...
      78: 27 00 00 00  	vse8.v	v0, (zero), v0.t
      7c: 04 00        	<unknown>
      7e: f1 ff        	bnez	a5, 0x5a <.symtab+0x5a>
		...
      90: 30 00        	addi	a2, sp, 8
      92: 00 00        	unimp	
      94: 02 00        	c.slli64	zero
      96: 01 00        	nop
      98: 26 19        	slli	s2, s2, 41
      9a: 00 80        	<unknown>
      9c: 00 00        	unimp	
      9e: 00 00        	unimp	
      a0: 0c 00        	<unknown>
      a2: 00 00        	unimp	
      a4: 00 00        	unimp	
      a6: 00 00        	unimp	
      a8: 3a 00        	c.slli	zero, 14
      aa: 00 00        	unimp	
      ac: 02 00        	c.slli64	zero
      ae: 01 00        	nop
      b0: a8 0d        	addi	a0, sp, 728
      b2: 00 80        	<unknown>
      b4: 00 00        	unimp	
      b6: 00 00        	unimp	
      b8: 7e 0b        	slli	s6, s6, 31
      ba: 00 00        	unimp	
      bc: 00 00        	unimp	
      be: 00 00        	unimp	
      c0: 45 00        	c.nop	17
      c2: 00 00        	unimp	
      c4: 02 00        	c.slli64	zero
      c6: 01 00        	nop
      c8: 32 19        	slli	s2, s2, 44
      ca: 00 80        	<unknown>
      cc: 00 00        	unimp	
      ce: 00 00        	unimp	
      d0: 02 00        	c.slli64	zero
      d2: 00 00        	unimp	
      d4: 00 00        	unimp	
      d6: 00 00        	unimp	
      d8: 4f 00 00 00  	fnmadd.s	ft0, ft0, ft0, ft0, rne
      dc: 02 00        	c.slli64	zero
      de: 01 00        	nop
      e0: 34 19        	addi	a3, sp, 184
      e2: 00 80        	<unknown>
      e4: 00 00        	unimp	
      e6: 00 00        	unimp	
      e8: 76 02        	slli	tp, tp, 29
      ea: 00 00        	unimp	
      ec: 00 00        	unimp	
      ee: 00 00        	unimp	
      f0: 5c 00        	addi	a5, sp, 4
      f2: 00 00        	unimp	
      f4: 01 00        	nop
      f6: 03 00 50 3a  	lb	zero, 933(zero)
      fa: 00 80        	<unknown>
      fc: 00 00        	unimp	
      fe: 00 00        	unimp	
     100: 50 00        	addi	a2, sp, 4
     102: 00 00        	unimp	
     104: 00 00        	unimp	
     106: 00 00        	unimp	
     108: 68 00        	addi	a0, sp, 12
     10a: 00 00        	unimp	
     10c: 04 00        	<unknown>
     10e: f1 ff        	bnez	a5, 0xea <.symtab+0xea>
		...
     120: 71 00        	c.nop	28
     122: 00 00        	unimp	
     124: 04 00        	<unknown>
     126: f1 ff        	bnez	a5, 0x102 <.symtab+0x102>
		...
     138: 7a 00        	c.slli	zero, 30
     13a: 00 00        	unimp	
     13c: 04 00        	<unknown>
     13e: f1 ff        	bnez	a5, 0x11a <.symtab+0x11a>
		...
     150: 81 00        	mv	ra, ra
     152: 00 00        	unimp	
     154: 04 00        	<unknown>
     156: f1 ff        	bnez	a5, 0x132 <.symtab+0x132>
		...
     16c: 00 00        	unimp	
     16e: 09 00        	c.nop	2
     170: 0c 00        	<unknown>
		...
     186: 0c 00        	<unknown>
     188: 08 00        	<unknown>
		...
     19e: 0e 00        	c.slli	zero, 3
     1a0: 08 00        	<unknown>
		...
     1b6: 0d 00        	c.nop	3
     1b8: 48 01        	addi	a0, sp, 132
		...
     1ce: 0d 00        	c.nop	3
     1d0: b5 00        	addi	ra, ra, 13
		...
     1e6: 0d 00        	c.nop	3
     1e8: 9c 03        	addi	a5, sp, 448
		...
     1fe: 0d 00        	c.nop	3
     200: 20 04        	addi	s0, sp, 520
		...
     216: 0d 00        	c.nop	3
     218: 6a 05        	slli	a0, a0, 26
		...
     22e: 0d 00        	c.nop	3
     230: 74 04        	addi	a3, sp, 524
		...
     246: 0d 00        	c.nop	3
     248: f2 05        	slli	a1, a1, 28
		...
     25e: 0d 00        	c.nop	3
     260: 2d 04        	addi	s0, s0, 11
		...
     276: 0d 00        	c.nop	3
     278: 37 04 00 00  	lui	s0, 0
		...
     28c: 00 00        	unimp	
     28e: 0d 00        	c.nop	3
     290: a8 05        	addi	a0, sp, 712
		...
     2a6: 0d 00        	c.nop	3
     2a8: 87 04 00 00  	vle8.v	v9, (zero), v0.t
		...
     2bc: 00 00        	unimp	
     2be: 0d 00        	c.nop	3
     2c0: b9 02        	addi	t0, t0, 14
		...
     2d6: 0d 00        	c.nop	3
     2d8: 15 03        	addi	t1, t1, 5
		...
     2ee: 0d 00        	c.nop	3
     2f0: ef 02 00 00  	jal	t0, 0x2f0 <.symtab+0x2f0>
		...
     304: 00 00        	unimp	
     306: 0d 00        	c.nop	3
     308: cd 02        	addi	t0, t0, 19
		...
     31e: 0d 00        	c.nop	3
     320: e9 05        	addi	a1, a1, 26
		...
     336: 0d 00        	c.nop	3
     338: ea 03        	slli	t2, t2, 26
		...
     34e: 0d 00        	c.nop	3
     350: b3 04 00 00  	add	s1, zero, zero
		...
     364: 00 00        	unimp	
     366: 0d 00        	c.nop	3
     368: 36 00        	c.slli	zero, 13
		...
     37e: 0d 00        	c.nop	3
     380: b8 05        	addi	a4, sp, 712
		...
     396: 0d 00        	c.nop	3
     398: f1 02        	addi	t0, t0, 28
		...
     3ae: 0d 00        	c.nop	3
     3b0: f8 05        	addi	a4, sp, 716
		...
     3c6: 0d 00        	c.nop	3
     3c8: 37 02 00 00  	lui	tp, 0
		...
     3dc: 00 00        	unimp	
     3de: 0d 00        	c.nop	3
     3e0: a1 00        	addi	ra, ra, 8
		...
     3f6: 0f 00 00 00  	fence	0, 0
		...
     406: 00 00        	unimp	
     408: 89 00        	addi	ra, ra, 2
     40a: 00 00        	unimp	
     40c: 04 00        	<unknown>
     40e: f1 ff        	bnez	a5, 0x3ea <.symtab+0x3ea>
		...
     424: 00 00        	unimp	
     426: 09 00        	c.nop	2
     428: 3d 00        	c.nop	15
		...
     43e: 0c 00        	<unknown>
     440: 70 00        	addi	a2, sp, 12
		...
     456: 0e 00        	c.slli	zero, 3
     458: 48 00        	addi	a0, sp, 4
		...
     46e: 0d 00        	c.nop	3
     470: 48 01        	addi	a0, sp, 132
		...
     486: 0d 00        	c.nop	3
     488: b1 01        	addi	gp, gp, 12
		...
     49e: 0d 00        	c.nop	3
     4a0: 9c 03        	addi	a5, sp, 448
		...
     4b6: 0d 00        	c.nop	3
     4b8: a3 00 00 00  	sb	zero, 1(zero)
		...
     4cc: 00 00        	unimp	
     4ce: 0d 00        	c.nop	3
     4d0: 6a 05        	slli	a0, a0, 26
		...
     4e6: 0d 00        	c.nop	3
     4e8: ac 05        	addi	a1, sp, 712
		...
     4fe: 0d 00        	c.nop	3
     500: 8b 04 00 00  	<unknown>
		...
     514: 00 00        	unimp	
     516: 0d 00        	c.nop	3
     518: f9 01        	addi	gp, gp, 30
		...
     52e: 0d 00        	c.nop	3
     530: fc 01        	addi	a5, sp, 204
		...
     546: 0d 00        	c.nop	3
     548: f5 02        	addi	t0, t0, 29
		...
     55e: 0d 00        	c.nop	3
     560: f8 02        	addi	a4, sp, 332
		...
     576: 0d 00        	c.nop	3
     578: f2 05        	slli	a1, a1, 28
		...
     58e: 0d 00        	c.nop	3
     590: 20 04        	addi	s0, sp, 520
		...
     5a6: 0d 00        	c.nop	3
     5a8: 15 03        	addi	t1, t1, 5
		...
     5be: 0d 00        	c.nop	3
     5c0: 87 04 00 00  	vle8.v	v9, (zero), v0.t
		...
     5d4: 00 00        	unimp	
     5d6: 0d 00        	c.nop	3
     5d8: cd 02        	addi	t0, t0, 19
		...
     5ee: 0d 00        	c.nop	3
     5f0: e9 05        	addi	a1, a1, 26
		...
     606: 0d 00        	c.nop	3
     608: ea 03        	slli	t2, t2, 26
		...
     61e: 0d 00        	c.nop	3
     620: b3 04 00 00  	add	s1, zero, zero
		...
     634: 00 00        	unimp	
     636: 0d 00        	c.nop	3
     638: 36 00        	c.slli	zero, 13
		...
     64e: 0d 00        	c.nop	3
     650: b8 05        	addi	a4, sp, 712
		...
     666: 0d 00        	c.nop	3
     668: f1 02        	addi	t0, t0, 28
		...
     67e: 0d 00        	c.nop	3
     680: f8 05        	addi	a4, sp, 716
		...
     696: 0d 00        	c.nop	3
     698: 37 02 00 00  	lui	tp, 0
		...
     6ac: 00 00        	unimp	
     6ae: 0d 00        	c.nop	3
     6b0: 2d 04        	addi	s0, s0, 11
		...
     6c6: 0d 00        	c.nop	3
     6c8: ef 02 00 00  	jal	t0, 0x6c8 <.symtab+0x6c8>
		...
     6dc: 00 00        	unimp	
     6de: 0d 00        	c.nop	3
     6e0: 44 04        	addi	s1, sp, 516
		...
     6f6: 0d 00        	c.nop	3
     6f8: 6f 00 00 00  	j	0x6f8 <.symtab+0x6f8>
		...
     70c: 00 00        	unimp	
     70e: 0d 00        	c.nop	3
     710: 89 03        	addi	t2, t2, 2
		...
     726: 0d 00        	c.nop	3
     728: 8e 04        	slli	s1, s1, 3
		...
     73e: 0f 00 38 00  	<unknown>
		...
     74e: 00 00        	unimp	
     750: 91 00        	addi	ra, ra, 4
     752: 00 00        	unimp	
     754: 04 00        	<unknown>
     756: f1 ff        	bnez	a5, 0x732 <.symtab+0x732>
		...
     76c: 00 00        	unimp	
     76e: 09 00        	c.nop	2
     770: cd 00        	addi	ra, ra, 19
		...
     786: 0c 00        	<unknown>
     788: f0 00        	addi	a2, sp, 76
		...
     79e: 0e 00        	c.slli	zero, 3
     7a0: 58 00        	addi	a4, sp, 4
		...
     7b6: 12 00        	c.slli	zero, 4
     7b8: 0c 00        	<unknown>
		...
     7ce: 0d 00        	c.nop	3
     7d0: 48 01        	addi	a0, sp, 132
		...
     7e6: 0d 00        	c.nop	3
     7e8: 71 05        	addi	a0, a0, 28
		...
     7fe: 0d 00        	c.nop	3
     800: 9c 03        	addi	a5, sp, 448
		...
     816: 0d 00        	c.nop	3
		...
     82c: 00 00        	unimp	
     82e: 0d 00        	c.nop	3
     830: 6a 05        	slli	a0, a0, 26
		...
     846: 0d 00        	c.nop	3
     848: 98 05        	addi	a4, sp, 704
		...
     85e: 0d 00        	c.nop	3
     860: 72 00        	c.slli	zero, 28
		...
     876: 0d 00        	c.nop	3
     878: 03 03 00 00  	lb	t1, 0(zero)
		...
     88c: 00 00        	unimp	
     88e: 0d 00        	c.nop	3
     890: 7c 00        	addi	a5, sp, 12
		...
     8a6: 0d 00        	c.nop	3
     8a8: c3 05 00 00  	fmadd.s	fa1, ft0, ft0, ft0, rne
		...
     8bc: 00 00        	unimp	
     8be: 0d 00        	c.nop	3
     8c0: 07 00 00 00  	vle8.v	v0, (zero), v0.t
		...
     8d4: 00 00        	unimp	
     8d6: 0d 00        	c.nop	3
     8d8: 8c 03        	addi	a1, sp, 448
		...
     8ee: 0d 00        	c.nop	3
     8f0: 46 04        	slli	s0, s0, 17
		...
     906: 0d 00        	c.nop	3
     908: ff 01 00 00  	<unknown>
		...
     91c: 00 00        	unimp	
     91e: 0d 00        	c.nop	3
     920: 3a 02        	slli	tp, tp, 14
		...
     936: 0d 00        	c.nop	3
     938: f2 05        	slli	a1, a1, 28
		...
     94e: 0d 00        	c.nop	3
     950: 2d 04        	addi	s0, s0, 11
		...
     966: 0d 00        	c.nop	3
     968: b9 02        	addi	t0, t0, 14
		...
     97e: 0d 00        	c.nop	3
     980: c8 05        	addi	a0, sp, 708
		...
     996: 0d 00        	c.nop	3
     998: d2 02        	slli	t0, t0, 20
		...
     9ae: 0d 00        	c.nop	3
     9b0: 43 00 00 00  	fmadd.s	ft0, ft0, ft0, ft0, rne
		...
     9c4: 00 00        	unimp	
     9c6: 0d 00        	c.nop	3
     9c8: d7 02 00 00  	vadd.vv	v5, v0, v0, v0.t
		...
     9dc: 00 00        	unimp	
     9de: 0d 00        	c.nop	3
     9e0: 43 02 00 00  	fmadd.s	ft4, ft0, ft0, ft0, rne
		...
     9f4: 00 00        	unimp	
     9f6: 0d 00        	c.nop	3
     9f8: 74 04        	addi	a3, sp, 524
		...
     a0e: 0d 00        	c.nop	3
     a10: e8 04        	addi	a0, sp, 588
		...
     a26: 0d 00        	c.nop	3
     a28: 15 03        	addi	t1, t1, 5
		...
     a3e: 0d 00        	c.nop	3
     a40: 87 04 00 00  	vle8.v	v9, (zero), v0.t
		...
     a54: 00 00        	unimp	
     a56: 0d 00        	c.nop	3
     a58: ef 02 00 00  	jal	t0, 0xa58 <.symtab+0xa58>
		...
     a6c: 00 00        	unimp	
     a6e: 0d 00        	c.nop	3
     a70: cd 02        	addi	t0, t0, 19
		...
     a86: 0d 00        	c.nop	3
     a88: e9 05        	addi	a1, a1, 26
		...
     a9e: 0d 00        	c.nop	3
     aa0: ea 03        	slli	t2, t2, 26
		...
     ab6: 0d 00        	c.nop	3
     ab8: b3 04 00 00  	add	s1, zero, zero
		...
     acc: 00 00        	unimp	
     ace: 0d 00        	c.nop	3
     ad0: 36 00        	c.slli	zero, 13
		...
     ae6: 0d 00        	c.nop	3
     ae8: b8 05        	addi	a4, sp, 712
		...
     afe: 0d 00        	c.nop	3
     b00: f1 02        	addi	t0, t0, 28
		...
     b16: 0d 00        	c.nop	3
     b18: f8 05        	addi	a4, sp, 716
		...
     b2e: 0d 00        	c.nop	3
     b30: 94 03        	addi	a3, sp, 448
		...
     b46: 0d 00        	c.nop	3
     b48: 37 02 00 00  	lui	tp, 0
		...
     b5c: 00 00        	unimp	
     b5e: 0d 00        	c.nop	3
     b60: 17 03 00 00  	auipc	t1, 0
		...
     b74: 00 00        	unimp	
     b76: 0d 00        	c.nop	3
     b78: a1 00        	addi	ra, ra, 8
		...
     b8e: 0d 00        	c.nop	3
     b90: af 05 00 00  	<unknown>
		...
     ba4: 00 00        	unimp	
     ba6: 0d 00        	c.nop	3
     ba8: 44 04        	addi	s1, sp, 516
		...
     bbe: 0d 00        	c.nop	3
     bc0: 89 04        	addi	s1, s1, 2
		...
     bd6: 0d 00        	c.nop	3
     bd8: 84 00        	addi	s1, sp, 64
		...
     bee: 0d 00        	c.nop	3
     bf0: a3 05 00 00  	sb	zero, 11(zero)
		...
     c04: 00 00        	unimp	
     c06: 0d 00        	c.nop	3
     c08: 90 04        	addi	a2, sp, 576
		...
     c1e: 0d 00        	c.nop	3
     c20: 92 04        	slli	s1, s1, 4
		...
     c36: 0d 00        	c.nop	3
     c38: 97 04 00 00  	auipc	s1, 0
		...
     c4c: 00 00        	unimp	
     c4e: 0d 00        	c.nop	3
     c50: a7 00 00 00  	vse8.v	v1, (zero), v0.t
		...
     c64: 00 00        	unimp	
     c66: 0d 00        	c.nop	3
     c68: 86 00        	slli	ra, ra, 1
		...
     c7e: 0d 00        	c.nop	3
     c80: ef 05 00 00  	jal	a1, 0xc80 <.symtab+0xc80>
		...
     c94: 00 00        	unimp	
     c96: 0f 00 68 00  	<unknown>
		...
     ca6: 00 00        	unimp	
     ca8: 9e 00        	slli	ra, ra, 7
     caa: 00 00        	unimp	
     cac: 04 00        	<unknown>
     cae: f1 ff        	bnez	a5, 0xc8a <.symtab+0xc8a>
		...
     cc4: 00 00        	unimp	
     cc6: 09 00        	c.nop	2
     cc8: 25 03        	addi	t1, t1, 9
		...
     cde: 0c 00        	<unknown>
     ce0: c4 01        	addi	s1, sp, 196
		...
     cf6: 0e 00        	c.slli	zero, 3
     cf8: b0 00        	addi	a2, sp, 72
		...
     d0e: 0d 00        	c.nop	3
     d10: 48 01        	addi	a0, sp, 132
		...
     d26: 0d 00        	c.nop	3
     d28: 04 02        	addi	s1, sp, 256
		...
     d3e: 0d 00        	c.nop	3
     d40: 9c 03        	addi	a5, sp, 448
		...
     d56: 0d 00        	c.nop	3
     d58: ff 01 00 00  	<unknown>
		...
     d6c: 00 00        	unimp	
     d6e: 0d 00        	c.nop	3
     d70: 6a 05        	slli	a0, a0, 26
		...
     d86: 0d 00        	c.nop	3
     d88: 2b 02 00 00  	<unknown>
		...
     d9c: 00 00        	unimp	
     d9e: 0d 00        	c.nop	3
     da0: 46 04        	slli	s0, s0, 17
		...
     db6: 0d 00        	c.nop	3
     db8: a3 00 00 00  	sb	zero, 1(zero)
		...
     dcc: 00 00        	unimp	
     dce: 0d 00        	c.nop	3
     dd0: fb 02 00 00  	<unknown>
		...
     de4: 00 00        	unimp	
     de6: 0d 00        	c.nop	3
     de8: f2 05        	slli	a1, a1, 28
		...
     dfe: 0d 00        	c.nop	3
     e00: b9 02        	addi	t0, t0, 14
		...
     e16: 0d 00        	c.nop	3
     e18: 32 02        	slli	tp, tp, 12
		...
     e2e: 0d 00        	c.nop	3
     e30: 2d 04        	addi	s0, s0, 11
		...
     e46: 0d 00        	c.nop	3
     e48: 0f 06 00 00  	<unknown>
		...
     e5c: 00 00        	unimp	
     e5e: 0d 00        	c.nop	3
     e60: ac 00        	addi	a1, sp, 72
		...
     e76: 0d 00        	c.nop	3
     e78: 16 06        	slli	a2, a2, 5
		...
     e8e: 0d 00        	c.nop	3
     e90: 43 00 00 00  	fmadd.s	ft0, ft0, ft0, ft0, rne
		...
     ea4: 00 00        	unimp	
     ea6: 0d 00        	c.nop	3
     ea8: 4c 04        	addi	a1, sp, 516
		...
     ebe: 0d 00        	c.nop	3
     ec0: f6 05        	slli	a1, a1, 29
		...
     ed6: 0d 00        	c.nop	3
     ed8: 9b 04 00 00  	sext.w	s1, zero
		...
     eec: 00 00        	unimp	
     eee: 0d 00        	c.nop	3
     ef0: 55 00        	c.nop	21
		...
     f06: 0d 00        	c.nop	3
     f08: 15 03        	addi	t1, t1, 5
		...
     f1e: 0d 00        	c.nop	3
     f20: 87 04 00 00  	vle8.v	v9, (zero), v0.t
		...
     f34: 00 00        	unimp	
     f36: 0d 00        	c.nop	3
     f38: 86 00        	slli	ra, ra, 1
		...
     f4e: 0d 00        	c.nop	3
     f50: ef 05 00 00  	jal	a1, 0xf50 <.symtab+0xf50>
		...
     f64: 00 00        	unimp	
     f66: 0d 00        	c.nop	3
     f68: 56 02        	slli	tp, tp, 21
		...
     f7e: 0d 00        	c.nop	3
     f80: b2 05        	slli	a1, a1, 12
		...
     f96: 0d 00        	c.nop	3
     f98: d7 00 00 00  	vadd.vv	v1, v0, v0, v0.t
		...
     fac: 00 00        	unimp	
     fae: 0d 00        	c.nop	3
     fb0: da 00        	slli	ra, ra, 22
		...
     fc6: 0d 00        	c.nop	3
     fc8: 19 03        	addi	t1, t1, 6
		...
     fde: 0d 00        	c.nop	3
     fe0: a5 04        	addi	s1, s1, 9
		...
     ff6: 0d 00        	c.nop	3
     ff8: 84 00        	addi	s1, sp, 64
		...
    100e: 0d 00        	c.nop	3
    1010: 90 04        	addi	a2, sp, 576
		...
    1026: 0d 00        	c.nop	3
    1028: 1c 03        	addi	a5, sp, 384
		...
    103e: 0d 00        	c.nop	3
    1040: 4f 04 00 00  	fnmadd.s	fs0, ft0, ft0, ft0, rne
		...
    1054: 00 00        	unimp	
    1056: 0d 00        	c.nop	3
    1058: 79 00        	c.nop	30
		...
    106e: 0d 00        	c.nop	3
    1070: a1 00        	addi	ra, ra, 8
		...
    1086: 0d 00        	c.nop	3
    1088: ef 02 00 00  	jal	t0, 0x1088 <.symtab+0x1088>
		...
    109c: 00 00        	unimp	
    109e: 0d 00        	c.nop	3
    10a0: b2 00        	slli	ra, ra, 12
		...
    10b6: 0d 00        	c.nop	3
    10b8: f0 03        	addi	a2, sp, 460
		...
    10ce: 0d 00        	c.nop	3
    10d0: d4 05        	addi	a3, sp, 708
		...
    10e6: 0d 00        	c.nop	3
    10e8: eb 04 00 00  	<unknown>
		...
    10fc: 00 00        	unimp	
    10fe: 0d 00        	c.nop	3
    1100: 0b 03 00 00  	<unknown>
		...
    1114: 00 00        	unimp	
    1116: 0f 00 a8 00  	<unknown>
		...
    1126: 00 00        	unimp	
    1128: ab 00 00 00  	<unknown>
    112c: 04 00        	<unknown>
    112e: f1 ff        	bnez	a5, 0x110a <.symtab+0x110a>
		...
    1144: 00 00        	unimp	
    1146: 09 00        	c.nop	2
    1148: cd 08        	addi	a7, a7, 19
		...
    115e: 0c 00        	<unknown>
    1160: 78 02        	addi	a4, sp, 268
		...
    1176: 0e 00        	c.slli	zero, 3
    1178: 00 01        	addi	s0, sp, 128
		...
    118e: 0d 00        	c.nop	3
    1190: 48 01        	addi	a0, sp, 132
		...
    11a6: 0d 00        	c.nop	3
    11a8: 52 04        	slli	s0, s0, 20
		...
    11be: 0d 00        	c.nop	3
    11c0: 9c 03        	addi	a5, sp, 448
		...
    11d6: 0d 00        	c.nop	3
    11d8: ed 04        	addi	s1, s1, 27
		...
    11ee: 0d 00        	c.nop	3
    11f0: 6a 05        	slli	a0, a0, 26
		...
    1206: 0d 00        	c.nop	3
    1208: f0 04        	addi	a2, sp, 588
		...
    121e: 0d 00        	c.nop	3
    1220: da 05        	slli	a1, a1, 22
		...
    1236: 0d 00        	c.nop	3
    1238: b7 04 00 00  	lui	s1, 0
		...
    124c: 00 00        	unimp	
    124e: 0d 00        	c.nop	3
    1250: dd 05        	addi	a1, a1, 23
		...
    1266: 0d 00        	c.nop	3
    1268: a8 04        	addi	a0, sp, 584
		...
    127e: 0d 00        	c.nop	3
    1280: c3 05 00 00  	fmadd.s	fa1, ft0, ft0, ft0, rne
		...
    1294: 00 00        	unimp	
    1296: 0d 00        	c.nop	3
    1298: f2 05        	slli	a1, a1, 28
		...
    12ae: 0d 00        	c.nop	3
    12b0: d7 02 00 00  	vadd.vv	v5, v0, v0, v0.t
		...
    12c4: 00 00        	unimp	
    12c6: 0d 00        	c.nop	3
    12c8: 43 02 00 00  	fmadd.s	ft4, ft0, ft0, ft0, rne
		...
    12dc: 00 00        	unimp	
    12de: 0d 00        	c.nop	3
    12e0: 37 04 00 00  	lui	s0, 0
		...
    12f4: 00 00        	unimp	
    12f6: 0d 00        	c.nop	3
    12f8: 15 03        	addi	t1, t1, 5
		...
    130e: 0d 00        	c.nop	3
    1310: 87 04 00 00  	vle8.v	v9, (zero), v0.t
		...
    1324: 00 00        	unimp	
    1326: 0d 00        	c.nop	3
    1328: e0 05        	addi	s0, sp, 716
		...
    133e: 0d 00        	c.nop	3
    1340: cd 02        	addi	t0, t0, 19
		...
    1356: 0d 00        	c.nop	3
    1358: e9 05        	addi	a1, a1, 26
		...
    136e: 0d 00        	c.nop	3
    1370: ea 03        	slli	t2, t2, 26
		...
    1386: 0d 00        	c.nop	3
    1388: b3 04 00 00  	add	s1, zero, zero
		...
    139c: 00 00        	unimp	
    139e: 0d 00        	c.nop	3
    13a0: 36 00        	c.slli	zero, 13
		...
    13b6: 0d 00        	c.nop	3
    13b8: b8 05        	addi	a4, sp, 712
		...
    13ce: 0d 00        	c.nop	3
    13d0: f1 02        	addi	t0, t0, 28
		...
    13e6: 0d 00        	c.nop	3
    13e8: f8 05        	addi	a4, sp, 716
		...
    13fe: 0d 00        	c.nop	3
    1400: 37 02 00 00  	lui	tp, 0
		...
    1414: 00 00        	unimp	
    1416: 0d 00        	c.nop	3
    1418: 2d 04        	addi	s0, s0, 11
		...
    142e: 0d 00        	c.nop	3
    1430: ef 02 00 00  	jal	t0, 0x1430 <.symtab+0x1430>
		...
    1444: 00 00        	unimp	
    1446: 0d 00        	c.nop	3
    1448: d3 01 00 00  	fadd.s	ft3, ft0, ft0, rne
		...
    145c: 00 00        	unimp	
    145e: 0d 00        	c.nop	3
    1460: 44 04        	addi	s1, sp, 516
		...
    1476: 0f 00 08 01  	<unknown>
		...
    1486: 00 00        	unimp	
    1488: b3 00 00 00  	add	ra, zero, zero
    148c: 04 00        	<unknown>
    148e: f1 ff        	bnez	a5, 0x146a <.symtab+0x146a>
		...
    14a4: 00 00        	unimp	
    14a6: 09 00        	c.nop	2
    14a8: 5a 09        	slli	s2, s2, 22
		...
    14be: 0c 00        	<unknown>
    14c0: fc 02        	addi	a5, sp, 332
		...
    14d6: 0e 00        	c.slli	zero, 3
    14d8: 10 01        	addi	a2, sp, 128
		...
    14ee: 0d 00        	c.nop	3
    14f0: 48 01        	addi	a0, sp, 132
		...
    1506: 0d 00        	c.nop	3
    1508: 1e 03        	slli	t1, t1, 7
		...
    151e: 0d 00        	c.nop	3
    1520: 9c 03        	addi	a5, sp, 448
		...
    1536: 0d 00        	c.nop	3
    1538: 42 03        	slli	t1, t1, 16
		...
    154e: 0d 00        	c.nop	3
    1550: 6a 05        	slli	a0, a0, 26
		...
    1566: 0d 00        	c.nop	3
    1568: 36 00        	c.slli	zero, 13
		...
    157e: 0d 00        	c.nop	3
    1580: b8 05        	addi	a4, sp, 712
		...
    1596: 0d 00        	c.nop	3
    1598: d7 02 00 00  	vadd.vv	v5, v0, v0, v0.t
		...
    15ac: 00 00        	unimp	
    15ae: 0d 00        	c.nop	3
    15b0: 43 02 00 00  	fmadd.s	ft4, ft0, ft0, ft0, rne
		...
    15c4: 00 00        	unimp	
    15c6: 0d 00        	c.nop	3
    15c8: ac 00        	addi	a1, sp, 72
		...
    15de: 0d 00        	c.nop	3
    15e0: 15 03        	addi	t1, t1, 5
		...
    15f6: 0d 00        	c.nop	3
    15f8: ea 02        	slli	t0, t0, 26
		...
    160e: 0d 00        	c.nop	3
    1610: e9 05        	addi	a1, a1, 26
		...
    1626: 0d 00        	c.nop	3
    1628: ea 03        	slli	t2, t2, 26
		...
    163e: 0d 00        	c.nop	3
    1640: b3 04 00 00  	add	s1, zero, zero
		...
    1654: 00 00        	unimp	
    1656: 0d 00        	c.nop	3
    1658: f1 02        	addi	t0, t0, 28
		...
    166e: 0d 00        	c.nop	3
    1670: f8 05        	addi	a4, sp, 716
		...
    1686: 0d 00        	c.nop	3
    1688: d5 01        	addi	gp, gp, 21
		...
    169e: 0d 00        	c.nop	3
    16a0: f2 05        	slli	a1, a1, 28
		...
    16b6: 0d 00        	c.nop	3
    16b8: 2d 04        	addi	s0, s0, 11
		...
    16ce: 0d 00        	c.nop	3
    16d0: f3 03 00 00  	<unknown>
		...
    16e4: 00 00        	unimp	
    16e6: 0d 00        	c.nop	3
    16e8: a0 05        	addi	s0, sp, 712
		...
    16fe: 0d 00        	c.nop	3
    1700: 90 04        	addi	a2, sp, 576
		...
    1716: 0d 00        	c.nop	3
    1718: 84 00        	addi	s1, sp, 64
		...
    172e: 0d 00        	c.nop	3
    1730: 5b 02 00 00  	<unknown>
		...
    1744: 00 00        	unimp	
    1746: 0f 00 38 01  	<unknown>
		...
    1756: 00 00        	unimp	
    1758: bd 00        	addi	ra, ra, 15
    175a: 00 00        	unimp	
    175c: 04 00        	<unknown>
    175e: f1 ff        	bnez	a5, 0x173a <.symtab+0x173a>
		...
    1774: 00 00        	unimp	
    1776: 09 00        	c.nop	2
    1778: 3d 0a        	addi	s4, s4, 15
		...
    178e: 0c 00        	<unknown>
    1790: 68 03        	addi	a0, sp, 396
		...
    17a6: 0e 00        	c.slli	zero, 3
    17a8: 28 01        	addi	a0, sp, 136
		...
    17be: 0d 00        	c.nop	3
    17c0: 48 01        	addi	a0, sp, 132
		...
    17d6: 0d 00        	c.nop	3
    17d8: f3 04 00 00  	<unknown>
		...
    17ec: 00 00        	unimp	
    17ee: 0d 00        	c.nop	3
    17f0: 9c 03        	addi	a5, sp, 448
		...
    1806: 0d 00        	c.nop	3
    1808: 37 04 00 00  	lui	s0, 0
		...
    181c: 00 00        	unimp	
    181e: 0d 00        	c.nop	3
    1820: 6a 05        	slli	a0, a0, 26
		...
    1836: 0d 00        	c.nop	3
    1838: f2 05        	slli	a1, a1, 28
		...
    184e: 0d 00        	c.nop	3
    1850: 74 04        	addi	a3, sp, 524
		...
    1866: 0d 00        	c.nop	3
    1868: 2d 04        	addi	s0, s0, 11
		...
    187e: 0d 00        	c.nop	3
    1880: 20 04        	addi	s0, sp, 520
		...
    1896: 0d 00        	c.nop	3
    1898: ba 04        	slli	s1, s1, 14
		...
    18ae: 0d 00        	c.nop	3
    18b0: 87 04 00 00  	vle8.v	v9, (zero), v0.t
		...
    18c4: 00 00        	unimp	
    18c6: 0d 00        	c.nop	3
    18c8: b9 02        	addi	t0, t0, 14
		...
    18de: 0d 00        	c.nop	3
    18e0: 15 03        	addi	t1, t1, 5
		...
    18f6: 0d 00        	c.nop	3
    18f8: ef 02 00 00  	jal	t0, 0x18f8 <.symtab+0x18f8>
		...
    190c: 00 00        	unimp	
    190e: 0d 00        	c.nop	3
    1910: cd 02        	addi	t0, t0, 19
		...
    1926: 0d 00        	c.nop	3
    1928: e9 05        	addi	a1, a1, 26
		...
    193e: 0d 00        	c.nop	3
    1940: ea 03        	slli	t2, t2, 26
		...
    1956: 0d 00        	c.nop	3
    1958: b3 04 00 00  	add	s1, zero, zero
		...
    196c: 00 00        	unimp	
    196e: 0d 00        	c.nop	3
    1970: 36 00        	c.slli	zero, 13
		...
    1986: 0d 00        	c.nop	3
    1988: b8 05        	addi	a4, sp, 712
		...
    199e: 0d 00        	c.nop	3
    19a0: f1 02        	addi	t0, t0, 28
		...
    19b6: 0d 00        	c.nop	3
    19b8: f8 05        	addi	a4, sp, 716
		...
    19ce: 0d 00        	c.nop	3
    19d0: 37 02 00 00  	lui	tp, 0
		...
    19e4: 00 00        	unimp	
    19e6: 0d 00        	c.nop	3
    19e8: a1 00        	addi	ra, ra, 8
		...
    19fe: 0f 00 68 01  	<unknown>
		...
    1a0e: 00 00        	unimp	
    1a10: c5 00        	addi	ra, ra, 17
    1a12: 00 00        	unimp	
    1a14: 04 00        	<unknown>
    1a16: f1 ff        	bnez	a5, 0x19f2 <.symtab+0x19f2>
		...
    1a2c: 00 00        	unimp	
    1a2e: 09 00        	c.nop	2
    1a30: 73 0a 00 00  	<unknown>
		...
    1a44: 00 00        	unimp	
    1a46: 0c 00        	<unknown>
    1a48: d0 03        	addi	a2, sp, 452
		...
    1a5e: 0e 00        	c.slli	zero, 3
    1a60: 68 01        	addi	a0, sp, 140
		...
    1a76: 0d 00        	c.nop	3
    1a78: 48 01        	addi	a0, sp, 132
		...
    1a8e: 0d 00        	c.nop	3
    1a90: dd 00        	addi	ra, ra, 23
		...
    1aa6: 0d 00        	c.nop	3
    1aa8: 9c 03        	addi	a5, sp, 448
		...
    1abe: 0d 00        	c.nop	3
    1ac0: d8 01        	addi	a4, sp, 196
		...
    1ad6: 0d 00        	c.nop	3
    1ad8: e3 05 00 00  	beqz	zero, 0x22e2 <.symtab+0x22e2>
		...
    1aec: 00 00        	unimp	
    1aee: 0d 00        	c.nop	3
    1af0: f2 05        	slli	a1, a1, 28
		...
    1b06: 0d 00        	c.nop	3
    1b08: 47 03 00 00  	fmsub.s	ft6, ft0, ft0, ft0, rne
		...
    1b1c: 00 00        	unimp	
    1b1e: 0d 00        	c.nop	3
    1b20: 2d 04        	addi	s0, s0, 11
		...
    1b36: 0d 00        	c.nop	3
    1b38: 89 00        	addi	ra, ra, 2
		...
    1b4e: 0d 00        	c.nop	3
    1b50: 60 02        	addi	s0, sp, 268
		...
    1b66: 0d 00        	c.nop	3
    1b68: 87 04 00 00  	vle8.v	v9, (zero), v0.t
		...
    1b7c: 00 00        	unimp	
    1b7e: 0d 00        	c.nop	3
    1b80: b9 02        	addi	t0, t0, 14
		...
    1b96: 0d 00        	c.nop	3
    1b98: 15 03        	addi	t1, t1, 5
		...
    1bae: 0d 00        	c.nop	3
    1bb0: ef 02 00 00  	jal	t0, 0x1bb0 <.symtab+0x1bb0>
		...
    1bc4: 00 00        	unimp	
    1bc6: 0d 00        	c.nop	3
    1bc8: f6 03        	slli	t2, t2, 29
		...
    1bde: 0d 00        	c.nop	3
    1be0: e9 05        	addi	a1, a1, 26
		...
    1bf6: 0d 00        	c.nop	3
    1bf8: 65 02        	addi	tp, tp, 25
		...
    1c0e: 0d 00        	c.nop	3
    1c10: 36 00        	c.slli	zero, 13
		...
    1c26: 0d 00        	c.nop	3
    1c28: b8 05        	addi	a4, sp, 712
		...
    1c3e: 0d 00        	c.nop	3
    1c40: 32 01        	slli	sp, sp, 12
		...
    1c56: 0d 00        	c.nop	3
    1c58: 37 02 00 00  	lui	tp, 0
		...
    1c6c: 00 00        	unimp	
    1c6e: 0d 00        	c.nop	3
    1c70: a1 00        	addi	ra, ra, 8
		...
    1c86: 0f 00 a0 01  	fence	w, ir
		...
    1c96: 00 00        	unimp	
    1c98: ce 00        	slli	ra, ra, 19
    1c9a: 00 00        	unimp	
    1c9c: 04 00        	<unknown>
    1c9e: f1 ff        	bnez	a5, 0x1c7a <.symtab+0x1c7a>
		...
    1cb4: 00 00        	unimp	
    1cb6: 09 00        	c.nop	2
    1cb8: ae 0a        	slli	s5, s5, 11
		...
    1cce: 0c 00        	<unknown>
    1cd0: 30 04        	addi	a2, sp, 520
		...
    1ce6: 0e 00        	c.slli	zero, 3
    1ce8: a8 01        	addi	a0, sp, 200
		...
    1cfe: 0d 00        	c.nop	3
    1d00: 48 01        	addi	a0, sp, 132
		...
    1d16: 0d 00        	c.nop	3
    1d18: be 04        	slli	s1, s1, 15
		...
    1d2e: 0d 00        	c.nop	3
    1d30: 9c 03        	addi	a5, sp, 448
		...
    1d46: 0d 00        	c.nop	3
    1d48: ed 04        	addi	s1, s1, 27
		...
    1d5e: 0d 00        	c.nop	3
    1d60: e3 05 00 00  	beqz	zero, 0x256a <.symtab+0x256a>
		...
    1d74: 00 00        	unimp	
    1d76: 0d 00        	c.nop	3
    1d78: f0 04        	addi	a2, sp, 588
		...
    1d8e: 0d 00        	c.nop	3
    1d90: da 05        	slli	a1, a1, 22
		...
    1da6: 0d 00        	c.nop	3
    1da8: b7 04 00 00  	lui	s1, 0
		...
    1dbc: 00 00        	unimp	
    1dbe: 0d 00        	c.nop	3
    1dc0: dd 05        	addi	a1, a1, 23
		...
    1dd6: 0d 00        	c.nop	3
    1dd8: a8 04        	addi	a0, sp, 584
		...
    1dee: 0d 00        	c.nop	3
    1df0: c3 05 00 00  	fmadd.s	fa1, ft0, ft0, ft0, rne
		...
    1e04: 00 00        	unimp	
    1e06: 0d 00        	c.nop	3
    1e08: f2 05        	slli	a1, a1, 28
		...
    1e1e: 0d 00        	c.nop	3
    1e20: d8 01        	addi	a4, sp, 196
		...
    1e36: 0d 00        	c.nop	3
    1e38: 15 03        	addi	t1, t1, 5
		...
    1e4e: 0d 00        	c.nop	3
    1e50: 87 04 00 00  	vle8.v	v9, (zero), v0.t
		...
    1e64: 00 00        	unimp	
    1e66: 0d 00        	c.nop	3
    1e68: e0 05        	addi	s0, sp, 716
		...
    1e7e: 0d 00        	c.nop	3
    1e80: f6 03        	slli	t2, t2, 29
		...
    1e96: 0d 00        	c.nop	3
    1e98: e9 05        	addi	a1, a1, 26
		...
    1eae: 0d 00        	c.nop	3
    1eb0: 65 02        	addi	tp, tp, 25
		...
    1ec6: 0d 00        	c.nop	3
    1ec8: 36 00        	c.slli	zero, 13
		...
    1ede: 0d 00        	c.nop	3
    1ee0: b8 05        	addi	a4, sp, 712
		...
    1ef6: 0d 00        	c.nop	3
    1ef8: 32 01        	slli	sp, sp, 12
		...
    1f0e: 0d 00        	c.nop	3
    1f10: 37 02 00 00  	lui	tp, 0
		...
    1f24: 00 00        	unimp	
    1f26: 0d 00        	c.nop	3
    1f28: 2d 04        	addi	s0, s0, 11
		...
    1f3e: 0d 00        	c.nop	3
    1f40: ef 02 00 00  	jal	t0, 0x1f40 <.symtab+0x1f40>
		...
    1f54: 00 00        	unimp	
    1f56: 0d 00        	c.nop	3
    1f58: d3 01 00 00  	fadd.s	ft3, ft0, ft0, rne
		...
    1f6c: 00 00        	unimp	
    1f6e: 0d 00        	c.nop	3
    1f70: 44 04        	addi	s1, sp, 516
		...
    1f86: 0f 00 d8 01  	<unknown>
		...
    1f96: 00 00        	unimp	
    1f98: d7 00 00 00  	vadd.vv	v1, v0, v0, v0.t
    1f9c: 04 00        	<unknown>
    1f9e: f1 ff        	bnez	a5, 0x1f7a <.symtab+0x1f7a>
		...
    1fb4: 00 00        	unimp	
    1fb6: 09 00        	c.nop	2
    1fb8: 2e 0b        	slli	s6, s6, 11
		...
    1fce: 0c 00        	<unknown>
    1fd0: a4 04        	addi	s1, sp, 584
		...
    1fe6: 0e 00        	c.slli	zero, 3
    1fe8: b8 01        	addi	a4, sp, 200
		...
    1ffe: 0d 00        	c.nop	3
    2000: 48 01        	addi	a0, sp, 132
		...
    2016: 0d 00        	c.nop	3
    2018: 0e 00        	c.slli	zero, 3
		...
    202e: 0d 00        	c.nop	3
    2030: 9c 03        	addi	a5, sp, 448
		...
    2046: 0d 00        	c.nop	3
		...
    205c: 00 00        	unimp	
    205e: 0d 00        	c.nop	3
    2060: e3 05 00 00  	beqz	zero, 0x286a <.symtab+0x286a>
		...
    2074: 00 00        	unimp	
    2076: 0d 00        	c.nop	3
    2078: 98 05        	addi	a4, sp, 704
		...
    208e: 0d 00        	c.nop	3
    2090: 72 00        	c.slli	zero, 28
		...
    20a6: 0d 00        	c.nop	3
    20a8: 03 03 00 00  	lb	t1, 0(zero)
		...
    20bc: 00 00        	unimp	
    20be: 0d 00        	c.nop	3
    20c0: 7c 00        	addi	a5, sp, 12
		...
    20d6: 0d 00        	c.nop	3
    20d8: c3 05 00 00  	fmadd.s	fa1, ft0, ft0, ft0, rne
		...
    20ec: 00 00        	unimp	
    20ee: 0d 00        	c.nop	3
    20f0: 07 00 00 00  	vle8.v	v0, (zero), v0.t
		...
    2104: 00 00        	unimp	
    2106: 0d 00        	c.nop	3
    2108: 8c 03        	addi	a1, sp, 448
		...
    211e: 0d 00        	c.nop	3
    2120: 57 00 00 00  	vadd.vv	v0, v0, v0, v0.t
		...
    2134: 00 00        	unimp	
    2136: 0d 00        	c.nop	3
    2138: ff 01 00 00  	<unknown>
		...
    214c: 00 00        	unimp	
    214e: 0d 00        	c.nop	3
    2150: 3a 02        	slli	tp, tp, 14
		...
    2166: 0d 00        	c.nop	3
    2168: f2 05        	slli	a1, a1, 28
		...
    217e: 0d 00        	c.nop	3
    2180: 2d 04        	addi	s0, s0, 11
		...
    2196: 0d 00        	c.nop	3
    2198: b9 02        	addi	t0, t0, 14
		...
    21ae: 0d 00        	c.nop	3
    21b0: c8 05        	addi	a0, sp, 708
		...
    21c6: 0d 00        	c.nop	3
    21c8: e6 01        	slli	gp, gp, 25
		...
    21de: 0d 00        	c.nop	3
    21e0: 5c 00        	addi	a5, sp, 4
		...
    21f6: 0d 00        	c.nop	3
    21f8: 47 03 00 00  	fmsub.s	ft6, ft0, ft0, ft0, rne
		...
    220c: 00 00        	unimp	
    220e: 0d 00        	c.nop	3
    2210: e8 04        	addi	a0, sp, 588
		...
    2226: 0d 00        	c.nop	3
    2228: 15 03        	addi	t1, t1, 5
		...
    223e: 0d 00        	c.nop	3
    2240: 87 04 00 00  	vle8.v	v9, (zero), v0.t
		...
    2254: 00 00        	unimp	
    2256: 0d 00        	c.nop	3
    2258: f6 03        	slli	t2, t2, 29
		...
    226e: 0d 00        	c.nop	3
    2270: e9 05        	addi	a1, a1, 26
		...
    2286: 0d 00        	c.nop	3
    2288: 65 02        	addi	tp, tp, 25
		...
    229e: 0d 00        	c.nop	3
    22a0: 36 00        	c.slli	zero, 13
		...
    22b6: 0d 00        	c.nop	3
    22b8: b8 05        	addi	a4, sp, 712
		...
    22ce: 0d 00        	c.nop	3
    22d0: 32 01        	slli	sp, sp, 12
		...
    22e6: 0d 00        	c.nop	3
    22e8: 94 03        	addi	a3, sp, 448
		...
    22fe: 0d 00        	c.nop	3
    2300: 37 02 00 00  	lui	tp, 0
		...
    2314: 00 00        	unimp	
    2316: 0d 00        	c.nop	3
    2318: ef 02 00 00  	jal	t0, 0x2318 <.symtab+0x2318>
		...
    232c: 00 00        	unimp	
    232e: 0d 00        	c.nop	3
    2330: 17 03 00 00  	auipc	t1, 0
		...
    2344: 00 00        	unimp	
    2346: 0d 00        	c.nop	3
    2348: a1 00        	addi	ra, ra, 8
		...
    235e: 0d 00        	c.nop	3
    2360: af 05 00 00  	<unknown>
		...
    2374: 00 00        	unimp	
    2376: 0d 00        	c.nop	3
    2378: 44 04        	addi	s1, sp, 516
		...
    238e: 0d 00        	c.nop	3
    2390: 89 04        	addi	s1, s1, 2
		...
    23a6: 0d 00        	c.nop	3
    23a8: 84 00        	addi	s1, sp, 64
		...
    23be: 0d 00        	c.nop	3
    23c0: a3 05 00 00  	sb	zero, 11(zero)
		...
    23d4: 00 00        	unimp	
    23d6: 0d 00        	c.nop	3
    23d8: 90 04        	addi	a2, sp, 576
		...
    23ee: 0d 00        	c.nop	3
    23f0: 86 00        	slli	ra, ra, 1
		...
    2406: 0d 00        	c.nop	3
    2408: ef 05 00 00  	jal	a1, 0x2408 <.symtab+0x2408>
		...
    241c: 00 00        	unimp	
    241e: 0d 00        	c.nop	3
    2420: 00 01        	addi	s0, sp, 128
		...
    2436: 0f 00 08 02  	<unknown>
		...
    2446: 00 00        	unimp	
    2448: e5 00        	addi	ra, ra, 25
    244a: 00 00        	unimp	
    244c: 04 00        	<unknown>
    244e: f1 ff        	bnez	a5, 0x242a <.symtab+0x242a>
		...
    2464: 00 00        	unimp	
    2466: 09 00        	c.nop	2
    2468: cf 0c 00 00  	fnmadd.s	fs9, ft0, ft0, ft0, rne
		...
    247c: 00 00        	unimp	
    247e: 0c 00        	<unknown>
    2480: 60 05        	addi	s0, sp, 652
		...
    2496: 0e 00        	c.slli	zero, 3
    2498: 10 02        	addi	a2, sp, 256
		...
    24ae: 0d 00        	c.nop	3
    24b0: 48 01        	addi	a0, sp, 132
		...
    24c6: 0d 00        	c.nop	3
    24c8: 6a 02        	slli	tp, tp, 26
		...
    24de: 0d 00        	c.nop	3
    24e0: 9c 03        	addi	a5, sp, 448
		...
    24f6: 0d 00        	c.nop	3
    24f8: ff 01 00 00  	<unknown>
		...
    250c: 00 00        	unimp	
    250e: 0d 00        	c.nop	3
    2510: e3 05 00 00  	beqz	zero, 0x2d1a <.symtab+0x2d1a>
		...
    2524: 00 00        	unimp	
    2526: 0d 00        	c.nop	3
    2528: ec 01        	addi	a1, sp, 204
		...
    253e: 0d 00        	c.nop	3
    2540: 57 00 00 00  	vadd.vv	v0, v0, v0, v0.t
		...
    2554: 00 00        	unimp	
    2556: 0d 00        	c.nop	3
    2558: a3 00 00 00  	sb	zero, 1(zero)
		...
    256c: 00 00        	unimp	
    256e: 0d 00        	c.nop	3
    2570: fb 02 00 00  	<unknown>
		...
    2584: 00 00        	unimp	
    2586: 0d 00        	c.nop	3
    2588: f2 05        	slli	a1, a1, 28
		...
    259e: 0d 00        	c.nop	3
    25a0: b9 02        	addi	t0, t0, 14
		...
    25b6: 0d 00        	c.nop	3
    25b8: 32 02        	slli	tp, tp, 12
		...
    25ce: 0d 00        	c.nop	3
    25d0: 2d 04        	addi	s0, s0, 11
		...
    25e6: 0d 00        	c.nop	3
    25e8: ab 04 00 00  	<unknown>
		...
    25fc: 00 00        	unimp	
    25fe: 0d 00        	c.nop	3
    2600: 9e 04        	slli	s1, s1, 7
		...
    2616: 0d 00        	c.nop	3
    2618: 16 06        	slli	a2, a2, 5
		...
    262e: 0d 00        	c.nop	3
    2630: 5c 00        	addi	a5, sp, 4
		...
    2646: 0d 00        	c.nop	3
    2648: 4c 04        	addi	a1, sp, 516
		...
    265e: 0d 00        	c.nop	3
    2660: f6 05        	slli	a1, a1, 29
		...
    2676: 0d 00        	c.nop	3
    2678: 9b 04 00 00  	sext.w	s1, zero
		...
    268c: 00 00        	unimp	
    268e: 0d 00        	c.nop	3
    2690: 55 00        	c.nop	21
		...
    26a6: 0d 00        	c.nop	3
    26a8: 15 03        	addi	t1, t1, 5
		...
    26be: 0d 00        	c.nop	3
    26c0: 87 04 00 00  	vle8.v	v9, (zero), v0.t
		...
    26d4: 00 00        	unimp	
    26d6: 0d 00        	c.nop	3
    26d8: 86 00        	slli	ra, ra, 1
		...
    26ee: 0d 00        	c.nop	3
    26f0: ef 05 00 00  	jal	a1, 0x26f0 <.symtab+0x26f0>
		...
    2704: 00 00        	unimp	
    2706: 0d 00        	c.nop	3
    2708: 56 02        	slli	tp, tp, 21
		...
    271e: 0d 00        	c.nop	3
    2720: b2 05        	slli	a1, a1, 12
		...
    2736: 0d 00        	c.nop	3
    2738: d7 00 00 00  	vadd.vv	v1, v0, v0, v0.t
		...
    274c: 00 00        	unimp	
    274e: 0d 00        	c.nop	3
    2750: da 00        	slli	ra, ra, 22
		...
    2766: 0d 00        	c.nop	3
    2768: 19 03        	addi	t1, t1, 6
		...
    277e: 0d 00        	c.nop	3
    2780: a5 04        	addi	s1, s1, 9
		...
    2796: 0d 00        	c.nop	3
    2798: 84 00        	addi	s1, sp, 64
		...
    27ae: 0d 00        	c.nop	3
    27b0: 90 04        	addi	a2, sp, 576
		...
    27c6: 0d 00        	c.nop	3
    27c8: 1c 03        	addi	a5, sp, 384
		...
    27de: 0d 00        	c.nop	3
    27e0: 4f 04 00 00  	fnmadd.s	fs0, ft0, ft0, ft0, rne
		...
    27f4: 00 00        	unimp	
    27f6: 0d 00        	c.nop	3
    27f8: 79 00        	c.nop	30
		...
    280e: 0d 00        	c.nop	3
    2810: a1 00        	addi	ra, ra, 8
		...
    2826: 0d 00        	c.nop	3
    2828: ef 02 00 00  	jal	t0, 0x2828 <.symtab+0x2828>
		...
    283c: 00 00        	unimp	
    283e: 0d 00        	c.nop	3
    2840: b2 00        	slli	ra, ra, 12
		...
    2856: 0d 00        	c.nop	3
    2858: f0 03        	addi	a2, sp, 460
		...
    286e: 0d 00        	c.nop	3
    2870: d4 05        	addi	a3, sp, 708
		...
    2886: 0d 00        	c.nop	3
    2888: eb 04 00 00  	<unknown>
		...
    289c: 00 00        	unimp	
    289e: 0d 00        	c.nop	3
    28a0: 0b 03 00 00  	<unknown>
		...
    28b4: 00 00        	unimp	
    28b6: 0f 00 48 02  	<unknown>
		...
    28c6: 00 00        	unimp	
    28c8: f3 00 00 00  	<unknown>
    28cc: 04 00        	<unknown>
    28ce: f1 ff        	bnez	a5, 0x28aa <.symtab+0x28aa>
		...
    28e4: 00 00        	unimp	
    28e6: 09 00        	c.nop	2
    28e8: 37 12 00 00  	lui	tp, 1
		...
    28fc: 00 00        	unimp	
    28fe: 0c 00        	<unknown>
    2900: 14 06        	addi	a3, sp, 768
		...
    2916: 0e 00        	c.slli	zero, 3
    2918: 60 02        	addi	s0, sp, 268
		...
    292e: 0d 00        	c.nop	3
    2930: 48 01        	addi	a0, sp, 132
		...
    2946: 0d 00        	c.nop	3
    2948: fb 03 00 00  	<unknown>
		...
    295c: 00 00        	unimp	
    295e: 0d 00        	c.nop	3
    2960: 9c 03        	addi	a5, sp, 448
		...
    2976: 0d 00        	c.nop	3
    2978: 42 03        	slli	t1, t1, 16
		...
    298e: 0d 00        	c.nop	3
    2990: e3 05 00 00  	beqz	zero, 0x319a <.symtab+0x319a>
		...
    29a4: 00 00        	unimp	
    29a6: 0d 00        	c.nop	3
    29a8: 9e 04        	slli	s1, s1, 7
		...
    29be: 0d 00        	c.nop	3
    29c0: 15 03        	addi	t1, t1, 5
		...
    29d6: 0d 00        	c.nop	3
    29d8: f6 03        	slli	t2, t2, 29
		...
    29ee: 0d 00        	c.nop	3
    29f0: e9 05        	addi	a1, a1, 26
		...
    2a06: 0d 00        	c.nop	3
    2a08: 65 02        	addi	tp, tp, 25
		...
    2a1e: 0d 00        	c.nop	3
    2a20: 36 00        	c.slli	zero, 13
		...
    2a36: 0d 00        	c.nop	3
    2a38: b8 05        	addi	a4, sp, 712
		...
    2a4e: 0d 00        	c.nop	3
    2a50: 32 01        	slli	sp, sp, 12
		...
    2a66: 0d 00        	c.nop	3
    2a68: f3 03 00 00  	<unknown>
		...
    2a7c: 00 00        	unimp	
    2a7e: 0d 00        	c.nop	3
    2a80: f2 05        	slli	a1, a1, 28
		...
    2a96: 0d 00        	c.nop	3
    2a98: 2d 04        	addi	s0, s0, 11
		...
    2aae: 0d 00        	c.nop	3
    2ab0: 37 02 00 00  	lui	tp, 0
		...
    2ac4: 00 00        	unimp	
    2ac6: 0d 00        	c.nop	3
    2ac8: a0 05        	addi	s0, sp, 712
		...
    2ade: 0d 00        	c.nop	3
    2ae0: 90 04        	addi	a2, sp, 576
		...
    2af6: 0d 00        	c.nop	3
    2af8: 00 01        	addi	s0, sp, 128
		...
    2b0e: 0f 00 a8 02  	<unknown>
		...
    2b1e: 00 00        	unimp	
    2b20: fe 00        	slli	ra, ra, 31
    2b22: 00 00        	unimp	
    2b24: 04 00        	<unknown>
    2b26: f1 ff        	bnez	a5, 0x2b02 <.symtab+0x2b02>
		...
    2b3c: 00 00        	unimp	
    2b3e: 09 00        	c.nop	2
    2b40: 96 12        	slli	t0, t0, 37
		...
    2b56: 0c 00        	<unknown>
    2b58: 6c 06        	addi	a1, sp, 780
		...
    2b6e: 0e 00        	c.slli	zero, 3
    2b70: 78 02        	addi	a4, sp, 268
		...
    2b86: 0d 00        	c.nop	3
    2b88: 48 01        	addi	a0, sp, 132
		...
    2b9e: 0d 00        	c.nop	3
    2ba0: 15 05        	addi	a0, a0, 5
		...
    2bb6: 0d 00        	c.nop	3
    2bb8: 9c 03        	addi	a5, sp, 448
		...
    2bce: 0d 00        	c.nop	3
    2bd0: a3 00 00 00  	sb	zero, 1(zero)
		...
    2be4: 00 00        	unimp	
    2be6: 0d 00        	c.nop	3
    2be8: e3 05 00 00  	beqz	zero, 0x33f2 <.symtab+0x33f2>
		...
    2bfc: 00 00        	unimp	
    2bfe: 0d 00        	c.nop	3
    2c00: ac 05        	addi	a1, sp, 712
		...
    2c16: 0d 00        	c.nop	3
    2c18: 8b 04 00 00  	<unknown>
		...
    2c2c: 00 00        	unimp	
    2c2e: 0d 00        	c.nop	3
    2c30: f9 01        	addi	gp, gp, 30
		...
    2c46: 0d 00        	c.nop	3
    2c48: fc 01        	addi	a5, sp, 204
		...
    2c5e: 0d 00        	c.nop	3
    2c60: f5 02        	addi	t0, t0, 29
		...
    2c76: 0d 00        	c.nop	3
    2c78: f8 02        	addi	a4, sp, 332
		...
    2c8e: 0d 00        	c.nop	3
    2c90: f2 05        	slli	a1, a1, 28
		...
    2ca6: 0d 00        	c.nop	3
    2ca8: 89 00        	addi	ra, ra, 2
		...
    2cbe: 0d 00        	c.nop	3
    2cc0: 15 03        	addi	t1, t1, 5
		...
    2cd6: 0d 00        	c.nop	3
    2cd8: 87 04 00 00  	vle8.v	v9, (zero), v0.t
		...
    2cec: 00 00        	unimp	
    2cee: 0d 00        	c.nop	3
    2cf0: f6 03        	slli	t2, t2, 29
		...
    2d06: 0d 00        	c.nop	3
    2d08: e9 05        	addi	a1, a1, 26
		...
    2d1e: 0d 00        	c.nop	3
    2d20: 65 02        	addi	tp, tp, 25
		...
    2d36: 0d 00        	c.nop	3
    2d38: 36 00        	c.slli	zero, 13
		...
    2d4e: 0d 00        	c.nop	3
    2d50: b8 05        	addi	a4, sp, 712
		...
    2d66: 0d 00        	c.nop	3
    2d68: 32 01        	slli	sp, sp, 12
		...
    2d7e: 0d 00        	c.nop	3
    2d80: 37 02 00 00  	lui	tp, 0
		...
    2d94: 00 00        	unimp	
    2d96: 0d 00        	c.nop	3
    2d98: 2d 04        	addi	s0, s0, 11
		...
    2dae: 0d 00        	c.nop	3
    2db0: ef 02 00 00  	jal	t0, 0x2db0 <.symtab+0x2db0>
		...
    2dc4: 00 00        	unimp	
    2dc6: 0d 00        	c.nop	3
    2dc8: 44 04        	addi	s1, sp, 516
		...
    2dde: 0d 00        	c.nop	3
    2de0: 6f 00 00 00  	j	0x2de0 <.symtab+0x2de0>
		...
    2df4: 00 00        	unimp	
    2df6: 0d 00        	c.nop	3
    2df8: 89 03        	addi	t2, t2, 2
		...
    2e0e: 0d 00        	c.nop	3
    2e10: 8e 04        	slli	s1, s1, 3
		...
    2e26: 0f 00 d8 02  	<unknown>
		...
    2e36: 00 00        	unimp	
    2e38: 07 01 00 00  	vle8.v	v2, (zero), v0.t
    2e3c: 04 00        	<unknown>
    2e3e: f1 ff        	bnez	a5, 0x2e1a <.symtab+0x2e1a>
		...
    2e54: 00 00        	unimp	
    2e56: 09 00        	c.nop	2
    2e58: 2b 13 00 00  	<unknown>
		...
    2e6c: 00 00        	unimp	
    2e6e: 0c 00        	<unknown>
    2e70: e4 06        	addi	s1, sp, 844
		...
    2e86: 0e 00        	c.slli	zero, 3
    2e88: 88 02        	addi	a0, sp, 320
		...
    2e9e: 0d 00        	c.nop	3
    2ea0: 48 01        	addi	a0, sp, 132
		...
    2eb6: 0d 00        	c.nop	3
    2eb8: 92 02        	slli	t0, t0, 4
		...
    2ece: 0d 00        	c.nop	3
    2ed0: 9c 03        	addi	a5, sp, 448
		...
    2ee6: 0d 00        	c.nop	3
    2ee8: 5b 03 00 00  	<unknown>
		...
    2efc: 00 00        	unimp	
    2efe: 0d 00        	c.nop	3
    2f00: 6a 05        	slli	a0, a0, 26
		...
    2f16: 0d 00        	c.nop	3
    2f18: 97 03 00 00  	auipc	t2, 0
		...
    2f2c: 00 00        	unimp	
    2f2e: 0d 00        	c.nop	3
    2f30: 42 03        	slli	t1, t1, 16
		...
    2f46: 0d 00        	c.nop	3
    2f48: e1 04        	addi	s1, s1, 24
		...
    2f5e: 0d 00        	c.nop	3
    2f60: d7 02 00 00  	vadd.vv	v5, v0, v0, v0.t
		...
    2f74: 00 00        	unimp	
    2f76: 0d 00        	c.nop	3
    2f78: 43 02 00 00  	fmadd.s	ft4, ft0, ft0, ft0, rne
		...
    2f8c: 00 00        	unimp	
    2f8e: 0d 00        	c.nop	3
    2f90: 0f 06 00 00  	<unknown>
		...
    2fa4: 00 00        	unimp	
    2fa6: 0d 00        	c.nop	3
    2fa8: 15 03        	addi	t1, t1, 5
		...
    2fbe: 0d 00        	c.nop	3
    2fc0: a1 00        	addi	ra, ra, 8
		...
    2fd6: 0d 00        	c.nop	3
    2fd8: f2 05        	slli	a1, a1, 28
		...
    2fee: 0d 00        	c.nop	3
    2ff0: ea 02        	slli	t0, t0, 26
		...
    3006: 0d 00        	c.nop	3
    3008: e9 05        	addi	a1, a1, 26
		...
    301e: 0d 00        	c.nop	3
    3020: ea 03        	slli	t2, t2, 26
		...
    3036: 0d 00        	c.nop	3
    3038: b3 04 00 00  	add	s1, zero, zero
		...
    304c: 00 00        	unimp	
    304e: 0d 00        	c.nop	3
    3050: 36 00        	c.slli	zero, 13
		...
    3066: 0d 00        	c.nop	3
    3068: b8 05        	addi	a4, sp, 712
		...
    307e: 0d 00        	c.nop	3
    3080: f1 02        	addi	t0, t0, 28
		...
    3096: 0d 00        	c.nop	3
    3098: f8 05        	addi	a4, sp, 716
		...
    30ae: 0d 00        	c.nop	3
    30b0: 97 00 00 00  	auipc	ra, 0
		...
    30c4: 00 00        	unimp	
    30c6: 0d 00        	c.nop	3
    30c8: 2d 04        	addi	s0, s0, 11
		...
    30de: 0d 00        	c.nop	3
    30e0: eb 04 00 00  	<unknown>
		...
    30f4: 00 00        	unimp	
    30f6: 0d 00        	c.nop	3
    30f8: a7 00 00 00  	vse8.v	v1, (zero), v0.t
		...
    310c: 00 00        	unimp	
    310e: 0d 00        	c.nop	3
    3110: 94 03        	addi	a3, sp, 448
		...
    3126: 0f 00 08 03  	<unknown>
		...
    3136: 00 00        	unimp	
    3138: 12 01        	slli	sp, sp, 4
    313a: 00 00        	unimp	
    313c: 04 00        	<unknown>
    313e: f1 ff        	bnez	a5, 0x311a <.symtab+0x311a>
		...
    3154: 00 00        	unimp	
    3156: 09 00        	c.nop	2
    3158: ef 13 00 00  	jal	t2, 0x4158 <.symtab+0x4158>
		...
    316c: 00 00        	unimp	
    316e: 0c 00        	<unknown>
    3170: 58 07        	addi	a4, sp, 900
		...
    3186: 0e 00        	c.slli	zero, 3
    3188: a8 02        	addi	a0, sp, 328
		...
    319e: 0d 00        	c.nop	3
    31a0: 48 01        	addi	a0, sp, 132
		...
    31b6: 0d 00        	c.nop	3
    31b8: 61 03        	addi	t1, t1, 24
		...
    31ce: 0d 00        	c.nop	3
    31d0: 9c 03        	addi	a5, sp, 448
		...
    31e6: 0d 00        	c.nop	3
    31e8: 38 05        	addi	a4, sp, 648
		...
    31fe: 0d 00        	c.nop	3
    3200: e3 05 00 00  	beqz	zero, 0x3a0a <.symtab+0x3a0a>
		...
    3214: 00 00        	unimp	
    3216: 0d 00        	c.nop	3
    3218: 97 03 00 00  	auipc	t2, 0
		...
    322c: 00 00        	unimp	
    322e: 0d 00        	c.nop	3
    3230: 42 03        	slli	t1, t1, 16
		...
    3246: 0d 00        	c.nop	3
    3248: 9a 00        	slli	ra, ra, 6
		...
    325e: 0d 00        	c.nop	3
    3260: ab 04 00 00  	<unknown>
		...
    3274: 00 00        	unimp	
    3276: 0d 00        	c.nop	3
    3278: 15 03        	addi	t1, t1, 5
		...
    328e: 0d 00        	c.nop	3
    3290: a1 00        	addi	ra, ra, 8
		...
    32a6: 0d 00        	c.nop	3
    32a8: f2 05        	slli	a1, a1, 28
		...
    32be: 0d 00        	c.nop	3
    32c0: f6 03        	slli	t2, t2, 29
		...
    32d6: 0d 00        	c.nop	3
    32d8: e9 05        	addi	a1, a1, 26
		...
    32ee: 0d 00        	c.nop	3
    32f0: 65 02        	addi	tp, tp, 25
		...
    3306: 0d 00        	c.nop	3
    3308: 36 00        	c.slli	zero, 13
		...
    331e: 0d 00        	c.nop	3
    3320: b8 05        	addi	a4, sp, 712
		...
    3336: 0d 00        	c.nop	3
    3338: 32 01        	slli	sp, sp, 12
		...
    334e: 0d 00        	c.nop	3
    3350: 37 02 00 00  	lui	tp, 0
		...
    3364: 00 00        	unimp	
    3366: 0d 00        	c.nop	3
    3368: 2d 04        	addi	s0, s0, 11
		...
    337e: 0d 00        	c.nop	3
    3380: eb 04 00 00  	<unknown>
		...
    3394: 00 00        	unimp	
    3396: 0d 00        	c.nop	3
    3398: 94 03        	addi	a3, sp, 448
		...
    33ae: 0d 00        	c.nop	3
    33b0: 00 01        	addi	s0, sp, 128
		...
    33c6: 0f 00 38 03  	<unknown>
		...
    33d6: 00 00        	unimp	
    33d8: 1e 01        	slli	sp, sp, 7
    33da: 00 00        	unimp	
    33dc: 04 00        	<unknown>
    33de: f1 ff        	bnez	a5, 0x33ba <.symtab+0x33ba>
		...
    33f4: 00 00        	unimp	
    33f6: 09 00        	c.nop	2
    33f8: 9c 14        	addi	a5, sp, 608
		...
    340e: 0c 00        	<unknown>
    3410: bc 07        	addi	a5, sp, 968
		...
    3426: 0e 00        	c.slli	zero, 3
    3428: c8 02        	addi	a0, sp, 324
		...
    343e: 0d 00        	c.nop	3
    3440: 48 01        	addi	a0, sp, 132
		...
    3456: 0d 00        	c.nop	3
    3458: 3e 05        	slli	a0, a0, 15
		...
    346e: 0d 00        	c.nop	3
    3470: 9c 03        	addi	a5, sp, 448
		...
    3486: 0d 00        	c.nop	3
    3488: d2 02        	slli	t0, t0, 20
		...
    349e: 0d 00        	c.nop	3
    34a0: 6a 05        	slli	a0, a0, 26
		...
    34b6: 0d 00        	c.nop	3
    34b8: 15 03        	addi	t1, t1, 5
		...
    34ce: 0d 00        	c.nop	3
    34d0: f2 01        	slli	gp, gp, 28
		...
    34e6: 0f 00 68 03  	<unknown>
		...
    34f6: 00 00        	unimp	
    34f8: 27 01 00 00  	vse8.v	v2, (zero), v0.t
    34fc: 04 00        	<unknown>
    34fe: f1 ff        	bnez	a5, 0x34da <.symtab+0x34da>
		...
    3514: 00 00        	unimp	
    3516: 09 00        	c.nop	2
    3518: be 14        	slli	s1, s1, 47
		...
    352e: 0c 00        	<unknown>
    3530: e0 07        	addi	s0, sp, 972
		...
    3546: 0e 00        	c.slli	zero, 3
    3548: d8 02        	addi	a4, sp, 324
		...
    355e: 0d 00        	c.nop	3
    3560: 48 01        	addi	a0, sp, 132
		...
    3576: 0d 00        	c.nop	3
    3578: 05 01        	addi	sp, sp, 1
		...
    358e: 0d 00        	c.nop	3
    3590: 9c 03        	addi	a5, sp, 448
		...
    35a6: 0d 00        	c.nop	3
    35a8: e6 01        	slli	gp, gp, 25
		...
    35be: 0d 00        	c.nop	3
    35c0: e3 05 00 00  	beqz	zero, 0x3dca <.symtab+0x3dca>
		...
    35d4: 00 00        	unimp	
    35d6: 0d 00        	c.nop	3
    35d8: 15 03        	addi	t1, t1, 5
		...
    35ee: 0d 00        	c.nop	3
    35f0: f2 01        	slli	gp, gp, 28
		...
    3606: 0f 00 98 03  	<unknown>
		...
    3616: 00 00        	unimp	
    3618: 31 01        	addi	sp, sp, 12
    361a: 00 00        	unimp	
    361c: 12 00        	c.slli	zero, 4
    361e: 01 00        	nop
    3620: 10 01        	addi	a2, sp, 128
    3622: 00 80        	<unknown>
    3624: 00 00        	unimp	
    3626: 00 00        	unimp	
    3628: 2c 06        	addi	a1, sp, 776
    362a: 00 00        	unimp	
    362c: 00 00        	unimp	
    362e: 00 00        	unimp	
    3630: 36 01        	slli	sp, sp, 13
    3632: 00 00        	unimp	
    3634: 12 00        	c.slli	zero, 4
    3636: 01 00        	nop
    3638: 70 0d        	addi	a2, sp, 668
    363a: 00 80        	<unknown>
    363c: 00 00        	unimp	
    363e: 00 00        	unimp	
    3640: 38 00        	addi	a4, sp, 8
    3642: 00 00        	unimp	
    3644: 00 00        	unimp	
    3646: 00 00        	unimp	
    3648: 3e 01        	slli	sp, sp, 15
    364a: 00 00        	unimp	
    364c: 10 00        	<unknown>
    364e: 02 00        	c.slli64	zero
    3650: 60 1c        	addi	s0, sp, 572
    3652: 00 80        	<unknown>
		...
    3660: 43 01 00 00  	fmadd.s	ft2, ft0, ft0, ft0, rne
    3664: 11 00        	c.nop	4
    3666: 06 00        	c.slli	zero, 1
    3668: 00 3e        	fld	fs0, 56(a2)
    366a: 00 80        	<unknown>
    366c: 00 00        	unimp	
    366e: 00 00        	unimp	
    3670: 00 02        	addi	s0, sp, 256
    3672: 00 00        	unimp	
    3674: 00 00        	unimp	
    3676: 00 00        	unimp	
    3678: 4d 01        	addi	sp, sp, 19
    367a: 00 00        	unimp	
    367c: 12 00        	c.slli	zero, 4
    367e: 01 00        	nop
    3680: 80 07        	addi	s0, sp, 960
    3682: 00 80        	<unknown>
    3684: 00 00        	unimp	
    3686: 00 00        	unimp	
    3688: b4 00        	addi	a3, sp, 72
    368a: 00 00        	unimp	
    368c: 00 00        	unimp	
    368e: 00 00        	unimp	
    3690: 5e 01        	slli	sp, sp, 23
    3692: 00 00        	unimp	
    3694: 11 00        	c.nop	4
    3696: 06 00        	c.slli	zero, 1
    3698: 00 40        	lw	s0, 0(s0)
    369a: 00 80        	<unknown>
    369c: 00 00        	unimp	
    369e: 00 00        	unimp	
    36a0: 00 08        	addi	s0, sp, 16
    36a2: 00 00        	unimp	
    36a4: 00 00        	unimp	
    36a6: 00 00        	unimp	
    36a8: 6b 01 00 00  	<unknown>
    36ac: 10 00        	<unknown>
    36ae: 02 00        	c.slli64	zero
    36b0: 70 1c        	addi	a2, sp, 572
    36b2: 00 80        	<unknown>
		...
    36c0: 73 01 00 00  	<unknown>
    36c4: 12 00        	c.slli	zero, 4
    36c6: 01 00        	nop
    36c8: aa 1b        	slli	s7, s7, 42
    36ca: 00 80        	<unknown>
    36cc: 00 00        	unimp	
    36ce: 00 00        	unimp	
    36d0: 44 00        	addi	s1, sp, 4
    36d2: 00 00        	unimp	
    36d4: 00 00        	unimp	
    36d6: 00 00        	unimp	
    36d8: 7a 01        	slli	sp, sp, 30
    36da: 00 00        	unimp	
    36dc: 11 00        	c.nop	4
    36de: 06 00        	c.slli	zero, 1
    36e0: 00 48        	lw	s0, 16(s0)
    36e2: 00 80        	<unknown>
    36e4: 00 00        	unimp	
    36e6: 00 00        	unimp	
    36e8: 00 08        	addi	s0, sp, 16
    36ea: 00 00        	unimp	
    36ec: 00 00        	unimp	
    36ee: 00 00        	unimp	
    36f0: 86 01        	slli	gp, gp, 1
    36f2: 00 00        	unimp	
    36f4: 10 00        	<unknown>
    36f6: 06 00        	c.slli	zero, 1
    36f8: 00 50        	lw	s0, 32(s0)
    36fa: 00 80        	<unknown>
		...
    3708: 8c 01        	addi	a1, sp, 192
    370a: 00 00        	unimp	
    370c: 10 00        	<unknown>
    370e: 02 00        	c.slli64	zero
    3710: 70 24        	fld	fa2, 200(s0)
    3712: 00 80        	<unknown>
		...
    3720: 94 01        	addi	a3, sp, 192
    3722: 00 00        	unimp	
    3724: 12 00        	c.slli	zero, 4
    3726: 01 00        	nop
    3728: 98 09        	addi	a4, sp, 208
    372a: 00 80        	<unknown>
    372c: 00 00        	unimp	
    372e: 00 00        	unimp	
    3730: 84 01        	addi	s1, sp, 192
    3732: 00 00        	unimp	
    3734: 00 00        	unimp	
    3736: 00 00        	unimp	
    3738: a8 01        	addi	a0, sp, 200
    373a: 00 00        	unimp	
    373c: 12 00        	c.slli	zero, 4
    373e: 01 00        	nop
    3740: 3c 07        	addi	a5, sp, 904
    3742: 00 80        	<unknown>
    3744: 00 00        	unimp	
    3746: 00 00        	unimp	
    3748: 44 00        	addi	s1, sp, 4
    374a: 00 00        	unimp	
    374c: 00 00        	unimp	
    374e: 00 00        	unimp	
    3750: b4 01        	addi	a3, sp, 200
    3752: 00 00        	unimp	
    3754: 12 00        	c.slli	zero, 4
    3756: 01 00        	nop
    3758: 34 08        	addi	a3, sp, 24
    375a: 00 80        	<unknown>
    375c: 00 00        	unimp	
    375e: 00 00        	unimp	
    3760: 64 01        	addi	s1, sp, 140
    3762: 00 00        	unimp	
    3764: 00 00        	unimp	
    3766: 00 00        	unimp	
    3768: c8 01        	addi	a0, sp, 196
    376a: 00 00        	unimp	
    376c: 10 00        	<unknown>
    376e: 02 00        	c.slli64	zero
    3770: 70 20        	fld	fa2, 192(s0)
    3772: 00 80        	<unknown>
		...
    3780: d5 01        	addi	gp, gp, 21
    3782: 00 00        	unimp	
    3784: 10 00        	<unknown>
    3786: 02 00        	c.slli64	zero
    3788: 70 2c        	fld	fa2, 216(s0)
    378a: 00 80        	<unknown>
		...
    3798: e6 01        	slli	gp, gp, 25
    379a: 00 00        	unimp	
    379c: 11 00        	c.nop	4
    379e: 02 00        	c.slli64	zero
    37a0: 70 34        	fld	fa2, 232(s0)
    37a2: 00 80        	<unknown>
    37a4: 00 00        	unimp	
    37a6: 00 00        	unimp	
    37a8: 28 00        	addi	a0, sp, 8
    37aa: 00 00        	unimp	
    37ac: 00 00        	unimp	
    37ae: 00 00        	unimp	
    37b0: f4 01        	addi	a3, sp, 204
    37b2: 00 00        	unimp	
    37b4: 11 00        	c.nop	4
    37b6: 06 00        	c.slli	zero, 1
    37b8: 80 3d        	fld	fs0, 56(a1)
    37ba: 00 80        	<unknown>
    37bc: 00 00        	unimp	
    37be: 00 00        	unimp	
    37c0: 80 00        	addi	s0, sp, 64
    37c2: 00 00        	unimp	
    37c4: 00 00        	unimp	
    37c6: 00 00        	unimp	
    37c8: fe 01        	slli	gp, gp, 31
    37ca: 00 00        	unimp	
    37cc: 12 00        	c.slli	zero, 4
    37ce: 01 00        	nop
    37d0: 1c 0b        	addi	a5, sp, 400
    37d2: 00 80        	<unknown>
    37d4: 00 00        	unimp	
    37d6: 00 00        	unimp	
    37d8: 54 02        	addi	a3, sp, 260
    37da: 00 00        	unimp	
    37dc: 00 00        	unimp	
    37de: 00 00        	unimp	
    37e0: 0c 02        	addi	a1, sp, 256
    37e2: 00 00        	unimp	
    37e4: 12 00        	c.slli	zero, 4
    37e6: 01 00        	nop
    37e8: 46 1c        	slli	s8, s8, 49
    37ea: 00 80        	<unknown>
    37ec: 00 00        	unimp	
    37ee: 00 00        	unimp	
    37f0: 0e 00        	c.slli	zero, 3
    37f2: 00 00        	unimp	
    37f4: 00 00        	unimp	
    37f6: 00 00        	unimp	
    37f8: 1d 02        	addi	tp, tp, 7
    37fa: 00 00        	unimp	
    37fc: 11 00        	c.nop	4
    37fe: 06 00        	c.slli	zero, 1
    3800: 00 3b        	fld	fs0, 48(a4)
    3802: 00 80        	<unknown>
    3804: 00 00        	unimp	
    3806: 00 00        	unimp	
    3808: 08 00        	<unknown>
    380a: 00 00        	unimp	
    380c: 00 00        	unimp	
    380e: 00 00        	unimp	
    3810: 29 02        	addi	tp, tp, 10
    3812: 00 00        	unimp	
    3814: 11 00        	c.nop	4
    3816: 06 00        	c.slli	zero, 1
    3818: 80 3b        	fld	fs0, 48(a5)
    381a: 00 80        	<unknown>
    381c: 00 00        	unimp	
    381e: 00 00        	unimp	
    3820: 08 00        	<unknown>
    3822: 00 00        	unimp	
    3824: 00 00        	unimp	
    3826: 00 00        	unimp	
    3828: 35 02        	addi	tp, tp, 13
    382a: 00 00        	unimp	
    382c: 11 00        	c.nop	4
    382e: 06 00        	c.slli	zero, 1
    3830: 00 3c        	fld	fs0, 56(s0)
    3832: 00 80        	<unknown>
    3834: 00 00        	unimp	
    3836: 00 00        	unimp	
    3838: 08 00        	<unknown>
    383a: 00 00        	unimp	
    383c: 00 00        	unimp	
    383e: 00 00        	unimp	
    3840: 41 02        	addi	tp, tp, 16
    3842: 00 00        	unimp	
    3844: 11 00        	c.nop	4
    3846: 06 00        	c.slli	zero, 1
    3848: 80 3c        	fld	fs0, 56(s1)
    384a: 00 80        	<unknown>
    384c: 00 00        	unimp	
    384e: 00 00        	unimp	
    3850: 08 00        	<unknown>
    3852: 00 00        	unimp	
    3854: 00 00        	unimp	
    3856: 00 00        	unimp	
    3858: 4d 02        	addi	tp, tp, 19
    385a: 00 00        	unimp	
    385c: 11 00        	c.nop	4
    385e: 06 00        	c.slli	zero, 1
    3860: 00 3d        	fld	fs0, 56(a0)
    3862: 00 80        	<unknown>
    3864: 00 00        	unimp	
    3866: 00 00        	unimp	
    3868: 08 00        	<unknown>
    386a: 00 00        	unimp	
    386c: 00 00        	unimp	
    386e: 00 00        	unimp	
    3870: 59 02        	addi	tp, tp, 22
    3872: 00 00        	unimp	
    3874: 10 00        	<unknown>
    3876: 02 00        	c.slli64	zero
    3878: 70 1e        	addi	a2, sp, 828
    387a: 00 80        	<unknown>
		...
    3888: 63 02 00 00  	beqz	zero, 0x388c <.symtab+0x388c>
    388c: 10 00        	<unknown>
    388e: 02 00        	c.slli64	zero
    3890: 70 22        	fld	fa2, 192(a2)
    3892: 00 80        	<unknown>
		...
    38a0: 72 02        	slli	tp, tp, 28
    38a2: 00 00        	unimp	
    38a4: 10 00        	<unknown>
    38a6: 02 00        	c.slli64	zero
    38a8: 70 26        	fld	fa2, 200(a2)
    38aa: 00 80        	<unknown>
		...
    38b8: 7e 02        	slli	tp, tp, 31
    38ba: 00 00        	unimp	
    38bc: 10 00        	<unknown>
    38be: 02 00        	c.slli64	zero
    38c0: 70 32        	fld	fa2, 224(a2)
    38c2: 00 80        	<unknown>
		...
    38d0: 87 02 00 00  	vle8.v	v5, (zero), v0.t
    38d4: 10 00        	<unknown>
    38d6: 01 00        	nop
    38d8: 00 00        	unimp	
    38da: 00 80        	<unknown>
		...
    38e8: 8e 02        	slli	t0, t0, 3
    38ea: 00 00        	unimp	
    38ec: 10 00        	<unknown>
    38ee: 01 00        	nop
    38f0: f0 00        	addi	a2, sp, 76
    38f2: 00 80        	<unknown>
		...
    3900: 93 02 00 00  	li	t0, 0
    3904: 10 00        	<unknown>
    3906: 01 00        	nop
    3908: 00 01        	addi	s0, sp, 128
    390a: 00 80        	<unknown>
		...
    3918: 99 02        	addi	t0, t0, 6
    391a: 00 00        	unimp	
    391c: 20 00        	addi	s0, sp, 8
		...
    392e: 00 00        	unimp	
    3930: a7 02 00 00  	vse8.v	v5, (zero), v0.t
    3934: 20 00        	addi	s0, sp, 8
		...
    3946: 00 00        	unimp	
    3948: b5 02        	addi	t0, t0, 13
    394a: 00 00        	unimp	
    394c: 20 00        	addi	s0, sp, 8
		...
    395e: 00 00        	unimp	
    3960: c1 02        	addi	t0, t0, 16
    3962: 00 00        	unimp	
    3964: 10 00        	<unknown>
    3966: 04 00        	<unknown>
    3968: a0 42        	lw	s0, 64(a3)
    396a: 00 80        	<unknown>
		...
    3978: d3 02 00 00  	fadd.s	ft5, ft0, ft0, rne
    397c: 10 00        	<unknown>
    397e: f1 ff        	bnez	a5, 0x395a <.symtab+0x395a>
    3980: 10 00        	<unknown>
    3982: 00 d0        	sw	s0, 32(s0)
		...
    3990: e8 02        	addi	a0, sp, 332
    3992: 00 00        	unimp	
    3994: 10 00        	<unknown>
    3996: f1 ff        	bnez	a5, 0x3972 <.symtab+0x3972>
    3998: 00 00        	unimp	
    399a: 00 d0        	sw	s0, 32(s0)
		...
    39a8: f8 02        	addi	a4, sp, 332
    39aa: 00 00        	unimp	
    39ac: 12 00        	c.slli	zero, 4
    39ae: 01 00        	nop
    39b0: ee 1b        	slli	s7, s7, 59
    39b2: 00 80        	<unknown>
    39b4: 00 00        	unimp	
    39b6: 00 00        	unimp	
    39b8: 4e 00        	c.slli	zero, 19
    39ba: 00 00        	unimp	
    39bc: 00 00        	unimp	
    39be: 00 00        	unimp	
    39c0: ff 02 00 00  	<unknown>
    39c4: 12 00        	c.slli	zero, 4
    39c6: 01 00        	nop
    39c8: 3c 1c        	addi	a5, sp, 568
    39ca: 00 80        	<unknown>
    39cc: 00 00        	unimp	
    39ce: 00 00        	unimp	
    39d0: 0a 00        	c.slli	zero, 2
    39d2: 00 00        	unimp	
    39d4: 00 00        	unimp	
    39d6: 00 00        	unimp	
    39d8: 08 03        	addi	a0, sp, 384
    39da: 00 00        	unimp	
    39dc: 10 00        	<unknown>
    39de: f1 ff        	bnez	a5, 0x39ba <.symtab+0x39ba>
    39e0: 00 00        	unimp	
    39e2: 00 c0        	sw	s0, 0(s0)
		...
    39f0: 12 03        	slli	t1, t1, 4
    39f2: 00 00        	unimp	
    39f4: 10 00        	<unknown>
    39f6: 05 00        	c.nop	1
    39f8: d0 3a        	fld	fa2, 176(a3)
    39fa: 00 80        	<unknown>
		...
    3a08: 1e 03        	slli	t1, t1, 7
    3a0a: 00 00        	unimp	
    3a0c: 10 00        	<unknown>
    3a0e: 05 00        	c.nop	1
    3a10: d0 3a        	fld	fa2, 176(a3)
    3a12: 00 80        	<unknown>
		...
    3a20: 28 03        	addi	a0, sp, 392
    3a22: 00 00        	unimp	
    3a24: 10 00        	<unknown>
    3a26: f1 ff        	bnez	a5, 0x3a02 <.symtab+0x3a02>
    3a28: 10 50        	lw	a2, 32(s0)
    3a2a: 00 80        	<unknown>
		...
    3a38: 36 03        	slli	t1, t1, 13
    3a3a: 00 00        	unimp	
    3a3c: 10 00        	<unknown>
    3a3e: f1 ff        	bnez	a5, 0x3a1a <.symtab+0x3a1a>
    3a40: 08 00        	<unknown>
    3a42: 00 d0        	sw	s0, 32(s0)
		...
    3a50: 4d 03        	addi	t1, t1, 19
    3a52: 00 00        	unimp	
    3a54: 10 00        	<unknown>
    3a56: f1 ff        	bnez	a5, 0x3a32 <.symtab+0x3a32>
    3a58: 18 00        	<unknown>
    3a5a: 00 d0        	sw	s0, 32(s0)
		...
    3a68: 5b 03 00 00  	<unknown>
    3a6c: 10 00        	<unknown>
    3a6e: f1 ff        	bnez	a5, 0x3a4a <.symtab+0x3a4a>
    3a70: 20 00        	addi	s0, sp, 8
    3a72: 00 d0        	sw	s0, 32(s0)
		...

Disassembly of section .shstrtab:

0000000000000000 <.shstrtab>:
       0: 00 2e        	fld	fs0, 24(a2)
       2: 74 65        	ld	a3, 200(a0)
       4: 78 74        	ld	a4, 232(s0)
       6: 00 2e        	fld	fs0, 24(a2)
       8: 64 61        	ld	s1, 192(a0)
       a: 74 61        	ld	a3, 192(a0)
       c: 00 2e        	fld	fs0, 24(a2)
       e: 72 6f        	ld	t5, 280(sp)
      10: 64 61        	ld	s1, 192(a0)
      12: 74 61        	ld	a3, 192(a0)
      14: 00 2e        	fld	fs0, 24(a2)
      16: 73 64 61 74  	csrrsi	s0, 1862, 2
      1a: 61 00        	c.nop	24
      1c: 2e 62        	ld	tp, 200(sp)
      1e: 73 73 00 2e  	csrrci	t1, 736, 0
      22: 6c 32        	fld	fa1, 224(a2)
      24: 00 2e        	fld	fs0, 24(a2)
      26: 63 6f 6d 6d  	bltu	s10, s6, 0x704 <.symtab+0x704>
      2a: 65 6e        	lui	t3, 25
      2c: 74 00        	addi	a3, sp, 12
      2e: 2e 72        	ld	tp, 232(sp)
      30: 69 73        	lui	t1, 1048570
      32: 63 76 2e 61  	bgeu	t3, s2, 0x63e <.symtab+0x63e>
      36: 74 74        	ld	a3, 232(s0)
      38: 72 69        	ld	s2, 280(sp)
      3a: 62 75        	ld	a0, 56(sp)
      3c: 74 65        	ld	a3, 200(a0)
      3e: 73 00 2e 64  	<unknown>
      42: 65 62        	lui	tp, 25
      44: 75 67        	lui	a4, 29
      46: 5f 6c 6f 63  	<unknown>
      4a: 6c 69        	ld	a1, 208(a0)
      4c: 73 74 73 00  	csrrci	s0, 7, 6
      50: 2e 64        	ld	s0, 200(sp)
      52: 65 62        	lui	tp, 25
      54: 75 67        	lui	a4, 29
      56: 5f 61 62 62  	<unknown>
      5a: 72 65        	ld	a0, 280(sp)
      5c: 76 00        	c.slli	zero, 29
      5e: 2e 64        	ld	s0, 200(sp)
      60: 65 62        	lui	tp, 25
      62: 75 67        	lui	a4, 29
      64: 5f 69 6e 66  	<unknown>
      68: 6f 00 2e 64  	j	0xe06aa <.symtab+0xe06aa>
      6c: 65 62        	lui	tp, 25
      6e: 75 67        	lui	a4, 29
      70: 5f 73 74 72  	<unknown>
      74: 5f 6f 66 66  	<unknown>
      78: 73 65 74 73  	csrrsi	a0, 1847, 8
      7c: 00 2e        	fld	fs0, 24(a2)
      7e: 64 65        	ld	s1, 200(a0)
      80: 62 75        	ld	a0, 56(sp)
      82: 67 5f 73 74  	<unknown>
      86: 72 00        	c.slli	zero, 28
      88: 2e 64        	ld	s0, 200(sp)
      8a: 65 62        	lui	tp, 25
      8c: 75 67        	lui	a4, 29
      8e: 5f 61 64 64  	<unknown>
      92: 72 00        	c.slli	zero, 28
      94: 2e 64        	ld	s0, 200(sp)
      96: 65 62        	lui	tp, 25
      98: 75 67        	lui	a4, 29
      9a: 5f 66 72 61  	<unknown>
      9e: 6d 65        	lui	a0, 27
      a0: 00 2e        	fld	fs0, 24(a2)
      a2: 64 65        	ld	s1, 200(a0)
      a4: 62 75        	ld	a0, 56(sp)
      a6: 67 5f 6c 69  	<unknown>
      aa: 6e 65        	ld	a0, 216(sp)
      ac: 00 2e        	fld	fs0, 24(a2)
      ae: 64 65        	ld	s1, 200(a0)
      b0: 62 75        	ld	a0, 56(sp)
      b2: 67 5f 6c 69  	<unknown>
      b6: 6e 65        	ld	a0, 216(sp)
      b8: 5f 73 74 72  	<unknown>
      bc: 00 2e        	fld	fs0, 24(a2)
      be: 64 65        	ld	s1, 200(a0)
      c0: 62 75        	ld	a0, 56(sp)
      c2: 67 5f 72 6e  	<unknown>
      c6: 67 6c 69 73  	<unknown>
      ca: 74 73        	ld	a3, 224(a4)
      cc: 00 2e        	fld	fs0, 24(a2)
      ce: 73 79 6d 74  	csrrci	s2, 1862, 26
      d2: 61 62        	lui	tp, 24
      d4: 00 2e        	fld	fs0, 24(a2)
      d6: 73 68 73 74  	csrrsi	a6, mseccfg, 6
      da: 72 74        	ld	s0, 312(sp)
      dc: 61 62        	lui	tp, 24
      de: 00 2e        	fld	fs0, 24(a2)
      e0: 73 74 72 74  	csrrci	s0, mseccfg, 4
      e4: 61 62        	lui	tp, 24
      e6: 00           	<unknown>

Disassembly of section .strtab:

0000000000000000 <.strtab>:
       0: 00 6d        	ld	s0, 24(a0)
       2: 61 69        	lui	s2, 24
       4: 6e 2e        	fld	ft8, 216(sp)
       6: 63 00 66 66  	beq	a2, t1, 0x666 <.symtab+0x666>
       a: 74 2e        	fld	fa3, 216(a2)
       c: 63 00 72 65  	beq	tp, s7, 0x64c <.symtab+0x64c>
      10: 73 65 74 5f  	csrrsi	a0, 1527, 8
      14: 76 65        	ld	a0, 344(sp)
      16: 63 74 6f 72  	bgeu	t5, t1, 0x73e <.symtab+0x73e>
      1a: 00 74        	ld	s0, 40(s0)
      1c: 72 61        	ld	sp, 280(sp)
      1e: 70 5f        	lw	a2, 124(a4)
      20: 76 65        	ld	a0, 344(sp)
      22: 63 74 6f 72  	bgeu	t5, t1, 0x74a <.symtab+0x74a>
      26: 00 70        	ld	s0, 32(s0)
      28: 72 69        	ld	s2, 280(sp)
      2a: 6e 74        	ld	s0, 248(sp)
      2c: 66 2e        	fld	ft8, 88(sp)
      2e: 63 00 5f 6f  	beq	t5, s5, 0x70e <.symtab+0x70e>
      32: 75 74        	lui	s0, 1048573
      34: 5f 63 68 61  	<unknown>
      38: 72 00        	c.slli	zero, 28
      3a: 5f 76 73 6e  	<unknown>
      3e: 70 72        	ld	a2, 224(a2)
      40: 69 6e        	lui	t3, 26
      42: 74 66        	ld	a3, 200(a2)
      44: 00 5f        	lw	s0, 56(a4)
      46: 6f 75 74 5f  	jal	a0, 0x47e3c <.symtab+0x47e3c>
      4a: 6e 75        	ld	a0, 248(sp)
      4c: 6c 6c        	ld	a1, 216(s0)
      4e: 00 5f        	lw	s0, 56(a4)
      50: 6e 74        	ld	s0, 248(sp)
      52: 6f 61 5f 66  	jal	sp, 0xf6eb6 <.symtab+0xf6eb6>
      56: 6f 72 6d 61  	jal	tp, 0xd766c <.symtab+0xd766c>
      5a: 74 00        	addi	a3, sp, 12
      5c: 5f 66 74 6f  	<unknown>
      60: 61 2e        	addiw	t3, t3, 24
      62: 70 6f        	ld	a2, 216(a4)
      64: 77 31 30 00  	<unknown>
      68: 73 74 72 69  	csrrci	s0, 1687, 4
      6c: 6e 67        	ld	a4, 216(sp)
      6e: 2e 63        	ld	t1, 200(sp)
      70: 00 73        	ld	s0, 32(a4)
      72: 65 72        	lui	tp, 1048569
      74: 69 61        	addi	sp, sp, 208
      76: 6c 2e        	fld	fa1, 216(a2)
      78: 63 00 75 74  	beq	a0, t2, 0x7b8 <.symtab+0x7b8>
      7c: 69 6c        	lui	s8, 26
      7e: 2e 63        	ld	t1, 200(sp)
      80: 00 73        	ld	s0, 32(a4)
      82: 5f 63 6f 73  	<unknown>
      86: 2e 63        	ld	t1, 200(sp)
      88: 00 6b        	ld	s0, 16(a4)
      8a: 5f 63 6f 73  	<unknown>
      8e: 2e 63        	ld	t1, 200(sp)
      90: 00 65        	ld	s0, 8(a0)
      92: 5f 72 65 6d  	<unknown>
      96: 5f 70 69 6f  	<unknown>
      9a: 32 2e        	fld	ft8, 264(sp)
      9c: 63 00 6b 5f  	beq	s6, s6, 0x67c <.symtab+0x67c>
      a0: 72 65        	ld	a0, 280(sp)
      a2: 6d 5f        	li	t5, -5
      a4: 70 69        	ld	a2, 208(a0)
      a6: 6f 32 2e 63  	jal	tp, 0xe36d8 <.symtab+0xe36d8>
      aa: 00 6b        	ld	s0, 16(a4)
      ac: 5f 73 69 6e  	<unknown>
      b0: 2e 63        	ld	t1, 200(sp)
      b2: 00 73        	ld	s0, 32(a4)
      b4: 5f 66 6c 6f  	<unknown>
      b8: 6f 72 2e 63  	jal	tp, 0xe76ea <.symtab+0xe76ea>
      bc: 00 73        	ld	s0, 32(a4)
      be: 5f 73 69 6e  	<unknown>
      c2: 2e 63        	ld	t1, 200(sp)
      c4: 00 73        	ld	s0, 32(a4)
      c6: 66 5f        	lw	t5, 120(sp)
      c8: 73 69 6e 2e  	csrrsi	s2, 742, 28
      cc: 63 00 6b 66  	beq	s6, t1, 0x72c <.symtab+0x72c>
      d0: 5f 73 69 6e  	<unknown>
      d4: 2e 63        	ld	t1, 200(sp)
      d6: 00 65        	ld	s0, 8(a0)
      d8: 66 5f        	lw	t5, 120(sp)
      da: 72 65        	ld	a0, 280(sp)
      dc: 6d 5f        	li	t5, -5
      de: 70 69        	ld	a2, 208(a0)
      e0: 6f 32 2e 63  	jal	tp, 0xe3712 <.symtab+0xe3712>
      e4: 00 6b        	ld	s0, 16(a4)
      e6: 66 5f        	lw	t5, 120(sp)
      e8: 72 65        	ld	a0, 280(sp)
      ea: 6d 5f        	li	t5, -5
      ec: 70 69        	ld	a2, 208(a0)
      ee: 6f 32 2e 63  	jal	tp, 0xe3720 <.symtab+0xe3720>
      f2: 00 73        	ld	s0, 32(a4)
      f4: 66 5f        	lw	t5, 120(sp)
      f6: 66 6c        	ld	s8, 88(sp)
      f8: 6f 6f 72 2e  	jal	t5, 0x26bde <.symtab+0x26bde>
      fc: 63 00 6b 66  	beq	s6, t1, 0x75c <.symtab+0x75c>
     100: 5f 63 6f 73  	<unknown>
     104: 2e 63        	ld	t1, 200(sp)
     106: 00 73        	ld	s0, 32(a4)
     108: 5f 73 63 61  	<unknown>
     10c: 6c 62        	ld	a1, 192(a2)
     10e: 6e 2e        	fld	ft8, 216(sp)
     110: 63 00 73 66  	beq	t1, t2, 0x770 <.symtab+0x770>
     114: 5f 73 63 61  	<unknown>
     118: 6c 62        	ld	a1, 192(a2)
     11a: 6e 2e        	fld	ft8, 216(sp)
     11c: 63 00 73 5f  	beq	t1, s7, 0x6fc <.symtab+0x6fc>
     120: 66 61        	ld	sp, 88(sp)
     122: 62 73        	ld	t1, 56(sp)
     124: 2e 63        	ld	t1, 200(sp)
     126: 00 73        	ld	s0, 32(a4)
     128: 66 5f        	lw	t5, 120(sp)
     12a: 66 61        	ld	sp, 88(sp)
     12c: 62 73        	ld	t1, 56(sp)
     12e: 2e 63        	ld	t1, 200(sp)
     130: 00 6d        	ld	s0, 24(a0)
     132: 61 69        	lui	s2, 24
     134: 6e 00        	c.slli	zero, 27
     136: 70 72        	ld	a2, 224(a2)
     138: 69 6e        	lui	t3, 26
     13a: 74 66        	ld	a3, 200(a2)
     13c: 5f 00 4e 46  	<unknown>
     140: 46 54        	lw	s0, 112(sp)
     142: 00 53        	lw	s0, 32(a4)
     144: 77 61 70 54  	<unknown>
     148: 61 62        	lui	tp, 24
     14a: 6c 65        	ld	a1, 200(a0)
     14c: 00 53        	lw	s0, 32(a4)
     14e: 65 74        	lui	s0, 1048569
     150: 75 70        	c.lui	zero, -3
     152: 52 32        	fld	ft4, 304(sp)
     154: 53 77 61 70  	<unknown>
     158: 54 61        	ld	a3, 128(a0)
     15a: 62 6c        	ld	s8, 24(sp)
     15c: 65 00        	c.nop	25
     15e: 73 61 6d 70  	csrrsi	sp, 1798, 26
     162: 6c 65        	ld	a1, 200(a0)
     164: 73 5f 63 6f  	csrrwi	t5, 1782, 6
     168: 70 79        	ld	a2, 240(a0)
     16a: 00 73        	ld	s0, 32(a4)
     16c: 61 6d        	lui	s10, 24
     16e: 70 6c        	ld	a2, 216(s0)
     170: 65 73        	lui	t1, 1048569
     172: 00 6d        	ld	s0, 24(a0)
     174: 65 6d        	lui	s10, 25
     176: 63 70 79 00  	bgeu	s2, t2, 0x176 <.symtab+0x176>
     17a: 73 61 6d 70  	csrrsi	sp, 1798, 26
     17e: 6c 65        	ld	a1, 200(a0)
     180: 73 5f 76 65  	csrrwi	t5, 1623, 12
     184: 63 00 74 69  	beq	s0, s7, 0x804 <.symtab+0x804>
     188: 6d 65        	lui	a0, 27
     18a: 72 00        	c.slli	zero, 28
     18c: 74 77        	ld	a3, 232(a4)
     18e: 69 64        	lui	s0, 26
     190: 64 6c        	ld	s1, 216(s0)
     192: 65 00        	c.nop	25
     194: 52 61        	ld	sp, 272(sp)
     196: 64 69        	ld	s1, 208(a0)
     198: 78 32        	fld	fa4, 224(a2)
     19a: 46 46        	lw	a2, 80(sp)
     19c: 54 5f        	lw	a3, 60(a4)
     19e: 44 49        	lw	s1, 20(a0)
     1a0: 46 5f        	lw	t5, 112(sp)
     1a2: 66 6c        	ld	s8, 88(sp)
     1a4: 6f 61 74 00  	jal	sp, 0x469aa <.symtab+0x469aa>
     1a8: 53 77 61 70  	<unknown>
     1ac: 53 61 6d 70  	<unknown>
     1b0: 6c 65        	ld	a1, 200(a0)
     1b2: 73 00 52 61  	<unknown>
     1b6: 64 69        	ld	s1, 208(a0)
     1b8: 78 32        	fld	fa4, 224(a2)
     1ba: 46 46        	lw	a2, 80(sp)
     1bc: 54 5f        	lw	a3, 60(a4)
     1be: 44 49        	lw	s1, 20(a0)
     1c0: 54 5f        	lw	a3, 60(a4)
     1c2: 66 6c        	ld	s8, 88(sp)
     1c4: 6f 61 74 00  	jal	sp, 0x469ca <.symtab+0x469ca>
     1c8: 73 61 6d 70  	csrrsi	sp, 1798, 26
     1cc: 6c 65        	ld	a1, 200(a0)
     1ce: 73 5f 72 65  	csrrwi	t5, 1623, 4
     1d2: 69 6d        	lui	s10, 26
     1d4: 00 74        	ld	s0, 40(s0)
     1d6: 77 69 64 64  	<unknown>
     1da: 6c 65        	ld	a1, 200(a0)
     1dc: 5f 76 65 63  	<unknown>
     1e0: 5f 72 65 69  	<unknown>
     1e4: 6d 00        	c.nop	27
     1e6: 6d 61        	addi	sp, sp, 240
     1e8: 73 6b 5f 61  	csrrsi	s6, 1557, 30
     1ec: 64 64        	ld	s1, 200(s0)
     1ee: 72 5f        	lw	t5, 60(sp)
     1f0: 76 65        	ld	a0, 344(sp)
     1f2: 63 00 69 6e  	beq	s2, t1, 0x8d2 <.symtab+0x8d2>
     1f6: 64 65        	ld	s1, 200(a0)
     1f8: 78 5f        	lw	a4, 124(a4)
     1fa: 70 74        	ld	a2, 232(s0)
     1fc: 72 00        	c.slli	zero, 28
     1fe: 66 66        	ld	a2, 88(sp)
     200: 74 5f        	lw	a3, 124(a4)
     202: 72 32        	fld	ft4, 312(sp)
     204: 64 69        	ld	s1, 208(a0)
     206: 66 5f        	lw	t5, 120(sp)
     208: 76 65        	ld	a0, 344(sp)
     20a: 63 00 73 69  	beq	t1, s7, 0x88a <.symtab+0x88a>
     20e: 6d 69        	lui	s2, 27
     210: 6c 61        	ld	a1, 192(a0)
     212: 72 69        	ld	s2, 280(sp)
     214: 74 79        	ld	a3, 240(a0)
     216: 5f 63 68 65  	<unknown>
     21a: 63 6b 00 6d  	bltu	zero, a6, 0x8f0 <.symtab+0x8f0>
     21e: 61 73        	lui	t1, 1048568
     220: 6b 5f 61 64  	<unknown>
     224: 64 72        	ld	s1, 224(a2)
     226: 5f 30 00 6d  	<unknown>
     22a: 61 73        	lui	t1, 1048568
     22c: 6b 5f 61 64  	<unknown>
     230: 64 72        	ld	s1, 224(a2)
     232: 5f 31 00 6d  	<unknown>
     236: 61 73        	lui	t1, 1048568
     238: 6b 5f 61 64  	<unknown>
     23c: 64 72        	ld	s1, 224(a2)
     23e: 5f 32 00 6d  	<unknown>
     242: 61 73        	lui	t1, 1048568
     244: 6b 5f 61 64  	<unknown>
     248: 64 72        	ld	s1, 224(a2)
     24a: 5f 33 00 6d  	<unknown>
     24e: 61 73        	lui	t1, 1048568
     250: 6b 5f 61 64  	<unknown>
     254: 64 72        	ld	s1, 224(a2)
     256: 5f 34 00 73  	<unknown>
     25a: 61 6d        	lui	s10, 24
     25c: 70 6c        	ld	a2, 216(s0)
     25e: 65 73        	lui	t1, 1048569
     260: 5f 73 00 73  	<unknown>
     264: 61 6d        	lui	s10, 24
     266: 70 6c        	ld	a2, 216(s0)
     268: 65 73        	lui	t1, 1048569
     26a: 5f 72 65 69  	<unknown>
     26e: 6d 5f        	li	t5, -5
     270: 73 00 74 77  	<unknown>
     274: 69 64        	lui	s0, 26
     276: 64 6c        	ld	s1, 216(s0)
     278: 65 5f        	li	t5, -7
     27a: 76 65        	ld	a0, 344(sp)
     27c: 63 00 67 6f  	beq	a4, s6, 0x95c <.symtab+0x95c>
     280: 6c 64        	ld	a1, 200(s0)
     282: 5f 6f 75 74  	<unknown>
     286: 00 5f        	lw	s0, 56(a4)
     288: 73 74 61 72  	csrrci	s0, 1830, 2
     28c: 74 00        	addi	a3, sp, 12
     28e: 5f 65 6f 63  	<unknown>
     292: 00 5f        	lw	s0, 56(a4)
     294: 66 61        	ld	sp, 88(sp)
     296: 69 6c        	lui	s8, 26
     298: 00 6d        	ld	s0, 24(a0)
     29a: 74 76        	ld	a3, 232(a2)
     29c: 65 63        	lui	t1, 25
     29e: 5f 68 61 6e  	<unknown>
     2a2: 64 6c        	ld	s1, 216(s0)
     2a4: 65 72        	lui	tp, 1048569
     2a6: 00 73        	ld	s0, 32(a4)
     2a8: 74 76        	ld	a3, 232(a2)
     2aa: 65 63        	lui	t1, 25
     2ac: 5f 68 61 6e  	<unknown>
     2b0: 64 6c        	ld	s1, 216(s0)
     2b2: 65 72        	lui	tp, 1048569
     2b4: 00 72        	ld	s0, 32(a2)
     2b6: 76 74        	ld	s0, 376(sp)
     2b8: 65 73        	lui	t1, 1048569
     2ba: 74 5f        	lw	a3, 124(a4)
     2bc: 69 6e        	lui	t3, 26
     2be: 69 74        	lui	s0, 1048570
     2c0: 00 5f        	lw	s0, 56(a4)
     2c2: 5f 67 6c 6f  	<unknown>
     2c6: 62 61        	ld	sp, 24(sp)
     2c8: 6c 5f        	lw	a1, 124(a4)
     2ca: 70 6f        	ld	a2, 216(a4)
     2cc: 69 6e        	lui	t3, 26
     2ce: 74 65        	ld	a3, 200(a0)
     2d0: 72 24        	fld	fs0, 280(sp)
     2d2: 00 64        	ld	s0, 8(s0)
     2d4: 72 61        	ld	sp, 280(sp)
     2d6: 6d 5f        	li	t5, -5
     2d8: 65 6e        	lui	t3, 25
     2da: 64 5f        	lw	s1, 124(a4)
     2dc: 61 64        	lui	s0, 24
     2de: 64 72        	ld	s1, 224(a2)
     2e0: 65 73        	lui	t1, 1048569
     2e2: 73 5f 72 65  	csrrwi	t5, 1623, 4
     2e6: 67 00 65 6f  	jr	1782(a0)
     2ea: 63 5f 61 64  	bge	sp, t1, 0x948 <.symtab+0x948>
     2ee: 64 72        	ld	s1, 224(a2)
     2f0: 65 73        	lui	t1, 1048569
     2f2: 73 5f 72 65  	csrrwi	t5, 1623, 4
     2f6: 67 00 6d 65  	jr	1622(s10)
     2fa: 6d 73        	lui	t1, 1048571
     2fc: 65 74        	lui	s0, 1048569
     2fe: 00 5f        	lw	s0, 56(a4)
     300: 70 75        	ld	a2, 232(a0)
     302: 74 63        	ld	a3, 192(a4)
     304: 68 61        	ld	a0, 192(a0)
     306: 72 00        	c.slli	zero, 28
     308: 66 61        	ld	sp, 88(sp)
     30a: 6b 65 5f 75  	<unknown>
     30e: 61 72        	lui	tp, 1048568
     310: 74 00        	addi	a3, sp, 12
     312: 5f 5f 62 73  	<unknown>
     316: 73 5f 73 74  	csrrwi	t5, mseccfg, 6
     31a: 61 72        	lui	tp, 1048568
     31c: 74 00        	addi	a3, sp, 12
     31e: 5f 5f 62 73  	<unknown>
     322: 73 5f 65 6e  	csrrwi	t5, 1766, 10
     326: 64 00        	addi	s1, sp, 12
     328: 6c 32        	fld	fa1, 224(a2)
     32a: 5f 61 6c 6c  	<unknown>
     32e: 6f 63 5f 62  	jal	t1, 0xf7152 <.symtab+0xf7152>
     332: 61 73        	lui	t1, 1048568
     334: 65 00        	c.nop	25
     336: 64 72        	ld	s1, 224(a2)
     338: 61 6d        	lui	s10, 24
     33a: 5f 73 74 61  	<unknown>
     33e: 72 74        	ld	s0, 312(sp)
     340: 5f 61 64 64  	<unknown>
     344: 72 65        	ld	a0, 280(sp)
     346: 73 73 5f 72  	csrrci	t1, 1829, 30
     34a: 65 67        	lui	a4, 25
     34c: 00 65        	ld	s0, 8(a0)
     34e: 76 65        	ld	a0, 344(sp)
     350: 6e 74        	ld	s0, 248(sp)
     352: 5f 74 72 69  	<unknown>
     356: 67 67 65 72  	<unknown>
     35a: 00 68        	ld	s0, 16(s0)
     35c: 77 5f 63 6e  	<unknown>
     360: 74 5f        	lw	a3, 124(a4)
     362: 65 6e        	lui	t3, 25
     364: 5f 72 65 67  	<unknown>
     368: 00           	<unknown>
