
bin/refactor_MMSE_Equalizer_4x4MIMO_fp32:	file format elf64-littleriscv

Disassembly of section .text:

0000000080000000 <_start>:
80000000: 97 b1 00 00  	auipc	gp, 11
80000004: 93 81 01 23  	addi	gp, gp, 560
80000008: 09 a0        	j	0x8000000a <reset_vector>

000000008000000a <reset_vector>:
8000000a: 81 40        	li	ra, 0
8000000c: 01 42        	li	tp, 0
8000000e: 81 42        	li	t0, 0
80000010: 01 43        	li	t1, 0
80000012: 81 43        	li	t2, 0
80000014: 01 44        	li	s0, 0
80000016: 81 44        	li	s1, 0
80000018: 01 45        	li	a0, 0
8000001a: 81 45        	li	a1, 0
8000001c: 01 46        	li	a2, 0
8000001e: 81 46        	li	a3, 0
80000020: 01 47        	li	a4, 0
80000022: 81 47        	li	a5, 0
80000024: 01 48        	li	a6, 0
80000026: 81 48        	li	a7, 0
80000028: 01 49        	li	s2, 0
8000002a: 81 49        	li	s3, 0
8000002c: 01 4a        	li	s4, 0
8000002e: 81 4a        	li	s5, 0
80000030: 01 4b        	li	s6, 0
80000032: 81 4b        	li	s7, 0
80000034: 01 4c        	li	s8, 0
80000036: 81 4c        	li	s9, 0
80000038: 01 4d        	li	s10, 0
8000003a: 81 4d        	li	s11, 0
8000003c: 01 4e        	li	t3, 0
8000003e: 81 4e        	li	t4, 0
80000040: 01 4f        	li	t5, 0
80000042: 81 4f        	li	t6, 0
80000044: 97 02 00 50  	auipc	t0, 327680
80000048: 93 82 c2 fc  	addi	t0, t0, -52
8000004c: 03 b1 02 00  	ld	sp, 0(t0)
80000050: fd 52        	li	t0, -1
80000052: 93 d2 b2 00  	srli	t0, t0, 11
80000056: 73 90 02 3b  	csrw	pmpaddr0, t0
8000005a: fd 42        	li	t0, 31
8000005c: 73 90 02 3a  	csrw	pmpcfg0, t0
80000060: 73 50 40 30  	csrwi	mie, 0
80000064: 97 02 00 00  	auipc	t0, 0
80000068: 93 82 42 07  	addi	t0, t0, 116
8000006c: 73 90 52 30  	csrw	mtvec, t0
80000070: 73 50 20 30  	csrwi	medeleg, 0
80000074: 73 50 30 30  	csrwi	mideleg, 0
80000078: 97 02 00 80  	auipc	t0, 524288
8000007c: 93 82 82 f8  	addi	t0, t0, -120
80000080: 63 8a 02 00  	beqz	t0, 0x80000094 <reset_vector+0x8a>
80000084: 73 90 52 10  	csrw	stvec, t0
80000088: ad 62        	lui	t0, 11
8000008a: 9b 82 92 10  	addiw	t0, t0, 265
8000008e: 73 90 22 30  	csrw	medeleg, t0
80000092: 01 00        	nop
80000094: 73 50 00 30  	csrwi	mstatus, 0
80000098: 89 62        	lui	t0, 2
8000009a: 73 a0 02 30  	csrs	mstatus, t0
8000009e: 73 50 30 00  	csrwi	fcsr, 0
800000a2: 93 02 00 20  	li	t0, 512
800000a6: 73 a0 02 30  	csrs	mstatus, t0
800000aa: 73 e0 60 30  	csrsi	mcounteren, 1
800000ae: 73 e0 60 10  	csrsi	scounteren, 1
800000b2: 97 02 00 80  	auipc	t0, 524288
800000b6: 93 82 e2 f4  	addi	t0, t0, -178
800000ba: 63 83 02 00  	beqz	t0, 0x800000c0 <reset_vector+0xb6>
800000be: 82 92        	jalr	t0
800000c0: 97 00 00 00  	auipc	ra, 0
800000c4: 93 80 00 03  	addi	ra, ra, 48
800000c8: 97 02 00 00  	auipc	t0, 0
800000cc: 93 82 82 04  	addi	t0, t0, 72
800000d0: 73 90 12 34  	csrw	mepc, t0
800000d4: 73 00 20 30  	mret	

00000000800000d8 <trap_vector>:
800000d8: 17 0f 00 80  	auipc	t5, 524288
800000dc: 13 0f 8f f2  	addi	t5, t5, -216
800000e0: 63 03 0f 00  	beqz	t5, 0x800000e6 <trap_vector+0xe>
800000e4: 02 8f        	jr	t5
800000e6: 73 25 20 34  	csrr	a0, mcause
800000ea: 6f 00 60 01  	j	0x80000100 <_fail>
800000ee: 01 00        	nop

00000000800000f0 <_eoc>:
800000f0: 97 02 00 50  	auipc	t0, 327680
800000f4: 93 82 02 f1  	addi	t0, t0, -240
800000f8: 23 b0 a2 00  	sd	a0, 0(t0)
800000fc: 6f f0 5f ff  	j	0x800000f0 <_eoc>

0000000080000100 <_fail>:
80000100: 97 02 00 50  	auipc	t0, 327680
80000104: 93 82 02 f0  	addi	t0, t0, -256
80000108: 23 b0 a2 00  	sd	a0, 0(t0)
8000010c: 6f f0 5f fe  	j	0x800000f0 <_eoc>

0000000080000110 <main>:
80000110: 13 01 01 81  	addi	sp, sp, -2032
80000114: 23 34 11 7e  	sd	ra, 2024(sp)
80000118: 23 30 81 7e  	sd	s0, 2016(sp)
8000011c: 23 3c 91 7c  	sd	s1, 2008(sp)
80000120: 23 38 21 7d  	sd	s2, 2000(sp)
80000124: 23 34 31 7d  	sd	s3, 1992(sp)
80000128: 23 30 41 7d  	sd	s4, 1984(sp)
8000012c: 23 3c 51 7b  	sd	s5, 1976(sp)
80000130: 23 38 61 7b  	sd	s6, 1968(sp)
80000134: 23 34 71 7b  	sd	s7, 1960(sp)
80000138: 23 30 81 7b  	sd	s8, 1952(sp)
8000013c: 23 3c 91 79  	sd	s9, 1944(sp)
80000140: 23 38 a1 79  	sd	s10, 1936(sp)
80000144: 23 34 b1 79  	sd	s11, 1928(sp)
80000148: 27 30 81 78  	fsd	fs0, 1920(sp)
8000014c: 27 3c 91 76  	fsd	fs1, 1912(sp)
80000150: 11 65        	lui	a0, 4
80000152: 1b 05 05 8a  	addiw	a0, a0, -1888
80000156: 33 01 a1 40  	sub	sp, sp, a0
8000015a: 09 65        	lui	a0, 2
8000015c: 9b 09 05 80  	addiw	s3, a0, -2048
80000160: 09 65        	lui	a0, 2
80000162: 61 25        	addiw	a0, a0, 24
80000164: 0a 95        	add	a0, a0, sp
80000166: 33 0d 35 01  	add	s10, a0, s3
8000016a: 85 6b        	lui	s7, 1
8000016c: b3 0d 75 01  	add	s11, a0, s7
80000170: 9b 8c 0b 80  	addiw	s9, s7, -2048
80000174: b3 0a 95 01  	add	s5, a0, s9
80000178: 13 0a f5 7f  	addi	s4, a0, 2047
8000017c: 28 08        	addi	a0, sp, 24
8000017e: 33 0b 35 01  	add	s6, a0, s3
80000182: aa 9b        	add	s7, s7, a0
80000184: 33 0c 95 01  	add	s8, a0, s9
80000188: 13 05 f5 7f  	addi	a0, a0, 2047
8000018c: 2a e8        	sd	a0, 16(sp)
8000018e: 13 05 00 08  	li	a0, 128
80000192: 57 79 25 05  	vsetvli	s2, a0, e32, m4, ta, mu
80000196: 09 65        	lui	a0, 2
80000198: 61 25        	addiw	a0, a0, 24
8000019a: 0a 95        	add	a0, a0, sp
8000019c: 09 66        	lui	a2, 2
8000019e: 81 45        	li	a1, 0
800001a0: 97 20 00 00  	auipc	ra, 2
800001a4: e7 80 00 32  	jalr	800(ra)
800001a8: 28 08        	addi	a0, sp, 24
800001aa: 09 66        	lui	a2, 2
800001ac: 81 45        	li	a1, 0
800001ae: 97 20 00 00  	auipc	ra, 2
800001b2: e7 80 20 31  	jalr	786(ra)
800001b6: 0f 00 f0 0f  	fence
800001ba: 73 25 00 c0  	rdcycle	a0
800001be: 33 05 a0 40  	neg	a0, a0
800001c2: 17 b4 00 00  	auipc	s0, 11
800001c6: 23 3f a4 88  	sd	a0, -1890(s0)
800001ca: 17 25 00 00  	auipc	a0, 2
800001ce: 93 06 65 35  	addi	a3, a0, 854
800001d2: 17 45 00 00  	auipc	a0, 4
800001d6: 13 07 e5 34  	addi	a4, a0, 846
800001da: 17 b5 00 00  	auipc	a0, 11
800001de: 13 05 65 85  	addi	a0, a0, -1962
800001e2: 07 25 05 00  	flw	fa0, 0(a0)
800001e6: 11 45        	li	a0, 4
800001e8: 91 45        	li	a1, 4
800001ea: 89 67        	lui	a5, 2
800001ec: e1 27        	addiw	a5, a5, 24
800001ee: 8a 97        	add	a5, a5, sp
800001f0: 13 08 81 01  	addi	a6, sp, 24
800001f4: 4a 86        	mv	a2, s2
800001f6: 97 10 00 00  	auipc	ra, 1
800001fa: e7 80 60 86  	jalr	-1946(ra)
800001fe: 0f 00 f0 0f  	fence
80000202: f3 24 00 c0  	rdcycle	s1
80000206: 03 35 e4 89  	ld	a0, -1890(s0)
8000020a: 97 b5 00 00  	auipc	a1, 11
8000020e: 93 85 e5 82  	addi	a1, a1, -2002
80000212: 07 b0 05 00  	fld	ft0, 0(a1)
80000216: aa 94        	add	s1, s1, a0
80000218: d3 00 19 d2  	fcvt.d.wu	ft1, s2
8000021c: 53 f0 00 12  	fmul.d	ft0, ft1, ft0
80000220: d3 f0 24 d2  	fcvt.d.l	ft1, s1
80000224: 17 b5 00 00  	auipc	a0, 11
80000228: 13 05 c5 81  	addi	a0, a0, -2020
8000022c: 07 21 05 00  	flw	ft2, 0(a0)
80000230: 53 70 10 1a  	fdiv.d	ft0, ft0, ft1
80000234: 23 3f 94 88  	sd	s1, -1890(s0)
80000238: 53 74 10 40  	fcvt.s.d	fs0, ft0
8000023c: d3 74 24 10  	fmul.s	fs1, fs0, ft2
80000240: 17 a5 00 00  	auipc	a0, 10
80000244: 13 04 15 3d  	addi	s0, a0, 977
80000248: 22 85        	mv	a0, s0
8000024a: a6 85        	mv	a1, s1
8000024c: 97 10 00 00  	auipc	ra, 1
80000250: e7 80 a0 43  	jalr	1082(ra)
80000254: 53 00 04 42  	fcvt.d.s	ft0, fs0
80000258: d3 80 04 42  	fcvt.d.s	ft1, fs1
8000025c: d3 05 00 e2  	fmv.x.d	a1, ft0
80000260: 53 86 00 e2  	fmv.x.d	a2, ft1
80000264: 17 a5 00 00  	auipc	a0, 10
80000268: 13 05 a5 36  	addi	a0, a0, 874
8000026c: 97 10 00 00  	auipc	ra, 1
80000270: e7 80 a0 41  	jalr	1050(ra)
80000274: 17 a5 00 00  	auipc	a0, 10
80000278: 13 05 15 33  	addi	a0, a0, 817
8000027c: 97 10 00 00  	auipc	ra, 1
80000280: e7 80 a0 40  	jalr	1034(ra)
80000284: 17 a5 00 00  	auipc	a0, 10
80000288: 13 05 e5 2d  	addi	a0, a0, 734
8000028c: ca 85        	mv	a1, s2
8000028e: 97 10 00 00  	auipc	ra, 1
80000292: e7 80 80 3f  	jalr	1016(ra)
80000296: 17 a5 00 00  	auipc	a0, 10
8000029a: 13 05 a5 28  	addi	a0, a0, 650
8000029e: 93 05 00 08  	li	a1, 128
800002a2: 97 10 00 00  	auipc	ra, 1
800002a6: e7 80 40 3e  	jalr	996(ra)
800002aa: 17 a5 00 00  	auipc	a0, 10
800002ae: 13 05 65 38  	addi	a0, a0, 902
800002b2: 91 45        	li	a1, 4
800002b4: 97 10 00 00  	auipc	ra, 1
800002b8: e7 80 20 3d  	jalr	978(ra)
800002bc: 17 a5 00 00  	auipc	a0, 10
800002c0: 13 05 55 30  	addi	a0, a0, 773
800002c4: d1 45        	li	a1, 20
800002c6: 97 10 00 00  	auipc	ra, 1
800002ca: e7 80 00 3c  	jalr	960(ra)
800002ce: 22 85        	mv	a0, s0
800002d0: a6 85        	mv	a1, s1
800002d2: 97 10 00 00  	auipc	ra, 1
800002d6: e7 80 40 3b  	jalr	948(ra)
800002da: 17 a5 00 00  	auipc	a0, 10
800002de: 13 05 f5 2a  	addi	a0, a0, 687
800002e2: 97 10 00 00  	auipc	ra, 1
800002e6: e7 80 40 3a  	jalr	932(ra)
800002ea: 17 a5 00 00  	auipc	a0, 10
800002ee: 13 05 35 24  	addi	a0, a0, 579
800002f2: 97 10 00 00  	auipc	ra, 1
800002f6: e7 80 40 39  	jalr	916(ra)
800002fa: 17 a5 00 00  	auipc	a0, 10
800002fe: 13 05 75 34  	addi	a0, a0, 839
80000302: b7 f5 11 fe  	lui	a1, 1040671
80000306: 9b 85 55 b8  	addiw	a1, a1, -1147
8000030a: 82 15        	slli	a1, a1, 32
8000030c: 89 81        	srli	a1, a1, 2
8000030e: 97 10 00 00  	auipc	ra, 1
80000312: e7 80 80 37  	jalr	888(ra)
80000316: 17 a5 00 00  	auipc	a0, 10
8000031a: 13 05 e5 2e  	addi	a0, a0, 750
8000031e: 97 10 00 00  	auipc	ra, 1
80000322: e7 80 80 36  	jalr	872(ra)
80000326: 09 65        	lui	a0, 2
80000328: 61 25        	addiw	a0, a0, 24
8000032a: 0a 95        	add	a0, a0, sp
8000032c: 07 20 05 00  	flw	ft0, 0(a0)
80000330: 53 00 00 42  	fcvt.d.s	ft0, ft0
80000334: d3 05 00 e2  	fmv.x.d	a1, ft0
80000338: 17 a5 00 00  	auipc	a0, 10
8000033c: 13 04 95 31  	addi	s0, a0, 793
80000340: 22 85        	mv	a0, s0
80000342: 97 10 00 00  	auipc	ra, 1
80000346: e7 80 40 34  	jalr	836(ra)
8000034a: 09 65        	lui	a0, 2
8000034c: 1b 05 85 21  	addiw	a0, a0, 536
80000350: 0a 95        	add	a0, a0, sp
80000352: 07 20 05 00  	flw	ft0, 0(a0)
80000356: 53 00 00 42  	fcvt.d.s	ft0, ft0
8000035a: d3 05 00 e2  	fmv.x.d	a1, ft0
8000035e: 22 85        	mv	a0, s0
80000360: 97 10 00 00  	auipc	ra, 1
80000364: e7 80 60 32  	jalr	806(ra)
80000368: 09 65        	lui	a0, 2
8000036a: 1b 05 85 41  	addiw	a0, a0, 1048
8000036e: 0a 95        	add	a0, a0, sp
80000370: 07 20 05 00  	flw	ft0, 0(a0)
80000374: 53 00 00 42  	fcvt.d.s	ft0, ft0
80000378: d3 05 00 e2  	fmv.x.d	a1, ft0
8000037c: 22 85        	mv	a0, s0
8000037e: 97 10 00 00  	auipc	ra, 1
80000382: e7 80 80 30  	jalr	776(ra)
80000386: 09 65        	lui	a0, 2
80000388: 1b 05 85 61  	addiw	a0, a0, 1560
8000038c: 0a 95        	add	a0, a0, sp
8000038e: 07 20 05 00  	flw	ft0, 0(a0)
80000392: 53 00 00 42  	fcvt.d.s	ft0, ft0
80000396: d3 05 00 e2  	fmv.x.d	a1, ft0
8000039a: 22 85        	mv	a0, s0
8000039c: 97 10 00 00  	auipc	ra, 1
800003a0: e7 80 a0 2e  	jalr	746(ra)
800003a4: 17 a5 00 00  	auipc	a0, 10
800003a8: 13 09 b5 29  	addi	s2, a0, 667
800003ac: 4a 85        	mv	a0, s2
800003ae: 97 10 00 00  	auipc	ra, 1
800003b2: e7 80 80 2d  	jalr	728(ra)
800003b6: 07 20 1a 00  	flw	ft0, 1(s4)
800003ba: 53 00 00 42  	fcvt.d.s	ft0, ft0
800003be: d3 05 00 e2  	fmv.x.d	a1, ft0
800003c2: 22 85        	mv	a0, s0
800003c4: 97 10 00 00  	auipc	ra, 1
800003c8: e7 80 20 2c  	jalr	706(ra)
800003cc: 07 a0 0a 20  	flw	ft0, 512(s5)
800003d0: 53 00 00 42  	fcvt.d.s	ft0, ft0
800003d4: d3 05 00 e2  	fmv.x.d	a1, ft0
800003d8: 22 85        	mv	a0, s0
800003da: 97 10 00 00  	auipc	ra, 1
800003de: e7 80 c0 2a  	jalr	684(ra)
800003e2: 07 a0 0a 40  	flw	ft0, 1024(s5)
800003e6: 53 00 00 42  	fcvt.d.s	ft0, ft0
800003ea: d3 05 00 e2  	fmv.x.d	a1, ft0
800003ee: 22 85        	mv	a0, s0
800003f0: 97 10 00 00  	auipc	ra, 1
800003f4: e7 80 60 29  	jalr	662(ra)
800003f8: 07 a0 0a 60  	flw	ft0, 1536(s5)
800003fc: 53 00 00 42  	fcvt.d.s	ft0, ft0
80000400: d3 05 00 e2  	fmv.x.d	a1, ft0
80000404: 22 85        	mv	a0, s0
80000406: 97 10 00 00  	auipc	ra, 1
8000040a: e7 80 00 28  	jalr	640(ra)
8000040e: 4a 85        	mv	a0, s2
80000410: 97 10 00 00  	auipc	ra, 1
80000414: e7 80 60 27  	jalr	630(ra)
80000418: 07 a0 0d 00  	flw	ft0, 0(s11)
8000041c: 53 00 00 42  	fcvt.d.s	ft0, ft0
80000420: d3 05 00 e2  	fmv.x.d	a1, ft0
80000424: 22 85        	mv	a0, s0
80000426: 97 10 00 00  	auipc	ra, 1
8000042a: e7 80 00 26  	jalr	608(ra)
8000042e: 07 a0 0d 20  	flw	ft0, 512(s11)
80000432: 53 00 00 42  	fcvt.d.s	ft0, ft0
80000436: d3 05 00 e2  	fmv.x.d	a1, ft0
8000043a: 22 85        	mv	a0, s0
8000043c: 97 10 00 00  	auipc	ra, 1
80000440: e7 80 a0 24  	jalr	586(ra)
80000444: 07 a0 0d 40  	flw	ft0, 1024(s11)
80000448: 53 00 00 42  	fcvt.d.s	ft0, ft0
8000044c: d3 05 00 e2  	fmv.x.d	a1, ft0
80000450: 22 85        	mv	a0, s0
80000452: 97 10 00 00  	auipc	ra, 1
80000456: e7 80 40 23  	jalr	564(ra)
8000045a: 07 a0 0d 60  	flw	ft0, 1536(s11)
8000045e: 53 00 00 42  	fcvt.d.s	ft0, ft0
80000462: d3 05 00 e2  	fmv.x.d	a1, ft0
80000466: 22 85        	mv	a0, s0
80000468: 97 10 00 00  	auipc	ra, 1
8000046c: e7 80 e0 21  	jalr	542(ra)
80000470: 4a 85        	mv	a0, s2
80000472: 97 10 00 00  	auipc	ra, 1
80000476: e7 80 40 21  	jalr	532(ra)
8000047a: 07 20 0d 00  	flw	ft0, 0(s10)
8000047e: 53 00 00 42  	fcvt.d.s	ft0, ft0
80000482: d3 05 00 e2  	fmv.x.d	a1, ft0
80000486: 22 85        	mv	a0, s0
80000488: 97 10 00 00  	auipc	ra, 1
8000048c: e7 80 e0 1f  	jalr	510(ra)
80000490: 07 20 0d 20  	flw	ft0, 512(s10)
80000494: 53 00 00 42  	fcvt.d.s	ft0, ft0
80000498: d3 05 00 e2  	fmv.x.d	a1, ft0
8000049c: 22 85        	mv	a0, s0
8000049e: 97 10 00 00  	auipc	ra, 1
800004a2: e7 80 80 1e  	jalr	488(ra)
800004a6: 07 20 0d 40  	flw	ft0, 1024(s10)
800004aa: 53 00 00 42  	fcvt.d.s	ft0, ft0
800004ae: d3 05 00 e2  	fmv.x.d	a1, ft0
800004b2: 22 85        	mv	a0, s0
800004b4: 97 10 00 00  	auipc	ra, 1
800004b8: e7 80 20 1d  	jalr	466(ra)
800004bc: 07 20 0d 60  	flw	ft0, 1536(s10)
800004c0: 53 00 00 42  	fcvt.d.s	ft0, ft0
800004c4: d3 05 00 e2  	fmv.x.d	a1, ft0
800004c8: 22 85        	mv	a0, s0
800004ca: 97 10 00 00  	auipc	ra, 1
800004ce: e7 80 c0 1b  	jalr	444(ra)
800004d2: 4a 85        	mv	a0, s2
800004d4: 97 10 00 00  	auipc	ra, 1
800004d8: e7 80 20 1b  	jalr	434(ra)
800004dc: 17 a5 00 00  	auipc	a0, 10
800004e0: 13 05 c5 09  	addi	a0, a0, 156
800004e4: 97 10 00 00  	auipc	ra, 1
800004e8: e7 80 20 1a  	jalr	418(ra)
800004ec: 17 65 00 00  	auipc	a0, 6
800004f0: 13 0a 45 03  	addi	s4, a0, 52
800004f4: 07 20 0a 00  	flw	ft0, 0(s4)
800004f8: 53 00 00 42  	fcvt.d.s	ft0, ft0
800004fc: d3 05 00 e2  	fmv.x.d	a1, ft0
80000500: 22 85        	mv	a0, s0
80000502: 97 10 00 00  	auipc	ra, 1
80000506: e7 80 40 18  	jalr	388(ra)
8000050a: 07 20 0a 20  	flw	ft0, 512(s4)
8000050e: 53 00 00 42  	fcvt.d.s	ft0, ft0
80000512: d3 05 00 e2  	fmv.x.d	a1, ft0
80000516: 22 85        	mv	a0, s0
80000518: 97 10 00 00  	auipc	ra, 1
8000051c: e7 80 e0 16  	jalr	366(ra)
80000520: 07 20 0a 40  	flw	ft0, 1024(s4)
80000524: 53 00 00 42  	fcvt.d.s	ft0, ft0
80000528: d3 05 00 e2  	fmv.x.d	a1, ft0
8000052c: 22 85        	mv	a0, s0
8000052e: 97 10 00 00  	auipc	ra, 1
80000532: e7 80 80 15  	jalr	344(ra)
80000536: 07 20 0a 60  	flw	ft0, 1536(s4)
8000053a: 53 00 00 42  	fcvt.d.s	ft0, ft0
8000053e: d3 05 00 e2  	fmv.x.d	a1, ft0
80000542: 22 85        	mv	a0, s0
80000544: 97 10 00 00  	auipc	ra, 1
80000548: e7 80 20 14  	jalr	322(ra)
8000054c: 4a 85        	mv	a0, s2
8000054e: 97 10 00 00  	auipc	ra, 1
80000552: e7 80 80 13  	jalr	312(ra)
80000556: 13 05 fa 7f  	addi	a0, s4, 2047
8000055a: 07 20 15 00  	flw	ft0, 1(a0)
8000055e: b3 04 9a 01  	add	s1, s4, s9
80000562: 53 00 00 42  	fcvt.d.s	ft0, ft0
80000566: d3 05 00 e2  	fmv.x.d	a1, ft0
8000056a: 22 85        	mv	a0, s0
8000056c: 97 10 00 00  	auipc	ra, 1
80000570: e7 80 a0 11  	jalr	282(ra)
80000574: 07 a0 04 20  	flw	ft0, 512(s1)
80000578: 53 00 00 42  	fcvt.d.s	ft0, ft0
8000057c: d3 05 00 e2  	fmv.x.d	a1, ft0
80000580: 22 85        	mv	a0, s0
80000582: 97 10 00 00  	auipc	ra, 1
80000586: e7 80 40 10  	jalr	260(ra)
8000058a: 07 a0 04 40  	flw	ft0, 1024(s1)
8000058e: 53 00 00 42  	fcvt.d.s	ft0, ft0
80000592: d3 05 00 e2  	fmv.x.d	a1, ft0
80000596: 22 85        	mv	a0, s0
80000598: 97 10 00 00  	auipc	ra, 1
8000059c: e7 80 e0 0e  	jalr	238(ra)
800005a0: 07 a0 04 60  	flw	ft0, 1536(s1)
800005a4: 53 00 00 42  	fcvt.d.s	ft0, ft0
800005a8: d3 05 00 e2  	fmv.x.d	a1, ft0
800005ac: 22 85        	mv	a0, s0
800005ae: 97 10 00 00  	auipc	ra, 1
800005b2: e7 80 80 0d  	jalr	216(ra)
800005b6: 4a 85        	mv	a0, s2
800005b8: 97 10 00 00  	auipc	ra, 1
800005bc: e7 80 e0 0c  	jalr	206(ra)
800005c0: 85 6a        	lui	s5, 1
800005c2: b3 04 5a 01  	add	s1, s4, s5
800005c6: 07 a0 04 00  	flw	ft0, 0(s1)
800005ca: 53 00 00 42  	fcvt.d.s	ft0, ft0
800005ce: d3 05 00 e2  	fmv.x.d	a1, ft0
800005d2: 22 85        	mv	a0, s0
800005d4: 97 10 00 00  	auipc	ra, 1
800005d8: e7 80 20 0b  	jalr	178(ra)
800005dc: 07 a0 04 20  	flw	ft0, 512(s1)
800005e0: 53 00 00 42  	fcvt.d.s	ft0, ft0
800005e4: d3 05 00 e2  	fmv.x.d	a1, ft0
800005e8: 22 85        	mv	a0, s0
800005ea: 97 10 00 00  	auipc	ra, 1
800005ee: e7 80 c0 09  	jalr	156(ra)
800005f2: 07 a0 04 40  	flw	ft0, 1024(s1)
800005f6: 53 00 00 42  	fcvt.d.s	ft0, ft0
800005fa: d3 05 00 e2  	fmv.x.d	a1, ft0
800005fe: 22 85        	mv	a0, s0
80000600: 97 10 00 00  	auipc	ra, 1
80000604: e7 80 60 08  	jalr	134(ra)
80000608: 07 a0 04 60  	flw	ft0, 1536(s1)
8000060c: 53 00 00 42  	fcvt.d.s	ft0, ft0
80000610: d3 05 00 e2  	fmv.x.d	a1, ft0
80000614: 22 85        	mv	a0, s0
80000616: 97 10 00 00  	auipc	ra, 1
8000061a: e7 80 00 07  	jalr	112(ra)
8000061e: 4a 85        	mv	a0, s2
80000620: 97 10 00 00  	auipc	ra, 1
80000624: e7 80 60 06  	jalr	102(ra)
80000628: 4e 9a        	add	s4, s4, s3
8000062a: 07 20 0a 00  	flw	ft0, 0(s4)
8000062e: 53 00 00 42  	fcvt.d.s	ft0, ft0
80000632: d3 05 00 e2  	fmv.x.d	a1, ft0
80000636: 22 85        	mv	a0, s0
80000638: 97 10 00 00  	auipc	ra, 1
8000063c: e7 80 e0 04  	jalr	78(ra)
80000640: 07 20 0a 20  	flw	ft0, 512(s4)
80000644: 53 00 00 42  	fcvt.d.s	ft0, ft0
80000648: d3 05 00 e2  	fmv.x.d	a1, ft0
8000064c: 22 85        	mv	a0, s0
8000064e: 97 10 00 00  	auipc	ra, 1
80000652: e7 80 80 03  	jalr	56(ra)
80000656: 07 20 0a 40  	flw	ft0, 1024(s4)
8000065a: 53 00 00 42  	fcvt.d.s	ft0, ft0
8000065e: d3 05 00 e2  	fmv.x.d	a1, ft0
80000662: 22 85        	mv	a0, s0
80000664: 97 10 00 00  	auipc	ra, 1
80000668: e7 80 20 02  	jalr	34(ra)
8000066c: 07 20 0a 60  	flw	ft0, 1536(s4)
80000670: 53 00 00 42  	fcvt.d.s	ft0, ft0
80000674: d3 05 00 e2  	fmv.x.d	a1, ft0
80000678: 22 85        	mv	a0, s0
8000067a: 97 10 00 00  	auipc	ra, 1
8000067e: e7 80 c0 00  	jalr	12(ra)
80000682: 4a 85        	mv	a0, s2
80000684: 97 10 00 00  	auipc	ra, 1
80000688: e7 80 20 00  	jalr	2(ra)
8000068c: 17 a5 00 00  	auipc	a0, 10
80000690: 13 05 f5 ed  	addi	a0, a0, -289
80000694: 97 10 00 00  	auipc	ra, 1
80000698: e7 80 20 ff  	jalr	-14(ra)
8000069c: 07 20 81 01  	flw	ft0, 24(sp)
800006a0: 53 00 00 42  	fcvt.d.s	ft0, ft0
800006a4: d3 05 00 e2  	fmv.x.d	a1, ft0
800006a8: 22 85        	mv	a0, s0
800006aa: 97 10 00 00  	auipc	ra, 1
800006ae: e7 80 c0 fd  	jalr	-36(ra)
800006b2: 07 20 81 21  	flw	ft0, 536(sp)
800006b6: 53 00 00 42  	fcvt.d.s	ft0, ft0
800006ba: d3 05 00 e2  	fmv.x.d	a1, ft0
800006be: 22 85        	mv	a0, s0
800006c0: 97 10 00 00  	auipc	ra, 1
800006c4: e7 80 60 fc  	jalr	-58(ra)
800006c8: 07 20 81 41  	flw	ft0, 1048(sp)
800006cc: 53 00 00 42  	fcvt.d.s	ft0, ft0
800006d0: d3 05 00 e2  	fmv.x.d	a1, ft0
800006d4: 22 85        	mv	a0, s0
800006d6: 97 10 00 00  	auipc	ra, 1
800006da: e7 80 00 fb  	jalr	-80(ra)
800006de: 07 20 81 61  	flw	ft0, 1560(sp)
800006e2: 53 00 00 42  	fcvt.d.s	ft0, ft0
800006e6: d3 05 00 e2  	fmv.x.d	a1, ft0
800006ea: 22 85        	mv	a0, s0
800006ec: 97 10 00 00  	auipc	ra, 1
800006f0: e7 80 a0 f9  	jalr	-102(ra)
800006f4: 4a 85        	mv	a0, s2
800006f6: 97 10 00 00  	auipc	ra, 1
800006fa: e7 80 00 f9  	jalr	-112(ra)
800006fe: 42 65        	ld	a0, 16(sp)
80000700: 07 20 15 00  	flw	ft0, 1(a0)
80000704: 53 00 00 42  	fcvt.d.s	ft0, ft0
80000708: d3 05 00 e2  	fmv.x.d	a1, ft0
8000070c: 22 85        	mv	a0, s0
8000070e: 97 10 00 00  	auipc	ra, 1
80000712: e7 80 80 f7  	jalr	-136(ra)
80000716: 07 20 0c 20  	flw	ft0, 512(s8)
8000071a: 53 00 00 42  	fcvt.d.s	ft0, ft0
8000071e: d3 05 00 e2  	fmv.x.d	a1, ft0
80000722: 22 85        	mv	a0, s0
80000724: 97 10 00 00  	auipc	ra, 1
80000728: e7 80 20 f6  	jalr	-158(ra)
8000072c: 07 20 0c 40  	flw	ft0, 1024(s8)
80000730: 53 00 00 42  	fcvt.d.s	ft0, ft0
80000734: d3 05 00 e2  	fmv.x.d	a1, ft0
80000738: 22 85        	mv	a0, s0
8000073a: 97 10 00 00  	auipc	ra, 1
8000073e: e7 80 c0 f4  	jalr	-180(ra)
80000742: 07 20 0c 60  	flw	ft0, 1536(s8)
80000746: 53 00 00 42  	fcvt.d.s	ft0, ft0
8000074a: d3 05 00 e2  	fmv.x.d	a1, ft0
8000074e: 22 85        	mv	a0, s0
80000750: 97 10 00 00  	auipc	ra, 1
80000754: e7 80 60 f3  	jalr	-202(ra)
80000758: 4a 85        	mv	a0, s2
8000075a: 97 10 00 00  	auipc	ra, 1
8000075e: e7 80 c0 f2  	jalr	-212(ra)
80000762: 07 a0 0b 00  	flw	ft0, 0(s7)
80000766: 53 00 00 42  	fcvt.d.s	ft0, ft0
8000076a: d3 05 00 e2  	fmv.x.d	a1, ft0
8000076e: 22 85        	mv	a0, s0
80000770: 97 10 00 00  	auipc	ra, 1
80000774: e7 80 60 f1  	jalr	-234(ra)
80000778: 07 a0 0b 20  	flw	ft0, 512(s7)
8000077c: 53 00 00 42  	fcvt.d.s	ft0, ft0
80000780: d3 05 00 e2  	fmv.x.d	a1, ft0
80000784: 22 85        	mv	a0, s0
80000786: 97 10 00 00  	auipc	ra, 1
8000078a: e7 80 00 f0  	jalr	-256(ra)
8000078e: 07 a0 0b 40  	flw	ft0, 1024(s7)
80000792: 53 00 00 42  	fcvt.d.s	ft0, ft0
80000796: d3 05 00 e2  	fmv.x.d	a1, ft0
8000079a: 22 85        	mv	a0, s0
8000079c: 97 10 00 00  	auipc	ra, 1
800007a0: e7 80 a0 ee  	jalr	-278(ra)
800007a4: 07 a0 0b 60  	flw	ft0, 1536(s7)
800007a8: 53 00 00 42  	fcvt.d.s	ft0, ft0
800007ac: d3 05 00 e2  	fmv.x.d	a1, ft0
800007b0: 22 85        	mv	a0, s0
800007b2: 97 10 00 00  	auipc	ra, 1
800007b6: e7 80 40 ed  	jalr	-300(ra)
800007ba: 4a 85        	mv	a0, s2
800007bc: 97 10 00 00  	auipc	ra, 1
800007c0: e7 80 a0 ec  	jalr	-310(ra)
800007c4: 07 20 0b 00  	flw	ft0, 0(s6)
800007c8: 53 00 00 42  	fcvt.d.s	ft0, ft0
800007cc: d3 05 00 e2  	fmv.x.d	a1, ft0
800007d0: 22 85        	mv	a0, s0
800007d2: 97 10 00 00  	auipc	ra, 1
800007d6: e7 80 40 eb  	jalr	-332(ra)
800007da: 07 20 0b 20  	flw	ft0, 512(s6)
800007de: 53 00 00 42  	fcvt.d.s	ft0, ft0
800007e2: d3 05 00 e2  	fmv.x.d	a1, ft0
800007e6: 22 85        	mv	a0, s0
800007e8: 97 10 00 00  	auipc	ra, 1
800007ec: e7 80 e0 e9  	jalr	-354(ra)
800007f0: 07 20 0b 40  	flw	ft0, 1024(s6)
800007f4: 53 00 00 42  	fcvt.d.s	ft0, ft0
800007f8: d3 05 00 e2  	fmv.x.d	a1, ft0
800007fc: 22 85        	mv	a0, s0
800007fe: 97 10 00 00  	auipc	ra, 1
80000802: e7 80 80 e8  	jalr	-376(ra)
80000806: 07 20 0b 60  	flw	ft0, 1536(s6)
8000080a: 53 00 00 42  	fcvt.d.s	ft0, ft0
8000080e: d3 05 00 e2  	fmv.x.d	a1, ft0
80000812: 22 85        	mv	a0, s0
80000814: 97 10 00 00  	auipc	ra, 1
80000818: e7 80 20 e7  	jalr	-398(ra)
8000081c: 4a 85        	mv	a0, s2
8000081e: 97 10 00 00  	auipc	ra, 1
80000822: e7 80 80 e6  	jalr	-408(ra)
80000826: 17 a5 00 00  	auipc	a0, 10
8000082a: 13 05 f5 e2  	addi	a0, a0, -465
8000082e: 97 10 00 00  	auipc	ra, 1
80000832: e7 80 80 e5  	jalr	-424(ra)
80000836: 17 85 00 00  	auipc	a0, 8
8000083a: 13 0a a5 ce  	addi	s4, a0, -790
8000083e: 07 20 0a 00  	flw	ft0, 0(s4)
80000842: 53 00 00 42  	fcvt.d.s	ft0, ft0
80000846: d3 05 00 e2  	fmv.x.d	a1, ft0
8000084a: 22 85        	mv	a0, s0
8000084c: 97 10 00 00  	auipc	ra, 1
80000850: e7 80 a0 e3  	jalr	-454(ra)
80000854: 07 20 0a 20  	flw	ft0, 512(s4)
80000858: 53 00 00 42  	fcvt.d.s	ft0, ft0
8000085c: d3 05 00 e2  	fmv.x.d	a1, ft0
80000860: 22 85        	mv	a0, s0
80000862: 97 10 00 00  	auipc	ra, 1
80000866: e7 80 40 e2  	jalr	-476(ra)
8000086a: 07 20 0a 40  	flw	ft0, 1024(s4)
8000086e: 53 00 00 42  	fcvt.d.s	ft0, ft0
80000872: d3 05 00 e2  	fmv.x.d	a1, ft0
80000876: 22 85        	mv	a0, s0
80000878: 97 10 00 00  	auipc	ra, 1
8000087c: e7 80 e0 e0  	jalr	-498(ra)
80000880: 07 20 0a 60  	flw	ft0, 1536(s4)
80000884: 53 00 00 42  	fcvt.d.s	ft0, ft0
80000888: d3 05 00 e2  	fmv.x.d	a1, ft0
8000088c: 22 85        	mv	a0, s0
8000088e: 97 10 00 00  	auipc	ra, 1
80000892: e7 80 80 df  	jalr	-520(ra)
80000896: 4a 85        	mv	a0, s2
80000898: 97 10 00 00  	auipc	ra, 1
8000089c: e7 80 e0 de  	jalr	-530(ra)
800008a0: 13 05 fa 7f  	addi	a0, s4, 2047
800008a4: 07 20 15 00  	flw	ft0, 1(a0)
800008a8: d2 9c        	add	s9, s9, s4
800008aa: 53 00 00 42  	fcvt.d.s	ft0, ft0
800008ae: d3 05 00 e2  	fmv.x.d	a1, ft0
800008b2: 22 85        	mv	a0, s0
800008b4: 97 10 00 00  	auipc	ra, 1
800008b8: e7 80 20 dd  	jalr	-558(ra)
800008bc: 07 a0 0c 20  	flw	ft0, 512(s9)
800008c0: 53 00 00 42  	fcvt.d.s	ft0, ft0
800008c4: d3 05 00 e2  	fmv.x.d	a1, ft0
800008c8: 22 85        	mv	a0, s0
800008ca: 97 10 00 00  	auipc	ra, 1
800008ce: e7 80 c0 db  	jalr	-580(ra)
800008d2: 07 a0 0c 40  	flw	ft0, 1024(s9)
800008d6: 53 00 00 42  	fcvt.d.s	ft0, ft0
800008da: d3 05 00 e2  	fmv.x.d	a1, ft0
800008de: 22 85        	mv	a0, s0
800008e0: 97 10 00 00  	auipc	ra, 1
800008e4: e7 80 60 da  	jalr	-602(ra)
800008e8: 07 a0 0c 60  	flw	ft0, 1536(s9)
800008ec: 53 00 00 42  	fcvt.d.s	ft0, ft0
800008f0: d3 05 00 e2  	fmv.x.d	a1, ft0
800008f4: 22 85        	mv	a0, s0
800008f6: 97 10 00 00  	auipc	ra, 1
800008fa: e7 80 00 d9  	jalr	-624(ra)
800008fe: 4a 85        	mv	a0, s2
80000900: 97 10 00 00  	auipc	ra, 1
80000904: e7 80 60 d8  	jalr	-634(ra)
80000908: b3 04 5a 01  	add	s1, s4, s5
8000090c: 07 a0 04 00  	flw	ft0, 0(s1)
80000910: 53 00 00 42  	fcvt.d.s	ft0, ft0
80000914: d3 05 00 e2  	fmv.x.d	a1, ft0
80000918: 22 85        	mv	a0, s0
8000091a: 97 10 00 00  	auipc	ra, 1
8000091e: e7 80 c0 d6  	jalr	-660(ra)
80000922: 07 a0 04 20  	flw	ft0, 512(s1)
80000926: 53 00 00 42  	fcvt.d.s	ft0, ft0
8000092a: d3 05 00 e2  	fmv.x.d	a1, ft0
8000092e: 22 85        	mv	a0, s0
80000930: 97 10 00 00  	auipc	ra, 1
80000934: e7 80 60 d5  	jalr	-682(ra)
80000938: 07 a0 04 40  	flw	ft0, 1024(s1)
8000093c: 53 00 00 42  	fcvt.d.s	ft0, ft0
80000940: d3 05 00 e2  	fmv.x.d	a1, ft0
80000944: 22 85        	mv	a0, s0
80000946: 97 10 00 00  	auipc	ra, 1
8000094a: e7 80 00 d4  	jalr	-704(ra)
8000094e: 07 a0 04 60  	flw	ft0, 1536(s1)
80000952: 53 00 00 42  	fcvt.d.s	ft0, ft0
80000956: d3 05 00 e2  	fmv.x.d	a1, ft0
8000095a: 22 85        	mv	a0, s0
8000095c: 97 10 00 00  	auipc	ra, 1
80000960: e7 80 a0 d2  	jalr	-726(ra)
80000964: 4a 85        	mv	a0, s2
80000966: 97 10 00 00  	auipc	ra, 1
8000096a: e7 80 00 d2  	jalr	-736(ra)
8000096e: d2 99        	add	s3, s3, s4
80000970: 07 a0 09 00  	flw	ft0, 0(s3)
80000974: 53 00 00 42  	fcvt.d.s	ft0, ft0
80000978: d3 05 00 e2  	fmv.x.d	a1, ft0
8000097c: 22 85        	mv	a0, s0
8000097e: 97 10 00 00  	auipc	ra, 1
80000982: e7 80 80 d0  	jalr	-760(ra)
80000986: 07 a0 09 20  	flw	ft0, 512(s3)
8000098a: 53 00 00 42  	fcvt.d.s	ft0, ft0
8000098e: d3 05 00 e2  	fmv.x.d	a1, ft0
80000992: 22 85        	mv	a0, s0
80000994: 97 10 00 00  	auipc	ra, 1
80000998: e7 80 20 cf  	jalr	-782(ra)
8000099c: 07 a0 09 40  	flw	ft0, 1024(s3)
800009a0: 53 00 00 42  	fcvt.d.s	ft0, ft0
800009a4: d3 05 00 e2  	fmv.x.d	a1, ft0
800009a8: 22 85        	mv	a0, s0
800009aa: 97 10 00 00  	auipc	ra, 1
800009ae: e7 80 c0 cd  	jalr	-804(ra)
800009b2: 07 a0 09 60  	flw	ft0, 1536(s3)
800009b6: 53 00 00 42  	fcvt.d.s	ft0, ft0
800009ba: d3 05 00 e2  	fmv.x.d	a1, ft0
800009be: 22 85        	mv	a0, s0
800009c0: 97 10 00 00  	auipc	ra, 1
800009c4: e7 80 60 cc  	jalr	-826(ra)
800009c8: 4a 85        	mv	a0, s2
800009ca: 97 10 00 00  	auipc	ra, 1
800009ce: e7 80 c0 cb  	jalr	-836(ra)
800009d2: 01 45        	li	a0, 0
800009d4: 91 65        	lui	a1, 4
800009d6: 9b 85 05 8a  	addiw	a1, a1, -1888
800009da: 2e 91        	add	sp, sp, a1
800009dc: 83 30 81 7e  	ld	ra, 2024(sp)
800009e0: 03 34 01 7e  	ld	s0, 2016(sp)
800009e4: 83 34 81 7d  	ld	s1, 2008(sp)
800009e8: 03 39 01 7d  	ld	s2, 2000(sp)
800009ec: 83 39 81 7c  	ld	s3, 1992(sp)
800009f0: 03 3a 01 7c  	ld	s4, 1984(sp)
800009f4: 83 3a 81 7b  	ld	s5, 1976(sp)
800009f8: 03 3b 01 7b  	ld	s6, 1968(sp)
800009fc: 83 3b 81 7a  	ld	s7, 1960(sp)
80000a00: 03 3c 01 7a  	ld	s8, 1952(sp)
80000a04: 83 3c 81 79  	ld	s9, 1944(sp)
80000a08: 03 3d 01 79  	ld	s10, 1936(sp)
80000a0c: 83 3d 81 78  	ld	s11, 1928(sp)
80000a10: 07 34 01 78  	fld	fs0, 1920(sp)
80000a14: 87 34 81 77  	fld	fs1, 1912(sp)
80000a18: 13 01 01 7f  	addi	sp, sp, 2032
80000a1c: 82 80        	ret

0000000080000a1e <vcfmac_vv_f32m4_sim>:
80000a1e: 07 ec 85 62  	vl4re32.v	v24, (a1)
80000a22: 07 6e 85 62  	vl4re32.v	v28, (a0)
80000a26: 57 70 27 0d  	vsetvli	zero, a4, e32, m4, ta, ma
80000a2a: 57 10 88 92  	vfmul.vv	v0, v8, v16
80000a2e: 57 70 20 09  	vsetvli	zero, zero, e32, m4, tu, ma
80000a32: 57 10 46 bf  	vfnmsac.vv	v0, v12, v20
80000a36: 57 70 20 0d  	vsetvli	zero, zero, e32, m4, ta, ma
80000a3a: 57 14 8a 92  	vfmul.vv	v8, v8, v20
80000a3e: 57 70 20 09  	vsetvli	zero, zero, e32, m4, tu, ma
80000a42: 57 14 06 b3  	vfmacc.vv	v8, v12, v16
80000a46: 57 70 20 0d  	vsetvli	zero, zero, e32, m4, ta, ma
80000a4a: 57 16 c0 03  	vfadd.vv	v12, v28, v0
80000a4e: 27 06 86 62  	vs4r.v	v12, (a2)
80000a52: 57 14 84 03  	vfadd.vv	v8, v24, v8
80000a56: 27 84 86 62  	vs4r.v	v8, (a3)
80000a5a: 82 80        	ret

0000000080000a5c <v_compute_gram_fp32>:
80000a5c: 19 71        	addi	sp, sp, -128
80000a5e: 86 fc        	sd	ra, 120(sp)
80000a60: a2 f8        	sd	s0, 112(sp)
80000a62: ca f4        	sd	s2, 104(sp)
80000a64: ce f0        	sd	s3, 96(sp)
80000a66: d2 ec        	sd	s4, 88(sp)
80000a68: d6 e8        	sd	s5, 80(sp)
80000a6a: da e4        	sd	s6, 72(sp)
80000a6c: de e0        	sd	s7, 64(sp)
80000a6e: 62 fc        	sd	s8, 56(sp)
80000a70: 66 f8        	sd	s9, 48(sp)
80000a72: 6a f4        	sd	s10, 40(sp)
80000a74: 6e f0        	sd	s11, 32(sp)
80000a76: 00 01        	addi	s0, sp, 128
80000a78: 73 25 20 c2  	csrr	a0, vlenb
80000a7c: 93 08 40 09  	li	a7, 148
80000a80: 33 05 15 03  	mul	a0, a0, a7
80000a84: 33 01 a1 40  	sub	sp, sp, a0
80000a88: 13 71 01 fe  	andi	sp, sp, -32
80000a8c: 3a 8b        	mv	s6, a4
80000a8e: b6 8b        	mv	s7, a3
80000a90: 32 89        	mv	s2, a2
80000a92: 57 70 26 0d  	vsetvli	zero, a2, e32, m4, ta, ma
80000a96: 57 34 00 5e  	vmv.v.i	v8, 0
80000a9a: f3 2c 20 c2  	csrr	s9, vlenb
80000a9e: 13 05 00 09  	li	a0, 144
80000aa2: b3 8c ac 02  	mul	s9, s9, a0
80000aa6: 8a 9c        	add	s9, s9, sp
80000aa8: 93 8c 0c 02  	addi	s9, s9, 32
80000aac: 27 84 8c 62  	vs4r.v	v8, (s9)
80000ab0: 73 25 20 c2  	csrr	a0, vlenb
80000ab4: 13 06 c0 08  	li	a2, 140
80000ab8: 33 05 c5 02  	mul	a0, a0, a2
80000abc: 0a 95        	add	a0, a0, sp
80000abe: 13 05 05 02  	addi	a0, a0, 32
80000ac2: 27 04 85 62  	vs4r.v	v8, (a0)
80000ac6: f3 2d 20 c2  	csrr	s11, vlenb
80000aca: 13 05 80 08  	li	a0, 136
80000ace: b3 8d ad 02  	mul	s11, s11, a0
80000ad2: 8a 9d        	add	s11, s11, sp
80000ad4: 93 8d 0d 02  	addi	s11, s11, 32
80000ad8: 27 84 8d 62  	vs4r.v	v8, (s11)
80000adc: 73 25 20 c2  	csrr	a0, vlenb
80000ae0: 13 06 40 08  	li	a2, 132
80000ae4: 33 05 c5 02  	mul	a0, a0, a2
80000ae8: 0a 95        	add	a0, a0, sp
80000aea: 13 05 05 02  	addi	a0, a0, 32
80000aee: 27 04 85 62  	vs4r.v	v8, (a0)
80000af2: 73 2c 20 c2  	csrr	s8, vlenb
80000af6: 13 05 40 08  	li	a0, 132
80000afa: 33 0c ac 02  	mul	s8, s8, a0
80000afe: 0a 9c        	add	s8, s8, sp
80000b00: 13 0c 0c 02  	addi	s8, s8, 32
80000b04: 73 25 20 c2  	csrr	a0, vlenb
80000b08: 1e 05        	slli	a0, a0, 7
80000b0a: 0a 95        	add	a0, a0, sp
80000b0c: 13 05 05 02  	addi	a0, a0, 32
80000b10: 27 04 85 62  	vs4r.v	v8, (a0)
80000b14: 73 25 20 c2  	csrr	a0, vlenb
80000b18: 13 06 c0 07  	li	a2, 124
80000b1c: 33 05 c5 02  	mul	a0, a0, a2
80000b20: 0a 95        	add	a0, a0, sp
80000b22: 13 05 05 02  	addi	a0, a0, 32
80000b26: 27 04 85 62  	vs4r.v	v8, (a0)
80000b2a: 57 56 85 02  	vfadd.vf	v12, v8, fa0
80000b2e: 57 3c 00 5e  	vmv.v.i	v24, 0
80000b32: 73 25 20 c2  	csrr	a0, vlenb
80000b36: 61 46        	li	a2, 24
80000b38: 33 05 c5 02  	mul	a0, a0, a2
80000b3c: 0a 95        	add	a0, a0, sp
80000b3e: 13 05 05 02  	addi	a0, a0, 32
80000b42: 27 04 85 62  	vs4r.v	v8, (a0)
80000b46: 27 86 8c 62  	vs4r.v	v12, (s9)
80000b4a: 27 86 8d 62  	vs4r.v	v12, (s11)
80000b4e: 57 04 06 5e  	vmv.v.v	v8, v12
80000b52: 73 25 20 c2  	csrr	a0, vlenb
80000b56: 51 46        	li	a2, 20
80000b58: 33 05 c5 02  	mul	a0, a0, a2
80000b5c: 0a 95        	add	a0, a0, sp
80000b5e: 13 05 05 02  	addi	a0, a0, 32
80000b62: 27 06 85 62  	vs4r.v	v12, (a0)
80000b66: 07 e8 06 02  	vle32.v	v16, (a3)
80000b6a: 73 25 20 c2  	csrr	a0, vlenb
80000b6e: 31 46        	li	a2, 12
80000b70: 33 05 c5 02  	mul	a0, a0, a2
80000b74: 0a 95        	add	a0, a0, sp
80000b76: 13 05 05 02  	addi	a0, a0, 32
80000b7a: 27 08 85 62  	vs4r.v	v16, (a0)
80000b7e: 07 6a 07 02  	vle32.v	v20, (a4)
80000b82: c2 89        	mv	s3, a6
80000b84: 3e 8a        	mv	s4, a5
80000b86: 2e 8d        	mv	s10, a1
80000b88: 57 16 4a 27  	vfneg.v	v12, v20
80000b8c: 73 25 20 c2  	csrr	a0, vlenb
80000b90: 0e 05        	slli	a0, a0, 3
80000b92: 0a 95        	add	a0, a0, sp
80000b94: 13 05 05 02  	addi	a0, a0, 32
80000b98: 27 0a 85 62  	vs4r.v	v20, (a0)
80000b9c: 73 25 20 c2  	csrr	a0, vlenb
80000ba0: 93 05 40 07  	li	a1, 116
80000ba4: 33 05 b5 02  	mul	a0, a0, a1
80000ba8: 0a 95        	add	a0, a0, sp
80000baa: 13 05 05 02  	addi	a0, a0, 32
80000bae: 27 0c 85 62  	vs4r.v	v24, (a0)
80000bb2: 73 27 20 c2  	csrr	a4, vlenb
80000bb6: 13 05 80 07  	li	a0, 120
80000bba: 33 07 a7 02  	mul	a4, a4, a0
80000bbe: 0a 97        	add	a4, a4, sp
80000bc0: 13 07 07 02  	addi	a4, a4, 32
80000bc4: 73 25 20 c2  	csrr	a0, vlenb
80000bc8: 93 05 80 07  	li	a1, 120
80000bcc: 33 05 b5 02  	mul	a0, a0, a1
80000bd0: 0a 95        	add	a0, a0, sp
80000bd2: 13 05 05 02  	addi	a0, a0, 32
80000bd6: f3 25 20 c2  	csrr	a1, vlenb
80000bda: 13 06 40 07  	li	a2, 116
80000bde: b3 85 c5 02  	mul	a1, a1, a2
80000be2: 8a 95        	add	a1, a1, sp
80000be4: 93 85 05 02  	addi	a1, a1, 32
80000be8: 73 26 20 c2  	csrr	a2, vlenb
80000bec: 93 06 00 09  	li	a3, 144
80000bf0: 33 06 d6 02  	mul	a2, a2, a3
80000bf4: 0a 96        	add	a2, a2, sp
80000bf6: 13 06 06 02  	addi	a2, a2, 32
80000bfa: f3 26 20 c2  	csrr	a3, vlenb
80000bfe: 93 07 40 08  	li	a5, 132
80000c02: b3 86 f6 02  	mul	a3, a3, a5
80000c06: 8a 96        	add	a3, a3, sp
80000c08: 93 86 06 02  	addi	a3, a3, 32
80000c0c: 27 04 87 62  	vs4r.v	v8, (a4)
80000c10: 57 04 08 5e  	vmv.v.v	v8, v16
80000c14: 4a 87        	mv	a4, s2
80000c16: 97 00 00 00  	auipc	ra, 0
80000c1a: e7 80 80 e0  	jalr	-504(ra)
80000c1e: 13 85 0b 20  	addi	a0, s7, 512
80000c22: 57 70 29 0d  	vsetvli	zero, s2, e32, m4, ta, ma
80000c26: 07 64 05 02  	vle32.v	v8, (a0)
80000c2a: 08 10        	addi	a0, sp, 32
80000c2c: 27 04 85 62  	vs4r.v	v8, (a0)
80000c30: 13 05 0b 20  	addi	a0, s6, 512
80000c34: 07 66 05 02  	vle32.v	v12, (a0)
80000c38: 73 25 20 c2  	csrr	a0, vlenb
80000c3c: 12 05        	slli	a0, a0, 4
80000c3e: 0a 95        	add	a0, a0, sp
80000c40: 13 05 05 02  	addi	a0, a0, 32
80000c44: 27 06 85 62  	vs4r.v	v12, (a0)
80000c48: 57 16 c6 26  	vfneg.v	v12, v12
80000c4c: 73 25 20 c2  	csrr	a0, vlenb
80000c50: 0a 05        	slli	a0, a0, 2
80000c52: 0a 95        	add	a0, a0, sp
80000c54: 13 05 05 02  	addi	a0, a0, 32
80000c58: 27 06 85 62  	vs4r.v	v12, (a0)
80000c5c: 73 25 20 c2  	csrr	a0, vlenb
80000c60: 93 05 c0 06  	li	a1, 108
80000c64: 33 05 b5 02  	mul	a0, a0, a1
80000c68: 0a 95        	add	a0, a0, sp
80000c6a: 13 05 05 02  	addi	a0, a0, 32
80000c6e: f3 25 20 c2  	csrr	a1, vlenb
80000c72: 61 46        	li	a2, 24
80000c74: b3 85 c5 02  	mul	a1, a1, a2
80000c78: 8a 95        	add	a1, a1, sp
80000c7a: 93 85 05 02  	addi	a1, a1, 32
80000c7e: 07 88 85 62  	vl4r.v	v16, (a1)
80000c82: 27 08 85 62  	vs4r.v	v16, (a0)
80000c86: 73 27 20 c2  	csrr	a4, vlenb
80000c8a: 13 05 00 07  	li	a0, 112
80000c8e: 33 07 a7 02  	mul	a4, a4, a0
80000c92: 0a 97        	add	a4, a4, sp
80000c94: 13 07 07 02  	addi	a4, a4, 32
80000c98: 73 25 20 c2  	csrr	a0, vlenb
80000c9c: 93 05 00 07  	li	a1, 112
80000ca0: 33 05 b5 02  	mul	a0, a0, a1
80000ca4: 0a 95        	add	a0, a0, sp
80000ca6: 13 05 05 02  	addi	a0, a0, 32
80000caa: f3 25 20 c2  	csrr	a1, vlenb
80000cae: 13 06 c0 06  	li	a2, 108
80000cb2: b3 85 c5 02  	mul	a1, a1, a2
80000cb6: 8a 95        	add	a1, a1, sp
80000cb8: 93 85 05 02  	addi	a1, a1, 32
80000cbc: 73 26 20 c2  	csrr	a2, vlenb
80000cc0: 93 06 c0 08  	li	a3, 140
80000cc4: 33 06 d6 02  	mul	a2, a2, a3
80000cc8: 0a 96        	add	a2, a2, sp
80000cca: 13 06 06 02  	addi	a2, a2, 32
80000cce: f3 26 20 c2  	csrr	a3, vlenb
80000cd2: 9e 06        	slli	a3, a3, 7
80000cd4: 8a 96        	add	a3, a3, sp
80000cd6: 93 86 06 02  	addi	a3, a3, 32
80000cda: 27 08 87 62  	vs4r.v	v16, (a4)
80000cde: 73 27 20 c2  	csrr	a4, vlenb
80000ce2: b1 47        	li	a5, 12
80000ce4: 33 07 f7 02  	mul	a4, a4, a5
80000ce8: 0a 97        	add	a4, a4, sp
80000cea: 13 07 07 02  	addi	a4, a4, 32
80000cee: 07 08 87 62  	vl4r.v	v16, (a4)
80000cf2: 73 27 20 c2  	csrr	a4, vlenb
80000cf6: 0e 07        	slli	a4, a4, 3
80000cf8: 0a 97        	add	a4, a4, sp
80000cfa: 13 07 07 02  	addi	a4, a4, 32
80000cfe: 07 0a 87 62  	vl4r.v	v20, (a4)
80000d02: 4a 87        	mv	a4, s2
80000d04: 97 00 00 00  	auipc	ra, 0
80000d08: e7 80 a0 d1  	jalr	-742(ra)
80000d0c: 73 25 20 c2  	csrr	a0, vlenb
80000d10: 93 05 40 06  	li	a1, 100
80000d14: 33 05 b5 02  	mul	a0, a0, a1
80000d18: 0a 95        	add	a0, a0, sp
80000d1a: 13 05 05 02  	addi	a0, a0, 32
80000d1e: f3 25 20 c2  	csrr	a1, vlenb
80000d22: 61 46        	li	a2, 24
80000d24: b3 85 c5 02  	mul	a1, a1, a2
80000d28: 8a 95        	add	a1, a1, sp
80000d2a: 93 85 05 02  	addi	a1, a1, 32
80000d2e: 07 84 85 62  	vl4r.v	v8, (a1)
80000d32: 27 04 85 62  	vs4r.v	v8, (a0)
80000d36: 73 27 20 c2  	csrr	a4, vlenb
80000d3a: 13 05 80 06  	li	a0, 104
80000d3e: 33 07 a7 02  	mul	a4, a4, a0
80000d42: 0a 97        	add	a4, a4, sp
80000d44: 13 07 07 02  	addi	a4, a4, 32
80000d48: 73 25 20 c2  	csrr	a0, vlenb
80000d4c: 93 05 80 06  	li	a1, 104
80000d50: 33 05 b5 02  	mul	a0, a0, a1
80000d54: 0a 95        	add	a0, a0, sp
80000d56: 13 05 05 02  	addi	a0, a0, 32
80000d5a: f3 25 20 c2  	csrr	a1, vlenb
80000d5e: 13 06 40 06  	li	a2, 100
80000d62: b3 85 c5 02  	mul	a1, a1, a2
80000d66: 8a 95        	add	a1, a1, sp
80000d68: 93 85 05 02  	addi	a1, a1, 32
80000d6c: 73 26 20 c2  	csrr	a2, vlenb
80000d70: 93 06 80 08  	li	a3, 136
80000d74: 33 06 d6 02  	mul	a2, a2, a3
80000d78: 0a 96        	add	a2, a2, sp
80000d7a: 13 06 06 02  	addi	a2, a2, 32
80000d7e: f3 26 20 c2  	csrr	a3, vlenb
80000d82: 93 07 c0 07  	li	a5, 124
80000d86: b3 86 f6 02  	mul	a3, a3, a5
80000d8a: 8a 96        	add	a3, a3, sp
80000d8c: 93 86 06 02  	addi	a3, a3, 32
80000d90: f3 27 20 c2  	csrr	a5, vlenb
80000d94: 51 48        	li	a6, 20
80000d96: b3 87 07 03  	mul	a5, a5, a6
80000d9a: 8a 97        	add	a5, a5, sp
80000d9c: 93 87 07 02  	addi	a5, a5, 32
80000da0: 07 84 87 62  	vl4r.v	v8, (a5)
80000da4: 27 04 87 62  	vs4r.v	v8, (a4)
80000da8: 18 10        	addi	a4, sp, 32
80000daa: 07 04 87 62  	vl4r.v	v8, (a4)
80000dae: 73 27 20 c2  	csrr	a4, vlenb
80000db2: 0a 07        	slli	a4, a4, 2
80000db4: 0a 97        	add	a4, a4, sp
80000db6: 13 07 07 02  	addi	a4, a4, 32
80000dba: 07 06 87 62  	vl4r.v	v12, (a4)
80000dbe: 57 b8 81 9e  	vmv4r.v	v16, v8
80000dc2: 73 27 20 c2  	csrr	a4, vlenb
80000dc6: 12 07        	slli	a4, a4, 4
80000dc8: 0a 97        	add	a4, a4, sp
80000dca: 13 07 07 02  	addi	a4, a4, 32
80000dce: 07 0a 87 62  	vl4r.v	v20, (a4)
80000dd2: 4a 87        	mv	a4, s2
80000dd4: 97 00 00 00  	auipc	ra, 0
80000dd8: e7 80 a0 c4  	jalr	-950(ra)
80000ddc: 93 1a 9d 00  	slli	s5, s10, 9
80000de0: 33 85 5b 01  	add	a0, s7, s5
80000de4: 57 70 29 0d  	vsetvli	zero, s2, e32, m4, ta, ma
80000de8: 07 64 05 02  	vle32.v	v8, (a0)
80000dec: 73 25 20 c2  	csrr	a0, vlenb
80000df0: d1 45        	li	a1, 20
80000df2: 33 05 b5 02  	mul	a0, a0, a1
80000df6: 0a 95        	add	a0, a0, sp
80000df8: 13 05 05 02  	addi	a0, a0, 32
80000dfc: 27 04 85 62  	vs4r.v	v8, (a0)
80000e00: 33 05 5b 01  	add	a0, s6, s5
80000e04: 07 6c 05 02  	vle32.v	v24, (a0)
80000e08: 07 ea 8c 62  	vl4re32.v	v20, (s9)
80000e0c: 07 68 8c 62  	vl4re32.v	v16, (s8)
80000e10: 57 16 8c 27  	vfneg.v	v12, v24
80000e14: 73 25 20 c2  	csrr	a0, vlenb
80000e18: 12 05        	slli	a0, a0, 4
80000e1a: 0a 95        	add	a0, a0, sp
80000e1c: 13 05 05 02  	addi	a0, a0, 32
80000e20: 27 0c 85 62  	vs4r.v	v24, (a0)
80000e24: 73 25 20 c2  	csrr	a0, vlenb
80000e28: 93 05 c0 05  	li	a1, 92
80000e2c: 33 05 b5 02  	mul	a0, a0, a1
80000e30: 0a 95        	add	a0, a0, sp
80000e32: 13 05 05 02  	addi	a0, a0, 32
80000e36: 27 08 85 62  	vs4r.v	v16, (a0)
80000e3a: 73 27 20 c2  	csrr	a4, vlenb
80000e3e: 13 05 00 06  	li	a0, 96
80000e42: 33 07 a7 02  	mul	a4, a4, a0
80000e46: 0a 97        	add	a4, a4, sp
80000e48: 13 07 07 02  	addi	a4, a4, 32
80000e4c: 73 25 20 c2  	csrr	a0, vlenb
80000e50: 93 05 00 06  	li	a1, 96
80000e54: 33 05 b5 02  	mul	a0, a0, a1
80000e58: 0a 95        	add	a0, a0, sp
80000e5a: 13 05 05 02  	addi	a0, a0, 32
80000e5e: f3 25 20 c2  	csrr	a1, vlenb
80000e62: 13 06 c0 05  	li	a2, 92
80000e66: b3 85 c5 02  	mul	a1, a1, a2
80000e6a: 8a 95        	add	a1, a1, sp
80000e6c: 93 85 05 02  	addi	a1, a1, 32
80000e70: 73 26 20 c2  	csrr	a2, vlenb
80000e74: 93 06 00 09  	li	a3, 144
80000e78: 33 06 d6 02  	mul	a2, a2, a3
80000e7c: 0a 96        	add	a2, a2, sp
80000e7e: 13 06 06 02  	addi	a2, a2, 32
80000e82: f3 26 20 c2  	csrr	a3, vlenb
80000e86: 93 07 40 08  	li	a5, 132
80000e8a: b3 86 f6 02  	mul	a3, a3, a5
80000e8e: 8a 96        	add	a3, a3, sp
80000e90: 93 86 06 02  	addi	a3, a3, 32
80000e94: 27 0a 87 62  	vs4r.v	v20, (a4)
80000e98: 57 08 04 5e  	vmv.v.v	v16, v8
80000e9c: 57 0a 0c 5e  	vmv.v.v	v20, v24
80000ea0: 4a 87        	mv	a4, s2
80000ea2: 97 00 00 00  	auipc	ra, 0
80000ea6: e7 80 c0 b7  	jalr	-1156(ra)
80000eaa: 13 85 0a 20  	addi	a0, s5, 512
80000eae: b3 85 ab 00  	add	a1, s7, a0
80000eb2: 57 70 29 0d  	vsetvli	zero, s2, e32, m4, ta, ma
80000eb6: 07 e4 05 02  	vle32.v	v8, (a1)
80000eba: f3 25 20 c2  	csrr	a1, vlenb
80000ebe: 8e 05        	slli	a1, a1, 3
80000ec0: 8a 95        	add	a1, a1, sp
80000ec2: 93 85 05 02  	addi	a1, a1, 32
80000ec6: 27 84 85 62  	vs4r.v	v8, (a1)
80000eca: 5a 95        	add	a0, a0, s6
80000ecc: 07 6a 05 02  	vle32.v	v20, (a0)
80000ed0: 73 25 20 c2  	csrr	a0, vlenb
80000ed4: e1 45        	li	a1, 24
80000ed6: 33 05 b5 02  	mul	a0, a0, a1
80000eda: 0a 95        	add	a0, a0, sp
80000edc: 13 05 05 02  	addi	a0, a0, 32
80000ee0: 27 0a 85 62  	vs4r.v	v20, (a0)
80000ee4: 73 25 20 c2  	csrr	a0, vlenb
80000ee8: 93 05 c0 08  	li	a1, 140
80000eec: 33 05 b5 02  	mul	a0, a0, a1
80000ef0: 0a 95        	add	a0, a0, sp
80000ef2: 13 05 05 02  	addi	a0, a0, 32
80000ef6: 07 68 85 62  	vl4re32.v	v16, (a0)
80000efa: 73 25 20 c2  	csrr	a0, vlenb
80000efe: 1e 05        	slli	a0, a0, 7
80000f00: 0a 95        	add	a0, a0, sp
80000f02: 13 05 05 02  	addi	a0, a0, 32
80000f06: 07 6c 85 62  	vl4re32.v	v24, (a0)
80000f0a: 57 16 4a 27  	vfneg.v	v12, v20
80000f0e: 73 25 20 c2  	csrr	a0, vlenb
80000f12: b1 45        	li	a1, 12
80000f14: 33 05 b5 02  	mul	a0, a0, a1
80000f18: 0a 95        	add	a0, a0, sp
80000f1a: 13 05 05 02  	addi	a0, a0, 32
80000f1e: 27 06 85 62  	vs4r.v	v12, (a0)
80000f22: 73 25 20 c2  	csrr	a0, vlenb
80000f26: 93 05 40 05  	li	a1, 84
80000f2a: 33 05 b5 02  	mul	a0, a0, a1
80000f2e: 0a 95        	add	a0, a0, sp
80000f30: 13 05 05 02  	addi	a0, a0, 32
80000f34: 27 0c 85 62  	vs4r.v	v24, (a0)
80000f38: 73 27 20 c2  	csrr	a4, vlenb
80000f3c: 13 05 80 05  	li	a0, 88
80000f40: 33 07 a7 02  	mul	a4, a4, a0
80000f44: 0a 97        	add	a4, a4, sp
80000f46: 13 07 07 02  	addi	a4, a4, 32
80000f4a: 73 25 20 c2  	csrr	a0, vlenb
80000f4e: 93 05 80 05  	li	a1, 88
80000f52: 33 05 b5 02  	mul	a0, a0, a1
80000f56: 0a 95        	add	a0, a0, sp
80000f58: 13 05 05 02  	addi	a0, a0, 32
80000f5c: f3 25 20 c2  	csrr	a1, vlenb
80000f60: 13 06 40 05  	li	a2, 84
80000f64: b3 85 c5 02  	mul	a1, a1, a2
80000f68: 8a 95        	add	a1, a1, sp
80000f6a: 93 85 05 02  	addi	a1, a1, 32
80000f6e: 73 26 20 c2  	csrr	a2, vlenb
80000f72: 93 06 c0 08  	li	a3, 140
80000f76: 33 06 d6 02  	mul	a2, a2, a3
80000f7a: 0a 96        	add	a2, a2, sp
80000f7c: 13 06 06 02  	addi	a2, a2, 32
80000f80: f3 26 20 c2  	csrr	a3, vlenb
80000f84: 9e 06        	slli	a3, a3, 7
80000f86: 8a 96        	add	a3, a3, sp
80000f88: 93 86 06 02  	addi	a3, a3, 32
80000f8c: 27 08 87 62  	vs4r.v	v16, (a4)
80000f90: 73 27 20 c2  	csrr	a4, vlenb
80000f94: d1 47        	li	a5, 20
80000f96: 33 07 f7 02  	mul	a4, a4, a5
80000f9a: 0a 97        	add	a4, a4, sp
80000f9c: 13 07 07 02  	addi	a4, a4, 32
80000fa0: 07 08 87 62  	vl4r.v	v16, (a4)
80000fa4: 73 27 20 c2  	csrr	a4, vlenb
80000fa8: 12 07        	slli	a4, a4, 4
80000faa: 0a 97        	add	a4, a4, sp
80000fac: 13 07 07 02  	addi	a4, a4, 32
80000fb0: 07 0a 87 62  	vl4r.v	v20, (a4)
80000fb4: 4a 87        	mv	a4, s2
80000fb6: 97 00 00 00  	auipc	ra, 0
80000fba: e7 80 80 a6  	jalr	-1432(ra)
80000fbe: 07 e4 8d 62  	vl4re32.v	v8, (s11)
80000fc2: 73 25 20 c2  	csrr	a0, vlenb
80000fc6: 93 05 c0 07  	li	a1, 124
80000fca: 33 05 b5 02  	mul	a0, a0, a1
80000fce: 0a 95        	add	a0, a0, sp
80000fd0: 13 05 05 02  	addi	a0, a0, 32
80000fd4: 07 66 85 62  	vl4re32.v	v12, (a0)
80000fd8: 73 2c 20 c2  	csrr	s8, vlenb
80000fdc: 13 05 c0 07  	li	a0, 124
80000fe0: 33 0c ac 02  	mul	s8, s8, a0
80000fe4: 0a 9c        	add	s8, s8, sp
80000fe6: 13 0c 0c 02  	addi	s8, s8, 32
80000fea: 73 25 20 c2  	csrr	a0, vlenb
80000fee: 93 05 c0 04  	li	a1, 76
80000ff2: 33 05 b5 02  	mul	a0, a0, a1
80000ff6: 0a 95        	add	a0, a0, sp
80000ff8: 13 05 05 02  	addi	a0, a0, 32
80000ffc: 27 06 85 62  	vs4r.v	v12, (a0)
80001000: 73 27 20 c2  	csrr	a4, vlenb
80001004: 13 05 00 05  	li	a0, 80
80001008: 33 07 a7 02  	mul	a4, a4, a0
8000100c: 0a 97        	add	a4, a4, sp
8000100e: 13 07 07 02  	addi	a4, a4, 32
80001012: 73 25 20 c2  	csrr	a0, vlenb
80001016: 93 05 00 05  	li	a1, 80
8000101a: 33 05 b5 02  	mul	a0, a0, a1
8000101e: 0a 95        	add	a0, a0, sp
80001020: 13 05 05 02  	addi	a0, a0, 32
80001024: f3 25 20 c2  	csrr	a1, vlenb
80001028: 13 06 c0 04  	li	a2, 76
8000102c: b3 85 c5 02  	mul	a1, a1, a2
80001030: 8a 95        	add	a1, a1, sp
80001032: 93 85 05 02  	addi	a1, a1, 32
80001036: 73 26 20 c2  	csrr	a2, vlenb
8000103a: 93 06 80 08  	li	a3, 136
8000103e: 33 06 d6 02  	mul	a2, a2, a3
80001042: 0a 96        	add	a2, a2, sp
80001044: 13 06 06 02  	addi	a2, a2, 32
80001048: f3 26 20 c2  	csrr	a3, vlenb
8000104c: 93 07 c0 07  	li	a5, 124
80001050: b3 86 f6 02  	mul	a3, a3, a5
80001054: 8a 96        	add	a3, a3, sp
80001056: 93 86 06 02  	addi	a3, a3, 32
8000105a: 27 04 87 62  	vs4r.v	v8, (a4)
8000105e: 73 27 20 c2  	csrr	a4, vlenb
80001062: 0e 07        	slli	a4, a4, 3
80001064: 0a 97        	add	a4, a4, sp
80001066: 13 07 07 02  	addi	a4, a4, 32
8000106a: 07 04 87 62  	vl4r.v	v8, (a4)
8000106e: 73 27 20 c2  	csrr	a4, vlenb
80001072: b1 47        	li	a5, 12
80001074: 33 07 f7 02  	mul	a4, a4, a5
80001078: 0a 97        	add	a4, a4, sp
8000107a: 13 07 07 02  	addi	a4, a4, 32
8000107e: 07 06 87 62  	vl4r.v	v12, (a4)
80001082: 57 b8 81 9e  	vmv4r.v	v16, v8
80001086: 73 27 20 c2  	csrr	a4, vlenb
8000108a: e1 47        	li	a5, 24
8000108c: 33 07 f7 02  	mul	a4, a4, a5
80001090: 0a 97        	add	a4, a4, sp
80001092: 13 07 07 02  	addi	a4, a4, 32
80001096: 07 0a 87 62  	vl4r.v	v20, (a4)
8000109a: 4a 87        	mv	a4, s2
8000109c: 97 00 00 00  	auipc	ra, 0
800010a0: e7 80 20 98  	jalr	-1662(ra)
800010a4: 93 1a ad 00  	slli	s5, s10, 10
800010a8: 33 85 5b 01  	add	a0, s7, s5
800010ac: 57 70 29 0d  	vsetvli	zero, s2, e32, m4, ta, ma
800010b0: 07 64 05 02  	vle32.v	v8, (a0)
800010b4: 73 25 20 c2  	csrr	a0, vlenb
800010b8: d1 45        	li	a1, 20
800010ba: 33 05 b5 02  	mul	a0, a0, a1
800010be: 0a 95        	add	a0, a0, sp
800010c0: 13 05 05 02  	addi	a0, a0, 32
800010c4: 27 04 85 62  	vs4r.v	v8, (a0)
800010c8: 33 05 5b 01  	add	a0, s6, s5
800010cc: 07 6c 05 02  	vle32.v	v24, (a0)
800010d0: 07 ea 8c 62  	vl4re32.v	v20, (s9)
800010d4: 73 25 20 c2  	csrr	a0, vlenb
800010d8: 93 05 40 08  	li	a1, 132
800010dc: 33 05 b5 02  	mul	a0, a0, a1
800010e0: 0a 95        	add	a0, a0, sp
800010e2: 13 05 05 02  	addi	a0, a0, 32
800010e6: 07 68 85 62  	vl4re32.v	v16, (a0)
800010ea: 57 16 8c 27  	vfneg.v	v12, v24
800010ee: 73 25 20 c2  	csrr	a0, vlenb
800010f2: 12 05        	slli	a0, a0, 4
800010f4: 0a 95        	add	a0, a0, sp
800010f6: 13 05 05 02  	addi	a0, a0, 32
800010fa: 27 0c 85 62  	vs4r.v	v24, (a0)
800010fe: 73 25 20 c2  	csrr	a0, vlenb
80001102: 93 05 40 04  	li	a1, 68
80001106: 33 05 b5 02  	mul	a0, a0, a1
8000110a: 0a 95        	add	a0, a0, sp
8000110c: 13 05 05 02  	addi	a0, a0, 32
80001110: 27 08 85 62  	vs4r.v	v16, (a0)
80001114: 73 27 20 c2  	csrr	a4, vlenb
80001118: 13 05 80 04  	li	a0, 72
8000111c: 33 07 a7 02  	mul	a4, a4, a0
80001120: 0a 97        	add	a4, a4, sp
80001122: 13 07 07 02  	addi	a4, a4, 32
80001126: 73 25 20 c2  	csrr	a0, vlenb
8000112a: 93 05 80 04  	li	a1, 72
8000112e: 33 05 b5 02  	mul	a0, a0, a1
80001132: 0a 95        	add	a0, a0, sp
80001134: 13 05 05 02  	addi	a0, a0, 32
80001138: f3 25 20 c2  	csrr	a1, vlenb
8000113c: 13 06 40 04  	li	a2, 68
80001140: b3 85 c5 02  	mul	a1, a1, a2
80001144: 8a 95        	add	a1, a1, sp
80001146: 93 85 05 02  	addi	a1, a1, 32
8000114a: 73 26 20 c2  	csrr	a2, vlenb
8000114e: 93 06 00 09  	li	a3, 144
80001152: 33 06 d6 02  	mul	a2, a2, a3
80001156: 0a 96        	add	a2, a2, sp
80001158: 13 06 06 02  	addi	a2, a2, 32
8000115c: f3 26 20 c2  	csrr	a3, vlenb
80001160: 93 07 40 08  	li	a5, 132
80001164: b3 86 f6 02  	mul	a3, a3, a5
80001168: 8a 96        	add	a3, a3, sp
8000116a: 93 86 06 02  	addi	a3, a3, 32
8000116e: 27 0a 87 62  	vs4r.v	v20, (a4)
80001172: 57 08 04 5e  	vmv.v.v	v16, v8
80001176: 57 0a 0c 5e  	vmv.v.v	v20, v24
8000117a: 4a 87        	mv	a4, s2
8000117c: 97 00 00 00  	auipc	ra, 0
80001180: e7 80 20 8a  	jalr	-1886(ra)
80001184: 13 e5 0a 20  	ori	a0, s5, 512
80001188: b3 85 ab 00  	add	a1, s7, a0
8000118c: 57 70 29 0d  	vsetvli	zero, s2, e32, m4, ta, ma
80001190: 07 e4 05 02  	vle32.v	v8, (a1)
80001194: f3 25 20 c2  	csrr	a1, vlenb
80001198: 8e 05        	slli	a1, a1, 3
8000119a: 8a 95        	add	a1, a1, sp
8000119c: 93 85 05 02  	addi	a1, a1, 32
800011a0: 27 84 85 62  	vs4r.v	v8, (a1)
800011a4: 5a 95        	add	a0, a0, s6
800011a6: 07 6a 05 02  	vle32.v	v20, (a0)
800011aa: 73 25 20 c2  	csrr	a0, vlenb
800011ae: e1 45        	li	a1, 24
800011b0: 33 05 b5 02  	mul	a0, a0, a1
800011b4: 0a 95        	add	a0, a0, sp
800011b6: 13 05 05 02  	addi	a0, a0, 32
800011ba: 27 0a 85 62  	vs4r.v	v20, (a0)
800011be: 73 25 20 c2  	csrr	a0, vlenb
800011c2: 93 05 c0 08  	li	a1, 140
800011c6: 33 05 b5 02  	mul	a0, a0, a1
800011ca: 0a 95        	add	a0, a0, sp
800011cc: 13 05 05 02  	addi	a0, a0, 32
800011d0: 07 68 85 62  	vl4re32.v	v16, (a0)
800011d4: 73 25 20 c2  	csrr	a0, vlenb
800011d8: 1e 05        	slli	a0, a0, 7
800011da: 0a 95        	add	a0, a0, sp
800011dc: 13 05 05 02  	addi	a0, a0, 32
800011e0: 07 6c 85 62  	vl4re32.v	v24, (a0)
800011e4: 57 16 4a 27  	vfneg.v	v12, v20
800011e8: 73 25 20 c2  	csrr	a0, vlenb
800011ec: b1 45        	li	a1, 12
800011ee: 33 05 b5 02  	mul	a0, a0, a1
800011f2: 0a 95        	add	a0, a0, sp
800011f4: 13 05 05 02  	addi	a0, a0, 32
800011f8: 27 06 85 62  	vs4r.v	v12, (a0)
800011fc: 73 25 20 c2  	csrr	a0, vlenb
80001200: 93 05 c0 03  	li	a1, 60
80001204: 33 05 b5 02  	mul	a0, a0, a1
80001208: 0a 95        	add	a0, a0, sp
8000120a: 13 05 05 02  	addi	a0, a0, 32
8000120e: 27 0c 85 62  	vs4r.v	v24, (a0)
80001212: 73 27 20 c2  	csrr	a4, vlenb
80001216: 1a 07        	slli	a4, a4, 6
80001218: 0a 97        	add	a4, a4, sp
8000121a: 13 07 07 02  	addi	a4, a4, 32
8000121e: 73 25 20 c2  	csrr	a0, vlenb
80001222: 1a 05        	slli	a0, a0, 6
80001224: 0a 95        	add	a0, a0, sp
80001226: 13 05 05 02  	addi	a0, a0, 32
8000122a: f3 25 20 c2  	csrr	a1, vlenb
8000122e: 13 06 c0 03  	li	a2, 60
80001232: b3 85 c5 02  	mul	a1, a1, a2
80001236: 8a 95        	add	a1, a1, sp
80001238: 93 85 05 02  	addi	a1, a1, 32
8000123c: 73 26 20 c2  	csrr	a2, vlenb
80001240: 93 06 c0 08  	li	a3, 140
80001244: 33 06 d6 02  	mul	a2, a2, a3
80001248: 0a 96        	add	a2, a2, sp
8000124a: 13 06 06 02  	addi	a2, a2, 32
8000124e: f3 26 20 c2  	csrr	a3, vlenb
80001252: 9e 06        	slli	a3, a3, 7
80001254: 8a 96        	add	a3, a3, sp
80001256: 93 86 06 02  	addi	a3, a3, 32
8000125a: 27 08 87 62  	vs4r.v	v16, (a4)
8000125e: 73 27 20 c2  	csrr	a4, vlenb
80001262: d1 47        	li	a5, 20
80001264: 33 07 f7 02  	mul	a4, a4, a5
80001268: 0a 97        	add	a4, a4, sp
8000126a: 13 07 07 02  	addi	a4, a4, 32
8000126e: 07 08 87 62  	vl4r.v	v16, (a4)
80001272: 73 27 20 c2  	csrr	a4, vlenb
80001276: 12 07        	slli	a4, a4, 4
80001278: 0a 97        	add	a4, a4, sp
8000127a: 13 07 07 02  	addi	a4, a4, 32
8000127e: 07 0a 87 62  	vl4r.v	v20, (a4)
80001282: 4a 87        	mv	a4, s2
80001284: 97 f0 ff ff  	auipc	ra, 1048575
80001288: e7 80 a0 79  	jalr	1946(ra)
8000128c: 07 e4 8d 62  	vl4re32.v	v8, (s11)
80001290: 07 66 8c 62  	vl4re32.v	v12, (s8)
80001294: 73 25 20 c2  	csrr	a0, vlenb
80001298: 93 05 40 03  	li	a1, 52
8000129c: 33 05 b5 02  	mul	a0, a0, a1
800012a0: 0a 95        	add	a0, a0, sp
800012a2: 13 05 05 02  	addi	a0, a0, 32
800012a6: 27 06 85 62  	vs4r.v	v12, (a0)
800012aa: 73 27 20 c2  	csrr	a4, vlenb
800012ae: 13 05 80 03  	li	a0, 56
800012b2: 33 07 a7 02  	mul	a4, a4, a0
800012b6: 0a 97        	add	a4, a4, sp
800012b8: 13 07 07 02  	addi	a4, a4, 32
800012bc: 73 25 20 c2  	csrr	a0, vlenb
800012c0: 93 05 80 03  	li	a1, 56
800012c4: 33 05 b5 02  	mul	a0, a0, a1
800012c8: 0a 95        	add	a0, a0, sp
800012ca: 13 05 05 02  	addi	a0, a0, 32
800012ce: f3 25 20 c2  	csrr	a1, vlenb
800012d2: 13 06 40 03  	li	a2, 52
800012d6: b3 85 c5 02  	mul	a1, a1, a2
800012da: 8a 95        	add	a1, a1, sp
800012dc: 93 85 05 02  	addi	a1, a1, 32
800012e0: 73 26 20 c2  	csrr	a2, vlenb
800012e4: 93 06 80 08  	li	a3, 136
800012e8: 33 06 d6 02  	mul	a2, a2, a3
800012ec: 0a 96        	add	a2, a2, sp
800012ee: 13 06 06 02  	addi	a2, a2, 32
800012f2: f3 26 20 c2  	csrr	a3, vlenb
800012f6: 93 07 c0 07  	li	a5, 124
800012fa: b3 86 f6 02  	mul	a3, a3, a5
800012fe: 8a 96        	add	a3, a3, sp
80001300: 93 86 06 02  	addi	a3, a3, 32
80001304: 27 04 87 62  	vs4r.v	v8, (a4)
80001308: 73 27 20 c2  	csrr	a4, vlenb
8000130c: 0e 07        	slli	a4, a4, 3
8000130e: 0a 97        	add	a4, a4, sp
80001310: 13 07 07 02  	addi	a4, a4, 32
80001314: 07 04 87 62  	vl4r.v	v8, (a4)
80001318: 73 27 20 c2  	csrr	a4, vlenb
8000131c: b1 47        	li	a5, 12
8000131e: 33 07 f7 02  	mul	a4, a4, a5
80001322: 0a 97        	add	a4, a4, sp
80001324: 13 07 07 02  	addi	a4, a4, 32
80001328: 07 06 87 62  	vl4r.v	v12, (a4)
8000132c: 57 b8 81 9e  	vmv4r.v	v16, v8
80001330: 73 27 20 c2  	csrr	a4, vlenb
80001334: e1 47        	li	a5, 24
80001336: 33 07 f7 02  	mul	a4, a4, a5
8000133a: 0a 97        	add	a4, a4, sp
8000133c: 13 07 07 02  	addi	a4, a4, 32
80001340: 07 0a 87 62  	vl4r.v	v20, (a4)
80001344: 4a 87        	mv	a4, s2
80001346: 97 f0 ff ff  	auipc	ra, 1048575
8000134a: e7 80 80 6d  	jalr	1752(ra)
8000134e: 13 05 00 60  	li	a0, 1536
80001352: b3 0a ad 02  	mul	s5, s10, a0
80001356: 33 85 5b 01  	add	a0, s7, s5
8000135a: 57 70 29 0d  	vsetvli	zero, s2, e32, m4, ta, ma
8000135e: 07 64 05 02  	vle32.v	v8, (a0)
80001362: 73 25 20 c2  	csrr	a0, vlenb
80001366: d1 45        	li	a1, 20
80001368: 33 05 b5 02  	mul	a0, a0, a1
8000136c: 0a 95        	add	a0, a0, sp
8000136e: 13 05 05 02  	addi	a0, a0, 32
80001372: 27 04 85 62  	vs4r.v	v8, (a0)
80001376: 33 05 5b 01  	add	a0, s6, s5
8000137a: 07 6c 05 02  	vle32.v	v24, (a0)
8000137e: 07 ea 8c 62  	vl4re32.v	v20, (s9)
80001382: 73 25 20 c2  	csrr	a0, vlenb
80001386: 93 05 40 08  	li	a1, 132
8000138a: 33 05 b5 02  	mul	a0, a0, a1
8000138e: 0a 95        	add	a0, a0, sp
80001390: 13 05 05 02  	addi	a0, a0, 32
80001394: 07 68 85 62  	vl4re32.v	v16, (a0)
80001398: 73 2c 20 c2  	csrr	s8, vlenb
8000139c: 13 05 40 08  	li	a0, 132
800013a0: 33 0c ac 02  	mul	s8, s8, a0
800013a4: 0a 9c        	add	s8, s8, sp
800013a6: 13 0c 0c 02  	addi	s8, s8, 32
800013aa: 57 16 8c 27  	vfneg.v	v12, v24
800013ae: 73 25 20 c2  	csrr	a0, vlenb
800013b2: 12 05        	slli	a0, a0, 4
800013b4: 0a 95        	add	a0, a0, sp
800013b6: 13 05 05 02  	addi	a0, a0, 32
800013ba: 27 0c 85 62  	vs4r.v	v24, (a0)
800013be: 73 25 20 c2  	csrr	a0, vlenb
800013c2: 93 05 c0 02  	li	a1, 44
800013c6: 33 05 b5 02  	mul	a0, a0, a1
800013ca: 0a 95        	add	a0, a0, sp
800013cc: 13 05 05 02  	addi	a0, a0, 32
800013d0: 27 08 85 62  	vs4r.v	v16, (a0)
800013d4: 73 27 20 c2  	csrr	a4, vlenb
800013d8: 13 05 00 03  	li	a0, 48
800013dc: 33 07 a7 02  	mul	a4, a4, a0
800013e0: 0a 97        	add	a4, a4, sp
800013e2: 13 07 07 02  	addi	a4, a4, 32
800013e6: 73 25 20 c2  	csrr	a0, vlenb
800013ea: 93 05 00 03  	li	a1, 48
800013ee: 33 05 b5 02  	mul	a0, a0, a1
800013f2: 0a 95        	add	a0, a0, sp
800013f4: 13 05 05 02  	addi	a0, a0, 32
800013f8: f3 25 20 c2  	csrr	a1, vlenb
800013fc: 13 06 c0 02  	li	a2, 44
80001400: b3 85 c5 02  	mul	a1, a1, a2
80001404: 8a 95        	add	a1, a1, sp
80001406: 93 85 05 02  	addi	a1, a1, 32
8000140a: 73 26 20 c2  	csrr	a2, vlenb
8000140e: 93 06 00 09  	li	a3, 144
80001412: 33 06 d6 02  	mul	a2, a2, a3
80001416: 0a 96        	add	a2, a2, sp
80001418: 13 06 06 02  	addi	a2, a2, 32
8000141c: f3 26 20 c2  	csrr	a3, vlenb
80001420: 93 07 40 08  	li	a5, 132
80001424: b3 86 f6 02  	mul	a3, a3, a5
80001428: 8a 96        	add	a3, a3, sp
8000142a: 93 86 06 02  	addi	a3, a3, 32
8000142e: 27 0a 87 62  	vs4r.v	v20, (a4)
80001432: 57 08 04 5e  	vmv.v.v	v16, v8
80001436: 57 0a 0c 5e  	vmv.v.v	v20, v24
8000143a: 4a 87        	mv	a4, s2
8000143c: 97 f0 ff ff  	auipc	ra, 1048575
80001440: e7 80 20 5e  	jalr	1506(ra)
80001444: 13 85 0a 20  	addi	a0, s5, 512
80001448: aa 9b        	add	s7, s7, a0
8000144a: 57 70 29 0d  	vsetvli	zero, s2, e32, m4, ta, ma
8000144e: 07 e4 0b 02  	vle32.v	v8, (s7)
80001452: f3 25 20 c2  	csrr	a1, vlenb
80001456: 8e 05        	slli	a1, a1, 3
80001458: 8a 95        	add	a1, a1, sp
8000145a: 93 85 05 02  	addi	a1, a1, 32
8000145e: 27 84 85 62  	vs4r.v	v8, (a1)
80001462: 5a 95        	add	a0, a0, s6
80001464: 07 6a 05 02  	vle32.v	v20, (a0)
80001468: 73 25 20 c2  	csrr	a0, vlenb
8000146c: e1 45        	li	a1, 24
8000146e: 33 05 b5 02  	mul	a0, a0, a1
80001472: 0a 95        	add	a0, a0, sp
80001474: 13 05 05 02  	addi	a0, a0, 32
80001478: 27 0a 85 62  	vs4r.v	v20, (a0)
8000147c: f3 2b 20 c2  	csrr	s7, vlenb
80001480: 13 05 c0 08  	li	a0, 140
80001484: b3 8b ab 02  	mul	s7, s7, a0
80001488: 8a 9b        	add	s7, s7, sp
8000148a: 93 8b 0b 02  	addi	s7, s7, 32
8000148e: 07 e8 8b 62  	vl4re32.v	v16, (s7)
80001492: 73 2b 20 c2  	csrr	s6, vlenb
80001496: 1e 0b        	slli	s6, s6, 7
80001498: 0a 9b        	add	s6, s6, sp
8000149a: 13 0b 0b 02  	addi	s6, s6, 32
8000149e: 07 6c 8b 62  	vl4re32.v	v24, (s6)
800014a2: 57 16 4a 27  	vfneg.v	v12, v20
800014a6: 73 25 20 c2  	csrr	a0, vlenb
800014aa: b1 45        	li	a1, 12
800014ac: 33 05 b5 02  	mul	a0, a0, a1
800014b0: 0a 95        	add	a0, a0, sp
800014b2: 13 05 05 02  	addi	a0, a0, 32
800014b6: 27 06 85 62  	vs4r.v	v12, (a0)
800014ba: 73 25 20 c2  	csrr	a0, vlenb
800014be: 93 05 40 02  	li	a1, 36
800014c2: 33 05 b5 02  	mul	a0, a0, a1
800014c6: 0a 95        	add	a0, a0, sp
800014c8: 13 05 05 02  	addi	a0, a0, 32
800014cc: 27 0c 85 62  	vs4r.v	v24, (a0)
800014d0: 73 27 20 c2  	csrr	a4, vlenb
800014d4: 13 05 80 02  	li	a0, 40
800014d8: 33 07 a7 02  	mul	a4, a4, a0
800014dc: 0a 97        	add	a4, a4, sp
800014de: 13 07 07 02  	addi	a4, a4, 32
800014e2: 73 25 20 c2  	csrr	a0, vlenb
800014e6: 93 05 80 02  	li	a1, 40
800014ea: 33 05 b5 02  	mul	a0, a0, a1
800014ee: 0a 95        	add	a0, a0, sp
800014f0: 13 05 05 02  	addi	a0, a0, 32
800014f4: f3 25 20 c2  	csrr	a1, vlenb
800014f8: 13 06 40 02  	li	a2, 36
800014fc: b3 85 c5 02  	mul	a1, a1, a2
80001500: 8a 95        	add	a1, a1, sp
80001502: 93 85 05 02  	addi	a1, a1, 32
80001506: 73 26 20 c2  	csrr	a2, vlenb
8000150a: 93 06 c0 08  	li	a3, 140
8000150e: 33 06 d6 02  	mul	a2, a2, a3
80001512: 0a 96        	add	a2, a2, sp
80001514: 13 06 06 02  	addi	a2, a2, 32
80001518: f3 26 20 c2  	csrr	a3, vlenb
8000151c: 9e 06        	slli	a3, a3, 7
8000151e: 8a 96        	add	a3, a3, sp
80001520: 93 86 06 02  	addi	a3, a3, 32
80001524: 27 08 87 62  	vs4r.v	v16, (a4)
80001528: 73 27 20 c2  	csrr	a4, vlenb
8000152c: d1 47        	li	a5, 20
8000152e: 33 07 f7 02  	mul	a4, a4, a5
80001532: 0a 97        	add	a4, a4, sp
80001534: 13 07 07 02  	addi	a4, a4, 32
80001538: 07 08 87 62  	vl4r.v	v16, (a4)
8000153c: 73 27 20 c2  	csrr	a4, vlenb
80001540: 12 07        	slli	a4, a4, 4
80001542: 0a 97        	add	a4, a4, sp
80001544: 13 07 07 02  	addi	a4, a4, 32
80001548: 07 0a 87 62  	vl4r.v	v20, (a4)
8000154c: 4a 87        	mv	a4, s2
8000154e: 97 f0 ff ff  	auipc	ra, 1048575
80001552: e7 80 00 4d  	jalr	1232(ra)
80001556: 07 e4 8d 62  	vl4re32.v	v8, (s11)
8000155a: f3 2a 20 c2  	csrr	s5, vlenb
8000155e: 13 05 c0 07  	li	a0, 124
80001562: b3 8a aa 02  	mul	s5, s5, a0
80001566: 8a 9a        	add	s5, s5, sp
80001568: 93 8a 0a 02  	addi	s5, s5, 32
8000156c: 07 e6 8a 62  	vl4re32.v	v12, (s5)
80001570: 73 25 20 c2  	csrr	a0, vlenb
80001574: f1 45        	li	a1, 28
80001576: 33 05 b5 02  	mul	a0, a0, a1
8000157a: 0a 95        	add	a0, a0, sp
8000157c: 13 05 05 02  	addi	a0, a0, 32
80001580: 27 06 85 62  	vs4r.v	v12, (a0)
80001584: 73 27 20 c2  	csrr	a4, vlenb
80001588: 16 07        	slli	a4, a4, 5
8000158a: 0a 97        	add	a4, a4, sp
8000158c: 13 07 07 02  	addi	a4, a4, 32
80001590: 73 25 20 c2  	csrr	a0, vlenb
80001594: 16 05        	slli	a0, a0, 5
80001596: 0a 95        	add	a0, a0, sp
80001598: 13 05 05 02  	addi	a0, a0, 32
8000159c: f3 25 20 c2  	csrr	a1, vlenb
800015a0: 71 46        	li	a2, 28
800015a2: b3 85 c5 02  	mul	a1, a1, a2
800015a6: 8a 95        	add	a1, a1, sp
800015a8: 93 85 05 02  	addi	a1, a1, 32
800015ac: 73 26 20 c2  	csrr	a2, vlenb
800015b0: 93 06 80 08  	li	a3, 136
800015b4: 33 06 d6 02  	mul	a2, a2, a3
800015b8: 0a 96        	add	a2, a2, sp
800015ba: 13 06 06 02  	addi	a2, a2, 32
800015be: f3 26 20 c2  	csrr	a3, vlenb
800015c2: 93 07 c0 07  	li	a5, 124
800015c6: b3 86 f6 02  	mul	a3, a3, a5
800015ca: 8a 96        	add	a3, a3, sp
800015cc: 93 86 06 02  	addi	a3, a3, 32
800015d0: 27 04 87 62  	vs4r.v	v8, (a4)
800015d4: 73 27 20 c2  	csrr	a4, vlenb
800015d8: 0e 07        	slli	a4, a4, 3
800015da: 0a 97        	add	a4, a4, sp
800015dc: 13 07 07 02  	addi	a4, a4, 32
800015e0: 07 04 87 62  	vl4r.v	v8, (a4)
800015e4: 73 27 20 c2  	csrr	a4, vlenb
800015e8: b1 47        	li	a5, 12
800015ea: 33 07 f7 02  	mul	a4, a4, a5
800015ee: 0a 97        	add	a4, a4, sp
800015f0: 13 07 07 02  	addi	a4, a4, 32
800015f4: 07 06 87 62  	vl4r.v	v12, (a4)
800015f8: 57 b8 81 9e  	vmv4r.v	v16, v8
800015fc: 73 27 20 c2  	csrr	a4, vlenb
80001600: e1 47        	li	a5, 24
80001602: 33 07 f7 02  	mul	a4, a4, a5
80001606: 0a 97        	add	a4, a4, sp
80001608: 13 07 07 02  	addi	a4, a4, 32
8000160c: 07 0a 87 62  	vl4r.v	v20, (a4)
80001610: 4a 87        	mv	a4, s2
80001612: 97 f0 ff ff  	auipc	ra, 1048575
80001616: e7 80 c0 40  	jalr	1036(ra)
8000161a: 07 e4 8c 62  	vl4re32.v	v8, (s9)
8000161e: 57 70 29 0d  	vsetvli	zero, s2, e32, m4, ta, ma
80001622: 27 64 0a 02  	vse32.v	v8, (s4)
80001626: 07 e4 8b 62  	vl4re32.v	v8, (s7)
8000162a: 33 05 a9 03  	mul	a0, s2, s10
8000162e: 0a 05        	slli	a0, a0, 2
80001630: b3 05 aa 00  	add	a1, s4, a0
80001634: 27 e4 05 02  	vse32.v	v8, (a1)
80001638: 05 0d        	addi	s10, s10, 1
8000163a: 07 e4 8d 62  	vl4re32.v	v8, (s11)
8000163e: b3 05 2d 03  	mul	a1, s10, s2
80001642: 8a 05        	slli	a1, a1, 2
80001644: 2e 9a        	add	s4, s4, a1
80001646: 27 64 0a 02  	vse32.v	v8, (s4)
8000164a: 07 64 8c 62  	vl4re32.v	v8, (s8)
8000164e: 27 e4 09 02  	vse32.v	v8, (s3)
80001652: 07 64 8b 62  	vl4re32.v	v8, (s6)
80001656: 4e 95        	add	a0, a0, s3
80001658: 27 64 05 02  	vse32.v	v8, (a0)
8000165c: 07 e4 8a 62  	vl4re32.v	v8, (s5)
80001660: ce 95        	add	a1, a1, s3
80001662: 27 e4 05 02  	vse32.v	v8, (a1)
80001666: 13 01 04 f8  	addi	sp, s0, -128
8000166a: e6 70        	ld	ra, 120(sp)
8000166c: 46 74        	ld	s0, 112(sp)
8000166e: 26 79        	ld	s2, 104(sp)
80001670: 86 79        	ld	s3, 96(sp)
80001672: 66 6a        	ld	s4, 88(sp)
80001674: c6 6a        	ld	s5, 80(sp)
80001676: 26 6b        	ld	s6, 72(sp)
80001678: 86 6b        	ld	s7, 64(sp)
8000167a: 62 7c        	ld	s8, 56(sp)
8000167c: c2 7c        	ld	s9, 48(sp)
8000167e: 22 7d        	ld	s10, 40(sp)
80001680: 82 7d        	ld	s11, 32(sp)
80001682: 09 61        	addi	sp, sp, 128
80001684: 82 80        	ret

0000000080001686 <printf_>:
80001686: 1d 71        	addi	sp, sp, -96
80001688: 06 ec        	sd	ra, 24(sp)
8000168a: aa 82        	mv	t0, a0
8000168c: c6 ec        	sd	a7, 88(sp)
8000168e: c2 e8        	sd	a6, 80(sp)
80001690: be e4        	sd	a5, 72(sp)
80001692: ba e0        	sd	a4, 64(sp)
80001694: 36 fc        	sd	a3, 56(sp)
80001696: 32 f8        	sd	a2, 48(sp)
80001698: 2e f4        	sd	a1, 40(sp)
8000169a: 28 10        	addi	a0, sp, 40
8000169c: 2a e8        	sd	a0, 16(sp)
8000169e: 17 15 00 00  	auipc	a0, 1
800016a2: 13 05 e5 b9  	addi	a0, a0, -1122
800016a6: 93 05 f1 00  	addi	a1, sp, 15
800016aa: 7d 56        	li	a2, -1
800016ac: 38 10        	addi	a4, sp, 40
800016ae: 96 86        	mv	a3, t0
800016b0: 97 00 00 00  	auipc	ra, 0
800016b4: e7 80 e0 00  	jalr	14(ra)
800016b8: e2 60        	ld	ra, 24(sp)
800016ba: 25 61        	addi	sp, sp, 96
800016bc: 82 80        	ret

00000000800016be <_vsnprintf>:
800016be: 55 71        	addi	sp, sp, -208
800016c0: 86 e5        	sd	ra, 200(sp)
800016c2: a2 e1        	sd	s0, 192(sp)
800016c4: 26 fd        	sd	s1, 184(sp)
800016c6: 4a f9        	sd	s2, 176(sp)
800016c8: 4e f5        	sd	s3, 168(sp)
800016ca: 52 f1        	sd	s4, 160(sp)
800016cc: 56 ed        	sd	s5, 152(sp)
800016ce: 5a e9        	sd	s6, 144(sp)
800016d0: 5e e5        	sd	s7, 136(sp)
800016d2: 62 e1        	sd	s8, 128(sp)
800016d4: e6 fc        	sd	s9, 120(sp)
800016d6: ea f8        	sd	s10, 112(sp)
800016d8: ee f4        	sd	s11, 104(sp)
800016da: a2 b0        	fsd	fs0, 96(sp)
800016dc: a6 ac        	fsd	fs1, 88(sp)
800016de: ba 8b        	mv	s7, a4
800016e0: 36 84        	mv	s0, a3
800016e2: 32 89        	mv	s2, a2
800016e4: 2e f8        	sd	a1, 48(sp)
800016e6: 99 c1        	beqz	a1, 0x800016ec <_vsnprintf+0x2e>
800016e8: 2a 8c        	mv	s8, a0
800016ea: 29 a0        	j	0x800016f4 <_vsnprintf+0x36>
800016ec: 17 15 00 00  	auipc	a0, 1
800016f0: 13 0c c5 b5  	addi	s8, a0, -1188
800016f4: 81 4c        	li	s9, 0
800016f6: 13 0b 50 02  	li	s6, 37
800016fa: 41 4d        	li	s10, 16
800016fc: 53 04 00 f2  	fmv.d.x	fs0, zero
80001700: 37 65 66 66  	lui	a0, 419430
80001704: 1b 0a 75 66  	addiw	s4, a0, 1639
80001708: 93 0d 24 00  	addi	s11, s0, 2
8000170c: b3 09 90 41  	neg	s3, s9
80001710: e6 8a        	mv	s5, s9
80001712: 03 45 04 00  	lbu	a0, 0(s0)
80001716: e3 07 05 2e  	beqz	a0, 0x80002204 <_vsnprintf+0xb46>
8000171a: 63 02 65 03  	beq	a0, s6, 0x8000173e <_vsnprintf+0x80>
8000171e: 93 84 1a 00  	addi	s1, s5, 1
80001722: c2 75        	ld	a1, 48(sp)
80001724: 56 86        	mv	a2, s5
80001726: ca 86        	mv	a3, s2
80001728: 02 9c        	jalr	s8
8000172a: 05 04        	addi	s0, s0, 1
8000172c: 85 2c        	addiw	s9, s9, 1
8000172e: 85 0d        	addi	s11, s11, 1
80001730: fd 19        	addi	s3, s3, -1
80001732: a6 8a        	mv	s5, s1
80001734: 03 45 04 00  	lbu	a0, 0(s0)
80001738: 6d f1        	bnez	a0, 0x8000171a <_vsnprintf+0x5c>
8000173a: 6f 00 b0 2c  	j	0x80002204 <_vsnprintf+0xb46>
8000173e: 81 44        	li	s1, 0
80001740: 93 0c 71 03  	addi	s9, sp, 55
80001744: 25 47        	li	a4, 9
80001746: 29 44        	li	s0, 10
80001748: 21 a0        	j	0x80001750 <_vsnprintf+0x92>
8000174a: c1 45        	li	a1, 16
8000174c: cd 8c        	or	s1, s1, a1
8000174e: 85 0d        	addi	s11, s11, 1
80001750: 03 c5 fd ff  	lbu	a0, -1(s11)
80001754: 93 05 05 fe  	addi	a1, a0, -32
80001758: 63 61 bd 02  	bltu	s10, a1, 0x8000177a <_vsnprintf+0xbc>
8000175c: 8e 05        	slli	a1, a1, 3
8000175e: 17 96 00 00  	auipc	a2, 9
80001762: 13 06 a6 f0  	addi	a2, a2, -246
80001766: b2 95        	add	a1, a1, a2
80001768: 90 61        	ld	a2, 0(a1)
8000176a: 85 45        	li	a1, 1
8000176c: 02 86        	jr	a2
8000176e: a1 45        	li	a1, 8
80001770: f1 bf        	j	0x8000174c <_vsnprintf+0x8e>
80001772: 91 45        	li	a1, 4
80001774: e1 bf        	j	0x8000174c <_vsnprintf+0x8e>
80001776: 89 45        	li	a1, 2
80001778: d1 bf        	j	0x8000174c <_vsnprintf+0x8e>
8000177a: 9b 05 05 fd  	addiw	a1, a0, -48
8000177e: 13 f6 f5 0f  	andi	a2, a1, 255
80001782: 93 85 fd ff  	addi	a1, s11, -1
80001786: 63 67 c7 06  	bltu	a4, a2, 0x800017f4 <_vsnprintf+0x136>
8000178a: 01 4b        	li	s6, 0
8000178c: 13 76 f5 0f  	andi	a2, a0, 255
80001790: 03 c5 15 00  	lbu	a0, 1(a1)
80001794: bb 06 8b 02  	mulw	a3, s6, s0
80001798: 85 05        	addi	a1, a1, 1
8000179a: 35 9e        	addw	a2, a2, a3
8000179c: 9b 06 05 fd  	addiw	a3, a0, -48
800017a0: 93 f6 f6 0f  	andi	a3, a3, 255
800017a4: 1b 0b 06 fd  	addiw	s6, a2, -48
800017a8: e3 e2 86 fe  	bltu	a3, s0, 0x8000178c <_vsnprintf+0xce>
800017ac: ae 8d        	mv	s11, a1
800017ae: 93 05 e0 02  	li	a1, 46
800017b2: 63 11 b5 0a  	bne	a0, a1, 0x80001854 <_vsnprintf+0x196>
800017b6: 03 c5 1d 00  	lbu	a0, 1(s11)
800017ba: 93 e4 04 40  	ori	s1, s1, 1024
800017be: 9b 05 05 fd  	addiw	a1, a0, -48
800017c2: 13 f6 f5 0f  	andi	a2, a1, 255
800017c6: 93 85 1d 00  	addi	a1, s11, 1
800017ca: 63 6c c7 04  	bltu	a4, a2, 0x80001822 <_vsnprintf+0x164>
800017ce: 5e f4        	sd	s7, 40(sp)
800017d0: 81 4b        	li	s7, 0
800017d2: 13 76 f5 0f  	andi	a2, a0, 255
800017d6: 03 c5 15 00  	lbu	a0, 1(a1)
800017da: bb 86 8b 02  	mulw	a3, s7, s0
800017de: 85 05        	addi	a1, a1, 1
800017e0: 35 9e        	addw	a2, a2, a3
800017e2: 9b 06 05 fd  	addiw	a3, a0, -48
800017e6: 93 f6 f6 0f  	andi	a3, a3, 255
800017ea: 9b 0b 06 fd  	addiw	s7, a2, -48
800017ee: e3 e2 86 fe  	bltu	a3, s0, 0x800017d2 <_vsnprintf+0x114>
800017f2: b5 a0        	j	0x8000185e <_vsnprintf+0x1a0>
800017f4: 13 06 a0 02  	li	a2, 42
800017f8: 63 18 c5 04  	bne	a0, a2, 0x80001848 <_vsnprintf+0x18a>
800017fc: 83 a5 0b 00  	lw	a1, 0(s7)
80001800: 63 d4 05 00  	bgez	a1, 0x80001808 <_vsnprintf+0x14a>
80001804: 93 e4 24 00  	ori	s1, s1, 2
80001808: 1b d6 f5 41  	sraiw	a2, a1, 31
8000180c: 03 c5 0d 00  	lbu	a0, 0(s11)
80001810: b1 8d        	xor	a1, a1, a2
80001812: 3b 8b c5 40  	subw	s6, a1, a2
80001816: a1 0b        	addi	s7, s7, 8
80001818: 93 05 e0 02  	li	a1, 46
8000181c: e3 0d b5 f8  	beq	a0, a1, 0x800017b6 <_vsnprintf+0xf8>
80001820: 15 a8        	j	0x80001854 <_vsnprintf+0x196>
80001822: 13 06 a0 02  	li	a2, 42
80001826: 63 1a c5 02  	bne	a0, a2, 0x8000185a <_vsnprintf+0x19c>
8000182a: 83 a5 0b 00  	lw	a1, 0(s7)
8000182e: 13 86 8b 00  	addi	a2, s7, 8
80001832: b3 26 b0 00  	sgtz	a3, a1
80001836: 03 c5 2d 00  	lbu	a0, 2(s11)
8000183a: b3 06 d0 40  	neg	a3, a3
8000183e: 89 0d        	addi	s11, s11, 2
80001840: b3 fb b6 00  	and	s7, a3, a1
80001844: 32 f4        	sd	a2, 40(sp)
80001846: 29 a8        	j	0x80001860 <_vsnprintf+0x1a2>
80001848: 01 4b        	li	s6, 0
8000184a: ae 8d        	mv	s11, a1
8000184c: 93 05 e0 02  	li	a1, 46
80001850: e3 03 b5 f6  	beq	a0, a1, 0x800017b6 <_vsnprintf+0xf8>
80001854: 5e f4        	sd	s7, 40(sp)
80001856: 81 4b        	li	s7, 0
80001858: 21 a0        	j	0x80001860 <_vsnprintf+0x1a2>
8000185a: 5e f4        	sd	s7, 40(sp)
8000185c: 81 4b        	li	s7, 0
8000185e: ae 8d        	mv	s11, a1
80001860: 9b 05 85 f9  	addiw	a1, a0, -104
80001864: 1b 16 f5 01  	slliw	a2, a0, 31
80001868: 9b d5 15 00  	srliw	a1, a1, 1
8000186c: d1 8d        	or	a1, a1, a2
8000186e: 63 61 b7 02  	bltu	a4, a1, 0x80001890 <_vsnprintf+0x1d2>
80001872: 8e 05        	slli	a1, a1, 3
80001874: 17 96 00 00  	auipc	a2, 9
80001878: 13 06 c6 e7  	addi	a2, a2, -388
8000187c: b2 95        	add	a1, a1, a2
8000187e: 94 61        	ld	a3, 0(a1)
80001880: 85 45        	li	a1, 1
80001882: 13 06 00 10  	li	a2, 256
80001886: 82 86        	jr	a3
80001888: ae 9d        	add	s11, s11, a1
8000188a: 03 c5 0d 00  	lbu	a0, 0(s11)
8000188e: d1 8c        	or	s1, s1, a2
80001890: 93 05 b5 fd  	addi	a1, a0, -37
80001894: 13 06 30 05  	li	a2, 83
80001898: 63 62 b6 0a  	bltu	a2, a1, 0x8000193c <_vsnprintf+0x27e>
8000189c: 8e 05        	slli	a1, a1, 3
8000189e: 17 96 00 00  	auipc	a2, 9
800018a2: 13 06 26 ea  	addi	a2, a2, -350
800018a6: b2 95        	add	a1, a1, a2
800018a8: 90 61        	ld	a2, 0(a1)
800018aa: a1 45        	li	a1, 8
800018ac: c1 48        	li	a7, 16
800018ae: 02 86        	jr	a2
800018b0: bd 98        	andi	s1, s1, -17
800018b2: a9 48        	li	a7, 10
800018b4: 93 05 80 05  	li	a1, 88
800018b8: 63 14 b5 00  	bne	a0, a1, 0x800018c0 <_vsnprintf+0x202>
800018bc: 93 e4 04 02  	ori	s1, s1, 32
800018c0: 93 05 40 06  	li	a1, 100
800018c4: 63 00 b5 1c  	beq	a0, a1, 0x80001a84 <_vsnprintf+0x3c6>
800018c8: c6 85        	mv	a1, a7
800018ca: 13 06 90 06  	li	a2, 105
800018ce: 63 0b c5 1a  	beq	a0, a2, 0x80001a84 <_vsnprintf+0x3c6>
800018d2: 7d a2        	j	0x80001a80 <_vsnprintf+0x3c2>
800018d4: 03 c5 1d 00  	lbu	a0, 1(s11)
800018d8: 93 05 80 06  	li	a1, 104
800018dc: 63 13 b5 04  	bne	a0, a1, 0x80001922 <_vsnprintf+0x264>
800018e0: 89 45        	li	a1, 2
800018e2: 13 06 00 0c  	li	a2, 192
800018e6: 4d b7        	j	0x80001888 <_vsnprintf+0x1ca>
800018e8: 03 c5 1d 00  	lbu	a0, 1(s11)
800018ec: 93 05 c0 06  	li	a1, 108
800018f0: 63 1d b5 02  	bne	a0, a1, 0x8000192a <_vsnprintf+0x26c>
800018f4: 89 45        	li	a1, 2
800018f6: 13 06 00 30  	li	a2, 768
800018fa: 79 b7        	j	0x80001888 <_vsnprintf+0x1ca>
800018fc: 22 75        	ld	a0, 40(sp)
800018fe: 04 21        	fld	fs1, 0(a0)
80001900: d3 92 84 a2  	flt.d	t0, fs1, fs0
80001904: 63 93 02 36  	bnez	t0, 0x80001c6a <_vsnprintf+0x5ac>
80001908: 13 f5 04 40  	andi	a0, s1, 1024
8000190c: de 85        	mv	a1, s7
8000190e: 63 15 05 36  	bnez	a0, 0x80001c78 <_vsnprintf+0x5ba>
80001912: 99 45        	li	a1, 6
80001914: 62 ec        	sd	s8, 24(sp)
80001916: 63 f4 85 36  	bgeu	a1, s0, 0x80001c7e <_vsnprintf+0x5c0>
8000191a: 01 4c        	li	s8, 0
8000191c: 05 46        	li	a2, 1
8000191e: a2 7b        	ld	s7, 40(sp)
80001920: 61 ae        	j	0x80001cb8 <_vsnprintf+0x5fa>
80001922: 93 e4 04 08  	ori	s1, s1, 128
80001926: 85 0d        	addi	s11, s11, 1
80001928: a5 b7        	j	0x80001890 <_vsnprintf+0x1d2>
8000192a: 93 e4 04 10  	ori	s1, s1, 256
8000192e: 85 0d        	addi	s11, s11, 1
80001930: 85 b7        	j	0x80001890 <_vsnprintf+0x1d2>
80001932: 93 8c 1a 00  	addi	s9, s5, 1
80001936: 13 05 50 02  	li	a0, 37
8000193a: 19 a0        	j	0x80001940 <_vsnprintf+0x282>
8000193c: 93 8c 1a 00  	addi	s9, s5, 1
80001940: c2 75        	ld	a1, 48(sp)
80001942: 56 86        	mv	a2, s5
80001944: ca 86        	mv	a3, s2
80001946: 02 9c        	jalr	s8
80001948: 13 0b 50 02  	li	s6, 37
8000194c: a2 7b        	ld	s7, 40(sp)
8000194e: 13 84 1d 00  	addi	s0, s11, 1
80001952: 5d bb        	j	0x80001708 <_vsnprintf+0x4a>
80001954: 22 75        	ld	a0, 40(sp)
80001956: 08 61        	ld	a0, 0(a0)
80001958: 93 ee 14 02  	ori	t4, s1, 33
8000195c: 19 e1        	bnez	a0, 0x80001962 <_vsnprintf+0x2a4>
8000195e: 93 fe fe fe  	andi	t4, t4, -17
80001962: 24 18        	addi	s1, sp, 56
80001964: 93 35 15 00  	seqz	a1, a0
80001968: 13 96 5e 03  	slli	a2, t4, 53
8000196c: 7d 92        	srli	a2, a2, 63
8000196e: f1 8d        	and	a1, a1, a2
80001970: 13 0b 50 02  	li	s6, 37
80001974: a1 c9        	beqz	a1, 0x800019c4 <_vsnprintf+0x306>
80001976: 81 47        	li	a5, 0
80001978: a2 74        	ld	s1, 40(sp)
8000197a: a1 04        	addi	s1, s1, 8
8000197c: 38 18        	addi	a4, sp, 56
8000197e: c1 48        	li	a7, 16
80001980: 41 4e        	li	t3, 16
80001982: 62 85        	mv	a0, s8
80001984: c2 75        	ld	a1, 48(sp)
80001986: 56 86        	mv	a2, s5
80001988: ca 86        	mv	a3, s2
8000198a: 01 48        	li	a6, 0
8000198c: de 83        	mv	t2, s7
8000198e: a6 8b        	mv	s7, s1
80001990: 97 10 00 00  	auipc	ra, 1
80001994: e7 80 a0 8b  	jalr	-1862(ra)
80001998: aa 8c        	mv	s9, a0
8000199a: 13 84 1d 00  	addi	s0, s11, 1
8000199e: ad b3        	j	0x80001708 <_vsnprintf+0x4a>
800019a0: 93 76 f5 00  	andi	a3, a0, 15
800019a4: 35 9e        	addw	a2, a2, a3
800019a6: 93 36 05 01  	sltiu	a3, a0, 16
800019aa: 93 c6 f6 ff  	not	a3, a3
800019ae: 13 b7 f5 01  	sltiu	a4, a1, 31
800019b2: f9 8e        	and	a3, a3, a4
800019b4: 93 87 15 00  	addi	a5, a1, 1
800019b8: a6 95        	add	a1, a1, s1
800019ba: 11 81        	srli	a0, a0, 4
800019bc: 23 80 c5 00  	sb	a2, 0(a1)
800019c0: be 85        	mv	a1, a5
800019c2: dd da        	beqz	a3, 0x80001978 <_vsnprintf+0x2ba>
800019c4: 93 76 e5 00  	andi	a3, a0, 14
800019c8: 13 06 00 03  	li	a2, 48
800019cc: e3 ea 86 fc  	bltu	a3, s0, 0x800019a0 <_vsnprintf+0x2e2>
800019d0: 13 06 70 03  	li	a2, 55
800019d4: f1 b7        	j	0x800019a0 <_vsnprintf+0x2e2>
800019d6: 22 75        	ld	a0, 40(sp)
800019d8: 83 39 05 00  	ld	s3, 0(a0)
800019dc: b3 35 70 01  	snez	a1, s7
800019e0: 13 96 0b 02  	slli	a2, s7, 32
800019e4: 03 c5 09 00  	lbu	a0, 0(s3)
800019e8: 01 92        	srli	a2, a2, 32
800019ea: fd 15        	addi	a1, a1, -1
800019ec: d1 8d        	or	a1, a1, a2
800019ee: 13 36 15 00  	seqz	a2, a0
800019f2: 93 b6 15 00  	seqz	a3, a1
800019f6: d1 8e        	or	a3, a3, a2
800019f8: 4e 86        	mv	a2, s3
800019fa: 99 ee        	bnez	a3, 0x80001a18 <_vsnprintf+0x35a>
800019fc: fd 15        	addi	a1, a1, -1
800019fe: ce 86        	mv	a3, s3
80001a00: 03 c7 16 00  	lbu	a4, 1(a3)
80001a04: 13 86 16 00  	addi	a2, a3, 1
80001a08: 93 36 17 00  	seqz	a3, a4
80001a0c: 13 b7 15 00  	seqz	a4, a1
80001a10: 55 8f        	or	a4, a4, a3
80001a12: fd 15        	addi	a1, a1, -1
80001a14: b2 86        	mv	a3, a2
80001a16: 6d d7        	beqz	a4, 0x80001a00 <_vsnprintf+0x342>
80001a18: 4a f0        	sd	s2, 32(sp)
80001a1a: bb 05 36 41  	subw	a1, a2, s3
80001a1e: 63 ee 75 01  	bltu	a1, s7, 0x80001a3a <_vsnprintf+0x37c>
80001a22: de 85        	mv	a1, s7
80001a24: 13 f9 04 40  	andi	s2, s1, 1024
80001a28: 63 1d 09 00  	bnez	s2, 0x80001a42 <_vsnprintf+0x384>
80001a2c: b3 05 36 41  	sub	a1, a2, s3
80001a30: 13 f4 24 00  	andi	s0, s1, 2
80001a34: 63 16 04 58  	bnez	s0, 0x80001fc0 <_vsnprintf+0x902>
80001a38: 09 a8        	j	0x80001a4a <_vsnprintf+0x38c>
80001a3a: 13 f9 04 40  	andi	s2, s1, 1024
80001a3e: e3 07 09 fe  	beqz	s2, 0x80001a2c <_vsnprintf+0x36e>
80001a42: 13 f4 24 00  	andi	s0, s1, 2
80001a46: 63 1d 04 56  	bnez	s0, 0x80001fc0 <_vsnprintf+0x902>
80001a4a: 1b 86 05 00  	sext.w	a2, a1
80001a4e: 63 78 66 57  	bgeu	a2, s6, 0x80001fbe <_vsnprintf+0x900>
80001a52: 22 e4        	sd	s0, 8(sp)
80001a54: 1b 05 1b 00  	addiw	a0, s6, 1
80001a58: 2a e8        	sd	a0, 16(sp)
80001a5a: bb 04 bb 40  	subw	s1, s6, a1
80001a5e: c2 7c        	ld	s9, 48(sp)
80001a60: 02 74        	ld	s0, 32(sp)
80001a62: 56 86        	mv	a2, s5
80001a64: 85 0a        	addi	s5, s5, 1
80001a66: 13 05 00 02  	li	a0, 32
80001a6a: e6 85        	mv	a1, s9
80001a6c: a2 86        	mv	a3, s0
80001a6e: 02 9c        	jalr	s8
80001a70: fd 34        	addiw	s1, s1, -1
80001a72: e5 f8        	bnez	s1, 0x80001a62 <_vsnprintf+0x3a4>
80001a74: 03 c5 09 00  	lbu	a0, 0(s3)
80001a78: e6 84        	mv	s1, s9
80001a7a: 22 64        	ld	s0, 8(sp)
80001a7c: a1 a3        	j	0x80001fc4 <_vsnprintf+0x906>
80001a7e: 89 45        	li	a1, 2
80001a80: cd 98        	andi	s1, s1, -13
80001a82: ae 88        	mv	a7, a1
80001a84: 93 f5 04 40  	andi	a1, s1, 1024
80001a88: 91 c1        	beqz	a1, 0x80001a8c <_vsnprintf+0x3ce>
80001a8a: f9 98        	andi	s1, s1, -2
80001a8c: 93 03 81 03  	addi	t2, sp, 56
80001a90: 93 05 90 06  	li	a1, 105
80001a94: 63 06 b5 00  	beq	a0, a1, 0x80001aa0 <_vsnprintf+0x3e2>
80001a98: 93 05 40 06  	li	a1, 100
80001a9c: 63 18 b5 02  	bne	a0, a1, 0x80001acc <_vsnprintf+0x40e>
80001aa0: 13 f5 04 20  	andi	a0, s1, 512
80001aa4: 21 e9        	bnez	a0, 0x80001af4 <_vsnprintf+0x436>
80001aa6: 13 f5 04 10  	andi	a0, s1, 256
80001aaa: 29 ed        	bnez	a0, 0x80001b04 <_vsnprintf+0x446>
80001aac: 13 f5 04 04  	andi	a0, s1, 64
80001ab0: 63 15 05 2e  	bnez	a0, 0x80001d9a <_vsnprintf+0x6dc>
80001ab4: 22 75        	ld	a0, 40(sp)
80001ab6: 03 28 05 00  	lw	a6, 0(a0)
80001aba: 93 f5 04 08  	andi	a1, s1, 128
80001abe: 63 81 05 2e  	beqz	a1, 0x80001da0 <_vsnprintf+0x6e2>
80001ac2: 13 15 08 03  	slli	a0, a6, 48
80001ac6: 13 58 05 43  	srai	a6, a0, 48
80001aca: d9 ac        	j	0x80001da0 <_vsnprintf+0x6e2>
80001acc: 13 f5 04 20  	andi	a0, s1, 512
80001ad0: 31 e1        	bnez	a0, 0x80001b14 <_vsnprintf+0x456>
80001ad2: 13 f5 04 10  	andi	a0, s1, 256
80001ad6: 63 1e 05 32  	bnez	a0, 0x80001e12 <_vsnprintf+0x754>
80001ada: 13 f5 04 04  	andi	a0, s1, 64
80001ade: 63 12 05 44  	bnez	a0, 0x80001f22 <_vsnprintf+0x864>
80001ae2: 22 75        	ld	a0, 40(sp)
80001ae4: 08 41        	lw	a0, 0(a0)
80001ae6: 93 f5 04 08  	andi	a1, s1, 128
80001aea: 63 8f 05 42  	beqz	a1, 0x80001f28 <_vsnprintf+0x86a>
80001aee: 42 15        	slli	a0, a0, 48
80001af0: 41 91        	srli	a0, a0, 48
80001af2: 1d a9        	j	0x80001f28 <_vsnprintf+0x86a>
80001af4: 22 75        	ld	a0, 40(sp)
80001af6: 03 38 05 00  	ld	a6, 0(a0)
80001afa: 63 13 08 08  	bnez	a6, 0x80001b80 <_vsnprintf+0x4c2>
80001afe: 29 43        	li	t1, 10
80001b00: bd 98        	andi	s1, s1, -17
80001b02: 41 a0        	j	0x80001b82 <_vsnprintf+0x4c4>
80001b04: 22 75        	ld	a0, 40(sp)
80001b06: 03 38 05 00  	ld	a6, 0(a0)
80001b0a: 63 1a 08 36  	bnez	a6, 0x80001e7e <_vsnprintf+0x7c0>
80001b0e: 29 43        	li	t1, 10
80001b10: bd 98        	andi	s1, s1, -17
80001b12: bd a6        	j	0x80001e80 <_vsnprintf+0x7c2>
80001b14: 22 75        	ld	a0, 40(sp)
80001b16: 08 61        	ld	a0, 0(a0)
80001b18: 11 e1        	bnez	a0, 0x80001b1c <_vsnprintf+0x45e>
80001b1a: bd 98        	andi	s1, s1, -17
80001b1c: 93 35 15 00  	seqz	a1, a0
80001b20: 13 96 54 03  	slli	a2, s1, 53
80001b24: 7d 92        	srli	a2, a2, 63
80001b26: f1 8d        	and	a1, a1, a2
80001b28: 63 94 05 46  	bnez	a1, 0x80001f90 <_vsnprintf+0x8d2>
80001b2c: a9 42        	li	t0, 10
80001b2e: 01 46        	li	a2, 0
80001b30: 93 f5 04 02  	andi	a1, s1, 32
80001b34: 93 c5 15 06  	xori	a1, a1, 97
80001b38: 13 88 65 0f  	addi	a6, a1, 246
80001b3c: 25 a0        	j	0x80001b64 <_vsnprintf+0x4a6>
80001b3e: 3d 9f        	addw	a4, a4, a5
80001b40: 93 07 16 00  	addi	a5, a2, 1
80001b44: 33 84 c3 00  	add	s0, t2, a2
80001b48: 33 35 15 01  	sltu	a0, a0, a7
80001b4c: 13 45 f5 ff  	not	a0, a0
80001b50: 13 36 f6 01  	sltiu	a2, a2, 31
80001b54: b3 75 c5 00  	and	a1, a0, a2
80001b58: 23 00 e4 00  	sb	a4, 0(s0)
80001b5c: 3e 86        	mv	a2, a5
80001b5e: 36 85        	mv	a0, a3
80001b60: 63 89 05 42  	beqz	a1, 0x80001f92 <_vsnprintf+0x8d4>
80001b64: b3 56 15 03  	divu	a3, a0, a7
80001b68: 3b 87 16 03  	mulw	a4, a3, a7
80001b6c: 3b 07 e5 40  	subw	a4, a0, a4
80001b70: 13 74 e7 0f  	andi	s0, a4, 254
80001b74: c2 87        	mv	a5, a6
80001b76: e3 74 54 fc  	bgeu	s0, t0, 0x80001b3e <_vsnprintf+0x480>
80001b7a: 93 07 00 03  	li	a5, 48
80001b7e: c1 b7        	j	0x80001b3e <_vsnprintf+0x480>
80001b80: 29 43        	li	t1, 10
80001b82: 93 35 18 00  	seqz	a1, a6
80001b86: 13 96 54 03  	slli	a2, s1, 53
80001b8a: 7d 92        	srli	a2, a2, 63
80001b8c: f1 8d        	and	a1, a1, a2
80001b8e: 63 9d 05 34  	bnez	a1, 0x80001ee8 <_vsnprintf+0x82a>
80001b92: 13 56 f8 43  	srai	a2, a6, 63
80001b96: b3 46 c8 00  	xor	a3, a6, a2
80001b9a: 91 8e        	sub	a3, a3, a2
80001b9c: 13 f6 04 02  	andi	a2, s1, 32
80001ba0: 13 46 16 06  	xori	a2, a2, 97
80001ba4: 93 02 66 0f  	addi	t0, a2, 246
80001ba8: 2d a0        	j	0x80001bd2 <_vsnprintf+0x514>
80001baa: 3b 05 f6 00  	addw	a0, a2, a5
80001bae: 93 87 15 00  	addi	a5, a1, 1
80001bb2: 33 86 b3 00  	add	a2, t2, a1
80001bb6: b3 b6 16 01  	sltu	a3, a3, a7
80001bba: 93 c6 f6 ff  	not	a3, a3
80001bbe: 93 b5 f5 01  	sltiu	a1, a1, 31
80001bc2: 33 f4 b6 00  	and	s0, a3, a1
80001bc6: 23 00 a6 00  	sb	a0, 0(a2)
80001bca: be 85        	mv	a1, a5
80001bcc: ba 86        	mv	a3, a4
80001bce: 63 0e 04 30  	beqz	s0, 0x80001eea <_vsnprintf+0x82c>
80001bd2: 33 d7 16 03  	divu	a4, a3, a7
80001bd6: 3b 06 17 03  	mulw	a2, a4, a7
80001bda: bb 87 c6 40  	subw	a5, a3, a2
80001bde: 13 f5 e7 0f  	andi	a0, a5, 254
80001be2: 16 86        	mv	a2, t0
80001be4: e3 73 65 fc  	bgeu	a0, t1, 0x80001baa <_vsnprintf+0x4ec>
80001be8: 13 06 00 03  	li	a2, 48
80001bec: 7d bf        	j	0x80001baa <_vsnprintf+0x4ec>
80001bee: 4a f0        	sd	s2, 32(sp)
80001bf0: 93 f9 24 00  	andi	s3, s1, 2
80001bf4: 05 49        	li	s2, 1
80001bf6: 63 95 09 02  	bnez	s3, 0x80001c20 <_vsnprintf+0x562>
80001bfa: 09 49        	li	s2, 2
80001bfc: 63 62 2b 03  	bltu	s6, s2, 0x80001c20 <_vsnprintf+0x562>
80001c00: 1b 09 1b 00  	addiw	s2, s6, 1
80001c04: 9b 04 fb ff  	addiw	s1, s6, -1
80001c08: c2 7c        	ld	s9, 48(sp)
80001c0a: 82 7b        	ld	s7, 32(sp)
80001c0c: 62 84        	mv	s0, s8
80001c0e: 56 86        	mv	a2, s5
80001c10: 85 0a        	addi	s5, s5, 1
80001c12: 13 05 00 02  	li	a0, 32
80001c16: e6 85        	mv	a1, s9
80001c18: de 86        	mv	a3, s7
80001c1a: 02 94        	jalr	s0
80001c1c: fd 34        	addiw	s1, s1, -1
80001c1e: e5 f8        	bnez	s1, 0x80001c0e <_vsnprintf+0x550>
80001c20: a2 75        	ld	a1, 40(sp)
80001c22: 03 c5 05 00  	lbu	a0, 0(a1)
80001c26: b3 34 30 01  	snez	s1, s3
80001c2a: 93 8b 85 00  	addi	s7, a1, 8
80001c2e: 93 8c 1a 00  	addi	s9, s5, 1
80001c32: c2 75        	ld	a1, 48(sp)
80001c34: 56 86        	mv	a2, s5
80001c36: 82 76        	ld	a3, 32(sp)
80001c38: e2 8a        	mv	s5, s8
80001c3a: 02 9c        	jalr	s8
80001c3c: 33 35 69 01  	sltu	a0, s2, s6
80001c40: 65 8d        	and	a0, a0, s1
80001c42: 63 06 05 3e  	beqz	a0, 0x8000202e <_vsnprintf+0x970>
80001c46: 3b 04 2b 41  	subw	s0, s6, s2
80001c4a: c2 74        	ld	s1, 48(sp)
80001c4c: 02 79        	ld	s2, 32(sp)
80001c4e: 66 86        	mv	a2, s9
80001c50: 85 0c        	addi	s9, s9, 1
80001c52: 13 05 00 02  	li	a0, 32
80001c56: a6 85        	mv	a1, s1
80001c58: ca 86        	mv	a3, s2
80001c5a: 82 9a        	jalr	s5
80001c5c: 7d 34        	addiw	s0, s0, -1
80001c5e: 65 f8        	bnez	s0, 0x80001c4e <_vsnprintf+0x590>
80001c60: 13 0b 50 02  	li	s6, 37
80001c64: 13 84 1d 00  	addi	s0, s11, 1
80001c68: 45 b4        	j	0x80001708 <_vsnprintf+0x4a>
80001c6a: d3 94 94 22  	fneg.d	fs1, fs1
80001c6e: 13 f5 04 40  	andi	a0, s1, 1024
80001c72: de 85        	mv	a1, s7
80001c74: e3 0f 05 c8  	beqz	a0, 0x80001912 <_vsnprintf+0x254>
80001c78: 62 ec        	sd	s8, 24(sp)
80001c7a: e3 e0 85 ca  	bltu	a1, s0, 0x8000191a <_vsnprintf+0x25c>
80001c7e: 16 f0        	sd	t0, 32(sp)
80001c80: 1b 84 65 ff  	addiw	s0, a1, -10
80001c84: 7d 45        	li	a0, 31
80001c86: a2 85        	mv	a1, s0
80001c88: 63 63 a4 00  	bltu	s0, a0, 0x80001c8e <_vsnprintf+0x5d0>
80001c8c: fd 45        	li	a1, 31
80001c8e: 2e e8        	sd	a1, 16(sp)
80001c90: 13 8c 15 00  	addi	s8, a1, 1
80001c94: 28 18        	addi	a0, sp, 56
80001c96: 93 05 00 03  	li	a1, 48
80001c9a: 62 86        	mv	a2, s8
80001c9c: 97 10 00 00  	auipc	ra, 1
80001ca0: e7 80 40 82  	jalr	-2012(ra)
80001ca4: 42 65        	ld	a0, 16(sp)
80001ca6: 13 45 f5 ff  	not	a0, a0
80001caa: bb 85 ab 00  	addw	a1, s7, a0
80001cae: 13 36 f4 01  	sltiu	a2, s0, 31
80001cb2: 29 44        	li	s0, 10
80001cb4: a2 7b        	ld	s7, 40(sp)
80001cb6: 82 72        	ld	t0, 32(sp)
80001cb8: 13 95 05 02  	slli	a0, a1, 32
80001cbc: 75 81        	srli	a0, a0, 29
80001cbe: 97 96 00 00  	auipc	a3, 9
80001cc2: 93 86 26 d2  	addi	a3, a3, -734
80001cc6: 36 95        	add	a0, a0, a3
80001cc8: 87 30 05 00  	fld	ft1, 0(a0)
80001ccc: 53 95 04 c2  	fcvt.w.d	a0, fs1, rtz
80001cd0: 53 00 05 d2  	fcvt.d.w	ft0, a0
80001cd4: 53 f1 04 0a  	fsub.d	ft2, fs1, ft0
80001cd8: d3 f1 20 12  	fmul.d	ft3, ft1, ft2
80001cdc: 97 96 00 00  	auipc	a3, 9
80001ce0: 93 86 c6 d6  	addi	a3, a3, -660
80001ce4: 07 b0 06 00  	fld	ft0, 0(a3)
80001ce8: d3 96 31 c2  	fcvt.lu.d	a3, ft3, rtz
80001cec: d3 f1 36 d2  	fcvt.d.lu	ft3, a3
80001cf0: 47 f1 20 1a  	fmsub.d	ft2, ft1, ft2, ft3
80001cf4: 53 07 01 a2  	fle.d	a4, ft2, ft0
80001cf8: 11 eb        	bnez	a4, 0x80001d0c <_vsnprintf+0x64e>
80001cfa: 85 06        	addi	a3, a3, 1
80001cfc: 53 f1 36 d2  	fcvt.d.lu	ft2, a3
80001d00: 53 17 11 a2  	flt.d	a4, ft2, ft1
80001d04: 01 ef        	bnez	a4, 0x80001d1c <_vsnprintf+0x65e>
80001d06: 81 46        	li	a3, 0
80001d08: 05 25        	addiw	a0, a0, 1
80001d0a: 09 a8        	j	0x80001d1c <_vsnprintf+0x65e>
80001d0c: 53 17 01 a2  	flt.d	a4, ft2, ft0
80001d10: 11 e7        	bnez	a4, 0x80001d1c <_vsnprintf+0x65e>
80001d12: 13 b7 16 00  	seqz	a4, a3
80001d16: 55 8f        	or	a4, a4, a3
80001d18: 05 8b        	andi	a4, a4, 1
80001d1a: ba 96        	add	a3, a3, a4
80001d1c: 17 97 00 00  	auipc	a4, 9
80001d20: 13 07 47 d3  	addi	a4, a4, -716
80001d24: 87 30 07 00  	fld	ft1, 0(a4)
80001d28: 53 97 90 a2  	flt.d	a4, ft1, fs1
80001d2c: 01 c7        	beqz	a4, 0x80001d34 <_vsnprintf+0x676>
80001d2e: 81 4c        	li	s9, 0
80001d30: 62 6c        	ld	s8, 24(sp)
80001d32: bd ac        	j	0x80001fb0 <_vsnprintf+0x8f2>
80001d34: 63 87 05 1c  	beqz	a1, 0x80001f02 <_vsnprintf+0x844>
80001d38: 93 0b 00 02  	li	s7, 32
80001d3c: 93 08 81 03  	addi	a7, sp, 56
80001d40: 63 00 06 38  	beqz	a2, 0x800020c0 <_vsnprintf+0xa02>
80001d44: 29 48        	li	a6, 10
80001d46: 17 96 00 00  	auipc	a2, 9
80001d4a: 13 06 26 d1  	addi	a2, a2, -750
80001d4e: 10 62        	ld	a2, 0(a2)
80001d50: 62 84        	mv	s0, s8
80001d52: fd 35        	addiw	a1, a1, -1
80001d54: 33 b6 c6 02  	mulhu	a2, a3, a2
80001d58: 93 57 36 00  	srli	a5, a2, 3
80001d5c: 33 86 07 03  	mul	a2, a5, a6
80001d60: 33 86 c6 40  	sub	a2, a3, a2
80001d64: 13 66 06 03  	ori	a2, a2, 48
80001d68: 33 87 88 01  	add	a4, a7, s8
80001d6c: 23 00 c7 00  	sb	a2, 0(a4)
80001d70: 13 b6 a6 00  	sltiu	a2, a3, 10
80001d74: 93 46 f6 ff  	not	a3, a2
80001d78: 13 36 fc 01  	sltiu	a2, s8, 31
80001d7c: 33 f7 c6 00  	and	a4, a3, a2
80001d80: 05 0c        	addi	s8, s8, 1
80001d82: be 86        	mv	a3, a5
80001d84: 69 f3        	bnez	a4, 0x80001d46 <_vsnprintf+0x688>
80001d86: 93 36 f4 01  	sltiu	a3, s0, 31
80001d8a: 33 37 b0 00  	snez	a4, a1
80001d8e: f9 8e        	and	a3, a3, a4
80001d90: 63 96 06 2a  	bnez	a3, 0x8000203c <_vsnprintf+0x97e>
80001d94: e2 8b        	mv	s7, s8
80001d96: 29 44        	li	s0, 10
80001d98: c1 ac        	j	0x80002068 <_vsnprintf+0x9aa>
80001d9a: 22 75        	ld	a0, 40(sp)
80001d9c: 03 48 05 00  	lbu	a6, 0(a0)
80001da0: 29 43        	li	t1, 10
80001da2: 63 13 08 00  	bnez	a6, 0x80001da8 <_vsnprintf+0x6ea>
80001da6: bd 98        	andi	s1, s1, -17
80001da8: 93 35 18 00  	seqz	a1, a6
80001dac: 13 96 54 03  	slli	a2, s1, 53
80001db0: 7d 92        	srli	a2, a2, 63
80001db2: f1 8d        	and	a1, a1, a2
80001db4: 63 9e 05 12  	bnez	a1, 0x80001ef0 <_vsnprintf+0x832>
80001db8: 1b 56 f8 41  	sraiw	a2, a6, 31
80001dbc: b3 46 c8 00  	xor	a3, a6, a2
80001dc0: 91 9e        	subw	a3, a3, a2
80001dc2: 13 f6 04 02  	andi	a2, s1, 32
80001dc6: 13 46 16 06  	xori	a2, a2, 97
80001dca: 93 02 66 0f  	addi	t0, a2, 246
80001dce: 25 a0        	j	0x80001df6 <_vsnprintf+0x738>
80001dd0: 3b 05 f6 00  	addw	a0, a2, a5
80001dd4: 93 87 15 00  	addi	a5, a1, 1
80001dd8: 33 86 b3 00  	add	a2, t2, a1
80001ddc: b3 b6 16 01  	sltu	a3, a3, a7
80001de0: 93 c6 f6 ff  	not	a3, a3
80001de4: 93 b5 f5 01  	sltiu	a1, a1, 31
80001de8: 33 f4 b6 00  	and	s0, a3, a1
80001dec: 23 00 a6 00  	sb	a0, 0(a2)
80001df0: be 85        	mv	a1, a5
80001df2: ba 86        	mv	a3, a4
80001df4: 7d cc        	beqz	s0, 0x80001ef2 <_vsnprintf+0x834>
80001df6: 33 d7 16 03  	divu	a4, a3, a7
80001dfa: 3b 06 17 03  	mulw	a2, a4, a7
80001dfe: bb 87 c6 40  	subw	a5, a3, a2
80001e02: 13 f5 e7 0f  	andi	a0, a5, 254
80001e06: 16 86        	mv	a2, t0
80001e08: e3 74 65 fc  	bgeu	a0, t1, 0x80001dd0 <_vsnprintf+0x712>
80001e0c: 13 06 00 03  	li	a2, 48
80001e10: c1 b7        	j	0x80001dd0 <_vsnprintf+0x712>
80001e12: 22 75        	ld	a0, 40(sp)
80001e14: 08 61        	ld	a0, 0(a0)
80001e16: 11 e1        	bnez	a0, 0x80001e1a <_vsnprintf+0x75c>
80001e18: bd 98        	andi	s1, s1, -17
80001e1a: a9 42        	li	t0, 10
80001e1c: 93 35 15 00  	seqz	a1, a0
80001e20: 13 96 54 03  	slli	a2, s1, 53
80001e24: 7d 92        	srli	a2, a2, 63
80001e26: f1 8d        	and	a1, a1, a2
80001e28: 63 94 05 16  	bnez	a1, 0x80001f90 <_vsnprintf+0x8d2>
80001e2c: 01 46        	li	a2, 0
80001e2e: 93 f5 04 02  	andi	a1, s1, 32
80001e32: 93 c5 15 06  	xori	a1, a1, 97
80001e36: 13 88 65 0f  	addi	a6, a1, 246
80001e3a: 25 a0        	j	0x80001e62 <_vsnprintf+0x7a4>
80001e3c: 3d 9f        	addw	a4, a4, a5
80001e3e: 93 07 16 00  	addi	a5, a2, 1
80001e42: 33 84 c3 00  	add	s0, t2, a2
80001e46: 33 35 15 01  	sltu	a0, a0, a7
80001e4a: 13 45 f5 ff  	not	a0, a0
80001e4e: 13 36 f6 01  	sltiu	a2, a2, 31
80001e52: b3 75 c5 00  	and	a1, a0, a2
80001e56: 23 00 e4 00  	sb	a4, 0(s0)
80001e5a: 3e 86        	mv	a2, a5
80001e5c: 36 85        	mv	a0, a3
80001e5e: 63 8a 05 12  	beqz	a1, 0x80001f92 <_vsnprintf+0x8d4>
80001e62: b3 56 15 03  	divu	a3, a0, a7
80001e66: 3b 87 16 03  	mulw	a4, a3, a7
80001e6a: 3b 07 e5 40  	subw	a4, a0, a4
80001e6e: 13 74 e7 0f  	andi	s0, a4, 254
80001e72: c2 87        	mv	a5, a6
80001e74: e3 74 54 fc  	bgeu	s0, t0, 0x80001e3c <_vsnprintf+0x77e>
80001e78: 93 07 00 03  	li	a5, 48
80001e7c: c1 b7        	j	0x80001e3c <_vsnprintf+0x77e>
80001e7e: 29 43        	li	t1, 10
80001e80: 93 35 18 00  	seqz	a1, a6
80001e84: 13 96 54 03  	slli	a2, s1, 53
80001e88: 7d 92        	srli	a2, a2, 63
80001e8a: f1 8d        	and	a1, a1, a2
80001e8c: b1 ed        	bnez	a1, 0x80001ee8 <_vsnprintf+0x82a>
80001e8e: 13 56 f8 43  	srai	a2, a6, 63
80001e92: b3 46 c8 00  	xor	a3, a6, a2
80001e96: 91 8e        	sub	a3, a3, a2
80001e98: 13 f6 04 02  	andi	a2, s1, 32
80001e9c: 13 46 16 06  	xori	a2, a2, 97
80001ea0: 93 02 66 0f  	addi	t0, a2, 246
80001ea4: 25 a0        	j	0x80001ecc <_vsnprintf+0x80e>
80001ea6: 3b 05 f6 00  	addw	a0, a2, a5
80001eaa: 93 87 15 00  	addi	a5, a1, 1
80001eae: 33 86 b3 00  	add	a2, t2, a1
80001eb2: b3 b6 16 01  	sltu	a3, a3, a7
80001eb6: 93 c6 f6 ff  	not	a3, a3
80001eba: 93 b5 f5 01  	sltiu	a1, a1, 31
80001ebe: 33 f4 b6 00  	and	s0, a3, a1
80001ec2: 23 00 a6 00  	sb	a0, 0(a2)
80001ec6: be 85        	mv	a1, a5
80001ec8: ba 86        	mv	a3, a4
80001eca: 05 c0        	beqz	s0, 0x80001eea <_vsnprintf+0x82c>
80001ecc: 33 d7 16 03  	divu	a4, a3, a7
80001ed0: 3b 06 17 03  	mulw	a2, a4, a7
80001ed4: bb 87 c6 40  	subw	a5, a3, a2
80001ed8: 13 f5 e7 0f  	andi	a0, a5, 254
80001edc: 16 86        	mv	a2, t0
80001ede: e3 74 65 fc  	bgeu	a0, t1, 0x80001ea6 <_vsnprintf+0x7e8>
80001ee2: 13 06 00 03  	li	a2, 48
80001ee6: c1 b7        	j	0x80001ea6 <_vsnprintf+0x7e8>
80001ee8: 81 47        	li	a5, 0
80001eea: 13 58 f8 03  	srli	a6, a6, 63
80001eee: 21 a0        	j	0x80001ef6 <_vsnprintf+0x838>
80001ef0: 81 47        	li	a5, 0
80001ef2: 1b 58 f8 01  	srliw	a6, a6, 31
80001ef6: 38 18        	addi	a4, sp, 56
80001ef8: 62 85        	mv	a0, s8
80001efa: c2 75        	ld	a1, 48(sp)
80001efc: 56 86        	mv	a2, s5
80001efe: ca 86        	mv	a3, s2
80001f00: 79 a8        	j	0x80001f9e <_vsnprintf+0x8e0>
80001f02: d3 00 05 d2  	fcvt.d.w	ft1, a0
80001f06: d3 f0 14 0a  	fsub.d	ft1, fs1, ft1
80001f0a: d3 05 10 a2  	fle.d	a1, ft0, ft1
80001f0e: e9 8d        	and	a1, a1, a0
80001f10: 2d 9d        	addw	a0, a0, a1
80001f12: 93 0b 00 02  	li	s7, 32
80001f16: 13 08 81 03  	addi	a6, sp, 56
80001f1a: fd 45        	li	a1, 31
80001f1c: 63 f6 85 17  	bgeu	a1, s8, 0x80002088 <_vsnprintf+0x9ca>
80001f20: 45 a2        	j	0x800020c0 <_vsnprintf+0xa02>
80001f22: 22 75        	ld	a0, 40(sp)
80001f24: 03 45 05 00  	lbu	a0, 0(a0)
80001f28: 11 e1        	bnez	a0, 0x80001f2c <_vsnprintf+0x86e>
80001f2a: bd 98        	andi	s1, s1, -17
80001f2c: a9 42        	li	t0, 10
80001f2e: 93 35 15 00  	seqz	a1, a0
80001f32: 13 96 54 03  	slli	a2, s1, 53
80001f36: 7d 92        	srli	a2, a2, 63
80001f38: f1 8d        	and	a1, a1, a2
80001f3a: b9 e9        	bnez	a1, 0x80001f90 <_vsnprintf+0x8d2>
80001f3c: 02 15        	slli	a0, a0, 32
80001f3e: 13 56 05 02  	srli	a2, a0, 32
80001f42: 13 f5 04 02  	andi	a0, s1, 32
80001f46: 13 45 15 06  	xori	a0, a0, 97
80001f4a: 13 08 65 0f  	addi	a6, a0, 246
80001f4e: 1d a0        	j	0x80001f74 <_vsnprintf+0x8b6>
80001f50: 3d 9f        	addw	a4, a4, a5
80001f52: 93 87 15 00  	addi	a5, a1, 1
80001f56: 33 84 b3 00  	add	s0, t2, a1
80001f5a: 33 36 16 01  	sltu	a2, a2, a7
80001f5e: 13 46 f6 ff  	not	a2, a2
80001f62: 93 b5 f5 01  	sltiu	a1, a1, 31
80001f66: 33 75 b6 00  	and	a0, a2, a1
80001f6a: 23 00 e4 00  	sb	a4, 0(s0)
80001f6e: be 85        	mv	a1, a5
80001f70: 36 86        	mv	a2, a3
80001f72: 05 c1        	beqz	a0, 0x80001f92 <_vsnprintf+0x8d4>
80001f74: b3 56 16 03  	divu	a3, a2, a7
80001f78: 3b 87 16 03  	mulw	a4, a3, a7
80001f7c: 3b 07 e6 40  	subw	a4, a2, a4
80001f80: 13 74 e7 0f  	andi	s0, a4, 254
80001f84: c2 87        	mv	a5, a6
80001f86: e3 75 54 fc  	bgeu	s0, t0, 0x80001f50 <_vsnprintf+0x892>
80001f8a: 93 07 00 03  	li	a5, 48
80001f8e: c9 b7        	j	0x80001f50 <_vsnprintf+0x892>
80001f90: 81 47        	li	a5, 0
80001f92: 38 18        	addi	a4, sp, 56
80001f94: 62 85        	mv	a0, s8
80001f96: c2 75        	ld	a1, 48(sp)
80001f98: 56 86        	mv	a2, s5
80001f9a: ca 86        	mv	a3, s2
80001f9c: 01 48        	li	a6, 0
80001f9e: de 83        	mv	t2, s7
80001fa0: 5a 8e        	mv	t3, s6
80001fa2: a6 8e        	mv	t4, s1
80001fa4: 97 00 00 00  	auipc	ra, 0
80001fa8: e7 80 60 2a  	jalr	678(ra)
80001fac: aa 8c        	mv	s9, a0
80001fae: a2 7b        	ld	s7, 40(sp)
80001fb0: a1 0b        	addi	s7, s7, 8
80001fb2: 13 0b 50 02  	li	s6, 37
80001fb6: 13 84 1d 00  	addi	s0, s11, 1
80001fba: 6f f0 ef f4  	j	0x80001708 <_vsnprintf+0x4a>
80001fbe: 85 25        	addiw	a1, a1, 1
80001fc0: 2e e8        	sd	a1, 16(sp)
80001fc2: c2 74        	ld	s1, 48(sp)
80001fc4: 1d c5        	beqz	a0, 0x80001ff2 <_vsnprintf+0x934>
80001fc6: 85 09        	addi	s3, s3, 1
80001fc8: 31 a8        	j	0x80001fe4 <_vsnprintf+0x926>
80001fca: 93 8c 1a 00  	addi	s9, s5, 1
80001fce: 13 75 f5 0f  	andi	a0, a0, 255
80001fd2: a6 85        	mv	a1, s1
80001fd4: 56 86        	mv	a2, s5
80001fd6: 82 76        	ld	a3, 32(sp)
80001fd8: 02 9c        	jalr	s8
80001fda: 03 c5 09 00  	lbu	a0, 0(s3)
80001fde: 85 09        	addi	s3, s3, 1
80001fe0: e6 8a        	mv	s5, s9
80001fe2: 09 c9        	beqz	a0, 0x80001ff4 <_vsnprintf+0x936>
80001fe4: e3 03 09 fe  	beqz	s2, 0x80001fca <_vsnprintf+0x90c>
80001fe8: 9b 85 0b 00  	sext.w	a1, s7
80001fec: 99 c1        	beqz	a1, 0x80001ff2 <_vsnprintf+0x934>
80001fee: fd 3b        	addiw	s7, s7, -1
80001ff0: e9 bf        	j	0x80001fca <_vsnprintf+0x90c>
80001ff2: d6 8c        	mv	s9, s5
80001ff4: 33 35 80 00  	snez	a0, s0
80001ff8: 42 66        	ld	a2, 16(sp)
80001ffa: 9b 05 06 00  	sext.w	a1, a2
80001ffe: b3 b5 65 01  	sltu	a1, a1, s6
80002002: 6d 8d        	and	a0, a0, a1
80002004: a2 7b        	ld	s7, 40(sp)
80002006: a1 0b        	addi	s7, s7, 8
80002008: 1d c1        	beqz	a0, 0x8000202e <_vsnprintf+0x970>
8000200a: 3b 04 cb 40  	subw	s0, s6, a2
8000200e: 02 79        	ld	s2, 32(sp)
80002010: 66 86        	mv	a2, s9
80002012: 85 0c        	addi	s9, s9, 1
80002014: 13 05 00 02  	li	a0, 32
80002018: a6 85        	mv	a1, s1
8000201a: ca 86        	mv	a3, s2
8000201c: 02 9c        	jalr	s8
8000201e: 7d 34        	addiw	s0, s0, -1
80002020: 65 f8        	bnez	s0, 0x80002010 <_vsnprintf+0x952>
80002022: 13 0b 50 02  	li	s6, 37
80002026: 13 84 1d 00  	addi	s0, s11, 1
8000202a: 6f f0 ef ed  	j	0x80001708 <_vsnprintf+0x4a>
8000202e: 13 0b 50 02  	li	s6, 37
80002032: 02 79        	ld	s2, 32(sp)
80002034: 13 84 1d 00  	addi	s0, s11, 1
80002038: 6f f0 0f ed  	j	0x80001708 <_vsnprintf+0x4a>
8000203c: 85 46        	li	a3, 1
8000203e: 29 44        	li	s0, 10
80002040: 13 08 81 03  	addi	a6, sp, 56
80002044: 93 07 00 03  	li	a5, 48
80002048: 93 0b 1c 00  	addi	s7, s8, 1
8000204c: 33 06 88 01  	add	a2, a6, s8
80002050: 23 00 f6 00  	sb	a5, 0(a2)
80002054: 13 36 fc 01  	sltiu	a2, s8, 31
80002058: 33 c7 d5 00  	xor	a4, a1, a3
8000205c: 33 37 e0 00  	snez	a4, a4
80002060: 71 8f        	and	a4, a4, a2
80002062: 85 26        	addiw	a3, a3, 1
80002064: 5e 8c        	mv	s8, s7
80002066: 6d f3        	bnez	a4, 0x80002048 <_vsnprintf+0x98a>
80002068: 2c 18        	addi	a1, sp, 56
8000206a: 39 ca        	beqz	a2, 0x800020c0 <_vsnprintf+0xa02>
8000206c: 13 8c 1b 00  	addi	s8, s7, 1
80002070: ae 9b        	add	s7, s7, a1
80002072: 93 05 e0 02  	li	a1, 46
80002076: 23 80 bb 00  	sb	a1, 0(s7)
8000207a: 93 0b 00 02  	li	s7, 32
8000207e: 13 08 81 03  	addi	a6, sp, 56
80002082: fd 45        	li	a1, 31
80002084: 63 ee 85 03  	bltu	a1, s8, 0x800020c0 <_vsnprintf+0xa02>
80002088: d2 87        	mv	a5, s4
8000208a: b3 05 f5 02  	mul	a1, a0, a5
8000208e: 13 d6 f5 03  	srli	a2, a1, 63
80002092: 89 95        	srai	a1, a1, 34
80002094: b1 9d        	addw	a1, a1, a2
80002096: 3b 86 85 02  	mulw	a2, a1, s0
8000209a: 3b 06 c5 40  	subw	a2, a0, a2
8000209e: 1b 06 06 03  	addiw	a2, a2, 48
800020a2: 93 0b 1c 00  	addi	s7, s8, 1
800020a6: b3 06 88 01  	add	a3, a6, s8
800020aa: 59 35        	addiw	a0, a0, -10
800020ac: 13 35 d5 fe  	sltiu	a0, a0, -19
800020b0: 13 37 fc 01  	sltiu	a4, s8, 31
800020b4: 69 8f        	and	a4, a4, a0
800020b6: 23 80 c6 00  	sb	a2, 0(a3)
800020ba: 5e 8c        	mv	s8, s7
800020bc: 2e 85        	mv	a0, a1
800020be: 71 f7        	bnez	a4, 0x8000208a <_vsnprintf+0x9cc>
800020c0: 13 f4 34 00  	andi	s0, s1, 3
800020c4: 05 45        	li	a0, 1
800020c6: 63 11 a4 06  	bne	s0, a0, 0x80002128 <_vsnprintf+0xa6a>
800020ca: 63 0a 0b 00  	beqz	s6, 0x800020de <_vsnprintf+0xa20>
800020ce: 13 f5 c4 00  	andi	a0, s1, 12
800020d2: 33 35 a0 00  	snez	a0, a0
800020d6: 33 65 55 00  	or	a0, a0, t0
800020da: 3b 0b ab 40  	subw	s6, s6, a0
800020de: 13 15 0b 02  	slli	a0, s6, 32
800020e2: 13 5c 05 02  	srli	s8, a0, 32
800020e6: 33 b5 8b 01  	sltu	a0, s7, s8
800020ea: 93 b5 0b 02  	sltiu	a1, s7, 32
800020ee: 6d 8d        	and	a0, a0, a1
800020f0: 05 cd        	beqz	a0, 0x80002128 <_vsnprintf+0xa6a>
800020f2: 16 f0        	sd	t0, 32(sp)
800020f4: 13 c5 fb ff  	not	a0, s7
800020f8: 2a 9c        	add	s8, s8, a0
800020fa: 7d 45        	li	a0, 31
800020fc: 33 05 75 41  	sub	a0, a0, s7
80002100: 63 63 ac 00  	bltu	s8, a0, 0x80002106 <_vsnprintf+0xa48>
80002104: 2a 8c        	mv	s8, a0
80002106: 28 18        	addi	a0, sp, 56
80002108: 5e 95        	add	a0, a0, s7
8000210a: 05 0c        	addi	s8, s8, 1
8000210c: 93 05 00 03  	li	a1, 48
80002110: 62 86        	mv	a2, s8
80002112: 97 00 00 00  	auipc	ra, 0
80002116: e7 80 e0 3a  	jalr	942(ra)
8000211a: e2 9b        	add	s7, s7, s8
8000211c: 62 6d        	ld	s10, 24(sp)
8000211e: 82 72        	ld	t0, 32(sp)
80002120: 7d 45        	li	a0, 31
80002122: 63 77 75 01  	bgeu	a0, s7, 0x80002130 <_vsnprintf+0xa72>
80002126: 05 a8        	j	0x80002156 <_vsnprintf+0xa98>
80002128: 62 6d        	ld	s10, 24(sp)
8000212a: 7d 45        	li	a0, 31
8000212c: 63 65 75 03  	bltu	a0, s7, 0x80002156 <_vsnprintf+0xa98>
80002130: 13 05 d0 02  	li	a0, 45
80002134: 63 9c 02 00  	bnez	t0, 0x8000214c <_vsnprintf+0xa8e>
80002138: 93 f5 44 00  	andi	a1, s1, 4
8000213c: 13 05 b0 02  	li	a0, 43
80002140: 91 e5        	bnez	a1, 0x8000214c <_vsnprintf+0xa8e>
80002142: 93 f5 84 00  	andi	a1, s1, 8
80002146: 13 05 00 02  	li	a0, 32
8000214a: 91 c5        	beqz	a1, 0x80002156 <_vsnprintf+0xa98>
8000214c: 2c 18        	addi	a1, sp, 56
8000214e: de 95        	add	a1, a1, s7
80002150: 85 0b        	addi	s7, s7, 1
80002152: 23 80 a5 00  	sb	a0, 0(a1)
80002156: 56 86        	mv	a2, s5
80002158: c2 75        	ld	a1, 48(sp)
8000215a: 4a 8c        	mv	s8, s2
8000215c: 0d ec        	bnez	s0, 0x80002196 <_vsnprintf+0xad8>
8000215e: 13 15 0b 02  	slli	a0, s6, 32
80002162: 01 91        	srli	a0, a0, 32
80002164: 56 86        	mv	a2, s5
80002166: 63 f8 ab 02  	bgeu	s7, a0, 0x80002196 <_vsnprintf+0xad8>
8000216a: 01 44        	li	s0, 0
8000216c: b3 0c 75 41  	sub	s9, a0, s7
80002170: 2e 89        	mv	s2, a1
80002172: 33 86 8a 00  	add	a2, s5, s0
80002176: 13 05 00 02  	li	a0, 32
8000217a: ca 85        	mv	a1, s2
8000217c: e2 86        	mv	a3, s8
8000217e: 02 9d        	jalr	s10
80002180: 05 04        	addi	s0, s0, 1
80002182: e3 98 8c fe  	bne	s9, s0, 0x80002172 <_vsnprintf+0xab4>
80002186: 33 86 8a 00  	add	a2, s5, s0
8000218a: 32 84        	mv	s0, a2
8000218c: ca 85        	mv	a1, s2
8000218e: 93 0c 71 03  	addi	s9, sp, 55
80002192: 63 84 0b 02  	beqz	s7, 0x800021ba <_vsnprintf+0xafc>
80002196: 33 85 7c 01  	add	a0, s9, s7
8000219a: 03 45 05 00  	lbu	a0, 0(a0)
8000219e: 13 04 16 00  	addi	s0, a2, 1
800021a2: e2 86        	mv	a3, s8
800021a4: 62 89        	mv	s2, s8
800021a6: 66 8c        	mv	s8, s9
800021a8: ae 8c        	mv	s9, a1
800021aa: 02 9d        	jalr	s10
800021ac: e6 85        	mv	a1, s9
800021ae: e2 8c        	mv	s9, s8
800021b0: 4a 8c        	mv	s8, s2
800021b2: fd 1b        	addi	s7, s7, -1
800021b4: 22 86        	mv	a2, s0
800021b6: e3 90 0b fe  	bnez	s7, 0x80002196 <_vsnprintf+0xad8>
800021ba: 62 86        	mv	a2, s8
800021bc: 13 f5 24 00  	andi	a0, s1, 2
800021c0: 05 cd        	beqz	a0, 0x800021f8 <_vsnprintf+0xb3a>
800021c2: 02 1b        	slli	s6, s6, 32
800021c4: 13 5b 0b 02  	srli	s6, s6, 32
800021c8: 33 05 54 41  	sub	a0, s0, s5
800021cc: 63 76 65 03  	bgeu	a0, s6, 0x800021f8 <_vsnprintf+0xb3a>
800021d0: 2e 89        	mv	s2, a1
800021d2: a2 99        	add	s3, s3, s0
800021d4: a2 7b        	ld	s7, 40(sp)
800021d6: ae 84        	mv	s1, a1
800021d8: 32 89        	mv	s2, a2
800021da: 6a 8c        	mv	s8, s10
800021dc: 41 4d        	li	s10, 16
800021de: 93 0c 14 00  	addi	s9, s0, 1
800021e2: 13 05 00 02  	li	a0, 32
800021e6: a6 85        	mv	a1, s1
800021e8: 22 86        	mv	a2, s0
800021ea: ca 86        	mv	a3, s2
800021ec: 02 9c        	jalr	s8
800021ee: 85 09        	addi	s3, s3, 1
800021f0: 66 84        	mv	s0, s9
800021f2: e3 e6 69 ff  	bltu	s3, s6, 0x800021de <_vsnprintf+0xb20>
800021f6: 6d bb        	j	0x80001fb0 <_vsnprintf+0x8f2>
800021f8: a2 8c        	mv	s9, s0
800021fa: a2 7b        	ld	s7, 40(sp)
800021fc: 32 89        	mv	s2, a2
800021fe: 6a 8c        	mv	s8, s10
80002200: 41 4d        	li	s10, 16
80002202: 7d b3        	j	0x80001fb0 <_vsnprintf+0x8f2>
80002204: 63 e4 2a 01  	bltu	s5, s2, 0x8000220c <_vsnprintf+0xb4e>
80002208: 93 0a f9 ff  	addi	s5, s2, -1
8000220c: 01 45        	li	a0, 0
8000220e: c2 75        	ld	a1, 48(sp)
80002210: 56 86        	mv	a2, s5
80002212: ca 86        	mv	a3, s2
80002214: 02 9c        	jalr	s8
80002216: 1b 85 0c 00  	sext.w	a0, s9
8000221a: ae 60        	ld	ra, 200(sp)
8000221c: 0e 64        	ld	s0, 192(sp)
8000221e: ea 74        	ld	s1, 184(sp)
80002220: 4a 79        	ld	s2, 176(sp)
80002222: aa 79        	ld	s3, 168(sp)
80002224: 0a 7a        	ld	s4, 160(sp)
80002226: ea 6a        	ld	s5, 152(sp)
80002228: 4a 6b        	ld	s6, 144(sp)
8000222a: aa 6b        	ld	s7, 136(sp)
8000222c: 0a 6c        	ld	s8, 128(sp)
8000222e: e6 7c        	ld	s9, 120(sp)
80002230: 46 7d        	ld	s10, 112(sp)
80002232: a6 7d        	ld	s11, 104(sp)
80002234: 06 34        	fld	fs0, 96(sp)
80002236: e6 24        	fld	fs1, 88(sp)
80002238: 69 61        	addi	sp, sp, 208
8000223a: 82 80        	ret

000000008000223c <_out_char>:
8000223c: 09 c5        	beqz	a0, 0x80002246 <_out_char+0xa>
8000223e: 17 03 00 00  	auipc	t1, 0
80002242: 67 00 03 2d  	jr	720(t1)
80002246: 82 80        	ret

0000000080002248 <_out_null>:
80002248: 82 80        	ret

000000008000224a <_ntoa_format>:
8000224a: 19 71        	addi	sp, sp, -128
8000224c: 86 fc        	sd	ra, 120(sp)
8000224e: a2 f8        	sd	s0, 112(sp)
80002250: a6 f4        	sd	s1, 104(sp)
80002252: ca f0        	sd	s2, 96(sp)
80002254: ce ec        	sd	s3, 88(sp)
80002256: d2 e8        	sd	s4, 80(sp)
80002258: d6 e4        	sd	s5, 72(sp)
8000225a: da e0        	sd	s6, 64(sp)
8000225c: 5e fc        	sd	s7, 56(sp)
8000225e: 62 f8        	sd	s8, 48(sp)
80002260: 66 f4        	sd	s9, 40(sp)
80002262: 6a f0        	sd	s10, 32(sp)
80002264: 6e ec        	sd	s11, 24(sp)
80002266: f6 8b        	mv	s7, t4
80002268: 93 f4 2e 00  	andi	s1, t4, 2
8000226c: 72 8a        	mv	s4, t3
8000226e: 1e 8d        	mv	s10, t2
80002270: c6 8c        	mv	s9, a7
80002272: 3e 8c        	mv	s8, a5
80002274: 36 89        	mv	s2, a3
80002276: b2 89        	mv	s3, a2
80002278: ae 8a        	mv	s5, a1
8000227a: aa 8d        	mv	s11, a0
8000227c: 26 8b        	mv	s6, s1
8000227e: 3a e8        	sd	a4, 16(sp)
80002280: d5 e4        	bnez	s1, 0x8000232c <_ntoa_format+0xe2>
80002282: 1b 05 0a 00  	sext.w	a0, s4
80002286: 13 f4 1b 00  	andi	s0, s7, 1
8000228a: 19 c9        	beqz	a0, 0x800022a0 <_ntoa_format+0x56>
8000228c: 19 c8        	beqz	s0, 0x800022a2 <_ntoa_format+0x58>
8000228e: 13 f5 cb 00  	andi	a0, s7, 12
80002292: 33 35 a0 00  	snez	a0, a0
80002296: 33 65 05 01  	or	a0, a0, a6
8000229a: 3b 0a aa 40  	subw	s4, s4, a0
8000229e: 11 a0        	j	0x800022a2 <_ntoa_format+0x58>
800022a0: 01 4a        	li	s4, 0
800022a2: 13 15 0d 02  	slli	a0, s10, 32
800022a6: 01 91        	srli	a0, a0, 32
800022a8: b3 35 ac 00  	sltu	a1, s8, a0
800022ac: 13 36 0c 02  	sltiu	a2, s8, 32
800022b0: f1 8d        	and	a1, a1, a2
800022b2: 85 cd        	beqz	a1, 0x800022ea <_ntoa_format+0xa0>
800022b4: 52 e4        	sd	s4, 8(sp)
800022b6: 4e 8a        	mv	s4, s3
800022b8: c2 89        	mv	s3, a6
800022ba: 93 44 fc ff  	not	s1, s8
800022be: aa 94        	add	s1, s1, a0
800022c0: 7d 45        	li	a0, 31
800022c2: b3 05 85 41  	sub	a1, a0, s8
800022c6: 33 05 87 01  	add	a0, a4, s8
800022ca: 63 e3 b4 00  	bltu	s1, a1, 0x800022d0 <_ntoa_format+0x86>
800022ce: ae 84        	mv	s1, a1
800022d0: 85 04        	addi	s1, s1, 1
800022d2: 93 05 00 03  	li	a1, 48
800022d6: 26 86        	mv	a2, s1
800022d8: 97 00 00 00  	auipc	ra, 0
800022dc: e7 80 80 1e  	jalr	488(ra)
800022e0: 26 9c        	add	s8, s8, s1
800022e2: 42 67        	ld	a4, 16(sp)
800022e4: 4e 88        	mv	a6, s3
800022e6: d2 89        	mv	s3, s4
800022e8: 22 6a        	ld	s4, 8(sp)
800022ea: 29 c0        	beqz	s0, 0x8000232c <_ntoa_format+0xe2>
800022ec: 13 15 0a 02  	slli	a0, s4, 32
800022f0: 01 91        	srli	a0, a0, 32
800022f2: b3 35 ac 00  	sltu	a1, s8, a0
800022f6: 13 36 0c 02  	sltiu	a2, s8, 32
800022fa: f1 8d        	and	a1, a1, a2
800022fc: 85 c9        	beqz	a1, 0x8000232c <_ntoa_format+0xe2>
800022fe: 42 84        	mv	s0, a6
80002300: 93 44 fc ff  	not	s1, s8
80002304: aa 94        	add	s1, s1, a0
80002306: 7d 45        	li	a0, 31
80002308: b3 05 85 41  	sub	a1, a0, s8
8000230c: 33 05 87 01  	add	a0, a4, s8
80002310: 63 e3 b4 00  	bltu	s1, a1, 0x80002316 <_ntoa_format+0xcc>
80002314: ae 84        	mv	s1, a1
80002316: 85 04        	addi	s1, s1, 1
80002318: 93 05 00 03  	li	a1, 48
8000231c: 26 86        	mv	a2, s1
8000231e: 97 00 00 00  	auipc	ra, 0
80002322: e7 80 20 1a  	jalr	418(ra)
80002326: 26 9c        	add	s8, s8, s1
80002328: 42 67        	ld	a4, 16(sp)
8000232a: 22 88        	mv	a6, s0
8000232c: 13 f5 0b 01  	andi	a0, s7, 16
80002330: 11 e5        	bnez	a0, 0x8000233c <_ntoa_format+0xf2>
80002332: da 8c        	mv	s9, s6
80002334: 7d 45        	li	a0, 31
80002336: 63 7b 85 0b  	bgeu	a0, s8, 0x800023ec <_ntoa_format+0x1a2>
8000233a: e1 a8        	j	0x80002412 <_ntoa_format+0x1c8>
8000233c: 13 f5 0b 40  	andi	a0, s7, 1024
80002340: 13 35 15 00  	seqz	a0, a0
80002344: b3 35 80 01  	snez	a1, s8
80002348: 6d 8d        	and	a0, a0, a1
8000234a: 15 cd        	beqz	a0, 0x80002386 <_ntoa_format+0x13c>
8000234c: 02 1d        	slli	s10, s10, 32
8000234e: 13 55 0d 02  	srli	a0, s10, 32
80002352: 33 45 ac 00  	xor	a0, s8, a0
80002356: 33 35 a0 00  	snez	a0, a0
8000235a: 93 15 0a 02  	slli	a1, s4, 32
8000235e: 81 91        	srli	a1, a1, 32
80002360: b3 45 bc 00  	xor	a1, s8, a1
80002364: b3 35 b0 00  	snez	a1, a1
80002368: 6d 8d        	and	a0, a0, a1
8000236a: 11 ed        	bnez	a0, 0x80002386 <_ntoa_format+0x13c>
8000236c: 13 05 fc ff  	addi	a0, s8, -1
80002370: b3 35 a0 00  	snez	a1, a0
80002374: 13 86 0c ff  	addi	a2, s9, -16
80002378: 13 36 16 00  	seqz	a2, a2
8000237c: f1 8d        	and	a1, a1, a2
8000237e: 99 c1        	beqz	a1, 0x80002384 <_ntoa_format+0x13a>
80002380: 13 05 ec ff  	addi	a0, s8, -2
80002384: 2a 8c        	mv	s8, a0
80002386: 41 45        	li	a0, 16
80002388: 63 96 ac 02  	bne	s9, a0, 0x800023b4 <_ntoa_format+0x16a>
8000238c: 93 f5 0b 02  	andi	a1, s7, 32
80002390: 13 b5 15 00  	seqz	a0, a1
80002394: 13 36 0c 02  	sltiu	a2, s8, 32
80002398: b3 76 c5 00  	and	a3, a0, a2
8000239c: 13 05 80 07  	li	a0, 120
800023a0: da 8c        	mv	s9, s6
800023a2: 9d e2        	bnez	a3, 0x800023c8 <_ntoa_format+0x17e>
800023a4: 33 35 b0 00  	snez	a0, a1
800023a8: b3 75 c5 00  	and	a1, a0, a2
800023ac: 13 05 80 05  	li	a0, 88
800023b0: 81 ed        	bnez	a1, 0x800023c8 <_ntoa_format+0x17e>
800023b2: 05 a0        	j	0x800023d2 <_ntoa_format+0x188>
800023b4: f9 1c        	addi	s9, s9, -2
800023b6: 13 b5 1c 00  	seqz	a0, s9
800023ba: 93 35 0c 02  	sltiu	a1, s8, 32
800023be: e9 8d        	and	a1, a1, a0
800023c0: 13 05 20 06  	li	a0, 98
800023c4: da 8c        	mv	s9, s6
800023c6: 91 c5        	beqz	a1, 0x800023d2 <_ntoa_format+0x188>
800023c8: b3 05 87 01  	add	a1, a4, s8
800023cc: 05 0c        	addi	s8, s8, 1
800023ce: 23 80 a5 00  	sb	a0, 0(a1)
800023d2: 7d 45        	li	a0, 31
800023d4: 63 6f 85 03  	bltu	a0, s8, 0x80002412 <_ntoa_format+0x1c8>
800023d8: 33 05 87 01  	add	a0, a4, s8
800023dc: 05 0c        	addi	s8, s8, 1
800023de: 93 05 00 03  	li	a1, 48
800023e2: 23 00 b5 00  	sb	a1, 0(a0)
800023e6: 7d 45        	li	a0, 31
800023e8: 63 65 85 03  	bltu	a0, s8, 0x80002412 <_ntoa_format+0x1c8>
800023ec: 13 05 d0 02  	li	a0, 45
800023f0: 63 1c 08 00  	bnez	a6, 0x80002408 <_ntoa_format+0x1be>
800023f4: 93 f5 4b 00  	andi	a1, s7, 4
800023f8: 13 05 b0 02  	li	a0, 43
800023fc: 91 e5        	bnez	a1, 0x80002408 <_ntoa_format+0x1be>
800023fe: 93 f5 8b 00  	andi	a1, s7, 8
80002402: 13 05 00 02  	li	a0, 32
80002406: 91 c5        	beqz	a1, 0x80002412 <_ntoa_format+0x1c8>
80002408: b3 05 87 01  	add	a1, a4, s8
8000240c: 05 0c        	addi	s8, s8, 1
8000240e: 23 80 a5 00  	sb	a0, 0(a1)
80002412: 13 f5 3b 00  	andi	a0, s7, 3
80002416: 4e 84        	mv	s0, s3
80002418: 05 e5        	bnez	a0, 0x80002440 <_ntoa_format+0x1f6>
8000241a: 13 15 0a 02  	slli	a0, s4, 32
8000241e: 01 91        	srli	a0, a0, 32
80002420: 4e 84        	mv	s0, s3
80002422: 63 7f ac 00  	bgeu	s8, a0, 0x80002440 <_ntoa_format+0x1f6>
80002426: b3 04 85 41  	sub	s1, a0, s8
8000242a: 4e 86        	mv	a2, s3
8000242c: 13 04 16 00  	addi	s0, a2, 1
80002430: 13 05 00 02  	li	a0, 32
80002434: d6 85        	mv	a1, s5
80002436: ca 86        	mv	a3, s2
80002438: 82 9d        	jalr	s11
8000243a: fd 14        	addi	s1, s1, -1
8000243c: 22 86        	mv	a2, s0
8000243e: fd f4        	bnez	s1, 0x8000242c <_ntoa_format+0x1e2>
80002440: 63 05 0c 02  	beqz	s8, 0x8000246a <_ntoa_format+0x220>
80002444: 42 6b        	ld	s6, 16(sp)
80002446: 7d 1b        	addi	s6, s6, -1
80002448: 33 05 8b 01  	add	a0, s6, s8
8000244c: 03 45 05 00  	lbu	a0, 0(a0)
80002450: 93 04 14 00  	addi	s1, s0, 1
80002454: d6 85        	mv	a1, s5
80002456: 22 86        	mv	a2, s0
80002458: ca 86        	mv	a3, s2
8000245a: 82 9d        	jalr	s11
8000245c: 7d 1c        	addi	s8, s8, -1
8000245e: 26 84        	mv	s0, s1
80002460: e3 14 0c fe  	bnez	s8, 0x80002448 <_ntoa_format+0x1fe>
80002464: 63 96 0c 00  	bnez	s9, 0x80002470 <_ntoa_format+0x226>
80002468: 1d a8        	j	0x8000249e <_ntoa_format+0x254>
8000246a: a2 84        	mv	s1, s0
8000246c: 63 89 0c 02  	beqz	s9, 0x8000249e <_ntoa_format+0x254>
80002470: 02 1a        	slli	s4, s4, 32
80002472: 13 5a 0a 02  	srli	s4, s4, 32
80002476: 33 85 34 41  	sub	a0, s1, s3
8000247a: 63 72 45 03  	bgeu	a0, s4, 0x8000249e <_ntoa_format+0x254>
8000247e: b3 09 30 41  	neg	s3, s3
80002482: 13 84 14 00  	addi	s0, s1, 1
80002486: 13 05 00 02  	li	a0, 32
8000248a: d6 85        	mv	a1, s5
8000248c: 26 86        	mv	a2, s1
8000248e: ca 86        	mv	a3, s2
80002490: 82 9d        	jalr	s11
80002492: 33 85 89 00  	add	a0, s3, s0
80002496: a2 84        	mv	s1, s0
80002498: e3 65 45 ff  	bltu	a0, s4, 0x80002482 <_ntoa_format+0x238>
8000249c: 11 a0        	j	0x800024a0 <_ntoa_format+0x256>
8000249e: 26 84        	mv	s0, s1
800024a0: 22 85        	mv	a0, s0
800024a2: e6 70        	ld	ra, 120(sp)
800024a4: 46 74        	ld	s0, 112(sp)
800024a6: a6 74        	ld	s1, 104(sp)
800024a8: 06 79        	ld	s2, 96(sp)
800024aa: e6 69        	ld	s3, 88(sp)
800024ac: 46 6a        	ld	s4, 80(sp)
800024ae: a6 6a        	ld	s5, 72(sp)
800024b0: 06 6b        	ld	s6, 64(sp)
800024b2: e2 7b        	ld	s7, 56(sp)
800024b4: 42 7c        	ld	s8, 48(sp)
800024b6: a2 7c        	ld	s9, 40(sp)
800024b8: 02 7d        	ld	s10, 32(sp)
800024ba: e2 6d        	ld	s11, 24(sp)
800024bc: 09 61        	addi	sp, sp, 128
800024be: 82 80        	ret

00000000800024c0 <memset>:
800024c0: b3 66 c5 00  	or	a3, a0, a2
800024c4: 9d 8a        	andi	a3, a3, 7
800024c6: 91 ce        	beqz	a3, 0x800024e2 <memset+0x22>
800024c8: b3 06 c5 00  	add	a3, a0, a2
800024cc: 63 70 d5 04  	bgeu	a0, a3, 0x8000250c <memset+0x4c>
800024d0: aa 86        	mv	a3, a0
800024d2: 13 87 16 00  	addi	a4, a3, 1
800024d6: 7d 16        	addi	a2, a2, -1
800024d8: 23 80 b6 00  	sb	a1, 0(a3)
800024dc: ba 86        	mv	a3, a4
800024de: 75 fa        	bnez	a2, 0x800024d2 <memset+0x12>
800024e0: 35 a0        	j	0x8000250c <memset+0x4c>
800024e2: 2a 96        	add	a2, a2, a0
800024e4: 63 74 c5 02  	bgeu	a0, a2, 0x8000250c <memset+0x4c>
800024e8: e2 15        	slli	a1, a1, 56
800024ea: b7 16 10 10  	lui	a3, 65793
800024ee: 92 06        	slli	a3, a3, 4
800024f0: 93 86 06 10  	addi	a3, a3, 256
800024f4: b3 b5 d5 02  	mulhu	a1, a1, a3
800024f8: 93 96 05 02  	slli	a3, a1, 32
800024fc: d5 8d        	or	a1, a1, a3
800024fe: aa 86        	mv	a3, a0
80002500: 13 87 86 00  	addi	a4, a3, 8
80002504: 8c e2        	sd	a1, 0(a3)
80002506: ba 86        	mv	a3, a4
80002508: e3 6c c7 fe  	bltu	a4, a2, 0x80002500 <memset+0x40>
8000250c: 82 80        	ret

000000008000250e <_putchar>:
8000250e: 97 e5 ff 3f  	auipc	a1, 262142
80002512: 23 89 a5 ae  	sb	a0, -1294(a1)
80002516: 82 80        	ret

Disassembly of section .data:

0000000080002520 <H_real>:
80002520: b2 a2        	fsd	fa2, 320(sp)
80002522: 7e 3e        	fld	ft8, 504(sp)
80002524: 87 50 83 3e  	<unknown>
80002528: 63 02 fc 3d  	beq	s8, t6, 0x800028ec <H_real+0x3cc>
8000252c: f7 9e 00 3d  	<unknown>
80002530: b7 30 fe 3e  	lui	ra, 258019
80002534: a6 ec        	sd	s1, 88(sp)
80002536: b8 3c        	fld	fa4, 120(s1)
80002538: 9e 38        	fld	fa7, 480(sp)
8000253a: 23 3f c1 b3  	sd	t3, -1218(sp)
8000253e: f2 3e        	fld	ft9, 312(sp)
80002540: a8 9b        	<unknown>
80002542: 16 3f        	fld	ft10, 352(sp)
80002544: ae ca        	sw	a1, 84(sp)
80002546: 2b 3e 7c cd  	<unknown>
8000254a: ba 3d        	fld	fs11, 424(sp)
8000254c: d8 3c        	fld	fa4, 184(s1)
8000254e: e8 3e        	fld	fa0, 248(a3)
80002550: 32 e7        	sd	a2, 392(sp)
80002552: b5 3e        	addiw	t4, t4, -19
80002554: cf 5d 93 3e  	<unknown>
80002558: dc 5f        	lw	a5, 60(a5)
8000255a: 24 3e        	fld	fs1, 120(a2)
8000255c: 32 78        	ld	a6, 296(sp)
8000255e: d2 3e        	fld	ft9, 304(sp)
80002560: dd 46        	li	a3, 23
80002562: 03 3e f9 ba  	ld	t3, -1105(s2)
80002566: bf 3e 84 da  	<unknown>
8000256a: 9e 3e        	fld	ft9, 480(sp)
8000256c: 9e 45        	lw	a1, 196(sp)
8000256e: 92 3e        	fld	ft9, 288(sp)
80002570: 91 ba        	j	0x80001ec4 <_vsnprintf+0x806>
80002572: 8a 3e        	fld	ft9, 160(sp)
80002574: 0e 45        	lw	a0, 192(sp)
80002576: e8 3b        	fld	fa0, 240(a5)
80002578: 76 02        	slli	tp, tp, 29
8000257a: e7 3d 04 af  	<unknown>
8000257e: af 3e b2 de  	<unknown>
80002582: 4c 3e        	fld	fa1, 184(a2)
80002584: c5 1f        	addi	t6, t6, -15
80002586: 33 3f ca 2e  	<unknown>
8000258a: b8 3d        	fld	fa4, 120(a1)
8000258c: 0a 05        	slli	a0, a0, 2
8000258e: 86 3e        	fld	ft9, 96(sp)
80002590: 2a db        	sw	a0, 180(sp)
80002592: 03 3f 20 b6  	ld	t5, -1182(zero)
80002596: f2 3d        	fld	fs11, 312(sp)
80002598: 02 f6        	sd	zero, 296(sp)
8000259a: c4 3e        	fld	fs1, 184(a3)
8000259c: 4e e6        	sd	s3, 264(sp)
8000259e: 1f 3f bf 11  	<unknown>
800025a2: cb 3d 7f a2  	fnmsub.d	fs11, ft10, ft7, fs4, rup
800025a6: bc 3d        	fld	fa5, 120(a1)
800025a8: 35 61        	addi	sp, sp, 352
800025aa: 05 3e        	addiw	t3, t3, -31
800025ac: 08 63        	ld	a0, 0(a4)
800025ae: 08 3d        	fld	fa0, 56(a0)
800025b0: c0 c7        	sw	s0, 12(a5)
800025b2: 34 3f        	fld	fa3, 120(a4)
800025b4: fd 8b        	andi	a5, a5, 31
800025b6: 0c 3f        	fld	fa1, 56(a4)
800025b8: f5 ac        	j	0x800028b4 <H_real+0x394>
800025ba: 1d 3f        	addiw	t5, t5, -25
800025bc: 3c 24        	fld	fa5, 72(s0)
800025be: 33 3f ea a4  	<unknown>
800025c2: 0a 3f        	fld	ft10, 160(sp)
800025c4: 65 48        	li	a6, 25
800025c6: 3b 3e 92 e3  	<unknown>
800025ca: 34 3f        	fld	fa3, 120(a4)
800025cc: 47 e8 08 3f  	<unknown>
800025d0: 0a 25        	fld	fa0, 128(sp)
800025d2: 63 3e e8 8a  	<unknown>
800025d6: 14 3f        	fld	fa3, 56(a4)
800025d8: 6f 73 d6 3e  	jal	t1, 0x8006a1c4 <timer+0x5f764>
800025dc: 78 c8        	sw	a4, 84(s0)
800025de: 86 3e        	fld	ft9, 96(sp)
800025e0: cf 64 21 3f  	<unknown>
800025e4: a3 d8 06 3f  	<unknown>
800025e8: 24 35        	fld	fs1, 104(a0)
800025ea: 8a 3d        	fld	fs11, 160(sp)
800025ec: 81 9a        	andi	a3, a3, -32
800025ee: b8 3e        	fld	fa4, 120(a3)
800025f0: 86 fe        	sd	ra, 376(sp)
800025f2: c1 3e        	addiw	t4, t4, -16
800025f4: 51 51        	li	sp, -12
800025f6: 10 3f        	fld	fa2, 56(a4)
800025f8: a9 a4        	j	0x80002842 <H_real+0x322>
800025fa: 4a 3b        	fld	fs6, 176(sp)
800025fc: e2 27        	fld	fa5, 24(sp)
800025fe: 81 3e        	addiw	t4, t4, -32
80002600: b4 70        	ld	a3, 96(s1)
80002602: e1 3e        	addiw	t4, t4, -8
80002604: fb 4b 9a 3e  	<unknown>
80002608: 6d 12        	addi	tp, tp, -5
8000260a: c8 3e        	fld	fa0, 184(a3)
8000260c: 7e 76        	ld	a2, 504(sp)
8000260e: ea 3e        	fld	ft9, 184(sp)
80002610: 89 46        	li	a3, 2
80002612: 6d 3e        	addiw	t3, t3, -5
80002614: f6 3f        	fld	ft11, 376(sp)
80002616: 2b 3f c3 ad  	<unknown>
8000261a: bd 3e        	addiw	t4, t4, -17
8000261c: e7 b1 ee 3e  	<unknown>
80002620: 94 89        	<unknown>
80002622: 21 3f        	addiw	t5, t5, -24
80002624: da 93        	add	t2, t2, s6
80002626: 19 3f        	addiw	t5, t5, -26
80002628: fd 89        	andi	a1, a1, 31
8000262a: 4e 3e        	fld	ft8, 240(sp)
8000262c: a2 9d        	add	s11, s11, s0
8000262e: 8e 3d        	fld	fs11, 224(sp)
80002630: 67 0d e0 3d  	jalr	s10, 990(zero)
80002634: 16 97        	add	a4, a4, t0
80002636: b7 3e ae 8c  	lui	t4, 576227
8000263a: 9b 3e e0 a0  	<unknown>
8000263e: 2d 3d        	addiw	s10, s10, -21
80002640: 5c 80        	<unknown>
80002642: ed 3e        	addiw	t4, t4, -5
80002644: 3e 2b        	fld	fs6, 456(sp)
80002646: cb 3d cb 08  	fnmsub.s	fs11, fs6, fa2, ft1, rup
8000264a: 08 3e        	fld	fa0, 56(a2)
8000264c: 4d 0b        	addi	s6, s6, 19
8000264e: fd 3e        	addiw	t4, t4, -1
80002650: 7a e3        	sd	t5, 384(sp)
80002652: 18 3f        	fld	fa4, 56(a4)
80002654: 81 45        	li	a1, 0
80002656: ab 3d 55 86  	<unknown>
8000265a: c7 3e fe 0f  	<unknown>
8000265e: 13 3f d2 35  	sltiu	t5, tp, 861
80002662: 13 3f 4f e4  	sltiu	t5, t5, -444
80002666: 87 3e 57 96  	fld	ft9, -1691(a4)
8000266a: 66 3c        	fld	fs8, 120(sp)
8000266c: a4 08        	addi	s1, sp, 88
8000266e: 1f 3f c8 4b  	<unknown>
80002672: 2f 3f 43 7a  	<unknown>
80002676: 0e 3f        	fld	ft10, 224(sp)
80002678: df ac 10 3e  	<unknown>
8000267c: b8 9e        	<unknown>
8000267e: 11 3f        	addiw	t5, t5, -28
80002680: 81 5a        	li	s5, -32
80002682: 92 3e        	fld	ft9, 288(sp)
80002684: de 90        	add	ra, ra, s7
80002686: 36 3d        	fld	fs10, 360(sp)
80002688: 6b 09 0c 3f  	<unknown>
8000268c: 22 0e        	slli	t3, t3, 8
8000268e: 8a 3e        	fld	ft9, 160(sp)
80002690: bc e1        	sd	a5, 64(a1)
80002692: 8a 3d        	fld	fs11, 160(sp)
80002694: 7b 6c 0d 3f  	<unknown>
80002698: 7b 55 14 3e  	<unknown>
8000269c: 13 b4 f2 3d  	sltiu	s0, t0, 991
800026a0: 8f eb 21 3f  	<unknown>
800026a4: dc 17        	addi	a5, sp, 996
800026a6: e4 3e        	fld	fs1, 248(a3)
800026a8: f4 04        	addi	a3, sp, 588
800026aa: 34 3f        	fld	fa3, 120(a4)
800026ac: 84 85        	<unknown>
800026ae: 15 3f        	addiw	t5, t5, -27
800026b0: ab 43 a7 3e  	<unknown>
800026b4: 3c da        	sw	a5, 112(a2)
800026b6: 29 3f        	addiw	t5, t5, -22
800026b8: c9 0c        	addi	s9, s9, 18
800026ba: 10 3f        	fld	fa2, 56(a4)
800026bc: 73 12 19 3e  	csrrw	tp, pmpaddr49, s2
800026c0: 2d 2b        	addiw	s6, s6, 11
800026c2: ce 3e        	fld	ft9, 240(sp)
800026c4: 2c ea        	sd	a1, 80(a2)
800026c6: 7c 3e        	fld	fa5, 248(a2)
800026c8: 23 b8 01 3f  	sd	a6, 1008(gp)
800026cc: 7d 94        	srai	s0, s0, 63
800026ce: 9d 3e        	addiw	t4, t4, -25
800026d0: e9 5d        	li	s11, -6
800026d2: a1 3e        	addiw	t4, t4, -24
800026d4: 13 eb fe 3e  	ori	s6, t4, 1007
800026d8: 6c 7f        	ld	a1, 248(a4)
800026da: 03 3f 4e 8b  	ld	t5, -1868(t3)
800026de: 61 3e        	addiw	t3, t3, -8
800026e0: e5 20        	addiw	ra, ra, 25
800026e2: d5 3e        	addiw	t4, t4, -11
800026e4: 27 e4 08 3f  	<unknown>
800026e8: 5d f8        	bnez	s0, 0x8000269e <H_real+0x17e>
800026ea: f6 3e        	fld	ft9, 376(sp)
800026ec: f1 b0        	j	0x80001fb8 <_vsnprintf+0x8fa>
800026ee: 0a 3f        	fld	ft10, 160(sp)
800026f0: 34 32        	fld	fa3, 96(a2)
800026f2: dd 3e        	addiw	t4, t4, -9
800026f4: 8a 51        	lw	gp, 160(sp)
800026f6: 31 3e        	addiw	t3, t3, -20
800026f8: 62 02        	slli	tp, tp, 24
800026fa: b2 3e        	fld	ft9, 296(sp)
800026fc: cf 87 14 3e  	<unknown>
80002700: 19 aa        	j	0x80002816 <H_real+0x2f6>
80002702: 21 3e        	addiw	t3, t3, -24
80002704: c2 eb        	sd	a6, 464(sp)
80002706: f4 3e        	fld	fa3, 248(a3)
80002708: 86 7a        	ld	s5, 96(sp)
8000270a: 53 3e 30 31  	<unknown>
8000270e: 70 3d        	fld	fa2, 248(a0)
80002710: f3 02 0b 3f  	<unknown>
80002714: 94 07        	addi	a3, sp, 960
80002716: 16 3f        	fld	ft10, 352(sp)
80002718: 3c 20        	fld	fa5, 64(s0)
8000271a: f7 3e af f6  	<unknown>
8000271e: c7 3e e0 dc  	<unknown>
80002722: 26 3f        	fld	ft10, 104(sp)
80002724: 0f 5f 16 3e  	<unknown>
80002728: a5 4f        	li	t6, 9
8000272a: aa 3e        	fld	ft9, 168(sp)
8000272c: 24 4b        	lw	s1, 80(a4)
8000272e: 22 3f        	fld	ft10, 40(sp)
80002730: 75 71        	addi	sp, sp, -144
80002732: e3 3e dd 0e  	<unknown>
80002736: c7 3b 2b 18  	fmsub.s	fs7, fs6, ft2, ft3, rup
8000273a: 64 3d        	fld	fs1, 248(a0)
8000273c: ff 35 33 3f  	<unknown>
80002740: 82 72        	ld	t0, 32(sp)
80002742: 9b 3d e6 df  	<unknown>
80002746: 9d 3e        	addiw	t4, t4, -25
80002748: 2e 48        	lw	a6, 200(sp)
8000274a: 49 3e        	addiw	t3, t3, -14
8000274c: 54 a5        	fsd	fa3, 136(a0)
8000274e: 62 3d        	fld	fs10, 56(sp)
80002750: 9f 56 0b 3f  	<unknown>
80002754: 83 3d c9 3e  	ld	s11, 1004(s2)
80002758: 53 bc 70 3e  	<unknown>
8000275c: b8 db        	sw	a4, 112(a5)
8000275e: be 3e        	fld	ft9, 488(sp)
80002760: 45 f2        	bnez	a2, 0x80002700 <H_real+0x1e0>
80002762: f0 3e        	fld	fa2, 248(a3)
80002764: 8f 0a 10 3c  	<unknown>
80002768: 74 e8        	sd	a3, 208(s0)
8000276a: b7 3e a3 a4  	lui	t4, 674355
8000276e: c6 3d        	fld	fs11, 112(sp)
80002770: 00 79        	ld	s0, 48(a0)
80002772: 1d 3e        	addiw	t3, t3, -25
80002774: 0e d6        	sw	gp, 44(sp)
80002776: 32 3f        	fld	ft10, 296(sp)
80002778: 04 bf        	fsd	fs1, 56(a4)
8000277a: 33 3f 9e 64  	<unknown>
8000277e: 97 3e 24 d3  	auipc	t4, 864835
80002782: 3e 3c        	fld	fs8, 488(sp)
80002784: 16 f0        	sd	t0, 32(sp)
80002786: 18 3e        	fld	fa4, 56(a2)
80002788: 13 4c f0 3c  	xori	s8, zero, 975
8000278c: 8f ec 3c 3e  	<unknown>
80002790: 02 f0        	sd	zero, 32(sp)
80002792: 63 3e 2d aa  	<unknown>
80002796: dc 3e        	fld	fa5, 184(a3)
80002798: 59 c0        	beqz	s0, 0x8000281e <H_real+0x2fe>
8000279a: 99 3e        	addiw	t4, t4, -26
8000279c: 45 52        	li	tp, -15
8000279e: c2 3e        	fld	ft9, 48(sp)
800027a0: e4 4a        	lw	s1, 84(a3)
800027a2: 79 3e        	addiw	t3, t3, -2
800027a4: d2 1e        	slli	t4, t4, 52
800027a6: 7d 3d        	addiw	s10, s10, -1
800027a8: ba f5        	sd	a4, 232(sp)
800027aa: 1e 3c        	fld	fs8, 480(sp)
800027ac: 99 8a        	andi	a3, a3, 6
800027ae: b6 3e        	fld	ft9, 360(sp)
800027b0: af 5e f3 3e  	<unknown>
800027b4: fa 48        	lw	a7, 156(sp)
800027b6: 01 3f        	addiw	t5, t5, -32
800027b8: e3 aa 0c 3e  	<unknown>
800027bc: d1 72        	lui	t0, 1048564
800027be: 0c 3f        	fld	fa1, 56(a4)
800027c0: 28 e0        	sd	a0, 64(s0)
800027c2: 26 3f        	fld	ft10, 104(sp)
800027c4: b3 e8 63 3d  	<unknown>
800027c8: 35 0a        	addi	s4, s4, 13
800027ca: 25 3f        	addiw	t5, t5, -23
800027cc: b6 a7        	fsd	fa3, 456(sp)
800027ce: 19 3f        	addiw	t5, t5, -26
800027d0: 21 10        	c.nop	-24
800027d2: 30 3f        	fld	fa2, 120(a4)
800027d4: 23 c2 0d 3f  	<unknown>
800027d8: bb ae 91 3e  	<unknown>
800027dc: fd ac        	j	0x80002ada <H_real+0x5ba>
800027de: 7a 3d        	fld	fs10, 440(sp)
800027e0: 60 6f        	ld	s0, 216(a4)
800027e2: 09 3f        	addiw	t5, t5, -30
800027e4: 06 91        	add	sp, sp, ra
800027e6: bc 3e        	fld	fa5, 120(a3)
800027e8: 5f 3b 0c 3f  	<unknown>
800027ec: e1 ef        	bnez	a5, 0x800028c4 <H_real+0x3a4>
800027ee: 30 3f        	fld	fa2, 120(a4)
800027f0: 5f 2f b6 3e  	<unknown>
800027f4: 44 b5        	fsd	fs1, 168(a0)
800027f6: 34 3f        	fld	fa3, 120(a4)
800027f8: 6c bc        	fsd	fa1, 248(s0)
800027fa: 7c 3e        	fld	fa5, 248(a2)
800027fc: 63 07 df 3e  	beq	t5, a3, 0x80002bea <H_real+0x6ca>
80002800: 1b 64 ea 3e  	<unknown>
80002804: 08 97        	<unknown>
80002806: 25 3f        	addiw	t5, t5, -23
80002808: 47 12 af 3e  	<unknown>
8000280c: b0 b1        	fsd	fa2, 96(a1)
8000280e: 31 3f        	addiw	t5, t5, -20
80002810: 53 70 f6 3e  	<unknown>
80002814: 23 aa 2c 3e  	sw	sp, 1012(s9)
80002818: 6a 5d        	lw	s10, 184(sp)
8000281a: 10 3f        	fld	fa2, 56(a4)
8000281c: 46 7f        	ld	t5, 112(sp)
8000281e: c3 3e c3 6c  	<unknown>
80002822: 21 3f        	addiw	t5, t5, -24
80002824: b7 ac 0e 3e  	lui	s9, 254186
80002828: c4 36        	fld	fs1, 168(a3)
8000282a: 06 3e        	fld	ft8, 96(sp)
8000282c: ef e9 9f 3d  	jal	s3, 0x80101404 <timer+0xf69a4>
80002830: 06 1c        	slli	s8, s8, 33
80002832: 2c 3f        	fld	fa1, 120(a4)
80002834: 53 84 b7 3e  	<unknown>
80002838: 86 4e        	lw	t4, 64(sp)
8000283a: 95 3e        	addiw	t4, t4, -27
8000283c: 3a 43        	lw	t1, 140(sp)
8000283e: a5 3e        	addiw	t4, t4, -23
80002840: 66 be        	fsd	fs9, 312(sp)
80002842: 9b 3e f2 d7  	<unknown>
80002846: 3d 3c        	addiw	s8, s8, -17
80002848: ce a2        	fsd	fs3, 320(sp)
8000284a: f4 3e        	fld	fa3, 248(a3)
8000284c: 0a b3        	fsd	ft2, 416(sp)
8000284e: 37 3b a5 89  	lui	s6, 563795
80002852: fb 3e b2 43  	<unknown>
80002856: 28 3f        	fld	fa0, 120(a4)
80002858: b0 2c        	fld	fa2, 88(s1)
8000285a: 7a 3e        	fld	ft8, 440(sp)
8000285c: 62 67        	ld	a4, 24(sp)
8000285e: 8c 3d        	fld	fa1, 56(a1)
80002860: 87 cc 10 3e  	<unknown>
80002864: f9 0b        	addi	s7, s7, 30
80002866: 55 3d        	addiw	s10, s10, -11
80002868: c0 dc        	sw	s0, 60(s1)
8000286a: 0c 3e        	fld	fa1, 56(a2)
8000286c: a9 aa        	j	0x800029c6 <H_real+0x4a6>
8000286e: f1 3d        	addiw	s11, s11, -4
80002870: 01 3f        	addiw	t5, t5, -32
80002872: 19 3f        	addiw	t5, t5, -26
80002874: 5a 02        	slli	tp, tp, 22
80002876: a9 3e        	addiw	t4, t4, -22
80002878: c8 c7        	sw	a0, 12(a5)
8000287a: 08 3e        	fld	fa0, 56(a2)
8000287c: 3a 96        	add	a2, a2, a4
8000287e: f3 3d eb 5f  	csrrc	s11, 1534, s6
80002882: 32 3f        	fld	ft10, 296(sp)
80002884: 9b c0 eb 3e  	<unknown>
80002888: 50 96        	<unknown>
8000288a: f3 3b e6 68  	csrrc	s7, 1678, a2
8000288e: 89 3e        	addiw	t4, t4, -30
80002890: 0e 19        	slli	s2, s2, 35
80002892: 81 3e        	addiw	t4, t4, -32
80002894: 3a 80        	c.mv	zero, a4
80002896: 06 3e        	fld	ft8, 96(sp)
80002898: f2 cc        	sw	t3, 88(sp)
8000289a: 2d 3f        	addiw	t5, t5, -21
8000289c: 5e d3        	sw	s7, 164(sp)
8000289e: e8 3e        	fld	fa0, 248(a3)
800028a0: e6 ec        	sd	s9, 88(sp)
800028a2: 78 3d        	fld	fa4, 248(a0)
800028a4: 13 22 dc 3e  	slti	tp, s8, 1005
800028a8: 6b 61 16 3f  	<unknown>
800028ac: df 21 c3 3e  	<unknown>
800028b0: 4b de 05 3f  	<unknown>
800028b4: c3 0f 1b 3f  	<unknown>
800028b8: 4e a3        	fsd	fs3, 384(sp)
800028ba: e6 3e        	fld	ft9, 120(sp)
800028bc: 31 77        	lui	a4, 1048556
800028be: 7a 3e        	fld	ft8, 440(sp)
800028c0: 4c a0        	fsd	fa1, 128(s0)
800028c2: 10 3f        	fld	fa2, 56(a4)
800028c4: 4b 0c 74 3e  	<unknown>
800028c8: 62 39        	fld	fs2, 56(sp)
800028ca: 0e 3e        	fld	ft8, 224(sp)
800028cc: 02 f5        	sd	zero, 168(sp)
800028ce: fd 3e        	addiw	t4, t4, -1
800028d0: 17 00 76 3d  	auipc	zero, 251744
800028d4: d0 11        	addi	a2, sp, 228
800028d6: 26 3f        	fld	ft10, 104(sp)
800028d8: 1f 92 eb 3b  	<unknown>
800028dc: a6 1f        	slli	t6, t6, 41
800028de: 00 3f        	fld	fs0, 56(a4)
800028e0: 03 6d 24 3f  	lwu	s10, 1010(s0)
800028e4: 0c 6a        	ld	a1, 16(a2)
800028e6: d4 3d        	fld	fa3, 184(a1)
800028e8: a7 00 51 3e  	<unknown>
800028ec: f6 99        	add	s3, s3, t4
800028ee: 08 3f        	fld	fa0, 56(a4)
800028f0: fa dc        	sw	t5, 120(sp)
800028f2: 2f 3f fe b6  	<unknown>
800028f6: b5 3e        	addiw	t4, t4, -19
800028f8: 83 8d 2f 3f  	lb	s11, 1010(t6)
800028fc: a4 4b        	lw	s1, 80(a5)
800028fe: c6 3e        	fld	ft9, 112(sp)
80002900: b1 68        	lui	a7, 12
80002902: 3c 3e        	fld	fa5, 120(a2)
80002904: d3 02 e5 3d  	<unknown>
80002908: a2 98        	add	a7, a7, s0
8000290a: ab 3e 01 1f  	<unknown>
8000290e: fa 3e        	fld	ft9, 440(sp)
80002910: e5 66        	lui	a3, 25
80002912: d9 3d        	addiw	s11, s11, -10
80002914: 66 0b        	slli	s6, s6, 25
80002916: 00 3e        	fld	fs0, 56(a2)
80002918: 8c 76        	ld	a1, 40(a3)
8000291a: 4f 3e 93 57  	<unknown>
8000291e: a5 3e        	addiw	t4, t4, -23
80002920: 72 2b        	fld	fs6, 280(sp)
80002922: b9 3e        	addiw	t4, t4, -18
80002924: 88 c2        	sw	a0, 0(a3)
80002926: 1a 3f        	fld	ft10, 416(sp)
80002928: e4 e9        	sd	s1, 208(a1)
8000292a: 5a 3d        	fld	fs10, 432(sp)
8000292c: e3 95 b9 3c  	bne	s3, a1, 0x800034f6 <H_real+0xfd6>
80002930: 06 7b        	ld	s6, 96(sp)
80002932: 78 3e        	fld	fa4, 248(a2)
80002934: c9 76        	lui	a3, 1048562
80002936: 16 3f        	fld	ft10, 352(sp)
80002938: ab f1 0d 3f  	<unknown>
8000293c: d2 e4        	sd	s4, 72(sp)
8000293e: 92 3e        	fld	ft9, 288(sp)
80002940: 51 71        	addi	sp, sp, -240
80002942: 07 3f 4f f7  	fld	ft10, -140(t5)
80002946: 12 3e        	fld	ft8, 288(sp)
80002948: 5f 9f 4f 3e  	<unknown>
8000294c: ed 0d        	addi	s11, s11, 27
8000294e: 20 3f        	fld	fs0, 120(a4)
80002950: 60 02        	addi	s0, sp, 268
80002952: 2b 3f 26 28  	<unknown>
80002956: a2 3e        	fld	ft9, 40(sp)
80002958: 87 f8 2c 3f  	<unknown>
8000295c: 99 ad        	j	0x80002fb2 <H_real+0xa92>
8000295e: 1a 3f        	fld	ft10, 416(sp)
80002960: 23 b2 2b 3f  	sd	s2, 996(s7)
80002964: c9 8b        	andi	a5, a5, 18
80002966: 03 3f b1 fd  	ld	t5, -37(sp)
8000296a: 18 3f        	fld	fa4, 56(a4)
8000296c: 48 cc        	sw	a0, 28(s0)
8000296e: bc 3e        	fld	fa5, 120(a3)
80002970: 8b ee e8 3e  	<unknown>
80002974: 73 a2 0c 3e  	csrrs	tp, pmpaddr48, s9
80002978: 85 bd        	j	0x800027e8 <H_real+0x2c8>
8000297a: 2f 3f 82 9b  	<unknown>
8000297e: fd 3e        	addiw	t4, t4, -1
80002980: ea b0        	fsd	fs10, 96(sp)
80002982: 1f 3e 59 76  	<unknown>
80002986: 05 3f        	addiw	t5, t5, -31
80002988: 55 c8        	beqz	s0, 0x80002a3c <H_real+0x51c>
8000298a: 05 3f        	addiw	t5, t5, -31
8000298c: 43 2a 22 3e  	<unknown>
80002990: f9 2c        	addiw	s9, s9, 30
80002992: 15 3f        	addiw	t5, t5, -27
80002994: c0 2b        	fld	fs0, 144(a5)
80002996: 0a 3f        	fld	ft10, 160(sp)
80002998: a6 b0        	fsd	fs1, 96(sp)
8000299a: c7 3d e1 1a  	fmsub.d	fs11, ft2, fa4, ft3, rup
8000299e: 13 3f 15 d1  	sltiu	t5, a0, -751
800029a2: 46 3d        	fld	fs10, 112(sp)
800029a4: ff 87 3b 3e  	<unknown>
800029a8: a4 10        	addi	s1, sp, 104
800029aa: af 3e 2b a2  	amomax.d.rl	t4, sp, (s6)
800029ae: 7a 3e        	fld	ft8, 440(sp)
800029b0: 13 28 73 3e  	slti	a6, t1, 999
800029b4: df ee 96 3e  	<unknown>
800029b8: 63 da fa 3e  	bge	s5, a5, 0x80002dac <H_real+0x88c>
800029bc: 5b f6 03 3f  	<unknown>
800029c0: 20 76        	ld	s0, 104(a2)
800029c2: b4 3d        	fld	fa3, 120(a1)
800029c4: 09 e9        	bnez	a0, 0x800029d6 <H_real+0x4b6>
800029c6: 05 3f        	addiw	t5, t5, -31
800029c8: 5b 36 a8 3e  	<unknown>
800029cc: 7a fb        	sd	t5, 432(sp)
800029ce: c6 3e        	fld	ft9, 112(sp)
800029d0: de aa        	fsd	fs7, 336(sp)
800029d2: 2c 3d        	fld	fa1, 120(a0)
800029d4: e5 fd        	bnez	a1, 0x800029cc <H_real+0x4ac>
800029d6: 15 3f        	addiw	t5, t5, -27
800029d8: 78 70        	ld	a4, 224(s0)
800029da: c5 3b        	addiw	s7, s7, -15
800029dc: 6c 8a        	<unknown>
800029de: 13 3e 5e ea  	sltiu	t3, t3, -347
800029e2: ae 3c        	fld	fs9, 232(sp)
800029e4: 05 71        	addi	sp, sp, -480
800029e6: 8f 3d 30 6b  	<unknown>
800029ea: a9 3e        	addiw	t4, t4, -22
800029ec: 28 0e        	addi	a0, sp, 792
800029ee: 2d 3f        	addiw	t5, t5, -21
800029f0: a3 c1 05 3e  	<unknown>
800029f4: b9 25        	addiw	a1, a1, 14
800029f6: 14 3f        	fld	fa3, 56(a4)
800029f8: b8 06        	addi	a4, sp, 840
800029fa: 2f 3f df 07  	amoadd.d.aqrl	t5, t4, (t5)
800029fe: d5 3e        	addiw	t4, t4, -11
80002a00: 90 f3        	sd	a2, 32(a5)
80002a02: 82 3e        	fld	ft9, 32(sp)
80002a04: 68 8d        	<unknown>
80002a06: 0b 3f 79 67  	<unknown>
80002a0a: bf 3e bf 0c  	<unknown>
80002a0e: 04 3f        	fld	fs1, 56(a4)
80002a10: 04 a2        	fsd	fs1, 0(a2)
80002a12: 0d 3f        	addiw	t5, t5, -29
80002a14: 2f d6 06 3f  	<unknown>
80002a18: d0 c1        	sw	a2, 4(a1)
80002a1a: 07 3f 11 79  	fld	ft10, 1937(sp)
80002a1e: ec 3e        	fld	fa1, 248(a3)
80002a20: bb 33 38 3e  	<unknown>
80002a24: 9a 7e        	ld	t4, 416(sp)
80002a26: 98 3e        	fld	fa4, 56(a3)
80002a28: dd 2f        	addiw	t6, t6, 23
80002a2a: 48 3e        	fld	fa0, 184(a2)
80002a2c: 0e 9f        	add	t5, t5, gp
80002a2e: 30 3f        	fld	fa2, 120(a4)
80002a30: ea 1d        	slli	s11, s11, 58
80002a32: 10 3f        	fld	fa2, 56(a4)
80002a34: 97 28 10 3f  	auipc	a7, 258306
80002a38: 8a 0c        	slli	s9, s9, 2
80002a3a: 24 3f        	fld	fs1, 120(a4)
80002a3c: 59 09        	addi	s2, s2, 22
80002a3e: af 3e 2d da  	<unknown>
80002a42: 62 3e        	fld	ft8, 56(sp)
80002a44: b2 3a        	fld	fs5, 296(sp)
80002a46: 13 3f b3 37  	sltiu	t5, t1, 891
80002a4a: 80 3e        	fld	fs0, 56(a3)
80002a4c: 0a 7f        	ld	t5, 160(sp)
80002a4e: 70 3e        	fld	fa2, 248(a2)
80002a50: 6e 50        	<unknown>
80002a52: 81 3e        	addiw	t4, t4, -32
80002a54: ef 45 d8 3e  	jal	a1, 0x80087640 <timer+0x7cbe0>
80002a58: 0f 39 c8 3d  	<unknown>
80002a5c: 01 78        	lui	a6, 1048544
80002a5e: 89 3e        	addiw	t4, t4, -30
80002a60: b6 4f        	lw	t6, 76(sp)
80002a62: ba 3e        	fld	ft9, 424(sp)
80002a64: 86 0b        	slli	s7, s7, 1
80002a66: 5c 3e        	fld	fa5, 184(a2)
80002a68: ab 58 89 3e  	<unknown>
80002a6c: 49 1f        	addi	t5, t5, -14
80002a6e: 2a 3f        	fld	ft10, 168(sp)
80002a70: 88 9b        	<unknown>
80002a72: 37 3d 3d 4c  	lui	s10, 312275
80002a76: 86 3e        	fld	ft9, 96(sp)
80002a78: 36 56        	lw	a2, 108(sp)
80002a7a: 6b 3e c3 50  	<unknown>
80002a7e: 1f 3f 41 8e  	<unknown>
80002a82: b9 3b        	addiw	s7, s7, -18
80002a84: 78 d8        	sw	a4, 116(s0)
80002a86: 9e 3e        	fld	ft9, 480(sp)
80002a88: fd 4f        	li	t6, 31
80002a8a: a6 3d        	fld	fs11, 104(sp)
80002a8c: 05 19        	addi	s2, s2, -31
80002a8e: d5 3d        	addiw	s11, s11, -11
80002a90: e3 da e4 3e  	bge	s1, a4, 0x80003684 <H_real+0x1164>
80002a94: 0e d7        	sw	gp, 172(sp)
80002a96: c2 3e        	fld	ft9, 48(sp)
80002a98: 18 b3        	fsd	fa4, 32(a4)
80002a9a: f9 3e        	addiw	t4, t4, -2
80002a9c: 8a 4f        	lw	t6, 128(sp)
80002a9e: c0 3e        	fld	fs0, 184(a3)
80002aa0: 2a 18        	slli	a6, a6, 42
80002aa2: 22 3f        	fld	ft10, 40(sp)
80002aa4: ee ad        	fsd	fs11, 216(sp)
80002aa6: ab 3d 22 cc  	<unknown>
80002aaa: 99 3e        	addiw	t4, t4, -26
80002aac: 13 77 18 3f  	andi	a4, a6, 1009
80002ab0: 26 55        	lw	a0, 104(sp)
80002ab2: cf 3e d1 c6  	<unknown>
80002ab6: 96 3d        	fld	fs11, 352(sp)
80002ab8: fd 7e        	lui	t4, 1048575
80002aba: 83 3e 2b 19  	ld	t4, 402(s6)
80002abe: 6c 3e        	fld	fa1, 248(a2)
80002ac0: f9 23        	addiw	t2, t2, 30
80002ac2: 1d 3f        	addiw	t5, t5, -25
80002ac4: 5f 62 0f 3f  	<unknown>
80002ac8: ed ef        	bnez	a5, 0x80002bc2 <H_real+0x6a2>
80002aca: e1 3d        	addiw	s11, s11, -8
80002acc: 47 db 17 3f  	<unknown>
80002ad0: 55 21        	addiw	sp, sp, 21
80002ad2: 9a 3e        	fld	ft9, 416(sp)
80002ad4: 9c a5        	fsd	fa5, 8(a1)
80002ad6: 00 3f        	fld	fs0, 56(a4)
80002ad8: ff 16 1f 3f  	<unknown>
80002adc: 9c d9        	sw	a5, 48(a1)
80002ade: 29 3f        	addiw	t5, t5, -22
80002ae0: bc 96        	<unknown>
80002ae2: 12 3f        	fld	ft10, 288(sp)
80002ae4: cf 06 9b 3e  	<unknown>
80002ae8: 22 82        	mv	tp, s0
80002aea: 65 3e        	addiw	t3, t3, -7
80002aec: 30 d9        	sw	a2, 112(a0)
80002aee: c2 3e        	fld	ft9, 48(sp)
80002af0: 37 a1 ed 3e  	lui	sp, 257754
80002af4: 78 97        	<unknown>
80002af6: 1d 3e        	addiw	t3, t3, -25
80002af8: d6 26        	fld	fa3, 336(sp)
80002afa: 2f 3f 2a 5e  	<unknown>
80002afe: e5 3e        	addiw	t4, t4, -7
80002b00: 3a 01        	slli	sp, sp, 14
80002b02: 8f 3b 65 4d  	<unknown>
80002b06: 16 3f        	fld	ft10, 352(sp)
80002b08: 04 e8        	sd	s1, 16(s0)
80002b0a: 18 3f        	fld	fa4, 56(a4)
80002b0c: ed fb        	bnez	a5, 0x80002afe <H_real+0x5de>
80002b0e: 28 3e        	fld	fa0, 120(a2)
80002b10: 25 70        	c.lui	zero, -23
80002b12: aa 3e        	fld	ft9, 168(sp)
80002b14: f2 b7        	fsd	ft8, 488(sp)
80002b16: 33 3e 3b 52  	<unknown>
80002b1a: 1b 3e dd ae  	<unknown>
80002b1e: fc 3e        	fld	fa5, 248(a3)
80002b20: c3 b2 41 3d  	<unknown>
80002b24: 73 45 48 3e  	<unknown>
80002b28: 1d f4        	bnez	s0, 0x80002a56 <H_real+0x536>
80002b2a: 4c 3e        	fld	fa1, 184(a2)
80002b2c: 64 64        	ld	s1, 200(s0)
80002b2e: 54 3e        	fld	fa3, 184(a2)
80002b30: c1 f3        	bnez	a5, 0x80002ab0 <H_real+0x590>
80002b32: 3b 3d 63 ce  	<unknown>
80002b36: 72 3e        	fld	ft8, 312(sp)
80002b38: 3a c2        	sw	a4, 4(sp)
80002b3a: fe 3e        	fld	ft9, 504(sp)
80002b3c: e3 cd 28 3f  	blt	a7, s2, 0x80003736 <H_real+0x1216>
80002b40: b6 d9        	sw	a3, 240(sp)
80002b42: 0b 3f 7c ca  	<unknown>
80002b46: 8b 3e 1d bc  	<unknown>
80002b4a: 98 3e        	fld	fa4, 56(a3)
80002b4c: 75 45        	li	a0, 29
80002b4e: 02 3f        	fld	ft10, 32(sp)
80002b50: 56 4e        	lw	t3, 84(sp)
80002b52: fd 3e        	addiw	t4, t4, -1
80002b54: 22 7b        	ld	s6, 40(sp)
80002b56: 0e 3f        	fld	ft10, 224(sp)
80002b58: d9 91        	srli	a1, a1, 54
80002b5a: fc 3e        	fld	fa5, 248(a3)
80002b5c: 1d 5a        	li	s4, -25
80002b5e: 8d 3e        	addiw	t4, t4, -29
80002b60: 94 21        	fld	fa3, 0(a1)
80002b62: 29 3f        	addiw	t5, t5, -22
80002b64: d0 d5        	sw	a2, 44(a1)
80002b66: fd 3d        	addiw	s11, s11, -1
80002b68: 10 d5        	sw	a2, 40(a0)
80002b6a: 0a 3f        	fld	ft10, 160(sp)
80002b6c: 95 9c        	subw	s1, s1, a3
80002b6e: 01 3f        	addiw	t5, t5, -32
80002b70: 10 8e        	<unknown>
80002b72: c7 3e 4b f4  	<unknown>
80002b76: 01 3f        	addiw	t5, t5, -32
80002b78: f4 a0        	fsd	fa3, 192(s1)
80002b7a: 58 3e        	fld	fa4, 184(a2)
80002b7c: e7 2e 24 3f  	<unknown>
80002b80: f0 d8        	sw	a2, 116(s1)
80002b82: 68 3e        	fld	fa0, 248(a2)
80002b84: 1a 4d        	lw	s10, 132(sp)
80002b86: 14 3f        	fld	fa3, 56(a4)
80002b88: fc 27        	fld	fa5, 200(a5)
80002b8a: 55 3e        	addiw	t3, t3, -11
80002b8c: ac 84        	<unknown>
80002b8e: 66 3e        	fld	ft8, 120(sp)
80002b90: 5a 34        	fld	fs0, 432(sp)
80002b92: bf 3e 3d e2  	<unknown>
80002b96: 9a 3d        	fld	fs11, 416(sp)
80002b98: bc 97        	<unknown>
80002b9a: 12 3f        	fld	ft10, 288(sp)
80002b9c: 3e a2        	fsd	fa5, 256(sp)
80002b9e: d2 3e        	fld	ft9, 304(sp)
80002ba0: 3e 84        	mv	s0, a5
80002ba2: c7 3e ae a9  	fmsub.s	ft9, ft8, fs10, fs5, rup
80002ba6: dd 3e        	addiw	t4, t4, -9
80002ba8: bb ea 78 3e  	<unknown>
80002bac: 40 15        	addi	s0, sp, 676
80002bae: e0 3e        	fld	fs0, 248(a3)
80002bb0: 6b 80 dc 3d  	<unknown>
80002bb4: 8f d3 96 3e  	<unknown>
80002bb8: d5 3c        	addiw	s9, s9, -11
80002bba: cf 3e 59 eb  	fnmadd.d	ft9, fs2, fs5, ft9, rup
80002bbe: c8 3e        	fld	fa0, 184(a3)
80002bc0: d5 c1        	beqz	a1, 0x80002c64 <H_real+0x744>
80002bc2: ea 3d        	fld	fs11, 184(sp)
80002bc4: 72 9d        	add	s10, s10, t3
80002bc6: 98 3e        	fld	fa4, 56(a3)
80002bc8: e6 4a        	lw	s5, 88(sp)
80002bca: f3 3e 17 91  	csrrc	t4, 2321, a4
80002bce: 76 3e        	fld	ft8, 376(sp)
80002bd0: 7f 2b 61 3e  	<unknown>
80002bd4: 3f 9c 27 3f  	<unknown>
80002bd8: 54 62        	ld	a3, 128(a2)
80002bda: 0b 3f 5a 12  	<unknown>
80002bde: d3 3e 95 61  	<unknown>
80002be2: aa 3e        	fld	ft9, 168(sp)
80002be4: 6c 9c        	<unknown>
80002be6: 59 3d        	addiw	s10, s10, -10
80002be8: d7 b7 df 3e  	vslidedown.vi	v15, v13, 31
80002bec: 34 52        	lw	a3, 96(a2)
80002bee: f1 3e        	addiw	t4, t4, -4
80002bf0: ae 8f        	mv	t6, a1
80002bf2: 16 3f        	fld	ft10, 352(sp)
80002bf4: 21 34        	addiw	s0, s0, -24
80002bf6: c2 3e        	fld	ft9, 48(sp)
80002bf8: 01 68        	lui	a6, 0
80002bfa: 15 3e        	addiw	t3, t3, -27
80002bfc: 3d 82        	srli	a2, a2, 15
80002bfe: 8a 3e        	fld	ft9, 160(sp)
80002c00: 02 f5        	sd	zero, 168(sp)
80002c02: ea 3e        	fld	ft9, 184(sp)
80002c04: 33 bc db 3e  	<unknown>
80002c08: 1e 8e        	mv	t3, t2
80002c0a: 29 3f        	addiw	t5, t5, -22
80002c0c: cc 27        	fld	fa1, 136(a5)
80002c0e: 15 3f        	addiw	t5, t5, -27
80002c10: 80 cd        	sw	s0, 24(a1)
80002c12: eb 3e 9d 06  	<unknown>
80002c16: 9a 3e        	fld	ft9, 416(sp)
80002c18: 81 a4        	j	0x80002e58 <H_real+0x938>
80002c1a: 95 3e        	addiw	t4, t4, -27
80002c1c: 2f 71 15 3f  	<unknown>
80002c20: b1 87        	srai	a5, a5, 12
80002c22: 84 3e        	fld	fs1, 56(a3)
80002c24: 8d 13        	addi	t2, t2, -29
80002c26: 1b 3f cb e1  	<unknown>
80002c2a: 2c 3c        	fld	fa1, 120(s0)
80002c2c: 8c 2c        	fld	fa1, 24(s1)
80002c2e: 03 3f ba 1a  	ld	t5, 427(s4)
80002c32: 2a 3f        	fld	ft10, 168(sp)
80002c34: 4c 8c        	<unknown>
80002c36: ac 3d        	fld	fa1, 120(a1)
80002c38: f0 cd        	sw	a2, 92(a1)
80002c3a: c3 3e 9c b1  	fmadd.s	ft9, fs8, fs9, fs6, rup
80002c3e: 24 3e        	fld	fs1, 120(a2)
80002c40: cf ad f7 3e  	<unknown>
80002c44: b2 ca        	sw	a2, 84(sp)
80002c46: 5c 3e        	fld	fa5, 184(a2)
80002c48: 0c a5        	fsd	fa1, 8(a0)
80002c4a: 81 3e        	addiw	t4, t4, -32
80002c4c: 9c 32        	fld	fa5, 32(a3)
80002c4e: c3 3e 91 48  	fmadd.s	ft9, ft2, fs1, fs1, rup
80002c52: 7a 3d        	fld	fs10, 440(sp)
80002c54: c3 f7 08 3d  	<unknown>
80002c58: 5b 03 90 3e  	<unknown>
80002c5c: 2c dd        	sw	a1, 120(a0)
80002c5e: 35 3e        	addiw	t3, t3, -19
80002c60: 08 eb        	sd	a0, 16(a4)
80002c62: e0 3e        	fld	fs0, 248(a3)
80002c64: 4f 4e 82 3e  	<unknown>
80002c68: 49 a0        	j	0x80002cea <H_real+0x7ca>
80002c6a: d3 3d 95 95  	<unknown>
80002c6e: 2a 3f        	fld	ft10, 168(sp)
80002c70: 3f f9 81 3e  	<unknown>
80002c74: 53 72 75 3e  	<unknown>
80002c78: 9f 40 c7 3e  	<unknown>
80002c7c: df 67 9c 3d  	<unknown>
80002c80: 22 86        	mv	a2, s0
80002c82: ff 3e ad 7d  	<unknown>
80002c86: 4b 3e 54 41  	fnmsub.s	ft8, fs0, fs5, fs0, rup
80002c8a: 82 3e        	fld	ft9, 32(sp)
80002c8c: ee 96        	add	a3, a3, s11
80002c8e: 51 3e        	addiw	t3, t3, -12
80002c90: fc 95        	<unknown>
80002c92: 1b 3f 50 9b  	<unknown>
80002c96: 33 3f 1c 12  	<unknown>
80002c9a: 7e 3d        	fld	fs10, 504(sp)
80002c9c: 51 1c        	addi	s8, s8, -12
80002c9e: 07 3e 7e d1  	fld	ft8, -745(t3)
80002ca2: 0f 3e ed 4d  	<unknown>
80002ca6: 23 3f cd 71  	sd	t3, 1822(s10)
80002caa: 14 3f        	fld	fa3, 56(a4)
80002cac: 95 da        	beqz	a3, 0x80002be0 <H_real+0x6c0>
80002cae: b8 3e        	fld	fa4, 120(a3)
80002cb0: 47 16 72 3e  	<unknown>
80002cb4: a0 af        	fsd	fs0, 88(a5)
80002cb6: bf 3e fd 76  	<unknown>
80002cba: 78 3d        	fld	fa4, 248(a0)
80002cbc: 32 ec        	sd	a2, 24(sp)
80002cbe: c9 3e        	addiw	t4, t4, -14
80002cc0: 46 08        	slli	a6, a6, 17
80002cc2: 2c 3f        	fld	fa1, 120(a4)
80002cc4: c4 04        	addi	s1, sp, 580
80002cc6: 56 3e        	fld	ft8, 368(sp)
80002cc8: d1 15        	addi	a1, a1, -12
80002cca: 32 3f        	fld	ft10, 296(sp)
80002ccc: a6 e7        	sd	s1, 456(sp)
80002cce: ff 3e 67 e8  	<unknown>
80002cd2: 84 3e        	fld	fs1, 56(a3)
80002cd4: b7 ec 17 3f  	lui	s9, 258430
80002cd8: fb 14 34 3f  	<unknown>
80002cdc: a9 cb        	beqz	a5, 0x80002d2e <H_real+0x80e>
80002cde: 2c 3f        	fld	fa1, 120(a4)
80002ce0: 11 99        	andi	a0, a0, -28
80002ce2: 5c 3e        	fld	fa5, 184(a2)
80002ce4: 42 55        	lw	a0, 48(sp)
80002ce6: 18 3f        	fld	fa4, 56(a4)
80002ce8: 02 dc        	sw	zero, 56(sp)
80002cea: 1f 3e 24 0c  	<unknown>
80002cee: 82 3e        	fld	ft9, 32(sp)
80002cf0: b4 92        	<unknown>
80002cf2: 6b 3e ab 2a  	<unknown>
80002cf6: 07 3f bc 4f  	fld	ft10, 1275(s8)
80002cfa: 89 3e        	addiw	t4, t4, -30
80002cfc: 88 33        	fld	fa0, 32(a5)
80002cfe: 2e 3e        	fld	ft8, 232(sp)
80002d00: ff be 54 3d  	<unknown>
80002d04: ef 8d 22 3f  	jal	s11, 0x8002b0f6 <timer+0x20696>
80002d08: fd 54        	li	s1, -1
80002d0a: 0a 3f        	fld	ft10, 160(sp)
80002d0c: 38 74        	ld	a4, 104(s0)
80002d0e: 28 3e        	fld	fa0, 120(a2)
80002d10: c6 1c        	slli	s9, s9, 49
80002d12: d3 3e 22 05  	<unknown>
80002d16: 94 3e        	fld	fa3, 56(a3)
80002d18: cf 33 b7 3e  	<unknown>
80002d1c: 6d d3        	beqz	a4, 0x80002cfe <H_real+0x7de>
80002d1e: cc 3e        	fld	fa1, 184(a3)
80002d20: ae c2        	sw	a1, 68(sp)
80002d22: 11 3d        	addiw	s10, s10, -28
80002d24: a9 f2        	bnez	a3, 0x80002c66 <H_real+0x746>
80002d26: 31 3f        	addiw	t5, t5, -20
80002d28: 72 d8        	sw	t3, 48(sp)
80002d2a: 03 3e a3 59  	ld	t3, 1434(t1)
80002d2e: 97 3e 58 06  	auipc	t4, 25987
80002d32: 0c 3f        	fld	fa1, 56(a4)
80002d34: 5a 9a        	add	s4, s4, s6
80002d36: 79 3e        	addiw	t3, t3, -2
80002d38: c4 fa        	sd	s1, 176(a3)
80002d3a: c9 3d        	addiw	s11, s11, -14
80002d3c: cf a9 1d 3f  	<unknown>
80002d40: 14 99        	<unknown>
80002d42: f4 3e        	fld	fa3, 248(a3)
80002d44: 9a 2f        	fld	ft11, 384(sp)
80002d46: 34 3f        	fld	fa3, 120(a4)
80002d48: 8e fe        	sd	gp, 376(sp)
80002d4a: ae 3e        	fld	ft9, 232(sp)
80002d4c: fc cc        	sw	a5, 92(s1)
80002d4e: 13 3f cb e9  	sltiu	t5, s6, -356
80002d52: a3 3e 61 5e  	sd	t1, 1533(sp)
80002d56: 78 3e        	fld	fa4, 248(a2)
80002d58: 4e b5        	fsd	fs3, 168(sp)
80002d5a: 55 3e        	addiw	t3, t3, -11
80002d5c: 49 ea        	bnez	a2, 0x80002dee <H_real+0x8ce>
80002d5e: ce 3e        	fld	ft9, 240(sp)
80002d60: 17 94 11 3e  	auipc	s0, 254233
80002d64: 21 53        	li	t1, -24
80002d66: 27 3f d0 fd  	fsd	ft9, -34(zero)
80002d6a: c8 3c        	fld	fa0, 184(s1)
80002d6c: 06 ff        	sd	ra, 440(sp)
80002d6e: dc 3e        	fld	fa5, 184(a3)
80002d70: 23 2b 04 3f  	sw	a6, 1014(s0)
80002d74: 02 88        	jr	a6
80002d76: 34 3f        	fld	fa3, 120(a4)
80002d78: 21 42        	li	tp, 8
80002d7a: 33 3f d0 6b  	<unknown>
80002d7e: be 3e        	fld	ft9, 488(sp)
80002d80: 0c 61        	ld	a1, 0(a0)
80002d82: a4 3e        	fld	fs1, 120(a3)
80002d84: dc b6        	fsd	fa5, 168(a3)
80002d86: 01 3f        	addiw	t5, t5, -32
80002d88: 35 1a        	addi	s4, s4, -19
80002d8a: ff 3e 3b 51  	<unknown>
80002d8e: 1b 3f 81 86  	<unknown>
80002d92: 8a 3e        	fld	ft9, 160(sp)
80002d94: c8 c1        	sw	a0, 4(a1)
80002d96: 2d 3e        	addiw	t3, t3, -21
80002d98: cc f9        	sd	a1, 176(a1)
80002d9a: 26 3d        	fld	fs10, 104(sp)
80002d9c: 54 2d        	fld	fa3, 152(a0)
80002d9e: a1 3e        	addiw	t4, t4, -24
80002da0: dd 8e        	or	a3, a3, a5
80002da2: 31 3f        	addiw	t5, t5, -20
80002da4: 8a df        	sw	sp, 252(sp)
80002da6: b1 3e        	addiw	t4, t4, -20
80002da8: 90 10        	addi	a2, sp, 96
80002daa: b8 3e        	fld	fa4, 120(a3)
80002dac: d1 8f        	or	a5, a5, a2
80002dae: 1c 3e        	fld	fa5, 56(a2)
80002db0: 28 bc        	fsd	fa0, 120(s0)
80002db2: ee 3d        	fld	fs11, 248(sp)
80002db4: 27 5c ec 3e  	<unknown>
80002db8: 53 91 00 3f  	<unknown>
80002dbc: 53 b1 e9 3e  	<unknown>
80002dc0: 02 4b        	lw	s6, 0(sp)
80002dc2: be 3e        	fld	ft9, 488(sp)
80002dc4: 7e 0f        	slli	t5, t5, 31
80002dc6: 25 3f        	addiw	t5, t5, -23
80002dc8: 3e 62        	ld	tp, 456(sp)
80002dca: 8f 3e 03 3e  	<unknown>
80002dce: 34 3e        	fld	fa3, 120(a2)
80002dd0: 0e db        	sw	gp, 180(sp)
80002dd2: 1f 3f 8c f4  	<unknown>
80002dd6: df 3e d1 ca  	<unknown>
80002dda: da 3e        	fld	ft9, 432(sp)
80002ddc: ff 87 15 3f  	<unknown>
80002de0: ca 16        	slli	a3, a3, 50
80002de2: 12 3f        	fld	ft10, 288(sp)
80002de4: e7 1a 8b 3e  	<unknown>
80002de8: 6a a5        	fsd	fs10, 136(sp)
80002dea: 77 3e f4 eb  	<unknown>
80002dee: f3 3e 93 3f  	csrrc	t4, 1017, t1
80002df2: 61 3e        	addiw	t3, t3, -8
80002df4: cf f9 cb 3e  	<unknown>
80002df8: 5f fb 05 3d  	<unknown>
80002dfc: 40 5c        	lw	s0, 60(s0)
80002dfe: 15 3f        	addiw	t5, t5, -27
80002e00: 52 ce        	sw	s4, 28(sp)
80002e02: 2c 3f        	fld	fa1, 120(a4)
80002e04: fb a3 e7 3d  	<unknown>
80002e08: a6 11        	slli	gp, gp, 41
80002e0a: 21 3f        	addiw	t5, t5, -24
80002e0c: 23 a8 f6 3e  	sw	a5, 1008(a3)
80002e10: e7 1f 1c 3f  	<unknown>
80002e14: 6d f5        	bnez	a0, 0x80002dfe <H_real+0x8de>
80002e16: 1e 3f        	fld	ft10, 480(sp)
80002e18: 8e ae        	fsd	ft3, 344(sp)
80002e1a: 52 3e        	fld	ft8, 304(sp)
80002e1c: 5b 4b 03 3f  	<unknown>
80002e20: 74 d4        	sw	a3, 108(s0)
80002e22: da 3e        	fld	ft9, 432(sp)
80002e24: 9a 2b        	fld	fs7, 384(sp)
80002e26: e2 3e        	fld	ft9, 56(sp)
80002e28: fb 5a 56 3e  	<unknown>
80002e2c: 82 aa        	fsd	ft0, 336(sp)
80002e2e: c8 3e        	fld	fa0, 184(a3)
80002e30: c6 ef        	sd	a7, 472(sp)
80002e32: 27 3e 94 ef  	fsd	fs9, -260(s0)
80002e36: df 3e 9f 16  	<unknown>
80002e3a: 0c 3d        	fld	fa1, 56(a0)
80002e3c: ea 29        	fld	fs3, 152(sp)
80002e3e: f6 3e        	fld	ft9, 376(sp)
80002e40: 37 1b df 3e  	lui	s6, 257521
80002e44: 4d 14        	addi	s0, s0, -13
80002e46: 9f 3e a7 c7  	<unknown>
80002e4a: 5c 3d        	fld	fa5, 184(a0)
80002e4c: 54 37        	fld	fa3, 168(a4)
80002e4e: c1 3e        	addiw	t4, t4, -16
80002e50: 56 f7        	sd	s5, 424(sp)
80002e52: 01 3f        	addiw	t5, t5, -32
80002e54: 51 68        	lui	a6, 20
80002e56: 93 3e c5 6d  	sltiu	t4, a0, 1756
80002e5a: d3 3e 57 21  	<unknown>
80002e5e: 8b 3e f4 86  	<unknown>
80002e62: c5 3e        	addiw	t4, t4, -15
80002e64: 2a 75        	ld	a0, 168(sp)
80002e66: 2a 3f        	fld	ft10, 168(sp)
80002e68: 81 24        	sext.w	s1, s1
80002e6a: 18 3f        	fld	fa4, 56(a4)
80002e6c: 4a df        	sw	s2, 188(sp)
80002e6e: c8 3e        	fld	fa0, 184(a3)
80002e70: ea 07        	slli	a5, a5, 26
80002e72: df 3e ec 7b  	<unknown>
80002e76: 97 3e da 1f  	auipc	t4, 130467
80002e7a: 8a 3e        	fld	ft9, 160(sp)
80002e7c: 1c a1        	fsd	fa5, 0(a0)
80002e7e: d3 3e b2 ea  	<unknown>
80002e82: cc 3e        	fld	fa1, 184(a3)
80002e84: 37 0e 0c 3f  	lui	t3, 258240
80002e88: 87 0e 12 3f  	<unknown>
80002e8c: 6c d5        	sw	a1, 108(a0)
80002e8e: c4 3e        	fld	fs1, 184(a3)
80002e90: 4c 80        	<unknown>
80002e92: e2 3e        	fld	ft9, 56(sp)
80002e94: b5 f5        	bnez	a1, 0x80002e00 <H_real+0x8e0>
80002e96: fc 3e        	fld	fa5, 248(a3)
80002e98: 74 2d        	fld	fa3, 216(a0)
80002e9a: c7 3e 60 e2  	fmsub.d	ft9, ft0, ft6, ft8, rup
80002e9e: 86 3e        	fld	ft9, 96(sp)
80002ea0: d6 80        	mv	ra, s5
80002ea2: c2 3d        	fld	fs11, 48(sp)
80002ea4: 5e ec        	sd	s7, 24(sp)
80002ea6: 0b 3f 52 a5  	<unknown>
80002eaa: ff 3c 6c b9  	<unknown>
80002eae: 03 3f 6c 8f  	ld	t5, -1802(s8)
80002eb2: 95 3e        	addiw	t4, t4, -27
80002eb4: 52 c7        	sw	s4, 140(sp)
80002eb6: 21 3f        	addiw	t5, t5, -24
80002eb8: a3 ee 09 3e  	<unknown>
80002ebc: cb d5 b9 3e  	<unknown>
80002ec0: 42 e3        	sd	a6, 384(sp)
80002ec2: 86 3d        	fld	fs11, 96(sp)
80002ec4: d0 25        	fld	fa2, 136(a1)
80002ec6: 19 3f        	addiw	t5, t5, -26
80002ec8: 11 bb        	j	0x80002bdc <H_real+0x6bc>
80002eca: 05 3f        	addiw	t5, t5, -31
80002ecc: 1f 40 ed 3e  	<unknown>
80002ed0: 55 0c        	addi	s8, s8, 21
80002ed2: 1b 3f 51 c4  	<unknown>
80002ed6: e9 3e        	addiw	t4, t4, -6
80002ed8: 78 0f        	addi	a4, sp, 924
80002eda: 24 3e        	fld	fs1, 120(a2)
80002edc: 7f b8 30 3f  	<unknown>
80002ee0: ad 59        	li	s3, -21
80002ee2: 17 3f 64 6f  	auipc	t5, 456259
80002ee6: cd 3e        	addiw	t4, t4, -13
80002ee8: aa 60        	ld	ra, 136(sp)
80002eea: be 3e        	fld	ft9, 488(sp)
80002eec: 7d 79        	lui	s2, 1048575
80002eee: c7 3e e8 02  	fmsub.d	ft9, fa6, fa4, ft0, rup
80002ef2: 07 3e 12 f3  	fld	ft8, -207(tp)
80002ef6: f8 3e        	fld	fa4, 248(a3)
80002ef8: a2 c6        	sw	s0, 76(sp)
80002efa: 1f 3f 5d 4d  	<unknown>
80002efe: cd 3e        	addiw	t4, t4, -13
80002f00: e1 4a        	li	s5, 24
80002f02: f0 3e        	fld	fa2, 248(a3)
80002f04: 98 02        	addi	a4, sp, 320
80002f06: e0 3e        	fld	fs0, 248(a3)
80002f08: 2a a3        	fsd	fa0, 384(sp)
80002f0a: 30 3f        	fld	fa2, 120(a4)
80002f0c: 3d 43        	li	t1, 15
80002f0e: aa 3e        	fld	ft9, 168(sp)
80002f10: ff ca 31 3e  	<unknown>
80002f14: ac f1        	sd	a1, 96(a1)
80002f16: 29 3f        	addiw	t5, t5, -22
80002f18: 05 7c        	lui	s8, 1048545
80002f1a: ff 3e e6 d4  	<unknown>
80002f1e: 0d 3f        	addiw	t5, t5, -29
80002f20: d8 57        	lw	a4, 44(a5)
80002f22: 08 3e        	fld	fa0, 56(a2)
80002f24: 46 b2        	fsd	fa7, 288(sp)
80002f26: 18 3e        	fld	fa4, 56(a2)
80002f28: b0 83        	<unknown>
80002f2a: ca 3e        	fld	ft9, 176(sp)
80002f2c: 04 88        	<unknown>
80002f2e: 97 3d 30 12  	auipc	s11, 74499
80002f32: de 3d        	fld	fs11, 496(sp)
80002f34: da e9        	sd	s6, 208(sp)
80002f36: 84 3e        	fld	fs1, 56(a3)
80002f38: 5d 82        	srli	a2, a2, 23
80002f3a: e1 3d        	addiw	s11, s11, -8
80002f3c: 36 40        	<unknown>
80002f3e: 80 3e        	fld	fs0, 56(a3)
80002f40: 24 5e        	lw	s1, 120(a2)
80002f42: 88 3d        	fld	fa0, 56(a1)
80002f44: 59 b4        	j	0x800029ca <H_real+0x4aa>
80002f46: 8a 3e        	fld	ft9, 160(sp)
80002f48: 06 3a        	fld	fs4, 96(sp)
80002f4a: 77 3e 23 98  	<unknown>
80002f4e: 25 3f        	addiw	t5, t5, -23
80002f50: eb ac 2f 3f  	<unknown>
80002f54: 00 59        	lw	s0, 48(a0)
80002f56: 9a 3e        	fld	ft9, 416(sp)
80002f58: 87 39 c4 3e  	fld	fs3, 1004(s0)
80002f5c: b8 84        	<unknown>
80002f5e: 4b 3e be cf  	<unknown>
80002f62: d0 3d        	fld	fa2, 184(a1)
80002f64: ab c9 b1 3e  	<unknown>
80002f68: 6e 8c        	mv	s8, s11
80002f6a: a5 3e        	addiw	t4, t4, -23
80002f6c: 21 3c        	addiw	s8, s8, -24
80002f6e: 1e 3e        	fld	ft8, 480(sp)
80002f70: e9 5a        	li	s5, -6
80002f72: 08 3f        	fld	fa0, 56(a4)
80002f74: 7c 57        	lw	a5, 108(a4)
80002f76: b9 3e        	addiw	t4, t4, -18
80002f78: 0e aa        	fsd	ft3, 272(sp)
80002f7a: 9b 3e 57 51  	<unknown>
80002f7e: 10 3f        	fld	fa2, 56(a4)
80002f80: d7 96 a1 3e  	<unknown>
80002f84: b6 21        	fld	ft3, 328(sp)
80002f86: 83 3d dd 11  	ld	s11, 285(s10)
80002f8a: 93 3e 04 89  	sltiu	t4, s0, -1904
80002f8e: 00 3f        	fld	fs0, 56(a4)
80002f90: 70 63        	ld	a2, 192(a4)
80002f92: 00 3e        	fld	fs0, 56(a2)
80002f94: 01 49        	li	s2, 0
80002f96: 33 3e 7c f0  	<unknown>
80002f9a: 00 3f        	fld	fs0, 56(a4)
80002f9c: 16 54        	lw	s0, 100(sp)
80002f9e: c3 3e 48 ee  	<unknown>
80002fa2: 93 3e ba da  	sltiu	t4, s4, -597
80002fa6: 61 3e        	addiw	t3, t3, -8
80002fa8: 61 ac        	j	0x80003240 <H_real+0xd20>
80002faa: cf 3e a0 be  	<unknown>
80002fae: 39 3e        	addiw	t3, t3, -18
80002fb0: 7a 2e        	fld	ft8, 408(sp)
80002fb2: 1d 3f        	addiw	t5, t5, -25
80002fb4: da a0        	fsd	fs6, 64(sp)
80002fb6: 19 3f        	addiw	t5, t5, -26
80002fb8: fa 4a        	lw	s5, 156(sp)
80002fba: 85 3e        	addiw	t4, t4, -31
80002fbc: 09 87        	srai	a4, a4, 2
80002fbe: b4 3e        	fld	fa3, 120(a3)
80002fc0: 07 83 f9 3e  	<unknown>
80002fc4: 01 60        	c.lui	zero, 0
80002fc6: 24 3f        	fld	fs1, 120(a4)
80002fc8: 07 7d 09 3f  	<unknown>
80002fcc: 7c fd        	sd	a5, 248(a0)
80002fce: 56 3e        	fld	ft8, 368(sp)
80002fd0: f7 e4 c7 3e  	<unknown>
80002fd4: 6f ef 60 3e  	jal	t5, 0x800113ba <timer+0x695a>
80002fd8: cb bc 31 3f  	<unknown>
80002fdc: 6b 3a a3 3e  	<unknown>
80002fe0: 63 ad 5e 3e  	<unknown>
80002fe4: f5 b2        	j	0x800029d0 <H_real+0x4b0>
80002fe6: d6 3e        	fld	ft9, 368(sp)
80002fe8: 8f b3 9b 3e  	<unknown>
80002fec: 39 b4        	j	0x800029fa <H_real+0x4da>
80002fee: b0 3d        	fld	fa2, 120(a1)
80002ff0: 3f b7 14 3f  	<unknown>
80002ff4: 33 14 bc 3e  	<unknown>
80002ff8: a8 ad        	fsd	fa0, 88(a1)
80002ffa: b3 3e 6c f3  	<unknown>
80002ffe: 88 3d        	fld	fa0, 56(a1)
80003000: 62 d1        	sw	s8, 160(sp)
80003002: 72 3e        	fld	ft8, 312(sp)
80003004: 04 1e        	addi	s1, sp, 816
80003006: 8d 3e        	addiw	t4, t4, -29
80003008: ca b5        	fsd	fs2, 232(sp)
8000300a: 96 3e        	fld	ft9, 352(sp)
8000300c: 7a 83        	mv	t1, t5
8000300e: 0e 3e        	fld	ft8, 224(sp)
80003010: 18 e5        	sd	a4, 8(a0)
80003012: f1 3e        	addiw	t4, t4, -4
80003014: 8d c3        	beqz	a5, 0x80003036 <H_real+0xb16>
80003016: bb 3e 71 93  	<unknown>
8000301a: 1b 3e 88 b6  	<unknown>
8000301e: a2 3d        	fld	fs11, 40(sp)
80003020: 0e c6        	sw	gp, 12(sp)
80003022: 08 3f        	fld	fa0, 56(a4)
80003024: 7a 5d        	lw	s10, 188(sp)
80003026: 27 3e 77 9d  	fsd	fs7, -1572(a4)
8000302a: c9 3e        	addiw	t4, t4, -14
8000302c: 57 52 d2 3d  	vfslide1down.vf	v4, v29, ft4, v0.t
80003030: 9f 3b 0d 3f  	<unknown>
80003034: a8 24        	fld	fa0, 72(s1)
80003036: ca 3e        	fld	ft9, 176(sp)
80003038: d6 d3        	sw	s5, 228(sp)
8000303a: 0f 3f 50 6e  	<unknown>
8000303e: 74 3e        	fld	fa3, 248(a2)
80003040: 3d d7        	beqz	a4, 0x80002fae <H_real+0xa8e>
80003042: fc 3e        	fld	fa5, 248(a3)
80003044: 4c b7        	fsd	fa1, 168(a4)
80003046: 30 3f        	fld	fa2, 120(a4)
80003048: e5 09        	addi	s3, s3, 25
8000304a: 11 3f        	addiw	t5, t5, -28
8000304c: eb b8 c7 3e  	<unknown>
80003050: 21 5e        	li	t3, -24
80003052: c5 3e        	addiw	t4, t4, -15
80003054: 1f 29 a3 3e  	<unknown>
80003058: a1 7d        	lui	s11, 1048552
8000305a: fb 3d cb 80  	<unknown>
8000305e: b8 3d        	fld	fa4, 120(a1)
80003060: 8b ac 8a 3e  	<unknown>
80003064: 04 38        	fld	fs1, 48(s0)
80003066: 30 3f        	fld	fa2, 120(a4)
80003068: 36 82        	mv	tp, a3
8000306a: 0c 3f        	fld	fa1, 56(a4)
8000306c: 29 76        	lui	a2, 1048554
8000306e: 88 3e        	fld	fa0, 56(a3)
80003070: dc e8        	sd	a5, 144(s1)
80003072: 26 3f        	fld	ft10, 104(sp)
80003074: 84 e8        	sd	s1, 16(s1)
80003076: e4 3e        	fld	fs1, 248(a3)
80003078: c6 1c        	slli	s9, s9, 49
8000307a: 19 3f        	addiw	t5, t5, -26
8000307c: 14 6e        	ld	a3, 24(a2)
8000307e: 16 3e        	fld	ft8, 352(sp)
80003080: e5 14        	addi	s1, s1, -7
80003082: 00 3e        	fld	fs0, 56(a2)
80003084: 53 b5 7d 3e  	<unknown>
80003088: 93 6b 5d 3d  	ori	s7, s10, 981
8000308c: a8 66        	ld	a0, 72(a3)
8000308e: eb 3e 15 b1  	<unknown>
80003092: 22 3f        	fld	ft10, 40(sp)
80003094: ac 32        	fld	fa1, 96(a3)
80003096: ac 3e        	fld	fa1, 120(a3)
80003098: e7 23 0c 3f  	<unknown>
8000309c: f8 3c        	fld	fa4, 248(s1)
8000309e: 79 3d        	addiw	s10, s10, -2
800030a0: a2 74        	ld	s1, 40(sp)
800030a2: 14 3f        	fld	fa3, 56(a4)
800030a4: 1b 46 91 3e  	<unknown>
800030a8: 04 6b        	ld	s1, 16(a4)
800030aa: 34 3f        	fld	fa3, 120(a4)
800030ac: be 9d        	add	s11, s11, a5
800030ae: 3a 3e        	fld	ft8, 424(sp)
800030b0: d7 1a 45 3e  	<unknown>
800030b4: 3d 76        	lui	a2, 1048559
800030b6: 2e 3f        	fld	ft10, 232(sp)
800030b8: 65 37        	addiw	a4, a4, -7
800030ba: c8 3d        	fld	fa0, 184(a1)
800030bc: 5a fa        	sd	s6, 304(sp)
800030be: 93 3e 86 3a  	sltiu	t4, a2, 936
800030c2: c9 3e        	addiw	t4, t4, -14
800030c4: cb a9 5b 3e  	<unknown>
800030c8: 8a 89        	mv	s3, sp
800030ca: b2 3e        	fld	ft9, 296(sp)
800030cc: 0c 53        	lw	a1, 32(a4)
800030ce: d1 3e        	addiw	t4, t4, -12
800030d0: de 99        	add	s3, s3, s7
800030d2: d9 3e        	addiw	t4, t4, -10
800030d4: 79 fb        	bnez	a4, 0x800030aa <H_real+0xb8a>
800030d6: 32 3e        	fld	ft8, 296(sp)
800030d8: a0 60        	ld	s0, 64(s1)
800030da: aa 3d        	fld	fs11, 168(sp)
800030dc: 59 0f        	addi	t5, t5, 22
800030de: 24 3e        	fld	fs1, 120(a2)
800030e0: 8e 7e        	ld	t4, 224(sp)
800030e2: ac 3c        	fld	fa1, 120(s1)
800030e4: 3d bf        	j	0x80003022 <H_real+0xb02>
800030e6: 34 3f        	fld	fa3, 120(a4)
800030e8: 49 2c        	addiw	s8, s8, 18
800030ea: b1 3e        	addiw	t4, t4, -20
800030ec: 5f f4 2d 3f  	<unknown>
800030f0: 1c 44        	lw	a5, 8(s0)
800030f2: 21 3f        	addiw	t5, t5, -24
800030f4: 8e 49        	lw	s3, 192(sp)
800030f6: 8c 3e        	fld	fa1, 56(a3)
800030f8: 26 f6        	sd	s1, 296(sp)
800030fa: 69 3d        	addiw	s10, s10, -6
800030fc: dc 80        	<unknown>
800030fe: 1b 3e ed 98  	<unknown>
80003102: 2a 3e        	fld	ft8, 168(sp)
80003104: fb fb e1 3e  	<unknown>
80003108: 5f e5 db 3e  	<unknown>
8000310c: 38 14        	addi	a4, sp, 552
8000310e: 93 3e 7a a5  	sltiu	t4, s4, -1449
80003112: 0a 3f        	fld	ft10, 160(sp)
80003114: 21 6d        	lui	s10, 8
80003116: ca 3c        	fld	fs9, 176(sp)
80003118: f5 a4        	j	0x80003404 <H_real+0xee4>
8000311a: 03 3f 2f c2  	ld	t5, -990(t5)
8000311e: 27 3f f4 a4  	fsd	fa5, -1442(s0)
80003122: b7 3e b5 4b  	lui	t4, 310099
80003126: 8e 3e        	fld	ft9, 224(sp)
80003128: a0 8d        	<unknown>
8000312a: 2f 3e 15 92  	<unknown>
8000312e: 0f 3f 56 f5  	<unknown>
80003132: ae 3e        	fld	ft9, 232(sp)
80003134: fa 5e        	lw	t4, 188(sp)
80003136: 45 3c        	addiw	s8, s8, -15
80003138: 9a f9        	sd	t1, 240(sp)
8000313a: 14 3f        	fld	fa3, 56(a4)
8000313c: 74 84        	<unknown>
8000313e: e3 3e 6d 0b  	<unknown>
80003142: f8 3e        	fld	fa4, 248(a3)
80003144: 84 78        	ld	s1, 48(s1)
80003146: 71 3e        	addiw	t3, t3, -4
80003148: 99 6e        	lui	t4, 6
8000314a: 37 3e ed 72  	lui	t3, 470739
8000314e: 09 3f        	addiw	t5, t5, -30
80003150: 6d 47        	li	a4, 27
80003152: 9c 3e        	fld	fa5, 56(a3)
80003154: 32 eb        	sd	a2, 400(sp)
80003156: 9e 3e        	fld	ft9, 480(sp)
80003158: 07 bf fb 3e  	fld	ft10, 1007(s7)
8000315c: 7b 16 06 3f  	<unknown>
80003160: 95 13        	addi	t2, t2, -27
80003162: a7 3e 5f b0  	fsd	ft5, -1251(t5)
80003166: cb 3e b9 c3  	fnmsub.d	ft9, fs2, fs11, fs8, rup
8000316a: 0a 3f        	fld	ft10, 160(sp)
8000316c: 9a 20        	fld	ft1, 384(sp)
8000316e: 20 3f        	fld	fs0, 120(a4)
80003170: 53 ec f5 3d  	<unknown>
80003174: 61 1c        	addi	s8, s8, -8
80003176: 5c 3c        	fld	fa5, 184(s0)
80003178: 49 d2        	beqz	a2, 0x800030fa <H_real+0xbda>
8000317a: 8a 3e        	fld	ft9, 160(sp)
8000317c: d4 b3        	fsd	fa3, 160(a5)
8000317e: bf 3e c3 54  	<unknown>
80003182: 58 3d        	fld	fa4, 184(a0)
80003184: 24 a4        	fsd	fs1, 72(s0)
80003186: 02 3f        	fld	ft10, 32(sp)
80003188: b8 43        	lw	a4, 64(a5)
8000318a: 07 3f 84 f0  	fld	ft10, -248(s0)
8000318e: 20 3f        	fld	fs0, 120(a4)
80003190: 13 c2 d7 3e  	xori	tp, a5, 1005
80003194: ed 2d        	addiw	s11, s11, 27
80003196: 27 3f e0 7d  	fsd	ft10, 2014(zero)
8000319a: 9b 3b 69 2d  	<unknown>
8000319e: 24 3e        	fld	fs1, 120(a2)
800031a0: 19 a0        	j	0x800031a6 <H_real+0xc86>
800031a2: d1 3d        	addiw	s11, s11, -12
800031a4: f5 0f        	addi	t6, t6, 29
800031a6: b6 3d        	fld	fs11, 360(sp)
800031a8: 88 72        	ld	a0, 32(a3)
800031aa: a0 3d        	fld	fs0, 120(a1)
800031ac: 49 b6        	j	0x80002d2e <H_real+0x80e>
800031ae: a1 3c        	addiw	s9, s9, -24
800031b0: 47 93 51 3e  	<unknown>
800031b4: 8a b7        	fsd	ft2, 488(sp)
800031b6: 97 3e 85 a1  	auipc	t4, 661587
800031ba: 45 3d        	addiw	s10, s10, -15
800031bc: d3 83 bb 3e  	<unknown>
800031c0: d7 80 f4 3e  	<unknown>
800031c4: 38 d0        	sw	a4, 96(s0)
800031c6: f2 3e        	fld	ft9, 312(sp)
800031c8: 1c b7        	fsd	fa5, 40(a4)
800031ca: f5 3d        	addiw	s11, s11, -3
800031cc: f6 77        	ld	a5, 376(sp)
800031ce: 55 3e        	addiw	t3, t3, -11
800031d0: 3c 08        	addi	a5, sp, 24
800031d2: 5e 3d        	fld	fs10, 496(sp)
800031d4: 65 18        	addi	a6, a6, -7
800031d6: 18 3e        	fld	fa4, 56(a2)
800031d8: ad c9        	beqz	a1, 0x8000324a <H_real+0xd2a>
800031da: 6d 3d        	addiw	s10, s10, -5
800031dc: f7 f1 11 3f  	<unknown>
800031e0: ea 30        	fld	ft1, 184(sp)
800031e2: e4 3e        	fld	fs1, 248(a3)
800031e4: 62 f9        	sd	s8, 176(sp)
800031e6: 0c 3f        	fld	fa1, 56(a4)
800031e8: 12 0b        	slli	s6, s6, 4
800031ea: 93 3d 55 15  	sltiu	s11, a0, 341
800031ee: 9c 3e        	fld	fa5, 56(a3)
800031f0: 1e 04        	slli	s0, s0, 7
800031f2: 9d 3d        	addiw	s11, s11, -25
800031f4: 3f 69 d8 3e  	<unknown>
800031f8: ee 9e        	add	t4, t4, s11
800031fa: 15 3d        	addiw	s10, s10, -27
800031fc: 5a b6        	fsd	fs6, 296(sp)
800031fe: b8 3e        	fld	fa4, 120(a3)
80003200: bb 50 1f 3f  	<unknown>
80003204: 31 26        	addiw	a2, a2, 12
80003206: d9 3e        	addiw	t4, t4, -10
80003208: 68 61        	ld	a0, 192(a0)
8000320a: 1a 3f        	fld	ft10, 416(sp)
8000320c: 68 ff        	sd	a0, 248(a4)
8000320e: 04 3e        	fld	fs1, 56(a2)
80003210: 25 a8        	j	0x80003248 <H_real+0xd28>
80003212: 9d 3e        	addiw	t4, t4, -25
80003214: ee b8        	fsd	fs11, 112(sp)
80003216: 19 3f        	addiw	t5, t5, -26
80003218: ac cc        	sw	a1, 88(s1)
8000321a: df 3e d6 3f  	<unknown>
8000321e: d1 3e        	addiw	t4, t4, -12
80003220: 23 e7 1c 3f  	<unknown>
80003224: 58 77        	ld	a4, 168(a4)
80003226: 89 3d        	addiw	s11, s11, -30
80003228: 14 7a        	ld	a3, 48(a2)
8000322a: f9 3e        	addiw	t4, t4, -2
8000322c: 1c 2d        	fld	fa5, 24(a0)
8000322e: 62 3e        	fld	ft8, 56(sp)
80003230: 35 da        	beqz	a2, 0x800031a4 <H_real+0xc84>
80003232: 02 3f        	fld	ft10, 32(sp)
80003234: 8c f9        	sd	a1, 48(a1)
80003236: 12 3f        	fld	ft10, 288(sp)
80003238: 87 35 fa 3d  	fld	fa1, 991(s4)
8000323c: 89 48        	li	a7, 2
8000323e: 27 3f 37 78  	fsd	ft3, 1950(a4)
80003242: a9 3e        	addiw	t4, t4, -22
80003244: ed 2f        	addiw	t6, t6, 27
80003246: b0 3e        	fld	fa2, 120(a3)
80003248: 9b 1c d6 3d  	<unknown>
8000324c: 90 ba        	fsd	fa2, 48(a3)
8000324e: e7 3e 0a 09  	<unknown>
80003252: ed 3d        	addiw	s11, s11, -5
80003254: c1 39        	addiw	s3, s3, -16
80003256: ff 3e 75 25  	<unknown>
8000325a: b8 3e        	fld	fa4, 120(a3)
8000325c: 29 d1        	beqz	a0, 0x8000319e <H_real+0xc7e>
8000325e: 62 3e        	fld	ft8, 56(sp)
80003260: e6 92        	add	t0, t0, s9
80003262: 11 3f        	addiw	t5, t5, -28
80003264: 0b 67 8b 3d  	<unknown>
80003268: 74 51        	lw	a3, 100(a0)
8000326a: ab 3e 2c 73  	<unknown>
8000326e: 07 3f 5f d1  	fld	ft10, -747(t5)
80003272: 4f 3e 0e c5  	<unknown>
80003276: d5 3d        	addiw	s11, s11, -11
80003278: c1 ea        	bnez	a3, 0x80003308 <H_real+0xde8>
8000327a: 26 3f        	fld	ft10, 104(sp)
8000327c: e1 f7        	bnez	a5, 0x80003244 <H_real+0xd24>
8000327e: 44 3e        	fld	fs1, 184(a2)
80003280: a8 b4        	fsd	fa0, 104(s1)
80003282: 40 3e        	fld	fs0, 184(a2)
80003284: c2 8d        	mv	s11, a6
80003286: d0 3c        	fld	fa2, 184(s1)
80003288: 7d aa        	j	0x80003446 <H_real+0xf26>
8000328a: 31 3f        	addiw	t5, t5, -20
8000328c: fb 26 f3 3e  	<unknown>
80003290: ff 78 cc 3d  	<unknown>
80003294: 7b 6f 57 3e  	<unknown>
80003298: 64 c2        	sw	s1, 68(a2)
8000329a: b3 3e 2d 15  	<unknown>
8000329e: 4a 3d        	fld	fs10, 176(sp)
800032a0: b7 db 2f 3f  	lui	s7, 258813
800032a4: 03 1f 37 3d  	lh	t5, 979(a4)
800032a8: 6a 77        	ld	a4, 184(sp)
800032aa: f7 3e db bd  	<unknown>
800032ae: 0e 3f        	fld	ft10, 224(sp)
800032b0: b3 83 0c 3f  	<unknown>
800032b4: a3 64 37 3e  	<unknown>
800032b8: 59 78        	lui	a6, 1048566
800032ba: 52 3e        	fld	ft8, 304(sp)
800032bc: 12 e9        	sd	tp, 144(sp)
800032be: 15 3f        	addiw	t5, t5, -27
800032c0: 66 38        	fld	fa6, 120(sp)
800032c2: de 3e        	fld	ft9, 496(sp)
800032c4: 31 57        	li	a4, -20
800032c6: 29 3f        	addiw	t5, t5, -22
800032c8: 9d 20        	addiw	ra, ra, 7
800032ca: da 3d        	fld	fs11, 432(sp)
800032cc: f8 10        	addi	a4, sp, 108
800032ce: 05 3e        	addiw	t3, t3, -31
800032d0: af 95 8e 3d  	<unknown>
800032d4: 5b 3a 99 3e  	<unknown>
800032d8: 1a bd        	fsd	ft6, 184(sp)
800032da: 90 3d        	fld	fa2, 56(a1)
800032dc: e7 88 2d 3f  	jalr	a7, 1010(s11)
800032e0: e7 14 e9 3e  	<unknown>
800032e4: 50 59        	lw	a2, 52(a0)
800032e6: a9 3d        	addiw	s11, s11, -22
800032e8: d0 8e        	<unknown>
800032ea: a3 3d 87 41  	sd	s8, 1051(a4)
800032ee: 29 3f        	addiw	t5, t5, -22
800032f0: 26 9b        	add	s6, s6, s1
800032f2: 2d 3f        	addiw	t5, t5, -21
800032f4: c5 41        	li	gp, 17
800032f6: 01 3f        	addiw	t5, t5, -32
800032f8: f1 e9        	bnez	a1, 0x800033cc <H_real+0xeac>
800032fa: 34 3f        	fld	fa3, 120(a4)
800032fc: 33 d0 58 3d  	<unknown>
80003300: 89 9c        	subw	s1, s1, a0
80003302: d8 3e        	fld	fa4, 184(a3)
80003304: 25 54        	li	s0, -23
80003306: 06 3d        	fld	fs10, 96(sp)
80003308: 0a 47        	lw	a4, 128(sp)
8000330a: 06 3f        	fld	ft10, 96(sp)
8000330c: 61 ee        	bnez	a2, 0x800033e4 <H_real+0xec4>
8000330e: ac 3e        	fld	fa1, 120(a3)
80003310: 2f 96 27 3f  	<unknown>
80003314: b8 52        	lw	a4, 96(a3)
80003316: 4d 3e        	addiw	t3, t3, -13
80003318: cb 89 31 3f  	<unknown>
8000331c: 06 32        	fld	ft4, 96(sp)
8000331e: 05 3f        	addiw	t5, t5, -31
80003320: 7d 47        	li	a4, 31
80003322: 57 3d 42 d8  	<unknown>
80003326: 24 3e        	fld	fs1, 120(a2)
80003328: 78 24        	fld	fa4, 200(s0)
8000332a: 75 3e        	addiw	t3, t3, -3
8000332c: c2 d5        	sw	a6, 232(sp)
8000332e: 06 3f        	fld	ft10, 96(sp)
80003330: ef e2 46 3e  	jal	t0, 0x80071714 <timer+0x66cb4>
80003334: 6e a7        	fsd	fs11, 392(sp)
80003336: 66 3e        	fld	ft8, 120(sp)
80003338: 0f ab 3b 3e  	<unknown>
8000333c: b1 18        	addi	a7, a7, -20
8000333e: ff 3e 41 a7  	<unknown>
80003342: 09 3e        	addiw	t3, t3, -30
80003344: c0 36        	fld	fs0, 168(a3)
80003346: 27 3f 51 5b  	fsd	fs5, 1470(sp)
8000334a: 16 3f        	fld	ft10, 352(sp)
8000334c: 5c 3b        	fld	fa5, 176(a4)
8000334e: ea 3e        	fld	ft9, 184(sp)
80003350: 19 1f        	addi	t5, t5, -26
80003352: 2b 3f 45 fb  	<unknown>
80003356: 0a 3f        	fld	ft10, 160(sp)
80003358: ed 0c        	addi	s9, s9, 27
8000335a: b9 3e        	addiw	t4, t4, -18
8000335c: 3f 5a 1b 3f  	<unknown>
80003360: fa 3e        	fld	ft9, 440(sp)
80003362: 8c 3d        	fld	fa1, 56(a1)
80003364: 7f 28 a0 3e  	<unknown>
80003368: a4 02        	addi	s1, sp, 328
8000336a: 96 3e        	fld	ft9, 352(sp)
8000336c: ae 82        	mv	t0, a1
8000336e: 65 3d        	addiw	s10, s10, -7
80003370: 81 d2        	beqz	a3, 0x80003270 <H_real+0xd50>
80003372: cd 3e        	addiw	t4, t4, -13
80003374: 9d e4        	bnez	s1, 0x800033a2 <H_real+0xe82>
80003376: 1a 3f        	fld	ft10, 416(sp)
80003378: 54 13        	addi	a3, sp, 420
8000337a: 1b 3f 5f 8a  	<unknown>
8000337e: b1 3d        	addiw	s11, s11, -20
80003380: ba 18        	slli	a7, a7, 46
80003382: 12 3f        	fld	ft10, 288(sp)
80003384: 44 da        	sw	s1, 52(a2)
80003386: b7 3e 45 0b  	lui	t4, 46163
8000338a: 02 3f        	fld	ft10, 32(sp)
8000338c: 8f b7 f2 3e  	<unknown>
80003390: 51 1f        	addi	t5, t5, -12
80003392: e0 3e        	fld	fs0, 248(a3)
80003394: 25 62        	lui	tp, 9
80003396: 0e 3f        	fld	ft10, 224(sp)
80003398: 75 ec        	bnez	s0, 0x80003494 <H_real+0xf74>
8000339a: 26 3e        	fld	ft8, 104(sp)
8000339c: d0 8c        	<unknown>
8000339e: 06 3f        	fld	ft10, 96(sp)
800033a0: f1 3d        	addiw	s11, s11, -4
800033a2: 17 3f fd 24  	auipc	t5, 151507
800033a6: c8 3e        	fld	fa0, 184(a3)
800033a8: ed 44        	li	s1, 27
800033aa: a7 3e 4d 6a  	fsd	ft4, 1725(s10)
800033ae: 13 3f 38 50  	sltiu	t5, a6, 1283
800033b2: 9d 3d        	addiw	s11, s11, -25
800033b4: 07 7a 5f 3e  	<unknown>
800033b8: c1 8e        	or	a3, a3, s0
800033ba: 9c 3e        	fld	fa5, 56(a3)
800033bc: 4e 04        	slli	s0, s0, 19
800033be: b6 3c        	fld	fs9, 360(sp)
800033c0: fb 92 cd 3d  	<unknown>
800033c4: 94 50        	lw	a3, 32(s1)
800033c6: 00 3f        	fld	fs0, 56(a4)
800033c8: 64 26        	fld	fs1, 200(a2)
800033ca: 97 3e 9e e3  	auipc	t4, 932323
800033ce: 3b 3e aa af  	<unknown>
800033d2: 74 3e        	fld	fa3, 248(a2)
800033d4: 6d 14        	addi	s0, s0, -5
800033d6: 33 3f 81 ab  	<unknown>
800033da: 3b 3e a4 f5  	<unknown>
800033de: f0 3e        	fld	fa2, 248(a3)
800033e0: 06 af        	fsd	ft1, 408(sp)
800033e2: 0a 3f        	fld	ft10, 160(sp)
800033e4: a7 40 e7 3e  	<unknown>
800033e8: 61 d5        	beqz	a0, 0x800033b0 <H_real+0xe90>
800033ea: 70 3e        	fld	fa2, 248(a2)
800033ec: 12 62        	ld	tp, 256(sp)
800033ee: 1b 3f 8e 1d  	<unknown>
800033f2: 8d 3e        	addiw	t4, t4, -29
800033f4: 20 34        	fld	fs0, 104(s0)
800033f6: 2c 3f        	fld	fa1, 120(a4)
800033f8: 53 5e 1b 3f  	<unknown>
800033fc: 04 92        	<unknown>
800033fe: 94 3e        	fld	fa3, 56(a3)
80003400: 55 4a        	li	s4, 21
80003402: bd 3e        	addiw	t4, t4, -17
80003404: 88 da        	sw	a0, 48(a3)
80003406: 20 3f        	fld	fs0, 120(a4)
80003408: a0 88        	<unknown>
8000340a: 0f 3f 6d b5  	<unknown>
8000340e: 34 3e        	fld	fa3, 120(a2)
80003410: 4d cc        	beqz	s0, 0x800034ca <H_real+0xfaa>
80003412: 31 3f        	addiw	t5, t5, -20
80003414: 8a f4        	sd	sp, 104(sp)
80003416: 9e 3d        	fld	fs11, 480(sp)
80003418: 2e 42        	lw	tp, 200(sp)
8000341a: 0d 3f        	addiw	t5, t5, -29
8000341c: 7c 31        	fld	fa5, 224(a0)
8000341e: 2b 3f 25 c3  	<unknown>
80003422: 1f 3f 44 e8  	<unknown>
80003426: 28 3f        	fld	fa0, 120(a4)
80003428: 6d 52        	li	tp, -5
8000342a: b8 3e        	fld	fa4, 120(a3)
8000342c: 43 49 44 3d  	<unknown>
80003430: ae c6        	sw	a1, 76(sp)
80003432: 18 3f        	fld	fa4, 56(a4)
80003434: 9f ca c7 3e  	<unknown>
80003438: fe e4        	sd	t6, 72(sp)
8000343a: b7 3e b8 a1  	lui	t4, 662403
8000343e: f6 3d        	fld	fs11, 376(sp)
80003440: af cf 12 3e  	<unknown>
80003444: 53 a2 4c 3e  	<unknown>
80003448: fe 54        	lw	s1, 252(sp)
8000344a: 74 3e        	fld	fa3, 248(a2)
8000344c: 6a 6b        	ld	s6, 152(sp)
8000344e: a7 3e e5 28  	fsd	fa4, 669(a0)
80003452: e5 3d        	addiw	s11, s11, -7
80003454: 89 18        	addi	a7, a7, -30
80003456: 88 3e        	fld	fa0, 56(a3)
80003458: 6a 4a        	lw	s4, 152(sp)
8000345a: f7 3d ad 7f  	<unknown>
8000345e: 2c 3f        	fld	fa1, 120(a4)
80003460: d7 3d 23 3f  	vslidedown.vi	v27, v18, 6
80003464: 4f 1d ae 3c  	<unknown>
80003468: da 78        	ld	a7, 432(sp)
8000346a: 2f 3f f1 0a  	amoswap.d.rl	t5, a5, (sp)
8000346e: 19 3f        	addiw	t5, t5, -26
80003470: 02 9c        	jalr	s8
80003472: 9e 3e        	fld	ft9, 480(sp)
80003474: 80 b8        	fsd	fs0, 48(s1)
80003476: 33 3f 74 7e  	<unknown>
8000347a: 22 3f        	fld	ft10, 40(sp)
8000347c: bd 99        	andi	a1, a1, -17
8000347e: 0e 3f        	fld	ft10, 224(sp)
80003480: 7d b2        	j	0x80002e2e <H_real+0x90e>
80003482: 2c 3e        	fld	fa1, 120(a2)
80003484: 84 64        	ld	s1, 8(s1)
80003486: 0f 3f 68 2b  	<unknown>
8000348a: 73 3e 3e c5  	csrrc	t3, 3155, t3
8000348e: aa 3e        	fld	ft9, 168(sp)
80003490: 68 e0        	sd	a0, 192(s0)
80003492: 81 3e        	addiw	t4, t4, -32
80003494: f7 b0 7a 3e  	<unknown>
80003498: 4c 87        	<unknown>
8000349a: 14 3f        	fld	fa3, 56(a4)
8000349c: 3c bc        	fsd	fa5, 120(s0)
8000349e: 28 3d        	fld	fa0, 120(a0)
800034a0: e7 4c 06 3f  	<unknown>
800034a4: 84 e7        	sd	s1, 8(a5)
800034a6: f1 3d        	addiw	s11, s11, -4
800034a8: bd 14        	addi	s1, s1, -17
800034aa: de 3d        	fld	fs11, 496(sp)
800034ac: aa 6b        	ld	s7, 136(sp)
800034ae: 08 3f        	fld	fa0, 56(a4)
800034b0: 9a 7a        	ld	s5, 416(sp)
800034b2: 0e 3f        	fld	ft10, 224(sp)
800034b4: 4c 33        	fld	fa1, 160(a4)
800034b6: 0f 3f 5e 34  	<unknown>
800034ba: 3f 3b aa e5  	<unknown>
800034be: 0f 3e e8 d5  	<unknown>
800034c2: 0a 3e        	fld	ft8, 160(sp)
800034c4: 1d af        	j	0x80003bfa <H_real+0x16da>
800034c6: f2 3e        	fld	ft9, 312(sp)
800034c8: aa 4e        	lw	t4, 136(sp)
800034ca: df 3e 84 c3  	<unknown>
800034ce: 59 3e        	addiw	t3, t3, -10
800034d0: 5e 4d        	lw	s10, 212(sp)
800034d2: 0e 3e        	fld	ft8, 224(sp)
800034d4: d3 32 11 3f  	<unknown>
800034d8: ae 95        	add	a1, a1, a1
800034da: fa 3e        	fld	ft9, 440(sp)
800034dc: 96 d1        	sw	t0, 224(sp)
800034de: 8c 3e        	fld	fa1, 56(a3)
800034e0: 71 2a        	addiw	s4, s4, 28
800034e2: 27 3f f2 1e  	fsd	fa5, 510(tp)
800034e6: eb 3a 84 a0  	<unknown>
800034ea: 30 3f        	fld	fa2, 120(a4)
800034ec: d0 f7        	sd	a2, 168(a5)
800034ee: 4d 3c        	addiw	s8, s8, -13
800034f0: 91 0d        	addi	s11, s11, 4
800034f2: ba 3e        	fld	ft9, 424(sp)
800034f4: c2 ae        	fsd	fa6, 344(sp)
800034f6: 30 3f        	fld	fa2, 120(a4)
800034f8: 20 e3        	sd	s0, 64(a4)
800034fa: 81 3e        	addiw	t4, t4, -32
800034fc: 60 a5        	fsd	fs0, 200(a0)
800034fe: 49 3e        	addiw	t3, t3, -14
80003500: 47 a5 af 3e  	<unknown>
80003504: cc 6a        	ld	a1, 144(a3)
80003506: 0f 3d 8a f7  	<unknown>
8000350a: 1f 3d 70 76  	<unknown>
8000350e: 7d 3e        	addiw	t3, t3, -1
80003510: 8e 59        	lw	s3, 224(sp)
80003512: e7 3e 20 19  	<unknown>
80003516: 1e 3f        	fld	ft10, 480(sp)
80003518: 71 50        	c.li	zero, -4
8000351a: 2f 3f 6b 50  	<unknown>
8000351e: 0e 3f        	fld	ft10, 224(sp)
80003520: 9f cd 05 3f  	<unknown>
80003524: 38 22        	fld	fa4, 64(a2)
80003526: b3 3e 56 32  	<unknown>
8000352a: dc 3d        	fld	fa5, 184(a1)
8000352c: a5 d6        	beqz	a3, 0x80003494 <H_real+0xf74>
8000352e: 89 3d        	addiw	s11, s11, -30
80003530: a2 17        	slli	a5, a5, 40
80003532: 2b 3f a1 5e  	<unknown>
80003536: 91 3e        	addiw	t4, t4, -28
80003538: d4 d6        	sw	a3, 44(a3)
8000353a: f1 3d        	addiw	s11, s11, -4
8000353c: 6e 92        	add	tp, tp, s11
8000353e: 33 3f 97 d9  	<unknown>
80003542: 5d 3e        	addiw	t3, t3, -9
80003544: 17 e5 f2 3e  	auipc	a0, 257838
80003548: eb aa 2c 3f  	<unknown>
8000354c: 75 30        	<unknown>
8000354e: 4f 3c 30 1e  	<unknown>
80003552: 22 3f        	fld	ft10, 40(sp)
80003554: 86 68        	ld	a7, 64(sp)
80003556: eb 3e 68 8f  	<unknown>
8000355a: 2c 3f        	fld	fa1, 120(a4)
8000355c: 59 d6        	beqz	a2, 0x800034ea <H_real+0xfca>
8000355e: b5 3d        	addiw	s11, s11, -19
80003560: fa 9c        	add	s9, s9, t5
80003562: c0 3e        	fld	fs0, 184(a3)
80003564: 6c 10        	addi	a1, sp, 44
80003566: 1d 3e        	addiw	t3, t3, -25
80003568: dc e7        	sd	a5, 136(a5)
8000356a: 2c 3e        	fld	fa1, 120(a2)
8000356c: 16 7e        	ld	t3, 352(sp)
8000356e: e5 3e        	addiw	t4, t4, -7
80003570: 53 30 fd 3e  	<unknown>
80003574: 7c 5b        	lw	a5, 116(a4)
80003576: 1b 3f b3 f4  	<unknown>
8000357a: 2d 3f        	addiw	t5, t5, -21
8000357c: 2b 1e 22 3f  	<unknown>
80003580: 7a d4        	sw	t5, 40(sp)
80003582: a9 3c        	addiw	s9, s9, -22
80003584: b5 b9        	j	0x80003200 <H_real+0xce0>
80003586: 2b 3d 15 77  	<unknown>
8000358a: 68 3e        	fld	fa0, 248(a2)
8000358c: de 97        	add	a5, a5, s7
8000358e: e3 3e 8f 0d  	<unknown>
80003592: e4 3e        	fld	fs1, 248(a3)
80003594: 5b 03 58 3e  	<unknown>
80003598: bd 7f        	lui	t6, 1048559
8000359a: 30 3e        	fld	fa2, 120(a2)
8000359c: cd 91        	srli	a1, a1, 51
8000359e: 0a 3f        	fld	ft10, 160(sp)
800035a0: 10 80        	<unknown>
800035a2: 07 3f aa a8  	fld	ft10, -1398(s4)
800035a6: f6 3e        	fld	ft9, 376(sp)
800035a8: 9c b5        	fsd	fa5, 40(a1)
800035aa: b4 3d        	fld	fa3, 120(a1)
800035ac: 15 a2        	j	0x800036d0 <H_real+0x11b0>
800035ae: 0b 3c 93 e3  	<unknown>
800035b2: 08 3f        	fld	fa0, 56(a4)
800035b4: 8d c4        	beqz	s1, 0x800035de <H_real+0x10be>
800035b6: 05 3f        	addiw	t5, t5, -31
800035b8: 12 d5        	sw	tp, 168(sp)
800035ba: 12 3f        	fld	ft10, 288(sp)
800035bc: d9 b4        	j	0x80003082 <H_real+0xb62>
800035be: 45 3e        	addiw	t3, t3, -15
800035c0: 58 11        	addi	a4, sp, 164
800035c2: 29 3f        	addiw	t5, t5, -22
800035c4: 2b 63 95 3e  	<unknown>
800035c8: 36 2c        	fld	fs8, 328(sp)
800035ca: eb 3e b7 6b  	<unknown>
800035ce: eb 3d 19 f2  	<unknown>
800035d2: 0c 3f        	fld	fa1, 56(a4)
800035d4: 19 e1        	bnez	a0, 0x800035da <H_real+0x10ba>
800035d6: 05 3f        	addiw	t5, t5, -31
800035d8: 7d 72        	lui	tp, 1048575
800035da: b8 3d        	fld	fa4, 120(a1)
800035dc: 9e 51        	lw	gp, 228(sp)
800035de: 08 3d        	fld	fa0, 56(a0)
800035e0: 16 e5        	sd	t0, 136(sp)
800035e2: a2 3d        	fld	fs11, 40(sp)
800035e4: 10 42        	lw	a2, 0(a2)
800035e6: ac 3e        	fld	fa1, 120(a3)
800035e8: cf ec a5 3d  	<unknown>
800035ec: 9d 82        	srli	a3, a3, 7
800035ee: fe 3e        	fld	ft9, 504(sp)
800035f0: 38 c9        	sw	a4, 80(a0)
800035f2: 44 3e        	fld	fs1, 184(a2)
800035f4: 38 c9        	sw	a4, 80(a0)
800035f6: b2 3e        	fld	ft9, 296(sp)
800035f8: b7 04 cc 3e  	lui	s1, 257216
800035fc: 07 a3 2e 3f  	flw	ft6, 1010(t4)
80003600: e0 99        	<unknown>
80003602: f4 3e        	fld	fa3, 248(a3)
80003604: a8 9c        	<unknown>
80003606: 18 3f        	fld	fa4, 56(a4)
80003608: cd 1f        	addi	t6, t6, -13
8000360a: 2b 3f c6 c0  	<unknown>
8000360e: 4e 3e        	fld	ft8, 240(sp)
80003610: c7 de 20 3f  	<unknown>
80003614: e7 e4 f8 3e  	<unknown>
80003618: a4 15        	addi	s1, sp, 744
8000361a: 15 3f        	addiw	t5, t5, -27
8000361c: 41 b4        	j	0x8000309c <H_real+0xb7c>
8000361e: 1c 3d        	fld	fa5, 56(a0)
80003620: 58 78        	ld	a4, 176(s0)
80003622: fd 3e        	addiw	t4, t4, -1
80003624: 06 b6        	fsd	ft1, 296(sp)
80003626: 91 3d        	addiw	s11, s11, -28
80003628: d0 fd        	sd	a2, 184(a1)
8000362a: 27 3f c6 62  	fsd	fa2, 1598(a2)
8000362e: 92 3e        	fld	ft9, 288(sp)
80003630: 0e 34        	fld	fs0, 224(sp)
80003632: 2d 3e        	addiw	t3, t3, -21
80003634: 8b 2d bc 3e  	<unknown>
80003638: a7 f6 71 3e  	<unknown>
8000363c: 6b 88 19 3e  	<unknown>
80003640: 39 d6        	beqz	a2, 0x8000358e <H_real+0x106e>
80003642: 77 3e d6 a9  	<unknown>
80003646: 2d 3f        	addiw	t5, t5, -21
80003648: 89 78        	lui	a7, 1048546
8000364a: 07 3f 89 9e  	fld	ft10, -1560(s2)
8000364e: 22 3f        	fld	ft10, 40(sp)
80003650: a1 29        	addiw	s3, s3, 8
80003652: 08 3f        	fld	fa0, 56(a4)
80003654: 06 42        	lw	tp, 64(sp)
80003656: 28 3f        	fld	fa0, 120(a4)
80003658: 26 bc        	fsd	fs1, 56(sp)
8000365a: 07 3f b6 65  	fld	ft10, 1627(a2)
8000365e: af 3e b8 3a  	<unknown>
80003662: 9d 3e        	addiw	t4, t4, -25
80003664: 71 cb        	beqz	a4, 0x80003738 <H_real+0x1218>
80003666: 28 3f        	fld	fa0, 120(a4)
80003668: 09 45        	li	a0, 2
8000366a: 52 3e        	fld	ft8, 304(sp)
8000366c: cb 21 84 3e  	<unknown>
80003670: 30 96        	<unknown>
80003672: 9a 3e        	fld	ft9, 416(sp)
80003674: e5 7b        	lui	s7, 1048569
80003676: fa 3e        	fld	ft9, 440(sp)
80003678: 52 40        	<unknown>
8000367a: 1f 3d bd 91  	<unknown>
8000367e: cd 3e        	addiw	t4, t4, -13
80003680: 52 36        	fld	fa2, 304(sp)
80003682: 0c 3f        	fld	fa1, 56(a4)
80003684: 3e 93        	add	t1, t1, a5
80003686: 2f 3d c3 48  	<unknown>
8000368a: 9e 3e        	fld	ft9, 480(sp)
8000368c: f9 69        	lui	s3, 30
8000368e: f8 3e        	fld	fa4, 248(a3)
80003690: dc 21        	fld	fa5, 128(a1)
80003692: 33 3f f8 14  	<unknown>
80003696: 06 3f        	fld	ft10, 96(sp)
80003698: cf 96 97 3e  	<unknown>
8000369c: 6f c5 23 3f  	jal	a0, 0x8003fa8e <timer+0x3502e>
800036a0: e7 29 ce 3e  	<unknown>
800036a4: c6 a1        	fsd	fa7, 192(sp)
800036a6: 1c 3f        	fld	fa5, 56(a4)
800036a8: a4 f3        	sd	s1, 96(a5)
800036aa: 4c 3e        	fld	fa1, 184(a2)
800036ac: 9c b1        	fsd	fa5, 32(a1)
800036ae: 0f 3f 5e 5f  	<unknown>
800036b2: 07 3f 43 3f  	fld	ft10, 1012(t1)
800036b6: ce 3e        	fld	ft9, 240(sp)
800036b8: ac 25        	fld	fa1, 72(a1)
800036ba: 9d 3e        	addiw	t4, t4, -25
800036bc: 71 16        	addi	a2, a2, -4
800036be: fa 3e        	fld	ft9, 440(sp)
800036c0: 61 c7        	beqz	a4, 0x80003788 <H_real+0x1268>
800036c2: c1 3e        	addiw	t4, t4, -16
800036c4: 62 04        	slli	s0, s0, 24
800036c6: 7a 3e        	fld	ft8, 440(sp)
800036c8: 80 09        	addi	s0, sp, 208
800036ca: 80 3e        	fld	fs0, 56(a3)
800036cc: 55 8a        	andi	a2, a2, 21
800036ce: 05 3f        	addiw	t5, t5, -31
800036d0: 5c 65        	ld	a5, 136(a0)
800036d2: 8a 3e        	fld	ft9, 160(sp)
800036d4: 71 c9        	beqz	a0, 0x800037a8 <H_real+0x1288>
800036d6: cb 3d 5f 11  	fnmsub.s	fs11, ft10, fs5, ft2, rup
800036da: 19 3f        	addiw	t5, t5, -26
800036dc: 6f b7 11 3f  	jal	a4, 0x8001f2cc <timer+0x1486c>
800036e0: c5 7f        	lui	t6, 1048561
800036e2: 2d 3f        	addiw	t5, t5, -21
800036e4: 8a a2        	fsd	ft2, 320(sp)
800036e6: 25 3f        	addiw	t5, t5, -23
800036e8: 90 09        	addi	a2, sp, 208
800036ea: f7 3d 88 78  	<unknown>
800036ee: 16 3e        	fld	ft8, 352(sp)
800036f0: 8b 10 f0 3e  	<unknown>
800036f4: c1 6c        	lui	s9, 16
800036f6: 84 3e        	fld	fs1, 56(a3)
800036f8: e4 b6        	fsd	fs1, 232(a3)
800036fa: e5 3e        	addiw	t4, t4, -7
800036fc: 62 8d        	mv	s10, s8
800036fe: bf 3e 32 33  	<unknown>
80003702: 77 3e 48 27  	<unknown>
80003706: c1 3e        	addiw	t4, t4, -16
80003708: 0b 87 44 3e  	<unknown>
8000370c: 76 e6        	sd	t4, 264(sp)
8000370e: 0b 3f ce 08  	<unknown>
80003712: ce 3d        	fld	fs11, 240(sp)
80003714: a6 cd        	sw	s1, 216(sp)
80003716: 7f 3e d8 1f  	<unknown>
8000371a: 7c 3e        	fld	fa5, 248(a2)
8000371c: a7 c2 0c 3f  	<unknown>
80003720: 5a d4        	sw	s6, 40(sp)
80003722: 29 3e        	addiw	t3, t3, -22
80003724: c6 8b        	mv	s7, a7
80003726: e4 3d        	fld	fs1, 248(a1)
80003728: a5 35        	addiw	a1, a1, -23
8000372a: dd 3e        	addiw	t4, t4, -9
8000372c: 24 2e        	fld	fs1, 88(a2)
8000372e: fc 3e        	fld	fa5, 248(a3)
80003730: 7a 88        	mv	a6, t5
80003732: ec 3e        	fld	fa1, 248(a3)
80003734: 6e 99        	add	s2, s2, s11
80003736: 09 3f        	addiw	t5, t5, -30
80003738: af 94 16 3d  	<unknown>
8000373c: 55 19        	addi	s2, s2, -11
8000373e: 97 3e 5c 3e  	auipc	t4, 255427
80003742: f5 3d        	addiw	s11, s11, -3
80003744: 95 e2        	bnez	a3, 0x80003768 <H_real+0x1248>
80003746: 19 3f        	addiw	t5, t5, -26
80003748: 55 c2        	beqz	a2, 0x800037ec <H_real+0x12cc>
8000374a: 1b 3f e7 a4  	<unknown>
8000374e: 1a 3f        	fld	ft10, 416(sp)
80003750: 84 e0        	sd	s1, 0(s1)
80003752: 1b 3f 3f b8  	<unknown>
80003756: d1 3d        	addiw	s11, s11, -12
80003758: 24 43        	lw	s1, 64(a4)
8000375a: 22 3f        	fld	ft10, 40(sp)
8000375c: 57 68 15 3e  	vslide1down.vx	v16, v1, a0
80003760: 69 45        	li	a0, 26
80003762: 8a 3e        	fld	ft9, 160(sp)
80003764: 68 b7        	fsd	fa0, 232(a4)
80003766: 27 3e 43 30  	fsd	ft4, 796(t1)
8000376a: 09 3f        	addiw	t5, t5, -30
8000376c: 70 d6        	sw	a2, 108(a2)
8000376e: cf 3e 9a 23  	fnmadd.d	ft9, fs4, fs9, ft4, rup
80003772: 28 3f        	fld	fa0, 120(a4)
80003774: 5a 49        	lw	s2, 148(sp)
80003776: 21 3f        	addiw	t5, t5, -24
80003778: 59 8b        	andi	a4, a4, 22
8000377a: 2f 3f d3 32  	<unknown>
8000377e: 8e 3e        	fld	ft9, 224(sp)
80003780: e7 cc 49 3e  	<unknown>
80003784: 0c 08        	addi	a1, sp, 16
80003786: f2 3d        	fld	fs11, 312(sp)
80003788: e3 34 a7 3c  	<unknown>
8000378c: 6d e6        	bnez	a2, 0x80003876 <H_real+0x1356>
8000378e: 91 3e        	addiw	t4, t4, -28
80003790: a5 9b        	andi	a5, a5, -23
80003792: a7 3d 46 78  	fsd	ft4, 1947(a2)
80003796: 0d 3f        	addiw	t5, t5, -29
80003798: 91 42        	li	t0, 4
8000379a: e8 3e        	fld	fa0, 248(a3)
8000379c: 64 21        	fld	fs1, 192(a0)
8000379e: 9b 3e 96 d5  	<unknown>
800037a2: 2c 3d        	fld	fa1, 120(a0)
800037a4: 28 62        	ld	a0, 64(a2)
800037a6: ca 3e        	fld	ft9, 176(sp)
800037a8: 9a 05        	slli	a1, a1, 6
800037aa: 1a 3f        	fld	ft10, 416(sp)
800037ac: e8 aa        	fsd	fa0, 208(a3)
800037ae: a1 3e        	addiw	t4, t4, -24
800037b0: bf 3c f2 3d  	<unknown>
800037b4: 71 74        	lui	s0, 1048572
800037b6: 03 3f 08 7a  	ld	t5, 1952(a6)
800037ba: a3 3e 00 e1  	sd	a6, -483(zero)
800037be: 79 3e        	addiw	t3, t3, -2
800037c0: 56 18        	slli	a6, a6, 53
800037c2: 34 3f        	fld	fa3, 120(a4)
800037c4: af 1f 43 3e  	<unknown>
800037c8: 5f 7f 0c 3f  	<unknown>
800037cc: f0 9b        	<unknown>
800037ce: 2d 3f        	addiw	t5, t5, -21
800037d0: 70 0b        	addi	a2, sp, 412
800037d2: 16 3f        	fld	ft10, 352(sp)
800037d4: d7 60 48 3c  	vslide1down.vx	v1, v4, a6, v0.t
800037d8: e4 e0        	sd	s1, 192(s1)
800037da: e3 3d 71 37  	<unknown>
800037de: 35 3e        	addiw	t3, t3, -19
800037e0: a6 4e        	lw	t4, 72(sp)
800037e2: 98 3d        	fld	fa4, 56(a1)
800037e4: 23 d9 c7 3e  	<unknown>
800037e8: 10 bd        	fsd	fa2, 56(a0)
800037ea: a2 3e        	fld	ft9, 40(sp)
800037ec: f4 8a        	<unknown>
800037ee: 2c 3f        	fld	fa1, 120(a4)
800037f0: 8c 9e        	<unknown>
800037f2: 21 3f        	addiw	t5, t5, -24
800037f4: bc 6e        	ld	a5, 88(a3)
800037f6: ba 3d        	fld	fs11, 424(sp)
800037f8: 5b ea c3 3d  	<unknown>
800037fc: a8 81        	<unknown>
800037fe: 0c 3e        	fld	fa1, 56(a2)
80003800: 12 4f        	lw	t5, 4(sp)
80003802: c9 3e        	addiw	t4, t4, -14
80003804: 71 56        	li	a2, -4
80003806: 28 3f        	fld	fa0, 120(a4)
80003808: a2 cd        	sw	s0, 216(sp)
8000380a: 1a 3f        	fld	ft10, 416(sp)
8000380c: e7 64 18 3f  	<unknown>
80003810: 44 0d        	addi	s1, sp, 660
80003812: 02 3f        	fld	ft10, 32(sp)
80003814: c9 3e        	addiw	t4, t4, -14
80003816: d1 3e        	addiw	t4, t4, -12
80003818: 5d 0f        	addi	t5, t5, 23
8000381a: 6b 3d 9a cd  	<unknown>
8000381e: bc 3e        	fld	fa5, 120(a3)
80003820: fe d5        	sw	t6, 232(sp)
80003822: e3 3b bb 45  	<unknown>
80003826: 8d 3e        	addiw	t4, t4, -29
80003828: 66 6c        	ld	s8, 88(sp)
8000382a: 5d 3e        	addiw	t3, t3, -9
8000382c: d1 4b        	li	s7, 20
8000382e: e2 3d        	fld	fs11, 56(sp)
80003830: 2b ce 4f 3e  	<unknown>
80003834: aa 6e        	ld	t4, 136(sp)
80003836: 09 3f        	addiw	t5, t5, -30
80003838: fe 7d        	ld	s11, 504(sp)
8000383a: 06 3f        	fld	ft10, 96(sp)
8000383c: 1e 8d        	mv	s10, t2
8000383e: 29 3e        	addiw	t3, t3, -22
80003840: 4a 19        	slli	s2, s2, 50
80003842: 66 3d        	fld	fs10, 120(sp)
80003844: 75 a7        	j	0x80003ff0 <H_real+0x1ad0>
80003846: d8 3e        	fld	fa4, 184(a3)
80003848: ac 53        	lw	a1, 96(a5)
8000384a: 5e 3e        	fld	ft8, 496(sp)
8000384c: 41 50        	c.li	zero, -16
8000384e: d0 3e        	fld	fa2, 184(a3)
80003850: 48 67        	ld	a0, 136(a4)
80003852: 2c 3f        	fld	fa1, 120(a4)
80003854: 1f ab c8 3e  	<unknown>
80003858: 25 31        	addiw	sp, sp, -23
8000385a: 05 3f        	addiw	t5, t5, -31
8000385c: 84 7d        	ld	s1, 56(a1)
8000385e: 99 3e        	addiw	t4, t4, -26
80003860: 62 4e        	lw	t3, 24(sp)
80003862: 84 3d        	fld	fs1, 56(a1)
80003864: f8 61        	ld	a4, 192(a1)
80003866: 79 3e        	addiw	t3, t3, -2
80003868: be d3        	sw	a5, 228(sp)
8000386a: 80 3e        	fld	fs0, 56(a3)
8000386c: 2e 2f        	fld	ft10, 200(sp)
8000386e: 1b 3f 22 df  	<unknown>
80003872: c8 3e        	fld	fa0, 184(a3)
80003874: 37 23 9d 3e  	lui	t1, 256466
80003878: ee 59        	lw	s3, 248(sp)
8000387a: ec 3e        	fld	fa1, 248(a3)
8000387c: 19 bb        	j	0x80003592 <H_real+0x1072>
8000387e: e3 3e 31 89  	<unknown>
80003882: 08 3e        	fld	fa0, 56(a2)
80003884: 4c 09        	addi	a1, sp, 148
80003886: 66 3d        	fld	fs10, 120(sp)
80003888: 2d 43        	li	t1, 11
8000388a: 0c 3d        	fld	fa1, 56(a0)
8000388c: 01 69        	lui	s2, 0
8000388e: 87 3e db 15  	fld	ft9, 349(s6)
80003892: da 3d        	fld	fs11, 432(sp)
80003894: 56 f6        	sd	s5, 296(sp)
80003896: 13 3f d0 0e  	sltiu	t5, zero, 237
8000389a: 95 3c        	addiw	s9, s9, -27
8000389c: 2d 33        	addiw	t1, t1, -21
8000389e: 95 3e        	addiw	t4, t4, -27
800038a0: f9 96        	srai	a3, a3, 62
800038a2: f6 3e        	fld	ft9, 376(sp)
800038a4: 63 df 90 3d  	bge	ra, s9, 0x80003c82 <H_real+0x1762>
800038a8: 72 3c        	fld	fs8, 312(sp)
800038aa: 78 3c        	fld	fa4, 248(s0)
800038ac: b4 96        	<unknown>
800038ae: bf 3e 87 37  	<unknown>
800038b2: be 3e        	fld	ft9, 488(sp)
800038b4: 6a f7        	sd	s10, 424(sp)
800038b6: 0d 3f        	addiw	t5, t5, -29
800038b8: 28 a1        	fsd	fa0, 64(a0)
800038ba: b9 3e        	addiw	t4, t4, -18
800038bc: 12 a1        	fsd	ft4, 128(sp)
800038be: 10 3e        	fld	fa2, 56(a2)
800038c0: c9 2a        	addiw	s5, s5, 18
800038c2: 0f 3f 29 38  	<unknown>
800038c6: b0 3e        	fld	fa2, 120(a3)
800038c8: 25 ac        	j	0x80003b00 <H_real+0x15e0>
800038ca: 77 3e f1 ef  	<unknown>
800038ce: 1c 3f        	fld	fa5, 56(a4)
800038d0: 5f 96 17 3f  	<unknown>
800038d4: 03 04 c4 3e  	lb	s0, 1004(s0)
800038d8: 65 cb        	beqz	a4, 0x800039c8 <H_real+0x14a8>
800038da: ce 3e        	fld	ft9, 240(sp)
800038dc: 4c 53        	lw	a1, 36(a4)
800038de: e9 3e        	addiw	t4, t4, -6
800038e0: 0e e2        	sd	gp, 256(sp)
800038e2: 49 3e        	addiw	t3, t3, -14
800038e4: af 3f 0d 3d  	<unknown>
800038e8: 20 34        	fld	fs0, 104(s0)
800038ea: 30 3f        	fld	fa2, 120(a4)
800038ec: e3 61 b1 3e  	bltu	sp, a1, 0x800044ce <H_real+0x1fae>
800038f0: f6 8b        	mv	s7, t4
800038f2: 61 3e        	addiw	t3, t3, -8
800038f4: 9b 67 69 3e  	<unknown>
800038f8: 9b 1a 5c 3e  	<unknown>
800038fc: 18 81        	<unknown>
800038fe: 08 3f        	fld	fa0, 56(a4)
80003900: 71 3b        	addiw	s6, s6, -4
80003902: 02 3f        	fld	ft10, 32(sp)
80003904: 46 ff        	sd	a7, 440(sp)
80003906: 92 3d        	fld	fs11, 288(sp)
80003908: b6 a8        	fsd	fa3, 80(sp)
8000390a: ad 3e        	addiw	t4, t4, -21
8000390c: d6 4a        	lw	s5, 84(sp)
8000390e: 0f 3f 76 eb  	<unknown>
80003912: ce 3b        	fld	fs7, 240(sp)
80003914: 1b 54 ad 3e  	<unknown>
80003918: 05 ca        	beqz	a2, 0x80003948 <H_real+0x1428>
8000391a: ce 3d        	fld	fs11, 240(sp)
8000391c: 46 80        	c.mv	zero, a7
8000391e: 05 3f        	addiw	t5, t5, -31
80003920: 8e 11        	slli	gp, gp, 35
80003922: 24 3f        	fld	fs1, 120(a4)
80003924: a3 32 7f 3e  	sd	t2, 997(t5)
80003928: fc 29        	fld	fa5, 208(a1)
8000392a: 53 3d c6 4f  	<unknown>
8000392e: e9 3e        	addiw	t4, t4, -6
80003930: 99 9b        	andi	a5, a5, -26
80003932: 41 3e        	addiw	t3, t3, -16
80003934: 19 2b        	addiw	s6, s6, 6
80003936: 0b 3f 04 49  	<unknown>
8000393a: c4 3e        	fld	fs1, 184(a3)
8000393c: 03 27 f8 3e  	lw	a4, 1007(a6)
80003940: cf 5a d7 3e  	<unknown>
80003944: 06 b5        	fsd	ft1, 168(sp)
80003946: ad 3e        	addiw	t4, t4, -21
80003948: 15 be        	j	0x8000347c <H_real+0xf5c>
8000394a: 13 3e 42 e2  	sltiu	t3, tp, -476
8000394e: c9 3e        	addiw	t4, t4, -14
80003950: 04 e6        	sd	s1, 8(a2)
80003952: e1 3e        	addiw	t4, t4, -8
80003954: 85 5c        	li	s9, -31
80003956: 19 3f        	addiw	t5, t5, -26
80003958: ca 07        	slli	a5, a5, 18
8000395a: 09 3f        	addiw	t5, t5, -30
8000395c: af 80 2f 3f  	<unknown>
80003960: 1f e6 96 3e  	<unknown>
80003964: 2b 67 33 3c  	<unknown>
80003968: 88 d2        	sw	a0, 32(a3)
8000396a: c2 3e        	fld	ft9, 48(sp)
8000396c: 9f eb 05 3f  	<unknown>
80003970: 93 2c 84 3d  	slti	s9, s0, 984
80003974: 5e e9        	sd	s7, 144(sp)
80003976: 9e 3d        	fld	fs11, 480(sp)
80003978: 0e b2        	fsd	ft3, 288(sp)
8000397a: 3f 3e 81 74  	<unknown>
8000397e: d0 3e        	fld	fa2, 184(a3)
80003980: df 6d 19 3f  	<unknown>
80003984: 81 e1        	bnez	a1, 0x80003984 <H_real+0x1464>
80003986: 6b 3e 7c 06  	<unknown>
8000398a: 08 3f        	fld	fa0, 56(a4)
8000398c: 74 09        	addi	a3, sp, 156
8000398e: 7c 3e        	fld	fa5, 248(a2)
80003990: aa 3f        	fld	ft11, 168(sp)
80003992: 81 3d        	addiw	s11, s11, -32
80003994: 8d 41        	li	gp, 3
80003996: f1 3d        	addiw	s11, s11, -4
80003998: 5b bd 34 3e  	<unknown>
8000399c: be 8c        	mv	s9, a5
8000399e: 6b 3e 22 dc  	<unknown>
800039a2: 21 3e        	addiw	t3, t3, -24
800039a4: 31 03        	addi	t1, t1, 12
800039a6: a0 3e        	fld	fs0, 120(a3)
800039a8: 60 8b        	<unknown>
800039aa: 2e 3e        	fld	ft8, 232(sp)
800039ac: 41 7c        	lui	s8, 1048560
800039ae: 22 3c        	fld	fs8, 40(sp)
800039b0: 21 e6        	bnez	a2, 0x800039f8 <H_real+0x14d8>
800039b2: f4 3e        	fld	fa3, 248(a3)
800039b4: 1e eb        	sd	t2, 400(sp)
800039b6: 32 3f        	fld	ft10, 296(sp)
800039b8: dd b4        	j	0x8000349e <H_real+0xf7e>
800039ba: d9 3c        	addiw	s9, s9, -10
800039bc: a4 cb        	sw	s1, 80(a5)
800039be: 87 3e b0 fc  	fld	ft9, -53(zero)
800039c2: e3 3d 6f 86  	<unknown>
800039c6: 68 3e        	fld	fa0, 248(a2)
800039c8: 59 8a        	andi	a2, a2, 22
800039ca: 21 3f        	addiw	t5, t5, -24
800039cc: bd 93        	srli	a5, a5, 47
800039ce: 29 3f        	addiw	t5, t5, -22
800039d0: 0b 87 2c 3f  	<unknown>
800039d4: f7 dd 9e 3e  	<unknown>
800039d8: 30 e1        	sd	a2, 64(a0)
800039da: 74 3e        	fld	fa3, 248(a2)
800039dc: ee 51        	lw	gp, 248(sp)
800039de: f3 3e fb e1  	csrrc	t4, 3615, s6
800039e2: d0 3e        	fld	fa2, 184(a3)
800039e4: cb 9f 90 3c  	<unknown>
800039e8: f3 be 92 3e  	csrrc	t4, pmpaddr57, t0
800039ec: 3a f6        	sd	a4, 296(sp)
800039ee: f5 3e        	addiw	t4, t4, -3
800039f0: e1 57        	li	a5, -8
800039f2: 25 3e        	addiw	t3, t3, -23
800039f4: 2f d5 c9 3d  	<unknown>
800039f8: ec 1e        	addi	a1, sp, 892
800039fa: 02 3f        	fld	ft10, 32(sp)
800039fc: db da 95 3d  	<unknown>
80003a00: 2e d6        	sw	a1, 44(sp)
80003a02: ea 3e        	fld	ft9, 184(sp)
80003a04: 10 87        	<unknown>
80003a06: 2d 3f        	addiw	t5, t5, -21
80003a08: b4 d6        	sw	a3, 104(a3)
80003a0a: 8c 3e        	fld	fa1, 56(a3)
80003a0c: cf 6d 2c 3d  	<unknown>
80003a10: 94 5d        	lw	a3, 56(a1)
80003a12: a9 3d        	addiw	s11, s11, -22
80003a14: 51 04        	addi	s0, s0, 20
80003a16: 1f 3e 57 3e  	<unknown>
80003a1a: 42 3e        	fld	ft8, 48(sp)
80003a1c: 5c 21        	fld	fa5, 128(a0)
80003a1e: fb 3e 48 46  	<unknown>
80003a22: 27 3e 43 ba  	fsd	ft4, -1092(t1)
80003a26: 11 3f        	addiw	t5, t5, -28
80003a28: 8d 88        	andi	s1, s1, 3
80003a2a: 28 3f        	fld	fa0, 120(a4)
80003a2c: d8 6b        	ld	a4, 144(a5)
80003a2e: cb 3d da 6e  	<unknown>
80003a32: ee 3e        	fld	ft9, 248(sp)
80003a34: 8f 9d 2f 3f  	<unknown>
80003a38: 72 83        	mv	t1, t3
80003a3a: a1 3e        	addiw	t4, t4, -24
80003a3c: af 87 09 3f  	<unknown>
80003a40: ce 58        	lw	a7, 240(sp)
80003a42: fe 3e        	fld	ft9, 504(sp)
80003a44: 2a 96        	add	a2, a2, a0
80003a46: 15 3c        	addiw	s8, s8, -27
80003a48: 01 24        	sext.w	s0, s0
80003a4a: 9f 3e d6 b2  	<unknown>
80003a4e: 06 3f        	fld	ft10, 96(sp)
80003a50: f7 6f 83 3e  	<unknown>
80003a54: 10 69        	ld	a2, 16(a0)
80003a56: d0 3e        	fld	fa2, 184(a3)
80003a58: cd 72        	lui	t0, 1048563
80003a5a: c2 3e        	fld	ft9, 48(sp)
80003a5c: a4 3c        	fld	fs1, 120(s1)
80003a5e: c1 3e        	addiw	t4, t4, -16
80003a60: be 33        	fld	ft7, 488(sp)
80003a62: 29 3f        	addiw	t5, t5, -22
80003a64: 1c 2b        	fld	fa5, 16(a4)
80003a66: 34 3f        	fld	fa3, 120(a4)
80003a68: cf ee 08 3f  	<unknown>
80003a6c: f3 94 20 3f  	csrrw	s1, 1010, ra
80003a70: 78 df        	sw	a4, 124(a4)
80003a72: 27 3c d1 1e  	fsd	fa3, 504(sp)
80003a76: 14 3d        	fld	fa3, 56(a0)
80003a78: f0 15        	addi	a2, sp, 748
80003a7a: 6f 3d 68 3f  	jal	s10, 0x80086e70 <timer+0x7c410>
80003a7e: 00 3f        	fld	fs0, 56(a4)
80003a80: 4b 9a 1b 3f  	<unknown>
80003a84: 1c 3a        	fld	fa5, 48(a2)
80003a86: 9a 3d        	fld	fs11, 416(sp)
80003a88: b5 4a        	li	s5, 13
80003a8a: d1 3d        	addiw	s11, s11, -12
80003a8c: d5 5e        	li	t4, -11
80003a8e: 9e 3e        	fld	ft9, 480(sp)
80003a90: 66 27        	fld	fa4, 88(sp)
80003a92: 7a 3d        	fld	fs10, 440(sp)
80003a94: d8 af        	fsd	fa4, 152(a5)
80003a96: 94 3e        	fld	fa3, 56(a3)
80003a98: bc 7e        	ld	a5, 120(a3)
80003a9a: 29 3f        	addiw	t5, t5, -22
80003a9c: 77 f8 fc 3e  	<unknown>
80003aa0: ae a4        	fsd	fa1, 72(sp)
80003aa2: b3 3e eb db  	<unknown>
80003aa6: 07 3e 62 b9  	fld	ft8, -1130(tp)
80003aaa: 98 3e        	fld	fa4, 56(a3)
80003aac: 3a f6        	sd	a4, 296(sp)
80003aae: 07 3f b0 0b  	fld	ft10, 187(zero)
80003ab2: b0 3d        	fld	fa2, 120(a1)
80003ab4: 95 5c        	li	s9, -27
80003ab6: 61 3e        	addiw	t3, t3, -8
80003ab8: 82 c1        	sw	zero, 192(sp)
80003aba: 39 3b        	addiw	s6, s6, -18
80003abc: 8e 15        	slli	a1, a1, 35
80003abe: 7b 3e 8a 12  	<unknown>
80003ac2: 34 3f        	fld	fa3, 120(a4)
80003ac4: fc b7        	fsd	fa5, 232(a5)
80003ac6: 99 3d        	addiw	s11, s11, -26
80003ac8: 16 41        	lw	sp, 68(sp)
80003aca: 60 3d        	fld	fs0, 248(a0)
80003acc: 49 97        	srai	a4, a4, 50
80003ace: b4 3e        	fld	fa3, 120(a3)
80003ad0: 9b 3a 03 3e  	<unknown>
80003ad4: 2e 4a        	lw	s4, 200(sp)
80003ad6: 2c 3d        	fld	fa1, 120(a0)
80003ad8: 20 f6        	sd	s0, 104(a2)
80003ada: 9f 3e 29 b9  	<unknown>
80003ade: 1d 3e        	addiw	t3, t3, -25
80003ae0: e3 bd 9c 3e  	<unknown>
80003ae4: 85 38        	addiw	a7, a7, -31
80003ae6: 57 3e 5d 64  	vmsne.vi	v28, v5, -6, v0.t
80003aea: af 3e 2c aa  	<unknown>
80003aee: 0e 3f        	fld	ft10, 224(sp)
80003af0: 10 96        	<unknown>
80003af2: 46 3e        	fld	ft8, 112(sp)
80003af4: 05 b4        	j	0x80003514 <H_real+0xff4>
80003af6: f0 3e        	fld	fa2, 248(a3)
80003af8: 2f a3 af 3e  	<unknown>
80003afc: 79 6d        	lui	s10, 30
80003afe: 8c 3e        	fld	fa1, 56(a3)
80003b00: 3d c2        	beqz	a2, 0x80003b66 <H_real+0x1646>
80003b02: fa 3e        	fld	ft9, 440(sp)
80003b04: 6a df        	sw	s10, 188(sp)
80003b06: ec 3e        	fld	fa1, 248(a3)
80003b08: d4 8e        	<unknown>
80003b0a: 07 3f da 93  	fld	ft10, -1731(s4)
80003b0e: ef 3d de 6a  	jal	s11, 0x800e79ba <timer+0xdcf5a>
80003b12: c5 3e        	addiw	t4, t4, -15
80003b14: a7 f0 12 3f  	<unknown>
80003b18: d6 63        	ld	t2, 336(sp)
80003b1a: 80 3e        	fld	fs0, 56(a3)
80003b1c: 04 ac        	fsd	fs1, 24(s0)
80003b1e: 68 3e        	fld	fa0, 248(a2)
80003b20: 6a 8d        	mv	s10, s10
80003b22: 8f 3e b6 74  	<unknown>
80003b26: 10 3f        	fld	fa2, 56(a4)
80003b28: 3b c4 d8 3e  	<unknown>
80003b2c: 7e 21        	fld	ft2, 472(sp)
80003b2e: 36 3e        	fld	ft8, 360(sp)
80003b30: b6 b9        	fsd	fa3, 240(sp)
80003b32: 73 3c 8a ba  	csrrc	s8, 2984, s4
80003b36: 43 3e c2 e7  	<unknown>
80003b3a: fb 3e 4a e8  	<unknown>
80003b3e: c1 3d        	addiw	s11, s11, -16
80003b40: 46 fa        	sd	a7, 304(sp)
80003b42: 6c 3e        	fld	fa1, 248(a2)
80003b44: ab db 5b 3d  	<unknown>
80003b48: 75 14        	addi	s0, s0, -3
80003b4a: 1f 3f 55 b2  	<unknown>
80003b4e: 4d 3e        	addiw	t3, t3, -13
80003b50: 48 7b        	ld	a0, 176(a4)
80003b52: 03 3f e6 7a  	ld	t5, 1966(a2)
80003b56: 32 3f        	fld	ft10, 296(sp)
80003b58: d8 c6        	sw	a4, 12(a3)
80003b5a: 1f 3f cf cd  	<unknown>
80003b5e: 07 3f db f3  	fld	ft10, -195(s6)
80003b62: 22 3f        	fld	ft10, 40(sp)
80003b64: ba 48        	lw	a7, 140(sp)
80003b66: 87 3c a9 7c  	fld	fs9, 1994(s2)
80003b6a: f4 3e        	fld	fa3, 248(a3)
80003b6c: 72 9e        	add	t3, t3, t3
80003b6e: e0 3d        	fld	fs0, 248(a1)
80003b70: 5a 20        	fld	ft0, 400(sp)
80003b72: 87 3e 0b b1  	fld	ft9, -1264(s6)
80003b76: b3 3e fa 92  	<unknown>
80003b7a: 82 3e        	fld	ft9, 32(sp)
80003b7c: aa f5        	sd	a0, 232(sp)
80003b7e: a7 3e 62 0b  	fsd	fs6, 189(tp)
80003b82: 6f 3e e8 1f  	jal	t3, 0x80086d80 <timer+0x7c320>
80003b86: 44 3e        	fld	fs1, 184(a2)
80003b88: 84 64        	ld	s1, 8(s1)
80003b8a: 3b 3e 94 d1  	<unknown>
80003b8e: f2 3e        	fld	ft9, 312(sp)
80003b90: b7 1f 29 3f  	lui	t6, 258705
80003b94: 14 70        	ld	a3, 32(s0)
80003b96: 34 3e        	fld	fa3, 120(a2)
80003b98: a4 44        	lw	s1, 72(s1)
80003b9a: 80 3e        	fld	fs0, 56(a3)
80003b9c: 68 01        	addi	a0, sp, 140
80003b9e: 13 3f bf 2b  	sltiu	t5, t5, 699
80003ba2: 9f 3d 46 01  	<unknown>
80003ba6: b7 3e 16 f5  	lui	t4, 1003875
80003baa: 13 3f 7b 46  	sltiu	t5, s6, 1127
80003bae: fe 3e        	fld	ft9, 504(sp)
80003bb0: 24 72        	ld	s1, 96(a2)
80003bb2: ea 3c        	fld	fs9, 184(sp)
80003bb4: 68 33        	fld	fa0, 224(a4)
80003bb6: 97 3e fa d1  	auipc	t4, 860067
80003bba: 29 3e        	addiw	t3, t3, -22
80003bbc: 1d 7e        	lui	t3, 1048551
80003bbe: b1 3d        	addiw	s11, s11, -20
80003bc0: fb 1e 00 3e  	<unknown>
80003bc4: 58 c7        	sw	a4, 12(a4)
80003bc6: da 3e        	fld	ft9, 432(sp)
80003bc8: 4d 5a        	li	s4, -13
80003bca: 04 3f        	fld	fs1, 56(a4)
80003bcc: 39 cd        	beqz	a0, 0x80003c2a <H_real+0x170a>
80003bce: 17 3f 39 c4  	auipc	t5, 803731
80003bd2: 2d 3d        	addiw	s10, s10, -21
80003bd4: 2c ba        	fsd	fa1, 112(a2)
80003bd6: 07 3f 86 e5  	fld	ft10, -424(a2)
80003bda: 33 3e 6c b5  	<unknown>
80003bde: 1a 3f        	fld	ft10, 416(sp)
80003be0: d6 c6        	sw	s5, 76(sp)
80003be2: 84 3e        	fld	fs1, 56(a3)
80003be4: 4a b3        	fsd	fs2, 416(sp)
80003be6: f1 3e        	addiw	t4, t4, -4
80003be8: d2 00        	slli	ra, ra, 20
80003bea: 7a 3e        	fld	ft8, 440(sp)
80003bec: e4 82        	<unknown>
80003bee: fe 3e        	fld	ft9, 504(sp)
80003bf0: 06 67        	ld	a4, 64(sp)
80003bf2: 24 3f        	fld	fs1, 120(a4)
80003bf4: a8 5b        	lw	a0, 112(a5)
80003bf6: 8a 3e        	fld	ft9, 160(sp)
80003bf8: 0a f5        	sd	sp, 168(sp)
80003bfa: 94 3c        	fld	fa3, 56(s1)
80003bfc: 9e 39        	fld	fs3, 480(sp)
80003bfe: 07 3f 67 43  	fld	ft10, 1078(a4)
80003c02: d4 3e        	fld	fa3, 184(a3)
80003c04: cf 07 e0 3e  	<unknown>
80003c08: 8d 29        	addiw	s3, s3, 3
80003c0a: c2 3e        	fld	ft9, 48(sp)
80003c0c: 7c f0        	sd	a5, 224(s0)
80003c0e: 7b 3c fe 01  	<unknown>
80003c12: 45 3e        	addiw	t3, t3, -15
80003c14: 44 64        	ld	s1, 136(s0)
80003c16: 78 3e        	fld	fa4, 248(a2)
80003c18: 07 f3 d5 3e  	<unknown>
80003c1c: f6 4b        	lw	s7, 92(sp)
80003c1e: 39 3e        	addiw	t3, t3, -18
80003c20: aa c9        	sw	a0, 208(sp)
80003c22: 35 3e        	addiw	t3, t3, -19
80003c24: 7e 06        	slli	a2, a2, 31
80003c26: ed 3a        	addiw	s5, s5, -5
80003c28: bd 7f        	lui	t6, 1048559
80003c2a: 7e 3e        	fld	ft8, 504(sp)
80003c2c: cb 83 2f 3f  	<unknown>
80003c30: 19 48        	li	a6, 6
80003c32: 18 3f        	fld	fa4, 56(a4)
80003c34: 46 68        	ld	a6, 80(sp)
80003c36: d6 3d        	fld	fs11, 368(sp)
80003c38: 6c 02        	addi	a1, sp, 268
80003c3a: 03 3f 1f 6a  	ld	t5, 1697(t5)
80003c3e: 10 3e        	fld	fa2, 56(a2)
80003c40: 3e 68        	ld	a6, 456(sp)
80003c42: 7a 3e        	fld	ft8, 440(sp)
80003c44: 85 76        	lui	a3, 1048545
80003c46: 32 3f        	fld	ft10, 296(sp)
80003c48: 24 be        	fsd	fs1, 120(a2)
80003c4a: 1c 3f        	fld	fa5, 56(a4)
80003c4c: bb 77 f3 3e  	<unknown>
80003c50: c4 9a        	<unknown>
80003c52: 25 3f        	addiw	t5, t5, -23
80003c54: 6b 32 9c 3e  	<unknown>
80003c58: 8d d3        	beqz	a5, 0x80003b7a <H_real+0x165a>
80003c5a: 18 3e        	fld	fa4, 56(a2)
80003c5c: c4 98        	<unknown>
80003c5e: 04 3e        	fld	fs1, 56(a2)
80003c60: 49 80        	srli	s0, s0, 18
80003c62: 0e 3d        	fld	fs10, 224(sp)
80003c64: be 4b        	lw	s7, 204(sp)
80003c66: 13 3f 97 9c  	sltiu	t5, a4, -1591
80003c6a: 09 3f        	addiw	t5, t5, -30
80003c6c: df dc 08 3e  	<unknown>
80003c70: cd 70        	lui	ra, 1048563
80003c72: 70 3e        	fld	fa2, 248(a2)
80003c74: 1e e6        	sd	t2, 264(sp)
80003c76: 34 3f        	fld	fa3, 120(a4)
80003c78: 0e ba        	fsd	ft3, 304(sp)
80003c7a: a4 3e        	fld	fs1, 120(a3)
80003c7c: 87 8d 2d 3e  	<unknown>
80003c80: af a1 2b 3d  	<unknown>
80003c84: 59 9b        	andi	a4, a4, -10
80003c86: c9 3e        	addiw	t4, t4, -14
80003c88: c4 3c        	fld	fs1, 184(s1)
80003c8a: 5a 3e        	fld	ft8, 432(sp)
80003c8c: df a1 a0 3e  	<unknown>
80003c90: 3c 69        	ld	a5, 80(a0)
80003c92: d3 3e 29 4d  	<unknown>
80003c96: 26 3f        	fld	ft10, 104(sp)
80003c98: 28 cd        	sw	a0, 88(a0)
80003c9a: 20 3f        	fld	fs0, 120(a4)
80003c9c: 72 fa        	sd	t3, 304(sp)
80003c9e: 27 3f 3c 05  	fsd	fs3, 94(s8)
80003ca2: 76 3e        	fld	ft8, 376(sp)
80003ca4: 2f e9 00 3f  	<unknown>
80003ca8: 96 fd        	sd	t0, 248(sp)
80003caa: 0e 3f        	fld	ft10, 224(sp)
80003cac: 2e e2        	sd	a1, 256(sp)
80003cae: 29 3f        	addiw	t5, t5, -22
80003cb0: 19 1a        	addi	s4, s4, -26
80003cb2: d1 3e        	addiw	t4, t4, -12
80003cb4: 35 b4        	j	0x800036e0 <H_real+0x11c0>
80003cb6: 7a 3e        	fld	ft8, 440(sp)
80003cb8: 66 8f        	mv	t5, s9
80003cba: cd 3e        	addiw	t4, t4, -13
80003cbc: 42 db        	sw	a6, 180(sp)
80003cbe: 82 3e        	fld	ft9, 32(sp)
80003cc0: 0e 1b        	slli	s6, s6, 35
80003cc2: a3 3e bd 8e  	sd	a1, -1795(s10)
80003cc6: 0e 3f        	fld	ft10, 224(sp)
80003cc8: 92 d2        	sw	tp, 100(sp)
80003cca: 1c 3e        	fld	fa5, 56(a2)
80003ccc: dc d0        	sw	a5, 36(s1)
80003cce: bf 3e c3 2c  	<unknown>
80003cd2: 56 3e        	fld	ft8, 368(sp)
80003cd4: c0 37        	fld	fs0, 168(a5)
80003cd6: b8 3e        	fld	fa4, 120(a3)
80003cd8: b6 18        	slli	a7, a7, 45
80003cda: 90 3e        	fld	fa2, 56(a3)
80003cdc: 45 46        	li	a2, 17
80003cde: 04 3f        	fld	fs1, 56(a4)
80003ce0: 80 bd        	fsd	fs0, 56(a1)
80003ce2: b0 3e        	fld	fa2, 120(a3)
80003ce4: f1 f6        	bnez	a3, 0x80003cb0 <H_real+0x1790>
80003ce6: b1 3e        	addiw	t4, t4, -20
80003ce8: c2 d6        	sw	a6, 108(sp)
80003cea: 01 3e        	addiw	t3, t3, -32
80003cec: 1f 79 a5 3e  	<unknown>
80003cf0: ba b4        	fsd	fa4, 104(sp)
80003cf2: fc 3e        	fld	fa5, 248(a3)
80003cf4: d2 41        	lw	gp, 20(sp)
80003cf6: 0b 3f d0 a7  	<unknown>
80003cfa: 0e 3f        	fld	ft10, 224(sp)
80003cfc: 4a 13        	slli	t1, t1, 50
80003cfe: 46 3d        	fld	fs10, 112(sp)
80003d00: 58 cb        	sw	a4, 20(a4)
80003d02: c8 3d        	fld	fa0, 184(a1)
80003d04: d0 54        	lw	a2, 44(s1)
80003d06: f8 3e        	fld	fa4, 248(a3)
80003d08: 5a 0d        	slli	s10, s10, 22
80003d0a: 23 3f 85 42  	sd	s0, 1086(a0)
80003d0e: 8e 3e        	fld	ft9, 224(sp)
80003d10: e0 b8        	fsd	fs0, 240(s1)
80003d12: 7c 3e        	fld	fa5, 248(a2)
80003d14: 58 b0        	fsd	fa4, 160(s0)
80003d16: 59 3d        	addiw	s10, s10, -10
80003d18: 6c 6c        	ld	a1, 216(s0)
80003d1a: 5a 3e        	fld	ft8, 432(sp)
80003d1c: b5 27        	addiw	a5, a5, 13
80003d1e: 4d 3e        	addiw	t3, t3, -13
80003d20: 44 85        	<unknown>
80003d22: 5f 3d 6c 50  	<unknown>
80003d26: 01 3f        	addiw	t5, t5, -32
80003d28: 8d db        	beqz	a5, 0x80003c5a <H_real+0x173a>
80003d2a: 90 3d        	fld	fa2, 56(a1)
80003d2c: a8 fd        	sd	a0, 120(a1)
80003d2e: 1a 3f        	fld	ft10, 416(sp)
80003d30: 63 e1 05 3f  	bltu	a1, a6, 0x80004112 <H_real+0x1bf2>
80003d34: fd 63        	lui	t2, 31
80003d36: 18 3d        	fld	fa4, 56(a0)
80003d38: 7a 61        	ld	sp, 408(sp)
80003d3a: 25 3f        	addiw	t5, t5, -23
80003d3c: 69 1c        	addi	s8, s8, -6
80003d3e: 5d 3e        	addiw	t3, t3, -9
80003d40: 68 4e        	lw	a0, 92(a2)
80003d42: 47 3e bc 11  	fmsub.s	ft8, fs8, fs11, ft2, rup
80003d46: ee 3c        	fld	fs9, 248(sp)
80003d48: d2 45        	lw	a1, 20(sp)
80003d4a: b4 3c        	fld	fa3, 120(s1)
80003d4c: 08 d0        	sw	a0, 32(s0)
80003d4e: d4 3e        	fld	fa3, 184(a3)
80003d50: ee 07        	slli	a5, a5, 27
80003d52: eb 3e 3f 40  	<unknown>
80003d56: 5e 3e        	fld	ft8, 496(sp)
80003d58: 22 16        	slli	a2, a2, 40
80003d5a: 33 3f 49 6d  	<unknown>
80003d5e: 9d 3c        	addiw	s9, s9, -25
80003d60: d6 58        	lw	a7, 116(sp)
80003d62: f1 3d        	addiw	s11, s11, -4
80003d64: d7 5c 24 3f  	vfslide1down.vf	v25, v18, fs0
80003d68: 9c 34        	fld	fa5, 40(s1)
80003d6a: bf 3e b3 01  	<unknown>
80003d6e: ed 3d        	addiw	s11, s11, -5
80003d70: ad 1f        	addi	t6, t6, -21
80003d72: 70 3e        	fld	fa2, 248(a2)
80003d74: 24 dc        	sw	s1, 120(s0)
80003d76: 96 3d        	fld	fs11, 352(sp)
80003d78: 32 c9        	sw	a2, 144(sp)
80003d7a: b0 3e        	fld	fa2, 120(a3)
80003d7c: 97 40 ba 3e  	auipc	ra, 256932
80003d80: d7 ec 2f 3f  	vslide1down.vx	v25, v18, t6
80003d84: 40 b0        	fsd	fs0, 160(s0)
80003d86: 95 3b        	addiw	s7, s7, -27
80003d88: 28 91        	<unknown>
80003d8a: b7 3e 00 59  	lui	t4, 364547
80003d8e: f8 3e        	fld	fa4, 248(a3)
80003d90: c2 6e        	ld	t4, 16(sp)
80003d92: a6 3d        	fld	fs11, 104(sp)
80003d94: 7e ab        	fsd	ft11, 400(sp)
80003d96: 70 3e        	fld	fa2, 248(a2)
80003d98: 90 6f        	ld	a2, 24(a5)
80003d9a: b9 3e        	addiw	t4, t4, -18
80003d9c: 04 31        	fld	fs1, 32(a0)
80003d9e: 09 3f        	addiw	t5, t5, -30
80003da0: 97 60 e4 3e  	auipc	ra, 257606
80003da4: c2 d7        	sw	a6, 236(sp)
80003da6: 83 3e 2c eb  	ld	t4, -334(s8)
80003daa: 26 3d        	fld	fs10, 104(sp)
80003dac: 9c d8        	sw	a5, 48(s1)
80003dae: e8 3e        	fld	fa0, 248(a3)
80003db0: 04 36        	fld	fs1, 40(a2)
80003db2: 26 3f        	fld	ft10, 104(sp)
80003db4: 02 de        	sw	zero, 60(sp)
80003db6: 2b 3f fd b6  	<unknown>
80003dba: 2a 3e        	fld	ft8, 168(sp)
80003dbc: 62 08        	slli	a6, a6, 24
80003dbe: d1 3e        	addiw	t4, t4, -12
80003dc0: cc 32        	fld	fa1, 160(a3)
80003dc2: ab 3e 6c d4  	<unknown>
80003dc6: c8 3e        	fld	fa0, 184(a3)
80003dc8: 38 58        	lw	a4, 112(s0)
80003dca: 02 3f        	fld	ft10, 32(sp)
80003dcc: 46 85        	mv	a0, a7
80003dce: 05 3f        	addiw	t5, t5, -31
80003dd0: 8f b9 fd 3e  	<unknown>
80003dd4: 57 fe 28 3f  	vsetvli	t3, a7, 1010
80003dd8: 73 fd 03 3f  	csrrci	s10, 1008, 7
80003ddc: 7e e3        	sd	t6, 384(sp)
80003dde: a9 3e        	addiw	t4, t4, -22
80003de0: 62 f1        	sd	s8, 160(sp)
80003de2: 01 3d        	addiw	s10, s10, -32
80003de4: df e7 eb 3e  	<unknown>
80003de8: c8 b2        	fsd	fa0, 160(a3)
80003dea: ee 3e        	fld	ft9, 248(sp)
80003dec: 42 c3        	sw	a6, 132(sp)
80003dee: fe 3d        	fld	fs11, 504(sp)
80003df0: 13 91 29 3f  	<unknown>
80003df4: 4f af f5 3e  	<unknown>
80003df8: 3b 18 26 3e  	<unknown>
80003dfc: 90 3c        	fld	fa2, 56(s1)
80003dfe: 03 3f 31 8a  	ld	t5, -1885(sp)
80003e02: 2e 3e        	fld	ft8, 232(sp)
80003e04: 29 09        	addi	s2, s2, 10
80003e06: 16 3e        	fld	ft8, 352(sp)
80003e08: 33 01 54 3e  	<unknown>
80003e0c: 52 38        	fld	fa6, 304(sp)
80003e0e: 00 3e        	fld	fs0, 56(a2)
80003e10: 4a 37        	fld	fa4, 176(sp)
80003e12: b0 3e        	fld	fa2, 120(a3)
80003e14: 41 e8        	bnez	s0, 0x80003ea4 <H_real+0x1984>
80003e16: e1 3e        	addiw	t4, t4, -8
80003e18: 3f 0a bf 3e  	<unknown>
80003e1c: d4 0d        	addi	a3, sp, 724
80003e1e: 1a 3f        	fld	ft10, 416(sp)
80003e20: a0 f6        	sd	s0, 104(a3)
80003e22: 11 3f        	addiw	t5, t5, -28
80003e24: 05 af        	j	0x80004554 <H_imag+0x34>
80003e26: a0 3e        	fld	fs0, 120(a3)
80003e28: 50 a8        	fsd	fa2, 144(s0)
80003e2a: 2e 3f        	fld	ft10, 232(sp)
80003e2c: 7e 51        	lw	sp, 252(sp)
80003e2e: 5f 3e d2 fc  	<unknown>
80003e32: eb 3e bc cd  	<unknown>
80003e36: 28 3d        	fld	fa0, 120(a0)
80003e38: ce 67        	ld	a5, 208(sp)
80003e3a: 85 3e        	addiw	t4, t4, -31
80003e3c: c2 3d        	fld	fs11, 48(sp)
80003e3e: 09 3f        	addiw	t5, t5, -30
80003e40: 33 31 9d 3e  	<unknown>
80003e44: 7b cb ae 3e  	<unknown>
80003e48: 59 d7        	beqz	a4, 0x80003dd6 <H_real+0x18b6>
80003e4a: 27 3f 96 71  	fsd	fs9, 1822(a2)
80003e4e: c7 3e 11 4d  	<unknown>
80003e52: 37 3d 0b 07  	lui	s10, 28851
80003e56: 26 3d        	fld	fs10, 104(sp)
80003e58: 04 d4        	sw	s1, 40(s0)
80003e5a: 50 3e        	fld	fa2, 184(a2)
80003e5c: ac a5        	fsd	fa1, 72(a1)
80003e5e: 98 3e        	fld	fa4, 56(a3)
80003e60: 4a c6        	sw	s2, 12(sp)
80003e62: 80 3e        	fld	fs0, 56(a3)
80003e64: 6a be        	fsd	fs10, 312(sp)
80003e66: b0 3e        	fld	fa2, 120(a3)
80003e68: 28 2f        	fld	fa0, 88(a4)
80003e6a: 20 3f        	fld	fs0, 120(a4)
80003e6c: 60 d2        	sw	s0, 100(a2)
80003e6e: b6 3e        	fld	ft9, 360(sp)
80003e70: 96 a3        	fsd	ft5, 448(sp)
80003e72: 09 3f        	addiw	t5, t5, -30
80003e74: 0a c4        	sw	sp, 8(sp)
80003e76: 1f 3f 2e ce  	<unknown>
80003e7a: 32 3f        	fld	ft10, 296(sp)
80003e7c: 9b 55 ba 3e  	<unknown>
80003e80: 4a 3b        	fld	fs6, 176(sp)
80003e82: 9a 3c        	fld	fs9, 416(sp)
80003e84: 66 e8        	sd	s9, 16(sp)
80003e86: b7 3d fe 7f  	lui	s11, 524259
80003e8a: 88 3e        	fld	fa0, 56(a3)
80003e8c: d9 cb        	beqz	a5, 0x80003f22 <H_real+0x1a02>
80003e8e: f4 3e        	fld	fa3, 248(a3)
80003e90: 19 5d        	li	s10, -26
80003e92: 19 3e        	addiw	t3, t3, -26
80003e94: 96 d0        	sw	t0, 96(sp)
80003e96: 0a 3f        	fld	ft10, 160(sp)
80003e98: 57 db dc 3e  	vfslide1down.vf	v22, v13, fs9
80003e9c: 32 55        	lw	a0, 44(sp)
80003e9e: 12 3e        	fld	ft8, 288(sp)
80003ea0: 40 7d        	ld	s0, 184(a0)
80003ea2: 28 3f        	fld	fa0, 120(a4)
80003ea4: af bc fe 3e  	<unknown>
80003ea8: 4b 01 a0 3e  	<unknown>
80003eac: 64 04        	addi	s1, sp, 524
80003eae: fa 3e        	fld	ft9, 440(sp)
80003eb0: 43 2c d8 3e  	<unknown>
80003eb4: 66 67        	ld	a4, 88(sp)
80003eb6: 0d 3f        	addiw	t5, t5, -29
80003eb8: 3c 78        	ld	a5, 112(s0)
80003eba: 58 3d        	fld	fa4, 184(a0)
80003ebc: 25 1f        	addi	t5, t5, -23
80003ebe: 98 3d        	fld	fa4, 56(a1)
80003ec0: a5 93        	srli	a5, a5, 41
80003ec2: 25 3f        	addiw	t5, t5, -23
80003ec4: 0d a8        	j	0x80003ef6 <H_real+0x19d6>
80003ec6: cf 3e 2d 0c  	<unknown>
80003eca: f6 3d        	fld	fs11, 376(sp)
80003ecc: c4 0c        	addi	s1, sp, 596
80003ece: 0f 3f 63 56  	<unknown>
80003ed2: 0a 3f        	fld	ft10, 160(sp)
80003ed4: 17 b3 b9 3e  	auipc	t1, 256923
80003ed8: e1 18        	addi	a7, a7, -8
80003eda: c8 3e        	fld	fa0, 184(a3)
80003edc: d2 be        	fsd	fs4, 376(sp)
80003ede: 00 3f        	fld	fs0, 56(a4)
80003ee0: 66 4c        	lw	s8, 88(sp)
80003ee2: ae 3e        	fld	ft9, 232(sp)
80003ee4: fb 7a 30 3f  	<unknown>
80003ee8: ef 7a 18 3f  	jal	s5, 0x8008bad8 <timer+0x81078>
80003eec: 13 e6 34 3e  	ori	a2, s1, 995
80003ef0: 25 be        	j	0x80003a28 <H_real+0x1508>
80003ef2: 26 3d        	fld	fs10, 104(sp)
80003ef4: 8f ab 0f 3d  	<unknown>
80003ef8: 13 fa 34 3d  	andi	s4, s1, 979
80003efc: 75 aa        	j	0x800040b8 <H_real+0x1b98>
80003efe: 21 3c        	addiw	s8, s8, -24
80003f00: d6 3b        	fld	fs7, 368(sp)
80003f02: ee 3e        	fld	ft9, 248(sp)
80003f04: 52 f8        	sd	s4, 48(sp)
80003f06: 63 3e d5 6d  	<unknown>
80003f0a: fb 3e 83 0d  	<unknown>
80003f0e: cc 3d        	fld	fa1, 184(a1)
80003f10: 55 dd        	beqz	a0, 0x80003ecc <H_real+0x19ac>
80003f12: 1e 3f        	fld	ft10, 480(sp)
80003f14: fb 92 75 3e  	<unknown>
80003f18: 17 c8 09 3f  	auipc	a6, 258204
80003f1c: 34 04        	addi	a3, sp, 520
80003f1e: b9 3d        	addiw	s11, s11, -18
80003f20: 67 60 20 3f  	<unknown>
80003f24: 30 d1        	sw	a2, 96(a0)
80003f26: 08 3f        	fld	fa0, 56(a4)
80003f28: 4f 66 07 3e  	<unknown>
80003f2c: 5f 63 4a 3e  	<unknown>
80003f30: db c0 9c 3d  	<unknown>
80003f34: 07 e6 af 3c  	<unknown>
80003f38: 78 55        	lw	a4, 108(a0)
80003f3a: 36 3e        	fld	ft8, 360(sp)
80003f3c: b4 74        	ld	a3, 104(s1)
80003f3e: 02 3f        	fld	ft10, 32(sp)
80003f40: eb d2 e6 3e  	<unknown>
80003f44: e7 03 ab 3e  	jalr	t2, 1002(s6)
80003f48: b0 64        	ld	a2, 72(s1)
80003f4a: 31 3e        	addiw	t3, t3, -20
80003f4c: ba 38        	fld	fa7, 424(sp)
80003f4e: 27 3f 34 38  	fsd	ft3, 926(s0)
80003f52: a9 3e        	addiw	t4, t4, -22
80003f54: 6c 4b        	lw	a1, 84(a4)
80003f56: bc 3e        	fld	fa5, 120(a3)
80003f58: 85 a8        	j	0x80003fc8 <H_real+0x1aa8>
80003f5a: da 3e        	fld	ft9, 432(sp)
80003f5c: f3 5b 2f 3f  	csrrwi	s7, 1010, 30
80003f60: e8 65        	ld	a0, 200(a1)
80003f62: d1 3e        	addiw	t4, t4, -12
80003f64: b4 62        	ld	a3, 64(a3)
80003f66: 31 3f        	addiw	t5, t5, -20
80003f68: f4 e8        	sd	a3, 208(s1)
80003f6a: 31 3e        	addiw	t3, t3, -20
80003f6c: 0a b2        	fsd	ft2, 288(sp)
80003f6e: f4 3e        	fld	fa3, 248(a3)
80003f70: d9 d1        	beqz	a1, 0x80003ef6 <H_real+0x19d6>
80003f72: 34 3f        	fld	fa3, 120(a4)
80003f74: 2e 2a        	fld	fs4, 200(sp)
80003f76: 8c 3e        	fld	fa1, 56(a3)
80003f78: 5b 29 63 3e  	<unknown>
80003f7c: d7 db 33 3f  	vfslide1down.vf	v23, v19, ft7
80003f80: 62 cf        	sw	s8, 156(sp)
80003f82: e2 3e        	fld	ft9, 56(sp)
80003f84: 7b 18 0d 3f  	<unknown>
80003f88: 30 b2        	fsd	fa2, 96(a2)
80003f8a: 48 3e        	fld	fa0, 184(a2)
80003f8c: a5 73        	lui	t2, 1048553
80003f8e: 0e 3e        	fld	ft8, 224(sp)
80003f90: 86 dc        	sw	ra, 120(sp)
80003f92: f2 3c        	fld	fs9, 312(sp)
80003f94: 46 00        	c.slli	zero, 17
80003f96: 9c 3d        	fld	fa5, 56(a1)
80003f98: ed 9f        	<unknown>
80003f9a: 05 3d        	addiw	s10, s10, -31
80003f9c: e3 6d 32 3f  	bltu	tp, s3, 0x80004b96 <H_imag+0x676>
80003fa0: 37 0a cb 3e  	lui	s4, 257200
80003fa4: ba c3        	sw	a4, 196(sp)
80003fa6: 5f 3d 9d b2  	<unknown>
80003faa: 19 3e        	addiw	t3, t3, -26
80003fac: d0 cb        	sw	a2, 20(a5)
80003fae: 9e 3d        	fld	fs11, 480(sp)
80003fb0: 39 2e        	addiw	t3, t3, 14
80003fb2: 82 3e        	fld	ft9, 32(sp)
80003fb4: 65 ee        	bnez	a2, 0x800040ac <H_real+0x1b8c>
80003fb6: b4 3d        	fld	fa3, 120(a1)
80003fb8: ba 02        	slli	t0, t0, 14
80003fba: 93 3e 2a e4  	sltiu	t4, s4, -446
80003fbe: cf 3d 94 48  	fnmadd.s	fs11, fs0, fs1, fs1, rup
80003fc2: 37 3e cb 96  	lui	t3, 617651
80003fc6: 5c 3e        	fld	fa5, 184(a2)
80003fc8: d5 ae        	j	0x800043bc <H_real+0x1e9c>
80003fca: 0a 3f        	fld	ft10, 160(sp)
80003fcc: dd 97        	srai	a5, a5, 55
80003fce: b3 3c ef 78  	<unknown>
80003fd2: 40 3d        	fld	fs0, 184(a0)
80003fd4: d7 ae 1a 3f  	<unknown>
80003fd8: cd ec        	bnez	s1, 0x80004092 <H_real+0x1b72>
80003fda: 96 3d        	fld	fs11, 352(sp)
80003fdc: da a5        	fsd	fs6, 200(sp)
80003fde: fb 3e 62 06  	<unknown>
80003fe2: 23 3f 2e 1c  	sd	sp, 478(t3)
80003fe6: 0a 3f        	fld	ft10, 160(sp)
80003fe8: 4e 1c        	slli	s8, s8, 51
80003fea: 23 3f ad 0b  	sd	s10, 190(s10)
80003fee: d8 3e        	fld	fa4, 184(a3)
80003ff0: f9 72        	lui	t0, 1048574
80003ff2: ed 3e        	addiw	t4, t4, -5
80003ff4: 6d 3e        	addiw	t3, t3, -5
80003ff6: 86 3e        	fld	ft9, 96(sp)
80003ff8: b8 6e        	ld	a4, 88(a3)
80003ffa: a5 3e        	addiw	t4, t4, -23
80003ffc: 93 d1 ae 3e  	<unknown>
80004000: db b9 2e 3f  	<unknown>
80004004: d6 07        	slli	a5, a5, 21
80004006: 1c 3e        	fld	fa5, 56(a2)
80004008: 4f f7 fb 3d  	<unknown>
8000400c: 0a e2        	sd	sp, 256(sp)
8000400e: c5 3e        	addiw	t4, t4, -15
80004010: 82 6c        	ld	s9, 0(sp)
80004012: 05 3f        	addiw	t5, t5, -31
80004014: 25 b1        	j	0x80003c3c <H_real+0x171c>
80004016: 84 3e        	fld	fs1, 56(a3)
80004018: bd f8        	bnez	s1, 0x80003f8e <H_real+0x1a6e>
8000401a: 2e 3e        	fld	ft8, 232(sp)
8000401c: cb 37 2d 3e  	<unknown>
80004020: 17 4e f2 3d  	auipc	t3, 253732
80004024: 17 7c f9 3e  	auipc	s8, 257943
80004028: e0 bd        	fsd	fs0, 248(a1)
8000402a: f1 3e        	addiw	t4, t4, -4
8000402c: ef 83 06 3f  	jal	t2, 0x8006c41c <timer+0x619bc>
80004030: 39 e6        	bnez	a2, 0x8000407e <H_real+0x1b5e>
80004032: 65 3d        	addiw	s10, s10, -7
80004034: 79 2b        	addiw	s6, s6, 30
80004036: e4 3c        	fld	fs1, 248(s1)
80004038: f1 0e        	addi	t4, t4, 28
8000403a: aa 3e        	fld	ft9, 168(sp)
8000403c: e7 2a 29 3e  	<unknown>
80004040: 0b 88 e7 3e  	<unknown>
80004044: 70 45        	lw	a2, 76(a0)
80004046: 52 3e        	fld	ft8, 304(sp)
80004048: a4 9a        	<unknown>
8000404a: 19 3f        	addiw	t5, t5, -26
8000404c: 84 ae        	fsd	fs1, 24(a3)
8000404e: 4e 3d        	fld	fs10, 240(sp)
80004050: 7c d0        	sw	a5, 100(s0)
80004052: 95 3e        	addiw	t4, t4, -27
80004054: 3f 3a 1d 3f  	<unknown>
80004058: 4d 60        	c.lui	zero, 19
8000405a: e9 3d        	addiw	s11, s11, -6
8000405c: 3e 09        	slli	s2, s2, 15
8000405e: 29 3d        	addiw	s10, s10, -22
80004060: 8d 86        	srai	a3, a3, 3
80004062: 81 3d        	addiw	s11, s11, -32
80004064: 66 a6        	fsd	fs9, 264(sp)
80004066: d3 3e 12 76  	<unknown>
8000406a: 65 3e        	addiw	t3, t3, -7
8000406c: f6 a3        	fsd	ft9, 448(sp)
8000406e: 25 3f        	addiw	t5, t5, -23
80004070: 40 3b        	fld	fs0, 176(a4)
80004072: 48 3e        	fld	fa0, 184(a2)
80004074: 96 e3        	sd	t0, 448(sp)
80004076: de 3d        	fld	fs11, 496(sp)
80004078: a1 f1        	bnez	a1, 0x80003fb8 <H_real+0x1a98>
8000407a: c9 3c        	addiw	s9, s9, -14
8000407c: 3d 0c        	addi	s8, s8, 15
8000407e: 9a 3e        	fld	ft9, 416(sp)
80004080: c3 cc b2 3e  	<unknown>
80004084: 5d 06        	addi	a2, a2, 23
80004086: 54 3c        	fld	fa3, 184(s0)
80004088: db fc 8e 3e  	<unknown>
8000408c: 9c e7        	sd	a5, 8(a5)
8000408e: 29 3f        	addiw	t5, t5, -22
80004090: 3c 3b        	fld	fa5, 112(a4)
80004092: 7c 3e        	fld	fa5, 248(a2)
80004094: 47 4a 0d 3e  	<unknown>
80004098: 56 3c        	fld	fs8, 368(sp)
8000409a: 16 3e        	fld	ft8, 352(sp)
8000409c: a9 14        	addi	s1, s1, -22
8000409e: 22 3f        	fld	ft10, 40(sp)
800040a0: c7 fd 1a 3e  	<unknown>
800040a4: 7e a1        	fsd	ft11, 128(sp)
800040a6: 18 3e        	fld	fa4, 56(a2)
800040a8: 46 d9        	sw	a7, 176(sp)
800040aa: 7e 3e        	fld	ft8, 504(sp)
800040ac: f4 1f        	addi	a3, sp, 1020
800040ae: 10 3e        	fld	fa2, 56(a2)
800040b0: e0 33        	fld	fs0, 224(a5)
800040b2: 92 3e        	fld	ft9, 288(sp)
800040b4: 26 2d        	fld	fs10, 72(sp)
800040b6: 80 3e        	fld	fs0, 56(a3)
800040b8: 94 7e        	ld	a3, 56(a3)
800040ba: 3c 3d        	fld	fa5, 120(a0)
800040bc: 91 8b        	andi	a5, a5, 4
800040be: 8e 3e        	fld	ft9, 224(sp)
800040c0: 94 a8        	fsd	fa3, 16(s1)
800040c2: 66 3e        	fld	ft8, 120(sp)
800040c4: a3 73 09 3e  	<unknown>
800040c8: cf 86 4c 3d  	<unknown>
800040cc: cd 83        	srli	a5, a5, 19
800040ce: 20 3f        	fld	fs0, 120(a4)
800040d0: 6d eb        	bnez	a4, 0x800041c2 <H_real+0x1ca2>
800040d2: c3 3e 66 38  	fmadd.s	ft9, fa2, ft6, ft7, rup
800040d6: 83 3e d5 d4  	ld	t4, -691(a0)
800040da: 4e 3e        	fld	ft8, 240(sp)
800040dc: 9a ad        	fsd	ft6, 216(sp)
800040de: 45 3e        	addiw	t3, t3, -15
800040e0: 11 90        	srli	s0, s0, 36
800040e2: da 3e        	fld	ft9, 432(sp)
800040e4: 5f 0c 9f 3e  	<unknown>
800040e8: e9 b3        	j	0x80003eb2 <H_real+0x1992>
800040ea: 60 3e        	fld	fs0, 248(a2)
800040ec: 57 79 46 3e  	vsetvli	s2, a2, 996
800040f0: 87 4f 44 3e  	<unknown>
800040f4: 4b 41 24 3f  	<unknown>
800040f8: df 4d dc 3b  	<unknown>
800040fc: cb 32 b6 3e  	<unknown>
80004100: 32 01        	slli	sp, sp, 12
80004102: 93 3e 8a 17  	sltiu	t4, s4, 376
80004106: 2b 3f 99 eb  	<unknown>
8000410a: c0 3e        	fld	fs0, 184(a3)
8000410c: 6c 2d        	fld	fa1, 216(a0)
8000410e: 46 3e        	fld	ft8, 112(sp)
80004110: 30 6f        	ld	a2, 88(a4)
80004112: ba 3e        	fld	ft9, 424(sp)
80004114: 86 33        	fld	ft7, 96(sp)
80004116: af 3e df b3  	<unknown>
8000411a: 26 3f        	fld	ft10, 104(sp)
8000411c: 1e 55        	lw	a0, 228(sp)
8000411e: 4a 3e        	fld	ft8, 176(sp)
80004120: 90 d4        	sw	a2, 40(s1)
80004122: 04 3f        	fld	fs1, 56(a4)
80004124: d3 6b 04 3f  	<unknown>
80004128: 9e 01        	slli	gp, gp, 7
8000412a: 34 3f        	fld	fa3, 120(a4)
8000412c: ea d4        	sw	s10, 104(sp)
8000412e: ac 3e        	fld	fa1, 120(a3)
80004130: ca 4b        	lw	s7, 144(sp)
80004132: 91 3e        	addiw	t4, t4, -28
80004134: 0a ad        	fsd	ft2, 152(sp)
80004136: 22 3f        	fld	ft10, 40(sp)
80004138: 56 13        	slli	t1, t1, 53
8000413a: 99 3d        	addiw	s11, s11, -26
8000413c: 3a fb        	sd	a4, 432(sp)
8000413e: 14 3d        	fld	fa3, 56(a0)
80004140: 70 96        	<unknown>
80004142: c9 3e        	addiw	t4, t4, -14
80004144: 90 68        	ld	a2, 16(s1)
80004146: bd 3e        	addiw	t4, t4, -17
80004148: e6 e0        	sd	s9, 64(sp)
8000414a: b6 3e        	fld	ft9, 360(sp)
8000414c: af cf 6c 3e  	<unknown>
80004150: a0 4b        	lw	s0, 80(a5)
80004152: cf 3e 62 85  	<unknown>
80004156: ee 3e        	fld	ft9, 248(sp)
80004158: c4 cd        	sw	s1, 28(a1)
8000415a: db 3e bb 32  	<unknown>
8000415e: b5 3d        	addiw	s11, s11, -19
80004160: ec 95        	<unknown>
80004162: 94 3e        	fld	fa3, 56(a3)
80004164: 52 b6        	fsd	fs4, 296(sp)
80004166: 92 3e        	fld	ft9, 288(sp)
80004168: 99 f4        	bnez	s1, 0x80004076 <H_real+0x1b56>
8000416a: d0 3e        	fld	fa2, 184(a3)
8000416c: 54 16        	addi	a3, sp, 804
8000416e: 81 3e        	addiw	t4, t4, -32
80004170: b0 46        	lw	a2, 72(a3)
80004172: 01 3f        	addiw	t5, t5, -32
80004174: 45 81        	srli	a0, a0, 17
80004176: 80 3e        	fld	fs0, 56(a3)
80004178: 1b 43 bc 3e  	<unknown>
8000417c: 76 58        	lw	a6, 124(sp)
8000417e: fd 3e        	addiw	t4, t4, -1
80004180: 63 23 48 3e  	<unknown>
80004184: 29 82        	srli	a2, a2, 10
80004186: 9a 3d        	fld	fs11, 416(sp)
80004188: 64 b8        	fsd	fs1, 240(s0)
8000418a: 1e 3f        	fld	ft10, 480(sp)
8000418c: 16 07        	slli	a4, a4, 5
8000418e: 2f 3f 07 80  	amomin.d	t5, zero, (a4)
80004192: 9d 3e        	addiw	t4, t4, -25
80004194: 2e 11        	slli	sp, sp, 43
80004196: 7b 3e dd 9d  	<unknown>
8000419a: cd 3c        	addiw	s9, s9, -13
8000419c: f8 bc        	fsd	fa4, 248(s1)
8000419e: c4 3e        	fld	fs1, 184(a3)
800041a0: 09 4b        	li	s6, 2
800041a2: f7 3d f2 be  	<unknown>
800041a6: 7d 3e        	addiw	t3, t3, -1
800041a8: b9 f5        	bnez	a1, 0x800040f6 <H_real+0x1bd6>
800041aa: d4 3e        	fld	fa3, 184(a3)
800041ac: 73 84 c1 3e  	<unknown>
800041b0: 58 f5        	sd	a4, 168(a0)
800041b2: 18 3f        	fld	fa4, 56(a4)
800041b4: 23 3b 27 3f  	sd	s2, 1014(a4)
800041b8: bc 6e        	ld	a5, 88(a3)
800041ba: 36 3d        	fld	fs10, 360(sp)
800041bc: d5 0b        	addi	s7, s7, 21
800041be: eb 3e 84 61  	<unknown>
800041c2: 04 3f        	fld	fs1, 56(a4)
800041c4: cb f5 17 3f  	<unknown>
800041c8: ad fa        	bnez	a3, 0x8000413a <H_real+0x1c1a>
800041ca: b0 3e        	fld	fa2, 120(a3)
800041cc: d3 29 54 3d  	<unknown>
800041d0: 42 1f        	slli	t5, t5, 48
800041d2: 24 3f        	fld	fs1, 120(a4)
800041d4: 24 02        	addi	s1, sp, 264
800041d6: ad 3e        	addiw	t4, t4, -21
800041d8: 8d 42        	li	t0, 3
800041da: d4 3e        	fld	fa3, 184(a3)
800041dc: 2a 06        	slli	a2, a2, 10
800041de: 90 3e        	fld	fa2, 56(a3)
800041e0: 51 18        	addi	a6, a6, -12
800041e2: 0f 3f e9 1f  	<unknown>
800041e6: 03 3f 81 de  	ld	t5, -536(sp)
800041ea: e7 3e 07 7c  	<unknown>
800041ee: be 3e        	fld	ft9, 488(sp)
800041f0: c8 01        	addi	a0, sp, 196
800041f2: b4 3d        	fld	fa3, 120(a1)
800041f4: 26 d8        	sw	s1, 48(sp)
800041f6: a8 3b        	fld	fa0, 112(a5)
800041f8: 1a 43        	lw	t1, 132(sp)
800041fa: a5 3e        	addiw	t4, t4, -23
800041fc: a1 2c        	addiw	s9, s9, 8
800041fe: ad 3e        	addiw	t4, t4, -21
80004200: be 2e        	fld	ft9, 456(sp)
80004202: 26 3f        	fld	ft10, 104(sp)
80004204: e5 fc        	bnez	s1, 0x800041fc <H_real+0x1cdc>
80004206: 1f 3f 8b 50  	<unknown>
8000420a: ed 3e        	addiw	t4, t4, -5
8000420c: 32 78        	ld	a6, 296(sp)
8000420e: ac 3e        	fld	fa1, 120(a3)
80004210: b6 8b        	mv	s7, a3
80004212: 8f 3e 58 85  	<unknown>
80004216: cb 3e 29 8b  	fnmsub.d	ft9, fs2, fs2, fa7, rup
8000421a: c4 3d        	fld	fs1, 184(a1)
8000421c: 54 c2        	sw	a3, 4(a2)
8000421e: 9f 3e ce 64  	<unknown>
80004222: 25 3f        	addiw	t5, t5, -23
80004224: 2f ad 50 3e  	<unknown>
80004228: 33 78 2b 3f  	<unknown>
8000422c: 66 0e        	slli	t3, t3, 25
8000422e: 40 3d        	fld	fs0, 184(a0)
80004230: f0 14        	addi	a2, sp, 620
80004232: 13 3b 5b e2  	sltiu	s6, s6, -475
80004236: d3 3e 0d 84  	<unknown>
8000423a: 67 3e 7e 61  	<unknown>
8000423e: 28 3f        	fld	fa0, 120(a4)
80004240: 5a 81        	mv	sp, s6
80004242: 16 3f        	fld	ft10, 352(sp)
80004244: df ec ca 3e  	<unknown>
80004248: fb 50 2c 3f  	<unknown>
8000424c: b8 3b        	fld	fa4, 112(a5)
8000424e: 2f 3e f1 37  	<unknown>
80004252: 8b 3e c1 13  	<unknown>
80004256: a4 3c        	fld	fs1, 120(s1)
80004258: 7d 1c        	addi	s8, s8, -1
8000425a: cb 3e 21 57  	<unknown>
8000425e: df 3e a6 79  	<unknown>
80004262: 9f 3e 5e 06  	<unknown>
80004266: 2c 3f        	fld	fa1, 120(a4)
80004268: f3 18 2a 3e  	csrrw	a7, pmpaddr50, s4
8000426c: f1 d6        	beqz	a3, 0x80004238 <H_real+0x1d18>
8000426e: 26 3e        	fld	ft8, 104(sp)
80004270: 0f 35 00 3f  	<unknown>
80004274: ed 41        	li	gp, 27
80004276: a0 3d        	fld	fs0, 120(a1)
80004278: 2a 95        	add	a0, a0, a0
8000427a: 95 3e        	addiw	t4, t4, -27
8000427c: 3e 5e        	lw	t3, 236(sp)
8000427e: 2c 3e        	fld	fa1, 120(a2)
80004280: 05 37        	addiw	a4, a4, -31
80004282: 9a 3e        	fld	ft9, 416(sp)
80004284: e6 14        	slli	s1, s1, 57
80004286: b5 3e        	addiw	t4, t4, -19
80004288: d0 da        	sw	a2, 52(a3)
8000428a: 56 3d        	fld	fs10, 368(sp)
8000428c: b9 12        	addi	t0, t0, -18
8000428e: 0d 3f        	addiw	t5, t5, -29
80004290: 6f 0f de 3e  	jal	t5, 0x800e4e7c <timer+0xda41c>
80004294: 20 6d        	ld	s0, 88(a0)
80004296: d3 3c 56 7f  	<unknown>
8000429a: 07 3f 7f b6  	fld	ft10, -1177(t5)
8000429e: 98 3e        	fld	fa4, 56(a3)
800042a0: 33 fc ca 3e  	<unknown>
800042a4: ed 92        	srli	a3, a3, 59
800042a6: 34 3f        	fld	fa3, 120(a4)
800042a8: eb ec c8 3e  	<unknown>
800042ac: ec a2        	fsd	fa1, 192(a3)
800042ae: d6 3e        	fld	ft9, 368(sp)
800042b0: ca 2c        	fld	fs9, 144(sp)
800042b2: 78 3e        	fld	fa4, 248(a2)
800042b4: 0f 02 eb 3e  	<unknown>
800042b8: 6f ac 06 3f  	jal	s8, 0x8006e6a8 <timer+0x63c48>
800042bc: 32 f8        	sd	a2, 48(sp)
800042be: fd 3d        	addiw	s11, s11, -1
800042c0: 0b 16 0f 3f  	<unknown>
800042c4: e8 bc        	fsd	fa0, 248(s1)
800042c6: c8 3e        	fld	fa0, 184(a3)
800042c8: 09 15        	addi	a0, a0, -30
800042ca: 32 3e        	fld	ft8, 296(sp)
800042cc: 2b 63 43 3e  	<unknown>
800042d0: e0 62        	ld	s0, 192(a3)
800042d2: 1f 3e a7 c6  	<unknown>
800042d6: b1 3c        	addiw	s9, s9, -20
800042d8: 82 41        	lw	gp, 0(sp)
800042da: 86 3e        	fld	ft9, 96(sp)
800042dc: 4a 2f        	fld	ft10, 144(sp)
800042de: cd 3e        	addiw	t4, t4, -13
800042e0: 32 77        	ld	a4, 296(sp)
800042e2: 0e 3f        	fld	ft10, 224(sp)
800042e4: 8d 2f        	addiw	t6, t6, 3
800042e6: 0c 3f        	fld	fa1, 56(a4)
800042e8: 8a b9        	fsd	ft2, 240(sp)
800042ea: eb 3e 65 52  	<unknown>
800042ee: ee 3e        	fld	ft9, 248(sp)
800042f0: 8b 90 7a 3e  	<unknown>
800042f4: b0 41        	lw	a2, 64(a1)
800042f6: 56 3e        	fld	ft8, 368(sp)
800042f8: ac 1c        	addi	a1, sp, 632
800042fa: 1d 3f        	addiw	t5, t5, -25
800042fc: a3 87 96 3e  	sb	s1, 1007(a3)
80004300: d8 fc        	sd	a4, 184(s1)
80004302: ac 3e        	fld	fa1, 120(a3)
80004304: e4 6b        	ld	s1, 208(a5)
80004306: 2d 3d        	addiw	s10, s10, -21
80004308: be 11        	slli	gp, gp, 47
8000430a: fb 3e a9 3c  	<unknown>
8000430e: 56 3e        	fld	ft8, 368(sp)
80004310: 7e 6a        	ld	s4, 472(sp)
80004312: 0f 3f 77 8d  	<unknown>
80004316: 0f 3f ae 14  	<unknown>
8000431a: 5b 3e f4 4c  	<unknown>
8000431e: 96 3e        	fld	ft9, 352(sp)
80004320: 6f 90 c1 3e  	j	0x8001d70c <timer+0x12cac>
80004324: fb 2d 01 3f  	<unknown>
80004328: bc 71        	ld	a5, 96(a1)
8000432a: 0c 3f        	fld	fa1, 56(a4)
8000432c: 63 7d 12 3e  	bgeu	tp, ra, 0x80004726 <H_imag+0x206>
80004330: b7 d8 15 3f  	lui	a7, 258397
80004334: 0e 51        	lw	sp, 224(sp)
80004336: 7f 3d eb 95  	<unknown>
8000433a: 08 3e        	fld	fa0, 56(a2)
8000433c: a4 75        	ld	s1, 104(a1)
8000433e: 90 3d        	fld	fa2, 56(a1)
80004340: e6 99        	add	s3, s3, s9
80004342: ec 3d        	fld	fa1, 248(a1)
80004344: 6a 11        	slli	sp, sp, 58
80004346: 84 3e        	fld	fs1, 56(a3)
80004348: f1 fc        	bnez	s1, 0x80004324 <H_real+0x1e04>
8000434a: fe 3e        	fld	ft9, 504(sp)
8000434c: 09 95        	srai	a0, a0, 34
8000434e: f0 3e        	fld	fa2, 248(a3)
80004350: f0 94        	<unknown>
80004352: 0e 3f        	fld	ft10, 224(sp)
80004354: ef 1a 30 3f  	jal	s5, 0x80005f46 <H_imag+0x1a26>
80004358: 29 ba        	j	0x80003c72 <H_real+0x1752>
8000435a: 1b 3f 92 93  	<unknown>
8000435e: a7 3e 27 5d  	fsd	fs2, 1501(a4)
80004362: b2 3e        	fld	ft9, 296(sp)
80004364: f3 6d 74 3e  	csrrsi	s11, pmpaddr55, 8
80004368: 9b 1e 25 3f  	<unknown>
8000436c: 50 07        	addi	a2, sp, 900
8000436e: 29 3e        	addiw	t3, t3, -22
80004370: 8d 32        	addiw	t0, t0, -29
80004372: 0d 3f        	addiw	t5, t5, -29
80004374: dd 41        	li	gp, 23
80004376: 48 3e        	fld	fa0, 184(a2)
80004378: f3 c4 aa 3d  	<unknown>
8000437c: 20 e4        	sd	s0, 72(s0)
8000437e: f7 3e c2 a6  	<unknown>
80004382: 93 3e 7f ee  	sltiu	t4, t5, -281
80004386: 33 3f 35 9d  	<unknown>
8000438a: af 3e 90 9e  	<unknown>
8000438e: b4 3e        	fld	fa3, 120(a3)
80004390: f1 f7        	bnez	a5, 0x8000435c <H_real+0x1e3c>
80004392: 03 3f 8f e7  	ld	t5, -392(t5)
80004396: e8 3e        	fld	fa0, 248(a3)
80004398: 78 40        	lw	a4, 68(s0)
8000439a: 0a 3f        	fld	ft10, 160(sp)
8000439c: 41 68        	lui	a6, 16
8000439e: dc 3c        	fld	fa5, 184(s1)
800043a0: 10 0a        	addi	a2, sp, 272
800043a2: 99 3e        	addiw	t4, t4, -26
800043a4: 54 c3        	sw	a3, 4(a4)
800043a6: 29 3f        	addiw	t5, t5, -22
800043a8: e6 06        	slli	a3, a3, 25
800043aa: 0d 3e        	addiw	t3, t3, -29
800043ac: 84 8b        	<unknown>
800043ae: 2e 3c        	fld	fs8, 232(sp)
800043b0: 22 d8        	sw	s0, 48(sp)
800043b2: 16 3f        	fld	ft10, 352(sp)
800043b4: d1 7b        	lui	s7, 1048564
800043b6: 1f 3f 55 46  	<unknown>
800043ba: 20 3f        	fld	fs0, 120(a4)
800043bc: f1 ca        	beqz	a3, 0x80004490 <H_real+0x1f70>
800043be: 31 3e        	addiw	t3, t3, -20
800043c0: 53 7c a3 3d  	<unknown>
800043c4: 58 e1        	sd	a4, 128(a0)
800043c6: 9d 3e        	addiw	t4, t4, -25
800043c8: 6b 17 a9 3d  	<unknown>
800043cc: 1a 19        	slli	s2, s2, 38
800043ce: dc 3e        	fld	fa5, 184(a3)
800043d0: c8 93        	<unknown>
800043d2: 17 3f 93 ea  	auipc	t5, 960819
800043d6: 22 3e        	fld	ft8, 40(sp)
800043d8: 28 81        	<unknown>
800043da: dd 3e        	addiw	t4, t4, -9
800043dc: 47 72 d0 3e  	<unknown>
800043e0: 6f 08 89 3e  	jal	a6, 0x800947c8 <timer+0x89d68>
800043e4: 07 b9 28 3f  	fld	fs2, 1010(a7)
800043e8: 13 e3 ea 3e  	ori	t1, s5, 1006
800043ec: 2b ef 68 3e  	<unknown>
800043f0: 6a e7        	sd	s10, 392(sp)
800043f2: 2a 3f        	fld	ft10, 168(sp)
800043f4: a7 ec 94 3e  	<unknown>
800043f8: 3b 01 02 3f  	<unknown>
800043fc: 37 fa 1d 3f  	lui	s4, 258527
80004400: 84 5c        	lw	s1, 56(s1)
80004402: 09 3f        	addiw	t5, t5, -30
80004404: 09 12        	addi	tp, tp, -30
80004406: 9d 3e        	addiw	t4, t4, -25
80004408: ac 3e        	fld	fa1, 120(a3)
8000440a: 22 3e        	fld	ft8, 40(sp)
8000440c: 9e 97        	add	a5, a5, t2
8000440e: d2 3d        	fld	fs11, 304(sp)
80004410: 61 60        	c.lui	zero, 24
80004412: 23 3f a6 be  	sd	a0, -1026(a2)
80004416: a2 3e        	fld	ft9, 40(sp)
80004418: 39 7d        	lui	s10, 1048558
8000441a: 1e 3f        	fld	ft10, 480(sp)
8000441c: 6d 98        	andi	s0, s0, -5
8000441e: 83 3d d7 81  	ld	s11, -2019(a4)
80004422: 6a 3e        	fld	ft8, 184(sp)
80004424: 4a 10        	c.slli	zero, 50
80004426: 0e 3f        	fld	ft10, 224(sp)
80004428: 98 cf        	sw	a4, 24(a5)
8000442a: f5 3e        	addiw	t4, t4, -3
8000442c: 93 e6 de 3d  	ori	a3, t4, 989
80004430: 58 cf        	sw	a4, 28(a4)
80004432: dc 3e        	fld	fa5, 184(a3)
80004434: 22 d3        	sw	s0, 164(sp)
80004436: 34 3f        	fld	fa3, 120(a4)
80004438: d2 84        	mv	s1, s4
8000443a: f6 3e        	fld	ft9, 376(sp)
8000443c: 78 3c        	fld	fa4, 248(s0)
8000443e: 84 3d        	fld	fs1, 56(a1)
80004440: 52 6d        	ld	s10, 272(sp)
80004442: 77 3e d3 3a  	<unknown>
80004446: a2 3d        	fld	fs11, 40(sp)
80004448: 78 66        	ld	a4, 200(a2)
8000444a: 20 3f        	fld	fs0, 120(a4)
8000444c: c8 77        	ld	a0, 168(a5)
8000444e: f7 3e 61 cc  	<unknown>
80004452: fb 3e 08 b1  	<unknown>
80004456: de 3e        	fld	ft9, 496(sp)
80004458: 15 3c        	addiw	s8, s8, -27
8000445a: 2d 3f        	addiw	t5, t5, -21
8000445c: 6c 8d        	<unknown>
8000445e: b0 3e        	fld	fa2, 120(a3)
80004460: 4f 7a 0e 3f  	<unknown>
80004464: 08 b4        	fsd	fa0, 40(s0)
80004466: 06 3f        	fld	ft10, 96(sp)
80004468: fa 94        	add	s1, s1, t5
8000446a: bd 3e        	addiw	t4, t4, -17
8000446c: 76 d1        	sw	t4, 160(sp)
8000446e: d4 3d        	fld	fa3, 184(a1)
80004470: 55 a8        	j	0x80004524 <H_imag+0x4>
80004472: 28 3d        	fld	fa0, 120(a0)
80004474: a9 bd        	j	0x800042ce <H_real+0x1dae>
80004476: cf 3e a5 b8  	fnmadd.s	ft9, fa0, fa0, fs7, rup
8000447a: eb 3e 30 37  	<unknown>
8000447e: d6 3e        	fld	ft9, 368(sp)
80004480: fe 11        	slli	gp, gp, 63
80004482: 0c 3f        	fld	fa1, 56(a4)
80004484: bc 67        	ld	a5, 72(a5)
80004486: d4 3d        	fld	fa3, 184(a1)
80004488: 9e 7e        	ld	t4, 480(sp)
8000448a: bf 3e e9 28  	<unknown>
8000448e: 09 3c        	addiw	s8, s8, -30
80004490: a5 a0        	j	0x800044f8 <H_real+0x1fd8>
80004492: b3 3e 25 33  	<unknown>
80004496: 0e 3f        	fld	ft10, 224(sp)
80004498: c8 f3        	sd	a0, 160(a5)
8000449a: 53 3c bf fa  	<unknown>
8000449e: 5d 3e        	addiw	t3, t3, -9
800044a0: 2c b1        	fsd	fa1, 96(a0)
800044a2: 0e 3f        	fld	ft10, 224(sp)
800044a4: 3a 75        	ld	a0, 424(sp)
800044a6: 02 3f        	fld	ft10, 32(sp)
800044a8: 6b 9a a3 3e  	<unknown>
800044ac: 63 24 27 3e  	<unknown>
800044b0: 71 36        	addiw	a2, a2, -4
800044b2: 28 3e        	fld	fa0, 120(a2)
800044b4: 90 e5        	sd	a2, 8(a1)
800044b6: da 3e        	fld	ft9, 432(sp)
800044b8: 20 b5        	fsd	fs0, 104(a0)
800044ba: 2b 3f 4b 65  	<unknown>
800044be: 87 3e a4 d2  	fld	ft9, -726(s0)
800044c2: df 3e 6a 5c  	<unknown>
800044c6: db 3e f1 23  	<unknown>
800044ca: 14 3d        	fld	fa3, 56(a0)
800044cc: a1 d4        	beqz	s1, 0x80004414 <H_real+0x1ef4>
800044ce: 01 3e        	addiw	t3, t3, -32
800044d0: 8e 81        	mv	gp, gp
800044d2: 0e 3b        	fld	fs6, 224(sp)
800044d4: 8a 52        	lw	t0, 160(sp)
800044d6: 32 3f        	fld	ft10, 296(sp)
800044d8: ea 03        	slli	t2, t2, 26
800044da: f5 3e        	addiw	t4, t4, -3
800044dc: 3f 5a 1b 3f  	<unknown>
800044e0: a7 c2 cd 3e  	<unknown>
800044e4: c1 59        	li	s3, -16
800044e6: 18 3f        	fld	fa4, 56(a4)
800044e8: 03 ee 56 3e  	lwu	t3, 997(a3)
800044ec: 69 54        	li	s0, -6
800044ee: 39 3e        	addiw	t3, t3, -18
800044f0: 9e f0        	sd	t2, 96(sp)
800044f2: 27 3e 17 01  	fsd	fa7, 28(a4)
800044f6: 71 3e        	addiw	t3, t3, -4
800044f8: af 89 0c 3f  	<unknown>
800044fc: 82 ff        	sd	zero, 504(sp)
800044fe: 82 3e        	fld	ft9, 32(sp)
80004500: eb 5f 0c 3e  	<unknown>
80004504: 48 2f        	fld	fa0, 152(a4)
80004506: 91 3e        	addiw	t4, t4, -28
80004508: 99 81        	srli	a1, a1, 6
8000450a: d8 3e        	fld	fa4, 184(a3)
8000450c: c8 d5        	sw	a0, 44(a1)
8000450e: 28 3f        	fld	fa0, 120(a4)
80004510: 49 d3        	beqz	a4, 0x80004492 <H_real+0x1f72>
80004512: e5 3c        	addiw	s9, s9, -7
80004514: 3c b3        	fsd	fa5, 96(a4)
80004516: 2d 3f        	addiw	t5, t5, -21
80004518: a5 e4        	bnez	s1, 0x80004580 <H_imag+0x60>
8000451a: 0e 3f        	fld	ft10, 224(sp)
8000451c: d5 24        	addiw	s1, s1, 21
8000451e: 59 3e        	addiw	t3, t3, -10

0000000080004520 <H_imag>:
80004520: d3 33 9f 3e  	<unknown>
80004524: f6 1e        	slli	t4, t4, 61
80004526: a0 3e        	fld	fs0, 120(a3)
80004528: 22 de        	sw	s0, 60(sp)
8000452a: c5 3e        	addiw	t4, t4, -15
8000452c: 80 23        	fld	fs0, 0(a5)
8000452e: 0d 3e        	addiw	t3, t3, -29
80004530: de 03        	slli	t2, t2, 23
80004532: 14 3e        	fld	fa3, 56(a2)
80004534: d6 1c        	slli	s9, s9, 53
80004536: f3 3e 2f ed  	csrrc	t4, 3794, t5
8000453a: 79 3d        	addiw	s10, s10, -2
8000453c: ed c2        	beqz	a3, 0x8000461e <H_imag+0xfe>
8000453e: 21 3f        	addiw	t5, t5, -24
80004540: 1b 6d f0 3e  	<unknown>
80004544: 24 5f        	lw	s1, 120(a4)
80004546: 61 3e        	addiw	t3, t3, -8
80004548: 68 36        	fld	fa0, 232(a2)
8000454a: 18 3f        	fld	fa4, 56(a4)
8000454c: be 9f        	add	t6, t6, a5
8000454e: 4b 3d 12 9d  	<unknown>
80004552: 1d 3f        	addiw	t5, t5, -25
80004554: f6 1c        	slli	s9, s9, 61
80004556: 19 3f        	addiw	t5, t5, -26
80004558: c5 a4        	j	0x80004838 <H_imag+0x318>
8000455a: f2 3e        	fld	ft9, 312(sp)
8000455c: 25 4c        	li	s8, 9
8000455e: 04 3f        	fld	fs1, 56(a4)
80004560: 32 5e        	lw	t3, 44(sp)
80004562: 01 3e        	addiw	t3, t3, -32
80004564: 9f 28 ab 3d  	<unknown>
80004568: b3 35 ab 3e  	<unknown>
8000456c: 82 64        	ld	s1, 0(sp)
8000456e: 69 3e        	addiw	t3, t3, -6
80004570: cf e0 08 3f  	<unknown>
80004574: e7 63 15 3f  	<unknown>
80004578: ad 4b        	li	s7, 11
8000457a: 21 3d        	addiw	s10, s10, -24
8000457c: db 8d ea 3e  	<unknown>
80004580: d1 d7        	beqz	a5, 0x8000450c <H_real+0x1fec>
80004582: 02 3f        	fld	ft10, 32(sp)
80004584: 80 74        	ld	s0, 40(s1)
80004586: 76 3e        	fld	ft8, 376(sp)
80004588: 2e 6e        	ld	t3, 200(sp)
8000458a: fe 3d        	fld	fs11, 504(sp)
8000458c: 47 6d aa 3e  	<unknown>
80004590: b4 9c        	<unknown>
80004592: aa 3e        	fld	ft9, 168(sp)
80004594: 5a 46        	lw	a2, 148(sp)
80004596: 99 3e        	addiw	t4, t4, -26
80004598: 31 2d        	addiw	s10, s10, 12
8000459a: 00 3f        	fld	fs0, 56(a4)
8000459c: c5 b4        	j	0x8000407c <H_real+0x1b5c>
8000459e: fd 3e        	addiw	t4, t4, -1
800045a0: c2 2c        	fld	fs9, 16(sp)
800045a2: a3 3e 81 45  	sd	s8, 1117(sp)
800045a6: c0 3e        	fld	fs0, 184(a3)
800045a8: 2a 78        	ld	a6, 168(sp)
800045aa: 06 39        	fld	fs2, 96(sp)
800045ac: 52 af        	fsd	fs4, 408(sp)
800045ae: dc 3d        	fld	fa5, 184(a1)
800045b0: 98 05        	addi	a4, sp, 704
800045b2: ec 3e        	fld	fa1, 248(a3)
800045b4: a5 22        	addiw	t0, t0, 9
800045b6: 49 3e        	addiw	t3, t3, -14
800045b8: 3f 6c a9 3e  	<unknown>
800045bc: 21 56        	li	a2, -24
800045be: 23 3f 18 84  	sd	ra, -1954(a6)
800045c2: da 3e        	fld	ft9, 432(sp)
800045c4: 3a 4a        	lw	s4, 140(sp)
800045c6: 0b 3f eb 62  	<unknown>
800045ca: 49 3e        	addiw	t3, t3, -14
800045cc: 60 05        	addi	s0, sp, 652
800045ce: 30 3f        	fld	fa2, 120(a4)
800045d0: 45 78        	lui	a6, 1048561
800045d2: e8 3e        	fld	fa0, 248(a3)
800045d4: 47 b8 b9 3d  	<unknown>
800045d8: c2 b5        	fsd	fa6, 232(sp)
800045da: 13 3f 51 13  	sltiu	t5, sp, 309
800045de: f9 3e        	addiw	t4, t4, -2
800045e0: 62 e6        	sd	s8, 264(sp)
800045e2: 91 3e        	addiw	t4, t4, -28
800045e4: 68 4a        	lw	a0, 84(a2)
800045e6: c0 3c        	fld	fs0, 184(s1)
800045e8: 82 1b        	slli	s7, s7, 32
800045ea: 86 3e        	fld	ft9, 96(sp)
800045ec: 05 44        	li	s0, 1
800045ee: ba 3d        	fld	fs11, 424(sp)
800045f0: 6c 9e        	<unknown>
800045f2: b5 3d        	addiw	s11, s11, -19
800045f4: 8d 2b        	addiw	s7, s7, 3
800045f6: 86 3e        	fld	ft9, 96(sp)
800045f8: 07 70 1d 3f  	<unknown>
800045fc: 5d 02        	addi	tp, tp, 23
800045fe: 15 3e        	addiw	t3, t3, -27
80004600: 9b 07 ae 3e  	addiw	a5, t3, 1002
80004604: 23 fa 3b 3e  	<unknown>
80004608: fe d4        	sw	t6, 104(sp)
8000460a: 32 3f        	fld	ft10, 296(sp)
8000460c: a9 4f        	li	t6, 10
8000460e: 1f 3e 20 21  	<unknown>
80004612: 16 3f        	fld	ft10, 352(sp)
80004614: c8 60        	ld	a0, 128(s1)
80004616: 15 3f        	addiw	t5, t5, -27
80004618: 98 0b        	addi	a4, sp, 464
8000461a: 91 3e        	addiw	t4, t4, -28
8000461c: 7e 74        	ld	s0, 504(sp)
8000461e: 14 3e        	fld	fa3, 56(a2)
80004620: 67 b5 96 3e  	<unknown>
80004624: 6c 00        	addi	a1, sp, 12
80004626: 9c 3d        	fld	fa5, 56(a1)
80004628: 48 86        	<unknown>
8000462a: 10 3d        	fld	fa2, 56(a0)
8000462c: 02 c2        	sw	zero, 4(sp)
8000462e: f5 3e        	addiw	t4, t4, -3
80004630: d4 f9        	sd	a3, 176(a1)
80004632: a2 3e        	fld	ft9, 40(sp)
80004634: 53 95 13 3d  	<unknown>
80004638: 3c 78        	ld	a5, 112(s0)
8000463a: 89 3e        	addiw	t4, t4, -30
8000463c: 5c a5        	fsd	fa5, 136(a0)
8000463e: 05 3f        	addiw	t5, t5, -31
80004640: 7c e8        	sd	a5, 208(s0)
80004642: 0a 3b        	fld	fs6, 160(sp)
80004644: 01 a4        	j	0x80004844 <H_imag+0x324>
80004646: bf 3e 47 b0  	<unknown>
8000464a: d6 3e        	fld	ft9, 368(sp)
8000464c: 0d cc        	beqz	s0, 0x80004686 <H_imag+0x166>
8000464e: c5 3c        	addiw	s9, s9, -15
80004650: bb 5f 77 3d  	<unknown>
80004654: 4e 5d        	lw	s10, 240(sp)
80004656: 49 3e        	addiw	t3, t3, -14
80004658: 3e 8e        	mv	t3, a5
8000465a: e3 3e 74 4c  	<unknown>
8000465e: 0c 3f        	fld	fa1, 56(a4)
80004660: 7a d0        	sw	t5, 32(sp)
80004662: 90 3e        	fld	fa2, 56(a3)
80004664: ce f1        	sd	s3, 224(sp)
80004666: 8e 3e        	fld	ft9, 224(sp)
80004668: 6b d1 8d 3e  	<unknown>
8000466c: 81 78        	lui	a7, 1048544
8000466e: ee 3e        	fld	ft9, 248(sp)
80004670: ca c0        	sw	s2, 64(sp)
80004672: 0c 3e        	fld	fa1, 56(a2)
80004674: 47 0d 45 3e  	<unknown>
80004678: f6 8f        	mv	t6, t4
8000467a: 2e 3b        	fld	fs6, 232(sp)
8000467c: 28 10        	addi	a0, sp, 40
8000467e: 05 3f        	addiw	t5, t5, -31
80004680: da 73        	ld	t2, 432(sp)
80004682: b8 3c        	fld	fa4, 120(s1)
80004684: cf f9 04 3f  	<unknown>
80004688: 25 41        	li	sp, 9
8000468a: 71 3e        	addiw	t3, t3, -4
8000468c: 10 cd        	sw	a2, 24(a0)
8000468e: d3 3e 76 f0  	<unknown>
80004692: 01 3f        	addiw	t5, t5, -32
80004694: 84 32        	fld	fs1, 32(a3)
80004696: da 3e        	fld	ft9, 432(sp)
80004698: f6 4b        	lw	s7, 92(sp)
8000469a: 31 3e        	addiw	t3, t3, -20
8000469c: 59 40        	c.li	zero, 22
8000469e: 07 3f 57 d8  	fld	ft10, -635(a4)
800046a2: 1f 3f 18 f3  	<unknown>
800046a6: 11 3f        	addiw	t5, t5, -28
800046a8: 3e c8        	sw	a5, 16(sp)
800046aa: 26 3f        	fld	ft10, 104(sp)
800046ac: ee 2a        	fld	fs5, 216(sp)
800046ae: 46 3e        	fld	ft8, 112(sp)
800046b0: f6 dc        	sw	t4, 120(sp)
800046b2: 8c 3e        	fld	fa1, 56(a3)
800046b4: d2 55        	lw	a1, 52(sp)
800046b6: ae 3e        	fld	ft9, 232(sp)
800046b8: 19 63        	lui	t1, 6
800046ba: 3a 3e        	fld	ft8, 424(sp)
800046bc: 32 04        	slli	s0, s0, 12
800046be: 2b 3f c4 cb  	<unknown>
800046c2: 9e 3d        	fld	fs11, 480(sp)
800046c4: ba 7e        	ld	t4, 424(sp)
800046c6: e9 3d        	addiw	s11, s11, -6
800046c8: 86 c2        	sw	ra, 68(sp)
800046ca: 10 3f        	fld	fa2, 56(a4)
800046cc: 10 15        	addi	a2, sp, 672
800046ce: 01 3f        	addiw	t5, t5, -32
800046d0: 0a ee        	sd	sp, 280(sp)
800046d2: 05 3f        	addiw	t5, t5, -31
800046d4: a1 76        	lui	a3, 1048552
800046d6: 21 3e        	addiw	t3, t3, -24
800046d8: 70 2f        	fld	fa2, 216(a4)
800046da: 57 3e 20 d1  	<unknown>
800046de: 8b 3e d8 fb  	<unknown>
800046e2: 9e 3e        	fld	ft9, 480(sp)
800046e4: 21 bf        	j	0x800045fc <H_imag+0xdc>
800046e6: a3 3d d0 d1  	sd	t4, -741(zero)
800046ea: 32 3f        	fld	ft10, 296(sp)
800046ec: 14 b0        	fsd	fa3, 32(s0)
800046ee: 99 3e        	addiw	t4, t4, -26
800046f0: 82 70        	ld	ra, 32(sp)
800046f2: 97 3e 05 b3  	auipc	t4, 733267
800046f6: d4 3e        	fld	fa3, 184(a3)
800046f8: 66 39        	fld	fs2, 120(sp)
800046fa: b8 3d        	fld	fa4, 120(a1)
800046fc: 79 c5        	beqz	a0, 0x800047ca <H_imag+0x2aa>
800046fe: f7 3e eb 0e  	<unknown>
80004702: 7d 3e        	addiw	t3, t3, -1
80004704: d2 9c        	add	s9, s9, s4
80004706: 96 3e        	fld	ft9, 352(sp)
80004708: e3 78 fb 3e  	bgeu	s6, a5, 0x800052f8 <H_imag+0xdd8>
8000470c: 71 bc        	j	0x800041a8 <H_real+0x1c88>
8000470e: 93 3e 12 d4  	sltiu	t4, tp, -703
80004712: 9a 3e        	fld	ft9, 416(sp)
80004714: f4 be        	fsd	fa3, 248(a3)
80004716: d5 3d        	addiw	s11, s11, -11
80004718: 3b 9c 57 3e  	<unknown>
8000471c: 9e 9d        	add	s11, s11, t2
8000471e: 01 3f        	addiw	t5, t5, -32
80004720: 09 56        	li	a2, -30
80004722: 12 3f        	fld	ft10, 288(sp)
80004724: d1 64        	lui	s1, 20
80004726: 33 3f cb cf  	<unknown>
8000472a: 67 3e 6d f5  	<unknown>
8000472e: a1 3e        	addiw	t4, t4, -24
80004730: e7 ed 25 3f  	<unknown>
80004734: ac 63        	ld	a1, 64(a5)
80004736: 11 3f        	addiw	t5, t5, -28
80004738: b7 97 28 3f  	lui	a5, 258697
8000473c: 9a ff        	sd	t1, 504(sp)
8000473e: 30 3f        	fld	fa2, 120(a4)
80004740: 60 fa        	sd	s0, 240(a2)
80004742: 28 3f        	fld	fa0, 120(a4)
80004744: c6 20        	fld	ft1, 80(sp)
80004746: 36 3e        	fld	ft8, 360(sp)
80004748: 02 35        	fld	fa0, 32(sp)
8000474a: 29 3f        	addiw	t5, t5, -22
8000474c: 32 bd        	fsd	fa2, 184(sp)
8000474e: f7 3e 3e f8  	<unknown>
80004752: 0b 3f b1 87  	<unknown>
80004756: bb 3e 7f d4  	<unknown>
8000475a: f0 3e        	fld	fa2, 248(a3)
8000475c: a6 8e        	mv	t4, s1
8000475e: d4 3e        	fld	fa3, 184(a3)
80004760: bc ef        	sd	a5, 88(a5)
80004762: 02 3d        	fld	fs10, 32(sp)
80004764: 0f db a1 3e  	<unknown>
80004768: 3b 57 c2 3d  	<unknown>
8000476c: a0 08        	addi	s0, sp, 88
8000476e: ea 3e        	fld	ft9, 184(sp)
80004770: f0 bc        	fsd	fa2, 248(s1)
80004772: 90 3e        	fld	fa2, 56(a3)
80004774: 4f eb 91 3e  	<unknown>
80004778: 13 b4 26 3f  	sltiu	s0, a3, 1010
8000477c: 09 4b        	li	s6, 2
8000477e: e9 3d        	addiw	s11, s11, -6
80004780: fc 09        	addi	a5, sp, 220
80004782: d1 3e        	addiw	t4, t4, -12
80004784: 5d cd        	beqz	a0, 0x80004842 <H_imag+0x322>
80004786: da 3e        	fld	ft9, 432(sp)
80004788: 0e e0        	sd	gp, 0(sp)
8000478a: d7 3d 5a 9d  	<unknown>
8000478e: 11 3f        	addiw	t5, t5, -28
80004790: fb 15 d4 3e  	<unknown>
80004794: 37 05 3c 3e  	lui	a0, 254912
80004798: a1 d3        	beqz	a5, 0x800046d8 <H_imag+0x1b8>
8000479a: f8 3d        	fld	fa4, 248(a1)
8000479c: 99 66        	lui	a3, 6
8000479e: 06 3f        	fld	ft10, 96(sp)
800047a0: 46 c5        	sw	a7, 136(sp)
800047a2: 19 3f        	addiw	t5, t5, -26
800047a4: 7b ce 1a 3f  	<unknown>
800047a8: 4e cd        	sw	s3, 152(sp)
800047aa: 9b 3d 00 29  	<unknown>
800047ae: da 3e        	fld	ft9, 432(sp)
800047b0: b6 47        	lw	a5, 76(sp)
800047b2: 1b 3f ec d3  	<unknown>
800047b6: 0b 3f 6a 83  	<unknown>
800047ba: 4a 3e        	fld	ft8, 176(sp)
800047bc: 50 49        	lw	a2, 20(a0)
800047be: 44 3e        	fld	fs1, 184(a2)
800047c0: e0 9b        	<unknown>
800047c2: 15 3f        	addiw	t5, t5, -27
800047c4: cc 3e        	fld	fa1, 184(a3)
800047c6: bc 3d        	fld	fa5, 120(a1)
800047c8: a3 a5 a0 3d  	sw	s10, 971(ra)
800047cc: 56 29        	fld	fs2, 336(sp)
800047ce: 01 3f        	addiw	t5, t5, -32
800047d0: 51 4e        	li	t3, 20
800047d2: 46 3e        	fld	ft8, 112(sp)
800047d4: fc 8b        	<unknown>
800047d6: 01 3f        	addiw	t5, t5, -32
800047d8: b9 4d        	li	s11, 14
800047da: ba 3d        	fld	fs11, 424(sp)
800047dc: 77 48 b2 3e  	<unknown>
800047e0: 18 c4        	sw	a4, 8(s0)
800047e2: d6 3d        	fld	fs11, 368(sp)
800047e4: c3 b2 d4 3e  	<unknown>
800047e8: f8 4d        	lw	a4, 92(a1)
800047ea: 76 3d        	fld	fs10, 376(sp)
800047ec: 73 8e cd 3e  	<unknown>
800047f0: e0 15        	addi	s0, sp, 748
800047f2: dd 3e        	addiw	t4, t4, -9
800047f4: 27 d1 32 3e  	<unknown>
800047f8: 46 5b        	lw	s6, 112(sp)
800047fa: dd 3e        	addiw	t4, t4, -9
800047fc: e7 b7 cf 3e  	<unknown>
80004800: 20 41        	lw	s0, 64(a0)
80004802: eb 3e 5d 2a  	<unknown>
80004806: 31 3f        	addiw	t5, t5, -20
80004808: df fc 0b 3f  	<unknown>
8000480c: b8 7a        	ld	a4, 112(a3)
8000480e: 8e 3e        	fld	ft9, 224(sp)
80004810: 91 b2        	j	0x80004154 <H_real+0x1c34>
80004812: db 3e c7 c9  	<unknown>
80004816: 25 3e        	addiw	t3, t3, -23
80004818: 99 6c        	lui	s9, 6
8000481a: 00 3f        	fld	fs0, 56(a4)
8000481c: e2 3f        	fld	ft11, 56(sp)
8000481e: 5c 3d        	fld	fa5, 184(a0)
80004820: d6 8d        	mv	s11, s5
80004822: 06 3f        	fld	ft10, 96(sp)
80004824: 90 71        	ld	a2, 32(a1)
80004826: bc 3e        	fld	fa5, 120(a3)
80004828: 06 62        	ld	tp, 64(sp)
8000482a: 9b 3e 1d 19  	<unknown>
8000482e: 5e 3e        	fld	ft8, 496(sp)
80004830: 1b d0 08 3f  	<unknown>
80004834: 49 cf        	beqz	a4, 0x800048ce <H_imag+0x3ae>
80004836: 08 3f        	fld	fa0, 56(a4)
80004838: f2 e8        	sd	t3, 80(sp)
8000483a: 8c 3e        	fld	fa1, 56(a3)
8000483c: 05 b6        	j	0x8000435c <H_real+0x1e3c>
8000483e: e3 3e 39 42  	<unknown>
80004842: 15 3e        	addiw	t3, t3, -27
80004844: 23 4e b3 3d  	<unknown>
80004848: ea 12        	slli	t0, t0, 58
8000484a: 18 3f        	fld	fa4, 56(a4)
8000484c: 31 72        	lui	tp, 1048556
8000484e: f4 3e        	fld	fa3, 248(a3)
80004850: 5a 62        	ld	tp, 400(sp)
80004852: d1 3e        	addiw	t4, t4, -12
80004854: 8f 4b 29 3e  	<unknown>
80004858: c2 cb        	sw	a6, 212(sp)
8000485a: 28 3f        	fld	fa0, 120(a4)
8000485c: 70 3b        	fld	fa2, 240(a4)
8000485e: 2f 3f f0 2a  	<unknown>
80004862: 95 3e        	addiw	t4, t4, -27
80004864: 65 19        	addi	s2, s2, -7
80004866: 97 3e c8 82  	auipc	t4, 535683
8000486a: 24 3e        	fld	fs1, 120(a2)
8000486c: 73 3b 46 3e  	csrrc	s6, pmpaddr52, a2
80004870: c6 57        	lw	a5, 112(sp)
80004872: df 3e 6e f7  	<unknown>
80004876: 20 3f        	fld	fs0, 120(a4)
80004878: bd 8a        	andi	a3, a3, 15
8000487a: d9 3e        	addiw	t4, t4, -10
8000487c: 1f 58 b7 3d  	<unknown>
80004880: 7d 63        	lui	t1, 31
80004882: 80 3e        	fld	fs0, 56(a3)
80004884: b1 5a        	li	s5, -20
80004886: 9c 3e        	fld	fa5, 56(a3)
80004888: 41 f4        	bnez	s0, 0x80004810 <H_imag+0x2f0>
8000488a: 28 3f        	fld	fa0, 120(a4)
8000488c: 87 f2 2e 3e  	<unknown>
80004890: 08 48        	lw	a0, 16(s0)
80004892: 0d 3f        	addiw	t5, t5, -29
80004894: ae e9        	sd	a1, 208(sp)
80004896: 72 3e        	fld	ft8, 312(sp)
80004898: 4e 27        	fld	fa4, 208(sp)
8000489a: 03 3f 1f 39  	ld	t5, 913(t5)
8000489e: 50 3e        	fld	fa2, 184(a2)
800048a0: fd 5e        	li	t4, -1
800048a2: 26 3f        	fld	ft10, 104(sp)
800048a4: f2 06        	slli	a3, a3, 28
800048a6: 07 3e f7 c4  	fld	ft8, -945(a4)
800048aa: f1 3e        	addiw	t4, t4, -4
800048ac: 9d ef        	bnez	a5, 0x800048ea <H_imag+0x3ca>
800048ae: 32 3f        	fld	ft10, 296(sp)
800048b0: 4b cf 08 3f  	<unknown>
800048b4: 6e 06        	slli	a2, a2, 27
800048b6: eb 3d 44 70  	<unknown>
800048ba: c3 3e a8 8f  	<unknown>
800048be: 2d 3d        	addiw	s10, s10, -21
800048c0: 9e fb        	sd	t2, 496(sp)
800048c2: d8 3e        	fld	fa4, 184(a3)
800048c4: e8 9c        	<unknown>
800048c6: 36 3d        	fld	fs10, 360(sp)
800048c8: 2e dd        	sw	a1, 184(sp)
800048ca: 25 3e        	addiw	t3, t3, -23
800048cc: 68 e5        	sd	a0, 200(a0)
800048ce: a8 3e        	fld	fa0, 120(a3)
800048d0: a4 d9        	sw	s1, 112(a1)
800048d2: cc 3e        	fld	fa1, 184(a3)
800048d4: fc cf        	sw	a5, 92(a5)
800048d6: a4 3e        	fld	fs1, 120(a3)
800048d8: 77 fb 9d 3e  	<unknown>
800048dc: 44 e9        	sd	s1, 144(a0)
800048de: e3 3e 89 21  	<unknown>
800048e2: e4 3e        	fld	fs1, 248(a3)
800048e4: 3d 2a        	addiw	s4, s4, 15
800048e6: 4e 3d        	fld	fs10, 240(sp)
800048e8: 21 89        	andi	a0, a0, 8
800048ea: 20 3f        	fld	fs0, 120(a4)
800048ec: 3a 46        	lw	a2, 140(sp)
800048ee: fe 3e        	fld	ft9, 504(sp)
800048f0: 5e fe        	sd	s7, 312(sp)
800048f2: ba 3c        	fld	fs9, 424(sp)
800048f4: 36 16        	slli	a2, a2, 45
800048f6: 5e 3d        	fld	fs10, 496(sp)
800048f8: 1e cf        	sw	t2, 156(sp)
800048fa: 0d 3d        	addiw	s10, s10, -29
800048fc: f8 28        	fld	fa4, 208(s1)
800048fe: de 3e        	fld	ft9, 496(sp)
80004900: bd e2        	bnez	a3, 0x80004966 <H_imag+0x446>
80004902: 19 3f        	addiw	t5, t5, -26
80004904: ed b5        	j	0x800047ee <H_imag+0x2ce>
80004906: fa 3e        	fld	ft9, 440(sp)
80004908: 18 6c        	ld	a4, 24(s0)
8000490a: e7 3e d6 1f  	<unknown>
8000490e: ec 3d        	fld	fa1, 248(a1)
80004910: bd 30        	addiw	ra, ra, -17
80004912: 8c 3e        	fld	fa1, 56(a3)
80004914: 65 64        	lui	s0, 25
80004916: c5 3d        	addiw	s11, s11, -15
80004918: 3b cf 5c 3e  	<unknown>
8000491c: 87 30 1d 3f  	fld	ft1, 1009(s10)
80004920: f5 d2        	beqz	a3, 0x80004904 <H_imag+0x3e4>
80004922: 5b 3e e9 b8  	<unknown>
80004926: 90 3e        	fld	fa2, 56(a3)
80004928: 3d 2b        	addiw	s6, s6, 15
8000492a: 33 3f bf 05  	<unknown>
8000492e: f5 3e        	addiw	t4, t4, -3
80004930: 8b 75 22 3f  	<unknown>
80004934: 0a d4        	sw	sp, 40(sp)
80004936: 60 3e        	fld	fs0, 248(a2)
80004938: 3a 03        	slli	t1, t1, 14
8000493a: 07 3d a7 93  	fld	fs10, -1734(a4)
8000493e: 0f 3f 18 bb  	<unknown>
80004942: 67 3d b8 6a  	<unknown>
80004946: ed 3e        	addiw	t4, t4, -5
80004948: 9e c8        	sw	t2, 80(sp)
8000494a: d9 3c        	addiw	s9, s9, -10
8000494c: b7 c8 29 3f  	lui	a7, 258716
80004950: c5 3e        	addiw	t4, t4, -15
80004952: c4 3e        	fld	fs1, 184(a3)
80004954: 8d fc        	bnez	s1, 0x8000488e <H_imag+0x36e>
80004956: fa 3e        	fld	ft9, 440(sp)
80004958: cb de 6b 3e  	<unknown>
8000495c: 62 5c        	lw	s8, 56(sp)
8000495e: 79 3d        	addiw	s10, s10, -2
80004960: 58 14        	addi	a4, sp, 548
80004962: 91 3e        	addiw	t4, t4, -28
80004964: 16 e7        	sd	t0, 392(sp)
80004966: 9c 3b        	fld	fa5, 48(a5)
80004968: 1d eb        	bnez	a4, 0x8000499e <H_imag+0x47e>
8000496a: 1f 3d 14 b1  	<unknown>
8000496e: 83 3d f7 48  	ld	s11, 1167(a4)
80004972: 0d 3f        	addiw	t5, t5, -29
80004974: 57 03 0b 3f  	<unknown>
80004978: c9 37        	addiw	a5, a5, -14
8000497a: 19 3f        	addiw	t5, t5, -26
8000497c: ef 4f ad 3e  	jal	t6, 0x800d8d66 <timer+0xce306>
80004980: 06 9e        	add	t3, t3, ra
80004982: 08 3e        	fld	fa0, 56(a2)
80004984: cf c2 d8 3e  	<unknown>
80004988: 07 fa c3 3e  	<unknown>
8000498c: 29 ea        	bnez	a2, 0x800049de <H_imag+0x4be>
8000498e: cb 3e 63 01  	fnmsub.s	ft9, ft6, fs6, ft0, rup
80004992: 9a 3e        	fld	ft9, 416(sp)
80004994: df 37 30 3e  	<unknown>
80004998: ea df        	sw	s10, 252(sp)
8000499a: e7 3e d8 33  	<unknown>
8000499e: b5 3e        	addiw	t4, t4, -19
800049a0: 8a 7f        	ld	t6, 160(sp)
800049a2: 50 3d        	fld	fa2, 184(a0)
800049a4: ee 7f        	ld	t6, 248(sp)
800049a6: 22 3f        	fld	ft10, 40(sp)
800049a8: 75 90        	srli	s0, s0, 61
800049aa: a1 3d        	addiw	s11, s11, -24
800049ac: bd 53        	li	t2, -17
800049ae: 16 3f        	fld	ft10, 352(sp)
800049b0: 33 47 37 3e  	<unknown>
800049b4: d9 e4        	bnez	s1, 0x80004a42 <H_imag+0x522>
800049b6: 50 3e        	fld	fa2, 184(a2)
800049b8: 4e 35        	fld	fa0, 240(sp)
800049ba: 09 3e        	addiw	t3, t3, -30
800049bc: e9 71        	lui	gp, 1048570
800049be: 14 3f        	fld	fa3, 56(a4)
800049c0: ba 96        	add	a3, a3, a4
800049c2: 0a 3d        	fld	fs10, 160(sp)
800049c4: 14 d4        	sw	a3, 40(s0)
800049c6: d0 3e        	fld	fa2, 184(a3)
800049c8: 3d e2        	bnez	a2, 0x80004a2e <H_imag+0x50e>
800049ca: 93 3d 71 ee  	sltiu	s11, sp, -281
800049ce: ea 3e        	fld	ft9, 184(sp)
800049d0: 89 4e        	li	t4, 2
800049d2: f9 3e        	addiw	t4, t4, -2
800049d4: 23 fa df 3e  	<unknown>
800049d8: ce 77        	ld	a5, 240(sp)
800049da: d7 3d a5 40  	vadc.vim	v27, v10, 10, v0
800049de: 17 3f 66 ab  	auipc	t5, 702051
800049e2: 01 3a        	addiw	s4, s4, -32
800049e4: de f2        	sd	s7, 352(sp)
800049e6: c6 3e        	fld	ft9, 112(sp)
800049e8: 39 ac        	j	0x80004c06 <H_imag+0x6e6>
800049ea: ac 3d        	fld	fa1, 120(a1)
800049ec: da 66        	ld	a3, 400(sp)
800049ee: d5 3e        	addiw	t4, t4, -11
800049f0: 26 b3        	fsd	fs1, 416(sp)
800049f2: 4f 3d 4e a8  	fnmadd.s	fs10, ft8, ft4, fs5, rup
800049f6: 2a 3f        	fld	ft10, 168(sp)
800049f8: 0d 26        	addiw	a2, a2, 3
800049fa: 02 3f        	fld	ft10, 32(sp)
800049fc: 1e ed        	sd	t2, 152(sp)
800049fe: ef 3e 0e 94  	jal	t4, 0x7ffe7b3e <vfctrans_sim.c+0x7ffe7b3e>
80004a02: e4 3e        	fld	fs1, 248(a3)
80004a04: df 26 1e 3f  	<unknown>
80004a08: 8e f7        	sd	gp, 488(sp)
80004a0a: 2e 3f        	fld	ft10, 232(sp)
80004a0c: 63 ce 87 3e  	blt	a5, s0, 0x80004e08 <H_imag+0x8e8>
80004a10: b7 19 1d 3d  	lui	s3, 250321
80004a14: b2 e4        	sd	a2, 72(sp)
80004a16: f4 3e        	fld	fa3, 248(a3)
80004a18: 82 df        	sw	zero, 252(sp)
80004a1a: 83 3e e0 c6  	ld	t4, -914(zero)
80004a1e: f6 3e        	fld	ft9, 376(sp)
80004a20: 96 63        	ld	t2, 320(sp)
80004a22: 6b 3e 84 61  	<unknown>
80004a26: 42 3e        	fld	ft8, 48(sp)
80004a28: c9 47        	li	a5, 18
80004a2a: da 3e        	fld	ft9, 432(sp)
80004a2c: 14 9c        	<unknown>
80004a2e: 06 3f        	fld	ft10, 96(sp)
80004a30: 0e f6        	sd	gp, 296(sp)
80004a32: 44 3e        	fld	fs1, 184(a2)
80004a34: 76 81        	mv	sp, t4
80004a36: ba 3e        	fld	ft9, 424(sp)
80004a38: 02 32        	fld	ft4, 32(sp)
80004a3a: 21 3e        	addiw	t3, t3, -24
80004a3c: 64 40        	lw	s1, 68(s0)
80004a3e: 0d 3f        	addiw	t5, t5, -29
80004a40: 5c 77        	ld	a5, 168(a4)
80004a42: a3 3e 89 20  	sd	s0, 541(s2)
80004a46: 99 3e        	addiw	t4, t4, -26
80004a48: 71 8b        	andi	a4, a4, 28
80004a4a: 70 3d        	fld	fa2, 248(a0)
80004a4c: 0f 6d 20 3f  	<unknown>
80004a50: 60 ec        	sd	s0, 216(s0)
80004a52: 18 3c        	fld	fa4, 56(s0)
80004a54: d9 23        	addiw	t2, t2, 22
80004a56: 0c 3f        	fld	fa1, 56(a4)
80004a58: 99 59        	li	s3, -26
80004a5a: 1f 3f 62 b5  	<unknown>
80004a5e: 16 3f        	fld	ft10, 352(sp)
80004a60: 36 fa        	sd	a3, 304(sp)
80004a62: b7 3e 6b be  	lui	t4, 779955
80004a66: 85 3d        	addiw	s11, s11, -31
80004a68: 90 3b        	fld	fa2, 48(a5)
80004a6a: 94 3e        	fld	fa3, 56(a3)
80004a6c: be e6        	sd	a5, 328(sp)
80004a6e: ca 3d        	fld	fs11, 176(sp)
80004a70: 55 09        	addi	s2, s2, 21
80004a72: 2f 3f 87 81  	amomin.d	t5, s8, (a4)
80004a76: a3 3e be e4  	sd	a1, -419(t3)
80004a7a: 96 3e        	fld	ft9, 352(sp)
80004a7c: cf cd fe 3e  	<unknown>
80004a80: 02 60        	<unknown>
80004a82: 94 3e        	fld	fa3, 56(a3)
80004a84: 8b 67 8e 3e  	<unknown>
80004a88: 81 a8        	j	0x80004ad8 <H_imag+0x5b8>
80004a8a: 82 3e        	fld	ft9, 32(sp)
80004a8c: 81 7f        	lui	t6, 1048544
80004a8e: 1a 3f        	fld	ft10, 416(sp)
80004a90: 56 78        	ld	a6, 368(sp)
80004a92: e4 3e        	fld	fs1, 248(a3)
80004a94: 5d 0a        	addi	s4, s4, 23
80004a96: a2 3e        	fld	ft9, 40(sp)
80004a98: ca 5e        	lw	t4, 176(sp)
80004a9a: 45 3e        	addiw	t3, t3, -15
80004a9c: a9 84        	srai	s1, s1, 10
80004a9e: c4 3e        	fld	fs1, 184(a3)
80004aa0: e2 4a        	lw	s5, 24(sp)
80004aa2: 05 3f        	addiw	t5, t5, -31
80004aa4: 8f 96 df 3e  	<unknown>
80004aa8: b7 73 e7 3e  	lui	t2, 257655
80004aac: e6 8f        	mv	t6, s9
80004aae: 96 3e        	fld	ft9, 352(sp)
80004ab0: 80 01        	addi	s0, sp, 192
80004ab2: ce 3a        	fld	fs5, 240(sp)
80004ab4: 5e 64        	ld	s0, 464(sp)
80004ab6: b4 3e        	fld	fa3, 120(a3)
80004ab8: 03 d0 8a 3c  	lhu	zero, 968(s5)
80004abc: 28 aa        	fsd	fa0, 80(a2)
80004abe: 2b 3e e3 d4  	<unknown>
80004ac2: 68 3e        	fld	fa0, 248(a2)
80004ac4: f2 ef        	sd	t3, 472(sp)
80004ac6: ac 3e        	fld	fa1, 120(a3)
80004ac8: f5 e3        	bnez	a5, 0x80004bac <H_imag+0x68c>
80004aca: 16 3f        	fld	ft10, 352(sp)
80004acc: 02 0a        	c.slli64	s4
80004ace: b5 3e        	addiw	t4, t4, -19
80004ad0: 47 98 f0 3e  	<unknown>
80004ad4: d7 9b 29 3e  	<unknown>
80004ad8: 41 18        	addi	a6, a6, -16
80004ada: 08 3e        	fld	fa0, 56(a2)
80004adc: d7 3d 0b 3f  	vslidedown.vi	v27, v16, 22
80004ae0: 53 cc 5b 3e  	<unknown>
80004ae4: 99 ce        	beqz	a3, 0x80004b02 <H_imag+0x5e2>
80004ae6: a7 3e 9a 26  	fsd	fs1, 637(s4)
80004aea: 3a 3e        	fld	ft8, 424(sp)
80004aec: 39 e2        	bnez	a2, 0x80004b32 <H_imag+0x612>
80004aee: 52 3e        	fld	ft8, 304(sp)
80004af0: a9 ab        	j	0x8000504a <H_imag+0xb2a>
80004af2: 1e 3e        	fld	ft8, 480(sp)
80004af4: cf 17 02 3f  	<unknown>
80004af8: b4 41        	lw	a3, 64(a1)
80004afa: d4 3e        	fld	fa3, 184(a3)
80004afc: 94 c4        	sw	a3, 8(s1)
80004afe: 23 3f 4c 51  	sd	s4, 1310(s8)
80004b02: 9d 3e        	addiw	t4, t4, -25
80004b04: 6f 4d a0 3e  	jal	s10, 0x80008eee <Gram_ref_imag+0x9ce>
80004b08: e7 49 0d 3f  	<unknown>
80004b0c: 0e cf        	sw	gp, 156(sp)
80004b0e: 14 3f        	fld	fa3, 56(a4)
80004b10: c5 93        	srli	a5, a5, 49
80004b12: 7c 3e        	fld	fa5, 248(a2)
80004b14: 71 3a        	addiw	s4, s4, -4
80004b16: 15 3f        	addiw	t5, t5, -27
80004b18: 9a 90        	add	ra, ra, t1
80004b1a: d9 3e        	addiw	t4, t4, -10
80004b1c: d0 f5        	sd	a2, 168(a1)
80004b1e: 93 3e 30 26  	sltiu	t4, zero, 611
80004b22: 32 3f        	fld	ft10, 296(sp)
80004b24: 7f 68 4b 3e  	<unknown>
80004b28: a4 0c        	addi	s1, sp, 600
80004b2a: d5 3e        	addiw	t4, t4, -11
80004b2c: 33 5a 8c 3e  	<unknown>
80004b30: 99 7d        	lui	s11, 1048550
80004b32: 72 3e        	fld	ft8, 312(sp)
80004b34: ba 2c        	fld	fs9, 392(sp)
80004b36: f7 3e b5 f9  	<unknown>
80004b3a: f2 3d        	fld	fs11, 312(sp)
80004b3c: 44 42        	lw	s1, 4(a2)
80004b3e: 01 3f        	addiw	t5, t5, -32
80004b40: e2 b9        	fsd	fs8, 240(sp)
80004b42: fc 3e        	fld	fa5, 248(a3)
80004b44: 0b 24 2f 3f  	<unknown>
80004b48: 52 aa        	fsd	fs4, 272(sp)
80004b4a: 46 3e        	fld	ft8, 112(sp)
80004b4c: 06 59        	lw	s2, 96(sp)
80004b4e: 14 3f        	fld	fa3, 56(a4)
80004b50: d8 4c        	lw	a4, 28(s1)
80004b52: f1 3e        	addiw	t4, t4, -4
80004b54: f1 e0        	bnez	s1, 0x80004c18 <H_imag+0x6f8>
80004b56: ee 3e        	fld	ft9, 248(sp)
80004b58: ca 82        	mv	t0, s2
80004b5a: 0f 3f ef 26  	<unknown>
80004b5e: c6 3d        	fld	fs11, 112(sp)
80004b60: fb 50 e3 3e  	<unknown>
80004b64: 18 cc        	sw	a4, 24(s0)
80004b66: c4 3d        	fld	fs1, 184(a1)
80004b68: 81 5b        	li	s7, -32
80004b6a: 24 3e        	fld	fs1, 120(a2)
80004b6c: 9a 52        	lw	t0, 164(sp)
80004b6e: 28 3a        	fld	fa0, 112(a2)
80004b70: df e9 9f 3e  	<unknown>
80004b74: 74 d5        	sw	a3, 108(a0)
80004b76: de 3d        	fld	fs11, 496(sp)
80004b78: fd f3        	bnez	a5, 0x80004b5e <H_imag+0x63e>
80004b7a: ec 3e        	fld	fa1, 248(a3)
80004b7c: 29 de        	beqz	a2, 0x80004ad6 <H_imag+0x5b6>
80004b7e: a6 3e        	fld	ft9, 104(sp)
80004b80: 75 68        	lui	a6, 29
80004b82: f4 3d        	fld	fa3, 248(a1)
80004b84: 8d b3        	j	0x800048e6 <H_imag+0x3c6>
80004b86: 3f 3e b1 65  	<unknown>
80004b8a: 3f 3d d0 82  	<unknown>
80004b8e: 83 3e 11 05  	ld	t4, 81(sp)
80004b92: 6e 3e        	fld	ft8, 248(sp)
80004b94: 0b b5 04 3f  	<unknown>
80004b98: bd 56        	li	a3, -17
80004b9a: 21 3f        	addiw	t5, t5, -24
80004b9c: a5 af        	j	0x80005314 <H_imag+0xdf4>
80004b9e: f5 3e        	addiw	t4, t4, -3
80004ba0: 19 a4        	j	0x80004da6 <H_imag+0x886>
80004ba2: 21 3f        	addiw	t5, t5, -24
80004ba4: e6 2e        	fld	ft9, 88(sp)
80004ba6: 64 3e        	fld	fs1, 248(a2)
80004ba8: 27 15 bc 3e  	<unknown>
80004bac: 75 90        	srli	s0, s0, 61
80004bae: 9e 3e        	fld	ft9, 480(sp)
80004bb0: 9d ec        	bnez	s1, 0x80004bee <H_imag+0x6ce>
80004bb2: d1 3e        	addiw	t4, t4, -12
80004bb4: 09 e9        	bnez	a0, 0x80004bc6 <H_imag+0x6a6>
80004bb6: 01 3f        	addiw	t5, t5, -32
80004bb8: e2 23        	fld	ft7, 24(sp)
80004bba: 5e 3d        	fld	fs10, 496(sp)
80004bbc: 33 8e e6 3e  	<unknown>
80004bc0: a9 0b        	addi	s7, s7, 10
80004bc2: de 3c        	fld	fs9, 496(sp)
80004bc4: ff aa eb 3c  	<unknown>
80004bc8: 70 11        	addi	a2, sp, 172
80004bca: f5 3e        	addiw	t4, t4, -3
80004bcc: 67 9b 39 3e  	<unknown>
80004bd0: e4 a3        	fsd	fs1, 192(a5)
80004bd2: 65 3d        	addiw	s10, s10, -7
80004bd4: d8 e3        	sd	a4, 128(a5)
80004bd6: 70 3e        	fld	fa2, 248(a2)
80004bd8: 05 69        	lui	s2, 1
80004bda: 2d 3f        	addiw	t5, t5, -21
80004bdc: f9 ce        	beqz	a3, 0x80004cba <H_imag+0x79a>
80004bde: a5 3e        	addiw	t4, t4, -23
80004be0: bc 32        	fld	fa5, 96(a3)
80004be2: 28 3f        	fld	fa0, 120(a4)
80004be4: 7c 52        	lw	a5, 100(a2)
80004be6: e1 3d        	addiw	s11, s11, -8
80004be8: c3 e0 96 3e  	<unknown>
80004bec: ee 7c        	ld	s9, 248(sp)
80004bee: e7 3e 56 23  	<unknown>
80004bf2: f9 3e        	addiw	t4, t4, -2
80004bf4: b1 1f        	addi	t6, t6, -20
80004bf6: 93 3e d3 79  	sltiu	t4, t1, 1949
80004bfa: 30 3d        	fld	fa2, 120(a0)
80004bfc: a7 e8 d1 3d  	<unknown>
80004c00: 60 f4        	sd	s0, 232(s0)
80004c02: cf 3e 5f df  	<unknown>
80004c06: 9c 3e        	fld	fa5, 56(a3)
80004c08: f3 68 81 3e  	csrrsi	a7, pmpaddr56, 2
80004c0c: 14 12        	addi	a3, sp, 288
80004c0e: f4 3e        	fld	fa3, 248(a3)
80004c10: ae ad        	fsd	fa1, 216(sp)
80004c12: cf 3d c4 e0  	fnmadd.s	fs11, fs0, fa2, ft8, rup
80004c16: 08 3f        	fld	fa0, 56(a4)
80004c18: 07 36 dc 3e  	fld	fa2, 1005(s8)
80004c1c: 3f 6d 42 3e  	<unknown>
80004c20: 30 93        	<unknown>
80004c22: aa 3d        	fld	fs11, 168(sp)
80004c24: 8b 8c f7 3e  	<unknown>
80004c28: 06 0e        	slli	t3, t3, 1
80004c2a: 11 3f        	addiw	t5, t5, -28
80004c2c: 6c e2        	sd	a1, 192(a2)
80004c2e: e1 3d        	addiw	s11, s11, -8
80004c30: 7d 93        	srli	a4, a4, 63
80004c32: 14 3e        	fld	fa3, 56(a2)
80004c34: 93 0b da 3e  	addi	s7, s4, 1005
80004c38: 94 fd        	sd	a3, 56(a1)
80004c3a: c3 3e 95 07  	<unknown>
80004c3e: e3 3e d1 75  	<unknown>
80004c42: 81 3e        	addiw	t4, t4, -32
80004c44: ce 3b        	fld	fs7, 240(sp)
80004c46: 14 3f        	fld	fa3, 56(a4)
80004c48: a7 40 bc 3d  	<unknown>
80004c4c: 1c 25        	fld	fa5, 8(a0)
80004c4e: ea 3e        	fld	ft9, 184(sp)
80004c50: 04 1a        	addi	s1, sp, 304
80004c52: 1f 3f 00 b1  	<unknown>
80004c56: da 3d        	fld	fs11, 432(sp)
80004c58: 09 ec        	bnez	s0, 0x80004c72 <H_imag+0x752>
80004c5a: 17 3f 09 5a  	auipc	t5, 368787
80004c5e: 5b 3e cc e9  	<unknown>
80004c62: b4 3c        	fld	fa3, 120(s1)
80004c64: 0d 41        	li	sp, 3
80004c66: ac 3d        	fld	fa1, 120(a1)
80004c68: 2c 6c        	ld	a1, 88(s0)
80004c6a: 3f 3d 90 ae  	<unknown>
80004c6e: d7 3e ca 6a  	<unknown>
80004c72: 70 3e        	fld	fa2, 248(a2)
80004c74: 7d 4b        	li	s6, 31
80004c76: b0 3d        	fld	fa2, 120(a1)
80004c78: c2 6c        	ld	s9, 16(sp)
80004c7a: 9a 3d        	fld	fs11, 416(sp)
80004c7c: a5 74        	lui	s1, 1048553
80004c7e: 10 3f        	fld	fa2, 56(a4)
80004c80: 60 b5        	fsd	fs0, 232(a0)
80004c82: 20 3e        	fld	fs0, 120(a2)
80004c84: c2 a3        	fsd	fa6, 448(sp)
80004c86: 2f 3e 6a 01  	amoadd.d	t3, s6, (s4)
80004c8a: 35 3f        	addiw	t5, t5, -19
80004c8c: f9 43        	li	t2, 30
80004c8e: b4 3e        	fld	fa3, 120(a3)
80004c90: af 06 27 3f  	<unknown>
80004c94: fd 5a        	li	s5, -1
80004c96: 20 3f        	fld	fs0, 120(a4)
80004c98: 8f d4 e0 3e  	<unknown>
80004c9c: be 7e        	ld	t4, 488(sp)
80004c9e: 2b 3f 56 5d  	<unknown>
80004ca2: d8 3e        	fld	fa4, 184(a3)
80004ca4: 13 bb 83 3e  	sltiu	s6, t2, 1000
80004ca8: bc 0d        	addi	a5, sp, 728
80004caa: 8f 3e 0d 4a  	<unknown>
80004cae: 0e 3f        	fld	ft10, 224(sp)
80004cb0: 6e c2        	sw	s11, 4(sp)
80004cb2: ce 3e        	fld	ft9, 240(sp)
80004cb4: 99 85        	srai	a1, a1, 6
80004cb6: 27 3f 80 40  	fsd	fs0, 1054(zero)
80004cba: 02 3f        	fld	ft10, 32(sp)
80004cbc: cd f2        	bnez	a3, 0x80004c5e <H_imag+0x73e>
80004cbe: 16 3e        	fld	ft8, 352(sp)
80004cc0: ed 4e        	li	t4, 27
80004cc2: 8a 3e        	fld	ft9, 160(sp)
80004cc4: b7 7b 2b 3f  	lui	s7, 258743
80004cc8: 24 65        	ld	s1, 72(a0)
80004cca: 04 3e        	fld	fs1, 56(a2)
80004ccc: b2 59        	lw	s3, 44(sp)
80004cce: 90 3e        	fld	fa2, 56(a3)
80004cd0: 81 64        	lui	s1, 0
80004cd2: ae 3d        	fld	fs11, 232(sp)
80004cd4: d3 ad ce 3e  	<unknown>
80004cd8: 5e f9        	sd	s7, 176(sp)
80004cda: 23 3f c8 53  	sd	t3, 1342(a6)
80004cde: 16 3f        	fld	ft10, 352(sp)
80004ce0: 55 6a        	lui	s4, 21
80004ce2: b1 3e        	addiw	t4, t4, -20
80004ce4: b5 99        	andi	a1, a1, -19
80004ce6: 0f 3f fe 4c  	<unknown>
80004cea: 28 3e        	fld	fa0, 120(a2)
80004cec: 03 6e 08 3f  	lwu	t3, 1008(a6)
80004cf0: c7 9f a2 3e  	<unknown>
80004cf4: 24 ac        	fsd	fs1, 88(s0)
80004cf6: 14 3f        	fld	fa3, 56(a4)
80004cf8: 1b 36 bf 3d  	<unknown>
80004cfc: 7b a8 06 3f  	<unknown>
80004d00: e6 0a        	slli	s5, s5, 25
80004d02: a1 3e        	addiw	t4, t4, -24
80004d04: 69 13        	addi	t1, t1, -6
80004d06: 2d 3f        	addiw	t5, t5, -21
80004d08: ed 07        	addi	a5, a5, 27
80004d0a: 33 3f a6 29  	<unknown>
80004d0e: fa 3e        	fld	ft9, 440(sp)
80004d10: a2 8d        	mv	s11, s0
80004d12: 34 3f        	fld	fa3, 120(a4)
80004d14: 06 a5        	fsd	ft1, 136(sp)
80004d16: 28 3e        	fld	fa0, 120(a2)
80004d18: c9 e8        	bnez	s1, 0x80004daa <H_imag+0x88a>
80004d1a: 27 3f 7f 1b  	fsd	fs7, 446(t5)
80004d1e: 17 3e 0e 88  	auipc	t3, 557283
80004d22: 52 3e        	fld	ft8, 304(sp)
80004d24: 7a ba        	fsd	ft10, 304(sp)
80004d26: de 3e        	fld	ft9, 496(sp)
80004d28: 2a 98        	add	a6, a6, a0
80004d2a: 2b 3d e9 98  	<unknown>
80004d2e: 92 3e        	fld	ft9, 288(sp)
80004d30: 05 ef        	bnez	a4, 0x80004d68 <H_imag+0x848>
80004d32: a0 3e        	fld	fs0, 120(a3)
80004d34: 36 aa        	fsd	fa3, 272(sp)
80004d36: 75 3d        	addiw	s10, s10, -3
80004d38: fb 76 ea 3e  	<unknown>
80004d3c: 0a 0c        	slli	s8, s8, 2
80004d3e: 20 3f        	fld	fs0, 120(a4)
80004d40: a2 e7        	sd	s0, 456(sp)
80004d42: 0d 3f        	addiw	t5, t5, -29
80004d44: 8f 7a 60 3d  	<unknown>
80004d48: 44 31        	fld	fs1, 160(a0)
80004d4a: e3 3d 7f 03  	<unknown>
80004d4e: 83 3e b8 04  	ld	t4, 75(a6)
80004d52: ef 3e 93 96  	jal	t4, 0x7ff386ba <vfctrans_sim.c+0x7ff386ba>
80004d56: 00 3f        	fld	fs0, 56(a4)
80004d58: 80 64        	ld	s0, 8(s1)
80004d5a: 25 3f        	addiw	t5, t5, -23
80004d5c: 6b 3b 0e 3f  	<unknown>
80004d60: 13 1f 32 3e  	<unknown>
80004d64: 86 b2        	fsd	ft1, 352(sp)
80004d66: ad 3d        	addiw	s11, s11, -21
80004d68: 09 e7        	bnez	a4, 0x80004d72 <H_imag+0x852>
80004d6a: dc 3e        	fld	fa5, 184(a3)
80004d6c: cb a4 04 3f  	<unknown>
80004d70: dd 1f        	addi	t6, t6, -9
80004d72: d4 3c        	fld	fa3, 184(s1)
80004d74: a1 fd        	bnez	a1, 0x80004ccc <H_imag+0x7ac>
80004d76: 02 3c        	fld	fs8, 32(sp)
80004d78: 6f 16 5e 3e  	jal	a2, 0x800e695c <timer+0xdbefc>
80004d7c: 7f 9f 18 3e  	<unknown>
80004d80: 8f 29 c0 3e  	<unknown>
80004d84: d3 f0 07 3f  	<unknown>
80004d88: dd e0        	bnez	s1, 0x80004e2e <H_imag+0x90e>
80004d8a: 1e 3f        	fld	ft10, 480(sp)
80004d8c: fd b4        	j	0x8000487a <H_imag+0x35a>
80004d8e: 3c 3b        	fld	fa5, 112(a4)
80004d90: 25 4f        	li	t5, 9
80004d92: 2e 3f        	fld	ft10, 232(sp)
80004d94: 68 c4        	sw	a0, 76(s0)
80004d96: 8a 3e        	fld	ft9, 160(sp)
80004d98: e0 53        	lw	s0, 100(a5)
80004d9a: 07 3e ee a3  	fld	ft8, -1474(t3)
80004d9e: 67 3e df fb  	<unknown>
80004da2: a9 3e        	addiw	t4, t4, -22
80004da4: c0 f0        	sd	s0, 160(s1)
80004da6: 34 3f        	fld	fa3, 120(a4)
80004da8: 34 ef        	sd	a3, 88(a4)
80004daa: 1c 3f        	fld	fa5, 56(a4)
80004dac: b3 82 8e 3d  	<unknown>
80004db0: 4c 7f        	ld	a1, 184(a4)
80004db2: d8 3e        	fld	fa4, 184(a3)
80004db4: 4e a7        	fsd	fs3, 392(sp)
80004db6: 93 3e be 86  	sltiu	t4, t3, -1941
80004dba: ce 3e        	fld	ft9, 240(sp)
80004dbc: c6 d3        	sw	a7, 228(sp)
80004dbe: 56 3e        	fld	ft8, 368(sp)
80004dc0: a4 ee        	sd	s1, 88(a3)
80004dc2: f9 3e        	addiw	t4, t4, -2
80004dc4: 01 8c        	sub	s0, s0, s0
80004dc6: 32 3f        	fld	ft10, 296(sp)
80004dc8: f7 3f 75 3e  	<unknown>
80004dcc: dc b3        	fsd	fa5, 160(a5)
80004dce: 62 3d        	fld	fs10, 56(sp)
80004dd0: 01 72        	lui	tp, 1048544
80004dd2: b6 3e        	fld	ft9, 360(sp)
80004dd4: a5 a0        	j	0x80004e3c <H_imag+0x91c>
80004dd6: 79 3e        	addiw	t3, t3, -2
80004dd8: 9b 49 16 3f  	<unknown>
80004ddc: d6 45        	lw	a1, 84(sp)
80004dde: 0e 3e        	fld	ft8, 224(sp)
80004de0: 95 4f        	li	t6, 5
80004de2: 93 3e c5 47  	sltiu	t4, a0, 1148
80004de6: e7 3e b2 24  	<unknown>
80004dea: 4a 3e        	fld	ft8, 176(sp)
80004dec: 86 86        	mv	a3, ra
80004dee: 25 3e        	addiw	t3, t3, -23
80004df0: 18 0b        	addi	a4, sp, 400
80004df2: 25 3f        	addiw	t5, t5, -23
80004df4: 56 33        	fld	ft6, 368(sp)
80004df6: d6 3e        	fld	ft9, 368(sp)
80004df8: 4b 99 f5 3d  	<unknown>
80004dfc: ca 02        	slli	t0, t0, 18
80004dfe: e3 3e 6e 3e  	<unknown>
80004e02: 68 3e        	fld	fa0, 248(a2)
80004e04: e5 0b        	addi	s7, s7, 25
80004e06: d7 3e 9d 4d  	<unknown>
80004e0a: d4 3e        	fld	fa3, 184(a3)
80004e0c: 26 1b        	slli	s6, s6, 41
80004e0e: 1e 3f        	fld	ft10, 480(sp)
80004e10: ee be        	fsd	fs11, 376(sp)
80004e12: 76 3e        	fld	ft8, 376(sp)
80004e14: d0 51        	lw	a2, 36(a1)
80004e16: 22 3f        	fld	ft10, 40(sp)
80004e18: b2 01        	slli	gp, gp, 12
80004e1a: 04 3f        	fld	fs1, 56(a4)
80004e1c: 18 b1        	fsd	fa4, 32(a0)
80004e1e: aa 3e        	fld	ft9, 168(sp)
80004e20: c3 6b 1f 3d  	<unknown>
80004e24: ef f2 20 3d  	jal	t0, 0x800141f6 <timer+0x9796>
80004e28: 62 f1        	sd	s8, 160(sp)
80004e2a: e5 3e        	addiw	t4, t4, -7
80004e2c: 05 1d        	addi	s10, s10, -31
80004e2e: 99 3e        	addiw	t4, t4, -26
80004e30: e7 01 32 3f  	jalr	gp, 1011(tp)
80004e34: 8e 3e        	fld	ft9, 224(sp)
80004e36: 11 3f        	addiw	t5, t5, -28
80004e38: 5c 48        	lw	a5, 20(s0)
80004e3a: 72 3d        	fld	fs10, 312(sp)
80004e3c: 95 92        	srli	a3, a3, 37
80004e3e: 88 3e        	fld	fa0, 56(a3)
80004e40: 21 e0        	bnez	s0, 0x80004e80 <H_imag+0x960>
80004e42: ba 3e        	fld	ft9, 424(sp)
80004e44: c9 48        	li	a7, 18
80004e46: d3 3e b0 69  	<unknown>
80004e4a: a7 3e d6 10  	fsd	fa3, 285(a2)
80004e4e: c2 3e        	fld	ft9, 48(sp)
80004e50: f2 d3        	sw	t3, 228(sp)
80004e52: 05 3f        	addiw	t5, t5, -31
80004e54: b3 70 20 3f  	<unknown>
80004e58: bc aa        	fsd	fa5, 80(a3)
80004e5a: 30 3f        	fld	fa2, 120(a4)
80004e5c: 0b a3 0d 3f  	<unknown>
80004e60: 4a cd        	sw	s2, 152(sp)
80004e62: d4 3d        	fld	fa3, 184(a1)
80004e64: f2 06        	slli	a3, a3, 28
80004e66: 27 3f 18 5f  	fsd	fa7, 1534(a6)
80004e6a: bf 3e f4 86  	<unknown>
80004e6e: 8d 3e        	addiw	t4, t4, -29
80004e70: 1d 5e        	li	t3, -25
80004e72: 0c 3f        	fld	fa1, 56(a4)
80004e74: 97 dd b0 3e  	auipc	s11, 256781
80004e78: 32 d4        	sw	a2, 40(sp)
80004e7a: 01 3e        	addiw	t3, t3, -32
80004e7c: e8 0a        	addi	a0, sp, 348
80004e7e: 2b 3f 48 d1  	<unknown>
80004e82: 32 3f        	fld	ft10, 296(sp)
80004e84: 38 a6        	fsd	fa4, 72(a2)
80004e86: c4 3e        	fld	fs1, 184(a3)
80004e88: 0b 24 f2 3e  	<unknown>
80004e8c: 77 d9 d1 3e  	<unknown>
80004e90: 6d fb        	bnez	a4, 0x80004e82 <H_imag+0x962>
80004e92: 1b 3f 8c a8  	<unknown>
80004e96: 05 3f        	addiw	t5, t5, -31
80004e98: ed cf        	beqz	a5, 0x80004f92 <H_imag+0xa72>
80004e9a: 84 3e        	fld	fs1, 56(a3)
80004e9c: 98 0f        	addi	a4, sp, 976
80004e9e: cd 3e        	addiw	t4, t4, -13
80004ea0: a5 39        	addiw	s3, s3, -23
80004ea2: 01 3f        	addiw	t5, t5, -32
80004ea4: 74 37        	fld	fa3, 232(a4)
80004ea6: 30 3f        	fld	fa2, 120(a4)
80004ea8: 38 8f        	<unknown>
80004eaa: 08 3e        	fld	fa0, 56(a2)
80004eac: 1c 34        	fld	fa5, 40(s0)
80004eae: c6 3e        	fld	ft9, 112(sp)
80004eb0: 58 c6        	sw	a4, 12(a2)
80004eb2: a4 3e        	fld	fs1, 120(a3)
80004eb4: 38 32        	fld	fa4, 96(a2)
80004eb6: 13 3e 20 81  	sltiu	t3, zero, -2030
80004eba: f3 3e ca 88  	csrrc	t4, 2188, s4
80004ebe: 09 3e        	addiw	t3, t3, -30
80004ec0: 85 42        	li	t0, 1
80004ec2: a7 3e 60 4f  	fsd	fs6, 1277(zero)
80004ec6: f5 3e        	addiw	t4, t4, -3
80004ec8: af d5 2f 3e  	<unknown>
80004ecc: ea b0        	fsd	fs10, 96(sp)
80004ece: cf 3e 30 2a  	fnmadd.d	ft9, ft0, ft3, ft5, rup
80004ed2: 5e 3e        	fld	ft8, 496(sp)
80004ed4: c0 44        	lw	s0, 12(s1)
80004ed6: fa 3e        	fld	ft9, 440(sp)
80004ed8: d5 b9        	j	0x80004bcc <H_imag+0x6ac>
80004eda: 24 3f        	fld	fs1, 120(a4)
80004edc: 2f a1 48 3d  	<unknown>
80004ee0: e4 70        	ld	s1, 224(s1)
80004ee2: c3 3e 6c 6a  	fmadd.d	ft9, fs8, ft6, fa3, rup
80004ee6: 03 3f f4 fa  	ld	t5, -81(s0)
80004eea: 93 3e 1a 6e  	sltiu	t4, s4, 1761
80004eee: 32 3f        	fld	ft10, 296(sp)
80004ef0: af 0d 62 3e  	<unknown>
80004ef4: 7a 4b        	lw	s6, 156(sp)
80004ef6: 24 3f        	fld	fs1, 120(a4)
80004ef8: 62 43        	lw	t1, 24(sp)
80004efa: 5e 3d        	fld	fs10, 496(sp)
80004efc: e9 53        	li	t2, -6
80004efe: a3 3d 93 e7  	sd	s9, -389(t1)
80004f02: 49 3e        	addiw	t3, t3, -14
80004f04: 5d 21        	addiw	sp, sp, 23
80004f06: 3a 3e        	fld	ft8, 424(sp)
80004f08: 95 96        	srai	a3, a3, 37
80004f0a: 53 3e 99 6d  	<unknown>
80004f0e: 1f 3b 4b 9f  	<unknown>
80004f12: 4d 3d        	addiw	s10, s10, -13
80004f14: e5 c8        	beqz	s1, 0x80005004 <H_imag+0xae4>
80004f16: 2b 3f 59 d7  	<unknown>
80004f1a: 0f 3f 97 fe  	<unknown>
80004f1e: 17 3f 00 fe  	auipc	t5, 1040387
80004f22: 0b 3f 3c 0e  	<unknown>
80004f26: 6c 3e        	fld	fa1, 248(a2)
80004f28: bc 2a        	fld	fa5, 80(a3)
80004f2a: 0f 3f 78 71  	<unknown>
80004f2e: 4f 3c 34 9a  	fnmadd.d	fs8, fs0, ft3, fs3, rup
80004f32: 92 3e        	fld	ft9, 288(sp)
80004f34: fd c7        	beqz	a5, 0x80005022 <H_imag+0xb02>
80004f36: db 3e 97 f8  	<unknown>
80004f3a: 25 3f        	addiw	t5, t5, -23
80004f3c: a6 77        	ld	a5, 104(sp)
80004f3e: 94 3e        	fld	fa3, 56(a3)
80004f40: 2c c3        	sw	a1, 64(a4)
80004f42: 24 3e        	fld	fs1, 120(a2)
80004f44: 7f 1f 28 3f  	<unknown>
80004f48: 12 2d        	fld	fs10, 256(sp)
80004f4a: ff 3c 8b d0  	<unknown>
80004f4e: 4c 3e        	fld	fa1, 184(a2)
80004f50: 3b 86 bf 3e  	<unknown>
80004f54: 82 89        	jr	s3
80004f56: 5d 3e        	addiw	t3, t3, -9
80004f58: db 87 fd 3e  	<unknown>
80004f5c: 04 f6        	sd	s1, 40(a2)
80004f5e: 54 3e        	fld	fa3, 184(a2)
80004f60: 9e bb        	fsd	ft7, 496(sp)
80004f62: 57 3c ef f6  	<unknown>
80004f66: 5b 3d 18 31  	<unknown>
80004f6a: 34 3f        	fld	fa3, 120(a4)
80004f6c: 92 94        	add	s1, s1, tp
80004f6e: da 3e        	fld	ft9, 432(sp)
80004f70: b6 e7        	sd	a3, 456(sp)
80004f72: 9a 3e        	fld	ft9, 416(sp)
80004f74: 4b 3f 17 3f  	<unknown>
80004f78: 9a a3        	fsd	ft6, 448(sp)
80004f7a: 27 3e 7a b3  	fsd	fs7, -1220(s4)
80004f7e: 93 3e 9f 01  	sltiu	t4, t5, 25
80004f82: 99 3d        	addiw	s11, s11, -26
80004f84: 96 95        	add	a1, a1, t0
80004f86: 15 3f        	addiw	t5, t5, -27
80004f88: b8 a5        	fsd	fa4, 72(a1)
80004f8a: ff 3e 74 2c  	<unknown>
80004f8e: 8c 3d        	fld	fa1, 56(a1)
80004f90: 75 b5        	j	0x80004e3c <H_imag+0x91c>
80004f92: d4 3e        	fld	fa3, 184(a3)
80004f94: 6c 8b        	<unknown>
80004f96: 8b 3d d5 52  	<unknown>
80004f9a: 81 3d        	addiw	s11, s11, -32
80004f9c: 41 dc        	beqz	s0, 0x80004f34 <H_imag+0xa14>
80004f9e: 08 3f        	fld	fa0, 56(a4)
80004fa0: a3 71 1a 3e  	<unknown>
80004fa4: 7e f5        	sd	t6, 168(sp)
80004fa6: 8f 3e 09 56  	<unknown>
80004faa: ce 3e        	fld	ft9, 240(sp)
80004fac: bc 79        	ld	a5, 112(a1)
80004fae: e2 3e        	fld	ft9, 56(sp)
80004fb0: ac d8        	sw	a1, 112(s1)
80004fb2: f4 3e        	fld	fa3, 248(a3)
80004fb4: a6 a8        	fsd	fs1, 80(sp)
80004fb6: 2f 3f 3c 86  	amomin.d.aqrl	t5, gp, (s8)
80004fba: 68 3e        	fld	fa0, 248(a2)
80004fbc: 83 02 29 3f  	lb	t0, 1010(s2)
80004fc0: 5f b2 71 3e  	<unknown>
80004fc4: 88 d4        	sw	a0, 40(s1)
80004fc6: e9 3e        	addiw	t4, t4, -6
80004fc8: 8e 7d        	ld	s11, 224(sp)
80004fca: 14 3f        	fld	fa3, 56(a4)
80004fcc: 54 4d        	lw	a3, 28(a0)
80004fce: 13 3f b6 40  	sltiu	t5, a2, 1035
80004fd2: 77 3e 75 43  	<unknown>
80004fd6: f3 3e ab 92  	csrrc	t4, 2346, s6
80004fda: bd 3d        	addiw	s11, s11, -17
80004fdc: 8f 17 48 3e  	<unknown>
80004fe0: ba 2e        	fld	ft9, 392(sp)
80004fe2: a5 3e        	addiw	t4, t4, -23
80004fe4: b9 fc        	bnez	s1, 0x80004f42 <H_imag+0xa22>
80004fe6: cf 3e 04 70  	fnmadd.s	ft9, fs0, ft0, fa4, rup
80004fea: dd 3e        	addiw	t4, t4, -9
80004fec: 88 f9        	sd	a0, 48(a1)
80004fee: 82 3e        	fld	ft9, 32(sp)
80004ff0: 69 a2        	j	0x8000517a <H_imag+0xc5a>
80004ff2: c5 3e        	addiw	t4, t4, -15
80004ff4: 5a b6        	fsd	fs6, 296(sp)
80004ff6: f4 3e        	fld	fa3, 248(a3)
80004ff8: d0 b9        	fsd	fa2, 176(a1)
80004ffa: ec 3e        	fld	fa1, 248(a3)
80004ffc: 84 de        	sw	s1, 56(a3)
80004ffe: ff 3d 34 b3  	<unknown>
80005002: 1a 3f        	fld	ft10, 416(sp)
80005004: 8e 59        	lw	s3, 224(sp)
80005006: 30 3f        	fld	fa2, 120(a4)
80005008: 49 8e        	or	a2, a2, a0
8000500a: 55 3e        	addiw	t3, t3, -11
8000500c: 82 4b        	lw	s7, 0(sp)
8000500e: 22 3f        	fld	ft10, 40(sp)
80005010: 4b df 18 3f  	<unknown>
80005014: 2d da        	beqz	a2, 0x80004f86 <H_imag+0xa66>
80005016: e4 3e        	fld	fs1, 248(a3)
80005018: e7 05 28 3f  	jalr	a1, 1010(a6)
8000501c: 37 82 f1 3e  	lui	tp, 257816
80005020: 92 2e        	fld	ft9, 256(sp)
80005022: 97 3e 8b 1f  	auipc	t4, 129203
80005026: 20 3f        	fld	fs0, 120(a4)
80005028: 75 b5        	j	0x80004ed4 <H_imag+0x9b4>
8000502a: 8c 3e        	fld	fa1, 56(a3)
8000502c: f3 12 38 3e  	csrrw	t0, pmpaddr51, a6
80005030: 5a 2d        	fld	fs10, 400(sp)
80005032: 2e 3c        	fld	fs8, 232(sp)
80005034: 94 9b        	<unknown>
80005036: cb 3e 03 b6  	<unknown>
8000503a: d6 3e        	fld	ft9, 368(sp)
8000503c: 6d ca        	beqz	a2, 0x8000512e <H_imag+0xc0e>
8000503e: b4 3c        	fld	fa3, 120(s1)
80005040: 04 80        	<unknown>
80005042: 36 3b        	fld	fs6, 360(sp)
80005044: 18 0a        	addi	a4, sp, 272
80005046: c8 3e        	fld	fa0, 184(a3)
80005048: 79 fb        	bnez	a4, 0x8000501e <H_imag+0xafe>
8000504a: 5a 3d        	fld	fs10, 432(sp)
8000504c: a7 f6 7e 3e  	<unknown>
80005050: 96 e3        	sd	t0, 448(sp)
80005052: f8 3e        	fld	fa4, 248(a3)
80005054: 51 3f        	addiw	t5, t5, -12
80005056: be 3e        	fld	ft9, 488(sp)
80005058: 1d 6d        	lui	s10, 7
8000505a: ee 3e        	fld	ft9, 248(sp)
8000505c: 16 6a        	ld	s4, 320(sp)
8000505e: 04 3f        	fld	fs1, 56(a4)
80005060: fe 91        	add	gp, gp, t6
80005062: 47 3e 98 6e  	<unknown>
80005066: ad 3d        	addiw	s11, s11, -21
80005068: f1 7c        	lui	s9, 1048572
8000506a: 12 3f        	fld	ft10, 288(sp)
8000506c: 78 70        	ld	a4, 224(s0)
8000506e: d2 3d        	fld	fs11, 304(sp)
80005070: 18 33        	fld	fa4, 32(a4)
80005072: ed 3e        	addiw	t4, t4, -5
80005074: 0e ff        	sd	gp, 440(sp)
80005076: 33 3e 2a 99  	<unknown>
8000507a: 18 3f        	fld	fa4, 56(a4)
8000507c: 14 f9        	sd	a3, 48(a0)
8000507e: 2f 3d 41 0e  	amoswap.d.aqrl	s10, tp, (sp)
80005082: 00 3f        	fld	fs0, 56(a4)
80005084: 28 c5        	sw	a0, 72(a0)
80005086: f7 3e df aa  	<unknown>
8000508a: c4 3e        	fld	fs1, 184(a3)
8000508c: 8d 75        	lui	a1, 1048547
8000508e: ff 3e 50 80  	<unknown>
80005092: 90 3d        	fld	fa2, 56(a1)
80005094: 08 3c        	fld	fa0, 56(s0)
80005096: 24 3e        	fld	fs1, 120(a2)
80005098: e2 a5        	fsd	fs8, 200(sp)
8000509a: e1 3e        	addiw	t4, t4, -8
8000509c: 20 0d        	addi	s0, sp, 664
8000509e: 0d 3f        	addiw	t5, t5, -29
800050a0: 3f ef be 3e  	<unknown>
800050a4: e3 7c 06 3e  	bgeu	a2, zero, 0x80005c9c <H_imag+0x177c>
800050a8: 0e bd        	fsd	ft3, 184(sp)
800050aa: 05 3f        	addiw	t5, t5, -31
800050ac: 8c cd        	sw	a1, 24(a1)
800050ae: d7 3e b2 1b  	<unknown>
800050b2: 24 3f        	fld	fs1, 120(a4)
800050b4: 12 61        	ld	sp, 256(sp)
800050b6: 1b 3f 3a 58  	<unknown>
800050ba: 09 3f        	addiw	t5, t5, -30
800050bc: 60 0a        	addi	s0, sp, 284
800050be: 10 3e        	fld	fa2, 56(a2)
800050c0: 58 0b        	addi	a4, sp, 404
800050c2: 03 3f 54 f7  	ld	t5, -139(s0)
800050c6: 46 3e        	fld	ft8, 112(sp)
800050c8: 67 a7 33 3f  	<unknown>
800050cc: 46 4b        	lw	s6, 80(sp)
800050ce: 4c 3e        	fld	fa1, 184(a2)
800050d0: 8a f3        	sd	sp, 480(sp)
800050d2: 48 3e        	fld	fa0, 184(a2)
800050d4: 1b f5 0c 3c  	<unknown>
800050d8: db 73 0c 3f  	<unknown>
800050dc: e8 7a        	ld	a0, 240(a3)
800050de: aa 3d        	fld	fs11, 168(sp)
800050e0: 06 9b        	add	s6, s6, ra
800050e2: b8 3e        	fld	fa4, 120(a3)
800050e4: d6 3c        	fld	fs9, 368(sp)
800050e6: 62 3d        	fld	fs10, 56(sp)
800050e8: 36 32        	fld	ft4, 360(sp)
800050ea: 07 3f ee 62  	fld	ft10, 1582(t3)
800050ee: da 3e        	fld	ft9, 432(sp)
800050f0: 47 d2 c0 3e  	<unknown>
800050f4: 51 33        	addiw	t1, t1, -12
800050f6: 97 3e 4b 5c  	auipc	t4, 378035
800050fa: 28 3e        	fld	fa0, 120(a2)
800050fc: 25 95        	srai	a0, a0, 41
800050fe: e8 3e        	fld	fa0, 248(a3)
80005100: c1 20        	addiw	ra, ra, 16
80005102: 9a 3e        	fld	ft9, 416(sp)
80005104: ba 96        	add	a3, a3, a4
80005106: c4 3d        	fld	fs1, 184(a1)
80005108: 64 a8        	fsd	fs1, 208(s0)
8000510a: 2e 3f        	fld	ft10, 232(sp)
8000510c: dc 1a        	addi	a5, sp, 372
8000510e: 24 3f        	fld	fs1, 120(a4)
80005110: fc f9        	sd	a5, 240(a1)
80005112: 24 3f        	fld	fs1, 120(a4)
80005114: bf dc 1c 3f  	<unknown>
80005118: c7 7f 19 3f  	<unknown>
8000511c: 58 10        	addi	a4, sp, 36
8000511e: cf 3e 07 b5  	<unknown>
80005122: 07 3e ae 2a  	fld	ft8, 682(t3)
80005126: 94 3e        	fld	fa3, 56(a3)
80005128: 49 8a        	andi	a2, a2, 18
8000512a: 83 3e 47 58  	ld	t4, 1412(a4)
8000512e: 94 3e        	fld	fa3, 56(a3)
80005130: b4 ca        	sw	a3, 80(a3)
80005132: c9 3e        	addiw	t4, t4, -14
80005134: 47 ee 12 3f  	<unknown>
80005138: eb 1e 94 3d  	<unknown>
8000513c: 6a e3        	sd	s10, 384(sp)
8000513e: 61 3e        	addiw	t3, t3, -8
80005140: 3c d1        	sw	a5, 96(a0)
80005142: 7f 3d f8 02  	<unknown>
80005146: 86 3e        	fld	ft9, 96(sp)
80005148: a7 c9 06 3f  	<unknown>
8000514c: 5b 67 0f 3f  	<unknown>
80005150: a6 22        	fld	ft5, 72(sp)
80005152: 15 3e        	addiw	t3, t3, -27
80005154: b7 48 31 3f  	lui	a7, 258836
80005158: 8c 44        	lw	a1, 8(s1)
8000515a: a4 3d        	fld	fs1, 120(a1)
8000515c: 8b a8 85 3c  	<unknown>
80005160: 44 32        	fld	fs1, 160(a2)
80005162: 80 3e        	fld	fs0, 56(a3)
80005164: 92 08        	slli	a7, a7, 4
80005166: 2c 3f        	fld	fa1, 120(a4)
80005168: 18 05        	addi	a4, sp, 640
8000516a: c9 3d        	addiw	s11, s11, -14
8000516c: 62 90        	c.add	zero, s8
8000516e: ac 3d        	fld	fa1, 120(a1)
80005170: e2 28        	fld	fa7, 24(sp)
80005172: e1 3d        	addiw	s11, s11, -8
80005174: 39 08        	addi	a6, a6, 14
80005176: 06 3f        	fld	ft10, 96(sp)
80005178: 17 1e 15 3e  	auipc	t3, 254289
8000517c: 36 95        	add	a0, a0, a3
8000517e: e0 3e        	fld	fs0, 248(a3)
80005180: b0 f4        	sd	a2, 104(s1)
80005182: 0b 3f c4 2b  	<unknown>
80005186: a4 3e        	fld	fs1, 120(a3)
80005188: 26 11        	slli	sp, sp, 41
8000518a: ea 3d        	fld	fs11, 184(sp)
8000518c: de 51        	lw	gp, 244(sp)
8000518e: 8f 3e 16 74  	<unknown>
80005192: c9 3e        	addiw	t4, t4, -14
80005194: f7 47 04 3f  	<unknown>
80005198: a8 7e        	ld	a0, 120(a3)
8000519a: 09 3f        	addiw	t5, t5, -30
8000519c: 82 07        	c.slli64	a5
8000519e: 32 3e        	fld	ft8, 296(sp)
800051a0: 86 69        	ld	s3, 64(sp)
800051a2: 18 3f        	fld	fa4, 56(a4)
800051a4: bb ca 04 3f  	<unknown>
800051a8: 80 11        	addi	s0, sp, 224
800051aa: 10 3f        	fld	fa2, 56(a4)
800051ac: 37 ee 82 3e  	lui	t3, 256046
800051b0: 06 0a        	slli	s4, s4, 1
800051b2: 02 3b        	fld	fs6, 32(sp)
800051b4: 1e 70        	<unknown>
800051b6: 66 3e        	fld	ft8, 120(sp)
800051b8: 68 90        	<unknown>
800051ba: 2a 3f        	fld	ft10, 168(sp)
800051bc: 39 27        	addiw	a4, a4, 14
800051be: f4 3d        	fld	fa3, 248(a1)
800051c0: 7a 6b        	ld	s6, 408(sp)
800051c2: a9 3e        	addiw	t4, t4, -22
800051c4: 71 78        	lui	a6, 1048572
800051c6: 97 3e e7 db  	auipc	t4, 900723
800051ca: 0b 3f 2b 73  	<unknown>
800051ce: 6c 3d        	fld	fa1, 248(a0)
800051d0: 83 08 65 3e  	lb	a7, 998(a0)
800051d4: 63 30 f7 3e  	<unknown>
800051d8: 2f 84 19 3f  	<unknown>
800051dc: 68 f4        	sd	a0, 232(s0)
800051de: e9 3e        	addiw	t4, t4, -6
800051e0: ae 39        	fld	fs3, 232(sp)
800051e2: 33 3f 15 25  	<unknown>
800051e6: ef 3d 1c be  	jal	s11, 0x7ffc8dc6 <vfctrans_sim.c+0x7ffc8dc6>
800051ea: 8d 3e        	addiw	t4, t4, -29
800051ec: 29 b3        	j	0x80004ef6 <H_imag+0x9d6>
800051ee: fb 3e e2 8b  	<unknown>
800051f2: ca 3e        	fld	ft9, 176(sp)
800051f4: 19 d8        	beqz	s0, 0x8000510a <H_imag+0xbea>
800051f6: d3 3e c0 cf  	<unknown>
800051fa: b8 39        	fld	fa4, 112(a1)
800051fc: 18 dd        	sw	a4, 56(a0)
800051fe: a0 3e        	fld	fs0, 120(a3)
80005200: eb 7f 10 3f  	<unknown>
80005204: 49 b6        	j	0x80004d86 <H_imag+0x866>
80005206: e4 3e        	fld	fs1, 248(a3)
80005208: de d8        	sw	s7, 112(sp)
8000520a: 0c 3f        	fld	fa1, 56(a4)
8000520c: d7 f0 1f 3f  	vsetvli	ra, t6, 1009
80005210: 49 0f        	addi	t5, t5, 18
80005212: 12 3e        	fld	ft8, 288(sp)
80005214: fd c1        	beqz	a1, 0x800052fa <H_imag+0xdda>
80005216: 43 3e c2 e0  	fmadd.s	ft8, ft4, fa2, ft8, rup
8000521a: c0 3e        	fld	fs0, 184(a3)
8000521c: 30 d3        	sw	a2, 96(a4)
8000521e: c1 3e        	addiw	t4, t4, -16
80005220: d0 bc        	fsd	fa2, 184(s1)
80005222: 0d 3f        	addiw	t5, t5, -29
80005224: f3 01 91 3e  	<unknown>
80005228: a3 56 3d 3e  	<unknown>
8000522c: d8 70        	ld	a4, 160(s1)
8000522e: e7 3e 64 46  	<unknown>
80005232: bf 3d 0c 6d  	<unknown>
80005236: 2b 3f c3 7a  	<unknown>
8000523a: b4 3e        	fld	fa3, 120(a3)
8000523c: ae 04        	slli	s1, s1, 11
8000523e: 11 3e        	addiw	t3, t3, -28
80005240: 23 be ef 3e  	sd	a4, 1020(t6)
80005244: 76 38        	fld	fa6, 376(sp)
80005246: 04 3f        	fld	fs1, 56(a4)
80005248: 7d 59        	li	s2, -1
8000524a: 1a 3e        	fld	ft8, 416(sp)
8000524c: 96 3b        	fld	fs7, 352(sp)
8000524e: a5 3d        	addiw	s11, s11, -23
80005250: ba d1        	sw	a4, 224(sp)
80005252: 61 3e        	addiw	t3, t3, -8
80005254: 4b ee 94 3d  	<unknown>
80005258: 7e b1        	fsd	ft11, 160(sp)
8000525a: b5 3e        	addiw	t4, t4, -19
8000525c: 6b cb a1 3e  	<unknown>
80005260: 39 31        	addiw	sp, sp, -18
80005262: 91 3e        	addiw	t4, t4, -28
80005264: 48 09        	addi	a0, sp, 148
80005266: 2d 3f        	addiw	t5, t5, -21
80005268: 4d 65        	lui	a0, 19
8000526a: 1f 3f 92 cf  	<unknown>
8000526e: b9 3e        	addiw	t4, t4, -18
80005270: a3 81 1b 3f  	sb	a7, 995(s7)
80005274: 71 9e        	<unknown>
80005276: d7 3d 33 c6  	<unknown>
8000527a: 24 3d        	fld	fs1, 120(a0)
8000527c: 57 32 a7 3e  	vslidedown.vi	v4, v10, 14
80005280: 78 93        	<unknown>
80005282: 34 3f        	fld	fa3, 120(a4)
80005284: 18 64        	ld	a4, 8(s0)
80005286: 06 3e        	fld	ft8, 96(sp)
80005288: f1 ef        	bnez	a5, 0x80005364 <H_imag+0xe44>
8000528a: c4 3d        	fld	fs1, 184(a1)
8000528c: fb 7e 08 3f  	<unknown>
80005290: 24 7d        	ld	s1, 120(a0)
80005292: f6 3e        	fld	ft9, 376(sp)
80005294: df a5 1a 3f  	<unknown>
80005298: cb 33 da 3d  	<unknown>
8000529c: a7 d5 89 3e  	<unknown>
800052a0: ba bc        	fsd	fa4, 120(sp)
800052a2: 20 3f        	fld	fs0, 120(a4)
800052a4: a4 ac        	fsd	fs1, 88(s1)
800052a6: d1 3e        	addiw	t4, t4, -12
800052a8: ac ad        	fsd	fa1, 88(a1)
800052aa: af 3e a3 c8  	<unknown>
800052ae: 5d 3e        	addiw	t3, t3, -9
800052b0: ee 9a        	add	s5, s5, s11
800052b2: 68 3e        	fld	fa0, 248(a2)
800052b4: a5 e7        	bnez	a5, 0x8000531c <H_imag+0xdfc>
800052b6: ad 3e        	addiw	t4, t4, -21
800052b8: a1 1a        	addi	s5, s5, -24
800052ba: 32 3f        	fld	ft10, 296(sp)
800052bc: ca dc        	sw	s2, 120(sp)
800052be: 9f 3e 56 6c  	<unknown>
800052c2: 2d 3f        	addiw	t5, t5, -21
800052c4: b7 b0 2c 3f  	lui	ra, 258763
800052c8: 2d d3        	beqz	a4, 0x8000522a <H_imag+0xd0a>
800052ca: fe 3d        	fld	fs11, 504(sp)
800052cc: 61 06        	addi	a2, a2, 24
800052ce: 1c 3e        	fld	fa5, 56(a2)
800052d0: ce c4        	sw	s3, 72(sp)
800052d2: f6 3e        	fld	ft9, 376(sp)
800052d4: 7d c4        	beqz	s0, 0x800053c2 <H_imag+0xea2>
800052d6: 2d 3f        	addiw	t5, t5, -21
800052d8: c5 d1        	beqz	a1, 0x80005278 <H_imag+0xd58>
800052da: 99 3e        	addiw	t4, t4, -26
800052dc: 8a 64        	ld	s1, 128(sp)
800052de: f1 3e        	addiw	t4, t4, -4
800052e0: f0 8a        	<unknown>
800052e2: 1d 3f        	addiw	t5, t5, -25
800052e4: 9b 30 7b 3e  	<unknown>
800052e8: 18 ea        	sd	a4, 16(a2)
800052ea: db 3d 32 99  	<unknown>
800052ee: c7 3e db 42  	fmsub.d	ft9, fs6, fa3, fs0, rup
800052f2: 74 3e        	fld	fa3, 248(a2)
800052f4: a1 2f        	addiw	t6, t6, 8
800052f6: d8 3e        	fld	fa4, 184(a3)
800052f8: 05 2a        	addiw	s4, s4, 1
800052fa: df 3e ec 1e  	<unknown>
800052fe: e3 3d 62 12  	<unknown>
80005302: 8e 3e        	fld	ft9, 224(sp)
80005304: 92 a3        	fsd	ft4, 448(sp)
80005306: 17 3f 5d e0  	auipc	t5, 918995
8000530a: dc 3e        	fld	fa5, 184(a3)
8000530c: 2e 0c        	slli	s8, s8, 11
8000530e: b6 3e        	fld	ft9, 360(sp)
80005310: 69 ae        	j	0x800056aa <H_imag+0x118a>
80005312: 71 3e        	addiw	t3, t3, -4
80005314: 4f 42 25 3c  	<unknown>
80005318: 6e 0b        	slli	s6, s6, 27
8000531a: 80 3e        	fld	fs0, 56(a3)
8000531c: 98 82        	<unknown>
8000531e: b3 3e fd 78  	<unknown>
80005322: 19 3f        	addiw	t5, t5, -26
80005324: 7b e9 e5 3e  	<unknown>
80005328: 78 0b        	addi	a4, sp, 412
8000532a: c4 3d        	fld	fs1, 184(a1)
8000532c: b7 61 52 3e  	lui	gp, 255270
80005330: 5f 18 17 3e  	<unknown>
80005334: bb a4 71 3e  	<unknown>
80005338: 0e f2        	sd	gp, 288(sp)
8000533a: 2d 3f        	addiw	t5, t5, -21
8000533c: 18 c9        	sw	a4, 16(a0)
8000533e: 1b 3f 01 c0  	<unknown>
80005342: 19 3e        	addiw	t3, t3, -26
80005344: c7 f4 98 3e  	<unknown>
80005348: 99 36        	addiw	a3, a3, -26
8000534a: 21 3f        	addiw	t5, t5, -24
8000534c: 4d 45        	li	a0, 19
8000534e: e7 3e d0 15  	<unknown>
80005352: bb 3e a1 47  	<unknown>
80005356: 8a 3e        	fld	ft9, 160(sp)
80005358: d3 6e 41 3d  	<unknown>
8000535c: 55 65        	lui	a0, 21
8000535e: f1 3e        	addiw	t4, t4, -4
80005360: 90 61        	ld	a2, 0(a1)
80005362: a0 3e        	fld	fs0, 120(a3)
80005364: 62 8d        	mv	s10, s8
80005366: 2f 3e 15 ae  	<unknown>
8000536a: 23 3f 73 ae  	sd	t2, -1282(t1)
8000536e: ce 3e        	fld	ft9, 240(sp)
80005370: bf 88 18 3f  	<unknown>
80005374: 19 07        	addi	a4, a4, 6
80005376: ee 3e        	fld	ft9, 248(sp)
80005378: c5 f4        	bnez	s1, 0x80005320 <H_imag+0xe00>
8000537a: ec 3e        	fld	fa1, 248(a3)
8000537c: f1 75        	lui	a1, 1048572
8000537e: 68 3e        	fld	fa0, 248(a2)
80005380: 22 bc        	fsd	fs0, 56(sp)
80005382: 2f 3e 3e 4f  	<unknown>
80005386: 9a 3e        	fld	ft9, 416(sp)
80005388: f9 69        	lui	s3, 30
8000538a: 3a 3d        	fld	fs10, 424(sp)
8000538c: fe 42        	lw	t0, 220(sp)
8000538e: 97 3e 01 9e  	auipc	t4, 647187
80005392: 80 3d        	fld	fs0, 56(a1)
80005394: 44 ba        	fsd	fs1, 176(a2)
80005396: 77 3d 18 24  	<unknown>
8000539a: 01 3f        	addiw	t5, t5, -32
8000539c: 00 1c        	addi	s0, sp, 560
8000539e: 94 3e        	fld	fa3, 56(a3)
800053a0: 4f dd 65 3d  	<unknown>
800053a4: 67 ce 2d 3f  	<unknown>
800053a8: 98 95        	<unknown>
800053aa: d0 3e        	fld	fa2, 184(a3)
800053ac: 31 be        	j	0x80004ec8 <H_imag+0x9a8>
800053ae: 8d 3e        	addiw	t4, t4, -29
800053b0: f0 f2        	sd	a2, 224(a3)
800053b2: 3c 3c        	fld	fa5, 120(s0)
800053b4: ad 61        	lui	gp, 11
800053b6: 96 3e        	fld	ft9, 352(sp)
800053b8: 26 97        	add	a4, a4, s1
800053ba: bd 3e        	addiw	t4, t4, -17
800053bc: 8b 95 9e 3e  	<unknown>
800053c0: e4 3b        	fld	fs1, 240(a5)
800053c2: 08 3f        	fld	fa0, 56(a4)
800053c4: 36 29        	fld	fs2, 328(sp)
800053c6: e8 3e        	fld	fa0, 248(a3)
800053c8: c8 ce        	sw	a0, 28(a3)
800053ca: 28 3f        	fld	fa0, 120(a4)
800053cc: 99 92        	srli	a3, a3, 38
800053ce: 5c 3e        	fld	fa5, 184(a2)
800053d0: 27 cf fa 3e  	<unknown>
800053d4: 2f 9f 1a 3f  	<unknown>
800053d8: 60 b3        	fsd	fs0, 224(a4)
800053da: 98 3d        	fld	fa4, 56(a1)
800053dc: 42 e1        	sd	a6, 128(sp)
800053de: 0e 3f        	fld	ft10, 224(sp)
800053e0: be 13        	slli	t2, t2, 47
800053e2: f7 3e a0 3f  	<unknown>
800053e6: 2e 3f        	fld	ft10, 232(sp)
800053e8: db 97 03 3f  	<unknown>
800053ec: f0 d0        	sw	a2, 100(s1)
800053ee: d0 3e        	fld	fa2, 184(a3)
800053f0: e0 ef        	sd	s0, 216(a5)
800053f2: 10 3e        	fld	fa2, 56(a2)
800053f4: 9a ce        	sw	t1, 92(sp)
800053f6: b1 3e        	addiw	t4, t4, -20
800053f8: de d6        	sw	s7, 108(sp)
800053fa: 6d 3b        	addiw	s6, s6, -5
800053fc: e1 39        	addiw	s3, s3, -8
800053fe: 1f 3f 76 3b  	<unknown>
80005402: ac 3d        	fld	fa1, 120(a1)
80005404: 90 b4        	fsd	fa2, 40(s1)
80005406: 20 3f        	fld	fs0, 120(a4)
80005408: 96 68        	ld	a7, 320(sp)
8000540a: 25 3e        	addiw	t3, t3, -23
8000540c: 19 39        	addiw	s2, s2, -26
8000540e: e2 3d        	fld	fs11, 56(sp)
80005410: e7 b9 09 3f  	<unknown>
80005414: 26 b4        	fsd	fs1, 40(sp)
80005416: 26 3f        	fld	ft10, 104(sp)
80005418: 30 ad        	fsd	fa2, 88(a0)
8000541a: 9b 3e 5d 21  	<unknown>
8000541e: 89 3e        	addiw	t4, t4, -30
80005420: 64 8f        	<unknown>
80005422: 33 3e bb 3e  	<unknown>
80005426: 10 3f        	fld	fa2, 56(a4)
80005428: db 9f b8 3e  	<unknown>
8000542c: 6b ce 08 3e  	<unknown>
80005430: d9 ea        	bnez	a3, 0x800054c6 <H_imag+0xfa6>
80005432: a3 3d 0a 98  	sd	zero, -1637(s4)
80005436: 32 3f        	fld	ft10, 296(sp)
80005438: 62 1a        	slli	s4, s4, 56
8000543a: 44 3e        	fld	fs1, 184(a2)
8000543c: ce 44        	lw	s1, 208(sp)
8000543e: 33 3f fa 5d  	<unknown>
80005442: 0f 3f 9b cc  	<unknown>
80005446: 04 3f        	fld	fs1, 56(a4)
80005448: a3 4e 34 3e  	<unknown>
8000544c: dd 18        	addi	a7, a7, -9
8000544e: c0 3e        	fld	fs0, 184(a3)
80005450: 59 27        	addiw	a4, a4, 22
80005452: db 3b d9 aa  	<unknown>
80005456: 25 3e        	addiw	t3, t3, -23
80005458: 9d d7        	beqz	a5, 0x80005386 <H_imag+0xe66>
8000545a: d6 3e        	fld	ft9, 368(sp)
8000545c: 76 0a        	slli	s4, s4, 29
8000545e: 27 3e 30 1e  	fsd	ft3, 508(zero)
80005462: d4 3e        	fld	fa3, 184(a3)
80005464: 50 8a        	<unknown>
80005466: 15 3f        	addiw	t5, t5, -27
80005468: b8 a2        	fsd	fa4, 64(a3)
8000546a: b6 3e        	fld	ft9, 360(sp)
8000546c: e4 72        	ld	s1, 224(a3)
8000546e: a7 3e fa a0  	fsd	fa5, -1507(s4)
80005472: 53 3e 0f 54  	<unknown>
80005476: eb 3e 65 71  	<unknown>
8000547a: f4 3e        	fld	fa3, 248(a3)
8000547c: c1 36        	addiw	a3, a3, -16
8000547e: 82 3e        	fld	ft9, 32(sp)
80005480: 70 14        	addi	a2, sp, 556
80005482: 27 3e 2b 85  	fsd	fs2, -1956(s6)
80005486: ea 3e        	fld	ft9, 184(sp)
80005488: 1a f0        	sd	t1, 32(sp)
8000548a: 61 3d        	addiw	s10, s10, -8
8000548c: e7 ba c0 3d  	<unknown>
80005490: da 2f        	fld	ft11, 400(sp)
80005492: a4 3e        	fld	fs1, 120(a3)
80005494: 96 25        	fld	fa1, 320(sp)
80005496: 6e 3e        	fld	ft8, 248(sp)
80005498: f1 20        	addiw	ra, ra, 28
8000549a: 1d 3f        	addiw	t5, t5, -25
8000549c: 9a 06        	slli	a3, a3, 6
8000549e: 06 3f        	fld	ft10, 96(sp)
800054a0: ee 6a        	ld	s5, 216(sp)
800054a2: e2 3e        	fld	ft9, 56(sp)
800054a4: 14 c5        	sw	a3, 8(a0)
800054a6: 15 3d        	addiw	s10, s10, -27
800054a8: ea f1        	sd	s10, 224(sp)
800054aa: 14 3f        	fld	fa3, 56(a4)
800054ac: e2 d4        	sw	s8, 104(sp)
800054ae: bb 3e 19 84  	<unknown>
800054b2: 84 3e        	fld	fs1, 56(a3)
800054b4: d7 ef ac 3e  	vslide1down.vx	v31, v10, s9
800054b8: ef 36 ac 3d  	jal	a3, 0x800c8892 <timer+0xbde32>
800054bc: 7a 1c        	slli	s8, s8, 62
800054be: 5d 3e        	addiw	t3, t3, -9
800054c0: 5c d2        	sw	a5, 36(a2)
800054c2: 89 3d        	addiw	s11, s11, -30
800054c4: e8 6e        	ld	a0, 216(a3)
800054c6: c2 3d        	fld	fs11, 48(sp)
800054c8: 0b 0c fa 3e  	<unknown>
800054cc: 99 c4        	beqz	s1, 0x800054da <H_imag+0xfba>
800054ce: 0c 3f        	fld	fa1, 56(a4)
800054d0: 44 69        	ld	s1, 144(a0)
800054d2: a5 3e        	addiw	t4, t4, -23
800054d4: 6e c3        	sw	s11, 132(sp)
800054d6: 06 3f        	fld	ft10, 96(sp)
800054d8: 93 03 c1 3e  	addi	t2, sp, 1004
800054dc: 1b 8e 3c 3e  	addiw	t3, s9, 995
800054e0: 78 50        	lw	a4, 100(s0)
800054e2: 26 3f        	fld	ft10, 104(sp)
800054e4: 99 4c        	li	s9, 6
800054e6: ca 3e        	fld	ft9, 176(sp)
800054e8: 6e d6        	sw	s11, 44(sp)
800054ea: 91 3e        	addiw	t4, t4, -28
800054ec: 22 8a        	mv	s4, s0
800054ee: 5f 3e 3c c3  	<unknown>
800054f2: 77 3e f5 29  	<unknown>
800054f6: 2f 3f 36 7f  	<unknown>
800054fa: be 3d        	fld	fs11, 488(sp)
800054fc: d0 91        	<unknown>
800054fe: fc 3e        	fld	fa5, 248(a3)
80005500: ca d8        	sw	s2, 112(sp)
80005502: 95 3d        	addiw	s11, s11, -27
80005504: b1 57        	li	a5, -20
80005506: 21 3e        	addiw	t3, t3, -24
80005508: 6c 9e        	<unknown>
8000550a: 2b 3f d7 69  	<unknown>
8000550e: f8 3d        	fld	fa4, 248(a1)
80005510: 42 1e        	slli	t3, t3, 48
80005512: 23 3f 17 b3  	sd	a7, -1218(a4)
80005516: f4 3e        	fld	fa3, 248(a3)
80005518: b7 8b 57 3e  	lui	s7, 255352
8000551c: e3 f3 53 3d  	bgeu	t2, s5, 0x800060e2 <H_imag+0x1bc2>
80005520: bd b5        	j	0x8000538e <H_imag+0xe6e>
80005522: 26 3f        	fld	ft10, 104(sp)
80005524: 96 c2        	sw	t0, 68(sp)
80005526: 0a 3e        	fld	ft8, 160(sp)
80005528: 93 69 38 3b  	ori	s3, a6, 947
8000552c: ea 9c        	add	s9, s9, s10
8000552e: ff 3d 7d 47  	<unknown>
80005532: 13 3f 16 37  	sltiu	t5, a2, 881
80005536: 8a 3d        	fld	fs11, 160(sp)
80005538: b1 6f        	lui	t6, 12
8000553a: b7 3e 84 11  	lui	t4, 71747
8000553e: 0b 3f 29 d2  	<unknown>
80005542: dc 3e        	fld	fa5, 184(a3)
80005544: 55 fd        	bnez	a0, 0x80005500 <H_imag+0xfe0>
80005546: a6 3e        	fld	ft9, 104(sp)
80005548: 56 0d        	slli	s10, s10, 21
8000554a: 65 3d        	addiw	s10, s10, -7
8000554c: 8c fd        	sd	a1, 56(a1)
8000554e: 2c 3f        	fld	fa1, 120(a4)
80005550: ce 78        	ld	a7, 240(sp)
80005552: f5 3d        	addiw	s11, s11, -3
80005554: 4e 07        	slli	a4, a4, 19
80005556: 05 3e        	addiw	t3, t3, -31
80005558: ec 81        	<unknown>
8000555a: f8 3d        	fld	fa4, 248(a1)
8000555c: 65 a6        	j	0x80005904 <H_imag+0x13e4>
8000555e: 59 3e        	addiw	t3, t3, -10
80005560: c4 29        	fld	fs1, 144(a1)
80005562: 13 3f 82 8a  	sltiu	t5, tp, -1880
80005566: 89 3e        	addiw	t4, t4, -30
80005568: e6 e6        	sd	s9, 328(sp)
8000556a: 1e 3e        	fld	ft8, 480(sp)
8000556c: 67 c2 cb 3d  	<unknown>
80005570: 53 b5 01 3f  	<unknown>
80005574: 1d 41        	li	sp, 7
80005576: 0e 3f        	fld	ft10, 224(sp)
80005578: e7 0a 24 3d  	jalr	s5, 978(s0)
8000557c: d2 35        	fld	fa1, 304(sp)
8000557e: 89 3e        	addiw	t4, t4, -30
80005580: 8f 4a c1 3d  	<unknown>
80005584: f7 c2 11 3f  	<unknown>
80005588: 7d f2        	bnez	a2, 0x8000556e <H_imag+0x104e>
8000558a: a6 3d        	fld	fs11, 104(sp)
8000558c: 4b 8f fb 3e  	<unknown>
80005590: d8 2d        	fld	fa4, 152(a1)
80005592: f2 3d        	fld	fs11, 312(sp)
80005594: ab 9c 01 3f  	<unknown>
80005598: 3a e9        	sd	a4, 144(sp)
8000559a: cc 3e        	fld	fa1, 184(a3)
8000559c: 2a fe        	sd	a0, 312(sp)
8000559e: 3f 3d 48 6d  	<unknown>
800055a2: 9c 3e        	fld	fa5, 56(a3)
800055a4: a8 29        	fld	fa0, 80(a1)
800055a6: 0b 3f 6d ff  	<unknown>
800055aa: 15 3f        	addiw	t5, t5, -27
800055ac: e8 da        	sw	a0, 116(a3)
800055ae: 89 3e        	addiw	t4, t4, -30
800055b0: 87 5f 33 3f  	<unknown>
800055b4: 29 6d        	lui	s10, 10
800055b6: 57 3e ec 5e  	<unknown>
800055ba: 0f 3e c0 98  	<unknown>
800055be: 59 3d        	addiw	s10, s10, -10
800055c0: 0b b2 71 3e  	<unknown>
800055c4: 77 78 1b 3d  	<unknown>
800055c8: b9 90        	srli	s1, s1, 46
800055ca: 05 3c        	addiw	s8, s8, -31
800055cc: 46 7a        	ld	s4, 112(sp)
800055ce: 8b 3e fc 16  	<unknown>
800055d2: be 3e        	fld	ft9, 488(sp)
800055d4: fd f4        	bnez	s1, 0x800055c2 <H_imag+0x10a2>
800055d6: 80 3e        	fld	fs0, 56(a3)
800055d8: 87 28 eb 3d  	flw	fa7, 990(s6)
800055dc: a8 94        	<unknown>
800055de: 21 3f        	addiw	t5, t5, -24
800055e0: fd 4e        	li	t4, 31
800055e2: 1c 3f        	fld	fa5, 56(a4)
800055e4: 48 b5        	fsd	fa0, 168(a0)
800055e6: 8d 3d        	addiw	s11, s11, -29
800055e8: e6 ef        	sd	s9, 472(sp)
800055ea: f2 3e        	fld	ft9, 312(sp)
800055ec: 86 0c        	slli	s9, s9, 1
800055ee: 70 3e        	fld	fa2, 248(a2)
800055f0: 21 e3        	bnez	a4, 0x80005630 <H_imag+0x1110>
800055f2: 1e 3f        	fld	ft10, 480(sp)
800055f4: 93 35 d1 3e  	sltiu	a1, sp, 1005
800055f8: 7f 9e 98 3e  	<unknown>
800055fc: 98 bf        	fsd	fa4, 56(a5)
800055fe: 9f 3e 2c 5f  	<unknown>
80005602: 17 3f 2e ae  	auipc	t5, 713443
80005606: 5c 3e        	fld	fa5, 184(a2)
80005608: c3 8e 51 3d  	<unknown>
8000560c: 09 d6        	beqz	a2, 0x80005516 <H_imag+0xff6>
8000560e: 8f 3e cf a3  	<unknown>
80005612: b9 3e        	addiw	t4, t4, -18
80005614: bc 72        	ld	a5, 96(a3)
80005616: a8 3e        	fld	fa0, 120(a3)
80005618: 10 71        	ld	a2, 32(a0)
8000561a: 8f 3d 5d 3f  	<unknown>
8000561e: f8 3e        	fld	fa4, 248(a3)
80005620: 29 28        	addiw	a6, a6, 10
80005622: a3 3d 9f a9  	sd	s9, -1381(t5)
80005626: 05 3f        	addiw	t5, t5, -31
80005628: 98 00        	addi	a4, sp, 64
8000562a: d0 3e        	fld	fa2, 184(a3)
8000562c: 59 12        	addi	tp, tp, -10
8000562e: 1f 3f ca f5  	<unknown>
80005632: d0 3e        	fld	fa2, 184(a3)
80005634: f2 49        	lw	s3, 28(sp)
80005636: 1a 3f        	fld	ft10, 416(sp)
80005638: 67 92 2f 3f  	<unknown>
8000563c: 4a e6        	sd	s2, 264(sp)
8000563e: 93 3e c2 cb  	sltiu	t4, tp, -836
80005642: bf 3e 80 f1  	<unknown>
80005646: ac 3c        	fld	fa1, 120(s1)
80005648: 7d 39        	addiw	s2, s2, -1
8000564a: 20 3f        	fld	fs0, 120(a4)
8000564c: 2d 79        	lui	s2, 1048555
8000564e: 95 3d        	addiw	s11, s11, -27
80005650: cc 5e        	lw	a1, 60(a3)
80005652: 9d 3d        	addiw	s11, s11, -25
80005654: 7c 09        	addi	a5, sp, 156
80005656: b1 3e        	addiw	t4, t4, -20
80005658: 62 1c        	slli	s8, s8, 56
8000565a: 19 3f        	addiw	t5, t5, -26
8000565c: 6b cf b2 3d  	<unknown>
80005660: be 5c        	lw	s9, 236(sp)
80005662: b9 3e        	addiw	t4, t4, -18
80005664: 8f 4f 34 3f  	<unknown>
80005668: 38 3f        	fld	fa4, 120(a4)
8000566a: d2 3e        	fld	ft9, 304(sp)
8000566c: b9 b0        	j	0x80004eba <H_imag+0x99a>
8000566e: e4 3e        	fld	fs1, 248(a3)
80005670: 0b 35 36 3e  	<unknown>
80005674: 20 49        	lw	s0, 80(a0)
80005676: 12 3f        	fld	ft10, 288(sp)
80005678: d1 bc        	j	0x8000514c <H_imag+0xc2c>
8000567a: 54 3e        	fld	fa3, 184(a2)
8000567c: 4b aa 5b 3d  	<unknown>
80005680: 84 98        	<unknown>
80005682: 22 3f        	fld	ft10, 40(sp)
80005684: 75 78        	lui	a6, 1048573
80005686: bc 3e        	fld	fa5, 120(a3)
80005688: a5 69        	lui	s3, 9
8000568a: 01 3f        	addiw	t5, t5, -32
8000568c: ec 18        	addi	a1, sp, 124
8000568e: c0 3e        	fld	fs0, 184(a3)
80005690: e5 af        	j	0x80005e88 <H_imag+0x1968>
80005692: 8f 3e e6 c4  	<unknown>
80005696: 97 3e a6 ce  	auipc	t4, 846435
8000569a: ec 3e        	fld	fa1, 248(a3)
8000569c: 56 c8        	sw	s5, 16(sp)
8000569e: df 3e be f3  	<unknown>
800056a2: c2 3e        	fld	ft9, 48(sp)
800056a4: 7d 17        	addi	a4, a4, -1
800056a6: e7 3e 46 d0  	<unknown>
800056aa: a5 3e        	addiw	t4, t4, -23
800056ac: 64 c0        	sw	s1, 68(s0)
800056ae: 08 3f        	fld	fa0, 56(a4)
800056b0: 8c a6        	fsd	fa1, 8(a3)
800056b2: 17 3f 58 26  	auipc	t5, 157059
800056b6: 0a 3f        	fld	ft10, 160(sp)
800056b8: c0 29        	fld	fs0, 144(a1)
800056ba: 25 3f        	addiw	t5, t5, -23
800056bc: 67 44 dc 3d  	<unknown>
800056c0: 6f 06 33 3e  	jal	a2, 0x800362a2 <timer+0x2b842>
800056c4: 46 31        	fld	ft2, 112(sp)
800056c6: e8 3e        	fld	fa0, 248(a3)
800056c8: ec 15        	addi	a1, sp, 748
800056ca: e8 3e        	fld	fa0, 248(a3)
800056cc: ad 9f        	addw	a5, a5, a1
800056ce: 31 3f        	addiw	t5, t5, -20
800056d0: d9 96        	srai	a3, a3, 54
800056d2: 15 3f        	addiw	t5, t5, -27
800056d4: 41 f8        	bnez	s0, 0x80005664 <H_imag+0x1144>
800056d6: 15 3e        	addiw	t3, t3, -27
800056d8: 7b af 14 3e  	<unknown>
800056dc: fe c8        	sw	t6, 80(sp)
800056de: 62 3e        	fld	ft8, 56(sp)
800056e0: 4c 37        	fld	fa1, 168(a4)
800056e2: a6 3e        	fld	ft9, 104(sp)
800056e4: 91 5c        	li	s9, -28
800056e6: 01 3f        	addiw	t5, t5, -32
800056e8: 6e 4d        	lw	s10, 216(sp)
800056ea: 2e 3d        	fld	fs10, 232(sp)
800056ec: 14 a3        	fsd	fa3, 0(a4)
800056ee: 03 3f a1 a7  	ld	t5, -1414(sp)
800056f2: 8c 3d        	fld	fa1, 56(a1)
800056f4: d0 dc        	sw	a2, 60(s1)
800056f6: 0f 3f 51 53  	<unknown>
800056fa: 90 3d        	fld	fa2, 56(a1)
800056fc: c4 8b        	<unknown>
800056fe: 6e 3e        	fld	ft8, 248(sp)
80005700: 81 65        	lui	a1, 0
80005702: 2f 3f 6d 7f  	<unknown>
80005706: 89 3d        	addiw	s11, s11, -30
80005708: b1 96        	srai	a3, a3, 44
8000570a: 15 3e        	addiw	t3, t3, -27
8000570c: db c6 b1 3e  	<unknown>
80005710: ad 6a        	lui	s5, 11
80005712: 66 3e        	fld	ft8, 120(sp)
80005714: 7e 6a        	ld	s4, 472(sp)
80005716: 53 3e b2 b9  	<unknown>
8000571a: de 3e        	fld	ft9, 496(sp)
8000571c: 2a b7        	fsd	fa0, 424(sp)
8000571e: e8 3e        	fld	fa0, 248(a3)
80005720: 1d fc        	bnez	s0, 0x8000565e <H_imag+0x113e>
80005722: 90 3e        	fld	fa2, 56(a3)
80005724: 47 c8 8a 3e  	<unknown>
80005728: 26 a9        	fsd	fs1, 144(sp)
8000572a: ac 3d        	fld	fa1, 120(a1)
8000572c: af 72 2e 3f  	<unknown>
80005730: a2 b3        	fsd	fs0, 480(sp)
80005732: a9 3d        	addiw	s11, s11, -22
80005734: 35 14        	addi	s0, s0, -19
80005736: 53 3e 4e 8e  	<unknown>
8000573a: a8 3e        	fld	fa0, 120(a3)
8000573c: cc d2        	sw	a1, 36(a3)
8000573e: 54 3e        	fld	fa3, 184(a2)
80005740: 2e 1c        	slli	s8, s8, 43
80005742: 16 3f        	fld	ft10, 352(sp)
80005744: 77 55 1f 3f  	<unknown>
80005748: 9f 57 15 3e  	<unknown>
8000574c: ce ca        	sw	s3, 84(sp)
8000574e: 67 3e f7 a1  	<unknown>
80005752: 7d 3e        	addiw	t3, t3, -1
80005754: 6d 21        	addiw	sp, sp, 27
80005756: 30 3e        	fld	fa2, 120(a2)
80005758: cd aa        	j	0x8000594a <H_imag+0x142a>
8000575a: b0 3c        	fld	fa2, 120(s1)
8000575c: ab 82 f0 3e  	<unknown>
80005760: cd e0        	bnez	s1, 0x80005802 <H_imag+0x12e2>
80005762: 74 3d        	fld	fa3, 248(a0)
80005764: 58 eb        	sd	a4, 144(a4)
80005766: 29 3f        	addiw	t5, t5, -22
80005768: 09 cb        	beqz	a4, 0x8000577a <H_imag+0x125a>
8000576a: 2f 3c ad fe  	<unknown>
8000576e: 28 3f        	fld	fa0, 120(a4)
80005770: 48 5f        	lw	a0, 60(a4)
80005772: 26 3f        	fld	ft10, 104(sp)
80005774: 98 73        	ld	a4, 32(a5)
80005776: e2 3e        	fld	ft9, 56(sp)
80005778: 13 2a d6 3e  	slti	s4, a2, 1005
8000577c: db 6f 64 3e  	<unknown>
80005780: 5e aa        	fsd	fs7, 272(sp)
80005782: fd 3e        	addiw	t4, t4, -1
80005784: 91 c4        	beqz	s1, 0x80005790 <H_imag+0x1270>
80005786: 05 3f        	addiw	t5, t5, -31
80005788: 30 28        	fld	fa2, 80(s0)
8000578a: c8 3d        	fld	fa0, 184(a1)
8000578c: 98 47        	lw	a4, 8(a5)
8000578e: 20 3f        	fld	fs0, 120(a4)
80005790: 39 f2        	bnez	a2, 0x800056d6 <H_imag+0x11b6>
80005792: 0d 3e        	addiw	t3, t3, -29
80005794: 5f 6b 4e 3e  	<unknown>
80005798: 86 9a        	add	s5, s5, ra
8000579a: f7 3e 62 0e  	<unknown>
8000579e: 11 3f        	addiw	t5, t5, -28
800057a0: 3a 86        	mv	a2, a4
800057a2: 25 3f        	addiw	t5, t5, -23
800057a4: 27 43 51 3e  	<unknown>
800057a8: 13 4b d7 3e  	xori	s6, a4, 1005
800057ac: 9e 65        	ld	a1, 448(sp)
800057ae: 12 3c        	fld	fs8, 288(sp)
800057b0: 9b 62 23 3f  	<unknown>
800057b4: 45 9d        	<unknown>
800057b6: 91 3e        	addiw	t4, t4, -28
800057b8: 45 08        	addi	a6, a6, 17
800057ba: 02 3f        	fld	ft10, 32(sp)
800057bc: 40 f9        	sd	s0, 176(a0)
800057be: 25 3f        	addiw	t5, t5, -23
800057c0: fa 05        	slli	a1, a1, 30
800057c2: 75 3e        	addiw	t3, t3, -3
800057c4: b3 8a 99 3d  	<unknown>
800057c8: 82 38        	fld	fa7, 32(sp)
800057ca: 12 3f        	fld	ft10, 288(sp)
800057cc: b4 4c        	lw	a3, 88(s1)
800057ce: c8 3e        	fld	fa0, 184(a3)
800057d0: 26 b1        	fsd	fs1, 160(sp)
800057d2: 2a 3f        	fld	ft10, 168(sp)
800057d4: e9 21        	addiw	gp, gp, 26
800057d6: 2a 3f        	fld	ft10, 168(sp)
800057d8: 12 e2        	sd	tp, 256(sp)
800057da: 28 3f        	fld	fa0, 120(a4)
800057dc: 8f 3f 0e 3e  	<unknown>
800057e0: 3e 94        	add	s0, s0, a5
800057e2: f0 3e        	fld	fa2, 248(a3)
800057e4: 34 d0        	sw	a3, 96(s0)
800057e6: a8 3e        	fld	fa0, 120(a3)
800057e8: e4 8a        	<unknown>
800057ea: e5 3e        	addiw	t4, t4, -7
800057ec: a7 9c 29 3f  	<unknown>
800057f0: 3f 7b 29 3f  	<unknown>
800057f4: 24 e6        	sd	s1, 72(a2)
800057f6: d4 3e        	fld	fa3, 184(a3)
800057f8: d3 6c d6 3e  	<unknown>
800057fc: c7 e5 31 3f  	<unknown>
80005800: 78 93        	<unknown>
80005802: cf 3e bb 39  	fnmadd.s	ft9, fs6, fs11, ft7, rup
80005806: 6f 3e 90 c4  	jal	t3, 0x7ff0944e <vfctrans_sim.c+0x7ff0944e>
8000580a: cf 3e 9c e2  	fnmadd.d	ft9, fs8, fs1, ft8, rup
8000580e: cf 3c 24 34  	<unknown>
80005812: 24 3f        	fld	fs1, 120(a4)
80005814: 8c a8        	fsd	fa1, 16(s1)
80005816: 8d 3e        	addiw	t4, t4, -29
80005818: 97 56 bd 3d  	auipc	a3, 252885
8000581c: 29 3f        	addiw	t5, t5, -22
8000581e: 6c 3e        	fld	fa1, 248(a2)
80005820: 49 38        	addiw	a6, a6, -14
80005822: 2b 3f 3c 70  	<unknown>
80005826: 25 3b        	addiw	s6, s6, -23
80005828: 18 bc        	fsd	fa4, 56(s0)
8000582a: 09 3f        	addiw	t5, t5, -30
8000582c: cd 5d        	li	s11, -13
8000582e: af 3d ff 6f  	<unknown>
80005832: 77 3e ac 18  	<unknown>
80005836: ce 3e        	fld	ft9, 240(sp)
80005838: f0 c2        	sw	a2, 68(a3)
8000583a: 01 3f        	addiw	t5, t5, -32
8000583c: e8 14        	addi	a0, sp, 620
8000583e: 1f 3f 1c b2  	<unknown>
80005842: 8c 3e        	fld	fa1, 56(a3)
80005844: 44 45        	lw	s1, 12(a0)
80005846: 87 3b a9 a9  	fld	fs7, -1382(s2)
8000584a: e4 3e        	fld	fs1, 248(a3)
8000584c: a6 22        	fld	ft5, 72(sp)
8000584e: b4 3e        	fld	fa3, 120(a3)
80005850: 29 61        	addi	sp, sp, 192
80005852: 41 3c        	addiw	s8, s8, -16
80005854: 49 31        	addiw	sp, sp, -14
80005856: aa 3d        	fld	fs11, 168(sp)
80005858: 17 7a 32 3f  	auipc	s4, 258855
8000585c: 4e 00        	c.slli	zero, 19
8000585e: 30 3e        	fld	fa2, 120(a2)
80005860: 39 b9        	j	0x8000547e <H_imag+0xf5e>
80005862: f7 3d 10 a4  	<unknown>
80005866: 1d 3e        	addiw	t3, t3, -25
80005868: d3 98 26 3f  	<unknown>
8000586c: b5 78        	lui	a7, 1048557
8000586e: 09 3d        	addiw	s10, s10, -30
80005870: a6 b9        	fsd	fs1, 240(sp)
80005872: a8 3e        	fld	fa0, 120(a3)
80005874: d2 a5        	fsd	fs4, 200(sp)
80005876: 44 3d        	fld	fs1, 184(a0)
80005878: 81 73        	lui	t2, 1048544
8000587a: f1 3e        	addiw	t4, t4, -4
8000587c: 13 3d 1b 3c  	sltiu	s10, s6, 961
80005880: 0a 12        	slli	tp, tp, 34
80005882: 9a 3c        	fld	fs9, 416(sp)
80005884: 64 7d        	ld	s1, 248(a0)
80005886: b7 3e c7 18  	lui	t4, 101491
8000588a: 71 3e        	addiw	t3, t3, -4
8000588c: aa 0e        	slli	t4, t4, 10
8000588e: 97 3c 09 1a  	auipc	s9, 106643
80005892: 05 3f        	addiw	t5, t5, -31
80005894: ef 7b 69 3e  	jal	s7, 0x8009cc7a <timer+0x9221a>
80005898: fa 5f        	lw	t6, 188(sp)
8000589a: 72 3c        	fld	fs8, 312(sp)
8000589c: 78 b3        	fsd	fa4, 224(a4)
8000589e: 78 3e        	fld	fa4, 248(a2)
800058a0: aa 87        	mv	a5, a0
800058a2: ac 3e        	fld	fa1, 120(a3)
800058a4: 09 aa        	j	0x800059b6 <H_imag+0x1496>
800058a6: 16 3f        	fld	ft10, 352(sp)
800058a8: 42 62        	ld	tp, 16(sp)
800058aa: cc 3e        	fld	fa1, 184(a3)
800058ac: d9 55        	li	a1, -10
800058ae: ea 3e        	fld	ft9, 184(sp)
800058b0: 1d 68        	lui	a6, 7
800058b2: ce 3e        	fld	ft9, 240(sp)
800058b4: 40 9f        	<unknown>
800058b6: df 3e 0b 84  	<unknown>
800058ba: f4 3e        	fld	fa3, 248(a3)
800058bc: ff f5 1f 3b  	<unknown>
800058c0: 97 d3 b3 3e  	auipc	t2, 256829
800058c4: 7b 43 b0 3e  	<unknown>
800058c8: f7 4a 11 3f  	<unknown>
800058cc: 00 d8        	sw	s0, 48(s0)
800058ce: 9c 3e        	fld	fa5, 56(a3)
800058d0: 39 1d        	addi	s10, s10, -18
800058d2: 27 3f 72 f3  	fsd	fs7, -194(tp)
800058d6: 1f 3f 39 59  	<unknown>
800058da: 60 3e        	fld	fs0, 248(a2)
800058dc: 6c 9b        	<unknown>
800058de: e1 3e        	addiw	t4, t4, -8
800058e0: 9c e7        	sd	a5, 8(a5)
800058e2: ef 3d 82 e0  	jal	s11, 0x7ff28eea <vfctrans_sim.c+0x7ff28eea>
800058e6: 34 3f        	fld	fa3, 120(a4)
800058e8: 1e bd        	fsd	ft7, 184(sp)
800058ea: 10 3f        	fld	fa2, 56(a4)
800058ec: 53 b4 13 3f  	<unknown>
800058f0: cb c8 5f 3e  	<unknown>
800058f4: 51 1e        	addi	t3, t3, -12
800058f6: da 3e        	fld	ft9, 432(sp)
800058f8: 36 29        	fld	fs2, 328(sp)
800058fa: a4 3e        	fld	fs1, 120(a3)
800058fc: 1e 13        	slli	t1, t1, 39
800058fe: 29 3e        	addiw	t3, t3, -22
80005900: f1 bf        	j	0x800058dc <H_imag+0x13bc>
80005902: ff 3d 76 cd  	<unknown>
80005906: 28 3f        	fld	fa0, 120(a4)
80005908: 34 75        	ld	a3, 104(a0)
8000590a: c3 3e 1c 9f  	<unknown>
8000590e: b4 3e        	fld	fa3, 120(a3)
80005910: 25 43        	li	t1, 9
80005912: 7e 3e        	fld	ft8, 504(sp)
80005914: 04 b2        	fsd	fs1, 32(a2)
80005916: 26 3f        	fld	ft10, 104(sp)
80005918: 89 aa        	j	0x80005a6a <H_imag+0x154a>
8000591a: d6 3e        	fld	ft9, 368(sp)
8000591c: 81 31        	addiw	gp, gp, -32
8000591e: 14 3f        	fld	fa3, 56(a4)
80005920: a9 24        	addiw	s1, s1, 10
80005922: 84 3e        	fld	fs1, 56(a3)
80005924: 3f 0d 1d 3d  	<unknown>
80005928: 61 f6        	bnez	a2, 0x800058f0 <H_imag+0x13d0>
8000592a: 09 3f        	addiw	t5, t5, -30
8000592c: f7 45 9b 3e  	<unknown>
80005930: 7f 45 02 3f  	<unknown>
80005934: a1 91        	srli	a1, a1, 40
80005936: e1 3e        	addiw	t4, t4, -8
80005938: bb 36 e9 3e  	<unknown>
8000593c: bf 89 86 3e  	<unknown>
80005940: 2f 08 d3 3e  	<unknown>
80005944: 0b 2e a3 3e  	<unknown>
80005948: c3 8f d3 3e  	<unknown>
8000594c: 6d 97        	srai	a4, a4, 59
8000594e: e2 3e        	fld	ft9, 56(sp)
80005950: 9a 4f        	lw	t6, 132(sp)
80005952: 06 3f        	fld	ft10, 96(sp)
80005954: f5 62        	lui	t0, 29
80005956: 61 3e        	addiw	t3, t3, -8
80005958: aa a5        	fsd	fa0, 200(sp)
8000595a: f3 39 b1 fa  	csrrc	s3, 4011, sp
8000595e: 15 3f        	addiw	t5, t5, -27
80005960: fc fc        	sd	a5, 248(s1)
80005962: 22 3f        	fld	ft10, 40(sp)
80005964: eb a0 8a 3e  	<unknown>
80005968: 5e c4        	sw	s7, 8(sp)
8000596a: 34 3f        	fld	fa3, 120(a4)
8000596c: 55 81        	srli	a0, a0, 21
8000596e: ca 3e        	fld	ft9, 176(sp)
80005970: e3 ba 73 3e  	<unknown>
80005974: 90 b9        	fsd	fa2, 48(a1)
80005976: e7 3e 73 27  	<unknown>
8000597a: 34 3e        	fld	fa3, 120(a2)
8000597c: aa 16        	slli	a3, a3, 42
8000597e: 1b 3e a1 1e  	<unknown>
80005982: ee 3e        	fld	ft9, 248(sp)
80005984: ed 3b        	addiw	s7, s7, -5
80005986: 62 3d        	fld	fs10, 56(sp)
80005988: f0 1d        	addi	a2, sp, 764
8000598a: 0a 3f        	fld	ft10, 160(sp)
8000598c: 00 cf        	sw	s0, 24(a4)
8000598e: a5 3d        	addiw	s11, s11, -23
80005990: ed 4e        	li	t4, 27
80005992: 09 3e        	addiw	t3, t3, -30
80005994: 67 3f c0 3d  	<unknown>
80005998: 7a 7a        	ld	s4, 440(sp)
8000599a: c5 3e        	addiw	t4, t4, -15
8000599c: 90 7e        	ld	a2, 56(a3)
8000599e: d9 3e        	addiw	t4, t4, -10
800059a0: 29 07        	addi	a4, a4, 10
800059a2: a7 3e 3c a0  	fsd	ft3, -1507(s8)
800059a6: 13 3f 8d 84  	sltiu	t5, s10, -1976
800059aa: a1 3e        	addiw	t4, t4, -24
800059ac: 8e ed        	sd	gp, 216(sp)
800059ae: 23 3e ec 4c  	sd	a4, 1244(s8)
800059b2: b2 3e        	fld	ft9, 296(sp)
800059b4: 0d 09        	addi	s2, s2, 3
800059b6: bd 3e        	addiw	t4, t4, -17
800059b8: cb 0e 83 3d  	<unknown>
800059bc: 18 3f        	fld	fa4, 56(a4)
800059be: 32 3f        	fld	ft10, 296(sp)
800059c0: cf 5c 2f 3f  	<unknown>
800059c4: 30 d3        	sw	a2, 96(a4)
800059c6: 0e 3e        	fld	ft8, 224(sp)
800059c8: a0 57        	lw	s0, 104(a5)
800059ca: 64 3e        	fld	fs1, 248(a2)
800059cc: 0e 35        	fld	fa0, 224(sp)
800059ce: e5 3e        	addiw	t4, t4, -7
800059d0: f5 6c        	lui	s9, 29
800059d2: e2 3e        	fld	ft9, 56(sp)
800059d4: 93 09 60 3d  	li	s3, 982
800059d8: 2f d1 2c 3f  	<unknown>
800059dc: 19 04        	addi	s0, s0, 6
800059de: 03 3f a1 f8  	ld	t5, -118(sp)
800059e2: 5d 3e        	addiw	t3, t3, -9
800059e4: 60 1c        	addi	s0, sp, 572
800059e6: 0d 3f        	addiw	t5, t5, -29
800059e8: c4 69        	ld	s1, 144(a1)
800059ea: 74 3e        	fld	fa3, 248(a2)
800059ec: 5d 01        	addi	sp, sp, 23
800059ee: 86 3e        	fld	ft9, 96(sp)
800059f0: cd bb        	j	0x800057e2 <H_imag+0x12c2>
800059f2: 68 3e        	fld	fa0, 248(a2)
800059f4: ff 0c 2f 3f  	<unknown>
800059f8: 23 2a ce 3d  	sw	t3, 980(t3)
800059fc: d0 34        	fld	fa2, 168(s1)
800059fe: 34 3f        	fld	fa3, 120(a4)
80005a00: 86 2b        	fld	fs7, 64(sp)
80005a02: 1f 3e da fd  	<unknown>
80005a06: 23 3e ce 85  	sd	t3, -1956(t3)
80005a0a: 13 3f e5 e1  	sltiu	t5, a0, -482
80005a0e: 98 3e        	fld	fa4, 56(a3)
80005a10: a9 4c        	li	s9, 10
80005a12: 24 3f        	fld	fs1, 120(a4)
80005a14: da 97        	add	a5, a5, s6
80005a16: 90 3e        	fld	fa2, 56(a3)
80005a18: f8 f3        	sd	a4, 224(a5)
80005a1a: a3 3d 45 03  	sd	s4, 59(a0)
80005a1e: 19 3f        	addiw	t5, t5, -26
80005a20: 2e 3a        	fld	fs4, 232(sp)
80005a22: b7 3e 4d 5f  	lui	t4, 390355
80005a26: f9 3c        	addiw	s9, s9, -2
80005a28: ce 09        	slli	s3, s3, 19
80005a2a: ac 3e        	fld	fa1, 120(a3)
80005a2c: 4d 05        	addi	a0, a0, 19
80005a2e: ab 3e 4b 25  	<unknown>
80005a32: 1e 3f        	fld	ft10, 480(sp)
80005a34: 7b b3 0e 3f  	<unknown>
80005a38: 9d 89        	andi	a1, a1, 7
80005a3a: 32 3e        	fld	ft8, 296(sp)
80005a3c: 15 a9        	j	0x80005e70 <H_imag+0x1950>
80005a3e: de 3e        	fld	ft9, 496(sp)
80005a40: f9 6c        	lui	s9, 30
80005a42: 2d 3f        	addiw	t5, t5, -21
80005a44: 42 f7        	sd	a6, 424(sp)
80005a46: 19 3f        	addiw	t5, t5, -26
80005a48: 32 51        	lw	sp, 44(sp)
80005a4a: 8e 3e        	fld	ft9, 224(sp)
80005a4c: dd b6        	j	0x80005632 <H_imag+0x1112>
80005a4e: a9 3e        	addiw	t4, t4, -22
80005a50: 10 ca        	sw	a2, 16(a2)
80005a52: 1f 3f 32 6b  	<unknown>
80005a56: 92 3d        	fld	fs11, 288(sp)
80005a58: 6c 49        	lw	a1, 84(a0)
80005a5a: ea 3e        	fld	ft9, 184(sp)
80005a5c: 4c 3a        	fld	fa1, 176(a2)
80005a5e: 2f 3f b4 17  	<unknown>
80005a62: eb 3e b1 b4  	<unknown>
80005a66: 4a 3e        	fld	ft8, 176(sp)
80005a68: b7 ff f2 3e  	lui	t6, 257839
80005a6c: 4d bd        	j	0x8000591e <H_imag+0x13fe>
80005a6e: e8 3e        	fld	fa0, 248(a3)
80005a70: df 7b f1 3e  	<unknown>
80005a74: 40 b0        	fsd	fs0, 160(s0)
80005a76: f5 3d        	addiw	s11, s11, -3
80005a78: d9 4c        	li	s9, 22
80005a7a: 80 3e        	fld	fs0, 56(a3)
80005a7c: 05 63        	lui	t1, 1
80005a7e: 19 3f        	addiw	t5, t5, -26
80005a80: 1a 09        	slli	s2, s2, 6
80005a82: d4 3e        	fld	fa3, 184(a3)
80005a84: 1c da        	sw	a5, 48(a2)
80005a86: 21 3f        	addiw	t5, t5, -24
80005a88: f4 16        	addi	a3, sp, 876
80005a8a: f6 3e        	fld	ft9, 376(sp)
80005a8c: 98 c1        	sw	a4, 0(a1)
80005a8e: ef 3e 22 56  	jal	t4, 0x80028ff0 <timer+0x1e590>
80005a92: 6b 3e 76 a1  	<unknown>
80005a96: 85 3e        	addiw	t4, t4, -31
80005a98: a6 24        	fld	fs1, 72(sp)
80005a9a: 3b 3e 57 fa  	<unknown>
80005a9e: 93 3d ff 5c  	sltiu	s11, t5, 1487
80005aa2: 3e 3e        	fld	ft8, 488(sp)
80005aa4: c0 5f        	lw	s0, 60(a5)
80005aa6: 0b 3f 0f cd  	<unknown>
80005aaa: 31 3f        	addiw	t5, t5, -20
80005aac: cc ce        	sw	a1, 28(a3)
80005aae: 20 3f        	fld	fs0, 120(a4)
80005ab0: cc 13        	addi	a1, sp, 484
80005ab2: 87 3e 6b b9  	fld	ft9, -1130(s6)
80005ab6: bd 3e        	addiw	t4, t4, -17
80005ab8: 48 92        	<unknown>
80005aba: 2c 3f        	fld	fa1, 120(a4)
80005abc: 89 8e        	sub	a3, a3, a0
80005abe: 7d 3e        	addiw	t3, t3, -1
80005ac0: c3 37 24 3f  	<unknown>
80005ac4: 54 57        	lw	a3, 44(a4)
80005ac6: ec 3e        	fld	fa1, 248(a3)
80005ac8: e3 b9 0f 3f  	<unknown>
80005acc: bf 06 28 3f  	<unknown>
80005ad0: de 56        	lw	a3, 244(sp)
80005ad2: a9 3e        	addiw	t4, t4, -22
80005ad4: 7a 6a        	ld	s4, 408(sp)
80005ad6: 1a 3c        	fld	fs8, 416(sp)
80005ad8: 00 7e        	ld	s0, 56(a2)
80005ada: 1b 3e 5f 65  	<unknown>
80005ade: 18 3d        	fld	fa4, 56(a0)
80005ae0: 1d b2        	j	0x80005406 <H_imag+0xee6>
80005ae2: 2f 3f e7 9c  	<unknown>
80005ae6: c2 3e        	fld	ft9, 48(sp)
80005ae8: 09 da        	beqz	a2, 0x800059fa <H_imag+0x14da>
80005aea: 86 3c        	fld	fs9, 96(sp)
80005aec: 5c d5        	sw	a5, 44(a0)
80005aee: d8 3e        	fld	fa4, 184(a3)
80005af0: 06 0f        	slli	t5, t5, 1
80005af2: bb 3e aa ce  	<unknown>
80005af6: 0f 3d b3 f2  	<unknown>
80005afa: dd 3e        	addiw	t4, t4, -9
80005afc: cb 55 04 3f  	<unknown>
80005b00: da 5f        	lw	t6, 180(sp)
80005b02: a8 3e        	fld	fa0, 120(a3)
80005b04: 26 2c        	fld	fs8, 72(sp)
80005b06: d0 3e        	fld	fa2, 184(a3)
80005b08: 6b 85 d8 3e  	<unknown>
80005b0c: ef 26 14 3f  	jal	a3, 0x800486fc <timer+0x3dc9c>
80005b10: 7c b8        	fsd	fa5, 240(s0)
80005b12: 25 3f        	addiw	t5, t5, -23
80005b14: ca 0b        	slli	s7, s7, 18
80005b16: 2c 3f        	fld	fa1, 120(a4)
80005b18: 35 34        	addiw	s0, s0, -19
80005b1a: 16 3f        	fld	ft10, 352(sp)
80005b1c: f2 71        	ld	gp, 312(sp)
80005b1e: 2a 3f        	fld	ft10, 168(sp)
80005b20: 27 fc c4 3d  	<unknown>
80005b24: a4 62        	ld	s1, 64(a3)
80005b26: d3 3e 19 7d  	<unknown>
80005b2a: 2a 3f        	fld	ft10, 168(sp)
80005b2c: bb 9e b5 3d  	<unknown>
80005b30: 89 23        	addiw	t2, t2, 2
80005b32: c3 3d cc fe  	<unknown>
80005b36: 02 3f        	fld	ft10, 32(sp)
80005b38: f6 11        	slli	gp, gp, 61
80005b3a: 23 3f 85 93  	sd	s8, -1730(a0)
80005b3e: 18 3f        	fld	fa4, 56(a4)
80005b40: 16 c5        	sw	t0, 136(sp)
80005b42: 36 3d        	fld	fs10, 360(sp)
80005b44: db 46 30 3f  	<unknown>
80005b48: 47 9a 5a 3e  	<unknown>
80005b4c: 59 70        	c.lui	zero, -10
80005b4e: 3a 3e        	fld	ft8, 424(sp)
80005b50: 96 f9        	sd	t0, 240(sp)
80005b52: bb 3e 27 1d  	<unknown>
80005b56: 77 3e 18 88  	<unknown>
80005b5a: 8e 3e        	fld	ft9, 224(sp)
80005b5c: a4 b9        	fsd	fs1, 112(a1)
80005b5e: 21 3b        	addiw	s6, s6, -24
80005b60: 18 ce        	sw	a4, 24(a2)
80005b62: 19 3e        	addiw	t3, t3, -26
80005b64: 7a d0        	sw	t5, 32(sp)
80005b66: c0 3e        	fld	fs0, 184(a3)
80005b68: 9c ef        	sd	a5, 24(a5)
80005b6a: 33 3f 41 fc  	<unknown>
80005b6e: 23 3f e1 f8  	sd	a4, -98(sp)
80005b72: 6e 3d        	fld	fs10, 248(sp)
80005b74: 70 bb        	fsd	fa2, 240(a4)
80005b76: cb 3c 58 f9  	fnmsub.s	fs9, fa6, fs5, ft11, rup
80005b7a: b7 3e ae a7  	lui	t4, 686819
80005b7e: 15 3e        	addiw	t3, t3, -27
80005b80: 7b 5d 1d 3f  	<unknown>
80005b84: eb de 87 3e  	<unknown>
80005b88: 1c 44        	lw	a5, 8(s0)
80005b8a: 0f 3e 86 95  	<unknown>
80005b8e: 88 3c        	fld	fa0, 56(s1)
80005b90: 09 f5        	bnez	a0, 0x80005a9a <H_imag+0x157a>
80005b92: 4d 3e        	addiw	t3, t3, -13
80005b94: 9b d2 0f 38  	<unknown>
80005b98: 9c 24        	fld	fa5, 8(s1)
80005b9a: f5 3e        	addiw	t4, t4, -3
80005b9c: b1 d9        	beqz	a1, 0x80005af0 <H_imag+0x15d0>
80005b9e: 9c 3e        	fld	fa5, 56(a3)
80005ba0: 7c 12        	addi	a5, sp, 300
80005ba2: 31 3d        	addiw	s10, s10, -20
80005ba4: e5 0b        	addi	s7, s7, 25
80005ba6: b5 3d        	addiw	s11, s11, -19
80005ba8: 7a d7        	sw	t5, 172(sp)
80005baa: 57 3d 38 f2  	<unknown>
80005bae: 1c 3f        	fld	fa5, 56(a4)
80005bb0: e1 75        	lui	a1, 1048568
80005bb2: b8 3e        	fld	fa4, 120(a3)
80005bb4: 69 2c        	addiw	s8, s8, 26
80005bb6: 2c 3d        	fld	fa1, 120(a0)
80005bb8: 82 a6        	fsd	ft0, 328(sp)
80005bba: 30 3f        	fld	fa2, 120(a4)
80005bbc: 63 8c 5a 3e  	beq	s5, t0, 0x80005fb4 <H_imag+0x1a94>
80005bc0: 06 ff        	sd	ra, 440(sp)
80005bc2: 24 3f        	fld	fs1, 120(a4)
80005bc4: 78 93        	<unknown>
80005bc6: 26 3f        	fld	ft10, 104(sp)
80005bc8: be 2f        	fld	ft11, 456(sp)
80005bca: 1b 3f b4 24  	<unknown>
80005bce: f2 3e        	fld	ft9, 312(sp)
80005bd0: c9 5b        	li	s7, -14
80005bd2: ef 3e 2f 20  	jal	t4, 0x800f8dd4 <timer+0xee374>
80005bd6: 89 3e        	addiw	t4, t4, -30
80005bd8: 3a e6        	sd	a4, 264(sp)
80005bda: 31 3d        	addiw	s10, s10, -20
80005bdc: 2e 69        	ld	s2, 200(sp)
80005bde: 22 3f        	fld	ft10, 40(sp)
80005be0: 35 00        	c.nop	13
80005be2: dd 3e        	addiw	t4, t4, -9
80005be4: ef 74 22 3f  	jal	s1, 0x8002cfd6 <timer+0x22576>
80005be8: 31 9d        	addw	a0, a0, a2
80005bea: 62 3e        	fld	ft8, 56(sp)
80005bec: 54 c1        	sw	a3, 4(a0)
80005bee: 0b 3f 97 ee  	<unknown>
80005bf2: ee 3e        	fld	ft9, 248(sp)
80005bf4: 02 15        	slli	a0, a0, 32
80005bf6: f3 3e fd da  	csrrc	t4, 3503, s10
80005bfa: d9 3b        	addiw	s7, s7, -10
80005bfc: 13 dc 28 3f  	<unknown>
80005c00: 0b a5 93 3e  	<unknown>
80005c04: cb 0a 31 3f  	<unknown>
80005c08: b6 51        	lw	gp, 108(sp)
80005c0a: 9e 3e        	fld	ft9, 480(sp)
80005c0c: 81 ca        	beqz	a3, 0x80005c1c <H_imag+0x16fc>
80005c0e: d5 3e        	addiw	t4, t4, -11
80005c10: 64 41        	lw	s1, 68(a0)
80005c12: 09 3f        	addiw	t5, t5, -30
80005c14: ca d5        	sw	s2, 232(sp)
80005c16: d2 3e        	fld	ft9, 304(sp)
80005c18: ae 8e        	mv	t4, a1
80005c1a: 10 3f        	fld	fa2, 56(a4)
80005c1c: 1b 7f 2f 3e  	<unknown>
80005c20: 41 d7        	beqz	a4, 0x80005ba8 <H_imag+0x1688>
80005c22: 00 3f        	fld	fs0, 56(a4)
80005c24: 4d 35        	addiw	a0, a0, -13
80005c26: 62 3e        	fld	ft8, 56(sp)
80005c28: 0a cb        	sw	sp, 148(sp)
80005c2a: c6 3e        	fld	ft9, 112(sp)
80005c2c: 6d c0        	beqz	s0, 0x80005d0e <H_imag+0x17ee>
80005c2e: 8b 3c 6c 17  	<unknown>
80005c32: c8 3e        	fld	fa0, 184(a3)
80005c34: 8f b4 05 3f  	<unknown>
80005c38: e7 ed 1e 3e  	<unknown>
80005c3c: 2f 09 2c 3f  	<unknown>
80005c40: 83 d4 1b 3f  	lhu	s1, 1009(s7)
80005c44: c5 13        	addi	t2, t2, -15
80005c46: 0b 3f f8 ac  	<unknown>
80005c4a: 84 3e        	fld	fs1, 56(a3)
80005c4c: 76 51        	lw	sp, 124(sp)
80005c4e: 01 3f        	addiw	t5, t5, -32
80005c50: 9d 8e        	sub	a3, a3, a5
80005c52: 9f 3e 53 c4  	<unknown>
80005c56: 0c 3f        	fld	fa1, 56(a4)
80005c58: 55 54        	li	s0, -11
80005c5a: 0a 3e        	fld	ft8, 160(sp)
80005c5c: 6d c5        	beqz	a0, 0x80005d46 <H_imag+0x1826>
80005c5e: 3e 3d        	fld	fs10, 488(sp)
80005c60: d7 90 8b 3e  	<unknown>
80005c64: 3e 64        	ld	s0, 456(sp)
80005c66: a1 3d        	addiw	s11, s11, -24
80005c68: 74 cc        	sw	a3, 92(s0)
80005c6a: 04 3f        	fld	fs1, 56(a4)
80005c6c: b0 9e        	<unknown>
80005c6e: e6 3e        	fld	ft9, 120(sp)
80005c70: 47 8d 0a 3d  	<unknown>
80005c74: 5d 66        	lui	a2, 23
80005c76: 79 3e        	addiw	t3, t3, -2
80005c78: 01 c5        	beqz	a0, 0x80005c80 <H_imag+0x1760>
80005c7a: fa 3e        	fld	ft9, 440(sp)
80005c7c: 57 06 01 3f  	<unknown>
80005c80: 7f bf 14 3f  	<unknown>
80005c84: 2f 3b 1a 3f  	<unknown>
80005c88: a2 5b        	lw	s7, 40(sp)
80005c8a: ba 3e        	fld	ft9, 424(sp)
80005c8c: 53 44 0d 3e  	<unknown>
80005c90: 7c 99        	<unknown>
80005c92: c9 3e        	addiw	t4, t4, -14
80005c94: 5d e1        	bnez	a0, 0x80005d3a <H_imag+0x181a>
80005c96: 82 3e        	fld	ft9, 32(sp)
80005c98: 6f e2 08 3f  	jal	tp, 0x80094088 <timer+0x89628>
80005c9c: 25 9e        	addw	a2, a2, s1
80005c9e: 9b 3e 09 80  	<unknown>
80005ca2: 40 3e        	fld	fs0, 184(a2)
80005ca4: d4 c8        	sw	a3, 20(s1)
80005ca6: fd 3e        	addiw	t4, t4, -1
80005ca8: 13 aa a5 3d  	slti	s4, a1, 986
80005cac: 75 d8        	beqz	s0, 0x80005ca0 <H_imag+0x1780>
80005cae: 36 3e        	fld	ft8, 360(sp)
80005cb0: b9 63        	lui	t2, 14
80005cb2: 58 3e        	fld	fa4, 184(a2)
80005cb4: 94 4f        	lw	a3, 24(a5)
80005cb6: bb 3e ca cb  	<unknown>
80005cba: ea 3e        	fld	ft9, 184(sp)
80005cbc: 64 40        	lw	s1, 68(s0)
80005cbe: 83 3e 35 67  	ld	t4, 1651(a0)
80005cc2: 17 3f 19 27  	auipc	t5, 160147
80005cc6: 5c 3e        	fld	fa5, 184(a2)
80005cc8: ab 97 9b 3e  	<unknown>
80005ccc: 3e a4        	fsd	fa5, 8(sp)
80005cce: 03 3f 16 ca  	ld	t5, -863(a2)
80005cd2: 75 3e        	addiw	t3, t3, -3
80005cd4: a8 ee        	sd	a0, 88(a3)
80005cd6: eb 3e 6e 91  	<unknown>
80005cda: d1 3e        	addiw	t4, t4, -12
80005cdc: 90 9e        	<unknown>
80005cde: 82 3e        	fld	ft9, 32(sp)
80005ce0: 80 9f        	<unknown>
80005ce2: 66 3e        	fld	ft8, 120(sp)
80005ce4: a1 ba        	j	0x8000563c <H_imag+0x111c>
80005ce6: 32 3f        	fld	ft10, 296(sp)
80005ce8: 8c a3        	fsd	fa1, 0(a5)
80005cea: a5 3e        	addiw	t4, t4, -23
80005cec: cd 47        	li	a5, 19
80005cee: 81 3e        	addiw	t4, t4, -32
80005cf0: 88 2a        	fld	fa0, 16(a3)
80005cf2: 9f 3e 05 fb  	<unknown>
80005cf6: d0 3b        	fld	fa2, 176(a5)
80005cf8: 3c b8        	fsd	fa5, 112(s0)
80005cfa: 2a 3f        	fld	ft10, 168(sp)
80005cfc: 75 a5        	j	0x800063a8 <H_imag+0x1e88>
80005cfe: cf 3e bc 62  	fnmadd.d	ft9, fs8, fa1, fa2, rup
80005d02: f2 3d        	fld	fs11, 312(sp)
80005d04: bf 2d cd 3e  	<unknown>
80005d08: 8d 6b        	lui	s7, 3
80005d0a: 02 3f        	fld	ft10, 32(sp)
80005d0c: 9e 22        	fld	ft5, 448(sp)
80005d0e: 66 3e        	fld	ft8, 120(sp)
80005d10: e8 07        	addi	a0, sp, 972
80005d12: 1a 3f        	fld	ft10, 416(sp)
80005d14: 1b b5 7e 3e  	<unknown>
80005d18: 73 4a 2f 3f  	<unknown>
80005d1c: fc a0        	fsd	fa5, 192(s1)
80005d1e: 6a 3e        	fld	ft8, 184(sp)
80005d20: 81 18        	addi	a7, a7, -32
80005d22: 50 3d        	fld	fa2, 184(a0)
80005d24: 16 e1        	sd	t0, 128(sp)
80005d26: 2a 3f        	fld	ft10, 168(sp)
80005d28: 66 5b        	lw	s6, 120(sp)
80005d2a: 65 3e        	addiw	t3, t3, -7
80005d2c: 62 fa        	sd	s8, 304(sp)
80005d2e: 0b 3e 9a e9  	<unknown>
80005d32: 10 3f        	fld	fa2, 56(a4)
80005d34: 94 f8        	sd	a3, 48(s1)
80005d36: 1b 3f 56 f0  	<unknown>
80005d3a: 33 3f fa 27  	<unknown>
80005d3e: a1 3e        	addiw	t4, t4, -24
80005d40: 0c d0        	sw	a1, 32(s0)
80005d42: 0b 3f 4b f2  	<unknown>
80005d46: 9e 3e        	fld	ft9, 480(sp)
80005d48: 74 70        	ld	a3, 224(s0)
80005d4a: fa 3e        	fld	ft9, 440(sp)
80005d4c: dc 0f        	addi	a5, sp, 980
80005d4e: 9f 3e 3f 1a  	<unknown>
80005d52: 91 3e        	addiw	t4, t4, -28
80005d54: a2 ce        	sw	s0, 92(sp)
80005d56: 05 3f        	addiw	t5, t5, -31
80005d58: 93 cd 94 3e  	xori	s11, s1, 1001
80005d5c: 78 44        	lw	a4, 76(s0)
80005d5e: 37 3d 26 2e  	lui	s10, 189027
80005d62: b6 3d        	fld	fs11, 360(sp)
80005d64: e3 07 a3 3e  	beq	t1, a0, 0x80006952 <Gram_ref_real+0x432>
80005d68: d6 67        	ld	a5, 336(sp)
80005d6a: 84 3d        	fld	fs1, 56(a1)
80005d6c: c9 87        	srai	a5, a5, 18
80005d6e: 87 3e 49 4c  	fld	ft9, 1220(s2)
80005d72: c2 3e        	fld	ft9, 48(sp)
80005d74: 8c dd        	sw	a1, 56(a1)
80005d76: 0d 3e        	addiw	t3, t3, -29
80005d78: 1a 2f        	fld	ft10, 384(sp)
80005d7a: b7 3e 52 08  	lui	t4, 34083
80005d7e: e9 3e        	addiw	t4, t4, -6
80005d80: ad 56        	li	a3, -21
80005d82: 07 3f 19 e3  	fld	ft10, -463(s2)
80005d86: 05 3e        	addiw	t3, t3, -31
80005d88: b9 0a        	addi	s5, s5, 14
80005d8a: b0 3d        	fld	fa2, 120(a1)
80005d8c: bb cb c9 3a  	<unknown>
80005d90: 3c 31        	fld	fa5, 96(a0)
80005d92: 23 3f 28 21  	sd	s2, 542(a6)
80005d96: de 3e        	fld	ft9, 496(sp)
80005d98: e0 2d        	fld	fs0, 216(a1)
80005d9a: 28 3f        	fld	fa0, 120(a4)
80005d9c: 81 62        	lui	t0, 0
80005d9e: 2a 3f        	fld	ft10, 168(sp)
80005da0: 5b f3 1c 3f  	<unknown>
80005da4: f6 56        	lw	a3, 124(sp)
80005da6: cd 3e        	addiw	t4, t4, -13
80005da8: 92 a2        	fsd	ft4, 320(sp)
80005daa: cf 3e 44 bb  	fnmadd.d	ft9, fs0, fs4, fs7, rup
80005dae: 18 3f        	fld	fa4, 56(a4)
80005db0: b0 3b        	fld	fa2, 112(a5)
80005db2: f1 3e        	addiw	t4, t4, -4
80005db4: 50 bb        	fsd	fa2, 176(a4)
80005db6: 21 3e        	addiw	t3, t3, -24
80005db8: 9b a4 44 3e  	<unknown>
80005dbc: b4 7f        	ld	a3, 120(a5)
80005dbe: 4e 3e        	fld	ft8, 240(sp)
80005dc0: 49 13        	addi	t1, t1, -14
80005dc2: dc 3e        	fld	fa5, 184(a3)
80005dc4: e2 e2        	sd	s8, 320(sp)
80005dc6: d0 3e        	fld	fa2, 184(a3)
80005dc8: ed 3c        	addiw	s9, s9, -5
80005dca: 07 3f f6 fa  	fld	ft10, -81(a2)
80005dce: c6 3e        	fld	ft9, 112(sp)
80005dd0: be 08        	slli	a7, a7, 15
80005dd2: 27 3e 28 d0  	fsd	ft2, -740(a6)
80005dd6: 84 3e        	fld	fs1, 56(a3)
80005dd8: 7f cc 8e 3d  	<unknown>
80005ddc: f9 e0        	bnez	s1, 0x80005ea2 <H_imag+0x1982>
80005dde: af 3e d3 15  	<unknown>
80005de2: 3a 3d        	fld	fs10, 424(sp)
80005de4: 79 ea        	bnez	a2, 0x80005eba <H_imag+0x199a>
80005de6: 15 3f        	addiw	t5, t5, -27
80005de8: 3e 48        	lw	a6, 204(sp)
80005dea: 7f 3e a5 5b  	<unknown>
80005dee: 10 3d        	fld	fa2, 56(a0)
80005df0: 66 41        	lw	sp, 88(sp)
80005df2: 18 3f        	fld	fa4, 56(a4)
80005df4: 43 4a 2c 3f  	<unknown>
80005df8: 65 7e        	lui	t3, 1048569
80005dfa: d6 3e        	fld	ft9, 368(sp)
80005dfc: 23 d9 0a 3f  	<unknown>
80005e00: df d3 22 3f  	<unknown>
80005e04: 0a d4        	sw	sp, 40(sp)
80005e06: 84 3e        	fld	fs1, 56(a3)
80005e08: 52 0c        	slli	s8, s8, 20
80005e0a: 52 3d        	fld	fs10, 304(sp)
80005e0c: 3b 5c 88 3e  	<unknown>
80005e10: 5b 35 28 3f  	<unknown>
80005e14: 5c 38        	fld	fa5, 176(s0)
80005e16: cd 3e        	addiw	t4, t4, -13
80005e18: 2a c5        	sw	a0, 136(sp)
80005e1a: cd 3d        	addiw	s11, s11, -13
80005e1c: fb de 1b 3f  	<unknown>
80005e20: d9 68        	lui	a7, 22
80005e22: aa 3e        	fld	ft9, 168(sp)
80005e24: 89 81        	srli	a1, a1, 2
80005e26: ca 3e        	fld	ft9, 176(sp)
80005e28: ce 21        	fld	ft3, 208(sp)
80005e2a: 9d 3e        	addiw	t4, t4, -25
80005e2c: 2f 31 23 3f  	<unknown>
80005e30: 86 94        	add	s1, s1, ra
80005e32: 9c 3c        	fld	fa5, 56(s1)
80005e34: c0 65        	ld	s0, 136(a1)
80005e36: df 3d 75 de  	<unknown>
80005e3a: 9b 3e 36 13  	<unknown>
80005e3e: 0f 3f 1e fa  	<unknown>
80005e42: 26 3f        	fld	ft10, 104(sp)
80005e44: e9 ef        	bnez	a5, 0x80005f1e <H_imag+0x19fe>
80005e46: ab 3e 30 c3  	<unknown>
80005e4a: 10 3f        	fld	fa2, 56(a4)
80005e4c: e4 8e        	<unknown>
80005e4e: e1 3d        	addiw	s11, s11, -8
80005e50: 86 f8        	sd	ra, 112(sp)
80005e52: c0 3d        	fld	fs0, 184(a1)
80005e54: b3 e3 2f 3e  	<unknown>
80005e58: 3b ca c0 3e  	<unknown>
80005e5c: 3a 23        	fld	ft6, 392(sp)
80005e5e: d9 3d        	addiw	s11, s11, -10
80005e60: 0f e8 c2 3e  	<unknown>
80005e64: c8 24        	fld	fa0, 136(s1)
80005e66: dc 3e        	fld	fa5, 184(a3)
80005e68: 21 d9        	beqz	a0, 0x80005db8 <H_imag+0x1898>
80005e6a: 8e 3e        	fld	ft9, 224(sp)
80005e6c: 29 d8        	beqz	s0, 0x80005dbe <H_imag+0x189e>
80005e6e: 33 3f fa ce  	<unknown>
80005e72: 2b 3f 75 1c  	<unknown>
80005e76: a8 3e        	fld	fa0, 120(a3)
80005e78: 07 6b 1c 3f  	<unknown>
80005e7c: 07 34 84 3e  	fld	fs0, 1000(s0)
80005e80: 7d 40        	c.li	zero, 31
80005e82: 2c 3f        	fld	fa1, 120(a4)
80005e84: 05 90        	srli	s0, s0, 33
80005e86: 4a 3e        	fld	ft8, 176(sp)
80005e88: 82 c8        	sw	zero, 80(sp)
80005e8a: 04 3f        	fld	fs1, 56(a4)
80005e8c: fa 72        	ld	t0, 440(sp)
80005e8e: 09 3e        	addiw	t3, t3, -30
80005e90: 55 0a        	addi	s4, s4, 21
80005e92: 0c 3f        	fld	fa1, 56(a4)
80005e94: b8 84        	<unknown>
80005e96: b0 3e        	fld	fa2, 120(a3)
80005e98: f4 1c        	addi	a3, sp, 636
80005e9a: ee 3e        	fld	ft9, 248(sp)
80005e9c: bf 40 23 3f  	<unknown>
80005ea0: 5b 63 16 3f  	<unknown>
80005ea4: 4d 95        	srai	a0, a0, 51
80005ea6: 6a 3d        	fld	fs10, 184(sp)
80005ea8: be 1f        	slli	t6, t6, 47
80005eaa: 22 3f        	fld	ft10, 40(sp)
80005eac: c9 6e        	lui	t4, 18
80005eae: a0 3e        	fld	fs0, 120(a3)
80005eb0: 12 b2        	fsd	ft4, 288(sp)
80005eb2: 02 3f        	fld	ft10, 32(sp)
80005eb4: 52 e7        	sd	s4, 392(sp)
80005eb6: 43 3e ee 94  	<unknown>
80005eba: aa 3e        	fld	ft9, 168(sp)
80005ebc: 2a f4        	sd	a0, 40(sp)
80005ebe: 5d 3d        	addiw	s10, s10, -9
80005ec0: 3a 4c        	lw	s8, 140(sp)
80005ec2: 09 3f        	addiw	t5, t5, -30
80005ec4: 62 46        	lw	a2, 24(sp)
80005ec6: e0 3e        	fld	fs0, 248(a3)
80005ec8: dc 7a        	ld	a5, 176(a3)
80005eca: 2d 3f        	addiw	t5, t5, -21
80005ecc: b7 b6 15 3f  	lui	a3, 258395
80005ed0: 05 70        	c.lui	zero, -31
80005ed2: 12 3f        	fld	ft10, 288(sp)
80005ed4: 4c b2        	fsd	fa1, 160(a2)
80005ed6: e4 3e        	fld	fs1, 248(a3)
80005ed8: c6 45        	lw	a1, 80(sp)
80005eda: d9 3d        	addiw	s11, s11, -10
80005edc: d6 ef        	sd	s5, 472(sp)
80005ede: b6 3e        	fld	ft9, 360(sp)
80005ee0: a2 6a        	ld	s5, 8(sp)
80005ee2: a0 3e        	fld	fs0, 120(a3)
80005ee4: 9e 1a        	slli	s5, s5, 39
80005ee6: 61 3e        	addiw	t3, t3, -8
80005ee8: 98 b5        	fsd	fa4, 40(a1)
80005eea: ff 3b f8 73  	<unknown>
80005eee: b6 3e        	fld	ft9, 360(sp)
80005ef0: 69 71        	addi	sp, sp, -304
80005ef2: 9d 3e        	addiw	t4, t4, -25
80005ef4: 1e dd        	sw	t2, 184(sp)
80005ef6: 94 3d        	fld	fa3, 56(a1)
80005ef8: 80 84        	<unknown>
80005efa: e5 3e        	addiw	t4, t4, -7
80005efc: 21 34        	addiw	s0, s0, -24
80005efe: 95 3e        	addiw	t4, t4, -27
80005f00: cf 01 1d 3e  	<unknown>
80005f04: 2b 57 d2 3e  	<unknown>
80005f08: ea 37        	fld	fa5, 184(sp)
80005f0a: 13 3f 33 99  	sltiu	t5, t1, -1645
80005f0e: 08 3f        	fld	fa0, 56(a4)
80005f10: e0 73        	ld	s0, 224(a5)
80005f12: 4e 3e        	fld	ft8, 240(sp)
80005f14: 98 82        	<unknown>
80005f16: 3a 3e        	fld	ft8, 424(sp)
80005f18: b0 b3        	fsd	fa2, 96(a5)
80005f1a: 67 3e 65 8a  	<unknown>
80005f1e: f1 3d        	addiw	s11, s11, -4
80005f20: 36 98        	add	a6, a6, a3
80005f22: 68 3e        	fld	fa0, 248(a2)
80005f24: e1 a4        	j	0x800061ec <H_imag+0x1ccc>
80005f26: 33 3f 87 5e  	<unknown>
80005f2a: d8 3e        	fld	fa4, 184(a3)
80005f2c: 73 e9 93 3e  	csrrsi	s2, pmpaddr57, 7
80005f30: 3c 00        	addi	a5, sp, 8
80005f32: 25 3f        	addiw	t5, t5, -23
80005f34: e3 77 2b 3f  	bgeu	s6, s2, 0x80006b22 <Gram_ref_real+0x602>
80005f38: 34 3e        	fld	fa3, 120(a2)
80005f3a: 20 3f        	fld	fs0, 120(a4)
80005f3c: c4 2d        	fld	fs1, 152(a1)
80005f3e: 26 3f        	fld	ft10, 104(sp)
80005f40: b0 c6        	sw	a2, 72(a3)
80005f42: 93 3e 50 a4  	sltiu	t4, zero, -1467
80005f46: 28 3f        	fld	fa0, 120(a4)
80005f48: eb 74 a7 3e  	<unknown>
80005f4c: 00 8c        	<unknown>
80005f4e: 32 3f        	fld	ft10, 296(sp)
80005f50: ff 8f 8a 3e  	<unknown>
80005f54: 00 c0        	sw	s0, 0(s0)
80005f56: 27 3f 26 41  	fsd	fs2, 1054(a2)
80005f5a: 1b 3f 32 91  	<unknown>
80005f5e: 14 3c        	fld	fa3, 56(s0)
80005f60: 9d 42        	li	t0, 7
80005f62: 95 3e        	addiw	t4, t4, -27
80005f64: ad 23        	addiw	t2, t2, 11
80005f66: 21 3f        	addiw	t5, t5, -24
80005f68: e9 a8        	j	0x80006042 <H_imag+0x1b22>
80005f6a: ed 3e        	addiw	t4, t4, -5
80005f6c: 3f 04 7f 3d  	<unknown>
80005f70: ff 95 e5 3e  	<unknown>
80005f74: ec da        	sw	a1, 116(a3)
80005f76: 85 3d        	addiw	s11, s11, -31
80005f78: 26 3f        	fld	ft10, 104(sp)
80005f7a: c2 3e        	fld	ft9, 48(sp)
80005f7c: 75 ba        	j	0x80005938 <H_imag+0x1418>
80005f7e: eb 3e f8 8b  	<unknown>
80005f82: 1f 3e 4c 1b  	<unknown>
80005f86: 16 3f        	fld	ft10, 352(sp)
80005f88: b2 1c        	slli	s9, s9, 44
80005f8a: 75 3e        	addiw	t3, t3, -3
80005f8c: 74 37        	fld	fa3, 232(a4)
80005f8e: d7 3e c7 62  	vmseq.vi	v29, v12, 14
80005f92: 2f 3f 58 d1  	<unknown>
80005f96: 38 3e        	fld	fa4, 120(a2)
80005f98: 2d ff        	bnez	a4, 0x80005f12 <H_imag+0x19f2>
80005f9a: 7f 3e 23 ec  	<unknown>
80005f9e: e7 3e 90 e1  	<unknown>
80005fa2: 09 3f        	addiw	t5, t5, -30
80005fa4: 62 c3        	sw	s8, 132(sp)
80005fa6: ba 3e        	fld	ft9, 424(sp)
80005fa8: d0 41        	lw	a2, 4(a1)
80005faa: bd 3d        	addiw	s11, s11, -17
80005fac: b1 77        	lui	a5, 1048556
80005fae: 0e 3f        	fld	ft10, 224(sp)
80005fb0: 33 8b 2e 3e  	<unknown>
80005fb4: ac c2        	sw	a1, 64(a3)
80005fb6: d1 3e        	addiw	t4, t4, -12
80005fb8: 91 b3        	j	0x80005cfc <H_imag+0x17dc>
80005fba: 91 3c        	addiw	s9, s9, -28
80005fbc: dc 87        	<unknown>
80005fbe: bd 3e        	addiw	t4, t4, -17
80005fc0: a4 6e        	ld	s1, 88(a3)
80005fc2: 17 3f 75 10  	auipc	t5, 67411
80005fc6: 02 3e        	fld	ft8, 32(sp)
80005fc8: a5 da        	beqz	a3, 0x80005f38 <H_imag+0x1a18>
80005fca: ee 3e        	fld	ft9, 248(sp)
80005fcc: a0 26        	fld	fs0, 72(a3)
80005fce: 0d 3f        	addiw	t5, t5, -29
80005fd0: 53 4b 3b 3e  	<unknown>
80005fd4: 6e 6c        	ld	s8, 216(sp)
80005fd6: e6 3d        	fld	fs11, 120(sp)
80005fd8: d4 c8        	sw	a3, 20(s1)
80005fda: 09 3f        	addiw	t5, t5, -30
80005fdc: a3 9f 33 3f  	sh	s3, 1023(t2)
80005fe0: fd c8        	beqz	s1, 0x800060d6 <H_imag+0x1bb6>
80005fe2: 25 3b        	addiw	s6, s6, -23
80005fe4: d3 c1 12 3e  	<unknown>
80005fe8: ff f2 a3 3e  	<unknown>
80005fec: a6 6f        	ld	t6, 72(sp)
80005fee: 34 3f        	fld	fa3, 120(a4)
80005ff0: 84 8f        	<unknown>
80005ff2: bc 3d        	fld	fa5, 120(a1)
80005ff4: 57 68 ec 3e  	vslide1down.vx	v16, v14, s8
80005ff8: ae 4e        	lw	t4, 200(sp)
80005ffa: 1d 3f        	addiw	t5, t5, -25
80005ffc: 85 c5        	beqz	a1, 0x80006024 <H_imag+0x1b04>
80005ffe: 54 3e        	fld	fa3, 184(a2)
80006000: f3 40 13 3f  	<unknown>
80006004: f7 57 0f 3f  	<unknown>
80006008: 1f 18 f2 3e  	<unknown>
8000600c: 05 d0        	beqz	s0, 0x80005f2c <H_imag+0x1a0c>
8000600e: d4 3e        	fld	fa3, 184(a3)
80006010: df 40 46 3e  	<unknown>
80006014: 2e 8c        	mv	s8, a1
80006016: 07 3f 64 d4  	fld	ft10, -698(s0)
8000601a: 25 3f        	addiw	t5, t5, -23
8000601c: 79 f2        	bnez	a2, 0x80005fe2 <H_imag+0x1ac2>
8000601e: 1b 3f cf 11  	<unknown>
80006022: df 3e 60 83  	<unknown>
80006026: 85 3e        	addiw	t4, t4, -31
80006028: be 3a        	fld	fs5, 488(sp)
8000602a: c1 3d        	addiw	s11, s11, -16
8000602c: d6 6c        	ld	s9, 336(sp)
8000602e: 08 3c        	fld	fa0, 56(s0)
80006030: be 05        	slli	a1, a1, 15
80006032: 18 3d        	fld	fa4, 56(a0)
80006034: ff cf 96 3e  	<unknown>
80006038: 43 eb ed 3e  	<unknown>
8000603c: 84 26        	fld	fs1, 8(a3)
8000603e: 1c 3f        	fld	fa5, 56(a4)
80006040: 74 a1        	fsd	fa3, 192(a0)
80006042: 28 3d        	fld	fa0, 120(a0)
80006044: f4 41        	lw	a3, 68(a1)
80006046: 15 3f        	addiw	t5, t5, -27
80006048: 65 7d        	lui	s10, 1048569
8000604a: f7 3e 37 d1  	<unknown>
8000604e: ff 3e 4b 91  	<unknown>
80006052: ef 3e 80 c8  	jal	t4, 0x7ff094da <vfctrans_sim.c+0x7ff094da>
80006056: 82 3e        	fld	ft9, 32(sp)
80006058: 6e 31        	fld	ft2, 248(sp)
8000605a: f4 3e        	fld	fa3, 248(a3)
8000605c: c1 32        	addiw	t0, t0, -16
8000605e: c5 3e        	addiw	t4, t4, -15
80006060: 12 d1        	sw	tp, 160(sp)
80006062: da 3e        	fld	ft9, 432(sp)
80006064: 4b 68 5c 3b  	<unknown>
80006068: 37 d1 2c 3e  	lui	sp, 254669
8000606c: e7 37 33 3f  	<unknown>
80006070: ab 9a 2c 3e  	<unknown>
80006074: 4c ef        	sd	a1, 152(a4)
80006076: 92 3e        	fld	ft9, 288(sp)
80006078: 9a 34        	fld	fs1, 416(sp)
8000607a: 24 3f        	fld	fs1, 120(a4)
8000607c: ef e0 ea 3c  	jal	0x800b444a <timer+0xa99ea>
80006080: 6c 9a        	<unknown>
80006082: db 3d 6c 2d  	<unknown>
80006086: d6 3d        	fld	fs11, 368(sp)
80006088: c5 f4        	bnez	s1, 0x80006030 <H_imag+0x1b10>
8000608a: 5d 3e        	addiw	t3, t3, -9
8000608c: 0a 06        	slli	a2, a2, 2
8000608e: 1a 3f        	fld	ft10, 416(sp)
80006090: ce 11        	slli	gp, gp, 51
80006092: 8c 3e        	fld	fa1, 56(a3)
80006094: 6a aa        	fsd	fs10, 272(sp)
80006096: 87 3e db 80  	fld	ft9, -2035(s6)
8000609a: 5f 3e dc c6  	<unknown>
8000609e: b0 3e        	fld	fa2, 120(a3)
800060a0: 0f 27 f9 3e  	<unknown>
800060a4: 44 43        	lw	s1, 4(a4)
800060a6: 90 3c        	fld	fa2, 56(s1)
800060a8: 33 89 22 3e  	<unknown>
800060ac: fe 3f        	fld	ft11, 504(sp)
800060ae: be 3d        	fld	fs11, 488(sp)
800060b0: 70 87        	<unknown>
800060b2: a6 3e        	fld	ft9, 104(sp)
800060b4: 00 50        	lw	s0, 32(s0)
800060b6: 56 3e        	fld	ft8, 368(sp)
800060b8: c0 1a        	addi	s0, sp, 372
800060ba: 50 3c        	fld	fa2, 184(s0)
800060bc: a8 0b        	addi	a0, sp, 472
800060be: 4b 3e bf d8  	fnmsub.s	ft8, ft10, fa1, fs11, rup
800060c2: 5b 3e 6d 7d  	<unknown>
800060c6: be 3e        	fld	ft9, 488(sp)
800060c8: 0a 58        	lw	a6, 160(sp)
800060ca: 23 3f c1 dd  	sd	t3, -546(sp)
800060ce: 16 3f        	fld	ft10, 352(sp)
800060d0: d9 80        	srli	s1, s1, 22
800060d2: 2a 3f        	fld	ft10, 168(sp)
800060d4: 0b ab cf 3e  	<unknown>
800060d8: 78 29        	fld	fa4, 208(a0)
800060da: 79 3e        	addiw	t3, t3, -2
800060dc: 88 c0        	sw	a0, 0(s1)
800060de: 1f 3f c1 ed  	<unknown>
800060e2: a9 3e        	addiw	t4, t4, -22
800060e4: 03 a7 a4 3e  	lw	a4, 1002(s1)
800060e8: 0d 98        	andi	s0, s0, -29
800060ea: 08 3f        	fld	fa0, 56(a4)
800060ec: 70 1f        	addi	a2, sp, 956
800060ee: 23 3f 85 cb  	sd	s8, -834(a0)
800060f2: 32 3f        	fld	ft10, 296(sp)
800060f4: 6c 42        	lw	a1, 68(a2)
800060f6: 27 3f 57 f0  	fsd	ft5, -226(a4)
800060fa: a4 3e        	fld	fs1, 120(a3)
800060fc: c8 4b        	lw	a0, 20(a5)
800060fe: a6 3d        	fld	fs11, 104(sp)
80006100: 6e 8f        	mv	t5, s11
80006102: 02 3f        	fld	ft10, 32(sp)
80006104: 95 45        	li	a1, 5
80006106: d3 3d 7d 95  	<unknown>
8000610a: 14 3f        	fld	fa3, 56(a4)
8000610c: aa 62        	ld	t0, 136(sp)
8000610e: b6 3e        	fld	ft9, 360(sp)
80006110: e1 42        	li	t0, 24
80006112: a2 3e        	fld	ft9, 40(sp)
80006114: 4d a7        	j	0x800068b6 <Gram_ref_real+0x396>
80006116: 7b 3e 3d 2f  	<unknown>
8000611a: e7 3e 04 77  	<unknown>
8000611e: c9 3e        	addiw	t4, t4, -14
80006120: 63 9d c9 3c  	bne	s3, a2, 0x800064fa <H_imag+0x1fda>
80006124: 05 a6        	j	0x80006444 <H_imag+0x1f24>
80006126: ac 3e        	fld	fa1, 120(a3)
80006128: 56 1c        	slli	s8, s8, 53
8000612a: 0e 3f        	fld	ft10, 224(sp)
8000612c: 30 d3        	sw	a2, 96(a4)
8000612e: c7 3e d3 58  	fmsub.s	ft9, ft6, fa3, fa1, rup
80006132: 31 3e        	addiw	t3, t3, -20
80006134: 5f 35 54 3e  	<unknown>
80006138: 49 5a        	li	s4, -14
8000613a: 56 3e        	fld	ft8, 368(sp)
8000613c: 99 b7        	j	0x80006082 <H_imag+0x1b62>
8000613e: 86 3e        	fld	ft9, 96(sp)
80006140: 93 b3 93 3e  	sltiu	t2, t2, 1001
80006144: 6d 5d        	li	s10, -5
80006146: fe 3e        	fld	ft9, 504(sp)
80006148: 06 52        	lw	tp, 96(sp)
8000614a: 9b 3e 72 dc  	<unknown>
8000614e: 1b 3f 16 4a  	<unknown>
80006152: ce 3e        	fld	ft9, 240(sp)
80006154: 19 a6        	j	0x8000645a <H_imag+0x1f3a>
80006156: 3e 3e        	fld	ft8, 488(sp)
80006158: 51 a8        	j	0x800061ec <H_imag+0x1ccc>
8000615a: d6 3e        	fld	ft9, 368(sp)
8000615c: 48 ae        	fsd	fa0, 152(a2)
8000615e: 24 3e        	fld	fs1, 120(a2)
80006160: ed 9b        	andi	a5, a5, -5
80006162: b6 3e        	fld	ft9, 360(sp)
80006164: 8c dd        	sw	a1, 56(a1)
80006166: 19 3f        	addiw	t5, t5, -26
80006168: 79 ce        	beqz	a2, 0x80006246 <H_imag+0x1d26>
8000616a: 46 3e        	fld	ft8, 112(sp)
8000616c: 43 e2 60 3d  	<unknown>
80006170: 68 6d        	ld	a0, 216(a0)
80006172: 84 3e        	fld	fs1, 56(a3)
80006174: 15 d3        	beqz	a4, 0x80006098 <H_imag+0x1b78>
80006176: 15 3f        	addiw	t5, t5, -27
80006178: 53 2c 21 3f  	<unknown>
8000617c: f9 88        	andi	s1, s1, 30
8000617e: f7 3e 09 8c  	<unknown>
80006182: 5c 3e        	fld	fa5, 184(a2)
80006184: b0 7e        	ld	a2, 120(a3)
80006186: 90 3e        	fld	fa2, 56(a3)
80006188: bd 14        	addi	s1, s1, -17
8000618a: 05 3e        	addiw	t3, t3, -31
8000618c: 5f ba be 3e  	<unknown>
80006190: 8a 23        	fld	ft7, 128(sp)
80006192: ed 3e        	addiw	t4, t4, -5
80006194: 8e 5f        	lw	t6, 224(sp)
80006196: 0e 3f        	fld	ft10, 224(sp)
80006198: c6 f3        	sd	a7, 480(sp)
8000619a: 20 3e        	fld	fs0, 120(a2)
8000619c: ba ba        	fsd	fa4, 368(sp)
8000619e: 69 3e        	addiw	t3, t3, -6
800061a0: a4 67        	ld	s1, 72(a5)
800061a2: e9 3e        	addiw	t4, t4, -6
800061a4: 26 dc        	sw	s1, 56(sp)
800061a6: 93 3d e1 8f  	sltiu	s11, sp, -1794
800061aa: a3 3e 2c 49  	sd	s2, 1181(s8)
800061ae: da 3c        	fld	fs9, 432(sp)
800061b0: 15 dd        	beqz	a0, 0x800060ec <H_imag+0x1bcc>
800061b2: 2f 3f 8a 00  	amoadd.d	t5, s0, (s4)
800061b6: 80 3d        	fld	fs0, 56(a1)
800061b8: 88 02        	addi	a0, sp, 320
800061ba: ac 3d        	fld	fa1, 120(a1)
800061bc: db 3c 32 3f  	<unknown>
800061c0: a6 c9        	sw	s1, 208(sp)
800061c2: 8b 3e ec 1e  	<unknown>
800061c6: d8 3e        	fld	fa4, 184(a3)
800061c8: c0 e7        	sd	s0, 136(a5)
800061ca: 7f 3e 55 32  	<unknown>
800061ce: 90 3d        	fld	fa2, 56(a1)
800061d0: d1 e2        	bnez	a3, 0x80006254 <H_imag+0x1d34>
800061d2: 06 3f        	fld	ft10, 96(sp)
800061d4: ea 69        	ld	s3, 152(sp)
800061d6: 16 3f        	fld	ft10, 352(sp)
800061d8: db 3e e5 3d  	<unknown>
800061dc: 6e 5a        	lw	s4, 248(sp)
800061de: 59 3e        	addiw	t3, t3, -10
800061e0: aa 47        	lw	a5, 136(sp)
800061e2: b0 3e        	fld	fa2, 120(a3)
800061e4: f0 18        	addi	a2, sp, 124
800061e6: fb 3e 82 07  	<unknown>
800061ea: 61 3d        	addiw	s10, s10, -8
800061ec: fd 1e        	addi	t4, t4, -1
800061ee: f1 3d        	addiw	s11, s11, -4
800061f0: 6e f0        	sd	s11, 32(sp)
800061f2: f6 3d        	fld	fs11, 376(sp)
800061f4: 1d a2        	j	0x8000631a <H_imag+0x1dfa>
800061f6: 10 3f        	fld	fa2, 56(a4)
800061f8: 58 2b        	fld	fa4, 144(a4)
800061fa: 96 3e        	fld	ft9, 352(sp)
800061fc: 47 08 2c 3e  	<unknown>
80006200: 64 d8        	sw	s1, 116(s0)
80006202: 17 3f dc 3f  	auipc	t5, 261571
80006206: a1 3d        	addiw	s11, s11, -24
80006208: c1 b2        	j	0x80005bc8 <H_imag+0x16a8>
8000620a: 27 3f 18 f3  	fsd	fa7, -194(a6)
8000620e: d1 3e        	addiw	t4, t4, -12
80006210: 73 51 ec 3d  	csrrwi	sp, pmpaddr46, 24
80006214: 95 07        	addi	a5, a5, 5
80006216: f3 3e 2e 5c  	csrrc	t4, 1474, t3
8000621a: dc 3e        	fld	fa5, 184(a3)
8000621c: c7 c3 d1 3e  	<unknown>
80006220: 55 a6        	j	0x800065c4 <Gram_ref_real+0xa4>
80006222: 02 3f        	fld	ft10, 32(sp)
80006224: 0f 40 18 3f  	<unknown>
80006228: 72 e6        	sd	t3, 264(sp)
8000622a: 1c 3f        	fld	fa5, 56(a4)
8000622c: b3 3d 18 3e  	<unknown>
80006230: da 6b        	ld	s7, 400(sp)
80006232: 09 3f        	addiw	t5, t5, -30
80006234: 92 9a        	add	s5, s5, tp
80006236: e2 3e        	fld	ft9, 56(sp)
80006238: c0 43        	lw	s0, 4(a5)
8000623a: e3 3e 6f 78  	<unknown>
8000623e: 07 3f 25 35  	fld	ft10, 850(a0)
80006242: 76 3e        	fld	ft8, 376(sp)
80006244: fb 3f b4 3e  	<unknown>
80006248: 17 bf 17 3f  	auipc	t5, 258427
8000624c: 24 86        	<unknown>
8000624e: 15 3e        	addiw	t3, t3, -27
80006250: f7 93 33 3e  	<unknown>
80006254: d6 77        	ld	a5, 368(sp)
80006256: 14 3f        	fld	fa3, 56(a4)
80006258: 6d c5        	beqz	a0, 0x80006342 <H_imag+0x1e22>
8000625a: 05 3f        	addiw	t5, t5, -31
8000625c: 92 fb        	sd	tp, 496(sp)
8000625e: 21 3f        	addiw	t5, t5, -24
80006260: a9 5e        	li	t4, -22
80006262: 03 3f 05 23  	ld	t5, 560(a0)
80006266: c6 3e        	fld	ft9, 112(sp)
80006268: 93 c9 47 3d  	xori	s3, a5, 980
8000626c: 2f e4 07 3f  	<unknown>
80006270: 7f f0 1a 3d  	<unknown>
80006274: 84 a6        	fsd	fs1, 8(a3)
80006276: 86 3e        	fld	ft9, 96(sp)
80006278: 20 15        	addi	s0, sp, 680
8000627a: 37 3c 19 c4  	lui	s8, 803219
8000627e: c9 3e        	addiw	t4, t4, -14
80006280: 9c b7        	fsd	fa5, 40(a5)
80006282: 10 3f        	fld	fa2, 56(a4)
80006284: f9 2a        	addiw	s5, s5, 30
80006286: 94 3d        	fld	fa3, 56(a1)
80006288: 3e a8        	fsd	fa5, 16(sp)
8000628a: f5 3c        	addiw	s9, s9, -3
8000628c: c6 d1        	sw	a7, 224(sp)
8000628e: 0f 3f 85 86  	<unknown>
80006292: a2 3d        	fld	fs11, 40(sp)
80006294: 84 23        	fld	fs1, 0(a5)
80006296: 8c 3e        	fld	fa1, 56(a3)
80006298: 57 d9 ee 3d  	vfslide1down.vf	v18, v30, ft9, v0.t
8000629c: 52 8f        	mv	t5, s4
8000629e: bc 3b        	fld	fa5, 112(a5)
800062a0: 74 e6        	sd	a3, 200(a2)
800062a2: df 3e 52 c7  	<unknown>
800062a6: 55 3e        	addiw	t3, t3, -11
800062a8: ac 45        	lw	a1, 72(a1)
800062aa: 19 3c        	addiw	s8, s8, -26
800062ac: bd bd        	j	0x8000612a <H_imag+0x1c0a>
800062ae: 06 3f        	fld	ft10, 96(sp)
800062b0: ef 8e ff 3e  	jal	t4, 0x800fee9e <timer+0xf443e>
800062b4: 9d 78        	lui	a7, 1048551
800062b6: a6 3e        	fld	ft9, 104(sp)
800062b8: ee 3a        	fld	fs5, 248(sp)
800062ba: cd 3e        	addiw	t4, t4, -13
800062bc: 6b eb 32 3f  	<unknown>
800062c0: 08 2a        	fld	fa0, 16(a2)
800062c2: 34 3e        	fld	fa3, 120(a2)
800062c4: 8d 2b        	addiw	s7, s7, 3
800062c6: b1 3e        	addiw	t4, t4, -20
800062c8: 0c bd        	fsd	fa1, 56(a0)
800062ca: 22 3f        	fld	ft10, 40(sp)
800062cc: 22 62        	ld	tp, 8(sp)
800062ce: 9b 3d 9d 6f  	<unknown>
800062d2: 3b 3d 7f 46  	<unknown>
800062d6: ed 3d        	addiw	s11, s11, -5
800062d8: 58 ed        	sd	a4, 152(a0)
800062da: bb 3d f4 c4  	<unknown>
800062de: c3 3e 33 c4  	<unknown>
800062e2: d2 3d        	fld	fs11, 304(sp)
800062e4: 34 8b        	<unknown>
800062e6: 05 3f        	addiw	t5, t5, -31
800062e8: 43 1e 2e 3e  	<unknown>
800062ec: 7a eb        	sd	t5, 400(sp)
800062ee: c2 3e        	fld	ft9, 48(sp)
800062f0: 49 85        	srai	a0, a0, 18
800062f2: f2 3e        	fld	ft9, 312(sp)
800062f4: d1 ad        	j	0x800069c8 <Gram_ref_real+0x4a8>
800062f6: ba 3d        	fld	fs11, 424(sp)
800062f8: f0 71        	ld	a2, 224(a1)
800062fa: c3 3e f3 f8  	fmadd.s	ft9, ft6, fa5, ft11, rup
800062fe: 21 3f        	addiw	t5, t5, -24
80006300: 61 c1        	beqz	a0, 0x800063c0 <H_imag+0x1ea0>
80006302: 1c 3f        	fld	fa5, 56(a4)
80006304: 29 86        	srai	a2, a2, 10
80006306: 1e 3f        	fld	ft10, 480(sp)
80006308: a8 24        	fld	fa0, 72(s1)
8000630a: a0 3e        	fld	fs0, 120(a3)
8000630c: b0 8f        	<unknown>
8000630e: cb 3e 6d a3  	fnmsub.d	ft9, fs10, fs6, fs4, rup
80006312: 28 3f        	fld	fa0, 120(a4)
80006314: 33 22 18 3f  	<unknown>
80006318: 38 2c        	fld	fa4, 88(s0)
8000631a: 6c 3e        	fld	fa1, 248(a2)
8000631c: 0e 90        	c.add	zero, gp
8000631e: ee 3e        	fld	ft9, 248(sp)
80006320: f6 0f        	slli	t6, t6, 29
80006322: 9c 3e        	fld	fa5, 56(a3)
80006324: 26 b7        	fsd	fs1, 424(sp)
80006326: a0 3e        	fld	fs0, 120(a3)
80006328: ac 64        	ld	a1, 72(s1)
8000632a: 02 3f        	fld	ft10, 32(sp)
8000632c: 40 59        	lw	s0, 52(a0)
8000632e: d5 3e        	addiw	t4, t4, -11
80006330: 11 40        	c.li	zero, 4
80006332: 63 3e 69 46  	<unknown>
80006336: d1 3c        	addiw	s9, s9, -12
80006338: d0 8a        	<unknown>
8000633a: 0d 3d        	addiw	s10, s10, -29
8000633c: 00 97        	<unknown>
8000633e: 95 3e        	addiw	t4, t4, -27
80006340: fe a1        	fsd	ft11, 192(sp)
80006342: be 3d        	fld	fs11, 488(sp)
80006344: 60 38        	fld	fs0, 240(s0)
80006346: 74 3e        	fld	fa3, 248(a2)
80006348: 29 f7        	bnez	a4, 0x80006292 <H_imag+0x1d72>
8000634a: a6 3e        	fld	ft9, 104(sp)
8000634c: 00 b3        	fsd	fs0, 32(a4)
8000634e: 50 3e        	fld	fa2, 184(a2)
80006350: 7b bc fc 3e  	<unknown>
80006354: f7 54 fb 3e  	<unknown>
80006358: d7 2c 2f 3f  	<unknown>
8000635c: 5c 9c        	<unknown>
8000635e: c5 3c        	addiw	s9, s9, -15
80006360: 20 19        	addi	s0, sp, 184
80006362: d7 3e 66 9a  	<unknown>
80006366: 97 3e 06 cb  	auipc	t4, 831587
8000636a: 0f 3f cf ab  	<unknown>
8000636e: f3 3e 7b 5b  	csrrc	t4, 1463, s6
80006372: 12 3f        	fld	ft10, 288(sp)
80006374: 1d 81        	srli	a0, a0, 7
80006376: 1c 3f        	fld	fa5, 56(a4)
80006378: ca e7        	sd	s2, 456(sp)
8000637a: a0 3d        	fld	fs0, 120(a1)
8000637c: 6e d0        	sw	s11, 32(sp)
8000637e: c6 3e        	fld	ft9, 112(sp)
80006380: 96 9c        	add	s9, s9, t0
80006382: 2c 3f        	fld	fa1, 120(a4)
80006384: e5 21        	addiw	gp, gp, 25
80006386: d4 3e        	fld	fa3, 184(a3)
80006388: fe 34        	fld	fs1, 504(sp)
8000638a: 2e 3f        	fld	ft10, 232(sp)
8000638c: c2 93        	add	t2, t2, a6
8000638e: df 3e cd af  	<unknown>
80006392: 25 3f        	addiw	t5, t5, -23
80006394: 15 1a        	addi	s4, s4, -27
80006396: 86 3e        	fld	ft9, 96(sp)
80006398: 59 ba        	j	0x80005d2e <H_imag+0x180e>
8000639a: db 3e fb c6  	<unknown>
8000639e: 76 3e        	fld	ft8, 376(sp)
800063a0: c2 76        	ld	a3, 48(sp)
800063a2: a7 3e e7 ac  	fsd	fa4, -1315(a4)
800063a6: 0d 3e        	addiw	t3, t3, -29
800063a8: 38 a3        	fsd	fa4, 64(a4)
800063aa: d9 3e        	addiw	t4, t4, -10
800063ac: 50 ca        	sw	a2, 20(a2)
800063ae: 21 3f        	addiw	t5, t5, -24
800063b0: 90 2a        	fld	fa2, 16(a3)
800063b2: 17 3f b5 4a  	auipc	t5, 306003
800063b6: 05 3f        	addiw	t5, t5, -31
800063b8: 57 ff f0 3e  	vsetvli	t5, ra, 1007
800063bc: e7 a1 02 3f  	<unknown>
800063c0: 1f 90 cf 3e  	<unknown>
800063c4: 40 2b        	fld	fs0, 144(a4)
800063c6: 28 3e        	fld	fa0, 120(a2)
800063c8: e6 ca        	sw	s9, 84(sp)
800063ca: 09 3f        	addiw	t5, t5, -30
800063cc: 8a 91        	add	gp, gp, sp
800063ce: 87 3e d8 ff  	fld	ft9, -3(a6)
800063d2: c6 3d        	fld	fs11, 112(sp)
800063d4: 29 3f        	addiw	t5, t5, -22
800063d6: 1a 3f        	fld	ft10, 416(sp)
800063d8: 4c 12        	addi	a1, sp, 292
800063da: 26 3e        	fld	ft8, 104(sp)
800063dc: 1c cc        	sw	a5, 24(s0)
800063de: ca 3e        	fld	ft9, 176(sp)
800063e0: 5a c9        	sw	s6, 144(sp)
800063e2: 20 3f        	fld	fs0, 120(a4)
800063e4: 2e 7b        	ld	s6, 232(sp)
800063e6: 3c 3e        	fld	fa5, 120(a2)
800063e8: 46 be        	fsd	fa7, 312(sp)
800063ea: 2a 3f        	fld	ft10, 168(sp)
800063ec: 88 28        	fld	fa0, 16(s1)
800063ee: fa 3e        	fld	ft9, 440(sp)
800063f0: 9a 2d        	fld	fs11, 384(sp)
800063f2: 03 3f 72 bd  	ld	t5, -1065(tp)
800063f6: ef 3d 51 a8  	jal	s11, 0x7ff19e7a <vfctrans_sim.c+0x7ff19e7a>
800063fa: d0 3e        	fld	fa2, 184(a3)
800063fc: 74 a7        	fsd	fa3, 200(a4)
800063fe: f2 3e        	fld	ft9, 312(sp)
80006400: 4a 3e        	fld	ft8, 176(sp)
80006402: c0 3e        	fld	fs0, 184(a3)
80006404: c9 e3        	bnez	a5, 0x80006486 <H_imag+0x1f66>
80006406: 03 3f cd 50  	ld	t5, 1292(s10)
8000640a: e9 3d        	addiw	s11, s11, -6
8000640c: 9e f0        	sd	t2, 96(sp)
8000640e: e4 3e        	fld	fs1, 248(a3)
80006410: 00 d8        	sw	s0, 48(s0)
80006412: dd 3d        	addiw	s11, s11, -9
80006414: bf 18 c4 3e  	<unknown>
80006418: 69 b7        	j	0x800063a2 <H_imag+0x1e82>
8000641a: 2e 3e        	fld	ft8, 232(sp)
8000641c: 0a 20        	fld	ft0, 128(sp)
8000641e: 1b 3e 93 e3  	<unknown>
80006422: a7 3e 6e 46  	fsd	ft6, 1149(t3)
80006426: 20 3f        	fld	fs0, 120(a4)
80006428: c7 c8 2f 3f  	<unknown>
8000642c: 12 72        	ld	tp, 288(sp)
8000642e: 2c 3f        	fld	fa1, 120(a4)
80006430: fa df        	sw	t5, 252(sp)
80006432: df 3c b5 c6  	<unknown>
80006436: 80 3d        	fld	fs0, 56(a1)
80006438: 46 f7        	sd	a7, 424(sp)
8000643a: 20 3f        	fld	fs0, 120(a4)
8000643c: b3 2f e5 3e  	<unknown>
80006440: a8 52        	lw	a0, 96(a3)
80006442: d3 3e b2 d8  	<unknown>
80006446: 05 3d        	addiw	s10, s10, -31
80006448: 37 9d ba 3e  	lui	s10, 256937
8000644c: 9d 81        	srli	a1, a1, 7
8000644e: f2 3e        	fld	ft9, 312(sp)
80006450: 5a fd        	sd	s6, 184(sp)
80006452: 99 3e        	addiw	t4, t4, -26
80006454: c1 9e        	<unknown>
80006456: ea 3e        	fld	ft9, 184(sp)
80006458: cc e0        	sd	a1, 128(s1)
8000645a: 8c 3e        	fld	fa1, 56(a3)
8000645c: dd 61        	lui	gp, 23
8000645e: dc 3e        	fld	fa5, 184(a3)
80006460: 68 bf        	fsd	fa0, 248(a4)
80006462: 64 3d        	fld	fs1, 248(a0)
80006464: e3 19 1a 3f  	bne	s4, a7, 0x80007056 <Gram_ref_real+0xb36>
80006468: 23 7d a3 3e  	<unknown>
8000646c: 7d 30        	<unknown>
8000646e: 26 3f        	fld	ft10, 104(sp)
80006470: a6 9f        	add	t6, t6, s1
80006472: 86 3e        	fld	ft9, 96(sp)
80006474: 90 6b        	ld	a2, 16(a5)
80006476: 22 3e        	fld	ft8, 40(sp)
80006478: 5c f3        	sd	a5, 160(a4)
8000647a: d7 3c cf 88  	<unknown>
8000647e: b1 3a        	addiw	s5, s5, -20
80006480: 68 fd        	sd	a0, 248(a0)
80006482: 24 3f        	fld	fs1, 120(a4)
80006484: d3 63 31 3e  	<unknown>
80006488: 5b b0 2b 3f  	<unknown>
8000648c: 79 cb        	beqz	a4, 0x80006562 <Gram_ref_real+0x42>
8000648e: d2 3e        	fld	ft9, 304(sp)
80006490: 23 17 2a 3d  	sh	s2, 974(s4)
80006494: 91 0b        	addi	s7, s7, 4
80006496: 2d 3f        	addiw	t5, t5, -21
80006498: 8c 5a        	lw	a1, 48(a3)
8000649a: 21 3f        	addiw	t5, t5, -24
8000649c: e1 78        	lui	a7, 1048568
8000649e: 94 3d        	fld	fa3, 56(a1)
800064a0: 3f 36 49 3d  	<unknown>
800064a4: cf 04 0a 3f  	<unknown>
800064a8: 6a f1        	sd	s10, 160(sp)
800064aa: e4 3e        	fld	fs1, 248(a3)
800064ac: 20 8d        	<unknown>
800064ae: 1d 3f        	addiw	t5, t5, -25
800064b0: 4f cf 3c 3e  	<unknown>
800064b4: 4a d8        	sw	s2, 48(sp)
800064b6: 22 3f        	fld	ft10, 40(sp)
800064b8: e6 6a        	ld	s5, 88(sp)
800064ba: 9a 3e        	fld	ft9, 416(sp)
800064bc: 12 7c        	ld	s8, 288(sp)
800064be: 77 3e 57 86  	<unknown>
800064c2: 16 3f        	fld	ft10, 352(sp)
800064c4: 11 95        	srai	a0, a0, 36
800064c6: 88 3e        	fld	fa0, 56(a3)
800064c8: 05 84        	srai	s0, s0, 1
800064ca: c4 3d        	fld	fs1, 184(a1)
800064cc: d7 05 34 3b  	vrgatherei16.vv	v11, v19, v8
800064d0: 1b df ef 3c  	<unknown>
800064d4: 1f eb 0e 3e  	<unknown>
800064d8: 03 69 a1 3e  	lwu	s2, 1002(sp)
800064dc: 6b 3a be 3e  	<unknown>
800064e0: 59 f3        	bnez	a4, 0x80006466 <H_imag+0x1f46>
800064e2: e7 3e 6c 4d  	<unknown>
800064e6: 2d 3f        	addiw	t5, t5, -21
800064e8: 55 ff        	bnez	a4, 0x800064a4 <H_imag+0x1f84>
800064ea: 89 3e        	addiw	t4, t4, -30
800064ec: ba 5c        	lw	s9, 172(sp)
800064ee: 0f 3f c6 85  	<unknown>
800064f2: 09 3f        	addiw	t5, t5, -30
800064f4: 21 89        	andi	a0, a0, 8
800064f6: 1a 3f        	fld	ft10, 416(sp)
800064f8: 87 bd e9 3e  	fld	fs11, 1006(s3)
800064fc: 2e a2        	fsd	fa1, 256(sp)
800064fe: 1d 3e        	addiw	t3, t3, -25
80006500: cb 01 c5 3e  	<unknown>
80006504: 18 14        	addi	a4, sp, 544
80006506: 5d 3d        	addiw	s10, s10, -9
80006508: f3 0f af 3e  	<unknown>
8000650c: 0c b5        	fsd	fa1, 40(a0)
8000650e: 1c 3f        	fld	fa5, 56(a4)
80006510: f7 29 1c 3f  	<unknown>
80006514: c5 b2        	j	0x80005ef4 <H_imag+0x19d4>
80006516: 53 3e 7c dd  	<unknown>
8000651a: 18 3f        	fld	fa4, 56(a4)
8000651c: a0 c4        	sw	s0, 72(s1)
8000651e: c4 3e        	fld	fs1, 184(a3)

0000000080006520 <Gram_ref_real>:
80006520: 31 35        	addiw	a0, a0, -20
80006522: 6a 3f        	fld	ft10, 184(sp)
80006524: 6b ff d7 3f  	<unknown>
80006528: b0 e5        	sd	a2, 72(a1)
8000652a: 84 3e        	fld	fs1, 56(a3)
8000652c: f3 cc 1a 3f  	<unknown>
80006530: c2 00        	slli	ra, ra, 16
80006532: 03 40 89 b9  	lbu	zero, -1128(s2)
80006536: 41 3f        	addiw	t5, t5, -16
80006538: 1b c0 d8 3f  	<unknown>
8000653c: e4 90        	<unknown>
8000653e: 15 40        	c.li	zero, 5
80006540: 17 32 d7 3f  	auipc	tp, 261491
80006544: 36 bf        	fsd	fa3, 440(sp)
80006546: 81 3f        	addiw	t6, t6, -32
80006548: 22 71        	ld	sp, 40(sp)
8000654a: 99 3f        	addiw	t6, t6, -26
8000654c: 60 ea        	sd	s0, 208(a2)
8000654e: ab 3f 1c 65  	<unknown>
80006552: c5 3f        	addiw	t6, t6, -15
80006554: 38 b7        	fsd	fa4, 104(a4)
80006556: a7 3f d7 d2  	fsd	fa3, -705(a4)
8000655a: e1 3f        	addiw	t6, t6, -8
8000655c: 87 36 79 3f  	fld	fa3, 1015(s2)
80006560: a8 2e        	fld	fa0, 88(a3)
80006562: 16 3f        	fld	ft10, 352(sp)
80006564: a2 b7        	fsd	fs0, 488(sp)
80006566: 99 3f        	addiw	t6, t6, -26
80006568: 8c df        	sw	a1, 56(a5)
8000656a: 19 3f        	addiw	t5, t5, -26
8000656c: 28 82        	<unknown>
8000656e: 64 3f        	fld	fs1, 248(a4)
80006570: 71 1b        	addi	s6, s6, -4
80006572: ab 3f c1 5a  	<unknown>
80006576: c6 3f        	fld	ft11, 112(sp)
80006578: 9b d7 a2 3f  	<unknown>
8000657c: df bd a7 3f  	<unknown>
80006580: aa 7b        	ld	s7, 168(sp)
80006582: a8 3f        	fld	fa0, 120(a5)
80006584: 0c 3b        	fld	fa1, 48(a4)
80006586: b8 3f        	fld	fa4, 120(a5)
80006588: f9 6d        	lui	s11, 30
8000658a: 5c 3f        	fld	fa5, 184(a4)
8000658c: 47 a8 9d 3f  	<unknown>
80006590: 43 35 c6 3f  	<unknown>
80006594: 48 9d        	<unknown>
80006596: 42 3f        	fld	ft10, 48(sp)
80006598: bd 18        	addi	a7, a7, -17
8000659a: 97 3f 82 20  	auipc	t6, 133155
8000659e: e9 3f        	addiw	t6, t6, -6
800065a0: 72 9c        	add	s8, s8, t3
800065a2: d4 3f        	fld	fa3, 184(a5)
800065a4: dc 6a        	ld	a5, 144(a3)
800065a6: c4 3f        	fld	fs1, 184(a5)
800065a8: 0b 4d 86 3f  	<unknown>
800065ac: 4e af        	fsd	fs3, 408(sp)
800065ae: 2f 3f e1 5f  	<unknown>
800065b2: 15 40        	c.li	zero, 5
800065b4: d3 38 b8 3f  	<unknown>
800065b8: 4b dc a9 3f  	<unknown>
800065bc: 07 0a b4 3f  	<unknown>
800065c0: 5d 3d        	addiw	s10, s10, -9
800065c2: d3 3f 23 03  	fadd.d	ft11, ft6, fs2, rup
800065c6: d3 3f ea 6f  	<unknown>
800065ca: b7 3f 8e 1a  	lui	t6, 108771
800065ce: a8 3f        	fld	fa0, 120(a5)
800065d0: 88 69        	ld	a0, 16(a1)
800065d2: bf 3f 4b 0b  	<unknown>
800065d6: b9 3f        	addiw	t6, t6, -18
800065d8: 2f 36 ab 3f  	<unknown>
800065dc: 8c ea        	sd	a1, 16(a3)
800065de: a6 3f        	fld	ft11, 104(sp)
800065e0: 2a c0        	sw	a0, 0(sp)
800065e2: a3 3f 69 9a  	sd	t1, -1601(s2)
800065e6: 9e 3f        	fld	ft11, 480(sp)
800065e8: 00 1b        	addi	s0, sp, 432
800065ea: 31 3f        	addiw	t5, t5, -20
800065ec: cf 5a 38 3f  	<unknown>
800065f0: cb 86 eb 3f  	<unknown>
800065f4: 5b e5 d9 3f  	<unknown>
800065f8: 52 66        	ld	a2, 272(sp)
800065fa: 5a 3f        	fld	ft10, 432(sp)
800065fc: 95 30        	addiw	ra, ra, -27
800065fe: e0 3f        	fld	fs0, 248(a5)
80006600: b5 42        	li	t0, 13
80006602: eb 3f 3e 77  	<unknown>
80006606: 50 3f        	fld	fa2, 184(a4)
80006608: a8 51        	lw	a0, 96(a1)
8000660a: db 3f 16 28  	<unknown>
8000660e: 88 3f        	fld	fa0, 56(a5)
80006610: 73 02 f5 3f  	<unknown>
80006614: d4 44        	lw	a3, 12(s1)
80006616: 12 40        	<unknown>
80006618: 56 b9        	fsd	fs5, 176(sp)
8000661a: 83 3f e4 c4  	ld	t6, -946(s0)
8000661e: cb 3f e0 e2  	fnmsub.d	ft11, ft0, fa4, ft8, rup
80006622: ae 3f        	fld	ft11, 232(sp)
80006624: c4 6f        	ld	s1, 152(a5)
80006626: 8d 3f        	addiw	t6, t6, -29
80006628: 43 f4 b9 3f  	<unknown>
8000662c: d2 7c        	ld	s9, 304(sp)
8000662e: b4 3f        	fld	fa3, 120(a5)
80006630: 6c 55        	lw	a1, 108(a0)
80006632: 85 3f        	addiw	t6, t6, -31
80006634: 32 1e        	slli	t3, t3, 44
80006636: 95 3f        	addiw	t6, t6, -27
80006638: 62 a6        	fsd	fs8, 264(sp)
8000663a: 5d 3f        	addiw	t5, t5, -9
8000663c: fe 6a        	ld	s5, 472(sp)
8000663e: a5 3f        	addiw	t6, t6, -23
80006640: 11 29        	addiw	s2, s2, 4
80006642: a2 3f        	fld	ft11, 40(sp)
80006644: e3 f0 8e 3f  	bgeu	t4, s8, 0x80007224 <Gram_ref_real+0xd04>
80006648: 81 09        	mv	s3, s3
8000664a: de 3f        	fld	ft11, 496(sp)
8000664c: b6 8b        	mv	s7, a3
8000664e: 8e 3f        	fld	ft11, 224(sp)
80006650: 5e bb        	fsd	fs7, 432(sp)
80006652: 99 3f        	addiw	t6, t6, -26
80006654: 5e 98        	add	a6, a6, s7
80006656: 8e 3f        	fld	ft11, 224(sp)
80006658: 40 08        	addi	s0, sp, 20
8000665a: ea 3f        	fld	ft11, 184(sp)
8000665c: b0 69        	ld	a2, 80(a1)
8000665e: 9f 3f e0 c5  	<unknown>
80006662: 81 3f        	addiw	t6, t6, -32
80006664: cd c9        	beqz	a1, 0x80006716 <Gram_ref_real+0x1f6>
80006666: 10 40        	lw	a2, 0(s0)
80006668: 1b 47 a1 3f  	<unknown>
8000666c: 46 7b        	ld	s6, 112(sp)
8000666e: dd 3f        	addiw	t6, t6, -9
80006670: 76 dc        	sw	t4, 56(sp)
80006672: ec 3f        	fld	fa1, 248(a5)
80006674: 62 3b        	fld	fs6, 56(sp)
80006676: d0 3f        	fld	fa2, 184(a5)
80006678: 59 28        	addiw	a6, a6, 22
8000667a: 83 3f af c6  	ld	t6, -918(t5)
8000667e: ca 3f        	fld	ft11, 176(sp)
80006680: d1 c9        	beqz	a1, 0x80006714 <Gram_ref_real+0x1f4>
80006682: f2 3f        	fld	ft11, 312(sp)
80006684: 0f c5 69 3f  	<unknown>
80006688: 49 75        	lui	a0, 1048562
8000668a: cd 3f        	addiw	t6, t6, -13
8000668c: 7a a0        	fsd	ft10, 0(sp)
8000668e: 98 3f        	fld	fa4, 56(a5)
80006690: 22 58        	lw	a6, 40(sp)
80006692: dd 3f        	addiw	t6, t6, -9
80006694: f9 ef        	bnez	a5, 0x80006772 <Gram_ref_real+0x252>
80006696: e4 3f        	fld	fs1, 248(a5)
80006698: fe c7        	sw	t6, 204(sp)
8000669a: 7b 3f 11 ba  	<unknown>
8000669e: c7 3f b8 8b  	fmsub.d	ft11, fa6, fs11, fa7, rup
800066a2: 09 40        	c.li	zero, 2
800066a4: 0d a3        	j	0x80006bc6 <Gram_ref_real+0x6a6>
800066a6: 08 40        	lw	a0, 0(s0)
800066a8: b7 b1 cb 3f  	lui	gp, 261307
800066ac: cd c0        	beqz	s1, 0x8000674e <Gram_ref_real+0x22e>
800066ae: de 3f        	fld	ft11, 496(sp)
800066b0: d8 b2        	fsd	fa4, 160(a3)
800066b2: b9 3f        	addiw	t6, t6, -18
800066b4: b7 03 e4 3f  	lui	t2, 261696
800066b8: f5 39        	addiw	s3, s3, -3
800066ba: 9d 3f        	addiw	t6, t6, -25
800066bc: 5f 12 63 3f  	<unknown>
800066c0: 81 a1        	j	0x80006b00 <Gram_ref_real+0x5e0>
800066c2: 95 3f        	addiw	t6, t6, -27
800066c4: e7 83 a5 3f  	jalr	t2, 1018(a1)
800066c8: d5 b5        	j	0x800065ac <Gram_ref_real+0x8c>
800066ca: d0 3f        	fld	fa2, 184(a5)
800066cc: 7f 58 09 40  	<unknown>
800066d0: d3 52 ea 3f  	<unknown>
800066d4: 0c d9        	sw	a1, 48(a0)
800066d6: 8b 3f 5e 70  	<unknown>
800066da: a6 3f        	fld	ft11, 104(sp)
800066dc: 80 cd        	sw	s0, 24(a1)
800066de: ae 3f        	fld	ft11, 232(sp)
800066e0: d9 df        	beqz	a5, 0x8000667e <Gram_ref_real+0x15e>
800066e2: c6 3f        	fld	ft11, 112(sp)
800066e4: 15 52        	li	tp, -27
800066e6: f6 3f        	fld	ft11, 376(sp)
800066e8: 20 6b        	ld	s0, 80(a4)
800066ea: a9 3f        	addiw	t6, t6, -22
800066ec: ad d9        	beqz	a1, 0x8000665e <Gram_ref_real+0x13e>
800066ee: bc 3f        	fld	fa5, 120(a5)
800066f0: 57 c8 2b 3f  	vslidedown.vx	v16, v18, s7
800066f4: 70 02        	addi	a2, sp, 268
800066f6: a0 3f        	fld	fs0, 120(a5)
800066f8: f5 cb        	beqz	a5, 0x800067ec <Gram_ref_real+0x2cc>
800066fa: 70 3f        	fld	fa2, 248(a4)
800066fc: 4e 2d        	fld	fs10, 208(sp)
800066fe: 36 3f        	fld	ft10, 360(sp)
80006700: 72 b9        	fsd	ft8, 176(sp)
80006702: 8f 3f c5 3c  	<unknown>
80006706: 6a 3f        	fld	ft10, 184(sp)
80006708: 70 aa        	fsd	fa2, 208(a2)
8000670a: b8 3f        	fld	fa4, 120(a5)
8000670c: e1 cf        	beqz	a5, 0x800067e4 <Gram_ref_real+0x2c4>
8000670e: 6b 3f b9 5c  	<unknown>
80006712: 6a 3f        	fld	ft10, 184(sp)
80006714: d0 bb        	fsd	fa2, 176(a5)
80006716: b9 3f        	addiw	t6, t6, -18
80006718: 5c ab        	fsd	fa5, 144(a4)
8000671a: b8 3f        	fld	fa4, 120(a5)
8000671c: c5 fe        	bnez	a3, 0x800066d4 <Gram_ref_real+0x1b4>
8000671e: cd 3f        	addiw	t6, t6, -13
80006720: 6d 18        	addi	a6, a6, -5
80006722: 46 3f        	fld	ft10, 112(sp)
80006724: b5 2f        	addiw	t6, t6, 13
80006726: a3 3f 18 fa  	sd	ra, -65(a6)
8000672a: b4 3e        	fld	fa3, 120(a3)
8000672c: f9 92        	srli	a3, a3, 62
8000672e: bb 3e b1 c7  	<unknown>
80006732: 9c 3f        	fld	fa5, 56(a5)
80006734: b7 29 6f 3f  	lui	s3, 259826
80006738: 0d c6        	beqz	a2, 0x80006762 <Gram_ref_real+0x242>
8000673a: 87 3f c8 88  	fld	ft11, -1908(a6)
8000673e: de 3f        	fld	ft11, 496(sp)
80006740: b1 f4        	bnez	s1, 0x8000668c <Gram_ref_real+0x16c>
80006742: 7f 3f e7 8c  	<unknown>
80006746: 82 3f        	fld	ft11, 32(sp)
80006748: 10 24        	fld	fa2, 8(s0)
8000674a: 8a 3f        	fld	ft11, 160(sp)
8000674c: 7c b0        	fsd	fa5, 224(s0)
8000674e: 8f 3f ef b4  	<unknown>
80006752: c8 3f        	fld	fa0, 184(a5)
80006754: c9 bb        	j	0x80006526 <Gram_ref_real+0x6>
80006756: 80 3f        	fld	fs0, 56(a5)
80006758: 0b 60 c8 3f  	<unknown>
8000675c: df a4 30 3f  	<unknown>
80006760: 68 1e        	addi	a0, sp, 828
80006762: 95 3e        	addiw	t4, t4, -27
80006764: 48 13        	addi	a0, sp, 420
80006766: 8e 3f        	fld	ft11, 224(sp)
80006768: a9 4f        	li	t6, 10
8000676a: 24 3f        	fld	fs1, 120(a4)
8000676c: d8 3c        	fld	fa4, 184(s1)
8000676e: 3d 3f        	addiw	t5, t5, -17
80006770: f0 95        	<unknown>
80006772: bb 3f 36 57  	<unknown>
80006776: 8b 3f 29 2e  	<unknown>
8000677a: 86 3f        	fld	ft11, 96(sp)
8000677c: 66 b5        	fsd	fs9, 168(sp)
8000677e: 8d 3f        	addiw	t6, t6, -29
80006780: ad 2b        	addiw	s7, s7, 11
80006782: 47 3f 65 86  	<unknown>
80006786: 6e 3f        	fld	ft10, 248(sp)
80006788: 58 7a        	ld	a4, 176(a2)
8000678a: 12 3f        	fld	ft10, 288(sp)
8000678c: fb bd 85 3f  	<unknown>
80006790: 22 de        	sw	s0, 60(sp)
80006792: 87 3f c3 28  	fld	ft11, 652(t1)
80006796: f0 3e        	fld	fa2, 248(a3)
80006798: 0c 2c        	fld	fa1, 24(s0)
8000679a: 27 3f 8d 49  	fsd	fs8, 1182(s10)
8000679e: cd 3f        	addiw	t6, t6, -13
800067a0: b0 b4        	fsd	fa2, 104(s1)
800067a2: 98 3f        	fld	fa4, 56(a5)
800067a4: d9 52        	li	t0, -10
800067a6: 78 3f        	fld	fa4, 248(a4)
800067a8: 32 b9        	fsd	fa2, 176(sp)
800067aa: 3c 3f        	fld	fa5, 120(a4)
800067ac: 0f 34 fa 3e  	<unknown>
800067b0: c3 8b d2 3f  	<unknown>
800067b4: 80 e3        	sd	s0, 0(a5)
800067b6: a7 3f 9f 8c  	fsd	fs1, -1825(t5)
800067ba: 2d 3f        	addiw	t5, t5, -21
800067bc: 36 6c        	ld	s8, 328(sp)
800067be: 80 3f        	fld	fs0, 56(a5)
800067c0: 36 f3        	sd	a3, 416(sp)
800067c2: dd 3f        	addiw	t6, t6, -9
800067c4: f9 ca        	beqz	a3, 0x8000689a <Gram_ref_real+0x37a>
800067c6: 7c 3f        	fld	fa5, 248(a4)
800067c8: b4 07        	addi	a3, sp, 968
800067ca: c5 3f        	addiw	t6, t6, -15
800067cc: 2d cf        	beqz	a4, 0x80006846 <Gram_ref_real+0x326>
800067ce: 92 3f        	fld	ft11, 288(sp)
800067d0: a4 ca        	sw	s1, 80(a3)
800067d2: 98 3f        	fld	fa4, 56(a5)
800067d4: 2c 29        	fld	fa1, 80(a0)
800067d6: 97 3f ee 19  	auipc	t6, 106211
800067da: 2f 3f 8f 84  	amomin.d.aq	t5, s0, (t5)
800067de: 65 3f        	addiw	t5, t5, -7
800067e0: 00 fd        	sd	s0, 56(a0)
800067e2: 65 3f        	addiw	t5, t5, -7
800067e4: 5d e1        	bnez	a0, 0x8000688a <Gram_ref_real+0x36a>
800067e6: 7c 3f        	fld	fa5, 248(a4)
800067e8: 84 b5        	fsd	fs1, 40(a1)
800067ea: 53 3f 29 94  	<unknown>
800067ee: 6f 3f 6d d2  	jal	t5, 0x7ffd9d14 <vfctrans_sim.c+0x7ffd9d14>
800067f2: b8 3f        	fld	fa4, 120(a5)
800067f4: 5a d1        	sw	s6, 160(sp)
800067f6: b6 3f        	fld	ft11, 360(sp)
800067f8: da 6d        	ld	s11, 400(sp)
800067fa: 4e 3f        	fld	ft10, 240(sp)
800067fc: 6c 8a        	<unknown>
800067fe: 5c 3f        	fld	fa5, 184(a4)
80006800: c4 45        	lw	s1, 12(a1)
80006802: c8 3f        	fld	fa0, 184(a5)
80006804: 45 4f        	li	t5, 17
80006806: a0 3f        	fld	fs0, 120(a5)
80006808: a7 88 a1 3f  	<unknown>
8000680c: 83 96 8d 3f  	lh	a3, 1016(s11)
80006810: a7 a8 d3 3f  	fsw	ft9, 1009(t2)
80006814: 40 d6        	sw	s0, 44(a2)
80006816: aa 3f        	fld	ft11, 168(sp)
80006818: 22 b4        	fsd	fs0, 40(sp)
8000681a: 63 3f a3 83  	<unknown>
8000681e: 7b 3f b8 e3  	<unknown>
80006822: 87 3f c3 87  	fld	ft11, -1924(t1)
80006826: f8 3e        	fld	fa4, 248(a3)
80006828: bf 5d 74 3f  	<unknown>
8000682c: 44 06        	addi	s1, sp, 772
8000682e: d1 3e        	addiw	t4, t4, -12
80006830: 4e 45        	lw	a0, 208(sp)
80006832: 00 3f        	fld	fs0, 56(a4)
80006834: 8a 77        	ld	a5, 160(sp)
80006836: 82 3f        	fld	ft11, 32(sp)
80006838: 89 02        	addi	t0, t0, 2
8000683a: 68 3f        	fld	fa0, 248(a4)
8000683c: 44 0a        	addi	s1, sp, 276
8000683e: 80 3f        	fld	fs0, 56(a5)
80006840: a1 cc        	beqz	s1, 0x80006898 <Gram_ref_real+0x378>
80006842: 23 3f 1d 71  	sd	a7, 1822(s10)
80006846: 76 3f        	fld	ft10, 376(sp)
80006848: 1c fb        	sd	a5, 48(a4)
8000684a: b5 3f        	addiw	t6, t6, -19
8000684c: e1 01        	addi	gp, gp, 24
8000684e: 1d 3f        	addiw	t5, t5, -25
80006850: 67 94 97 3f  	<unknown>
80006854: 88 67        	ld	a0, 8(a5)
80006856: 44 3f        	fld	fs1, 184(a4)
80006858: 88 f7        	sd	a0, 40(a5)
8000685a: d3 3f 70 61  	<unknown>
8000685e: 65 3f        	addiw	t5, t5, -7
80006860: 3d db        	beqz	a4, 0x800067d6 <Gram_ref_real+0x2b6>
80006862: 07 3f d8 ef  	fld	ft10, -259(a6)
80006866: 82 3f        	fld	ft11, 32(sp)
80006868: c3 dd 8b 3f  	<unknown>
8000686c: 8c 69        	ld	a1, 16(a1)
8000686e: 98 3f        	fld	fa4, 56(a5)
80006870: 86 9d        	add	s11, s11, ra
80006872: b3 3f b6 62  	<unknown>
80006876: 56 3f        	fld	ft10, 368(sp)
80006878: 35 30        	<unknown>
8000687a: 48 3f        	fld	fa0, 184(a4)
8000687c: 7b cc ff 3e  	<unknown>
80006880: 62 9a        	add	s4, s4, s8
80006882: 44 3f        	fld	fs1, 184(a4)
80006884: 3d 20        	<unknown>
80006886: 28 3f        	fld	fa0, 120(a4)
80006888: c8 44        	lw	a0, 12(s1)
8000688a: 30 3f        	fld	fa2, 120(a4)
8000688c: bb 5f 87 3f  	<unknown>
80006890: 10 a0        	fsd	fa2, 0(s0)
80006892: 83 3f 13 c5  	ld	t6, -943(t1)
80006896: 75 3f        	addiw	t5, t5, -3
80006898: 6b fc 30 3f  	<unknown>
8000689c: 20 29        	fld	fs0, 80(a0)
8000689e: 80 3f        	fld	fs0, 56(a5)
800068a0: 40 98        	<unknown>
800068a2: b2 3f        	fld	ft11, 296(sp)
800068a4: 20 73        	ld	s0, 96(a4)
800068a6: 65 3f        	addiw	t5, t5, -7
800068a8: 00 be        	fsd	fs0, 56(a2)
800068aa: 8f 3f c5 65  	<unknown>
800068ae: 95 3f        	addiw	t6, t6, -27
800068b0: 1e b1        	fsd	ft7, 160(sp)
800068b2: a6 3f        	fld	ft11, 104(sp)
800068b4: c3 52 cc 3f  	<unknown>
800068b8: 0e 38        	fld	fa6, 224(sp)
800068ba: 82 3f        	fld	ft11, 32(sp)
800068bc: 76 24        	fld	fs0, 344(sp)
800068be: 94 3e        	fld	fa3, 56(a3)
800068c0: 78 c3        	sw	a4, 68(a4)
800068c2: 7c 3f        	fld	fa5, 248(a4)
800068c4: 7b 31 3e 3f  	<unknown>
800068c8: 2e 42        	lw	tp, 200(sp)
800068ca: 9c 3f        	fld	fa5, 56(a5)
800068cc: 12 8a        	mv	s4, tp
800068ce: e8 3f        	fld	fa0, 248(a5)
800068d0: c0 28        	fld	fs0, 144(s1)
800068d2: d4 3f        	fld	fa3, 184(a5)
800068d4: c6 89        	mv	s3, a7
800068d6: 5c 3f        	fld	fa5, 184(a4)
800068d8: ce 1d        	slli	s11, s11, 51
800068da: 50 3f        	fld	fa2, 184(a4)
800068dc: 25 02        	addi	tp, tp, 9
800068de: 83 3f 6d 0c  	ld	t6, 198(s10)
800068e2: 7a 3f        	fld	ft10, 440(sp)
800068e4: 60 85        	<unknown>
800068e6: 84 3f        	fld	fs1, 56(a5)
800068e8: 94 a5        	fsd	fa3, 8(a1)
800068ea: 87 3f 89 f6  	fld	ft11, -152(s2)
800068ee: cd 3f        	addiw	t6, t6, -13
800068f0: 9c 82        	<unknown>
800068f2: 4f 3f 12 6c  	<unknown>
800068f6: 46 3f        	fld	ft10, 112(sp)
800068f8: 9f c2 0c 3f  	<unknown>
800068fc: 29 df        	beqz	a4, 0x80006856 <Gram_ref_real+0x336>
800068fe: 20 3f        	fld	fs0, 120(a4)
80006900: e4 3c        	fld	fs1, 248(s1)
80006902: 3c 3f        	fld	fa5, 120(a4)
80006904: 04 ad        	fsd	fs1, 24(a0)
80006906: 2b 3f 4d 21  	<unknown>
8000690a: af 3f 14 f7  	<unknown>
8000690e: 4b 3f 64 fa  	fnmsub.d	ft10, fs0, ft6, ft11, rup
80006912: 1c 3f        	fld	fa5, 56(a4)
80006914: d3 53 5b 3f  	<unknown>
80006918: 5f c3 b2 3f  	<unknown>
8000691c: f3 bf d3 3f  	csrrc	t6, 1021, t2
80006920: dc b3        	fsd	fa5, 160(a5)
80006922: 3a 3f        	fld	ft10, 424(sp)
80006924: 81 15        	addi	a1, a1, -32
80006926: 92 3f        	fld	ft11, 288(sp)
80006928: dc 66        	ld	a5, 136(a3)
8000692a: fb 3e 79 43  	<unknown>
8000692e: 24 3f        	fld	fs1, 120(a4)
80006930: b1 22        	addiw	t0, t0, 12
80006932: 98 3f        	fld	fa4, 56(a5)
80006934: 7a 4c        	lw	s8, 156(sp)
80006936: fa 3e        	fld	ft9, 440(sp)
80006938: c1 94        	srai	s1, s1, 48
8000693a: 59 3f        	addiw	t5, t5, -10
8000693c: e0 d8        	sw	s0, 116(s1)
8000693e: bc 3f        	fld	fa5, 120(a5)
80006940: 0a b1        	fsd	ft2, 160(sp)
80006942: 8d 3f        	addiw	t6, t6, -29
80006944: 7e 80        	c.mv	zero, t6
80006946: 3c 3f        	fld	fa5, 120(a4)
80006948: b3 77 dc 3e  	<unknown>
8000694c: 22 fa        	sd	s0, 304(sp)
8000694e: ad 3f        	addiw	t6, t6, -21
80006950: 4d 03        	addi	t1, t1, 19
80006952: a4 3f        	fld	fs1, 120(a5)
80006954: 34 ac        	fsd	fa3, 88(s0)
80006956: a7 3f 1b da  	fsd	ft1, -577(s6)
8000695a: 93 3f b8 e2  	sltiu	t6, a6, -469
8000695e: 31 3f        	addiw	t5, t5, -20
80006960: 53 28 41 3f  	<unknown>
80006964: 7c a9        	fsd	fa5, 208(a0)
80006966: 75 3f        	addiw	t5, t5, -3
80006968: e3 c8 17 3f  	blt	a5, a7, 0x80007558 <Gram_ref_real+0x1038>
8000696c: ca 4d        	lw	s11, 144(sp)
8000696e: 40 3f        	fld	fs0, 184(a4)
80006970: 13 2f 5a 3f  	slti	t5, s4, 1013
80006974: 86 cb        	sw	ra, 212(sp)
80006976: 3a 3f        	fld	ft10, 424(sp)
80006978: ab 14 4f 3f  	<unknown>
8000697c: 53 33 9d 3f  	<unknown>
80006980: 5f 43 20 3f  	<unknown>
80006984: 99 4f        	li	t6, 6
80006986: 79 3f        	addiw	t5, t5, -2
80006988: b8 a9        	fsd	fa4, 80(a1)
8000698a: 53 3f 76 d1  	<unknown>
8000698e: 84 3f        	fld	fs1, 56(a5)
80006990: b7 c0 92 3f  	lui	ra, 260396
80006994: eb d4 3c 3f  	<unknown>
80006998: 25 f0        	bnez	s0, 0x800068f8 <Gram_ref_real+0x3d8>
8000699a: 21 3f        	addiw	t5, t5, -24
8000699c: 42 2c        	fld	fs8, 16(sp)
8000699e: 90 3f        	fld	fa2, 56(a5)
800069a0: 31 6e        	lui	t3, 12
800069a2: 4e 3f        	fld	ft10, 240(sp)
800069a4: be d2        	sw	a5, 100(sp)
800069a6: 9a 3f        	fld	ft11, 416(sp)
800069a8: fb 9a 43 3f  	<unknown>
800069ac: 27 7c a5 3e  	<unknown>
800069b0: e2 3d        	fld	fs11, 56(sp)
800069b2: be 3f        	fld	ft11, 488(sp)
800069b4: 85 bf        	j	0x80006924 <Gram_ref_real+0x404>
800069b6: a5 3f        	addiw	t6, t6, -23
800069b8: 4d d5        	beqz	a0, 0x80006962 <Gram_ref_real+0x442>
800069ba: 2f 3f ab 60  	amoand.d	t5, a0, (s6)
800069be: ab 3f 72 38  	<unknown>
800069c2: 6d 3f        	addiw	t5, t5, -5
800069c4: cb 34 a7 3f  	<unknown>
800069c8: f1 56        	li	a3, -4
800069ca: 81 3f        	addiw	t6, t6, -32
800069cc: fd d1        	beqz	a1, 0x800069b2 <Gram_ref_real+0x492>
800069ce: 50 3f        	fld	fa2, 184(a4)
800069d0: 2c 35        	fld	fa1, 104(a0)
800069d2: a4 3f        	fld	fs1, 120(a5)
800069d4: b3 91 8e 3f  	<unknown>
800069d8: 27 bc 42 3f  	fsd	fs4, 1016(t0)
800069dc: 0e 0c        	slli	s8, s8, 3
800069de: 9d 3f        	addiw	t6, t6, -25
800069e0: 4f e4 2a 3f  	<unknown>
800069e4: a1 ce        	beqz	a3, 0x80006a3c <Gram_ref_real+0x51c>
800069e6: 50 3f        	fld	fa2, 184(a4)
800069e8: e5 98        	andi	s1, s1, -7
800069ea: f4 3e        	fld	fa3, 248(a3)
800069ec: 67 5f 5b 3f  	<unknown>
800069f0: 36 bf        	fsd	fa3, 440(sp)
800069f2: 20 3f        	fld	fs0, 120(a4)
800069f4: 10 fc        	sd	a2, 56(s0)
800069f6: c4 3f        	fld	fs1, 184(a5)
800069f8: b6 49        	lw	s3, 76(sp)
800069fa: 39 3f        	addiw	t5, t5, -18
800069fc: ac 4b        	lw	a1, 80(a5)
800069fe: 87 3f bd 42  	fld	ft11, 1067(s10)
80006a02: ce 3f        	fld	ft11, 240(sp)
80006a04: 08 2d        	fld	fa0, 24(a0)
80006a06: 88 3f        	fld	fa0, 56(a5)
80006a08: c5 78        	lui	a7, 1048561
80006a0a: c9 3f        	addiw	t6, t6, -14
80006a0c: 01 3d        	addiw	s10, s10, -32
80006a0e: 78 3f        	fld	fa4, 248(a4)
80006a10: b9 6f        	lui	t6, 14
80006a12: 54 3f        	fld	fa3, 184(a4)
80006a14: 1a 6c        	ld	s8, 384(sp)
80006a16: d4 3f        	fld	fa3, 184(a5)
80006a18: 3f ad 3f 3f  	<unknown>
80006a1c: 45 f3        	bnez	a4, 0x800069bc <Gram_ref_real+0x49c>
80006a1e: ae 3f        	fld	ft11, 232(sp)
80006a20: 62 5f        	lw	t5, 56(sp)
80006a22: 8e 3f        	fld	ft11, 224(sp)
80006a24: 09 e9        	bnez	a0, 0x80006a36 <Gram_ref_real+0x516>
80006a26: 16 3f        	fld	ft10, 352(sp)
80006a28: 37 ff b9 3f  	lui	t5, 261023
80006a2c: 67 f6 5c 3f  	<unknown>
80006a30: ef 1f 1d 3f  	jal	t6, 0x800d8620 <timer+0xcdbc0>
80006a34: 4f ef bf 3f  	<unknown>
80006a38: 44 6f        	ld	s1, 152(a4)
80006a3a: 26 3f        	fld	ft10, 104(sp)
80006a3c: ca 27        	fld	fa5, 144(sp)
80006a3e: c1 3f        	addiw	t6, t6, -16
80006a40: d0 a0        	fsd	fa2, 128(s1)
80006a42: 90 3f        	fld	fa2, 56(a5)
80006a44: e3 ef 42 3f  	bltu	t0, s4, 0x80007642 <Gram_ref_real+0x1122>
80006a48: 95 27        	addiw	a5, a5, 5
80006a4a: 9d 3f        	addiw	t6, t6, -25
80006a4c: de 14        	slli	s1, s1, 55
80006a4e: 46 3f        	fld	ft10, 112(sp)
80006a50: 65 e4        	bnez	s0, 0x80006b38 <Gram_ref_real+0x618>
80006a52: 09 3f        	addiw	t5, t5, -30
80006a54: 64 89        	<unknown>
80006a56: 39 3f        	addiw	t5, t5, -18
80006a58: eb fd ba 3f  	<unknown>
80006a5c: 51 8e        	or	a2, a2, a2
80006a5e: 8c 3f        	fld	fa1, 56(a5)
80006a60: 96 ef        	sd	t0, 472(sp)
80006a62: 99 3f        	addiw	t6, t6, -26
80006a64: 3d 1e        	addi	t3, t3, -17
80006a66: c8 3f        	fld	fa0, 184(a5)
80006a68: 77 15 70 3f  	<unknown>
80006a6c: 84 0c        	addi	s1, sp, 592
80006a6e: c8 3f        	fld	fa0, 184(a5)
80006a70: 71 85        	srai	a0, a0, 28
80006a72: 6d 3f        	addiw	t5, t5, -5
80006a74: 13 03 fe 3e  	addi	t1, t3, 1007
80006a78: c8 7c        	ld	a0, 184(s1)
80006a7a: f5 3e        	addiw	t4, t4, -3
80006a7c: 3d 40        	c.li	zero, 15
80006a7e: a7 3f 6b 71  	fsd	fs6, 1823(s6)
80006a82: c7 3f b7 31  	fmsub.s	ft11, fa4, fs11, ft6, rup
80006a86: 01 3f        	addiw	t5, t5, -32
80006a88: 10 9f        	<unknown>
80006a8a: 59 3f        	addiw	t5, t5, -10
80006a8c: cf f6 ab 3f  	<unknown>
80006a90: 25 56        	li	a2, -23
80006a92: 4f 3f 47 17  	<unknown>
80006a96: 8d 3f        	addiw	t6, t6, -29
80006a98: ec d2        	sw	a1, 100(a3)
80006a9a: 54 3f        	fld	fa3, 184(a4)
80006a9c: f1 16        	addi	a3, a3, -4
80006a9e: 43 3f df 38  	fmadd.s	ft10, ft10, fa3, ft7, rup
80006aa2: eb 3f 25 27  	<unknown>
80006aa6: a4 3f        	fld	fs1, 120(a5)
80006aa8: b0 d2        	sw	a2, 96(a3)
80006aaa: 7a 3f        	fld	ft10, 440(sp)
80006aac: b9 af        	j	0x8000720a <Gram_ref_real+0xcea>
80006aae: e3 3f 4e d0  	<unknown>
80006ab2: 6c 3f        	fld	fa1, 248(a4)
80006ab4: b4 67        	ld	a3, 72(a5)
80006ab6: 6f 3f dc 38  	jal	t5, 0x800ca642 <timer+0xbfbe2>
80006aba: 8d 3f        	addiw	t6, t6, -29
80006abc: dc 2b        	fld	fa5, 144(a5)
80006abe: 18 3f        	fld	fa4, 56(a4)
80006ac0: c9 a9        	j	0x80006f92 <Gram_ref_real+0xa72>
80006ac2: ac 3f        	fld	fa1, 120(a5)
80006ac4: 1a 8e        	mv	t3, t1
80006ac6: b7 3f de d0  	lui	t6, 855523
80006aca: 97 3f 8c fa  	auipc	t6, 1026243
80006ace: a2 3f        	fld	ft11, 40(sp)
80006ad0: 42 5d        	lw	s10, 48(sp)
80006ad2: 53 3f 17 58  	<unknown>
80006ad6: 4f 3f df 72  	fnmadd.d	ft10, ft10, fa3, fa4, rup
80006ada: 5f 3f ae 21  	<unknown>
80006ade: 9c 3f        	fld	fa5, 56(a5)
80006ae0: 5d 03        	addi	t1, t1, 23
80006ae2: bb 3f 26 6f  	<unknown>
80006ae6: 95 3f        	addiw	t6, t6, -27
80006ae8: af 07 1d 3f  	<unknown>
80006aec: e4 4c        	lw	s1, 92(s1)
80006aee: a8 3f        	fld	fa0, 120(a5)
80006af0: 3b f9 28 3f  	<unknown>
80006af4: 2d d7        	beqz	a4, 0x80006a5e <Gram_ref_real+0x53e>
80006af6: 68 3f        	fld	fa0, 248(a4)
80006af8: 9e b0        	fsd	ft7, 96(sp)
80006afa: 8f 3f 01 a0  	<unknown>
80006afe: 50 3f        	fld	fa2, 184(a4)
80006b00: 00 ae        	fsd	fs0, 24(a2)
80006b02: 6c 3f        	fld	fa1, 248(a4)
80006b04: 60 eb        	sd	s0, 208(a4)
80006b06: 75 3f        	addiw	t5, t5, -3
80006b08: ef fb b6 3f  	jal	s7, 0x80076702 <timer+0x6bca2>
80006b0c: d7 d7 49 3f  	vfslide1down.vf	v15, v20, fs3
80006b10: 15 dc        	beqz	s0, 0x80006a4c <Gram_ref_real+0x52c>
80006b12: 85 3f        	addiw	t6, t6, -31
80006b14: e7 13 54 3f  	<unknown>
80006b18: d2 18        	slli	a7, a7, 52
80006b1a: 91 3f        	addiw	t6, t6, -28
80006b1c: 1a 19        	slli	s2, s2, 38
80006b1e: ac 3f        	fld	fa1, 120(a5)
80006b20: 8f 3b 19 3f  	<unknown>
80006b24: 92 93        	add	t2, t2, tp
80006b26: 91 3f        	addiw	t6, t6, -28
80006b28: 1f 53 d7 3e  	<unknown>
80006b2c: be d1        	sw	a5, 224(sp)
80006b2e: d9 3e        	addiw	t4, t4, -10
80006b30: 77 c4 34 3f  	<unknown>
80006b34: 79 16        	addi	a2, a2, -2
80006b36: d2 3e        	fld	ft9, 304(sp)
80006b38: 81 76        	lui	a3, 1048544
80006b3a: 86 3f        	fld	ft11, 96(sp)
80006b3c: 39 7c        	lui	s8, 1048558
80006b3e: e8 3f        	fld	fa0, 248(a5)
80006b40: 96 e4        	sd	t0, 72(sp)
80006b42: 57 3f 74 85  	vsadd.vi	v30, v23, 8, v0.t
80006b46: 80 3f        	fld	fs0, 56(a5)
80006b48: b0 e1        	sd	a2, 64(a1)
80006b4a: 81 3f        	addiw	t6, t6, -32
80006b4c: 31 03        	addi	t1, t1, 12
80006b4e: 83 3f 24 c3  	ld	t6, -974(s0)
80006b52: ce 3f        	fld	ft11, 240(sp)
80006b54: 5e 70        	<unknown>
80006b56: bb 3f 15 cd  	<unknown>
80006b5a: c3 3f 0e c6  	<unknown>
80006b5e: 39 3f        	addiw	t5, t5, -18
80006b60: 46 f7        	sd	a7, 424(sp)
80006b62: 1b 3f e8 ea  	<unknown>
80006b66: 1f 3f 2c cc  	<unknown>
80006b6a: 78 3f        	fld	fa4, 248(a4)
80006b6c: fa d7        	sw	t5, 236(sp)
80006b6e: 22 3f        	fld	ft10, 40(sp)
80006b70: 97 3f 80 3f  	auipc	t6, 260099
80006b74: 34 ca        	sw	a3, 80(a2)
80006b76: 52 3f        	fld	ft10, 304(sp)
80006b78: 26 ac        	fsd	fs1, 24(sp)
80006b7a: 4f 3f f9 81  	fnmadd.s	ft10, fs2, ft11, fa6, rup
80006b7e: 84 3f        	fld	fs1, 56(a5)
80006b80: cf bb 78 3f  	<unknown>
80006b84: 88 23        	fld	fa0, 0(a5)
80006b86: 81 3f        	addiw	t6, t6, -32
80006b88: 6f 50 0a 3f  	j	0x800abf78 <timer+0xa1518>
80006b8c: d1 dc        	beqz	s1, 0x80006b28 <Gram_ref_real+0x608>
80006b8e: 52 3f        	fld	ft10, 304(sp)
80006b90: c2 0c        	slli	s9, s9, 16
80006b92: 9a 3f        	fld	ft11, 416(sp)
80006b94: d5 5b        	li	s7, -11
80006b96: 08 3f        	fld	fa0, 56(a4)
80006b98: 1f 26 a9 3f  	<unknown>
80006b9c: 8e e1        	sd	gp, 192(sp)
80006b9e: 9c 3f        	fld	fa5, 56(a5)
80006ba0: 30 3a        	fld	fa2, 112(a2)
80006ba2: 87 3f f5 c5  	fld	ft11, -929(a0)
80006ba6: 97 3f fe a4  	auipc	t6, 675811
80006baa: 28 3f        	fld	fa0, 120(a4)
80006bac: ca d9        	sw	s2, 240(sp)
80006bae: 34 3f        	fld	fa3, 120(a4)
80006bb0: c5 8b        	andi	a5, a5, 17
80006bb2: 9a 3f        	fld	ft11, 416(sp)
80006bb4: 82 24        	fld	fs1, 0(sp)
80006bb6: 8e 3f        	fld	ft11, 224(sp)
80006bb8: c7 e8 74 3f  	<unknown>
80006bbc: ca c1        	sw	s2, 192(sp)
80006bbe: 56 3f        	fld	ft10, 368(sp)
80006bc0: 53 72 4e 3f  	<unknown>
80006bc4: 98 01        	addi	a4, sp, 192
80006bc6: 86 3f        	fld	ft11, 96(sp)
80006bc8: 2a a1        	fsd	fa0, 128(sp)
80006bca: 9e 3f        	fld	ft11, 480(sp)
80006bcc: 08 5d        	lw	a0, 56(a0)
80006bce: 52 3f        	fld	ft10, 304(sp)
80006bd0: 16 79        	ld	s2, 352(sp)
80006bd2: 67 3f c9 f1  	<unknown>
80006bd6: ba 3f        	fld	ft11, 424(sp)
80006bd8: 33 04 7f 3f  	<unknown>
80006bdc: 89 b4        	j	0x8000661e <Gram_ref_real+0xfe>
80006bde: a7 3f 91 46  	fsd	fs1, 1151(sp)
80006be2: 95 3f        	addiw	t6, t6, -27
80006be4: a5 97        	srai	a5, a5, 41
80006be6: 89 3f        	addiw	t6, t6, -30
80006be8: 57 1c 45 3f  	<unknown>
80006bec: 35 9b        	andi	a4, a4, -19
80006bee: 7c 3f        	fld	fa5, 248(a4)
80006bf0: ac f7        	sd	a1, 104(a5)
80006bf2: c9 3f        	addiw	t6, t6, -14
80006bf4: 64 c4        	sw	s1, 76(s0)
80006bf6: 9a 3f        	fld	ft11, 416(sp)
80006bf8: 19 7f        	lui	t5, 1048550
80006bfa: 9e 3e        	fld	ft9, 480(sp)
80006bfc: a7 79 d5 3f  	<unknown>
80006c00: 4d 5f        	li	t5, -13
80006c02: a7 3f 55 ed  	fsd	fs5, -289(a0)
80006c06: 8d 3f        	addiw	t6, t6, -29
80006c08: de df        	sw	s7, 252(sp)
80006c0a: 94 3f        	fld	fa3, 56(a5)
80006c0c: 38 20        	fld	fa4, 64(s0)
80006c0e: 3f 3f 0b aa  	<unknown>
80006c12: a9 3f        	addiw	t6, t6, -22
80006c14: ae bf        	fsd	fa1, 504(sp)
80006c16: c2 3f        	fld	ft11, 48(sp)
80006c18: 86 07        	slli	a5, a5, 1
80006c1a: 84 3f        	fld	fs1, 56(a5)
80006c1c: 7c ee        	sd	a5, 216(a2)
80006c1e: 73 3f d9 3f  	csrrc	t5, 1021, s2
80006c22: 54 3f        	fld	fa3, 184(a4)
80006c24: 8d 23        	addiw	t2, t2, 3
80006c26: a0 3f        	fld	fs0, 120(a5)
80006c28: 4d 2c        	addiw	s8, s8, 19
80006c2a: 8f 3f b0 9f  	<unknown>
80006c2e: 4e 3f        	fld	ft10, 240(sp)
80006c30: 5b 58 3b 3f  	<unknown>
80006c34: 44 29        	fld	fs1, 144(a0)
80006c36: 80 3f        	fld	fs0, 56(a5)
80006c38: bb 6c 49 3f  	<unknown>
80006c3c: 6d a9        	j	0x800070f6 <Gram_ref_real+0xbd6>
80006c3e: 7b 3f 52 ab  	<unknown>
80006c42: 8f 3f c4 b1  	<unknown>
80006c46: 84 3f        	fld	fs1, 56(a5)
80006c48: 5e 73        	ld	t1, 496(sp)
80006c4a: 9f 3f 8f b0  	<unknown>
80006c4e: 85 3f        	addiw	t6, t6, -31
80006c50: 81 7d        	lui	s11, 1048544
80006c52: 0d 3f        	addiw	t5, t5, -29
80006c54: b3 4e 30 3f  	<unknown>
80006c58: b1 a2        	j	0x80006da4 <Gram_ref_real+0x884>
80006c5a: 8e 3f        	fld	ft11, 224(sp)
80006c5c: bc 8c        	<unknown>
80006c5e: 30 3f        	fld	fa2, 120(a4)
80006c60: bd 8a        	andi	a3, a3, 15
80006c62: 51 3f        	addiw	t5, t5, -12
80006c64: 8a 4a        	lw	s5, 128(sp)
80006c66: ae 3f        	fld	ft11, 232(sp)
80006c68: 77 81 99 3f  	<unknown>
80006c6c: 2f fc d4 3f  	<unknown>
80006c70: 3b d9 3a 3f  	<unknown>
80006c74: 8d 3f        	addiw	t6, t6, -29
80006c76: a7 3f ad 27  	fsd	fs10, 639(s10)
80006c7a: 3d 3f        	addiw	t5, t5, -17
80006c7c: de 0e        	slli	t4, t4, 23
80006c7e: 7c 3f        	fld	fa5, 248(a4)
80006c80: 2b f1 94 3f  	<unknown>
80006c84: 3f d0 5c 3f  	<unknown>
80006c88: 64 17        	addi	s1, sp, 940
80006c8a: 95 3f        	addiw	t6, t6, -27
80006c8c: 0c 81        	<unknown>
80006c8e: 21 3f        	addiw	t5, t5, -24
80006c90: 83 cc 93 3f  	lbu	s9, 1017(t2)
80006c94: e9 6f        	lui	t6, 26
80006c96: ec 3f        	fld	fa1, 248(a5)
80006c98: 88 d8        	sw	a0, 48(s1)
80006c9a: 99 3f        	addiw	t6, t6, -26
80006c9c: 66 26        	fld	fa2, 88(sp)
80006c9e: 9c 3f        	fld	fa5, 56(a5)
80006ca0: a2 4a        	lw	s5, 8(sp)
80006ca2: 98 3f        	fld	fa4, 56(a5)
80006ca4: 88 1d        	addi	a0, sp, 752
80006ca6: ab 3f a8 8c  	<unknown>
80006caa: 98 3f        	fld	fa4, 56(a5)
80006cac: 23 cf bc 3f  	<unknown>
80006cb0: ef 57 70 3f  	jal	a5, 0x8000c8a6 <timer+0x1e46>
80006cb4: 0f 7a c3 3f  	<unknown>
80006cb8: e3 de 38 3f  	bge	a7, s3, 0x800078b4 <Gram_ref_real+0x1394>
80006cbc: d5 5c        	li	s9, -11
80006cbe: d8 3e        	fld	fa4, 184(a3)
80006cc0: 7d 7f        	lui	t5, 1048575
80006cc2: 92 3f        	fld	ft11, 288(sp)
80006cc4: 7b 2a 7b 3f  	<unknown>
80006cc8: a3 93 7b 3f  	sh	s7, 999(s7)
80006ccc: 59 02        	addi	tp, tp, 22
80006cce: 9f 3f e5 9c  	<unknown>
80006cd2: fd 3e        	addiw	t4, t4, -1
80006cd4: 30 97        	<unknown>
80006cd6: a5 3f        	addiw	t6, t6, -23
80006cd8: be ee        	sd	a5, 344(sp)
80006cda: a1 3f        	addiw	t6, t6, -24
80006cdc: 45 f2        	bnez	a2, 0x80006c7c <Gram_ref_real+0x75c>
80006cde: a5 3f        	addiw	t6, t6, -23
80006ce0: a7 64 b5 3f  	<unknown>
80006ce4: 85 07        	addi	a5, a5, 1
80006ce6: da 3f        	fld	ft11, 432(sp)
80006ce8: aa 66        	ld	a3, 136(sp)
80006cea: 2f 3f bf 0d  	amoswap.d.aq	t5, s11, (t5)
80006cee: 5d 3f        	addiw	t5, t5, -9
80006cf0: fa 23        	fld	ft7, 408(sp)
80006cf2: 38 3f        	fld	fa4, 120(a4)
80006cf4: 1e e3        	sd	t2, 384(sp)
80006cf6: a6 3f        	fld	ft11, 104(sp)
80006cf8: b7 7a 4a 3f  	lui	s5, 259239
80006cfc: 18 b7        	fsd	fa4, 40(a4)
80006cfe: 0e 3f        	fld	ft10, 224(sp)
80006d00: 36 51        	lw	sp, 108(sp)
80006d02: fa 3e        	fld	ft9, 440(sp)
80006d04: 36 7e        	ld	t3, 360(sp)
80006d06: 57 3f f9 59  	<unknown>
80006d0a: 9c 3f        	fld	fa5, 56(a5)
80006d0c: 03 ff 5a 3f  	<unknown>
80006d10: d5 25        	addiw	a1, a1, 21
80006d12: 59 3f        	addiw	t5, t5, -10
80006d14: a6 55        	lw	a1, 104(sp)
80006d16: 97 3f 78 42  	auipc	t6, 272259
80006d1a: c7 3f 9e 34  	<unknown>
80006d1e: 59 3f        	addiw	t5, t5, -10
80006d20: 6d 18        	addi	a6, a6, -5
80006d22: 46 3f        	fld	ft10, 112(sp)
80006d24: b5 2f        	addiw	t6, t6, 13
80006d26: a3 3f 18 fa  	sd	ra, -65(a6)
80006d2a: b4 3e        	fld	fa3, 120(a3)
80006d2c: f9 92        	srli	a3, a3, 62
80006d2e: bb 3e b1 c7  	<unknown>
80006d32: 9c 3f        	fld	fa5, 56(a5)
80006d34: b7 29 6f 3f  	lui	s3, 259826
80006d38: 0d c6        	beqz	a2, 0x80006d62 <Gram_ref_real+0x842>
80006d3a: 87 3f c8 88  	fld	ft11, -1908(a6)
80006d3e: de 3f        	fld	ft11, 496(sp)
80006d40: b1 f4        	bnez	s1, 0x80006c8c <Gram_ref_real+0x76c>
80006d42: 7f 3f e7 8c  	<unknown>
80006d46: 82 3f        	fld	ft11, 32(sp)
80006d48: 10 24        	fld	fa2, 8(s0)
80006d4a: 8a 3f        	fld	ft11, 160(sp)
80006d4c: 7c b0        	fsd	fa5, 224(s0)
80006d4e: 8f 3f ef b4  	<unknown>
80006d52: c8 3f        	fld	fa0, 184(a5)
80006d54: c9 bb        	j	0x80006b26 <Gram_ref_real+0x606>
80006d56: 80 3f        	fld	fs0, 56(a5)
80006d58: 0b 60 c8 3f  	<unknown>
80006d5c: df a4 30 3f  	<unknown>
80006d60: 68 1e        	addi	a0, sp, 828
80006d62: 95 3e        	addiw	t4, t4, -27
80006d64: 48 13        	addi	a0, sp, 420
80006d66: 8e 3f        	fld	ft11, 224(sp)
80006d68: a9 4f        	li	t6, 10
80006d6a: 24 3f        	fld	fs1, 120(a4)
80006d6c: d8 3c        	fld	fa4, 184(s1)
80006d6e: 3d 3f        	addiw	t5, t5, -17
80006d70: f0 95        	<unknown>
80006d72: bb 3f 36 57  	<unknown>
80006d76: 8b 3f 29 2e  	<unknown>
80006d7a: 86 3f        	fld	ft11, 96(sp)
80006d7c: 66 b5        	fsd	fs9, 168(sp)
80006d7e: 8d 3f        	addiw	t6, t6, -29
80006d80: ad 2b        	addiw	s7, s7, 11
80006d82: 47 3f 65 86  	<unknown>
80006d86: 6e 3f        	fld	ft10, 248(sp)
80006d88: 58 7a        	ld	a4, 176(a2)
80006d8a: 12 3f        	fld	ft10, 288(sp)
80006d8c: fb bd 85 3f  	<unknown>
80006d90: 22 de        	sw	s0, 60(sp)
80006d92: 87 3f c3 28  	fld	ft11, 652(t1)
80006d96: f0 3e        	fld	fa2, 248(a3)
80006d98: 0c 2c        	fld	fa1, 24(s0)
80006d9a: 27 3f 8d 49  	fsd	fs8, 1182(s10)
80006d9e: cd 3f        	addiw	t6, t6, -13
80006da0: b0 b4        	fsd	fa2, 104(s1)
80006da2: 98 3f        	fld	fa4, 56(a5)
80006da4: d9 52        	li	t0, -10
80006da6: 78 3f        	fld	fa4, 248(a4)
80006da8: 32 b9        	fsd	fa2, 176(sp)
80006daa: 3c 3f        	fld	fa5, 120(a4)
80006dac: 0f 34 fa 3e  	<unknown>
80006db0: c3 8b d2 3f  	<unknown>
80006db4: 80 e3        	sd	s0, 0(a5)
80006db6: a7 3f 9f 8c  	fsd	fs1, -1825(t5)
80006dba: 2d 3f        	addiw	t5, t5, -21
80006dbc: 36 6c        	ld	s8, 328(sp)
80006dbe: 80 3f        	fld	fs0, 56(a5)
80006dc0: 36 f3        	sd	a3, 416(sp)
80006dc2: dd 3f        	addiw	t6, t6, -9
80006dc4: f9 ca        	beqz	a3, 0x80006e9a <Gram_ref_real+0x97a>
80006dc6: 7c 3f        	fld	fa5, 248(a4)
80006dc8: b4 07        	addi	a3, sp, 968
80006dca: c5 3f        	addiw	t6, t6, -15
80006dcc: 2d cf        	beqz	a4, 0x80006e46 <Gram_ref_real+0x926>
80006dce: 92 3f        	fld	ft11, 288(sp)
80006dd0: a4 ca        	sw	s1, 80(a3)
80006dd2: 98 3f        	fld	fa4, 56(a5)
80006dd4: 2c 29        	fld	fa1, 80(a0)
80006dd6: 97 3f ee 19  	auipc	t6, 106211
80006dda: 2f 3f 8f 84  	amomin.d.aq	t5, s0, (t5)
80006dde: 65 3f        	addiw	t5, t5, -7
80006de0: 00 fd        	sd	s0, 56(a0)
80006de2: 65 3f        	addiw	t5, t5, -7
80006de4: 5d e1        	bnez	a0, 0x80006e8a <Gram_ref_real+0x96a>
80006de6: 7c 3f        	fld	fa5, 248(a4)
80006de8: 84 b5        	fsd	fs1, 40(a1)
80006dea: 53 3f 29 94  	<unknown>
80006dee: 6f 3f 6d d2  	jal	t5, 0x7ffda314 <vfctrans_sim.c+0x7ffda314>
80006df2: b8 3f        	fld	fa4, 120(a5)
80006df4: 5a d1        	sw	s6, 160(sp)
80006df6: b6 3f        	fld	ft11, 360(sp)
80006df8: da 6d        	ld	s11, 400(sp)
80006dfa: 4e 3f        	fld	ft10, 240(sp)
80006dfc: 6c 8a        	<unknown>
80006dfe: 5c 3f        	fld	fa5, 184(a4)
80006e00: c4 45        	lw	s1, 12(a1)
80006e02: c8 3f        	fld	fa0, 184(a5)
80006e04: 45 4f        	li	t5, 17
80006e06: a0 3f        	fld	fs0, 120(a5)
80006e08: a7 88 a1 3f  	<unknown>
80006e0c: 83 96 8d 3f  	lh	a3, 1016(s11)
80006e10: a7 a8 d3 3f  	fsw	ft9, 1009(t2)
80006e14: 40 d6        	sw	s0, 44(a2)
80006e16: aa 3f        	fld	ft11, 168(sp)
80006e18: 22 b4        	fsd	fs0, 40(sp)
80006e1a: 63 3f a3 83  	<unknown>
80006e1e: 7b 3f b8 e3  	<unknown>
80006e22: 87 3f c3 87  	fld	ft11, -1924(t1)
80006e26: f8 3e        	fld	fa4, 248(a3)
80006e28: bf 5d 74 3f  	<unknown>
80006e2c: 44 06        	addi	s1, sp, 772
80006e2e: d1 3e        	addiw	t4, t4, -12
80006e30: 4e 45        	lw	a0, 208(sp)
80006e32: 00 3f        	fld	fs0, 56(a4)
80006e34: 8a 77        	ld	a5, 160(sp)
80006e36: 82 3f        	fld	ft11, 32(sp)
80006e38: 89 02        	addi	t0, t0, 2
80006e3a: 68 3f        	fld	fa0, 248(a4)
80006e3c: 44 0a        	addi	s1, sp, 276
80006e3e: 80 3f        	fld	fs0, 56(a5)
80006e40: a1 cc        	beqz	s1, 0x80006e98 <Gram_ref_real+0x978>
80006e42: 23 3f 1d 71  	sd	a7, 1822(s10)
80006e46: 76 3f        	fld	ft10, 376(sp)
80006e48: 1c fb        	sd	a5, 48(a4)
80006e4a: b5 3f        	addiw	t6, t6, -19
80006e4c: e1 01        	addi	gp, gp, 24
80006e4e: 1d 3f        	addiw	t5, t5, -25
80006e50: 67 94 97 3f  	<unknown>
80006e54: 88 67        	ld	a0, 8(a5)
80006e56: 44 3f        	fld	fs1, 184(a4)
80006e58: 88 f7        	sd	a0, 40(a5)
80006e5a: d3 3f 70 61  	<unknown>
80006e5e: 65 3f        	addiw	t5, t5, -7
80006e60: 3d db        	beqz	a4, 0x80006dd6 <Gram_ref_real+0x8b6>
80006e62: 07 3f d8 ef  	fld	ft10, -259(a6)
80006e66: 82 3f        	fld	ft11, 32(sp)
80006e68: c3 dd 8b 3f  	<unknown>
80006e6c: 8c 69        	ld	a1, 16(a1)
80006e6e: 98 3f        	fld	fa4, 56(a5)
80006e70: 86 9d        	add	s11, s11, ra
80006e72: b3 3f b6 62  	<unknown>
80006e76: 56 3f        	fld	ft10, 368(sp)
80006e78: 35 30        	<unknown>
80006e7a: 48 3f        	fld	fa0, 184(a4)
80006e7c: 7b cc ff 3e  	<unknown>
80006e80: 62 9a        	add	s4, s4, s8
80006e82: 44 3f        	fld	fs1, 184(a4)
80006e84: 3d 20        	<unknown>
80006e86: 28 3f        	fld	fa0, 120(a4)
80006e88: c8 44        	lw	a0, 12(s1)
80006e8a: 30 3f        	fld	fa2, 120(a4)
80006e8c: bb 5f 87 3f  	<unknown>
80006e90: 10 a0        	fsd	fa2, 0(s0)
80006e92: 83 3f 13 c5  	ld	t6, -943(t1)
80006e96: 75 3f        	addiw	t5, t5, -3
80006e98: 6b fc 30 3f  	<unknown>
80006e9c: 20 29        	fld	fs0, 80(a0)
80006e9e: 80 3f        	fld	fs0, 56(a5)
80006ea0: 40 98        	<unknown>
80006ea2: b2 3f        	fld	ft11, 296(sp)
80006ea4: 20 73        	ld	s0, 96(a4)
80006ea6: 65 3f        	addiw	t5, t5, -7
80006ea8: 00 be        	fsd	fs0, 56(a2)
80006eaa: 8f 3f c5 65  	<unknown>
80006eae: 95 3f        	addiw	t6, t6, -27
80006eb0: 1e b1        	fsd	ft7, 160(sp)
80006eb2: a6 3f        	fld	ft11, 104(sp)
80006eb4: c3 52 cc 3f  	<unknown>
80006eb8: 0e 38        	fld	fa6, 224(sp)
80006eba: 82 3f        	fld	ft11, 32(sp)
80006ebc: 76 24        	fld	fs0, 344(sp)
80006ebe: 94 3e        	fld	fa3, 56(a3)
80006ec0: 78 c3        	sw	a4, 68(a4)
80006ec2: 7c 3f        	fld	fa5, 248(a4)
80006ec4: 7b 31 3e 3f  	<unknown>
80006ec8: 2e 42        	lw	tp, 200(sp)
80006eca: 9c 3f        	fld	fa5, 56(a5)
80006ecc: 12 8a        	mv	s4, tp
80006ece: e8 3f        	fld	fa0, 248(a5)
80006ed0: c0 28        	fld	fs0, 144(s1)
80006ed2: d4 3f        	fld	fa3, 184(a5)
80006ed4: c6 89        	mv	s3, a7
80006ed6: 5c 3f        	fld	fa5, 184(a4)
80006ed8: ce 1d        	slli	s11, s11, 51
80006eda: 50 3f        	fld	fa2, 184(a4)
80006edc: 25 02        	addi	tp, tp, 9
80006ede: 83 3f 6d 0c  	ld	t6, 198(s10)
80006ee2: 7a 3f        	fld	ft10, 440(sp)
80006ee4: 60 85        	<unknown>
80006ee6: 84 3f        	fld	fs1, 56(a5)
80006ee8: 94 a5        	fsd	fa3, 8(a1)
80006eea: 87 3f 89 f6  	fld	ft11, -152(s2)
80006eee: cd 3f        	addiw	t6, t6, -13
80006ef0: 9c 82        	<unknown>
80006ef2: 4f 3f 12 6c  	<unknown>
80006ef6: 46 3f        	fld	ft10, 112(sp)
80006ef8: 9f c2 0c 3f  	<unknown>
80006efc: 29 df        	beqz	a4, 0x80006e56 <Gram_ref_real+0x936>
80006efe: 20 3f        	fld	fs0, 120(a4)
80006f00: e4 3c        	fld	fs1, 248(s1)
80006f02: 3c 3f        	fld	fa5, 120(a4)
80006f04: 04 ad        	fsd	fs1, 24(a0)
80006f06: 2b 3f 4d 21  	<unknown>
80006f0a: af 3f 14 f7  	<unknown>
80006f0e: 4b 3f 64 fa  	fnmsub.d	ft10, fs0, ft6, ft11, rup
80006f12: 1c 3f        	fld	fa5, 56(a4)
80006f14: d3 53 5b 3f  	<unknown>
80006f18: 5f c3 b2 3f  	<unknown>
80006f1c: f3 bf d3 3f  	csrrc	t6, 1021, t2
80006f20: 12 a8        	fsd	ft4, 16(sp)
80006f22: d0 3f        	fld	fa2, 184(a5)
80006f24: 69 22        	addiw	tp, tp, 26
80006f26: bb 3f 0f f6  	<unknown>
80006f2a: 83 3f ec 6c  	ld	t6, 1742(s8)
80006f2e: ac 3f        	fld	fa1, 120(a5)
80006f30: 27 6f ae 3f  	<unknown>
80006f34: 0d af        	j	0x80007666 <Gram_ref_real+0x1146>
80006f36: ae 3f        	fld	ft11, 232(sp)
80006f38: 09 cd        	beqz	a0, 0x80006f52 <Gram_ref_real+0xa32>
80006f3a: b4 3f        	fld	fa3, 120(a5)
80006f3c: e3 d7 f7 3f  	bge	a5, t6, 0x80007b2a <Gram_ref_real+0x160a>
80006f40: f1 30        	addiw	ra, ra, -4
80006f42: 90 3f        	fld	fa2, 56(a5)
80006f44: 1d c3        	beqz	a4, 0x80006f6a <Gram_ref_real+0xa4a>
80006f46: f7 3f 20 5f  	<unknown>
80006f4a: 89 3f        	addiw	t6, t6, -30
80006f4c: 73 3b 02 40  	csrrc	s6, 1024, tp
80006f50: a1 51        	li	gp, -24
80006f52: ea 3f        	fld	ft11, 184(sp)
80006f54: 60 40        	lw	s0, 68(s0)
80006f56: 85 3f        	addiw	t6, t6, -31
80006f58: 89 c4        	beqz	s1, 0x80006f62 <Gram_ref_real+0xa42>
80006f5a: d0 3f        	fld	fa2, 184(a5)
80006f5c: 98 c2        	sw	a4, 0(a3)
80006f5e: 8e 3f        	fld	ft11, 224(sp)
80006f60: 45 62        	lui	tp, 17
80006f62: 12 3f        	fld	ft10, 288(sp)
80006f64: 82 e1        	sd	zero, 192(sp)
80006f66: c9 3f        	addiw	t6, t6, -14
80006f68: 5b f6 a3 3f  	<unknown>
80006f6c: bb 37 a2 3f  	<unknown>
80006f70: 70 b8        	fsd	fa2, 240(s0)
80006f72: 02 40        	<unknown>
80006f74: ae 94        	add	s1, s1, a1
80006f76: dd 3f        	addiw	t6, t6, -9
80006f78: 6a 3a        	fld	fs4, 184(sp)
80006f7a: f1 3f        	addiw	t6, t6, -4
80006f7c: 78 05        	addi	a4, sp, 652
80006f7e: ac 3f        	fld	fa1, 120(a5)
80006f80: 8d 6d        	lui	s11, 3
80006f82: 49 3f        	addiw	t5, t5, -14
80006f84: 8c 5d        	lw	a1, 56(a1)
80006f86: bf 3f c7 3f  	<unknown>
80006f8a: eb 3e 97 94  	<unknown>
80006f8e: a5 3f        	addiw	t6, t6, -23
80006f90: 34 65        	ld	a3, 72(a0)
80006f92: 6a 3f        	fld	ft10, 184(sp)
80006f94: 28 2f        	fld	fa0, 88(a4)
80006f96: 26 3f        	fld	ft10, 104(sp)
80006f98: 0c 36        	fld	fa1, 40(a2)
80006f9a: 60 3f        	fld	fs0, 248(a4)
80006f9c: ec 80        	<unknown>
80006f9e: fb 3f 8d a5  	<unknown>
80006fa2: b3 3f 48 5c  	<unknown>
80006fa6: 57 3f 25 a5  	vsra.vi	v30, v18, 10, v0.t
80006faa: 69 3f        	addiw	t5, t5, -6
80006fac: 9c 75        	ld	a5, 40(a1)
80006fae: 76 3f        	fld	ft10, 376(sp)
80006fb0: 32 be        	fsd	fa2, 312(sp)
80006fb2: dc 3f        	fld	fa5, 184(a5)
80006fb4: 0d 10        	c.nop	-29
80006fb6: f5 3f        	addiw	t6, t6, -3
80006fb8: 97 49 21 3f  	auipc	s3, 258580
80006fbc: 40 7f        	ld	s0, 184(a4)
80006fbe: c4 3f        	fld	fs1, 184(a5)
80006fc0: a3 3d 00 40  	sd	zero, 1051(zero)
80006fc4: b2 32        	fld	ft5, 296(sp)
80006fc6: 3f 3f 44 7e  	<unknown>
80006fca: 0c 40        	lw	a1, 0(s0)
80006fcc: e9 6d        	lui	s11, 26
80006fce: f5 3f        	addiw	t6, t6, -3
80006fd0: ff 09 c7 3f  	<unknown>
80006fd4: 7d 48        	li	a6, 31
80006fd6: d5 3f        	addiw	t6, t6, -11
80006fd8: 84 90        	<unknown>
80006fda: aa 3f        	fld	ft11, 168(sp)
80006fdc: cf 97 87 3f  	<unknown>
80006fe0: 36 d5        	sw	a3, 168(sp)
80006fe2: 8b 3f 9d a9  	<unknown>
80006fe6: 9d 3f        	addiw	t6, t6, -25
80006fe8: 80 ad        	fsd	fs0, 24(a1)
80006fea: b3 3f d0 8c  	<unknown>
80006fee: 12 40        	<unknown>
80006ff0: fb 5a ef 3f  	<unknown>
80006ff4: df c1 ae 3f  	<unknown>
80006ff8: fa 71        	ld	gp, 440(sp)
80006ffa: a1 3f        	addiw	t6, t6, -24
80006ffc: 6f e0 85 3f  	j	0x800653f4 <timer+0x5a994>
80007000: c4 df        	sw	s1, 60(a5)
80007002: fb 3f 09 05  	<unknown>
80007006: 12 40        	<unknown>
80007008: c0 9d        	<unknown>
8000700a: a9 3f        	addiw	t6, t6, -22
8000700c: 49 76        	lui	a2, 1048562
8000700e: d5 3f        	addiw	t6, t6, -11
80007010: 0e fb        	sd	gp, 432(sp)
80007012: fd 3f        	addiw	t6, t6, -1
80007014: 4b 71 7d 3f  	<unknown>
80007018: 5f 41 bf 3f  	<unknown>
8000701c: a8 f5        	sd	a0, 104(a1)
8000701e: 79 3f        	addiw	t5, t5, -2
80007020: f9 95        	srai	a1, a1, 62
80007022: da 3f        	fld	ft11, 432(sp)
80007024: 7d e2        	bnez	a2, 0x8000710a <Gram_ref_real+0xbea>
80007026: 76 3f        	fld	ft10, 376(sp)
80007028: 5b fd 6a 3f  	<unknown>
8000702c: c4 ac        	fsd	fs1, 152(s1)
8000702e: cd 3e        	addiw	t4, t4, -13
80007030: 99 fd        	bnez	a1, 0x80006f4e <Gram_ref_real+0xa2e>
80007032: 93 3f 6f 4f  	sltiu	t6, t5, 1270
80007036: a3 3f b8 bf  	sd	s11, -1025(a6)
8000703a: c2 3f        	fld	ft11, 48(sp)
8000703c: db 57 97 3f  	<unknown>
80007040: d1 0a        	addi	s5, s5, 20
80007042: 27 3f 0a a4  	fsd	ft0, -1442(s4)
80007046: 9a 3f        	fld	ft11, 416(sp)
80007048: 85 ad        	j	0x800076b8 <Gram_ref_real+0x1198>
8000704a: e0 3f        	fld	fs0, 248(a5)
8000704c: ca 5d        	lw	s11, 176(sp)
8000704e: 7e 3f        	fld	ft10, 504(sp)
80007050: ec e6        	sd	a1, 200(a3)
80007052: c7 3f c5 ed  	<unknown>
80007056: a7 3f e9 e5  	fsd	ft10, -417(s2)
8000705a: dd 3f        	addiw	t6, t6, -9
8000705c: 35 a1        	j	0x80007488 <Gram_ref_real+0xf68>
8000705e: 83 3f 3c 04  	ld	t6, 67(s8)
80007062: dd 3e        	addiw	t4, t4, -9
80007064: 45 af        	j	0x80007814 <Gram_ref_real+0x12f4>
80007066: 55 3f        	addiw	t5, t5, -11
80007068: bb dc 9f 3f  	<unknown>
8000706c: a2 cd        	sw	s0, 216(sp)
8000706e: b5 3f        	addiw	t6, t6, -19
80007070: 95 85        	srai	a1, a1, 5
80007072: c3 3f 14 91  	fmadd.s	ft11, fs0, fa7, fs2, rup
80007076: 6f 3f 6d 6c  	jal	t5, 0x800da73c <timer+0xcfcdc>
8000707a: e2 3f        	fld	ft11, 56(sp)
8000707c: 85 91        	srli	a1, a1, 33
8000707e: b0 3e        	fld	fa2, 120(a3)
80007080: 8a cf        	sw	sp, 220(sp)
80007082: 79 3f        	addiw	t5, t5, -2
80007084: e1 e7        	bnez	a5, 0x8000714c <Gram_ref_real+0xc2c>
80007086: 40 3f        	fld	fs0, 184(a4)
80007088: be 15        	slli	a1, a1, 47
8000708a: 47 3f 04 df  	<unknown>
8000708e: b8 3f        	fld	fa4, 120(a5)
80007090: ca 22        	fld	ft5, 144(sp)
80007092: 9a 3f        	fld	ft11, 416(sp)
80007094: c1 99        	andi	a1, a1, -16
80007096: 32 3f        	fld	ft10, 296(sp)
80007098: 4e 04        	slli	s0, s0, 19
8000709a: a6 3f        	fld	ft11, 104(sp)
8000709c: 67 5c 9d 3f  	<unknown>
800070a0: db 20 c2 3f  	<unknown>
800070a4: 0f 14 2f 3f  	<unknown>
800070a8: 03 14 cc 3f  	lh	s0, 1020(s8)
800070ac: 45 c6        	beqz	a2, 0x80007154 <Gram_ref_real+0xc34>
800070ae: 9d 3f        	addiw	t6, t6, -25
800070b0: fc a0        	fsd	fa5, 192(s1)
800070b2: c0 3f        	fld	fs0, 184(a5)
800070b4: 20 f0        	sd	s0, 96(s0)
800070b6: e9 3f        	addiw	t6, t6, -6
800070b8: db 47 82 3f  	<unknown>
800070bc: 5c 9a        	<unknown>
800070be: 9f 3e c6 a6  	<unknown>
800070c2: ba 3f        	fld	ft11, 424(sp)
800070c4: 00 c5        	sw	s0, 8(a0)
800070c6: 0b 3f f7 db  	<unknown>
800070ca: ba 3f        	fld	ft11, 424(sp)
800070cc: ff 14 e4 3f  	<unknown>
800070d0: b6 3a        	fld	fs5, 360(sp)
800070d2: e1 3f        	addiw	t6, t6, -8
800070d4: 29 86        	srai	a2, a2, 10
800070d6: aa 3f        	fld	ft11, 168(sp)
800070d8: 68 6d        	ld	a0, 216(a0)
800070da: 39 3f        	addiw	t5, t5, -18
800070dc: 8b ed a8 3f  	<unknown>
800070e0: 7a 59        	lw	s2, 188(sp)
800070e2: 8c 3f        	fld	fa1, 56(a5)
800070e4: f6 d1        	sw	t4, 224(sp)
800070e6: 9c 3f        	fld	fa5, 56(a5)
800070e8: b1 22        	addiw	t0, t0, 12
800070ea: fc 3f        	fld	fa5, 248(a5)
800070ec: 12 38        	fld	fa6, 288(sp)
800070ee: 05 40        	c.li	zero, 1
800070f0: 69 2a        	addiw	s4, s4, 26
800070f2: d2 3f        	fld	ft11, 304(sp)
800070f4: 6c c4        	sw	a1, 76(s0)
800070f6: af 3f 53 bb  	<unknown>
800070fa: 43 3f 50 e1  	fmadd.s	ft10, ft0, fs5, ft8, rup
800070fe: 82 3f        	fld	ft11, 32(sp)
80007100: ce fb        	sd	s3, 496(sp)
80007102: 91 3f        	addiw	t6, t6, -28
80007104: da 88        	mv	a7, s6
80007106: ae 3f        	fld	ft11, 232(sp)
80007108: d8 ab        	fsd	fa4, 144(a5)
8000710a: db 3f 50 c2  	<unknown>
8000710e: ad 3f        	addiw	t6, t6, -21
80007110: 09 bf        	j	0x80007022 <Gram_ref_real+0xb02>
80007112: 8c 3f        	fld	fa1, 56(a5)
80007114: 57 44 90 3f  	vslidedown.vx	v8, v25, zero
80007118: 69 88        	andi	s0, s0, 26
8000711a: c4 3f        	fld	fs1, 184(a5)
8000711c: d9 4e        	li	t4, 22
8000711e: f1 3f        	addiw	t6, t6, -4
80007120: 2d 1b        	addi	s6, s6, -21
80007122: 7d 3f        	addiw	t5, t5, -1
80007124: da 3f        	fld	ft11, 432(sp)
80007126: 72 3f        	fld	ft10, 312(sp)
80007128: 49 71        	addi	sp, sp, -368
8000712a: 48 3f        	fld	fa0, 184(a4)
8000712c: 2a 4c        	lw	s8, 136(sp)
8000712e: 52 3f        	fld	ft10, 304(sp)
80007130: 12 90        	c.add	zero, tp
80007132: 6e 3f        	fld	ft10, 248(sp)
80007134: 32 c9        	sw	a2, 144(sp)
80007136: 69 3f        	addiw	t5, t5, -6
80007138: dc a1        	fsd	fa5, 128(a1)
8000713a: f1 3e        	addiw	t4, t4, -4
8000713c: cc 4f        	lw	a1, 28(a5)
8000713e: 93 3f 2e 31  	sltiu	t6, t3, 786
80007142: 2c 3f        	fld	fa1, 120(a4)
80007144: 71 9a        	andi	a2, a2, -4
80007146: 9b 3f 49 39  	<unknown>
8000714a: da 3e        	fld	ft9, 432(sp)
8000714c: d9 4c        	li	s9, 22
8000714e: dd 3f        	addiw	t6, t6, -9
80007150: 10 41        	lw	a2, 0(a0)
80007152: bd 3f        	addiw	t6, t6, -17
80007154: c8 a0        	fsd	fa0, 128(s1)
80007156: 70 3f        	fld	fa2, 248(a4)
80007158: c7 d8 a2 3f  	<unknown>
8000715c: 6e 98        	add	a6, a6, s11
8000715e: 4b 3f 1e 9a  	fnmsub.d	ft10, ft8, ft1, fs3, rup
80007162: 33 3f 27 4b  	<unknown>
80007166: 70 3f        	fld	fa2, 248(a4)
80007168: 02 d2        	sw	zero, 36(sp)
8000716a: 55 3f        	addiw	t5, t5, -11
8000716c: e9 8e        	and	a3, a3, a0
8000716e: 4b 3f 2f 31  	fnmsub.s	ft10, ft10, fs2, ft6, rup
80007172: 7e 3f        	fld	ft10, 504(sp)
80007174: e4 c0        	sw	s1, 68(s1)
80007176: 6b 3f 2d 0d  	<unknown>
8000717a: c0 3f        	fld	fs0, 184(a5)
8000717c: 95 af        	j	0x800078f0 <Gram_ref_real+0x13d0>
8000717e: 9e 3f        	fld	ft11, 480(sp)
80007180: 97 1c 15 3f  	auipc	s9, 258385
80007184: 4a f1        	sd	s2, 160(sp)
80007186: 3d 3f        	addiw	t5, t5, -17
80007188: 36 20        	fld	ft0, 328(sp)
8000718a: f6 3e        	fld	ft9, 376(sp)
8000718c: fe 8c        	mv	s9, t6
8000718e: 76 3f        	fld	ft10, 376(sp)
80007190: 50 1f        	addi	a2, sp, 948
80007192: 52 3f        	fld	ft10, 304(sp)
80007194: c2 e8        	sd	a6, 80(sp)
80007196: 1d 3f        	addiw	t5, t5, -25
80007198: 10 c9        	sw	a2, 16(a0)
8000719a: da 3e        	fld	ft9, 432(sp)
8000719c: b7 ab 9e 3f  	lui	s7, 260586
800071a0: 0f 3b 2c 3f  	<unknown>
800071a4: 32 85        	mv	a0, a2
800071a6: 57 3f fc 54  	<unknown>
800071aa: 18 3f        	fld	fa4, 56(a4)
800071ac: c9 bb        	j	0x80006f7e <Gram_ref_real+0xa5e>
800071ae: 00 3f        	fld	fs0, 56(a4)
800071b0: 25 59        	li	s2, -23
800071b2: 65 3f        	addiw	t5, t5, -7
800071b4: 13 e3 91 3f  	ori	t1, gp, 1017
800071b8: 40 38        	fld	fs0, 176(s0)
800071ba: a0 3e        	fld	fs0, 120(a3)
800071bc: e7 0c b6 3f  	jalr	s9, 1019(a2)
800071c0: bc 62        	ld	a5, 64(a3)
800071c2: 62 3f        	fld	ft10, 56(sp)
800071c4: 18 ce        	sw	a4, 24(a2)
800071c6: 3d 3f        	addiw	t5, t5, -17
800071c8: 26 2b        	fld	fs6, 72(sp)
800071ca: b0 3f        	fld	fa2, 120(a5)
800071cc: 6b 60 9a 3f  	<unknown>
800071d0: d9 e5        	bnez	a1, 0x8000725e <Gram_ref_real+0xd3e>
800071d2: 81 3f        	addiw	t6, t6, -32
800071d4: cf 22 8f 3f  	<unknown>
800071d8: 22 7b        	ld	s6, 40(sp)
800071da: 2b 3f b2 8f  	<unknown>
800071de: 6d 3f        	addiw	t5, t5, -5
800071e0: 6e c5        	sw	s11, 136(sp)
800071e2: 52 3f        	fld	ft10, 304(sp)
800071e4: fa 1a        	slli	s5, s5, 62
800071e6: 80 3f        	fld	fs0, 56(a5)
800071e8: 36 07        	slli	a4, a4, 13
800071ea: 55 3f        	addiw	t5, t5, -11
800071ec: 34 0b        	addi	a3, sp, 408
800071ee: c3 3f 0a e4  	<unknown>
800071f2: 11 3f        	addiw	t5, t5, -28
800071f4: 8b 7b b7 3f  	<unknown>
800071f8: 17 de 46 3f  	auipc	t3, 259181
800071fc: a7 cb 8a 3f  	<unknown>
80007200: 8b 53 eb 3f  	<unknown>
80007204: 1e e2        	sd	t2, 256(sp)
80007206: e9 3f        	addiw	t6, t6, -6
80007208: 4c c7        	sw	a1, 12(a4)
8000720a: c7 3f 94 f2  	fmsub.d	ft11, fs0, fs1, ft10, rup
8000720e: 96 3f        	fld	ft11, 352(sp)
80007210: 70 59        	lw	a2, 116(a0)
80007212: 91 3f        	addiw	t6, t6, -28
80007214: 79 c5        	beqz	a0, 0x800072e2 <Gram_ref_real+0xdc2>
80007216: 77 3f 6e 17  	<unknown>
8000721a: 87 3f 43 68  	fld	ft11, 1668(t1)
8000721e: 84 3f        	fld	fs1, 56(a5)
80007220: 07 da a1 3f  	<unknown>
80007224: f7 04 36 3f  	<unknown>
80007228: e6 25        	fld	fa1, 88(sp)
8000722a: 8c 3f        	fld	fa1, 56(a5)
8000722c: 06 b4        	fsd	ft1, 40(sp)
8000722e: ac 3e        	fld	fa1, 120(a3)
80007230: 41 98        	andi	s0, s0, -16
80007232: 83 3f ed df  	ld	t6, -514(s10)
80007236: cf 3f 2e 6c  	<unknown>
8000723a: 7b 3f 21 1a  	<unknown>
8000723e: a7 3f f6 bc  	fsd	fa5, -1057(a2)
80007242: 44 3f        	fld	fs1, 184(a4)
80007244: 61 e2        	bnez	a2, 0x80007304 <Gram_ref_real+0xde4>
80007246: 43 3f 43 4b  	fmadd.d	ft10, ft6, fs4, fs1, rup
8000724a: 8d 3f        	addiw	t6, t6, -29
8000724c: a9 a5        	j	0x80007896 <Gram_ref_real+0x1376>
8000724e: 68 3f        	fld	fa0, 248(a4)
80007250: 3e 20        	fld	ft0, 456(sp)
80007252: 1f 3f cc 43  	<unknown>
80007256: 61 3f        	addiw	t5, t5, -8
80007258: fe 35        	fld	fa1, 504(sp)
8000725a: ba 3f        	fld	ft11, 424(sp)
8000725c: 9d 73        	lui	t2, 1048551
8000725e: 8c 3f        	fld	fa1, 56(a5)
80007260: e2 e2        	sd	s8, 320(sp)
80007262: 33 3f 2c 91  	<unknown>
80007266: 1d 3f        	addiw	t5, t5, -25
80007268: 57 5e 8e 3f  	vfslide1down.vf	v28, v24, ft8
8000726c: 3a 00        	c.slli	zero, 14
8000726e: 93 3f 88 54  	sltiu	t6, a6, 1352
80007272: 80 3f        	fld	fs0, 56(a5)
80007274: 68 24        	fld	fa0, 200(s0)
80007276: e8 3e        	fld	fa0, 248(a3)
80007278: 01 b7        	j	0x80007178 <Gram_ref_real+0xc58>
8000727a: 3a 3f        	fld	ft10, 424(sp)
8000727c: 44 11        	addi	s1, sp, 164
8000727e: e7 3e 25 27  	<unknown>
80007282: 35 3f        	addiw	t5, t5, -19
80007284: 24 62        	ld	s1, 64(a2)
80007286: 0a 3f        	fld	ft10, 160(sp)
80007288: b6 38        	fld	fa7, 360(sp)
8000728a: c3 3e 9d 6d  	<unknown>
8000728e: b4 3f        	fld	fa3, 120(a5)
80007290: 16 ff        	sd	t0, 440(sp)
80007292: 35 3f        	addiw	t5, t5, -19
80007294: 4b 9d 18 3f  	<unknown>
80007298: 8e 6f        	ld	t6, 192(sp)
8000729a: 49 3f        	addiw	t5, t5, -14
8000729c: 44 a6        	fsd	fs1, 136(a2)
8000729e: 40 3f        	fld	fs0, 184(a4)
800072a0: 87 c4 c1 3f  	<unknown>
800072a4: f8 44        	lw	a4, 76(s1)
800072a6: 19 3f        	addiw	t5, t5, -26
800072a8: 64 36        	fld	fs1, 232(a2)
800072aa: a5 3f        	addiw	t6, t6, -23
800072ac: 88 1a        	addi	a0, sp, 368
800072ae: 9c 3f        	fld	fa5, 56(a5)
800072b0: e7 6d 55 3f  	<unknown>
800072b4: ee 4c        	lw	s9, 216(sp)
800072b6: 61 3f        	addiw	t5, t5, -8
800072b8: 31 26        	addiw	a2, a2, 12
800072ba: 5e 3f        	fld	ft10, 496(sp)
800072bc: 26 53        	lw	t1, 104(sp)
800072be: f8 3e        	fld	fa4, 248(a3)
800072c0: b7 15 df 3f  	lui	a1, 261617
800072c4: 43 a2 49 3f  	<unknown>
800072c8: 2e 3f        	fld	ft10, 232(sp)
800072ca: 7b 3f 9e bb  	<unknown>
800072ce: 89 3f        	addiw	t6, t6, -30
800072d0: 80 4b        	lw	s0, 16(a5)
800072d2: 36 3f        	fld	ft10, 360(sp)
800072d4: d5 12        	addi	t0, t0, -11
800072d6: 03 3f 68 e0  	ld	t5, -506(a6)
800072da: e6 3e        	fld	ft9, 120(sp)
800072dc: 4d f2        	bnez	a2, 0x8000727e <Gram_ref_real+0xd5e>
800072de: 8f 3f 17 be  	<unknown>
800072e2: 8d 3f        	addiw	t6, t6, -29
800072e4: 25 c7        	beqz	a4, 0x8000734c <Gram_ref_real+0xe2c>
800072e6: 3b 3f b3 51  	<unknown>
800072ea: 2e 3f        	fld	ft10, 232(sp)
800072ec: 49 76        	lui	a2, 1048562
800072ee: d8 3f        	fld	fa4, 184(a5)
800072f0: 0c 7b        	ld	a1, 48(a4)
800072f2: ab 3f c9 3f  	<unknown>
800072f6: 29 3f        	addiw	t5, t5, -22
800072f8: 91 75        	lui	a1, 1048548
800072fa: 6f 3f ec a7  	jal	t5, 0x7ffca578 <vfctrans_sim.c+0x7ffca578>
800072fe: 65 3f        	addiw	t5, t5, -7
80007300: f0 fe        	sd	a2, 248(a3)
80007302: 84 3f        	fld	fs1, 56(a5)
80007304: 16 0c        	slli	s8, s8, 5
80007306: 2f 3f 9f 9a  	<unknown>
8000730a: d6 3f        	fld	ft11, 368(sp)
8000730c: b6 a1        	fsd	fa3, 192(sp)
8000730e: 6c 3f        	fld	fa1, 248(a4)
80007310: b9 bc        	j	0x80006d6e <Gram_ref_real+0x84e>
80007312: 97 3f 2b 91  	auipc	t6, 594611
80007316: 87 3f 62 65  	fld	ft11, 1622(tp)
8000731a: 92 3f        	fld	ft11, 288(sp)
8000731c: 04 4c        	lw	s1, 24(s0)
8000731e: c8 3f        	fld	fa0, 184(a5)
80007320: 5b 56 92 3f  	<unknown>
80007324: b2 d4        	sw	a2, 104(sp)
80007326: 75 3f        	addiw	t5, t5, -3
80007328: 84 fa        	sd	s1, 48(a3)
8000732a: 55 3f        	addiw	t5, t5, -11
8000732c: 8d 74        	lui	s1, 1048547
8000732e: 0e 3f        	fld	ft10, 224(sp)
80007330: 33 2c e1 3e  	<unknown>
80007334: 1c 7c        	ld	a5, 56(s0)
80007336: 29 3f        	addiw	t5, t5, -22
80007338: 85 f7        	bnez	a5, 0x80007260 <Gram_ref_real+0xd40>
8000733a: 56 3f        	fld	ft10, 368(sp)
8000733c: fd a3        	j	0x8000792a <Gram_ref_real+0x140a>
8000733e: be 3f        	fld	ft11, 488(sp)
80007340: c6 80        	mv	ra, a7
80007342: 08 3f        	fld	fa0, 56(a4)
80007344: 42 3d        	fld	fs10, 48(sp)
80007346: a4 3f        	fld	fs1, 120(a5)
80007348: eb 4f 73 3f  	<unknown>
8000734c: 0b 3a a7 3f  	<unknown>
80007350: f9 fd        	bnez	a1, 0x8000732e <Gram_ref_real+0xe0e>
80007352: eb 3f 0d 4f  	<unknown>
80007356: a6 3f        	fld	ft11, 104(sp)
80007358: 83 18 cf 3f  	lh	a7, 1020(t5)
8000735c: 1a 2b        	fld	fs6, 384(sp)
8000735e: 2a 3f        	fld	ft10, 168(sp)
80007360: c0 33        	fld	fs0, 160(a5)
80007362: 48 3f        	fld	fa0, 184(a4)
80007364: ff f4 40 3f  	<unknown>
80007368: 27 0d b2 3f  	<unknown>
8000736c: 82 69        	ld	s3, 0(sp)
8000736e: 4e 3f        	fld	ft10, 240(sp)
80007370: 07 2d b3 3f  	flw	fs10, 1019(t1)
80007374: 2f 3b 9a 3f  	<unknown>
80007378: 72 aa        	fsd	ft8, 272(sp)
8000737a: 8a 3f        	fld	ft11, 160(sp)
8000737c: 96 d8        	sw	t0, 112(sp)
8000737e: 7b 3f f3 e1  	<unknown>
80007382: 53 3f 81 20  	<unknown>
80007386: 94 3f        	fld	fa3, 56(a5)
80007388: 2d b9        	j	0x80006fc2 <Gram_ref_real+0xaa2>
8000738a: da 3e        	fld	ft9, 432(sp)
8000738c: 65 f7        	bnez	a4, 0x80007374 <Gram_ref_real+0xe54>
8000738e: 52 3f        	fld	ft10, 304(sp)
80007390: cb 0f 4d 3f  	<unknown>
80007394: b0 31        	fld	fa2, 96(a1)
80007396: d1 3e        	addiw	t4, t4, -12
80007398: 41 24        	addiw	s0, s0, 16
8000739a: 55 3f        	addiw	t5, t5, -11
8000739c: 37 8e 9e 3f  	lui	t3, 260584
800073a0: 5e ae        	fsd	fs7, 280(sp)
800073a2: 7a 3f        	fld	ft10, 440(sp)
800073a4: 3c 46        	lw	a5, 72(a2)
800073a6: 2f 3f e6 bf  	<unknown>
800073aa: 41 3f        	addiw	t5, t5, -16
800073ac: 7b ce 83 3f  	<unknown>
800073b0: 73 1a 56 3f  	csrrw	s4, 1013, a2
800073b4: 01 5f        	li	t5, -32
800073b6: 98 3f        	fld	fa4, 56(a5)
800073b8: 94 54        	lw	a3, 40(s1)
800073ba: 52 3f        	fld	ft10, 304(sp)
800073bc: 9e 45        	lw	a1, 196(sp)
800073be: 61 3f        	addiw	t5, t5, -8
800073c0: 64 ec        	sd	s1, 216(s0)
800073c2: 42 3f        	fld	ft10, 48(sp)
800073c4: 17 01 44 3f  	auipc	sp, 259136
800073c8: 1e c6        	sw	t2, 12(sp)
800073ca: e7 3f 8f 0c  	<unknown>
800073ce: 92 3f        	fld	ft11, 288(sp)
800073d0: 20 7e        	ld	s0, 120(a2)
800073d2: 41 3f        	addiw	t5, t5, -16
800073d4: d1 a3        	j	0x80007998 <Gram_ref_real+0x1478>
800073d6: a2 3f        	fld	ft11, 40(sp)
800073d8: 5c 9f        	<unknown>
800073da: 04 3f        	fld	fs1, 56(a4)
800073dc: e2 fb        	sd	s8, 496(sp)
800073de: 88 3f        	fld	fa0, 56(a5)
800073e0: 34 49        	lw	a3, 80(a0)
800073e2: 6a 3f        	fld	ft10, 184(sp)
800073e4: 1d 3f        	addiw	t5, t5, -25
800073e6: a7 3f ad e6  	fsd	fa0, -385(s10)
800073ea: 9d 3f        	addiw	t6, t6, -25
800073ec: ab 89 e6 3f  	<unknown>
800073f0: 89 47        	li	a5, 2
800073f2: da 3f        	fld	ft11, 432(sp)
800073f4: f2 aa        	fsd	ft8, 336(sp)
800073f6: 8a 3f        	fld	ft11, 160(sp)
800073f8: 93 36 30 3f  	sltiu	a3, zero, 1011
800073fc: 39 5c        	li	s8, -18
800073fe: 8c 3f        	fld	fa1, 56(a5)
80007400: e8 da        	sw	a0, 116(a3)
80007402: b2 3f        	fld	ft11, 296(sp)
80007404: 67 9c f0 3f  	<unknown>
80007408: 70 d7        	sw	a2, 108(a4)
8000740a: 7d 3f        	addiw	t5, t5, -1
8000740c: f4 83        	<unknown>
8000740e: 60 3f        	fld	fs0, 248(a4)
80007410: 00 db        	sw	s0, 48(a4)
80007412: da 3f        	fld	ft11, 432(sp)
80007414: 9c 7e        	ld	a5, 56(a3)
80007416: 74 3f        	fld	fa3, 248(a4)
80007418: 73 db 74 3f  	csrrwi	s6, 1015, 9
8000741c: d7 3a 1f 3f  	vslidedown.vi	v21, v17, 30
80007420: e0 cc        	sw	s0, 92(s1)
80007422: 8c 3f        	fld	fa1, 56(a5)
80007424: f6 23        	fld	ft7, 344(sp)
80007426: 94 3f        	fld	fa3, 56(a5)
80007428: 23 e3 77 3f  	<unknown>
8000742c: 4e 79        	ld	s2, 240(sp)
8000742e: 6e 3e        	fld	ft8, 248(sp)
80007430: fe 1f        	slli	t6, t6, 63
80007432: 8c 3f        	fld	fa1, 56(a5)
80007434: 2b 71 7e 3f  	<unknown>
80007438: a0 38        	fld	fs0, 112(s1)
8000743a: a6 3f        	fld	ft11, 104(sp)
8000743c: 14 4d        	lw	a3, 24(a0)
8000743e: 82 3f        	fld	ft11, 32(sp)
80007440: 4a 4a        	lw	s4, 144(sp)
80007442: 10 3f        	fld	fa2, 56(a4)
80007444: 24 f3        	sd	s1, 96(a4)
80007446: 39 3f        	addiw	t5, t5, -18
80007448: 5f 7c 8f 3f  	<unknown>
8000744c: 83 4b 89 3f  	lbu	s7, 1016(s2)
80007450: 9f fa 86 3f  	<unknown>
80007454: d8 e0        	sd	a4, 128(s1)
80007456: 3b 3f 06 74  	<unknown>
8000745a: 86 3f        	fld	ft11, 96(sp)
8000745c: 52 dd        	sw	s4, 184(sp)
8000745e: 07 3f 11 24  	fld	ft10, 577(sp)
80007462: d5 3e        	addiw	t4, t4, -11
80007464: da a9        	fsd	fs6, 208(sp)
80007466: f2 3e        	fld	ft9, 312(sp)
80007468: a1 1a        	addi	s5, s5, -24
8000746a: 9b 3f 21 91  	<unknown>
8000746e: 78 3f        	fld	fa4, 248(a4)
80007470: 65 2e        	addiw	t3, t3, 25
80007472: 35 3f        	addiw	t5, t5, -19
80007474: 81 9d        	subw	a1, a1, s0
80007476: 58 3f        	fld	fa4, 184(a4)
80007478: b2 f7        	sd	a2, 488(sp)
8000747a: 93 3f 41 85  	sltiu	t6, sp, -1964
8000747e: b7 3e a0 39  	lui	t4, 236035
80007482: 44 3f        	fld	fs1, 184(a4)
80007484: a0 05        	addi	s0, sp, 712
80007486: 43 3f 36 6a  	fmadd.d	ft10, fa2, ft3, fa3, rup
8000748a: 58 3f        	fld	fa4, 184(a4)
8000748c: 79 77        	lui	a4, 1048574
8000748e: 27 3f 44 95  	fsd	fs4, -1698(s0)
80007492: 85 3f        	addiw	t6, t6, -31
80007494: 8f 62 86 3f  	<unknown>
80007498: e4 ca        	sw	s1, 84(a3)
8000749a: 81 3f        	addiw	t6, t6, -32
8000749c: 42 1c        	slli	s8, s8, 48
8000749e: 6a 3f        	fld	ft10, 184(sp)
800074a0: ca 12        	slli	t0, t0, 50
800074a2: 85 3f        	addiw	t6, t6, -31
800074a4: a5 61        	lui	gp, 9
800074a6: 42 3f        	fld	ft10, 48(sp)
800074a8: e3 a7 85 3f  	<unknown>
800074ac: 61 11        	addi	sp, sp, -8
800074ae: 98 3f        	fld	fa4, 56(a5)
800074b0: bf ce 74 3f  	<unknown>
800074b4: 29 3f        	addiw	t5, t5, -22
800074b6: b6 3f        	fld	ft11, 360(sp)
800074b8: 79 8c        	and	s0, s0, a4
800074ba: 2a 3f        	fld	ft10, 168(sp)
800074bc: aa f7        	sd	a0, 488(sp)
800074be: a9 3e        	addiw	t4, t4, -22
800074c0: 09 a2        	j	0x800075c2 <Gram_ref_real+0x10a2>
800074c2: 98 3f        	fld	fa4, 56(a5)
800074c4: c9 4a        	li	s5, 18
800074c6: 1f 3f 31 8a  	<unknown>
800074ca: 62 3f        	fld	ft10, 56(sp)
800074cc: 69 c0        	beqz	s0, 0x8000758e <Gram_ref_real+0x106e>
800074ce: 80 3f        	fld	fs0, 56(a5)
800074d0: f8 2b        	fld	fa4, 208(a5)
800074d2: f2 3e        	fld	ft9, 312(sp)
800074d4: cb c2 a3 3f  	<unknown>
800074d8: 58 b3        	fsd	fa4, 160(a4)
800074da: 53 3f 7d 80  	<unknown>
800074de: ad 3f        	addiw	t6, t6, -21
800074e0: 9b 04 75 3f  	addiw	s1, a0, 1015
800074e4: 57 ac 82 3f  	<unknown>
800074e8: d4 f1        	sd	a3, 160(a1)
800074ea: 7b 3f f9 61  	<unknown>
800074ee: 93 3f f6 c7  	sltiu	t6, a2, -897
800074f2: 88 3f        	fld	fa0, 56(a5)
800074f4: 0c 1e        	addi	a1, sp, 816
800074f6: a4 3f        	fld	fs1, 120(a5)
800074f8: 0e 87        	mv	a4, gp
800074fa: 33 3f cc 91  	<unknown>
800074fe: 3e 3f        	fld	ft10, 488(sp)
80007500: e0 fb        	sd	s0, 240(a5)
80007502: 13 3f 0b 41  	sltiu	t5, s6, 1040
80007506: 6d 3f        	addiw	t5, t5, -5
80007508: da ac        	fsd	fs6, 88(sp)
8000750a: de 3f        	fld	ft11, 496(sp)
8000750c: de b5        	fsd	fs7, 232(sp)
8000750e: 5d 3f        	addiw	t5, t5, -9
80007510: af 94 9f 3f  	<unknown>
80007514: 42 b5        	fsd	fa6, 168(sp)
80007516: 52 3f        	fld	ft10, 304(sp)
80007518: a6 27        	fld	fa5, 72(sp)
8000751a: d1 3f        	addiw	t6, t6, -12
8000751c: 60 83        	<unknown>
8000751e: 84 3f        	fld	fs1, 56(a5)
80007520: dc b3        	fsd	fa5, 160(a5)
80007522: 3a 3f        	fld	ft10, 424(sp)
80007524: 81 15        	addi	a1, a1, -32
80007526: 92 3f        	fld	ft11, 288(sp)
80007528: dc 66        	ld	a5, 136(a3)
8000752a: fb 3e 79 43  	<unknown>
8000752e: 24 3f        	fld	fs1, 120(a4)
80007530: b1 22        	addiw	t0, t0, 12
80007532: 98 3f        	fld	fa4, 56(a5)
80007534: 7a 4c        	lw	s8, 156(sp)
80007536: fa 3e        	fld	ft9, 440(sp)
80007538: c1 94        	srai	s1, s1, 48
8000753a: 59 3f        	addiw	t5, t5, -10
8000753c: e0 d8        	sw	s0, 116(s1)
8000753e: bc 3f        	fld	fa5, 120(a5)
80007540: 0a b1        	fsd	ft2, 160(sp)
80007542: 8d 3f        	addiw	t6, t6, -29
80007544: 7e 80        	c.mv	zero, t6
80007546: 3c 3f        	fld	fa5, 120(a4)
80007548: b3 77 dc 3e  	<unknown>
8000754c: 22 fa        	sd	s0, 304(sp)
8000754e: ad 3f        	addiw	t6, t6, -21
80007550: 4d 03        	addi	t1, t1, 19
80007552: a4 3f        	fld	fs1, 120(a5)
80007554: 34 ac        	fsd	fa3, 88(s0)
80007556: a7 3f 1b da  	fsd	ft1, -577(s6)
8000755a: 93 3f b8 e2  	sltiu	t6, a6, -469
8000755e: 31 3f        	addiw	t5, t5, -20
80007560: 53 28 41 3f  	<unknown>
80007564: 7c a9        	fsd	fa5, 208(a0)
80007566: 75 3f        	addiw	t5, t5, -3
80007568: e3 c8 17 3f  	blt	a5, a7, 0x80008158 <Gram_ref_real+0x1c38>
8000756c: ca 4d        	lw	s11, 144(sp)
8000756e: 40 3f        	fld	fs0, 184(a4)
80007570: 13 2f 5a 3f  	slti	t5, s4, 1013
80007574: 86 cb        	sw	ra, 212(sp)
80007576: 3a 3f        	fld	ft10, 424(sp)
80007578: ab 14 4f 3f  	<unknown>
8000757c: 53 33 9d 3f  	<unknown>
80007580: 5f 43 20 3f  	<unknown>
80007584: 99 4f        	li	t6, 6
80007586: 79 3f        	addiw	t5, t5, -2
80007588: b8 a9        	fsd	fa4, 80(a1)
8000758a: 53 3f 76 d1  	<unknown>
8000758e: 84 3f        	fld	fs1, 56(a5)
80007590: b7 c0 92 3f  	lui	ra, 260396
80007594: eb d4 3c 3f  	<unknown>
80007598: 25 f0        	bnez	s0, 0x800074f8 <Gram_ref_real+0xfd8>
8000759a: 21 3f        	addiw	t5, t5, -24
8000759c: 42 2c        	fld	fs8, 16(sp)
8000759e: 90 3f        	fld	fa2, 56(a5)
800075a0: 31 6e        	lui	t3, 12
800075a2: 4e 3f        	fld	ft10, 240(sp)
800075a4: be d2        	sw	a5, 100(sp)
800075a6: 9a 3f        	fld	ft11, 416(sp)
800075a8: fb 9a 43 3f  	<unknown>
800075ac: 27 7c a5 3e  	<unknown>
800075b0: e2 3d        	fld	fs11, 56(sp)
800075b2: be 3f        	fld	ft11, 488(sp)
800075b4: 85 bf        	j	0x80007524 <Gram_ref_real+0x1004>
800075b6: a5 3f        	addiw	t6, t6, -23
800075b8: 4d d5        	beqz	a0, 0x80007562 <Gram_ref_real+0x1042>
800075ba: 2f 3f ab 60  	amoand.d	t5, a0, (s6)
800075be: ab 3f 72 38  	<unknown>
800075c2: 6d 3f        	addiw	t5, t5, -5
800075c4: cb 34 a7 3f  	<unknown>
800075c8: f1 56        	li	a3, -4
800075ca: 81 3f        	addiw	t6, t6, -32
800075cc: fd d1        	beqz	a1, 0x800075b2 <Gram_ref_real+0x1092>
800075ce: 50 3f        	fld	fa2, 184(a4)
800075d0: 2c 35        	fld	fa1, 104(a0)
800075d2: a4 3f        	fld	fs1, 120(a5)
800075d4: b3 91 8e 3f  	<unknown>
800075d8: 27 bc 42 3f  	fsd	fs4, 1016(t0)
800075dc: 0e 0c        	slli	s8, s8, 3
800075de: 9d 3f        	addiw	t6, t6, -25
800075e0: 4f e4 2a 3f  	<unknown>
800075e4: a1 ce        	beqz	a3, 0x8000763c <Gram_ref_real+0x111c>
800075e6: 50 3f        	fld	fa2, 184(a4)
800075e8: e5 98        	andi	s1, s1, -7
800075ea: f4 3e        	fld	fa3, 248(a3)
800075ec: 67 5f 5b 3f  	<unknown>
800075f0: 36 bf        	fsd	fa3, 440(sp)
800075f2: 20 3f        	fld	fs0, 120(a4)
800075f4: 10 fc        	sd	a2, 56(s0)
800075f6: c4 3f        	fld	fs1, 184(a5)
800075f8: b6 49        	lw	s3, 76(sp)
800075fa: 39 3f        	addiw	t5, t5, -18
800075fc: ac 4b        	lw	a1, 80(a5)
800075fe: 87 3f bd 42  	fld	ft11, 1067(s10)
80007602: ce 3f        	fld	ft11, 240(sp)
80007604: 08 2d        	fld	fa0, 24(a0)
80007606: 88 3f        	fld	fa0, 56(a5)
80007608: c5 78        	lui	a7, 1048561
8000760a: c9 3f        	addiw	t6, t6, -14
8000760c: 01 3d        	addiw	s10, s10, -32
8000760e: 78 3f        	fld	fa4, 248(a4)
80007610: b9 6f        	lui	t6, 14
80007612: 54 3f        	fld	fa3, 184(a4)
80007614: 1a 6c        	ld	s8, 384(sp)
80007616: d4 3f        	fld	fa3, 184(a5)
80007618: 3f ad 3f 3f  	<unknown>
8000761c: 45 f3        	bnez	a4, 0x800075bc <Gram_ref_real+0x109c>
8000761e: ae 3f        	fld	ft11, 232(sp)
80007620: 62 5f        	lw	t5, 56(sp)
80007622: 8e 3f        	fld	ft11, 224(sp)
80007624: 09 e9        	bnez	a0, 0x80007636 <Gram_ref_real+0x1116>
80007626: 16 3f        	fld	ft10, 352(sp)
80007628: 37 ff b9 3f  	lui	t5, 261023
8000762c: 67 f6 5c 3f  	<unknown>
80007630: ef 1f 1d 3f  	jal	t6, 0x800d9220 <timer+0xce7c0>
80007634: 4f ef bf 3f  	<unknown>
80007638: 44 6f        	ld	s1, 152(a4)
8000763a: 26 3f        	fld	ft10, 104(sp)
8000763c: ca 27        	fld	fa5, 144(sp)
8000763e: c1 3f        	addiw	t6, t6, -16
80007640: d0 a0        	fsd	fa2, 128(s1)
80007642: 90 3f        	fld	fa2, 56(a5)
80007644: e3 ef 42 3f  	bltu	t0, s4, 0x80008242 <Gram_ref_real+0x1d22>
80007648: 95 27        	addiw	a5, a5, 5
8000764a: 9d 3f        	addiw	t6, t6, -25
8000764c: de 14        	slli	s1, s1, 55
8000764e: 46 3f        	fld	ft10, 112(sp)
80007650: 65 e4        	bnez	s0, 0x80007738 <Gram_ref_real+0x1218>
80007652: 09 3f        	addiw	t5, t5, -30
80007654: 64 89        	<unknown>
80007656: 39 3f        	addiw	t5, t5, -18
80007658: eb fd ba 3f  	<unknown>
8000765c: 51 8e        	or	a2, a2, a2
8000765e: 8c 3f        	fld	fa1, 56(a5)
80007660: 96 ef        	sd	t0, 472(sp)
80007662: 99 3f        	addiw	t6, t6, -26
80007664: 3d 1e        	addi	t3, t3, -17
80007666: c8 3f        	fld	fa0, 184(a5)
80007668: 77 15 70 3f  	<unknown>
8000766c: 84 0c        	addi	s1, sp, 592
8000766e: c8 3f        	fld	fa0, 184(a5)
80007670: 71 85        	srai	a0, a0, 28
80007672: 6d 3f        	addiw	t5, t5, -5
80007674: 13 03 fe 3e  	addi	t1, t3, 1007
80007678: c8 7c        	ld	a0, 184(s1)
8000767a: f5 3e        	addiw	t4, t4, -3
8000767c: 3d 40        	c.li	zero, 15
8000767e: a7 3f 6b 71  	fsd	fs6, 1823(s6)
80007682: c7 3f b7 31  	fmsub.s	ft11, fa4, fs11, ft6, rup
80007686: 01 3f        	addiw	t5, t5, -32
80007688: 10 9f        	<unknown>
8000768a: 59 3f        	addiw	t5, t5, -10
8000768c: cf f6 ab 3f  	<unknown>
80007690: 25 56        	li	a2, -23
80007692: 4f 3f 47 17  	<unknown>
80007696: 8d 3f        	addiw	t6, t6, -29
80007698: ec d2        	sw	a1, 100(a3)
8000769a: 54 3f        	fld	fa3, 184(a4)
8000769c: f1 16        	addi	a3, a3, -4
8000769e: 43 3f df 38  	fmadd.s	ft10, ft10, fa3, ft7, rup
800076a2: eb 3f 25 27  	<unknown>
800076a6: a4 3f        	fld	fs1, 120(a5)
800076a8: b0 d2        	sw	a2, 96(a3)
800076aa: 7a 3f        	fld	ft10, 440(sp)
800076ac: b9 af        	j	0x80007e0a <Gram_ref_real+0x18ea>
800076ae: e3 3f 4e d0  	<unknown>
800076b2: 6c 3f        	fld	fa1, 248(a4)
800076b4: b4 67        	ld	a3, 72(a5)
800076b6: 6f 3f dc 38  	jal	t5, 0x800cb242 <timer+0xc07e2>
800076ba: 8d 3f        	addiw	t6, t6, -29
800076bc: dc 2b        	fld	fa5, 144(a5)
800076be: 18 3f        	fld	fa4, 56(a4)
800076c0: c9 a9        	j	0x80007b92 <Gram_ref_real+0x1672>
800076c2: ac 3f        	fld	fa1, 120(a5)
800076c4: 1a 8e        	mv	t3, t1
800076c6: b7 3f de d0  	lui	t6, 855523
800076ca: 97 3f 8c fa  	auipc	t6, 1026243
800076ce: a2 3f        	fld	ft11, 40(sp)
800076d0: 42 5d        	lw	s10, 48(sp)
800076d2: 53 3f 17 58  	<unknown>
800076d6: 4f 3f df 72  	fnmadd.d	ft10, ft10, fa3, fa4, rup
800076da: 5f 3f ae 21  	<unknown>
800076de: 9c 3f        	fld	fa5, 56(a5)
800076e0: 5d 03        	addi	t1, t1, 23
800076e2: bb 3f 26 6f  	<unknown>
800076e6: 95 3f        	addiw	t6, t6, -27
800076e8: af 07 1d 3f  	<unknown>
800076ec: e4 4c        	lw	s1, 92(s1)
800076ee: a8 3f        	fld	fa0, 120(a5)
800076f0: 3b f9 28 3f  	<unknown>
800076f4: 2d d7        	beqz	a4, 0x8000765e <Gram_ref_real+0x113e>
800076f6: 68 3f        	fld	fa0, 248(a4)
800076f8: 9e b0        	fsd	ft7, 96(sp)
800076fa: 8f 3f 01 a0  	<unknown>
800076fe: 50 3f        	fld	fa2, 184(a4)
80007700: 00 ae        	fsd	fs0, 24(a2)
80007702: 6c 3f        	fld	fa1, 248(a4)
80007704: 60 eb        	sd	s0, 208(a4)
80007706: 75 3f        	addiw	t5, t5, -3
80007708: ef fb b6 3f  	jal	s7, 0x80077302 <timer+0x6c8a2>
8000770c: d7 d7 49 3f  	vfslide1down.vf	v15, v20, fs3
80007710: 15 dc        	beqz	s0, 0x8000764c <Gram_ref_real+0x112c>
80007712: 85 3f        	addiw	t6, t6, -31
80007714: e7 13 54 3f  	<unknown>
80007718: d2 18        	slli	a7, a7, 52
8000771a: 91 3f        	addiw	t6, t6, -28
8000771c: 1a 19        	slli	s2, s2, 38
8000771e: ac 3f        	fld	fa1, 120(a5)
80007720: 2d 1b        	addi	s6, s6, -21
80007722: 7d 3f        	addiw	t5, t5, -1
80007724: da 3f        	fld	ft11, 432(sp)
80007726: 72 3f        	fld	ft10, 312(sp)
80007728: 49 71        	addi	sp, sp, -368
8000772a: 48 3f        	fld	fa0, 184(a4)
8000772c: 2a 4c        	lw	s8, 136(sp)
8000772e: 52 3f        	fld	ft10, 304(sp)
80007730: 12 90        	c.add	zero, tp
80007732: 6e 3f        	fld	ft10, 248(sp)
80007734: 32 c9        	sw	a2, 144(sp)
80007736: 69 3f        	addiw	t5, t5, -6
80007738: dc a1        	fsd	fa5, 128(a1)
8000773a: f1 3e        	addiw	t4, t4, -4
8000773c: cc 4f        	lw	a1, 28(a5)
8000773e: 93 3f 2e 31  	sltiu	t6, t3, 786
80007742: 2c 3f        	fld	fa1, 120(a4)
80007744: 71 9a        	andi	a2, a2, -4
80007746: 9b 3f 49 39  	<unknown>
8000774a: da 3e        	fld	ft9, 432(sp)
8000774c: d9 4c        	li	s9, 22
8000774e: dd 3f        	addiw	t6, t6, -9
80007750: 10 41        	lw	a2, 0(a0)
80007752: bd 3f        	addiw	t6, t6, -17
80007754: c8 a0        	fsd	fa0, 128(s1)
80007756: 70 3f        	fld	fa2, 248(a4)
80007758: c7 d8 a2 3f  	<unknown>
8000775c: 6e 98        	add	a6, a6, s11
8000775e: 4b 3f 1e 9a  	fnmsub.d	ft10, ft8, ft1, fs3, rup
80007762: 33 3f 27 4b  	<unknown>
80007766: 70 3f        	fld	fa2, 248(a4)
80007768: 02 d2        	sw	zero, 36(sp)
8000776a: 55 3f        	addiw	t5, t5, -11
8000776c: e9 8e        	and	a3, a3, a0
8000776e: 4b 3f 2f 31  	fnmsub.s	ft10, ft10, fs2, ft6, rup
80007772: 7e 3f        	fld	ft10, 504(sp)
80007774: e4 c0        	sw	s1, 68(s1)
80007776: 6b 3f 2d 0d  	<unknown>
8000777a: c0 3f        	fld	fs0, 184(a5)
8000777c: 95 af        	j	0x80007ef0 <Gram_ref_real+0x19d0>
8000777e: 9e 3f        	fld	ft11, 480(sp)
80007780: 97 1c 15 3f  	auipc	s9, 258385
80007784: 4a f1        	sd	s2, 160(sp)
80007786: 3d 3f        	addiw	t5, t5, -17
80007788: 36 20        	fld	ft0, 328(sp)
8000778a: f6 3e        	fld	ft9, 376(sp)
8000778c: fe 8c        	mv	s9, t6
8000778e: 76 3f        	fld	ft10, 376(sp)
80007790: 50 1f        	addi	a2, sp, 948
80007792: 52 3f        	fld	ft10, 304(sp)
80007794: c2 e8        	sd	a6, 80(sp)
80007796: 1d 3f        	addiw	t5, t5, -25
80007798: 10 c9        	sw	a2, 16(a0)
8000779a: da 3e        	fld	ft9, 432(sp)
8000779c: b7 ab 9e 3f  	lui	s7, 260586
800077a0: 0f 3b 2c 3f  	<unknown>
800077a4: 32 85        	mv	a0, a2
800077a6: 57 3f fc 54  	<unknown>
800077aa: 18 3f        	fld	fa4, 56(a4)
800077ac: c9 bb        	j	0x8000757e <Gram_ref_real+0x105e>
800077ae: 00 3f        	fld	fs0, 56(a4)
800077b0: 25 59        	li	s2, -23
800077b2: 65 3f        	addiw	t5, t5, -7
800077b4: 13 e3 91 3f  	ori	t1, gp, 1017
800077b8: 40 38        	fld	fs0, 176(s0)
800077ba: a0 3e        	fld	fs0, 120(a3)
800077bc: e7 0c b6 3f  	jalr	s9, 1019(a2)
800077c0: bc 62        	ld	a5, 64(a3)
800077c2: 62 3f        	fld	ft10, 56(sp)
800077c4: 18 ce        	sw	a4, 24(a2)
800077c6: 3d 3f        	addiw	t5, t5, -17
800077c8: 26 2b        	fld	fs6, 72(sp)
800077ca: b0 3f        	fld	fa2, 120(a5)
800077cc: 6b 60 9a 3f  	<unknown>
800077d0: d9 e5        	bnez	a1, 0x8000785e <Gram_ref_real+0x133e>
800077d2: 81 3f        	addiw	t6, t6, -32
800077d4: cf 22 8f 3f  	<unknown>
800077d8: 22 7b        	ld	s6, 40(sp)
800077da: 2b 3f b2 8f  	<unknown>
800077de: 6d 3f        	addiw	t5, t5, -5
800077e0: 6e c5        	sw	s11, 136(sp)
800077e2: 52 3f        	fld	ft10, 304(sp)
800077e4: fa 1a        	slli	s5, s5, 62
800077e6: 80 3f        	fld	fs0, 56(a5)
800077e8: 36 07        	slli	a4, a4, 13
800077ea: 55 3f        	addiw	t5, t5, -11
800077ec: 34 0b        	addi	a3, sp, 408
800077ee: c3 3f 0a e4  	<unknown>
800077f2: 11 3f        	addiw	t5, t5, -28
800077f4: 8b 7b b7 3f  	<unknown>
800077f8: 17 de 46 3f  	auipc	t3, 259181
800077fc: a7 cb 8a 3f  	<unknown>
80007800: 8b 53 eb 3f  	<unknown>
80007804: 1e e2        	sd	t2, 256(sp)
80007806: e9 3f        	addiw	t6, t6, -6
80007808: 4c c7        	sw	a1, 12(a4)
8000780a: c7 3f 94 f2  	fmsub.d	ft11, fs0, fs1, ft10, rup
8000780e: 96 3f        	fld	ft11, 352(sp)
80007810: 70 59        	lw	a2, 116(a0)
80007812: 91 3f        	addiw	t6, t6, -28
80007814: 79 c5        	beqz	a0, 0x800078e2 <Gram_ref_real+0x13c2>
80007816: 77 3f 6e 17  	<unknown>
8000781a: 87 3f 43 68  	fld	ft11, 1668(t1)
8000781e: 84 3f        	fld	fs1, 56(a5)
80007820: 07 da a1 3f  	<unknown>
80007824: f7 04 36 3f  	<unknown>
80007828: e6 25        	fld	fa1, 88(sp)
8000782a: 8c 3f        	fld	fa1, 56(a5)
8000782c: 06 b4        	fsd	ft1, 40(sp)
8000782e: ac 3e        	fld	fa1, 120(a3)
80007830: 41 98        	andi	s0, s0, -16
80007832: 83 3f ed df  	ld	t6, -514(s10)
80007836: cf 3f 2e 6c  	<unknown>
8000783a: 7b 3f 21 1a  	<unknown>
8000783e: a7 3f f6 bc  	fsd	fa5, -1057(a2)
80007842: 44 3f        	fld	fs1, 184(a4)
80007844: 61 e2        	bnez	a2, 0x80007904 <Gram_ref_real+0x13e4>
80007846: 43 3f 43 4b  	fmadd.d	ft10, ft6, fs4, fs1, rup
8000784a: 8d 3f        	addiw	t6, t6, -29
8000784c: a9 a5        	j	0x80007e96 <Gram_ref_real+0x1976>
8000784e: 68 3f        	fld	fa0, 248(a4)
80007850: 3e 20        	fld	ft0, 456(sp)
80007852: 1f 3f cc 43  	<unknown>
80007856: 61 3f        	addiw	t5, t5, -8
80007858: fe 35        	fld	fa1, 504(sp)
8000785a: ba 3f        	fld	ft11, 424(sp)
8000785c: 9d 73        	lui	t2, 1048551
8000785e: 8c 3f        	fld	fa1, 56(a5)
80007860: e2 e2        	sd	s8, 320(sp)
80007862: 33 3f 2c 91  	<unknown>
80007866: 1d 3f        	addiw	t5, t5, -25
80007868: 57 5e 8e 3f  	vfslide1down.vf	v28, v24, ft8
8000786c: 3a 00        	c.slli	zero, 14
8000786e: 93 3f 88 54  	sltiu	t6, a6, 1352
80007872: 80 3f        	fld	fs0, 56(a5)
80007874: 68 24        	fld	fa0, 200(s0)
80007876: e8 3e        	fld	fa0, 248(a3)
80007878: 01 b7        	j	0x80007778 <Gram_ref_real+0x1258>
8000787a: 3a 3f        	fld	ft10, 424(sp)
8000787c: 44 11        	addi	s1, sp, 164
8000787e: e7 3e 25 27  	<unknown>
80007882: 35 3f        	addiw	t5, t5, -19
80007884: 24 62        	ld	s1, 64(a2)
80007886: 0a 3f        	fld	ft10, 160(sp)
80007888: b6 38        	fld	fa7, 360(sp)
8000788a: c3 3e 9d 6d  	<unknown>
8000788e: b4 3f        	fld	fa3, 120(a5)
80007890: 16 ff        	sd	t0, 440(sp)
80007892: 35 3f        	addiw	t5, t5, -19
80007894: 4b 9d 18 3f  	<unknown>
80007898: 8e 6f        	ld	t6, 192(sp)
8000789a: 49 3f        	addiw	t5, t5, -14
8000789c: 44 a6        	fsd	fs1, 136(a2)
8000789e: 40 3f        	fld	fs0, 184(a4)
800078a0: 87 c4 c1 3f  	<unknown>
800078a4: f8 44        	lw	a4, 76(s1)
800078a6: 19 3f        	addiw	t5, t5, -26
800078a8: 64 36        	fld	fs1, 232(a2)
800078aa: a5 3f        	addiw	t6, t6, -23
800078ac: 88 1a        	addi	a0, sp, 368
800078ae: 9c 3f        	fld	fa5, 56(a5)
800078b0: e7 6d 55 3f  	<unknown>
800078b4: ee 4c        	lw	s9, 216(sp)
800078b6: 61 3f        	addiw	t5, t5, -8
800078b8: 31 26        	addiw	a2, a2, 12
800078ba: 5e 3f        	fld	ft10, 496(sp)
800078bc: 26 53        	lw	t1, 104(sp)
800078be: f8 3e        	fld	fa4, 248(a3)
800078c0: b7 15 df 3f  	lui	a1, 261617
800078c4: 43 a2 49 3f  	<unknown>
800078c8: 2e 3f        	fld	ft10, 232(sp)
800078ca: 7b 3f 9e bb  	<unknown>
800078ce: 89 3f        	addiw	t6, t6, -30
800078d0: 80 4b        	lw	s0, 16(a5)
800078d2: 36 3f        	fld	ft10, 360(sp)
800078d4: d5 12        	addi	t0, t0, -11
800078d6: 03 3f 68 e0  	ld	t5, -506(a6)
800078da: e6 3e        	fld	ft9, 120(sp)
800078dc: 4d f2        	bnez	a2, 0x8000787e <Gram_ref_real+0x135e>
800078de: 8f 3f 17 be  	<unknown>
800078e2: 8d 3f        	addiw	t6, t6, -29
800078e4: 25 c7        	beqz	a4, 0x8000794c <Gram_ref_real+0x142c>
800078e6: 3b 3f b3 51  	<unknown>
800078ea: 2e 3f        	fld	ft10, 232(sp)
800078ec: 49 76        	lui	a2, 1048562
800078ee: d8 3f        	fld	fa4, 184(a5)
800078f0: 0c 7b        	ld	a1, 48(a4)
800078f2: ab 3f c9 3f  	<unknown>
800078f6: 29 3f        	addiw	t5, t5, -22
800078f8: 91 75        	lui	a1, 1048548
800078fa: 6f 3f ec a7  	jal	t5, 0x7ffcab78 <vfctrans_sim.c+0x7ffcab78>
800078fe: 65 3f        	addiw	t5, t5, -7
80007900: f0 fe        	sd	a2, 248(a3)
80007902: 84 3f        	fld	fs1, 56(a5)
80007904: 16 0c        	slli	s8, s8, 5
80007906: 2f 3f 9f 9a  	<unknown>
8000790a: d6 3f        	fld	ft11, 368(sp)
8000790c: b6 a1        	fsd	fa3, 192(sp)
8000790e: 6c 3f        	fld	fa1, 248(a4)
80007910: b9 bc        	j	0x8000736e <Gram_ref_real+0xe4e>
80007912: 97 3f 2b 91  	auipc	t6, 594611
80007916: 87 3f 62 65  	fld	ft11, 1622(tp)
8000791a: 92 3f        	fld	ft11, 288(sp)
8000791c: 04 4c        	lw	s1, 24(s0)
8000791e: c8 3f        	fld	fa0, 184(a5)
80007920: ae 46        	lw	a3, 200(sp)
80007922: 8a 3f        	fld	ft11, 160(sp)
80007924: 39 d5        	beqz	a0, 0x80007872 <Gram_ref_real+0x1352>
80007926: 87 3f bc cc  	fld	ft11, -821(s8)
8000792a: d8 3f        	fld	fa4, 184(a5)
8000792c: 26 19        	slli	s2, s2, 41
8000792e: 9a 3f        	fld	ft11, 416(sp)
80007930: 5d 10        	c.nop	-9
80007932: 93 3f 29 b5  	sltiu	t6, s2, -1198
80007936: d5 3f        	addiw	t6, t6, -11
80007938: fe 7a        	ld	s5, 504(sp)
8000793a: 88 3f        	fld	fa0, 56(a5)
8000793c: 12 85        	mv	a0, tp
8000793e: 83 3f 2e f2  	ld	t6, -222(t3)
80007942: 8e 3f        	fld	ft11, 224(sp)
80007944: c1 57        	li	a5, -16
80007946: 78 3f        	fld	fa4, 248(a4)
80007948: 9d b4        	j	0x800073ae <Gram_ref_real+0xe8e>
8000794a: 45 3f        	addiw	t5, t5, -15
8000794c: c6 f8        	sd	a7, 112(sp)
8000794e: 0d 40        	c.li	zero, 3
80007950: 0a c1        	sw	sp, 128(sp)
80007952: c1 3f        	addiw	t6, t6, -16
80007954: 3c f3        	sd	a5, 96(a4)
80007956: ca 3f        	fld	ft11, 176(sp)
80007958: 2a 0a        	slli	s4, s4, 10
8000795a: b5 3f        	addiw	t6, t6, -19
8000795c: c3 09 c0 3f  	<unknown>
80007960: e3 da b4 3f  	bge	s1, s11, 0x80008554 <Gram_ref_imag+0x34>
80007964: 86 4a        	lw	s5, 64(sp)
80007966: b3 3f 01 88  	<unknown>
8000796a: c2 3f        	fld	ft11, 48(sp)
8000796c: e0 c6        	sw	s0, 76(a3)
8000796e: 85 3f        	addiw	t6, t6, -31
80007970: 8a 48        	lw	a7, 128(sp)
80007972: 6e 3f        	fld	ft10, 248(sp)
80007974: 81 71        	lui	gp, 1048544
80007976: 9b 3f fa 10  	<unknown>
8000797a: c4 3f        	fld	fs1, 184(a5)
8000797c: da 55        	lw	a1, 180(sp)
8000797e: af 3f b5 c6  	amominu.d.aqrl	t6, a1, (a0)
80007982: 81 3f        	addiw	t6, t6, -32
80007984: 23 39 77 3f  	sd	s7, 1010(a4)
80007988: cd 28        	addiw	a7, a7, 19
8000798a: d9 3f        	addiw	t6, t6, -10
8000798c: d2 99        	add	s3, s3, s4
8000798e: ab 3f c8 40  	<unknown>
80007992: 8d 3f        	addiw	t6, t6, -29
80007994: ad 4f        	li	t6, 11
80007996: b5 3f        	addiw	t6, t6, -19
80007998: ab e5 37 3f  	<unknown>
8000799c: de 59        	lw	s3, 244(sp)
8000799e: 74 3f        	fld	fa3, 248(a4)
800079a0: a5 d2        	beqz	a3, 0x80007900 <Gram_ref_real+0x13e0>
800079a2: 3b 3f aa 31  	<unknown>
800079a6: 9c 3f        	fld	fa5, 56(a5)
800079a8: 4f 0f 5c 3f  	<unknown>
800079ac: a7 59 26 3f  	<unknown>
800079b0: b2 de        	sw	a2, 124(sp)
800079b2: a8 3f        	fld	fa0, 120(a5)
800079b4: 69 8b        	andi	a4, a4, 26
800079b6: aa 3f        	fld	ft11, 168(sp)
800079b8: 75 63        	lui	t1, 29
800079ba: 3a 3f        	fld	ft10, 424(sp)
800079bc: 5e b3        	fsd	fs7, 416(sp)
800079be: 00 40        	lw	s0, 0(s0)
800079c0: 40 0b        	addi	s0, sp, 404
800079c2: 97 3f 16 96  	auipc	t6, 614755
800079c6: ae 3f        	fld	ft11, 232(sp)
800079c8: 24 6e        	ld	s1, 88(a2)
800079ca: 88 3f        	fld	fa0, 56(a5)
800079cc: cc 58        	lw	a1, 52(s1)
800079ce: 88 3f        	fld	fa0, 56(a5)
800079d0: 47 f3 d1 3f  	<unknown>
800079d4: 60 e2        	sd	s0, 192(a2)
800079d6: ad 3f        	addiw	t6, t6, -21
800079d8: d3 6a 8a 3f  	<unknown>
800079dc: d1 46        	li	a3, 20
800079de: c3 3f 85 fc  	<unknown>
800079e2: ab 3f 14 18  	<unknown>
800079e6: a5 3f        	addiw	t6, t6, -23
800079e8: 52 3d        	fld	fs10, 304(sp)
800079ea: 0e 3f        	fld	ft10, 224(sp)
800079ec: 3a a3        	fsd	fa4, 384(sp)
800079ee: b6 3f        	fld	ft11, 360(sp)
800079f0: 24 81        	<unknown>
800079f2: 95 3e        	addiw	t4, t4, -27
800079f4: 57 c3 f7 3f  	vslidedown.vx	v6, v31, a5
800079f8: 67 14 99 3f  	<unknown>
800079fc: 99 35        	addiw	a1, a1, -26
800079fe: a3 3f 10 83  	sd	a7, -1985(zero)
80007a02: fe 3f        	fld	ft11, 504(sp)
80007a04: 82 9d        	jalr	s11
80007a06: f9 3f        	addiw	t6, t6, -2
80007a08: c3 6f 15 40  	<unknown>
80007a0c: ba 26        	fld	fa3, 392(sp)
80007a0e: 90 3f        	fld	fa2, 56(a5)
80007a10: 59 81        	srli	a0, a0, 22
80007a12: 71 3f        	addiw	t5, t5, -4
80007a14: ab 43 b3 3f  	<unknown>
80007a18: 65 68        	lui	a6, 25
80007a1a: 6d 3f        	addiw	t5, t5, -5
80007a1c: 6c 83        	<unknown>
80007a1e: d0 3f        	fld	fa2, 184(a5)
80007a20: ae 14        	slli	s1, s1, 43
80007a22: ce 3f        	fld	ft11, 240(sp)
80007a24: 94 8d        	<unknown>
80007a26: 70 3f        	fld	fa2, 248(a4)
80007a28: 10 a3        	fsd	fa2, 0(a4)
80007a2a: ef 3f f4 a6  	jal	t6, 0x7ff4b498 <vfctrans_sim.c+0x7ff4b498>
80007a2e: 94 3f        	fld	fa3, 56(a5)
80007a30: 9a a1        	fsd	ft6, 192(sp)
80007a32: c2 3f        	fld	ft11, 48(sp)
80007a34: c2 b8        	fsd	fa6, 112(sp)
80007a36: 18 40        	lw	a4, 0(s0)
80007a38: fe 70        	ld	ra, 504(sp)
80007a3a: 76 3f        	fld	ft10, 376(sp)
80007a3c: 8b 66 04 40  	<unknown>
80007a40: 98 ab        	fsd	fa4, 16(a5)
80007a42: cc 3f        	fld	fa1, 184(a5)
80007a44: 56 a6        	fsd	fs5, 264(sp)
80007a46: ba 3f        	fld	ft11, 424(sp)
80007a48: c0 47        	lw	s0, 12(a5)
80007a4a: 8b 3f 6f a3  	<unknown>
80007a4e: 8d 3f        	addiw	t6, t6, -29
80007a50: 30 33        	fld	fa2, 96(a4)
80007a52: 32 3f        	fld	ft10, 296(sp)
80007a54: 3d ed        	bnez	a0, 0x80007ad2 <Gram_ref_real+0x15b2>
80007a56: 9f 3f 15 22  	<unknown>
80007a5a: b9 3f        	addiw	t6, t6, -18
80007a5c: 8a bc        	fsd	ft2, 120(sp)
80007a5e: e3 3f e5 77  	<unknown>
80007a62: d7 3f 11 31  	vrgather.vi	v31, v17, 2, v0.t
80007a66: d4 3f        	fld	fa3, 184(a5)
80007a68: 03 77 9a 3f  	<unknown>
80007a6c: 72 08        	slli	a6, a6, 28
80007a6e: e4 3f        	fld	fs1, 248(a5)
80007a70: 57 a7 ae 3f  	<unknown>
80007a74: 5e 66        	ld	a2, 464(sp)
80007a76: 96 3e        	fld	ft9, 352(sp)
80007a78: d5 64        	lui	s1, 21
80007a7a: 3a 3f        	fld	ft10, 424(sp)
80007a7c: 64 85        	<unknown>
80007a7e: ca 3f        	fld	ft11, 176(sp)
80007a80: 44 03        	addi	s1, sp, 388
80007a82: ca 3f        	fld	ft11, 176(sp)
80007a84: c5 b8        	j	0x80007374 <Gram_ref_real+0xe54>
80007a86: 3c 3f        	fld	fa5, 120(a4)
80007a88: 59 56        	li	a2, -10
80007a8a: 51 3f        	addiw	t5, t5, -12
80007a8c: 98 20        	fld	fa4, 0(s1)
80007a8e: ea 3f        	fld	ft11, 184(sp)
80007a90: 6d cf        	beqz	a4, 0x80007b8a <Gram_ref_real+0x166a>
80007a92: 66 3f        	fld	ft10, 120(sp)
80007a94: ac 67        	ld	a1, 72(a5)
80007a96: 64 3f        	fld	fs1, 248(a4)
80007a98: 1e b2        	fsd	ft7, 288(sp)
80007a9a: 97 3f 53 2e  	auipc	t6, 189747
80007a9e: 36 3f        	fld	ft10, 360(sp)
80007aa0: 74 78        	ld	a3, 240(s0)
80007aa2: 03 40 d0 c4  	lbu	zero, -947(zero)
80007aa6: 9d 3f        	addiw	t6, t6, -25
80007aa8: e3 d0 b0 3f  	bge	ra, s11, 0x80008688 <Gram_ref_imag+0x168>
80007aac: 64 1d        	addi	s1, sp, 700
80007aae: f8 3f        	fld	fa4, 248(a5)
80007ab0: c6 66        	ld	a3, 80(sp)
80007ab2: 69 3f        	addiw	t5, t5, -6
80007ab4: 1c 05        	addi	a5, sp, 640
80007ab6: 4a 3f        	fld	ft10, 176(sp)
80007ab8: 70 47        	lw	a2, 76(a4)
80007aba: bf 3f d1 16  	<unknown>
80007abe: 94 3f        	fld	fa3, 56(a5)
80007ac0: 68 77        	ld	a0, 232(a4)
80007ac2: 15 40        	c.li	zero, 5
80007ac4: 12 4a        	lw	s4, 4(sp)
80007ac6: e9 3f        	addiw	t6, t6, -6
80007ac8: 3f 11 93 3f  	<unknown>
80007acc: 8d eb        	bnez	a5, 0x80007afe <Gram_ref_real+0x15de>
80007ace: 8f 3f 7a f1  	<unknown>
80007ad2: 35 3f        	addiw	t5, t5, -19
80007ad4: 82 24        	fld	fs1, 0(sp)
80007ad6: 5b 3f fe fa  	<unknown>
80007ada: 34 3f        	fld	fa3, 120(a4)
80007adc: 53 3f e1 3f  	<unknown>
80007ae0: 0d 6f        	lui	t5, 3
80007ae2: ed 3f        	addiw	t6, t6, -5
80007ae4: 50 b4        	fsd	fa2, 168(s0)
80007ae6: 84 3f        	fld	fs1, 56(a5)
80007ae8: 38 7b        	ld	a4, 112(a4)
80007aea: f0 3e        	fld	fa2, 248(a3)
80007aec: 7c a5        	fsd	fa5, 200(a0)
80007aee: d1 3f        	addiw	t6, t6, -12
80007af0: 31 5b        	li	s6, -20
80007af2: 9c 3f        	fld	fa5, 56(a5)
80007af4: 1f de 7f 3f  	<unknown>
80007af8: 94 b5        	fsd	fa3, 40(a1)
80007afa: 0a 40        	<unknown>
80007afc: e0 6b        	ld	s0, 208(a5)
80007afe: bb 3f 7a 48  	<unknown>
80007b02: 99 3f        	addiw	t6, t6, -26
80007b04: d9 dd        	beqz	a1, 0x80007aa2 <Gram_ref_real+0x1582>
80007b06: c8 3f        	fld	fa0, 184(a5)
80007b08: f9 0d        	addi	s11, s11, 30
80007b0a: f7 3f c5 41  	<unknown>
80007b0e: 95 3f        	addiw	t6, t6, -27
80007b10: 45 9f        	<unknown>
80007b12: fd 3f        	addiw	t6, t6, -1
80007b14: ea 4f        	lw	t6, 152(sp)
80007b16: ef 3f c6 af  	jal	t6, 0x7ff6ae12 <vfctrans_sim.c+0x7ff6ae12>
80007b1a: a1 3f        	addiw	t6, t6, -24
80007b1c: 1f b3 c3 3f  	<unknown>
80007b20: d9 47        	li	a5, 22
80007b22: 2c 3f        	fld	fa1, 120(a4)
80007b24: 37 55 5f 3f  	lui	a0, 259573
80007b28: 7f 59 b5 3f  	<unknown>
80007b2c: d8 45        	lw	a4, 12(a1)
80007b2e: 4f 3f 26 b2  	fnmadd.d	ft10, fa2, ft2, fs6, rup
80007b32: 0a 3f        	fld	ft10, 160(sp)
80007b34: c9 fc        	bnez	s1, 0x80007ace <Gram_ref_real+0x15ae>
80007b36: 41 3f        	addiw	t5, t5, -16
80007b38: f9 7a        	lui	s5, 1048574
80007b3a: 6e 3f        	fld	ft10, 248(sp)
80007b3c: a1 12        	addi	t0, t0, -24
80007b3e: 8e 3f        	fld	ft11, 224(sp)
80007b40: d3 5b 14 3f  	<unknown>
80007b44: 20 26        	fld	fs0, 72(a2)
80007b46: 85 3f        	addiw	t6, t6, -31
80007b48: 7e 04        	slli	s0, s0, 31
80007b4a: 75 3f        	addiw	t5, t5, -3
80007b4c: 5b fd cb 3f  	<unknown>
80007b50: 8a 55        	lw	a1, 160(sp)
80007b52: ce 3f        	fld	ft11, 240(sp)
80007b54: 50 53        	lw	a2, 36(a4)
80007b56: d2 3f        	fld	ft11, 304(sp)
80007b58: c7 59 c3 3f  	<unknown>
80007b5c: cc 6d        	ld	a1, 152(a1)
80007b5e: 65 3f        	addiw	t5, t5, -7
80007b60: bf 17 9a 3f  	<unknown>
80007b64: f2 fd        	sd	t3, 248(sp)
80007b66: 26 3f        	fld	ft10, 104(sp)
80007b68: 12 16        	slli	a2, a2, 36
80007b6a: cd 3f        	addiw	t6, t6, -13
80007b6c: e4 5f        	lw	s1, 124(a5)
80007b6e: 22 3f        	fld	ft10, 40(sp)
80007b70: 9f b8 6b 3f  	<unknown>
80007b74: ce 60        	ld	ra, 208(sp)
80007b76: 53 3f d4 4d  	<unknown>
80007b7a: 58 3f        	fld	fa4, 184(a4)
80007b7c: d2 4e        	lw	t4, 20(sp)
80007b7e: 92 3f        	fld	ft11, 288(sp)
80007b80: 95 7f        	lui	t6, 1048549
80007b82: 4d 3f        	addiw	t5, t5, -13
80007b84: 86 cf        	sw	ra, 220(sp)
80007b86: 63 3f 9d c4  	<unknown>
80007b8a: 5f 3f b1 32  	<unknown>
80007b8e: 85 3f        	addiw	t6, t6, -31
80007b90: e5 08        	addi	a7, a7, 25
80007b92: 83 3f 41 6d  	ld	t6, 1748(sp)
80007b96: 4d 3f        	addiw	t5, t5, -13
80007b98: cb 40 6c 3f  	<unknown>
80007b9c: a6 4c        	lw	s9, 72(sp)
80007b9e: 5e 3f        	fld	ft10, 496(sp)
80007ba0: 18 8a        	<unknown>
80007ba2: b6 3e        	fld	ft9, 360(sp)
80007ba4: f6 d4        	sw	t4, 104(sp)
80007ba6: 71 3f        	addiw	t5, t5, -4
80007ba8: 0b d8 2c 3f  	<unknown>
80007bac: e6 7a        	ld	s5, 120(sp)
80007bae: fd 3e        	addiw	t4, t4, -1
80007bb0: ce 7a        	ld	s5, 240(sp)
80007bb2: 81 3f        	addiw	t6, t6, -32
80007bb4: 1b 88 7b 3f  	addiw	a6, s7, 1015
80007bb8: 6f 41 15 3f  	jal	sp, 0x8005c7a8 <timer+0x51d48>
80007bbc: 8f b9 8e 3f  	<unknown>
80007bc0: d5 a9        	j	0x800080b4 <Gram_ref_real+0x1b94>
80007bc2: 57 3f 95 ca  	<unknown>
80007bc6: 7a 3f        	fld	ft10, 440(sp)
80007bc8: ef fb 9a 3f  	jal	s7, 0x800b77c0 <timer+0xacd60>
80007bcc: 80 73        	ld	s0, 32(a5)
80007bce: 5f 3f 52 41  	<unknown>
80007bd2: 53 3f c0 06  	<unknown>
80007bd6: bc 3f        	fld	fa5, 120(a5)
80007bd8: 80 27        	fld	fs0, 8(a5)
80007bda: cc 3e        	fld	fa1, 184(a3)
80007bdc: 64 d2        	sw	s1, 100(a2)
80007bde: ca 3f        	fld	ft11, 176(sp)
80007be0: 92 72        	ld	t0, 288(sp)
80007be2: 93 3f 77 90  	sltiu	t6, a4, -1785
80007be6: 94 3f        	fld	fa3, 56(a5)
80007be8: 5d 21        	addiw	sp, sp, 23
80007bea: 32 3f        	fld	ft10, 296(sp)
80007bec: 9c 4d        	lw	a5, 24(a1)
80007bee: b5 3f        	addiw	t6, t6, -19
80007bf0: 5a 43        	lw	t1, 148(sp)
80007bf2: 02 3f        	fld	ft10, 32(sp)
80007bf4: 98 05        	addi	a4, sp, 704
80007bf6: a1 3f        	addiw	t6, t6, -24
80007bf8: f4 d6        	sw	a3, 108(a3)
80007bfa: df 3e a8 41  	<unknown>
80007bfe: a0 3f        	fld	fs0, 120(a5)
80007c00: 74 ed        	sd	a3, 216(a0)
80007c02: b0 3f        	fld	fa2, 120(a5)
80007c04: 44 0d        	addi	s1, sp, 660
80007c06: ce 3f        	fld	ft11, 240(sp)
80007c08: 8b 92 a3 3f  	<unknown>
80007c0c: 93 bb 5c 3f  	sltiu	s7, s9, 1013
80007c10: 85 e4        	bnez	s1, 0x80007c38 <Gram_ref_real+0x1718>
80007c12: 8c 3f        	fld	fa1, 56(a5)
80007c14: fc 10        	addi	a5, sp, 108
80007c16: 86 3f        	fld	ft11, 96(sp)
80007c18: 9d fa        	bnez	a3, 0x80007b4e <Gram_ref_real+0x162e>
80007c1a: 60 3f        	fld	fs0, 248(a4)
80007c1c: 2a 2b        	fld	fs6, 136(sp)
80007c1e: 81 3f        	addiw	t6, t6, -32
80007c20: fd eb        	bnez	a5, 0x80007d16 <Gram_ref_real+0x17f6>
80007c22: 88 3f        	fld	fa0, 56(a5)
80007c24: 1f 21 78 3f  	<unknown>
80007c28: 0e d8        	sw	gp, 48(sp)
80007c2a: c2 3f        	fld	ft11, 48(sp)
80007c2c: 8c 5a        	lw	a1, 48(a3)
80007c2e: 29 3f        	addiw	t5, t5, -22
80007c30: 04 d1        	sw	s1, 32(a0)
80007c32: 9f 3f 88 d6  	<unknown>
80007c36: c9 3f        	addiw	t6, t6, -14
80007c38: 10 40        	lw	a2, 0(s0)
80007c3a: 7e 3f        	fld	ft10, 504(sp)
80007c3c: b6 fb        	sd	a3, 496(sp)
80007c3e: 8f 3f 98 e8  	<unknown>
80007c42: a2 3f        	fld	ft11, 40(sp)
80007c44: a6 43        	lw	t2, 72(sp)
80007c46: 81 3f        	addiw	t6, t6, -32
80007c48: 6d 9d        	<unknown>
80007c4a: 82 3f        	fld	ft11, 32(sp)
80007c4c: 31 dc        	beqz	s0, 0x80007ba8 <Gram_ref_real+0x1688>
80007c4e: 8f 3f 6e 2c  	<unknown>
80007c52: 15 3f        	addiw	t5, t5, -27
80007c54: cc a1        	fsd	fa1, 128(a1)
80007c56: 27 3f a3 5a  	fsd	fa0, 1470(t1)
80007c5a: 8f 3f 4c cc  	<unknown>
80007c5e: 60 3f        	fld	fs0, 248(a4)
80007c60: 1c 80        	<unknown>
80007c62: 7f 3f 0a 55  	<unknown>
80007c66: bb 3f fb 3f  	<unknown>
80007c6a: 8d 3f        	addiw	t6, t6, -29
80007c6c: d6 ea        	sd	s5, 336(sp)
80007c6e: c8 3f        	fld	fa0, 184(a5)
80007c70: b0 88        	<unknown>
80007c72: d1 3e        	addiw	t4, t4, -12
80007c74: 45 37        	addiw	a4, a4, -15
80007c76: ae 3e        	fld	ft9, 232(sp)
80007c78: ec 2f        	fld	fa1, 216(a5)
80007c7a: 52 3f        	fld	ft10, 304(sp)
80007c7c: 0c f5        	sd	a1, 40(a0)
80007c7e: 79 3f        	addiw	t5, t5, -2
80007c80: e9 88        	andi	s1, s1, 26
80007c82: 7d 3f        	addiw	t5, t5, -1
80007c84: 60 bc        	fsd	fs0, 248(s0)
80007c86: 24 3f        	fld	fs1, 120(a4)
80007c88: 87 8f 1b 3f  	<unknown>
80007c8c: 50 04        	addi	a2, sp, 516
80007c8e: 57 3f ff bf  	vnclip.wi	v30, v31, 30
80007c92: 81 3f        	addiw	t6, t6, -32
80007c94: 47 54 8e 3f  	<unknown>
80007c98: 3d 5a        	li	s4, -17
80007c9a: 7a 3f        	fld	ft10, 440(sp)
80007c9c: 82 63        	ld	t2, 0(sp)
80007c9e: 5c 3f        	fld	fa5, 184(a4)
80007ca0: bd 83        	srli	a5, a5, 15
80007ca2: a7 3f d9 a8  	fsd	fa3, -1377(s2)
80007ca6: 7e 3f        	fld	ft10, 504(sp)
80007ca8: e3 a7 67 3f  	<unknown>
80007cac: 8f 56 ce 3f  	<unknown>
80007cb0: 01 f0        	bnez	s0, 0x80007bb0 <Gram_ref_real+0x1690>
80007cb2: 2e 3f        	fld	ft10, 232(sp)
80007cb4: 7a 63        	ld	t1, 408(sp)
80007cb6: 88 3f        	fld	fa0, 56(a5)
80007cb8: b6 08        	slli	a7, a7, 13
80007cba: 5e 3f        	fld	ft10, 496(sp)
80007cbc: 26 dc        	sw	s1, 56(sp)
80007cbe: 17 3f 04 ca  	auipc	t5, 827459
80007cc2: c3 3f 0a a5  	<unknown>
80007cc6: 8f 3f 2b a7  	<unknown>
80007cca: 01 3f        	addiw	t5, t5, -32
80007ccc: ff 35 80 3f  	<unknown>
80007cd0: 46 67        	ld	a4, 80(sp)
80007cd2: c8 3e        	fld	fa0, 184(a3)
80007cd4: 0d 63        	lui	t1, 3
80007cd6: 71 3f        	addiw	t5, t5, -4
80007cd8: a2 80        	mv	ra, s0
80007cda: 79 3f        	addiw	t5, t5, -2
80007cdc: 84 e5        	sd	s1, 8(a1)
80007cde: c1 3f        	addiw	t6, t6, -16
80007ce0: ee 70        	ld	ra, 248(sp)
80007ce2: b6 3f        	fld	ft11, 360(sp)
80007ce4: 0e 41        	lw	sp, 192(sp)
80007ce6: bd 3f        	addiw	t6, t6, -17
80007ce8: af fd ae 3e  	<unknown>
80007cec: 51 62        	lui	tp, 20
80007cee: 62 3f        	fld	ft10, 56(sp)
80007cf0: 99 c9        	beqz	a1, 0x80007d06 <Gram_ref_real+0x17e6>
80007cf2: 76 3f        	fld	ft10, 376(sp)
80007cf4: eb de af 3f  	<unknown>
80007cf8: 25 7b        	lui	s6, 1048553
80007cfa: b7 3f 15 95  	lui	t6, 610643
80007cfe: 5f 3f d6 94  	<unknown>
80007d02: 21 3f        	addiw	t5, t5, -24
80007d04: aa 4c        	lw	s9, 136(sp)
80007d06: 8e 3f        	fld	ft11, 224(sp)
80007d08: a7 55 f1 3f  	<unknown>
80007d0c: 0f 58 7b 3f  	<unknown>
80007d10: ad 6e        	lui	t4, 11
80007d12: d4 3f        	fld	fa3, 184(a5)
80007d14: 60 f5        	sd	s0, 232(a0)
80007d16: 79 3f        	addiw	t5, t5, -2
80007d18: 10 56        	lw	a2, 40(a2)
80007d1a: c9 3f        	addiw	t6, t6, -14
80007d1c: 82 a2        	fsd	ft0, 320(sp)
80007d1e: 7c 3f        	fld	fa5, 248(a4)
80007d20: 8f 3b 19 3f  	<unknown>
80007d24: 92 93        	add	t2, t2, tp
80007d26: 91 3f        	addiw	t6, t6, -28
80007d28: 1f 53 d7 3e  	<unknown>
80007d2c: be d1        	sw	a5, 224(sp)
80007d2e: d9 3e        	addiw	t4, t4, -10
80007d30: 77 c4 34 3f  	<unknown>
80007d34: 79 16        	addi	a2, a2, -2
80007d36: d2 3e        	fld	ft9, 304(sp)
80007d38: 81 76        	lui	a3, 1048544
80007d3a: 86 3f        	fld	ft11, 96(sp)
80007d3c: 39 7c        	lui	s8, 1048558
80007d3e: e8 3f        	fld	fa0, 248(a5)
80007d40: 96 e4        	sd	t0, 72(sp)
80007d42: 57 3f 74 85  	vsadd.vi	v30, v23, 8, v0.t
80007d46: 80 3f        	fld	fs0, 56(a5)
80007d48: b0 e1        	sd	a2, 64(a1)
80007d4a: 81 3f        	addiw	t6, t6, -32
80007d4c: 31 03        	addi	t1, t1, 12
80007d4e: 83 3f 24 c3  	ld	t6, -974(s0)
80007d52: ce 3f        	fld	ft11, 240(sp)
80007d54: 5e 70        	<unknown>
80007d56: bb 3f 15 cd  	<unknown>
80007d5a: c3 3f 0e c6  	<unknown>
80007d5e: 39 3f        	addiw	t5, t5, -18
80007d60: 46 f7        	sd	a7, 424(sp)
80007d62: 1b 3f e8 ea  	<unknown>
80007d66: 1f 3f 2c cc  	<unknown>
80007d6a: 78 3f        	fld	fa4, 248(a4)
80007d6c: fa d7        	sw	t5, 236(sp)
80007d6e: 22 3f        	fld	ft10, 40(sp)
80007d70: 97 3f 80 3f  	auipc	t6, 260099
80007d74: 34 ca        	sw	a3, 80(a2)
80007d76: 52 3f        	fld	ft10, 304(sp)
80007d78: 26 ac        	fsd	fs1, 24(sp)
80007d7a: 4f 3f f9 81  	fnmadd.s	ft10, fs2, ft11, fa6, rup
80007d7e: 84 3f        	fld	fs1, 56(a5)
80007d80: cf bb 78 3f  	<unknown>
80007d84: 88 23        	fld	fa0, 0(a5)
80007d86: 81 3f        	addiw	t6, t6, -32
80007d88: 6f 50 0a 3f  	j	0x800ad178 <timer+0xa2718>
80007d8c: d1 dc        	beqz	s1, 0x80007d28 <Gram_ref_real+0x1808>
80007d8e: 52 3f        	fld	ft10, 304(sp)
80007d90: c2 0c        	slli	s9, s9, 16
80007d92: 9a 3f        	fld	ft11, 416(sp)
80007d94: d5 5b        	li	s7, -11
80007d96: 08 3f        	fld	fa0, 56(a4)
80007d98: 1f 26 a9 3f  	<unknown>
80007d9c: 8e e1        	sd	gp, 192(sp)
80007d9e: 9c 3f        	fld	fa5, 56(a5)
80007da0: 30 3a        	fld	fa2, 112(a2)
80007da2: 87 3f f5 c5  	fld	ft11, -929(a0)
80007da6: 97 3f fe a4  	auipc	t6, 675811
80007daa: 28 3f        	fld	fa0, 120(a4)
80007dac: ca d9        	sw	s2, 240(sp)
80007dae: 34 3f        	fld	fa3, 120(a4)
80007db0: c5 8b        	andi	a5, a5, 17
80007db2: 9a 3f        	fld	ft11, 416(sp)
80007db4: 82 24        	fld	fs1, 0(sp)
80007db6: 8e 3f        	fld	ft11, 224(sp)
80007db8: c7 e8 74 3f  	<unknown>
80007dbc: ca c1        	sw	s2, 192(sp)
80007dbe: 56 3f        	fld	ft10, 368(sp)
80007dc0: 53 72 4e 3f  	<unknown>
80007dc4: 98 01        	addi	a4, sp, 192
80007dc6: 86 3f        	fld	ft11, 96(sp)
80007dc8: 2a a1        	fsd	fa0, 128(sp)
80007dca: 9e 3f        	fld	ft11, 480(sp)
80007dcc: 08 5d        	lw	a0, 56(a0)
80007dce: 52 3f        	fld	ft10, 304(sp)
80007dd0: 16 79        	ld	s2, 352(sp)
80007dd2: 67 3f c9 f1  	<unknown>
80007dd6: ba 3f        	fld	ft11, 424(sp)
80007dd8: 33 04 7f 3f  	<unknown>
80007ddc: 89 b4        	j	0x8000781e <Gram_ref_real+0x12fe>
80007dde: a7 3f 91 46  	fsd	fs1, 1151(sp)
80007de2: 95 3f        	addiw	t6, t6, -27
80007de4: a5 97        	srai	a5, a5, 41
80007de6: 89 3f        	addiw	t6, t6, -30
80007de8: 57 1c 45 3f  	<unknown>
80007dec: 35 9b        	andi	a4, a4, -19
80007dee: 7c 3f        	fld	fa5, 248(a4)
80007df0: ac f7        	sd	a1, 104(a5)
80007df2: c9 3f        	addiw	t6, t6, -14
80007df4: 64 c4        	sw	s1, 76(s0)
80007df6: 9a 3f        	fld	ft11, 416(sp)
80007df8: 19 7f        	lui	t5, 1048550
80007dfa: 9e 3e        	fld	ft9, 480(sp)
80007dfc: a7 79 d5 3f  	<unknown>
80007e00: 4d 5f        	li	t5, -13
80007e02: a7 3f 55 ed  	fsd	fs5, -289(a0)
80007e06: 8d 3f        	addiw	t6, t6, -29
80007e08: de df        	sw	s7, 252(sp)
80007e0a: 94 3f        	fld	fa3, 56(a5)
80007e0c: 38 20        	fld	fa4, 64(s0)
80007e0e: 3f 3f 0b aa  	<unknown>
80007e12: a9 3f        	addiw	t6, t6, -22
80007e14: ae bf        	fsd	fa1, 504(sp)
80007e16: c2 3f        	fld	ft11, 48(sp)
80007e18: 86 07        	slli	a5, a5, 1
80007e1a: 84 3f        	fld	fs1, 56(a5)
80007e1c: 7c ee        	sd	a5, 216(a2)
80007e1e: 73 3f d9 3f  	csrrc	t5, 1021, s2
80007e22: 54 3f        	fld	fa3, 184(a4)
80007e24: 8d 23        	addiw	t2, t2, 3
80007e26: a0 3f        	fld	fs0, 120(a5)
80007e28: 4d 2c        	addiw	s8, s8, 19
80007e2a: 8f 3f b0 9f  	<unknown>
80007e2e: 4e 3f        	fld	ft10, 240(sp)
80007e30: 5b 58 3b 3f  	<unknown>
80007e34: 44 29        	fld	fs1, 144(a0)
80007e36: 80 3f        	fld	fs0, 56(a5)
80007e38: bb 6c 49 3f  	<unknown>
80007e3c: 6d a9        	j	0x800082f6 <Gram_ref_real+0x1dd6>
80007e3e: 7b 3f 52 ab  	<unknown>
80007e42: 8f 3f c4 b1  	<unknown>
80007e46: 84 3f        	fld	fs1, 56(a5)
80007e48: 5e 73        	ld	t1, 496(sp)
80007e4a: 9f 3f 8f b0  	<unknown>
80007e4e: 85 3f        	addiw	t6, t6, -31
80007e50: 81 7d        	lui	s11, 1048544
80007e52: 0d 3f        	addiw	t5, t5, -29
80007e54: b3 4e 30 3f  	<unknown>
80007e58: b1 a2        	j	0x80007fa4 <Gram_ref_real+0x1a84>
80007e5a: 8e 3f        	fld	ft11, 224(sp)
80007e5c: bc 8c        	<unknown>
80007e5e: 30 3f        	fld	fa2, 120(a4)
80007e60: bd 8a        	andi	a3, a3, 15
80007e62: 51 3f        	addiw	t5, t5, -12
80007e64: 8a 4a        	lw	s5, 128(sp)
80007e66: ae 3f        	fld	ft11, 232(sp)
80007e68: 77 81 99 3f  	<unknown>
80007e6c: 2f fc d4 3f  	<unknown>
80007e70: 3b d9 3a 3f  	<unknown>
80007e74: 8d 3f        	addiw	t6, t6, -29
80007e76: a7 3f ad 27  	fsd	fs10, 639(s10)
80007e7a: 3d 3f        	addiw	t5, t5, -17
80007e7c: de 0e        	slli	t4, t4, 23
80007e7e: 7c 3f        	fld	fa5, 248(a4)
80007e80: 2b f1 94 3f  	<unknown>
80007e84: 3f d0 5c 3f  	<unknown>
80007e88: 64 17        	addi	s1, sp, 940
80007e8a: 95 3f        	addiw	t6, t6, -27
80007e8c: 0c 81        	<unknown>
80007e8e: 21 3f        	addiw	t5, t5, -24
80007e90: 83 cc 93 3f  	lbu	s9, 1017(t2)
80007e94: e9 6f        	lui	t6, 26
80007e96: ec 3f        	fld	fa1, 248(a5)
80007e98: 88 d8        	sw	a0, 48(s1)
80007e9a: 99 3f        	addiw	t6, t6, -26
80007e9c: 66 26        	fld	fa2, 88(sp)
80007e9e: 9c 3f        	fld	fa5, 56(a5)
80007ea0: a2 4a        	lw	s5, 8(sp)
80007ea2: 98 3f        	fld	fa4, 56(a5)
80007ea4: 88 1d        	addi	a0, sp, 752
80007ea6: ab 3f a8 8c  	<unknown>
80007eaa: 98 3f        	fld	fa4, 56(a5)
80007eac: 23 cf bc 3f  	<unknown>
80007eb0: ef 57 70 3f  	jal	a5, 0x8000daa6 <timer+0x3046>
80007eb4: 0f 7a c3 3f  	<unknown>
80007eb8: e3 de 38 3f  	bge	a7, s3, 0x80008ab4 <Gram_ref_imag+0x594>
80007ebc: d5 5c        	li	s9, -11
80007ebe: d8 3e        	fld	fa4, 184(a3)
80007ec0: 7d 7f        	lui	t5, 1048575
80007ec2: 92 3f        	fld	ft11, 288(sp)
80007ec4: 7b 2a 7b 3f  	<unknown>
80007ec8: a3 93 7b 3f  	sh	s7, 999(s7)
80007ecc: 59 02        	addi	tp, tp, 22
80007ece: 9f 3f e5 9c  	<unknown>
80007ed2: fd 3e        	addiw	t4, t4, -1
80007ed4: 30 97        	<unknown>
80007ed6: a5 3f        	addiw	t6, t6, -23
80007ed8: be ee        	sd	a5, 344(sp)
80007eda: a1 3f        	addiw	t6, t6, -24
80007edc: 45 f2        	bnez	a2, 0x80007e7c <Gram_ref_real+0x195c>
80007ede: a5 3f        	addiw	t6, t6, -23
80007ee0: a7 64 b5 3f  	<unknown>
80007ee4: 85 07        	addi	a5, a5, 1
80007ee6: da 3f        	fld	ft11, 432(sp)
80007ee8: aa 66        	ld	a3, 136(sp)
80007eea: 2f 3f bf 0d  	amoswap.d.aq	t5, s11, (t5)
80007eee: 5d 3f        	addiw	t5, t5, -9
80007ef0: fa 23        	fld	ft7, 408(sp)
80007ef2: 38 3f        	fld	fa4, 120(a4)
80007ef4: 1e e3        	sd	t2, 384(sp)
80007ef6: a6 3f        	fld	ft11, 104(sp)
80007ef8: b7 7a 4a 3f  	lui	s5, 259239
80007efc: 18 b7        	fsd	fa4, 40(a4)
80007efe: 0e 3f        	fld	ft10, 224(sp)
80007f00: 36 51        	lw	sp, 108(sp)
80007f02: fa 3e        	fld	ft9, 440(sp)
80007f04: 36 7e        	ld	t3, 360(sp)
80007f06: 57 3f f9 59  	<unknown>
80007f0a: 9c 3f        	fld	fa5, 56(a5)
80007f0c: 03 ff 5a 3f  	<unknown>
80007f10: d5 25        	addiw	a1, a1, 21
80007f12: 59 3f        	addiw	t5, t5, -10
80007f14: a6 55        	lw	a1, 104(sp)
80007f16: 97 3f 78 42  	auipc	t6, 272259
80007f1a: c7 3f 9e 34  	<unknown>
80007f1e: 59 3f        	addiw	t5, t5, -10
80007f20: 5b 56 92 3f  	<unknown>
80007f24: b2 d4        	sw	a2, 104(sp)
80007f26: 75 3f        	addiw	t5, t5, -3
80007f28: 84 fa        	sd	s1, 48(a3)
80007f2a: 55 3f        	addiw	t5, t5, -11
80007f2c: 8d 74        	lui	s1, 1048547
80007f2e: 0e 3f        	fld	ft10, 224(sp)
80007f30: 33 2c e1 3e  	<unknown>
80007f34: 1c 7c        	ld	a5, 56(s0)
80007f36: 29 3f        	addiw	t5, t5, -22
80007f38: 85 f7        	bnez	a5, 0x80007e60 <Gram_ref_real+0x1940>
80007f3a: 56 3f        	fld	ft10, 368(sp)
80007f3c: fd a3        	j	0x8000852a <Gram_ref_imag+0xa>
80007f3e: be 3f        	fld	ft11, 488(sp)
80007f40: c6 80        	mv	ra, a7
80007f42: 08 3f        	fld	fa0, 56(a4)
80007f44: 42 3d        	fld	fs10, 48(sp)
80007f46: a4 3f        	fld	fs1, 120(a5)
80007f48: eb 4f 73 3f  	<unknown>
80007f4c: 0b 3a a7 3f  	<unknown>
80007f50: f9 fd        	bnez	a1, 0x80007f2e <Gram_ref_real+0x1a0e>
80007f52: eb 3f 0d 4f  	<unknown>
80007f56: a6 3f        	fld	ft11, 104(sp)
80007f58: 83 18 cf 3f  	lh	a7, 1020(t5)
80007f5c: 1a 2b        	fld	fs6, 384(sp)
80007f5e: 2a 3f        	fld	ft10, 168(sp)
80007f60: c0 33        	fld	fs0, 160(a5)
80007f62: 48 3f        	fld	fa0, 184(a4)
80007f64: ff f4 40 3f  	<unknown>
80007f68: 27 0d b2 3f  	<unknown>
80007f6c: 82 69        	ld	s3, 0(sp)
80007f6e: 4e 3f        	fld	ft10, 240(sp)
80007f70: 07 2d b3 3f  	flw	fs10, 1019(t1)
80007f74: 2f 3b 9a 3f  	<unknown>
80007f78: 72 aa        	fsd	ft8, 272(sp)
80007f7a: 8a 3f        	fld	ft11, 160(sp)
80007f7c: 96 d8        	sw	t0, 112(sp)
80007f7e: 7b 3f f3 e1  	<unknown>
80007f82: 53 3f 81 20  	<unknown>
80007f86: 94 3f        	fld	fa3, 56(a5)
80007f88: 2d b9        	j	0x80007bc2 <Gram_ref_real+0x16a2>
80007f8a: da 3e        	fld	ft9, 432(sp)
80007f8c: 65 f7        	bnez	a4, 0x80007f74 <Gram_ref_real+0x1a54>
80007f8e: 52 3f        	fld	ft10, 304(sp)
80007f90: cb 0f 4d 3f  	<unknown>
80007f94: b0 31        	fld	fa2, 96(a1)
80007f96: d1 3e        	addiw	t4, t4, -12
80007f98: 41 24        	addiw	s0, s0, 16
80007f9a: 55 3f        	addiw	t5, t5, -11
80007f9c: 37 8e 9e 3f  	lui	t3, 260584
80007fa0: 5e ae        	fsd	fs7, 280(sp)
80007fa2: 7a 3f        	fld	ft10, 440(sp)
80007fa4: 3c 46        	lw	a5, 72(a2)
80007fa6: 2f 3f e6 bf  	<unknown>
80007faa: 41 3f        	addiw	t5, t5, -16
80007fac: 7b ce 83 3f  	<unknown>
80007fb0: 73 1a 56 3f  	csrrw	s4, 1013, a2
80007fb4: 01 5f        	li	t5, -32
80007fb6: 98 3f        	fld	fa4, 56(a5)
80007fb8: 94 54        	lw	a3, 40(s1)
80007fba: 52 3f        	fld	ft10, 304(sp)
80007fbc: 9e 45        	lw	a1, 196(sp)
80007fbe: 61 3f        	addiw	t5, t5, -8
80007fc0: 64 ec        	sd	s1, 216(s0)
80007fc2: 42 3f        	fld	ft10, 48(sp)
80007fc4: 17 01 44 3f  	auipc	sp, 259136
80007fc8: 1e c6        	sw	t2, 12(sp)
80007fca: e7 3f 8f 0c  	<unknown>
80007fce: 92 3f        	fld	ft11, 288(sp)
80007fd0: 20 7e        	ld	s0, 120(a2)
80007fd2: 41 3f        	addiw	t5, t5, -16
80007fd4: d1 a3        	j	0x80008598 <Gram_ref_imag+0x78>
80007fd6: a2 3f        	fld	ft11, 40(sp)
80007fd8: 5c 9f        	<unknown>
80007fda: 04 3f        	fld	fs1, 56(a4)
80007fdc: e2 fb        	sd	s8, 496(sp)
80007fde: 88 3f        	fld	fa0, 56(a5)
80007fe0: 34 49        	lw	a3, 80(a0)
80007fe2: 6a 3f        	fld	ft10, 184(sp)
80007fe4: 1d 3f        	addiw	t5, t5, -25
80007fe6: a7 3f ad e6  	fsd	fa0, -385(s10)
80007fea: 9d 3f        	addiw	t6, t6, -25
80007fec: ab 89 e6 3f  	<unknown>
80007ff0: 89 47        	li	a5, 2
80007ff2: da 3f        	fld	ft11, 432(sp)
80007ff4: f2 aa        	fsd	ft8, 336(sp)
80007ff6: 8a 3f        	fld	ft11, 160(sp)
80007ff8: 93 36 30 3f  	sltiu	a3, zero, 1011
80007ffc: 39 5c        	li	s8, -18
80007ffe: 8c 3f        	fld	fa1, 56(a5)
80008000: e8 da        	sw	a0, 116(a3)
80008002: b2 3f        	fld	ft11, 296(sp)
80008004: 67 9c f0 3f  	<unknown>
80008008: 70 d7        	sw	a2, 108(a4)
8000800a: 7d 3f        	addiw	t5, t5, -1
8000800c: f4 83        	<unknown>
8000800e: 60 3f        	fld	fs0, 248(a4)
80008010: 00 db        	sw	s0, 48(a4)
80008012: da 3f        	fld	ft11, 432(sp)
80008014: 9c 7e        	ld	a5, 56(a3)
80008016: 74 3f        	fld	fa3, 248(a4)
80008018: 73 db 74 3f  	csrrwi	s6, 1015, 9
8000801c: d7 3a 1f 3f  	vslidedown.vi	v21, v17, 30
80008020: e0 cc        	sw	s0, 92(s1)
80008022: 8c 3f        	fld	fa1, 56(a5)
80008024: f6 23        	fld	ft7, 344(sp)
80008026: 94 3f        	fld	fa3, 56(a5)
80008028: 23 e3 77 3f  	<unknown>
8000802c: 4e 79        	ld	s2, 240(sp)
8000802e: 6e 3e        	fld	ft8, 248(sp)
80008030: fe 1f        	slli	t6, t6, 63
80008032: 8c 3f        	fld	fa1, 56(a5)
80008034: 2b 71 7e 3f  	<unknown>
80008038: a0 38        	fld	fs0, 112(s1)
8000803a: a6 3f        	fld	ft11, 104(sp)
8000803c: 14 4d        	lw	a3, 24(a0)
8000803e: 82 3f        	fld	ft11, 32(sp)
80008040: 4a 4a        	lw	s4, 144(sp)
80008042: 10 3f        	fld	fa2, 56(a4)
80008044: 24 f3        	sd	s1, 96(a4)
80008046: 39 3f        	addiw	t5, t5, -18
80008048: 5f 7c 8f 3f  	<unknown>
8000804c: 83 4b 89 3f  	lbu	s7, 1016(s2)
80008050: 9f fa 86 3f  	<unknown>
80008054: d8 e0        	sd	a4, 128(s1)
80008056: 3b 3f 06 74  	<unknown>
8000805a: 86 3f        	fld	ft11, 96(sp)
8000805c: 52 dd        	sw	s4, 184(sp)
8000805e: 07 3f 11 24  	fld	ft10, 577(sp)
80008062: d5 3e        	addiw	t4, t4, -11
80008064: da a9        	fsd	fs6, 208(sp)
80008066: f2 3e        	fld	ft9, 312(sp)
80008068: a1 1a        	addi	s5, s5, -24
8000806a: 9b 3f 21 91  	<unknown>
8000806e: 78 3f        	fld	fa4, 248(a4)
80008070: 65 2e        	addiw	t3, t3, 25
80008072: 35 3f        	addiw	t5, t5, -19
80008074: 81 9d        	subw	a1, a1, s0
80008076: 58 3f        	fld	fa4, 184(a4)
80008078: b2 f7        	sd	a2, 488(sp)
8000807a: 93 3f 41 85  	sltiu	t6, sp, -1964
8000807e: b7 3e a0 39  	lui	t4, 236035
80008082: 44 3f        	fld	fs1, 184(a4)
80008084: a0 05        	addi	s0, sp, 712
80008086: 43 3f 36 6a  	fmadd.d	ft10, fa2, ft3, fa3, rup
8000808a: 58 3f        	fld	fa4, 184(a4)
8000808c: 79 77        	lui	a4, 1048574
8000808e: 27 3f 44 95  	fsd	fs4, -1698(s0)
80008092: 85 3f        	addiw	t6, t6, -31
80008094: 8f 62 86 3f  	<unknown>
80008098: e4 ca        	sw	s1, 84(a3)
8000809a: 81 3f        	addiw	t6, t6, -32
8000809c: 42 1c        	slli	s8, s8, 48
8000809e: 6a 3f        	fld	ft10, 184(sp)
800080a0: ca 12        	slli	t0, t0, 50
800080a2: 85 3f        	addiw	t6, t6, -31
800080a4: a5 61        	lui	gp, 9
800080a6: 42 3f        	fld	ft10, 48(sp)
800080a8: e3 a7 85 3f  	<unknown>
800080ac: 61 11        	addi	sp, sp, -8
800080ae: 98 3f        	fld	fa4, 56(a5)
800080b0: bf ce 74 3f  	<unknown>
800080b4: 29 3f        	addiw	t5, t5, -22
800080b6: b6 3f        	fld	ft11, 360(sp)
800080b8: 79 8c        	and	s0, s0, a4
800080ba: 2a 3f        	fld	ft10, 168(sp)
800080bc: aa f7        	sd	a0, 488(sp)
800080be: a9 3e        	addiw	t4, t4, -22
800080c0: 09 a2        	j	0x800081c2 <Gram_ref_real+0x1ca2>
800080c2: 98 3f        	fld	fa4, 56(a5)
800080c4: c9 4a        	li	s5, 18
800080c6: 1f 3f 31 8a  	<unknown>
800080ca: 62 3f        	fld	ft10, 56(sp)
800080cc: 69 c0        	beqz	s0, 0x8000818e <Gram_ref_real+0x1c6e>
800080ce: 80 3f        	fld	fs0, 56(a5)
800080d0: f8 2b        	fld	fa4, 208(a5)
800080d2: f2 3e        	fld	ft9, 312(sp)
800080d4: cb c2 a3 3f  	<unknown>
800080d8: 58 b3        	fsd	fa4, 160(a4)
800080da: 53 3f 7d 80  	<unknown>
800080de: ad 3f        	addiw	t6, t6, -21
800080e0: 9b 04 75 3f  	addiw	s1, a0, 1015
800080e4: 57 ac 82 3f  	<unknown>
800080e8: d4 f1        	sd	a3, 160(a1)
800080ea: 7b 3f f9 61  	<unknown>
800080ee: 93 3f f6 c7  	sltiu	t6, a2, -897
800080f2: 88 3f        	fld	fa0, 56(a5)
800080f4: 0c 1e        	addi	a1, sp, 816
800080f6: a4 3f        	fld	fs1, 120(a5)
800080f8: 0e 87        	mv	a4, gp
800080fa: 33 3f cc 91  	<unknown>
800080fe: 3e 3f        	fld	ft10, 488(sp)
80008100: e0 fb        	sd	s0, 240(a5)
80008102: 13 3f 0b 41  	sltiu	t5, s6, 1040
80008106: 6d 3f        	addiw	t5, t5, -5
80008108: da ac        	fsd	fs6, 88(sp)
8000810a: de 3f        	fld	ft11, 496(sp)
8000810c: de b5        	fsd	fs7, 232(sp)
8000810e: 5d 3f        	addiw	t5, t5, -9
80008110: af 94 9f 3f  	<unknown>
80008114: 42 b5        	fsd	fa6, 168(sp)
80008116: 52 3f        	fld	ft10, 304(sp)
80008118: a6 27        	fld	fa5, 72(sp)
8000811a: d1 3f        	addiw	t6, t6, -12
8000811c: 60 83        	<unknown>
8000811e: 84 3f        	fld	fs1, 56(a5)
80008120: d9 47        	li	a5, 22
80008122: 2c 3f        	fld	fa1, 120(a4)
80008124: 37 55 5f 3f  	lui	a0, 259573
80008128: 7f 59 b5 3f  	<unknown>
8000812c: d8 45        	lw	a4, 12(a1)
8000812e: 4f 3f 26 b2  	fnmadd.d	ft10, fa2, ft2, fs6, rup
80008132: 0a 3f        	fld	ft10, 160(sp)
80008134: c9 fc        	bnez	s1, 0x800080ce <Gram_ref_real+0x1bae>
80008136: 41 3f        	addiw	t5, t5, -16
80008138: f9 7a        	lui	s5, 1048574
8000813a: 6e 3f        	fld	ft10, 248(sp)
8000813c: a1 12        	addi	t0, t0, -24
8000813e: 8e 3f        	fld	ft11, 224(sp)
80008140: d3 5b 14 3f  	<unknown>
80008144: 20 26        	fld	fs0, 72(a2)
80008146: 85 3f        	addiw	t6, t6, -31
80008148: 7e 04        	slli	s0, s0, 31
8000814a: 75 3f        	addiw	t5, t5, -3
8000814c: 5b fd cb 3f  	<unknown>
80008150: 8a 55        	lw	a1, 160(sp)
80008152: ce 3f        	fld	ft11, 240(sp)
80008154: 50 53        	lw	a2, 36(a4)
80008156: d2 3f        	fld	ft11, 304(sp)
80008158: c7 59 c3 3f  	<unknown>
8000815c: cc 6d        	ld	a1, 152(a1)
8000815e: 65 3f        	addiw	t5, t5, -7
80008160: bf 17 9a 3f  	<unknown>
80008164: f2 fd        	sd	t3, 248(sp)
80008166: 26 3f        	fld	ft10, 104(sp)
80008168: 12 16        	slli	a2, a2, 36
8000816a: cd 3f        	addiw	t6, t6, -13
8000816c: e4 5f        	lw	s1, 124(a5)
8000816e: 22 3f        	fld	ft10, 40(sp)
80008170: 9f b8 6b 3f  	<unknown>
80008174: ce 60        	ld	ra, 208(sp)
80008176: 53 3f d4 4d  	<unknown>
8000817a: 58 3f        	fld	fa4, 184(a4)
8000817c: d2 4e        	lw	t4, 20(sp)
8000817e: 92 3f        	fld	ft11, 288(sp)
80008180: 95 7f        	lui	t6, 1048549
80008182: 4d 3f        	addiw	t5, t5, -13
80008184: 86 cf        	sw	ra, 220(sp)
80008186: 63 3f 9d c4  	<unknown>
8000818a: 5f 3f b1 32  	<unknown>
8000818e: 85 3f        	addiw	t6, t6, -31
80008190: e5 08        	addi	a7, a7, 25
80008192: 83 3f 41 6d  	ld	t6, 1748(sp)
80008196: 4d 3f        	addiw	t5, t5, -13
80008198: cb 40 6c 3f  	<unknown>
8000819c: a6 4c        	lw	s9, 72(sp)
8000819e: 5e 3f        	fld	ft10, 496(sp)
800081a0: 18 8a        	<unknown>
800081a2: b6 3e        	fld	ft9, 360(sp)
800081a4: f6 d4        	sw	t4, 104(sp)
800081a6: 71 3f        	addiw	t5, t5, -4
800081a8: 0b d8 2c 3f  	<unknown>
800081ac: e6 7a        	ld	s5, 120(sp)
800081ae: fd 3e        	addiw	t4, t4, -1
800081b0: ce 7a        	ld	s5, 240(sp)
800081b2: 81 3f        	addiw	t6, t6, -32
800081b4: 1b 88 7b 3f  	addiw	a6, s7, 1015
800081b8: 6f 41 15 3f  	jal	sp, 0x8005cda8 <timer+0x52348>
800081bc: 8f b9 8e 3f  	<unknown>
800081c0: d5 a9        	j	0x800086b4 <Gram_ref_imag+0x194>
800081c2: 57 3f 95 ca  	<unknown>
800081c6: 7a 3f        	fld	ft10, 440(sp)
800081c8: ef fb 9a 3f  	jal	s7, 0x800b7dc0 <timer+0xad360>
800081cc: 80 73        	ld	s0, 32(a5)
800081ce: 5f 3f 52 41  	<unknown>
800081d2: 53 3f c0 06  	<unknown>
800081d6: bc 3f        	fld	fa5, 120(a5)
800081d8: 80 27        	fld	fs0, 8(a5)
800081da: cc 3e        	fld	fa1, 184(a3)
800081dc: 64 d2        	sw	s1, 100(a2)
800081de: ca 3f        	fld	ft11, 176(sp)
800081e0: 92 72        	ld	t0, 288(sp)
800081e2: 93 3f 77 90  	sltiu	t6, a4, -1785
800081e6: 94 3f        	fld	fa3, 56(a5)
800081e8: 5d 21        	addiw	sp, sp, 23
800081ea: 32 3f        	fld	ft10, 296(sp)
800081ec: 9c 4d        	lw	a5, 24(a1)
800081ee: b5 3f        	addiw	t6, t6, -19
800081f0: 5a 43        	lw	t1, 148(sp)
800081f2: 02 3f        	fld	ft10, 32(sp)
800081f4: 98 05        	addi	a4, sp, 704
800081f6: a1 3f        	addiw	t6, t6, -24
800081f8: f4 d6        	sw	a3, 108(a3)
800081fa: df 3e a8 41  	<unknown>
800081fe: a0 3f        	fld	fs0, 120(a5)
80008200: 74 ed        	sd	a3, 216(a0)
80008202: b0 3f        	fld	fa2, 120(a5)
80008204: 44 0d        	addi	s1, sp, 660
80008206: ce 3f        	fld	ft11, 240(sp)
80008208: 8b 92 a3 3f  	<unknown>
8000820c: 93 bb 5c 3f  	sltiu	s7, s9, 1013
80008210: 85 e4        	bnez	s1, 0x80008238 <Gram_ref_real+0x1d18>
80008212: 8c 3f        	fld	fa1, 56(a5)
80008214: fc 10        	addi	a5, sp, 108
80008216: 86 3f        	fld	ft11, 96(sp)
80008218: 9d fa        	bnez	a3, 0x8000814e <Gram_ref_real+0x1c2e>
8000821a: 60 3f        	fld	fs0, 248(a4)
8000821c: 2a 2b        	fld	fs6, 136(sp)
8000821e: 81 3f        	addiw	t6, t6, -32
80008220: fd eb        	bnez	a5, 0x80008316 <Gram_ref_real+0x1df6>
80008222: 88 3f        	fld	fa0, 56(a5)
80008224: 1f 21 78 3f  	<unknown>
80008228: 0e d8        	sw	gp, 48(sp)
8000822a: c2 3f        	fld	ft11, 48(sp)
8000822c: 8c 5a        	lw	a1, 48(a3)
8000822e: 29 3f        	addiw	t5, t5, -22
80008230: 04 d1        	sw	s1, 32(a0)
80008232: 9f 3f 88 d6  	<unknown>
80008236: c9 3f        	addiw	t6, t6, -14
80008238: 10 40        	lw	a2, 0(s0)
8000823a: 7e 3f        	fld	ft10, 504(sp)
8000823c: b6 fb        	sd	a3, 496(sp)
8000823e: 8f 3f 98 e8  	<unknown>
80008242: a2 3f        	fld	ft11, 40(sp)
80008244: a6 43        	lw	t2, 72(sp)
80008246: 81 3f        	addiw	t6, t6, -32
80008248: 6d 9d        	<unknown>
8000824a: 82 3f        	fld	ft11, 32(sp)
8000824c: 31 dc        	beqz	s0, 0x800081a8 <Gram_ref_real+0x1c88>
8000824e: 8f 3f 6e 2c  	<unknown>
80008252: 15 3f        	addiw	t5, t5, -27
80008254: cc a1        	fsd	fa1, 128(a1)
80008256: 27 3f a3 5a  	fsd	fa0, 1470(t1)
8000825a: 8f 3f 4c cc  	<unknown>
8000825e: 60 3f        	fld	fs0, 248(a4)
80008260: 1c 80        	<unknown>
80008262: 7f 3f 0a 55  	<unknown>
80008266: bb 3f fb 3f  	<unknown>
8000826a: 8d 3f        	addiw	t6, t6, -29
8000826c: d6 ea        	sd	s5, 336(sp)
8000826e: c8 3f        	fld	fa0, 184(a5)
80008270: b0 88        	<unknown>
80008272: d1 3e        	addiw	t4, t4, -12
80008274: 45 37        	addiw	a4, a4, -15
80008276: ae 3e        	fld	ft9, 232(sp)
80008278: ec 2f        	fld	fa1, 216(a5)
8000827a: 52 3f        	fld	ft10, 304(sp)
8000827c: 0c f5        	sd	a1, 40(a0)
8000827e: 79 3f        	addiw	t5, t5, -2
80008280: e9 88        	andi	s1, s1, 26
80008282: 7d 3f        	addiw	t5, t5, -1
80008284: 60 bc        	fsd	fs0, 248(s0)
80008286: 24 3f        	fld	fs1, 120(a4)
80008288: 87 8f 1b 3f  	<unknown>
8000828c: 50 04        	addi	a2, sp, 516
8000828e: 57 3f ff bf  	vnclip.wi	v30, v31, 30
80008292: 81 3f        	addiw	t6, t6, -32
80008294: 47 54 8e 3f  	<unknown>
80008298: 3d 5a        	li	s4, -17
8000829a: 7a 3f        	fld	ft10, 440(sp)
8000829c: 82 63        	ld	t2, 0(sp)
8000829e: 5c 3f        	fld	fa5, 184(a4)
800082a0: bd 83        	srli	a5, a5, 15
800082a2: a7 3f d9 a8  	fsd	fa3, -1377(s2)
800082a6: 7e 3f        	fld	ft10, 504(sp)
800082a8: e3 a7 67 3f  	<unknown>
800082ac: 8f 56 ce 3f  	<unknown>
800082b0: 01 f0        	bnez	s0, 0x800081b0 <Gram_ref_real+0x1c90>
800082b2: 2e 3f        	fld	ft10, 232(sp)
800082b4: 7a 63        	ld	t1, 408(sp)
800082b6: 88 3f        	fld	fa0, 56(a5)
800082b8: b6 08        	slli	a7, a7, 13
800082ba: 5e 3f        	fld	ft10, 496(sp)
800082bc: 26 dc        	sw	s1, 56(sp)
800082be: 17 3f 04 ca  	auipc	t5, 827459
800082c2: c3 3f 0a a5  	<unknown>
800082c6: 8f 3f 2b a7  	<unknown>
800082ca: 01 3f        	addiw	t5, t5, -32
800082cc: ff 35 80 3f  	<unknown>
800082d0: 46 67        	ld	a4, 80(sp)
800082d2: c8 3e        	fld	fa0, 184(a3)
800082d4: 0d 63        	lui	t1, 3
800082d6: 71 3f        	addiw	t5, t5, -4
800082d8: a2 80        	mv	ra, s0
800082da: 79 3f        	addiw	t5, t5, -2
800082dc: 84 e5        	sd	s1, 8(a1)
800082de: c1 3f        	addiw	t6, t6, -16
800082e0: ee 70        	ld	ra, 248(sp)
800082e2: b6 3f        	fld	ft11, 360(sp)
800082e4: 0e 41        	lw	sp, 192(sp)
800082e6: bd 3f        	addiw	t6, t6, -17
800082e8: af fd ae 3e  	<unknown>
800082ec: 51 62        	lui	tp, 20
800082ee: 62 3f        	fld	ft10, 56(sp)
800082f0: 99 c9        	beqz	a1, 0x80008306 <Gram_ref_real+0x1de6>
800082f2: 76 3f        	fld	ft10, 376(sp)
800082f4: eb de af 3f  	<unknown>
800082f8: 25 7b        	lui	s6, 1048553
800082fa: b7 3f 15 95  	lui	t6, 610643
800082fe: 5f 3f d6 94  	<unknown>
80008302: 21 3f        	addiw	t5, t5, -24
80008304: aa 4c        	lw	s9, 136(sp)
80008306: 8e 3f        	fld	ft11, 224(sp)
80008308: a7 55 f1 3f  	<unknown>
8000830c: 0f 58 7b 3f  	<unknown>
80008310: ad 6e        	lui	t4, 11
80008312: d4 3f        	fld	fa3, 184(a5)
80008314: 60 f5        	sd	s0, 232(a0)
80008316: 79 3f        	addiw	t5, t5, -2
80008318: 10 56        	lw	a2, 40(a2)
8000831a: c9 3f        	addiw	t6, t6, -14
8000831c: 82 a2        	fsd	ft0, 320(sp)
8000831e: 7c 3f        	fld	fa5, 248(a4)
80008320: d7 57 97 3f  	vfslide1down.vf	v15, v25, fa4
80008324: 41 22        	addiw	tp, tp, 16
80008326: 94 3f        	fld	fa3, 56(a5)
80008328: 80 86        	<unknown>
8000832a: bc 3f        	fld	fa5, 120(a5)
8000832c: 74 6f        	ld	a3, 216(a4)
8000832e: 2e 3f        	fld	ft10, 232(sp)
80008330: b3 62 07 3f  	<unknown>
80008334: f5 67        	lui	a5, 29
80008336: 35 3f        	addiw	t5, t5, -19
80008338: e0 84        	<unknown>
8000833a: b7 3f 90 eb  	lui	t6, 964867
8000833e: e2 3f        	fld	ft11, 56(sp)
80008340: bf 95 2b 3f  	<unknown>
80008344: 78 9f        	<unknown>
80008346: d5 3f        	addiw	t6, t6, -11
80008348: 13 06 d5 3f  	addi	a2, a0, 1021
8000834c: e3 4c ad 3f  	blt	s10, s10, 0x80008f44 <Gram_ref_imag+0xa24>
80008350: 45 9e        	<unknown>
80008352: 00 40        	lw	s0, 0(s0)
80008354: b5 78        	lui	a7, 1048557
80008356: 0a 40        	<unknown>
80008358: 99 5e        	li	t4, -26
8000835a: 00 40        	lw	s0, 0(s0)
8000835c: 08 a2        	fsd	fa0, 0(a2)
8000835e: 89 3f        	addiw	t6, t6, -30
80008360: 80 6a        	ld	s0, 16(a3)
80008362: bc 3f        	fld	fa5, 120(a5)
80008364: 92 ac        	fsd	ft4, 88(sp)
80008366: e5 3e        	addiw	t4, t4, -7
80008368: 16 cc        	sw	t0, 24(sp)
8000836a: 11 40        	c.li	zero, 4
8000836c: 5f e4 8d 3f  	<unknown>
80008370: 36 77        	ld	a4, 360(sp)
80008372: bd 3f        	addiw	t6, t6, -17
80008374: 29 e2        	bnez	a2, 0x800083b6 <Gram_ref_real+0x1e96>
80008376: b2 3f        	fld	ft11, 296(sp)
80008378: 5c 57        	lw	a5, 44(a4)
8000837a: 87 3f a1 e5  	fld	ft11, -422(sp)
8000837e: 8c 3f        	fld	fa1, 56(a5)
80008380: f7 5b b3 3f  	<unknown>
80008384: b8 c4        	sw	a4, 72(s1)
80008386: af 3f 19 0d  	amoswap.d.aq	t6, a7, (s2)
8000838a: 73 3f 32 9f  	csrrc	t5, 2547, tp
8000838e: 7a 3f        	fld	ft10, 440(sp)
80008390: fe c0        	sw	t6, 64(sp)
80008392: c7 3f f5 6d  	<unknown>
80008396: 67 3f 3d 59  	<unknown>
8000839a: e4 3f        	fld	fs1, 248(a5)
8000839c: fe 3b        	fld	fs7, 504(sp)
8000839e: a0 3f        	fld	fs0, 120(a5)
800083a0: 07 f8 8e 3f  	<unknown>
800083a4: 8b 47 ba 3f  	<unknown>
800083a8: 92 b0        	fsd	ft4, 96(sp)
800083aa: 81 3f        	addiw	t6, t6, -32
800083ac: fa 25        	fld	fa1, 408(sp)
800083ae: dd 3f        	addiw	t6, t6, -9
800083b0: 6a d8        	sw	s10, 48(sp)
800083b2: 82 3f        	fld	ft11, 32(sp)
800083b4: 96 41        	lw	gp, 68(sp)
800083b6: 9e 3f        	fld	ft11, 480(sp)
800083b8: 35 25        	addiw	a0, a0, 13
800083ba: c3 3f fa 89  	fmadd.s	ft11, fs4, ft11, fa7, rup
800083be: 4e 3f        	fld	ft10, 240(sp)
800083c0: 86 3e        	fld	ft9, 96(sp)
800083c2: 6b 3f 3f 6c  	<unknown>
800083c6: a4 3f        	fld	fs1, 120(a5)
800083c8: 85 86        	srai	a3, a3, 1
800083ca: f5 3f        	addiw	t6, t6, -3
800083cc: 77 6b 81 3f  	<unknown>
800083d0: f9 5d        	li	s11, -2
800083d2: 70 3f        	fld	fa2, 248(a4)
800083d4: 9e b7        	fsd	ft7, 488(sp)
800083d6: 05 40        	c.li	zero, 1
800083d8: 0a 7c        	ld	s8, 160(sp)
800083da: 86 3f        	fld	ft11, 96(sp)
800083dc: 47 3e f4 3f  	<unknown>
800083e0: 77 33 e6 3f  	<unknown>
800083e4: 22 9d        	add	s10, s10, s0
800083e6: e4 3f        	fld	fs1, 248(a5)
800083e8: 70 83        	<unknown>
800083ea: af 3f b5 48  	<unknown>
800083ee: e7 3f 3d bc  	<unknown>
800083f2: 01 40        	c.li	zero, 0
800083f4: 03 67 9a 3f  	lwu	a4, 1017(s4)
800083f8: ad 6a        	lui	s5, 11
800083fa: 53 3f e0 2f  	<unknown>
800083fe: f1 3f        	addiw	t6, t6, -4
80008400: 1f 4b 9b 3f  	<unknown>
80008404: 28 cc        	sw	a0, 88(s0)
80008406: 06 40        	<unknown>
80008408: dd b4        	j	0x80007eee <Gram_ref_real+0x19ce>
8000840a: 90 3f        	fld	fa2, 56(a5)
8000840c: 35 a9        	j	0x80008848 <Gram_ref_imag+0x328>
8000840e: 80 3f        	fld	fs0, 56(a5)
80008410: 28 b4        	fsd	fa0, 104(s0)
80008412: df 3f 66 73  	<unknown>
80008416: a5 3f        	addiw	t6, t6, -23
80008418: 54 a6        	fsd	fa3, 136(a2)
8000841a: ca 3f        	fld	ft11, 176(sp)
8000841c: af b4 7e 3f  	<unknown>
80008420: 4c ed        	sd	a1, 152(a0)
80008422: 72 3f        	fld	ft10, 312(sp)
80008424: 40 2f        	fld	fs0, 152(a4)
80008426: 07 40 32 ae  	<unknown>
8000842a: c0 3f        	fld	fs0, 184(a5)
8000842c: e7 d2 9e 3f  	<unknown>
80008430: fa a3        	fsd	ft10, 448(sp)
80008432: c3 3f c4 e0  	fmadd.s	ft11, fs0, fa2, ft8, rup
80008436: cf 3f 12 d9  	fnmadd.s	ft11, ft4, fa7, fs11, rup
8000843a: b0 3f        	fld	fa2, 120(a5)
8000843c: 49 ea        	bnez	a2, 0x800084ce <Gram_ref_real+0x1fae>
8000843e: b4 3f        	fld	fa3, 120(a5)
80008440: b2 8d        	mv	s11, a2
80008442: a6 3f        	fld	ft11, 104(sp)
80008444: 76 a0        	fsd	ft9, 0(sp)
80008446: be 3f        	fld	ft11, 488(sp)
80008448: c4 a8        	fsd	fs1, 144(s1)
8000844a: 91 3f        	addiw	t6, t6, -28
8000844c: 21 95        	srai	a0, a0, 40
8000844e: c6 3f        	fld	ft11, 112(sp)
80008450: 91 56        	li	a3, -28
80008452: a1 3f        	addiw	t6, t6, -24
80008454: 04 f8        	sd	s1, 48(s0)
80008456: 69 3f        	addiw	t5, t5, -6
80008458: 82 61        	ld	gp, 0(sp)
8000845a: 9a 3f        	fld	ft11, 416(sp)
8000845c: 40 25        	fld	fs0, 136(a0)
8000845e: 64 3f        	fld	fs1, 248(a4)
80008460: fa c5        	sw	t5, 200(sp)
80008462: 95 3f        	addiw	t6, t6, -27
80008464: 7c 33        	fld	fa5, 224(a4)
80008466: b3 3f cc 61  	<unknown>
8000846a: b5 3f        	addiw	t6, t6, -19
8000846c: cb d8 df 3f  	<unknown>
80008470: 95 6b        	lui	s7, 5
80008472: ca 3e        	fld	ft9, 176(sp)
80008474: 32 82        	mv	tp, a2
80008476: c3 3f bc 50  	fmadd.s	ft11, fs8, fa1, fa0, rup
8000847a: ad 3f        	addiw	t6, t6, -21
8000847c: 7d 60        	c.lui	zero, 31
8000847e: 95 3f        	addiw	t6, t6, -27
80008480: e9 49        	li	s3, 26
80008482: b2 3f        	fld	ft11, 296(sp)
80008484: 8a a3        	fsd	ft2, 448(sp)
80008486: 94 3f        	fld	fa3, 56(a5)
80008488: 5f 69 b3 3f  	<unknown>
8000848c: f3 3e 15 3f  	csrrc	t4, 1009, a0
80008490: 12 17        	slli	a4, a4, 36
80008492: b6 3f        	fld	ft11, 360(sp)
80008494: 11 bb        	j	0x800081a8 <Gram_ref_real+0x1c88>
80008496: 10 40        	lw	a2, 0(s0)
80008498: a1 bb        	j	0x800081f0 <Gram_ref_real+0x1cd0>
8000849a: ff 3f 04 e0  	<unknown>
8000849e: a9 3f        	addiw	t6, t6, -22
800084a0: 35 e9        	bnez	a0, 0x80008514 <Gram_ref_real+0x1ff4>
800084a2: 8a 3f        	fld	ft11, 160(sp)
800084a4: 00 26        	fld	fs0, 8(a2)
800084a6: c6 3f        	fld	ft11, 112(sp)
800084a8: 68 94        	<unknown>
800084aa: b2 3f        	fld	ft11, 296(sp)
800084ac: b9 6c        	lui	s9, 14
800084ae: df 3f f3 cd  	<unknown>
800084b2: 60 3f        	fld	fs0, 248(a4)
800084b4: 7d ae        	j	0x80008872 <Gram_ref_imag+0x352>
800084b6: e4 3f        	fld	fs1, 248(a5)
800084b8: 60 92        	<unknown>
800084ba: 98 3f        	fld	fa4, 56(a5)
800084bc: 0e 55        	lw	a0, 224(sp)
800084be: 03 3f f6 d4  	ld	t5, -689(a2)
800084c2: c5 3f        	addiw	t6, t6, -15
800084c4: 46 6e        	ld	t3, 80(sp)
800084c6: ac 3f        	fld	fa1, 120(a5)
800084c8: 90 68        	ld	a2, 16(s1)
800084ca: 88 3f        	fld	fa0, 56(a5)
800084cc: da ca        	sw	s6, 84(sp)
800084ce: 8d 3f        	addiw	t6, t6, -29
800084d0: 72 ff        	sd	t3, 440(sp)
800084d2: 9e 3e        	fld	ft9, 480(sp)
800084d4: 6c 37        	fld	fa1, 232(a4)
800084d6: fc 3f        	fld	fa5, 248(a5)
800084d8: 1d 9a        	andi	a2, a2, -25
800084da: ef 3f 3e 11  	jal	t6, 0x800ebdec <timer+0xe138c>
800084de: e1 3f        	addiw	t6, t6, -8
800084e0: 66 e1        	sd	s9, 128(sp)
800084e2: c7 3f e6 5a  	fmsub.d	ft11, fa2, fa4, fa1, rup
800084e6: 10 40        	lw	a2, 0(s0)
800084e8: cf 21 5b 3f  	<unknown>
800084ec: 1c c1        	sw	a5, 0(a0)
800084ee: 6b 3f de 4b  	<unknown>
800084f2: 81 3f        	addiw	t6, t6, -32
800084f4: ad 52        	li	t0, -21
800084f6: 12 40        	<unknown>
800084f8: 20 df        	sw	s0, 120(a4)
800084fa: b6 3f        	fld	ft11, 360(sp)
800084fc: 9e 8d        	mv	s11, t2
800084fe: 5a 3f        	fld	ft10, 432(sp)
80008500: fa ab        	fsd	ft10, 464(sp)
80008502: d9 3e        	addiw	t4, t4, -10
80008504: 0d 10        	c.nop	-29
80008506: b0 3f        	fld	fa2, 120(a5)
80008508: 01 fd        	bnez	a0, 0x80008420 <Gram_ref_real+0x1f00>
8000850a: 0c 40        	lw	a1, 0(s0)
8000850c: da 02        	slli	t0, t0, 22
8000850e: a5 3f        	addiw	t6, t6, -23
80008510: 4e 57        	lw	a4, 240(sp)
80008512: 05 40        	c.li	zero, 1
80008514: c0 2f        	fld	fs0, 152(a5)
80008516: a6 3f        	fld	ft11, 104(sp)
80008518: 59 e5        	bnez	a0, 0x800085a6 <Gram_ref_imag+0x86>
8000851a: 10 40        	lw	a2, 0(s0)
8000851c: 40 f1        	sd	s0, 160(a0)
8000851e: 49 3f        	addiw	t5, t5, -14

0000000080008520 <Gram_ref_imag>:
		...
80008720: 49 17        	addi	a4, a4, -14
80008722: 44 bd        	fsd	fs1, 184(a0)
80008724: cf fc 9c 3e  	<unknown>
80008728: 89 1c        	addi	s9, s9, -30
8000872a: 18 bd        	fsd	fa4, 56(a0)
8000872c: 57 23 19 3d  	<unknown>
80008730: 22 4a        	lw	s4, 8(sp)
80008732: ed 3e        	addiw	t4, t4, -5
80008734: 55 48        	li	a6, 21
80008736: 08 3e        	fld	fa0, 56(a2)
80008738: 53 24 3c 3f  	<unknown>
8000873c: 1a 6f        	ld	t5, 384(sp)
8000873e: 02 be        	fsd	ft0, 312(sp)
80008740: 2f 55 8e 3e  	<unknown>
80008744: 03 1b d9 3e  	lh	s6, 1005(s2)
80008748: 3b f5 af bd  	<unknown>
8000874c: cd 55        	li	a1, -13
8000874e: 1b be 9a 77  	<unknown>
80008752: 68 be        	fsd	fa0, 248(a2)
80008754: 0c f0        	sd	a1, 32(s0)
80008756: 59 be        	j	0x800082ec <Gram_ref_real+0x1dcc>
80008758: 9a e4        	sd	t1, 72(sp)
8000875a: 6b 3d 51 8d  	<unknown>
8000875e: 8b bd b9 f1  	<unknown>
80008762: 52 be        	fsd	fs4, 312(sp)
80008764: f8 ac        	fsd	fa4, 216(s1)
80008766: ba 3e        	fld	ft9, 424(sp)
80008768: 24 4f        	lw	s1, 88(a4)
8000876a: 07 be ef a0  	fld	ft8, -1522(t6)
8000876e: b2 3e        	fld	ft9, 296(sp)
80008770: 9c a7        	fsd	fa5, 8(a5)
80008772: 19 bd        	j	0x80008588 <Gram_ref_imag+0x68>
80008774: c6 80        	mv	ra, a7
80008776: da bd        	fsd	fs6, 248(sp)
80008778: 8f 48 ce 3e  	<unknown>
8000877c: 87 5a 22 be  	<unknown>
80008780: 83 e2 1d be  	lwu	t0, -1055(s11)
80008784: 76 1c        	slli	s8, s8, 61
80008786: d2 3e        	fld	ft9, 304(sp)
80008788: 79 d2        	beqz	a2, 0x8000874e <Gram_ref_imag+0x22e>
8000878a: 29 3e        	addiw	t3, t3, -22
8000878c: 9e 66        	ld	a3, 448(sp)
8000878e: f0 3e        	fld	fa2, 248(a3)
80008790: 7d 96        	srai	a2, a2, 63
80008792: 82 3e        	fld	ft9, 32(sp)
80008794: 8e f9        	sd	gp, 240(sp)
80008796: bd be        	j	0x80008314 <Gram_ref_real+0x1df4>
80008798: 18 69        	ld	a4, 16(a0)
8000879a: 49 be        	j	0x8000832c <Gram_ref_real+0x1e0c>
8000879c: 08 20        	fld	fa0, 0(s0)
8000879e: 96 3e        	fld	ft9, 352(sp)
800087a0: 84 5c        	lw	s1, 56(s1)
800087a2: a2 3e        	fld	ft9, 40(sp)
800087a4: 3d 9d        	addw	a0, a0, a5
800087a6: 8f bd 33 ca  	<unknown>
800087aa: ee be        	fsd	fs11, 376(sp)
800087ac: d5 54        	li	s1, -11
800087ae: 1c 3e        	fld	fa5, 56(a2)
800087b0: 50 5c        	lw	a2, 60(s0)
800087b2: 82 3e        	fld	ft9, 32(sp)
800087b4: 71 63        	lui	t1, 28
800087b6: 25 3f        	addiw	t5, t5, -23
800087b8: e1 46        	li	a3, 24
800087ba: 8f 3e 76 37  	<unknown>
800087be: 82 3e        	fld	ft9, 32(sp)
800087c0: cc 65        	ld	a1, 136(a1)
800087c2: 7e 3a        	fld	fs4, 504(sp)
800087c4: 1c d0        	sw	a5, 32(s0)
800087c6: 42 be        	fsd	fa6, 312(sp)
800087c8: 5a cb        	sw	s6, 148(sp)
800087ca: 2f 3e 32 45  	amoor.d.aq	t3, s3, (tp)
800087ce: b0 3d        	fld	fa2, 120(a1)
800087d0: 01 51        	li	sp, -32
800087d2: ce bc        	fsd	fs3, 120(sp)
800087d4: d9 e1        	bnez	a1, 0x8000885a <Gram_ref_imag+0x33a>
800087d6: 28 3f        	fld	fa0, 120(a4)
800087d8: 67 4f 33 be  	<unknown>
800087dc: 8b 89 b5 3d  	<unknown>
800087e0: 53 23 11 bb  	<unknown>
800087e4: bc c1        	sw	a5, 64(a1)
800087e6: 0e bd        	fsd	ft3, 184(sp)
800087e8: c1 28        	addiw	a7, a7, 16
800087ea: 60 be        	fsd	fs0, 248(a2)
800087ec: 17 31 de 3e  	auipc	sp, 257507
800087f0: c1 12        	addi	t0, t0, -16
800087f2: 23 bf f5 90  	sd	a5, -1762(a1)
800087f6: d3 3d 1c 10  	fmul.s	fs11, fs8, ft1, rup
800087fa: 99 bd        	j	0x80008650 <Gram_ref_imag+0x130>
800087fc: a6 99        	add	s3, s3, s1
800087fe: de 3e        	fld	ft9, 496(sp)
80008800: 1b c0 d4 3c  	<unknown>
80008804: 07 7e bc 3d  	<unknown>
80008808: 27 bb a1 3e  	fsd	fa0, 1014(gp)
8000880c: 32 39        	fld	fs2, 296(sp)
8000880e: d4 3c        	fld	fa3, 184(s1)
80008810: ed e2        	bnez	a3, 0x800088f2 <Gram_ref_imag+0x3d2>
80008812: 2c 3c        	fld	fa1, 120(s0)
80008814: c2 25        	fld	fa1, 16(sp)
80008816: 3d 3e        	addiw	t3, t3, -17
80008818: f1 da        	beqz	a3, 0x800087ec <Gram_ref_imag+0x2cc>
8000881a: b6 3e        	fld	ft9, 360(sp)
8000881c: d6 b9        	fsd	fs5, 240(sp)
8000881e: 8e 3e        	fld	ft9, 224(sp)
80008820: 02 82        	jr	tp
80008822: 4a 3f        	fld	ft10, 176(sp)
80008824: 8a b2        	fsd	ft2, 352(sp)
80008826: 66 3e        	fld	ft8, 120(sp)
80008828: 7a c1        	sw	t5, 128(sp)
8000882a: f9 3d        	addiw	s11, s11, -2
8000882c: fb 4b b8 be  	<unknown>
80008830: f4 35        	fld	fa3, 232(a1)
80008832: 10 bf        	fsd	fa2, 56(a4)
80008834: be 15        	slli	a1, a1, 47
80008836: 1b bd 55 c4  	<unknown>
8000883a: 6f be f2 4c  	jal	t3, 0x80034508 <timer+0x29aa8>
8000883e: 9e 3d        	fld	fs11, 480(sp)
80008840: 9d a4        	j	0x80008aa6 <Gram_ref_imag+0x586>
80008842: b2 be        	fsd	fa2, 376(sp)
80008844: 61 08        	addi	a6, a6, 24
80008846: 10 bd        	fsd	fa2, 56(a0)
80008848: e7 26 67 be  	<unknown>
8000884c: 46 9b        	add	s6, s6, a7
8000884e: 10 3f        	fld	fa2, 56(a4)
80008850: 60 b8        	fsd	fs0, 240(s0)
80008852: 54 3e        	fld	fa3, 184(a2)
80008854: a9 b6        	j	0x8000839e <Gram_ref_real+0x1e7e>
80008856: c4 be        	fsd	fs1, 184(a3)
80008858: ba cd        	sw	a4, 216(sp)
8000885a: bc 3e        	fld	fa5, 120(a3)
8000885c: bd ea        	bnez	a3, 0x800088d2 <Gram_ref_imag+0x3b2>
8000885e: 16 3f        	fld	ft10, 352(sp)
80008860: 98 23        	fld	fa4, 0(a5)
80008862: 8b 3e ff 55  	<unknown>
80008866: 13 bf 3c 9c  	sltiu	t5, s9, -1597
8000886a: 30 3e        	fld	fa2, 120(a2)
8000886c: 72 95        	add	a0, a0, t3
8000886e: de be        	fsd	fs7, 376(sp)
80008870: 1a 0a        	slli	s4, s4, 6
80008872: 4c 3d        	fld	fa1, 184(a0)
80008874: f3 ad 33 3e  	csrrs	s11, pmpaddr51, t2
80008878: 30 02        	addi	a2, sp, 264
8000887a: 00 3f        	fld	fs0, 56(a4)
8000887c: c7 e1 36 be  	<unknown>
80008880: 28 d8        	sw	a0, 112(s0)
80008882: 0d be        	j	0x800083b4 <Gram_ref_real+0x1e94>
80008884: 5e 0b        	slli	s6, s6, 23
80008886: 5f bd 8a 71  	<unknown>
8000888a: 05 3f        	addiw	t5, t5, -31
8000888c: 18 57        	lw	a4, 40(a4)
8000888e: 3f 3d 37 5d  	<unknown>
80008892: 53 be 6f c9  	<unknown>
80008896: bb 3c 4a 03  	<unknown>
8000889a: 03 3c 89 f2  	ld	s8, -216(s2)
8000889e: d7 be f4 52  	<unknown>
800088a2: 99 3e        	addiw	t4, t4, -26
800088a4: c9 6f        	lui	t6, 18
800088a6: 97 3c 9a 38  	auipc	s9, 231843
800088aa: 25 be        	j	0x800083e2 <Gram_ref_real+0x1ec2>
800088ac: ba 01        	slli	gp, gp, 14
800088ae: 0a 3f        	fld	ft10, 160(sp)
800088b0: 4c 0b        	addi	a1, sp, 404
800088b2: 10 3e        	fld	fa2, 56(a2)
800088b4: 8e 8d        	mv	s11, gp
800088b6: cc 3d        	fld	fa1, 184(a1)
800088b8: 8a bc        	fsd	ft2, 120(sp)
800088ba: 67 3d d7 00  	<unknown>
800088be: 23 be bc da  	sd	a1, -580(s9)
800088c2: ae 3d        	fld	fs11, 232(sp)
800088c4: f7 44 8e 3c  	<unknown>
800088c8: f2 4e        	lw	t4, 28(sp)
800088ca: c5 3e        	addiw	t4, t4, -15
800088cc: 4a 60        	<unknown>
800088ce: 06 bf        	fsd	ft1, 440(sp)
800088d0: 85 0a        	addi	s5, s5, 1
800088d2: be 3d        	fld	fs11, 488(sp)
800088d4: 33 27 79 3c  	<unknown>
800088d8: 2d bc        	j	0x80008312 <Gram_ref_real+0x1df2>
800088da: ac 3e        	fld	fa1, 120(a3)
800088dc: 70 bc        	fsd	fa2, 248(s0)
800088de: cf 3e 16 3f  	<unknown>
800088e2: 3e 3e        	fld	ft8, 488(sp)
800088e4: 0b fe 8a 3e  	<unknown>
800088e8: 8b 7c 1c 3f  	<unknown>
800088ec: 76 61        	ld	sp, 344(sp)
800088ee: 7e be        	fsd	ft11, 312(sp)
800088f0: 2f 57 67 be  	<unknown>
800088f4: 35 05        	addi	a0, a0, 13
800088f6: 59 be        	j	0x8000848c <Gram_ref_real+0x1f6c>
800088f8: d8 58        	lw	a4, 52(s1)
800088fa: 42 3e        	fld	ft8, 48(sp)
800088fc: 1d 54        	li	s0, -25
800088fe: f5 bd        	j	0x800087fa <Gram_ref_imag+0x2da>
80008900: 64 1f        	addi	s1, sp, 956
80008902: 06 3d        	fld	fs10, 96(sp)
80008904: 30 2f        	fld	fa2, 88(a4)
80008906: 1f 3e 73 3b  	<unknown>
8000890a: ce 3e        	fld	ft9, 240(sp)
8000890c: 88 65        	ld	a0, 8(a1)
8000890e: 12 3c        	fld	fs8, 288(sp)
80008910: d8 39        	fld	fa4, 176(a1)
80008912: b2 3e        	fld	ft9, 296(sp)
80008914: 4f e3 05 3f  	<unknown>
80008918: 74 1a        	addi	a3, sp, 316
8000891a: 68 3e        	fld	fa0, 248(a2)
8000891c: f5 51        	li	gp, -3
8000891e: 9d 3b        	addiw	s7, s7, -25
80008920: 1d 04        	addi	s0, s0, 7
80008922: df be 58 2a  	<unknown>
80008926: 6d be        	j	0x800084e0 <Gram_ref_real+0x1fc0>
80008928: af 67 fd 3c  	<unknown>
8000892c: 84 ab        	fsd	fs1, 16(a5)
8000892e: b9 3d        	addiw	s11, s11, -18
80008930: e7 a5 0c 3f  	<unknown>
80008934: d7 1b da be  	vfnmsac.vv	v23, v20, v13
80008938: 58 cc        	sw	a4, 28(s0)
8000893a: 8b be 37 59  	<unknown>
8000893e: ba bd        	fsd	fa4, 248(sp)
80008940: ba 71        	ld	gp, 424(sp)
80008942: 34 bf        	fsd	fa3, 120(a4)
80008944: 14 6e        	ld	a3, 24(a2)
80008946: 21 3e        	addiw	t3, t3, -24
80008948: 77 04 14 3e  	<unknown>
8000894c: ef 94 c0 3e  	jal	s1, 0x80011d38 <timer+0x72d8>
80008950: fa 3c        	fld	fs9, 440(sp)
80008952: af bc 36 2b  	<unknown>
80008956: 5d be        	j	0x8000850c <Gram_ref_real+0x1fec>
80008958: 73 e6 f5 be  	csrrsi	a2, 3055, 11
8000895c: 5a 8c        	mv	s8, s6
8000895e: 2a bf        	fsd	fa0, 440(sp)
80008960: 09 16        	addi	a2, a2, -30
80008962: 89 3c        	addiw	s9, s9, -30
80008964: 4b 94 32 3f  	<unknown>
80008968: 53 32 a0 be  	<unknown>
8000896c: f0 bc        	fsd	fa2, 248(s1)
8000896e: 93 be e1 36  	sltiu	t4, gp, 878
80008972: b0 bd        	fsd	fa2, 120(a1)
80008974: b5 5e        	li	t4, -19
80008976: 08 3f        	fld	fa0, 56(a4)
80008978: a8 23        	fld	fa0, 64(a5)
8000897a: 90 3e        	fld	fa2, 56(a3)
8000897c: 50 1b        	addi	a2, sp, 436
8000897e: 87 bd 2b b5  	fld	fs11, -1198(s7)
80008982: cd 3d        	addiw	s11, s11, -13
80008984: 42 f9        	sd	a6, 176(sp)
80008986: 99 bd        	j	0x800087dc <Gram_ref_imag+0x2bc>
80008988: 2d 81        	srli	a0, a0, 11
8000898a: 6a be        	fsd	fs10, 312(sp)
8000898c: bc e5        	sd	a5, 72(a1)
8000898e: a0 3e        	fld	fs0, 120(a3)
80008990: 27 df a6 be  	<unknown>
80008994: d3 e6 7b be  	<unknown>
80008998: d7 55 3b 3e  	vfslide1down.vf	v11, v3, fs6
8000899c: 98 e8        	sd	a4, 16(s1)
8000899e: 25 3d        	addiw	s10, s10, -23
800089a0: ae 49        	lw	s3, 200(sp)
800089a2: 1f 3f 92 6b  	<unknown>
800089a6: 09 3e        	addiw	t3, t3, -30
800089a8: e1 62        	lui	t0, 24
800089aa: 81 bd        	j	0x800087fa <Gram_ref_imag+0x2da>
800089ac: fe 30        	fld	ft1, 504(sp)
800089ae: 3c be        	fsd	fa5, 120(a2)
800089b0: b1 63        	lui	t2, 12
800089b2: 5c bd        	fsd	fa5, 184(a0)
800089b4: 3c 4c        	lw	a5, 88(s0)
800089b6: 6a 3d        	fld	fs10, 184(sp)
800089b8: 89 47        	li	a5, 2
800089ba: 8c 3e        	fld	fa1, 56(a3)
800089bc: da a2        	fsd	fs6, 320(sp)
800089be: bb 3e eb b3  	<unknown>
800089c2: 29 3e        	addiw	t3, t3, -22
800089c4: 4a 03        	slli	t1, t1, 18
800089c6: ca be        	fsd	fs2, 376(sp)
800089c8: 6a 40        	<unknown>
800089ca: 1c 3e        	fld	fa5, 56(a2)
800089cc: 45 dc        	beqz	s0, 0x80008984 <Gram_ref_imag+0x464>
800089ce: 0a be        	fsd	ft2, 312(sp)
800089d0: b2 d1        	sw	a2, 224(sp)
800089d2: b7 3e 41 57  	lui	t4, 357395
800089d6: 20 3f        	fld	fs0, 120(a4)
800089d8: e3 5a a6 3e  	bge	a2, a0, 0x800095cc <Gram_ref_imag+0x10ac>
800089dc: 27 65 13 bd  	<unknown>
800089e0: f8 26        	fld	fa4, 200(a3)
800089e2: 9d 3c        	addiw	s9, s9, -25
800089e4: a8 1d        	addi	a0, sp, 760
800089e6: c5 3d        	addiw	s11, s11, -15
800089e8: bf b7 6d be  	<unknown>
800089ec: 8b e2 95 3e  	<unknown>
800089f0: 7b 4f 85 3c  	<unknown>
800089f4: 65 a5        	j	0x8000909c <Gram_ref_imag+0xb7c>
800089f6: 2d 3f        	addiw	t5, t5, -21
800089f8: c6 4f        	lw	t6, 80(sp)
800089fa: 1f bf 4b d3  	<unknown>
800089fe: e1 3e        	addiw	t4, t4, -8
80008a00: 31 0b        	addi	s6, s6, 12
80008a02: 23 be 28 89  	sd	s2, -1892(a7)
80008a06: 78 be        	fsd	fa4, 248(a2)
80008a08: a1 c3        	beqz	a5, 0x80008a48 <Gram_ref_imag+0x528>
80008a0a: 15 3f        	addiw	t5, t5, -27
80008a0c: ee 4d        	lw	s11, 216(sp)
80008a0e: 8b 3e f3 76  	<unknown>
80008a12: 97 bd e9 a5  	auipc	s11, 679579
80008a16: e7 bd 2a df  	<unknown>
80008a1a: 96 bc        	fsd	ft5, 120(sp)
80008a1c: e7 84 6a 3d  	jalr	s1, 982(s5)
80008a20: 4e 84        	mv	s0, s3
80008a22: 0b 3f 51 fe  	<unknown>
80008a26: c9 3c        	addiw	s9, s9, -14
80008a28: 4b 4c 84 3d  	<unknown>
80008a2c: a3 a6 16 be  	sw	ra, -1043(a3)
80008a30: f3 42 ac be  	<unknown>
80008a34: 3b ca 21 be  	<unknown>
80008a38: e3 ab 7d be  	<unknown>
80008a3c: 25 d1        	beqz	a0, 0x8000899c <Gram_ref_imag+0x47c>
80008a3e: de be        	fsd	fs7, 376(sp)
80008a40: cd ae        	j	0x80008e32 <Gram_ref_imag+0x912>
80008a42: ce bd        	fsd	fs3, 248(sp)
80008a44: bc 3b        	fld	fa5, 112(a5)
80008a46: 69 3e        	addiw	t3, t3, -6
80008a48: 7a 9c        	add	s8, s8, t5
80008a4a: 26 be        	fsd	fs1, 312(sp)
80008a4c: 6a 0b        	slli	s6, s6, 26
80008a4e: bf 3e e5 2a  	<unknown>
80008a52: ac 3e        	fld	fa1, 120(a3)
80008a54: 0f 0e ce be  	<unknown>
80008a58: fd 9d        	<unknown>
80008a5a: 8f 3d 84 20  	<unknown>
80008a5e: ff 3e c0 a7  	<unknown>
80008a62: 87 3d 7c 4e  	fld	fs11, 1255(s8)
80008a66: 21 be        	j	0x8000857e <Gram_ref_imag+0x5e>
80008a68: a3 6f 16 3d  	<unknown>
80008a6c: e1 e3        	bnez	a5, 0x80008b2c <Gram_ref_imag+0x60c>
80008a6e: ad be        	j	0x800085e8 <Gram_ref_imag+0xc8>
80008a70: b7 5d e1 3e  	lui	s11, 257557
80008a74: dc fd        	sd	a5, 184(a1)
80008a76: 98 3e        	fld	fa4, 56(a3)
80008a78: b1 c4        	beqz	s1, 0x80008ac4 <Gram_ref_imag+0x5a4>
80008a7a: 50 be        	fsd	fa2, 184(a2)
80008a7c: a2 38        	fld	fa7, 40(sp)
80008a7e: 8f 3e 98 04  	<unknown>
80008a82: f1 bd        	j	0x8000895e <Gram_ref_imag+0x43e>
80008a84: 21 70        	c.lui	zero, -24
80008a86: 1a be        	fsd	ft6, 312(sp)
80008a88: 97 f5 99 bd  	auipc	a1, 776607
80008a8c: 32 21        	fld	ft2, 264(sp)
80008a8e: df 3e ba 32  	<unknown>
80008a92: 01 be        	j	0x800085a2 <Gram_ref_imag+0x82>
80008a94: 65 67        	lui	a4, 25
80008a96: c8 3e        	fld	fa0, 184(a3)
80008a98: ed d9        	beqz	a1, 0x80008a8a <Gram_ref_imag+0x56a>
80008a9a: 0d bf        	j	0x800089cc <Gram_ref_imag+0x4ac>
80008a9c: 08 fc        	sd	a0, 56(s0)
80008a9e: eb be 57 c6  	<unknown>
80008aa2: b6 be        	fsd	fa3, 376(sp)
80008aa4: a5 2f        	addiw	t6, t6, 9
80008aa6: 2d 3f        	addiw	t5, t5, -21
80008aa8: 09 fe        	bnez	a2, 0x800089c2 <Gram_ref_imag+0x4a2>
80008aaa: 09 be        	j	0x800085bc <Gram_ref_imag+0x9c>
80008aac: 48 26        	fld	fa0, 136(a2)
80008aae: 16 3e        	fld	ft8, 352(sp)
80008ab0: b8 bb        	fsd	fa4, 112(a5)
80008ab2: 3a bd        	fsd	fa4, 184(sp)
80008ab4: 1c 17        	addi	a5, sp, 928
80008ab6: 05 3f        	addiw	t5, t5, -31
80008ab8: 18 86        	<unknown>
80008aba: 1f 3c 33 4a  	<unknown>
80008abe: 3a 3d        	fld	fs10, 424(sp)
80008ac0: 90 77        	ld	a2, 40(a5)
80008ac2: f4 bd        	fsd	fa3, 248(a1)
80008ac4: a5 23        	addiw	t2, t2, 9
80008ac6: 1d 3e        	addiw	t3, t3, -25
80008ac8: 61 d5        	beqz	a0, 0x80008a90 <Gram_ref_imag+0x570>
80008aca: b6 3e        	fld	ft9, 360(sp)
80008acc: 55 61        	addi	sp, sp, 304
80008ace: 13 be d9 d8  	sltiu	t3, s3, -627
80008ad2: 5e 3e        	fld	ft8, 496(sp)
80008ad4: da 9d        	add	s11, s11, s6
80008ad6: 46 3e        	fld	ft8, 112(sp)
80008ad8: 30 f4        	sd	a2, 104(s0)
80008ada: ca bb        	fsd	fs2, 496(sp)
80008adc: dc ba        	fsd	fa5, 176(a3)
80008ade: 88 3e        	fld	fa0, 56(a3)
80008ae0: 4e f3        	sd	s3, 416(sp)
80008ae2: a7 3e 63 03  	fsd	fs6, 61(t1)
80008ae6: 16 3f        	fld	ft10, 352(sp)
80008ae8: f5 73        	lui	t2, 1048573
80008aea: 07 3d cc 71  	fld	fs10, 1820(s8)
80008aee: 22 bf        	fsd	fs0, 440(sp)
80008af0: e9 49        	li	s3, 26
80008af2: b1 bd        	j	0x8000894e <Gram_ref_imag+0x42e>
80008af4: 10 3d        	fld	fa2, 56(a0)
80008af6: b9 be        	j	0x80008654 <Gram_ref_imag+0x134>
80008af8: d4 d2        	sw	a3, 36(a3)
80008afa: 69 3e        	addiw	t3, t3, -6
80008afc: 40 f7        	sd	s0, 168(a4)
80008afe: 09 bd        	j	0x80008910 <Gram_ref_imag+0x3f0>
80008b00: ac c8        	sw	a1, 80(s1)
80008b02: 91 3d        	addiw	s11, s11, -28
80008b04: 92 33        	fld	ft7, 288(sp)
80008b06: f2 3e        	fld	ft9, 312(sp)
80008b08: f1 e4        	bnez	s1, 0x80008bd4 <Gram_ref_imag+0x6b4>
80008b0a: ea bd        	fsd	fs10, 248(sp)
80008b0c: e1 71        	lui	gp, 1048568
80008b0e: 9d 3e        	addiw	t4, t4, -25
80008b10: f4 95        	<unknown>
80008b12: a1 3e        	addiw	t4, t4, -24
80008b14: ab 07 92 3e  	<unknown>
80008b18: f6 d0        	sw	t4, 96(sp)
80008b1a: 9e 3c        	fld	fs9, 480(sp)
80008b1c: 1f 67 98 3c  	<unknown>
80008b20: 7f 34 0b 3d  	<unknown>
80008b24: e2 0d        	slli	s11, s11, 24
80008b26: f9 3d        	addiw	s11, s11, -2
80008b28: 2e 07        	slli	a4, a4, 11
80008b2a: 25 bd        	j	0x80008962 <Gram_ref_imag+0x442>
80008b2c: 65 fe        	bnez	a2, 0x80008b24 <Gram_ref_imag+0x604>
80008b2e: d9 3d        	addiw	s11, s11, -10
80008b30: c3 32 f2 bc  	<unknown>
80008b34: e1 53        	li	t2, -8
80008b36: 1a 3d        	fld	fs10, 416(sp)
80008b38: bc 92        	<unknown>
80008b3a: 13 be 6e 45  	sltiu	t3, t4, 1110
80008b3e: 96 3e        	fld	ft9, 352(sp)
80008b40: 5c 13        	addi	a5, sp, 420
80008b42: d5 bd        	j	0x80008a36 <Gram_ref_imag+0x516>
80008b44: e2 2a        	fld	fs5, 24(sp)
80008b46: ee 3e        	fld	ft9, 248(sp)
80008b48: 23 10 0c be  	sh	zero, -1056(s8)
80008b4c: 20 0c        	addi	s0, sp, 536
80008b4e: 3f 3e 68 85  	<unknown>
80008b52: bd bd        	j	0x800089d0 <Gram_ref_imag+0x4b0>
80008b54: 51 6f        	lui	t5, 20
80008b56: 23 bf 75 ec  	sd	t2, -290(a1)
80008b5a: 3d 3d        	addiw	s10, s10, -17
80008b5c: 3b a2 c0 be  	<unknown>
80008b60: aa d3        	sw	a0, 228(sp)
80008b62: 91 be        	j	0x800086b6 <Gram_ref_imag+0x196>
80008b64: a3 a1 8e 3e  	sw	s0, 995(t4)
80008b68: b0 af        	fsd	fa2, 88(a5)
80008b6a: f2 bc        	fsd	ft8, 120(sp)
80008b6c: 59 9a        	andi	a2, a2, -10
80008b6e: a2 3e        	fld	ft9, 40(sp)
80008b70: c4 8f        	<unknown>
80008b72: da bb        	fsd	fs6, 496(sp)
80008b74: 4d ab        	j	0x80009126 <Gram_ref_imag+0xc06>
80008b76: 09 be        	j	0x80008688 <Gram_ref_imag+0x168>
80008b78: a5 84        	srai	s1, s1, 9
80008b7a: ef 3e 41 5f  	jal	t4, 0x8001c16e <timer+0x1170e>
80008b7e: 3d be        	j	0x800086bc <Gram_ref_imag+0x19c>
80008b80: a1 86        	srai	a3, a3, 8
80008b82: 4d 3d        	addiw	s10, s10, -13
80008b84: 4c f6        	sd	a1, 168(a2)
80008b86: 6f be f7 cb  	jal	t3, 0x7ff84844 <vfctrans_sim.c+0x7ff84844>
80008b8a: a9 bd        	j	0x800089e4 <Gram_ref_imag+0x4c4>
80008b8c: 0a 95        	add	a0, a0, sp
80008b8e: 1f 3e 08 e3  	<unknown>
80008b92: 0c bf        	fsd	fa1, 56(a4)
80008b94: 82 43        	lw	t2, 0(sp)
80008b96: a7 be a5 50  	fsd	fa0, 1309(a1)
80008b9a: 86 be        	fsd	ft1, 376(sp)
80008b9c: 4f e9 a2 3e  	<unknown>
80008ba0: 29 99        	andi	a0, a0, -22
80008ba2: 83 be 82 84  	ld	t4, -1976(t0)
80008ba6: 10 bf        	fsd	fa2, 56(a4)
80008ba8: 6c cd        	sw	a1, 92(a0)
80008baa: c1 be        	j	0x8000877a <Gram_ref_imag+0x25a>
80008bac: ac 9d        	<unknown>
80008bae: f1 3d        	addiw	s11, s11, -4
80008bb0: 5b 68 f9 3e  	<unknown>
80008bb4: cc 1f        	addi	a1, sp, 1012
80008bb6: 01 3f        	addiw	t5, t5, -32
80008bb8: 01 f7        	bnez	a4, 0x80008ac0 <Gram_ref_imag+0x5a0>
80008bba: 95 3e        	addiw	t4, t4, -27
80008bbc: 6a 9e        	add	t3, t3, s10
80008bbe: d2 3e        	fld	ft9, 304(sp)
80008bc0: ec a5        	fsd	fa1, 200(a1)
80008bc2: 1c 3f        	fld	fa5, 56(a4)
80008bc4: 42 ae        	fsd	fa6, 280(sp)
80008bc6: d0 bd        	fsd	fa2, 184(a1)
80008bc8: b4 06        	addi	a3, sp, 840
80008bca: 5d 3f        	addiw	t5, t5, -9
80008bcc: 4c 40        	lw	a1, 4(s0)
80008bce: 35 be        	j	0x8000870a <Gram_ref_imag+0x1ea>
80008bd0: c2 30        	fld	ft1, 48(sp)
80008bd2: a7 3e 96 a6  	fsd	fs1, -1411(a2)
80008bd6: 08 3f        	fld	fa0, 56(a4)
80008bd8: 74 40        	lw	a3, 68(s0)
80008bda: 8d bd        	j	0x80008a4c <Gram_ref_imag+0x52c>
80008bdc: b8 ca        	sw	a4, 80(a3)
80008bde: 64 be        	fsd	fs1, 248(a2)
80008be0: 5f 34 a5 3e  	<unknown>
80008be4: 66 60        	<unknown>
80008be6: a9 bd        	j	0x80008a40 <Gram_ref_imag+0x520>
80008be8: 9a e8        	sd	t1, 80(sp)
80008bea: a7 3d 63 0e  	fsd	ft6, 251(t1)
80008bee: d9 3e        	addiw	t4, t4, -10
80008bf0: 58 03        	addi	a4, sp, 388
80008bf2: c3 be 7a a4  	<unknown>
80008bf6: 28 be        	fsd	fa0, 120(a2)
80008bf8: d2 93        	add	t2, t2, s4
80008bfa: 9f be 43 09  	<unknown>
80008bfe: d4 3e        	fld	fa3, 184(a3)
80008c00: 5a 1b        	slli	s6, s6, 54
80008c02: c7 be 7a bf  	<unknown>
80008c06: 09 3e        	addiw	t3, t3, -30
80008c08: ee 81        	mv	gp, s11
80008c0a: 95 be        	j	0x8000877e <Gram_ref_imag+0x25e>
80008c0c: db cc 38 3e  	<unknown>
80008c10: 73 8c 4d be  	<unknown>
80008c14: 29 00        	c.nop	10
80008c16: 33 3f c4 56  	<unknown>
80008c1a: 1f 3e 05 fc  	<unknown>
80008c1e: e2 bd        	fsd	fs8, 248(sp)
80008c20: 14 dc        	sw	a3, 56(s0)
80008c22: be 3e        	fld	ft9, 488(sp)
80008c24: db d4 ea 3e  	<unknown>
80008c28: 10 af        	fsd	fa2, 24(a4)
80008c2a: 00 3f        	fld	fs0, 56(a4)
80008c2c: fb 39 0b bf  	<unknown>
80008c30: 48 11        	addi	a0, sp, 164
80008c32: 45 bf        	j	0x80008be2 <Gram_ref_imag+0x6c2>
80008c34: 81 5b        	li	s7, -32
80008c36: 93 3e 7b a4  	sltiu	t4, s6, -1465
80008c3a: 98 be        	fsd	fa4, 56(a3)
80008c3c: 18 d8        	sw	a4, 48(s0)
80008c3e: 00 3f        	fld	fs0, 56(a4)
80008c40: a2 65        	ld	a1, 8(sp)
80008c42: aa 3e        	fld	ft9, 168(sp)
80008c44: 62 a3        	fsd	fs8, 384(sp)
80008c46: c9 3e        	addiw	t4, t4, -14
80008c48: 6f 1f 06 bf  	jal	t5, 0x7ff6a038 <vfctrans_sim.c+0x7ff6a038>
80008c4c: 84 e3        	sd	s1, 0(a5)
80008c4e: 26 3f        	fld	ft10, 104(sp)
80008c50: d4 84        	<unknown>
80008c52: ca 3e        	fld	ft9, 176(sp)
80008c54: 1e 33        	fld	ft6, 480(sp)
80008c56: a8 3d        	fld	fa0, 120(a1)
80008c58: a7 e1 a4 bc  	<unknown>
80008c5c: cf 49 53 be  	<unknown>
80008c60: dd 27        	addiw	a5, a5, 23
80008c62: 14 be        	fsd	fa3, 56(a2)
80008c64: 15 ec        	bnez	s0, 0x80008ca0 <Gram_ref_imag+0x780>
80008c66: 39 bd        	j	0x80008a84 <Gram_ref_imag+0x564>
80008c68: 5e 18        	slli	a6, a6, 55
80008c6a: b8 bd        	fsd	fa4, 120(a1)
80008c6c: c1 da        	beqz	a3, 0x80008bfc <Gram_ref_imag+0x6dc>
80008c6e: 04 3e        	fld	fs1, 56(a2)
80008c70: 36 49        	lw	s2, 76(sp)
80008c72: 03 3e b3 e3  	ld	t3, -453(t1)
80008c76: d8 be        	fsd	fa4, 184(a3)
80008c78: a4 68        	ld	s1, 80(s1)
80008c7a: 81 be        	j	0x800087ca <Gram_ref_imag+0x2aa>
80008c7c: 5c b8        	fsd	fa5, 176(s0)
80008c7e: cc 3d        	fld	fa1, 184(a1)
80008c80: ac 88        	<unknown>
80008c82: aa bd        	fsd	fa0, 248(sp)
80008c84: 15 9f        	subw	a4, a4, a3
80008c86: 3c be        	fsd	fa5, 120(a2)
80008c88: 10 3e        	fld	fa2, 56(a2)
80008c8a: 71 3e        	addiw	t3, t3, -4
80008c8c: 3b fd 5f 3d  	<unknown>
80008c90: d8 21        	fld	fa4, 128(a1)
80008c92: 9b be 57 18  	<unknown>
80008c96: 1a 3e        	fld	ft8, 416(sp)
80008c98: ab b2 8c 3e  	<unknown>
80008c9c: 57 89 b6 bd  	vnclip.wv	v18, v27, v13, v0.t
80008ca0: 32 4f        	lw	t5, 12(sp)
80008ca2: b5 be        	j	0x8000881e <Gram_ref_imag+0x2fe>
80008ca4: c9 d1        	beqz	a1, 0x80008c26 <Gram_ref_imag+0x706>
80008ca6: 98 3b        	fld	fa4, 48(a5)
80008ca8: b4 52        	lw	a3, 96(a3)
80008caa: cf be 0c ef  	<unknown>
80008cae: 6d 3e        	addiw	t3, t3, -5
80008cb0: 59 fa        	bnez	a2, 0x80008c46 <Gram_ref_imag+0x726>
80008cb2: 30 be        	fsd	fa2, 120(a2)
80008cb4: ae 7c        	ld	s9, 232(sp)
80008cb6: 39 3f        	addiw	t5, t5, -18
80008cb8: 8c 50        	lw	a1, 32(s1)
80008cba: 26 bd        	fsd	fs1, 184(sp)
80008cbc: 5c 04        	addi	a5, sp, 516
80008cbe: a5 bd        	j	0x80008b36 <Gram_ref_imag+0x616>
80008cc0: 9b 5e a9 3e  	<unknown>
80008cc4: 27 ce 9d be  	<unknown>
80008cc8: 29 ba        	j	0x800085e2 <Gram_ref_imag+0xc2>
80008cca: 1d be        	j	0x80008800 <Gram_ref_imag+0x2e0>
80008ccc: 87 f5 79 bd  	<unknown>
80008cd0: 08 02        	addi	a0, sp, 256
80008cd2: 62 3c        	fld	fs8, 56(sp)
80008cd4: e2 91        	add	gp, gp, s8
80008cd6: 49 be        	j	0x80008868 <Gram_ref_imag+0x348>
80008cd8: ff d7 4f 3e  	<unknown>
80008cdc: 1a 8e        	mv	t3, t1
80008cde: 73 3d 36 e7  	csrrc	s10, 3699, a2
80008ce2: 8f 3e 66 ce  	<unknown>
80008ce6: 82 3f        	fld	ft11, 32(sp)
80008ce8: c6 d7        	sw	a7, 236(sp)
80008cea: 8d 3d        	addiw	s11, s11, -29
80008cec: bf c6 46 3e  	<unknown>
80008cf0: b1 50        	li	ra, -20
80008cf2: d5 3d        	addiw	s11, s11, -11
80008cf4: 32 6c        	ld	s8, 264(sp)
80008cf6: 07 bf 3a 6c  	fld	ft10, 1731(s5)
80008cfa: b1 3d        	addiw	s11, s11, -20
80008cfc: e0 56        	lw	s0, 108(a3)
80008cfe: 79 3e        	addiw	t3, t3, -2
80008d00: 6d c5        	beqz	a0, 0x80008dea <Gram_ref_imag+0x8ca>
80008d02: fb 3d 8b 73  	<unknown>
80008d06: 5a 3e        	fld	ft8, 432(sp)
80008d08: 32 a5        	fsd	fa2, 136(sp)
80008d0a: 86 3e        	fld	ft9, 96(sp)
80008d0c: 21 81        	srli	a0, a0, 8
80008d0e: 79 be        	j	0x800088ac <Gram_ref_imag+0x38c>
80008d10: e4 60        	ld	s1, 192(s1)
80008d12: 39 3f        	addiw	t5, t5, -18
80008d14: 1b b2 5b bd  	<unknown>
80008d18: 45 f2        	bnez	a2, 0x80008cb8 <Gram_ref_imag+0x798>
80008d1a: 6d 3e        	addiw	t3, t3, -5
80008d1c: c1 a8        	j	0x80008dec <Gram_ref_imag+0x8cc>
80008d1e: cd be        	j	0x80008910 <Gram_ref_imag+0x3f0>
80008d20: 49 17        	addi	a4, a4, -14
80008d22: 44 3d        	fld	fs1, 184(a0)
80008d24: cf fc 9c be  	<unknown>
80008d28: 89 1c        	addi	s9, s9, -30
80008d2a: 18 3d        	fld	fa4, 56(a0)
80008d2c: 57 23 19 bd  	vnmsac.vv	v6, v18, v17, v0.t
80008d30: 22 4a        	lw	s4, 8(sp)
80008d32: ed be        	j	0x8000892c <Gram_ref_imag+0x40c>
80008d34: 55 48        	li	a6, 21
80008d36: 08 be        	fsd	fa0, 56(a2)
80008d38: 53 24 3c bf  	<unknown>
80008d3c: 1a 6f        	ld	t5, 384(sp)
80008d3e: 02 3e        	fld	ft8, 32(sp)
80008d40: 2f 55 8e be  	<unknown>
80008d44: 03 1b d9 be  	lh	s6, -1043(s2)
80008d48: 3b f5 af 3d  	<unknown>
80008d4c: cd 55        	li	a1, -13
80008d4e: 1b 3e 9a 77  	<unknown>
80008d52: 68 3e        	fld	fa0, 248(a2)
80008d54: 0c f0        	sd	a1, 32(s0)
80008d56: 59 3e        	addiw	t3, t3, -10
80008d58: 9a e4        	sd	t1, 72(sp)
80008d5a: 6b bd 51 8d  	<unknown>
80008d5e: 8b 3d b9 f1  	<unknown>
80008d62: 52 3e        	fld	ft8, 304(sp)
80008d64: f8 ac        	fsd	fa4, 216(s1)
80008d66: ba be        	fsd	fa4, 376(sp)
80008d68: 24 4f        	lw	s1, 88(a4)
80008d6a: 07 3e ef a0  	fld	ft8, -1522(t5)
80008d6e: b2 be        	fsd	fa2, 376(sp)
80008d70: 9c a7        	fsd	fa5, 8(a5)
80008d72: 19 3d        	addiw	s10, s10, -26
80008d74: c6 80        	mv	ra, a7
80008d76: da 3d        	fld	fs11, 432(sp)
80008d78: 8f 48 ce be  	<unknown>
80008d7c: 87 5a 22 3e  	<unknown>
80008d80: 83 e2 1d 3e  	lwu	t0, 993(s11)
80008d84: 76 1c        	slli	s8, s8, 61
80008d86: d2 be        	fsd	fs4, 376(sp)
80008d88: 79 d2        	beqz	a2, 0x80008d4e <Gram_ref_imag+0x82e>
80008d8a: 29 be        	j	0x800088a4 <Gram_ref_imag+0x384>
80008d8c: 9e 66        	ld	a3, 448(sp)
80008d8e: f0 be        	fsd	fa2, 248(a3)
80008d90: 7d 96        	srai	a2, a2, 63
80008d92: 82 be        	fsd	ft0, 376(sp)
80008d94: 8e f9        	sd	gp, 240(sp)
80008d96: bd 3e        	addiw	t4, t4, -17
80008d98: 18 69        	ld	a4, 16(a0)
80008d9a: 49 3e        	addiw	t3, t3, -14
80008d9c: 08 20        	fld	fa0, 0(s0)
80008d9e: 96 be        	fsd	ft5, 376(sp)
80008da0: 84 5c        	lw	s1, 56(s1)
80008da2: a2 be        	fsd	fs0, 376(sp)
80008da4: 3d 9d        	addw	a0, a0, a5
80008da6: 8f 3d 33 ca  	<unknown>
80008daa: ee 3e        	fld	ft9, 248(sp)
80008dac: d5 54        	li	s1, -11
80008dae: 1c be        	fsd	fa5, 56(a2)
80008db0: 50 5c        	lw	a2, 60(s0)
80008db2: 82 be        	fsd	ft0, 376(sp)
80008db4: 71 63        	lui	t1, 28
80008db6: 25 bf        	j	0x80008cee <Gram_ref_imag+0x7ce>
80008db8: e1 46        	li	a3, 24
80008dba: 8f be 76 37  	<unknown>
80008dbe: 82 be        	fsd	ft0, 376(sp)
80008dc0: cc 65        	ld	a1, 136(a1)
80008dc2: 7e ba        	fsd	ft11, 304(sp)
80008dc4: 1c d0        	sw	a5, 32(s0)
80008dc6: 42 3e        	fld	ft8, 48(sp)
80008dc8: 5a cb        	sw	s6, 148(sp)
80008dca: 2f be 32 45  	amoor.d.aq	t3, s3, (t0)
80008dce: b0 bd        	fsd	fa2, 120(a1)
80008dd0: 01 51        	li	sp, -32
80008dd2: ce 3c        	fld	fs9, 240(sp)
80008dd4: d9 e1        	bnez	a1, 0x80008e5a <Gram_ref_imag+0x93a>
80008dd6: 28 bf        	fsd	fa0, 120(a4)
80008dd8: 67 4f 33 3e  	<unknown>
80008ddc: 8b 89 b5 bd  	<unknown>
80008de0: 53 23 11 3b  	<unknown>
80008de4: bc c1        	sw	a5, 64(a1)
80008de6: 0e 3d        	fld	fs10, 224(sp)
80008de8: c1 28        	addiw	a7, a7, 16
80008dea: 60 3e        	fld	fs0, 248(a2)
80008dec: 17 31 de be  	auipc	sp, 781795
80008df0: c1 12        	addi	t0, t0, -16
80008df2: 23 3f f5 90  	sd	a5, -1762(a0)
80008df6: d3 bd 1c 10  	fmul.s	fs11, fs9, ft1, rup
80008dfa: 99 3d        	addiw	s11, s11, -26
80008dfc: a6 99        	add	s3, s3, s1
80008dfe: de be        	fsd	fs7, 376(sp)
80008e00: 1b c0 d4 bc  	<unknown>
80008e04: 07 7e bc bd  	<unknown>
80008e08: 27 bb a1 be  	fsd	fa0, -1034(gp)
80008e0c: 32 39        	fld	fs2, 296(sp)
80008e0e: d4 bc        	fsd	fa3, 184(s1)
80008e10: ed e2        	bnez	a3, 0x80008ef2 <Gram_ref_imag+0x9d2>
80008e12: 2c bc        	fsd	fa1, 120(s0)
80008e14: c2 25        	fld	fa1, 16(sp)
80008e16: 3d be        	j	0x80008954 <Gram_ref_imag+0x434>
80008e18: f1 da        	beqz	a3, 0x80008dec <Gram_ref_imag+0x8cc>
80008e1a: b6 be        	fsd	fa3, 376(sp)
80008e1c: d6 b9        	fsd	fs5, 240(sp)
80008e1e: 8e be        	fsd	ft3, 376(sp)
80008e20: 02 82        	jr	tp
80008e22: 4a bf        	fsd	fs2, 440(sp)
80008e24: 8a b2        	fsd	ft2, 352(sp)
80008e26: 66 be        	fsd	fs9, 312(sp)
80008e28: 7a c1        	sw	t5, 128(sp)
80008e2a: f9 bd        	j	0x80008d08 <Gram_ref_imag+0x7e8>
80008e2c: fb 4b b8 3e  	<unknown>
80008e30: f4 35        	fld	fa3, 232(a1)
80008e32: 10 3f        	fld	fa2, 56(a4)
80008e34: be 15        	slli	a1, a1, 47
80008e36: 1b 3d 55 c4  	<unknown>
80008e3a: 6f 3e f2 4c  	jal	t3, 0x8002cb08 <timer+0x220a8>
80008e3e: 9e bd        	fsd	ft7, 248(sp)
80008e40: 9d a4        	j	0x800090a6 <Gram_ref_imag+0xb86>
80008e42: b2 3e        	fld	ft9, 296(sp)
80008e44: 61 08        	addi	a6, a6, 24
80008e46: 10 3d        	fld	fa2, 56(a0)
80008e48: e7 26 67 3e  	<unknown>
80008e4c: 46 9b        	add	s6, s6, a7
80008e4e: 10 bf        	fsd	fa2, 56(a4)
80008e50: 60 b8        	fsd	fs0, 240(s0)
80008e52: 54 be        	fsd	fa3, 184(a2)
80008e54: a9 b6        	j	0x8000899e <Gram_ref_imag+0x47e>
80008e56: c4 3e        	fld	fs1, 184(a3)
80008e58: ba cd        	sw	a4, 216(sp)
80008e5a: bc be        	fsd	fa5, 120(a3)
80008e5c: bd ea        	bnez	a3, 0x80008ed2 <Gram_ref_imag+0x9b2>
80008e5e: 16 bf        	fsd	ft5, 440(sp)
80008e60: 98 23        	fld	fa4, 0(a5)
80008e62: 8b be ff 55  	<unknown>
80008e66: 13 3f 3c 9c  	sltiu	t5, s8, -1597
80008e6a: 30 be        	fsd	fa2, 120(a2)
80008e6c: 72 95        	add	a0, a0, t3
80008e6e: de 3e        	fld	ft9, 496(sp)
80008e70: 1a 0a        	slli	s4, s4, 6
80008e72: 4c bd        	fsd	fa1, 184(a0)
80008e74: f3 ad 33 be  	csrrs	s11, 3043, t2
80008e78: 30 02        	addi	a2, sp, 264
80008e7a: 00 bf        	fsd	fs0, 56(a4)
80008e7c: c7 e1 36 3e  	<unknown>
80008e80: 28 d8        	sw	a0, 112(s0)
80008e82: 0d 3e        	addiw	t3, t3, -29
80008e84: 5e 0b        	slli	s6, s6, 23
80008e86: 5f 3d 8a 71  	<unknown>
80008e8a: 05 bf        	j	0x80008dba <Gram_ref_imag+0x89a>
80008e8c: 18 57        	lw	a4, 40(a4)
80008e8e: 3f bd 37 5d  	<unknown>
80008e92: 53 3e 6f c9  	<unknown>
80008e96: bb bc 4a 03  	<unknown>
80008e9a: 03 bc 89 f2  	ld	s8, -216(s3)
80008e9e: d7 3e f4 52  	<unknown>
80008ea2: 99 be        	j	0x800089f8 <Gram_ref_imag+0x4d8>
80008ea4: c9 6f        	lui	t6, 18
80008ea6: 97 bc 9a 38  	auipc	s9, 231851
80008eaa: 25 3e        	addiw	t3, t3, -23
80008eac: ba 01        	slli	gp, gp, 14
80008eae: 0a bf        	fsd	ft2, 440(sp)
80008eb0: 4c 0b        	addi	a1, sp, 404
80008eb2: 10 be        	fsd	fa2, 56(a2)
80008eb4: 8e 8d        	mv	s11, gp
80008eb6: cc bd        	fsd	fa1, 184(a1)
80008eb8: 8a bc        	fsd	ft2, 120(sp)
80008eba: 67 bd d7 00  	<unknown>
80008ebe: 23 3e bc da  	sd	a1, -580(s8)
80008ec2: ae bd        	fsd	fa1, 248(sp)
80008ec4: f7 44 8e bc  	<unknown>
80008ec8: f2 4e        	lw	t4, 28(sp)
80008eca: c5 be        	j	0x80008aba <Gram_ref_imag+0x59a>
80008ecc: 4a 60        	<unknown>
80008ece: 06 3f        	fld	ft10, 96(sp)
80008ed0: 85 0a        	addi	s5, s5, 1
80008ed2: be bd        	fsd	fa5, 248(sp)
80008ed4: 33 27 79 bc  	<unknown>
80008ed8: 2d bc        	j	0x80008912 <Gram_ref_imag+0x3f2>
80008eda: ac be        	fsd	fa1, 120(a3)
80008edc: 70 bc        	fsd	fa2, 248(s0)
80008ede: cf be 16 3f  	<unknown>
80008ee2: 3e be        	fsd	fa5, 312(sp)
80008ee4: 0b fe 8a be  	<unknown>
80008ee8: 8b 7c 1c bf  	<unknown>
80008eec: 76 61        	ld	sp, 344(sp)
80008eee: 7e 3e        	fld	ft8, 504(sp)
80008ef0: 2f 57 67 3e  	<unknown>
80008ef4: 35 05        	addi	a0, a0, 13
80008ef6: 59 3e        	addiw	t3, t3, -10
80008ef8: d8 58        	lw	a4, 52(s1)
80008efa: 42 be        	fsd	fa6, 312(sp)
80008efc: 1d 54        	li	s0, -25
80008efe: f5 3d        	addiw	s11, s11, -3
80008f00: 64 1f        	addi	s1, sp, 956
80008f02: 06 bd        	fsd	ft1, 184(sp)
80008f04: 30 2f        	fld	fa2, 88(a4)
80008f06: 1f be 73 3b  	<unknown>
80008f0a: ce be        	fsd	fs3, 376(sp)
80008f0c: 88 65        	ld	a0, 8(a1)
80008f0e: 12 bc        	fsd	ft4, 56(sp)
80008f10: d8 39        	fld	fa4, 176(a1)
80008f12: b2 be        	fsd	fa2, 376(sp)
80008f14: 4f e3 05 bf  	<unknown>
80008f18: 74 1a        	addi	a3, sp, 316
80008f1a: 68 be        	fsd	fa0, 248(a2)
80008f1c: f5 51        	li	gp, -3
80008f1e: 9d bb        	j	0x80008c94 <Gram_ref_imag+0x774>
		...
80009120: a0 0c        	addi	s0, sp, 600
80009122: f9 be        	j	0x80008d00 <Gram_ref_imag+0x7e0>
80009124: 18 2a        	fld	fa4, 16(a2)
80009126: 26 bf        	fsd	fs1, 440(sp)
80009128: 84 be        	fsd	fs1, 56(a3)
8000912a: 6c 3e        	fld	fa1, 248(a2)
8000912c: 73 1f 04 3e  	csrrw	t5, pmpaddr48, s0
80009130: 20 4e        	lw	s0, 88(a2)
80009132: f4 3d        	fld	fa3, 248(a1)
80009134: 8a 5b        	lw	s7, 160(sp)
80009136: f8 be        	fsd	fa4, 248(a3)
80009138: 4e 03        	slli	t1, t1, 19
8000913a: 5a bf        	fsd	fs6, 440(sp)
8000913c: 90 ee        	sd	a2, 24(a3)
8000913e: 54 3e        	fld	fa3, 184(a2)
80009140: 71 7e        	lui	t3, 1048572
80009142: 19 bf        	j	0x80009058 <Gram_ref_imag+0xb38>
80009144: d0 be        	fsd	fa2, 184(a3)
80009146: 82 bd        	fsd	ft0, 248(sp)
80009148: 74 a8        	fsd	fa3, 208(s0)
8000914a: 22 3e        	fld	ft8, 40(sp)
8000914c: 4a a8        	fsd	fs2, 16(sp)
8000914e: ce 3e        	fld	ft9, 240(sp)
80009150: b7 db 80 3d  	lui	s7, 251917
80009154: fa c5        	sw	t5, 200(sp)
80009156: ca bd        	fsd	fs2, 248(sp)
80009158: f8 a6        	fsd	fa4, 200(a3)
8000915a: 11 bf        	j	0x8000906e <Gram_ref_imag+0xb4e>
8000915c: 56 0c        	slli	s8, s8, 21
8000915e: ec be        	fsd	fa1, 248(a3)
80009160: 10 8c        	<unknown>
80009162: b2 3e        	fld	ft9, 296(sp)
80009164: 10 41        	lw	a2, 0(a0)
80009166: a5 3e        	addiw	t4, t4, -23
80009168: ae 0a        	slli	s5, s5, 11
8000916a: 32 be        	fsd	fa2, 312(sp)
8000916c: 7b 2f 17 bf  	<unknown>
80009170: 50 38        	fld	fa2, 176(s0)
80009172: 49 3d        	addiw	s10, s10, -14
80009174: 08 9b        	<unknown>
80009176: 6a 3f        	fld	ft10, 184(sp)
80009178: fc 65        	ld	a5, 200(a1)
8000917a: 7f 3c 30 ee  	<unknown>
8000917e: 7b 3e b9 9f  	<unknown>
80009182: 0a bd        	fsd	ft2, 184(sp)
80009184: 84 26        	fld	fs1, 8(a3)
80009186: e1 be        	j	0x80008d5e <Gram_ref_imag+0x83e>
80009188: 2f 9e e0 be  	<unknown>
8000918c: ad 44        	li	s1, 11
8000918e: 92 be        	fsd	ft4, 376(sp)
80009190: b8 6a        	ld	a4, 80(a3)
80009192: fd be        	j	0x80008d90 <Gram_ref_imag+0x870>
80009194: 5b a6 41 3d  	<unknown>
80009198: 56 35        	fld	fa0, 368(sp)
8000919a: f7 3e a4 3a  	<unknown>
8000919e: 50 be        	fsd	fa2, 184(a2)
800091a0: 43 22 2b 3e  	<unknown>
800091a4: 6f a3 c3 3d  	jal	t1, 0x80043580 <timer+0x38b20>
800091a8: 41 21        	addiw	sp, sp, 16
800091aa: 99 3e        	addiw	t4, t4, -26
800091ac: a4 50        	lw	s1, 96(s1)
800091ae: 77 bc 45 99  	<unknown>
800091b2: b1 be        	j	0x80008d0e <Gram_ref_imag+0x7ee>
800091b4: ea 8c        	mv	s9, s10
800091b6: cb be 7d 04  	<unknown>
800091ba: ea 3d        	fld	fs11, 184(sp)
800091bc: cd 6b        	lui	s7, 19
800091be: a7 bd 46 8f  	fsd	fs4, -1797(a3)
800091c2: 5e 3e        	fld	ft8, 496(sp)
800091c4: da 99        	add	s3, s3, s6
800091c6: dc bc        	fsd	fa5, 184(s1)
800091c8: 5c 36        	fld	fa5, 168(a2)
800091ca: 9e bc        	fsd	ft7, 120(sp)
800091cc: ac 5b        	lw	a1, 112(a5)
800091ce: 35 bc        	j	0x80008c0a <Gram_ref_imag+0x6ea>
800091d0: e0 44        	lw	s0, 76(s1)
800091d2: f2 3d        	fld	fs11, 312(sp)
800091d4: 05 d1        	beqz	a0, 0x800090f4 <Gram_ref_imag+0xbd4>
800091d6: bd 3d        	addiw	s11, s11, -17
800091d8: 53 42 12 3e  	<unknown>
800091dc: 2b 8d 45 bd  	<unknown>
800091e0: ac a5        	fsd	fa1, 72(a1)
800091e2: 47 3d 27 f8  	fmsub.s	fs10, fa4, ft2, ft11, rup
800091e6: ad 3e        	addiw	t4, t4, -21
800091e8: ee 6d        	ld	s11, 216(sp)
800091ea: aa bd        	fsd	fa0, 248(sp)
800091ec: f1 22        	addiw	t0, t0, 28
800091ee: bf be 0e 2f  	<unknown>
800091f2: 7c 3e        	fld	fa5, 248(a2)
800091f4: 04 17        	addi	s1, sp, 928
800091f6: f9 3e        	addiw	t4, t4, -2
800091f8: 83 c4 fc be  	lbu	s1, -1041(s9)
800091fc: 42 93        	add	t1, t1, a6
800091fe: 34 3d        	fld	fa3, 120(a0)
80009200: 74 bb        	fsd	fa3, 240(a4)
80009202: 7e be        	fsd	ft11, 312(sp)
80009204: 5f a5 09 bf  	<unknown>
80009208: 1e a9        	fsd	ft7, 144(sp)
8000920a: 27 3e 8c 1a  	fsd	fs0, 444(s8)
8000920e: 76 3e        	fld	ft8, 376(sp)
80009210: a2 b7        	fsd	fs0, 488(sp)
80009212: 67 bd 79 26  	<unknown>
80009216: 5f be 45 3a  	<unknown>
8000921a: b4 be        	fsd	fa3, 120(a3)
8000921c: f5 7b        	lui	s7, 1048573
8000921e: 8b bc f0 89  	<unknown>
80009222: 26 be        	fsd	fs1, 312(sp)
80009224: 5a b4        	fsd	fs6, 40(sp)
80009226: 28 3e        	fld	fa0, 120(a2)
80009228: b2 94        	add	s1, s1, a2
8000922a: f5 bd        	j	0x80009126 <Gram_ref_imag+0xc06>
8000922c: bf da 8b 3b  	<unknown>
80009230: 9a 1a        	slli	s5, s5, 38
80009232: a9 bd        	j	0x8000908c <Gram_ref_imag+0xb6c>
80009234: 2f 0f 62 be  	<unknown>
80009238: d0 e9        	sd	a2, 144(a1)
8000923a: 1c bc        	fsd	fa5, 56(s0)
8000923c: 35 b9        	j	0x80008e78 <Gram_ref_imag+0x958>
8000923e: 07 bf 9c fa  	fld	ft10, -87(s9)
80009242: 8f 3e da ae  	<unknown>
80009246: 8a 3e        	fld	ft9, 160(sp)
80009248: 26 65        	ld	a0, 72(sp)
8000924a: b6 bd        	fsd	fa3, 248(sp)
8000924c: a0 d4        	sw	s0, 104(s1)
8000924e: a3 be cf fb  	sd	t3, -67(t6)
80009252: 8a 3e        	fld	ft9, 160(sp)
80009254: 0f 46 f2 3e  	<unknown>
80009258: 98 46        	lw	a4, 8(a3)
8000925a: 45 be        	j	0x80008e0a <Gram_ref_imag+0x8ea>
8000925c: 5d a3        	j	0x80009802 <Gram_ref_imag+0x12e2>
8000925e: 6c be        	fsd	fa1, 248(a2)
80009260: 2c ef        	sd	a1, 88(a4)
80009262: 75 be        	j	0x80008e1e <Gram_ref_imag+0x8fe>
80009264: 97 7f fe 3e  	auipc	t6, 258023
80009268: 96 49        	lw	s3, 68(sp)
8000926a: ca bd        	fsd	fs2, 248(sp)
8000926c: 6e 90        	c.add	zero, s11
8000926e: d1 3e        	addiw	t4, t4, -12
80009270: e5 e1        	bnez	a1, 0x80009350 <Gram_ref_imag+0xe30>
80009272: 4b 3f 7b 56  	<unknown>
80009276: 2b 3c 15 98  	<unknown>
8000927a: 05 bf        	j	0x800091aa <Gram_ref_imag+0xc8a>
8000927c: 9f 5d d6 3e  	<unknown>
80009280: 59 97        	srai	a4, a4, 54
80009282: ce 3e        	fld	ft9, 240(sp)
80009284: 56 e9        	sd	s5, 144(sp)
80009286: d4 3c        	fld	fa3, 184(s1)
80009288: e6 b8        	fsd	fs9, 112(sp)
8000928a: a5 be        	j	0x80008e02 <Gram_ref_imag+0x8e2>
8000928c: 30 a8        	fsd	fa2, 80(s0)
8000928e: 9f 3e 91 06  	<unknown>
80009292: 6f 3d 57 f5  	jal	s10, 0x7ff7d1e6 <vfctrans_sim.c+0x7ff7d1e6>
80009296: 71 3e        	addiw	t3, t3, -4
80009298: 26 fd        	sd	s1, 184(sp)
8000929a: a3 be 26 2b  	sd	s2, 701(a3)
8000929e: e3 bd e3 cd  	<unknown>
800092a2: da be        	fsd	fs6, 376(sp)
800092a4: 12 45        	lw	a0, 4(sp)
800092a6: 88 3e        	fld	fa0, 56(a3)
800092a8: 07 4a 63 bd  	<unknown>
800092ac: fe fd        	sd	t6, 248(sp)
800092ae: f1 be        	j	0x80008e8a <Gram_ref_imag+0x96a>
800092b0: 26 17        	slli	a4, a4, 41
800092b2: cb be 97 49  	fnmsub.s	ft9, fa5, fs9, fs1, rup
800092b6: d8 3e        	fld	fa4, 184(a3)
800092b8: 38 2c        	fld	fa4, 88(s0)
800092ba: fa 3d        	fld	fs11, 440(sp)
800092bc: 3d 50        	c.li	zero, -17
800092be: 79 3e        	addiw	t3, t3, -2
800092c0: bf 8c 66 bd  	<unknown>
800092c4: ee b1        	fsd	fs11, 224(sp)
800092c6: d7 3d c1 1f  	<unknown>
800092ca: 6e 3d        	fld	fs10, 248(sp)
800092cc: 14 69        	ld	a3, 16(a0)
800092ce: 7b 3e c9 f7  	<unknown>
800092d2: ff 3d 48 a3  	<unknown>
800092d6: 75 3d        	addiw	s10, s10, -3
800092d8: 09 91        	srli	a0, a0, 34
800092da: 83 be 50 be  	ld	t4, -1051(ra)
800092de: 6c be        	fsd	fa1, 248(a2)
800092e0: 04 9b        	<unknown>
800092e2: 9e be        	fsd	ft7, 376(sp)
800092e4: a4 60        	ld	s1, 64(s1)
800092e6: 1b 3d 88 91  	<unknown>
800092ea: ff be 6b d8  	<unknown>
800092ee: fc be        	fsd	fa5, 248(a3)
800092f0: b3 06 52 bd  	<unknown>
800092f4: f7 0f 07 be  	<unknown>
800092f8: 0f ad 2e bd  	<unknown>
800092fc: ee a2        	fsd	fs11, 320(sp)
800092fe: f4 3e        	fld	fa3, 248(a3)
80009300: 1e c9        	sw	t2, 144(sp)
80009302: a8 3d        	fld	fa0, 120(a1)
80009304: 50 c4        	sw	a2, 12(s0)
80009306: 0e 3e        	fld	ft8, 224(sp)
80009308: 7a 52        	lw	tp, 188(sp)
8000930a: f7 be 1f 0d  	<unknown>
8000930e: df 3e 99 d4  	<unknown>
80009312: c6 be        	fsd	fa7, 376(sp)
80009314: 14 de        	sw	a3, 56(a2)
80009316: 16 be        	fsd	ft5, 312(sp)
80009318: 10 95        	<unknown>
8000931a: 67 be df 5f  	<unknown>
8000931e: f3 3a 60 ef  	csrrc	s5, 3830, zero
80009322: 04 3f        	fld	fs1, 56(a4)
80009324: d9 14        	addi	s1, s1, -10
80009326: be be        	fsd	fa5, 376(sp)
80009328: dc 54        	lw	a5, 44(s1)
8000932a: ad 3d        	addiw	s11, s11, -21
8000932c: 50 47        	lw	a2, 12(a4)
8000932e: a4 3d        	fld	fs1, 120(a1)
80009330: 89 35        	addiw	a1, a1, -30
80009332: 90 be        	fsd	fa2, 56(a3)
80009334: 16 6c        	ld	s8, 320(sp)
80009336: df 3c 9f ba  	<unknown>
8000933a: 14 bf        	fsd	fa3, 56(a4)
8000933c: 31 c8        	beqz	s0, 0x80009390 <Gram_ref_imag+0xe70>
8000933e: 28 3e        	fld	fa0, 120(a2)
80009340: 62 b9        	fsd	fs8, 176(sp)
80009342: e9 be        	j	0x80008f1c <Gram_ref_imag+0x9fc>
80009344: cb 3c d6 3d  	<unknown>
80009348: 28 49        	lw	a0, 80(a0)
8000934a: bd bd        	j	0x800091c8 <Gram_ref_imag+0xca8>
8000934c: 3d 01        	addi	sp, sp, 15
8000934e: 13 be f8 87  	sltiu	t3, a7, -1921
80009352: c3 3d 99 0a  	fmadd.d	fs11, fs2, fs1, ft1, rup
80009356: d8 be        	fsd	fa4, 184(a3)
80009358: 6c 01        	addi	a1, sp, 140
8000935a: 33 be 7c 51  	<unknown>
8000935e: b1 be        	j	0x80008eba <Gram_ref_imag+0x99a>
80009360: 59 4f        	li	t5, 22
80009362: 95 3e        	addiw	t4, t4, -27
80009364: 09 5a        	li	s4, -30
80009366: e1 3d        	addiw	s11, s11, -8
80009368: d5 aa        	j	0x8000955c <Gram_ref_imag+0x103c>
8000936a: 34 3e        	fld	fa3, 120(a2)
8000936c: bd fa        	bnez	a3, 0x800092e2 <Gram_ref_imag+0xdc2>
8000936e: 58 3e        	fld	fa4, 184(a2)
80009370: 06 a6        	fsd	ft1, 264(sp)
80009372: 20 3e        	fld	fs0, 120(a2)
80009374: 49 a6        	j	0x800096f6 <Gram_ref_imag+0x11d6>
80009376: 78 be        	fsd	fa4, 248(a2)
80009378: f5 5e        	li	t4, -3
8000937a: b5 3e        	addiw	t4, t4, -19
8000937c: f0 09        	addi	a2, sp, 220
8000937e: 13 3e 06 a0  	sltiu	t3, a2, -1536
80009382: 37 3e e6 a0  	lui	t3, 659043
80009386: 29 bf        	j	0x800092a0 <Gram_ref_imag+0xd80>
80009388: 39 4c        	li	s8, 14
8000938a: 66 be        	fsd	fs9, 312(sp)
8000938c: 72 60        	<unknown>
8000938e: b0 be        	fsd	fa2, 120(a3)
80009390: 13 a0 2f bf  	slti	zero, t6, -1038
80009394: e9 33        	addiw	t2, t2, -6
80009396: ad 3d        	addiw	s11, s11, -21
80009398: 3c 50        	lw	a5, 96(s0)
8000939a: ad 3e        	addiw	t4, t4, -21
8000939c: b7 01 90 be  	lui	gp, 780544
800093a0: 4d 8b        	andi	a4, a4, 19
800093a2: 6e be        	fsd	fs11, 312(sp)
800093a4: 7a 15        	slli	a0, a0, 62
800093a6: f6 be        	fsd	ft9, 376(sp)
800093a8: 24 fe        	sd	s1, 120(a2)
800093aa: 10 be        	fsd	fa2, 56(a2)
800093ac: fc 0a        	addi	a5, sp, 348
800093ae: 46 bd        	fsd	fa7, 184(sp)
800093b0: db 27 32 3e  	<unknown>
800093b4: a9 56        	li	a3, -22
800093b6: 19 be        	j	0x80008ecc <Gram_ref_imag+0x9ac>
800093b8: 9e 9e        	add	t4, t4, t2
800093ba: 5b 3e 23 c8  	<unknown>
800093be: 7f 3e b2 98  	<unknown>
800093c2: 22 3f        	fld	ft10, 40(sp)
800093c4: b0 30        	fld	fa2, 96(s1)
800093c6: ff 3d 01 a3  	<unknown>
800093ca: 3e 3f        	fld	ft10, 488(sp)
800093cc: 11 b0        	j	0x80008bd0 <Gram_ref_imag+0x6b0>
800093ce: 5c be        	fsd	fa5, 184(a2)
800093d0: 2f 04 8b 3e  	<unknown>
800093d4: c1 ab        	j	0x800099a4 <Gram_ref_imag+0x1484>
800093d6: ce be        	fsd	fs3, 376(sp)
800093d8: 62 a4        	fsd	fs8, 8(sp)
800093da: 1d be        	j	0x80008f10 <Gram_ref_imag+0x9f0>
800093dc: 7b a7 cd bd  	<unknown>
800093e0: 57 ba 0e 3f  	vslidedown.vi	v20, v16, 29
800093e4: d2 81        	mv	gp, s4
800093e6: 5e 3e        	fld	ft8, 496(sp)
800093e8: 3c 7d        	ld	a5, 120(a0)
800093ea: db 3e 62 72  	<unknown>
800093ee: b3 3d 81 12  	<unknown>
800093f2: 73 bd 1e 9d  	csrrc	s10, 2513, t4
800093f6: 6b be ea e5  	<unknown>
800093fa: 04 bf        	fsd	fs1, 56(a4)
800093fc: 87 ff 9a be  	<unknown>
80009400: bc c0        	sw	a5, 64(s1)
80009402: ab be 2d 88  	<unknown>
80009406: cb bd e2 f1  	fnmsub.s	fs11, ft5, ft10, ft10, rup
8000940a: be be        	fsd	fa5, 376(sp)
8000940c: 31 a8        	j	0x80009428 <Gram_ref_imag+0xf08>
8000940e: e6 3e        	fld	ft9, 120(sp)
80009410: be f7        	sd	a5, 488(sp)
80009412: 68 be        	fsd	fa0, 248(a2)
80009414: db 2e 8e 3e  	<unknown>
80009418: 5c 20        	fld	fa5, 128(s0)
8000941a: 19 bf        	j	0x80009330 <Gram_ref_imag+0xe10>
8000941c: f2 fe        	sd	t3, 376(sp)
8000941e: 7a be        	fsd	ft10, 312(sp)
80009420: 4d 5f        	li	t5, -13
80009422: b3 be 19 7f  	<unknown>
80009426: 82 be        	fsd	ft0, 376(sp)
80009428: f8 c0        	sw	a4, 68(s1)
8000942a: af 3e cb 93  	<unknown>
8000942e: 4b 3e 3d e9  	fnmsub.s	ft8, fs10, fs3, ft9, rup
80009432: 98 be        	fsd	fa4, 56(a3)
80009434: 21 06        	addi	a2, a2, 8
80009436: 85 3e        	addiw	t4, t4, -31
80009438: bc e8        	sd	a5, 80(s1)
8000943a: 6a be        	fsd	fs10, 312(sp)
8000943c: 4e ad        	fsd	fs3, 152(sp)
8000943e: 96 3e        	fld	ft9, 352(sp)
80009440: 47 3e da 3e  	<unknown>
80009444: 53 27 e9 3e  	<unknown>
80009448: cb 46 a4 be  	<unknown>
8000944c: 95 20        	addiw	ra, ra, 5
8000944e: 97 be 38 ca  	auipc	t4, 828299
80009452: 93 3e a6 81  	sltiu	t4, a2, -2022
80009456: c1 3e        	addiw	t4, t4, -16
80009458: 5b 9c bd be  	<unknown>
8000945c: 38 66        	ld	a4, 72(a2)
8000945e: 10 bf        	fsd	fa2, 56(a4)
80009460: 5f 38 b7 be  	<unknown>
80009464: da da        	sw	s6, 116(sp)
80009466: 01 3f        	addiw	t5, t5, -32
80009468: 05 6c        	lui	s8, 1
8000946a: d5 be        	j	0x8000905e <Gram_ref_imag+0xb3e>
8000946c: 0f f3 0f 3f  	<unknown>
80009470: a4 27        	fld	fs1, 72(a5)
80009472: b8 3a        	fld	fa4, 112(a3)
80009474: 6f db c9 bd  	jal	s6, 0x7ffa6850 <vfctrans_sim.c+0x7ffa6850>
80009478: 87 cf ef be  	<unknown>
8000947c: 8d c2        	beqz	a3, 0x8000949e <Gram_ref_imag+0xf7e>
8000947e: 91 3e        	addiw	t4, t4, -28
80009480: 4e 42        	lw	tp, 208(sp)
80009482: 27 3e 24 a5  	fsd	fs2, -1444(s0)
80009486: 82 be        	fsd	ft0, 376(sp)
80009488: 2a be        	fsd	fa0, 312(sp)
8000948a: 3a be        	fsd	fa4, 312(sp)
8000948c: 6e ee        	sd	s11, 280(sp)
8000948e: 70 3e        	fld	fa2, 248(a2)
80009490: 12 5a        	lw	s4, 36(sp)
80009492: 79 be        	j	0x80009030 <Gram_ref_imag+0xb10>
80009494: c5 c2        	beqz	a3, 0x80009534 <Gram_ref_imag+0x1014>
80009496: cb bd 08 9b  	fnmsub.d	fs11, fa7, fa6, fs3, rup
8000949a: df 3e 3a b6  	<unknown>
8000949e: 3f 3e eb 9c  	<unknown>
800094a2: 84 be        	fsd	fs1, 56(a3)
800094a4: 2f 97 2c be  	<unknown>
800094a8: d2 03        	slli	t2, t2, 20
800094aa: a9 3d        	addiw	s11, s11, -22
800094ac: 74 3a        	fld	fa3, 240(a2)
800094ae: ba be        	fsd	fa4, 376(sp)
800094b0: 24 3b        	fld	fs1, 112(a4)
800094b2: 9e be        	fsd	ft7, 376(sp)
800094b4: 1e d0        	sw	t2, 32(sp)
800094b6: d1 3e        	addiw	t4, t4, -12
800094b8: 39 34        	addiw	s0, s0, -18
800094ba: 45 3e        	addiw	t3, t3, -15
800094bc: 49 3c        	addiw	s8, s8, -14
800094be: e6 3d        	fld	fs11, 120(sp)
800094c0: 74 96        	<unknown>
800094c2: a8 3d        	fld	fa0, 120(a1)
800094c4: e5 9d        	<unknown>
800094c6: 26 be        	fsd	fs1, 312(sp)
800094c8: 3c 3f        	fld	fa5, 120(a4)
800094ca: 86 be        	fsd	ft1, 376(sp)
800094cc: 86 d4        	sw	ra, 104(sp)
800094ce: 91 3e        	addiw	t4, t4, -28
800094d0: 28 3d        	fld	fa0, 120(a0)
800094d2: da 3c        	fld	fs9, 432(sp)
800094d4: f0 7a        	ld	a2, 240(a3)
800094d6: 0c be        	fsd	fa1, 56(a2)
800094d8: f5 23        	addiw	t2, t2, 29
800094da: cc be        	fsd	fa1, 184(a3)
800094dc: 97 31 d6 be  	auipc	gp, 781667
800094e0: 44 b0        	fsd	fs1, 160(s0)
800094e2: ff bc f9 01  	<unknown>
800094e6: d6 3d        	fld	fs11, 368(sp)
800094e8: 47 96 6d be  	<unknown>
800094ec: 5f 1e 48 3e  	<unknown>
800094f0: 86 d3        	sw	ra, 228(sp)
800094f2: 35 3e        	addiw	t3, t3, -19
800094f4: a2 5b        	lw	s7, 40(sp)
800094f6: 28 3e        	fld	fa0, 120(a2)
800094f8: e2 57        	lw	a5, 56(sp)
800094fa: 43 be 1f 1c  	<unknown>
800094fe: b7 3e 75 68  	lui	t4, 427859
80009502: c5 3c        	addiw	s9, s9, -15
80009504: 56 21        	fld	ft2, 336(sp)
80009506: e8 be        	fsd	fa0, 248(a3)
80009508: 2e 07        	slli	a4, a4, 11
8000950a: 84 3d        	fld	fs1, 56(a1)
8000950c: 8c 37        	fld	fa1, 40(a5)
8000950e: ec 3b        	fld	fa1, 240(a5)
80009510: 49 bc        	j	0x80008fa2 <Gram_ref_imag+0xa82>
80009512: 2f 3e f7 2e  	<unknown>
80009516: d7 be 96 43  	<unknown>
8000951a: 05 be        	j	0x8000904a <Gram_ref_imag+0xb2a>
8000951c: 2d 29        	addiw	s2, s2, 11
8000951e: c9 be        	j	0x800090f0 <Gram_ref_imag+0xbd0>
80009520: 1d 04        	addi	s0, s0, 7
80009522: df 3e 58 2a  	<unknown>
80009526: 6d 3e        	addiw	t3, t3, -5
80009528: af 67 fd bc  	<unknown>
8000952c: 84 ab        	fsd	fs1, 16(a5)
8000952e: b9 bd        	j	0x8000938c <Gram_ref_imag+0xe6c>
80009530: e7 a5 0c bf  	<unknown>
80009534: d7 1b da 3e  	<unknown>
80009538: 58 cc        	sw	a4, 28(s0)
8000953a: 8b 3e 37 59  	<unknown>
8000953e: ba 3d        	fld	fs11, 424(sp)
80009540: ba 71        	ld	gp, 424(sp)
80009542: 34 3f        	fld	fa3, 120(a4)
80009544: 14 6e        	ld	a3, 24(a2)
80009546: 21 be        	j	0x8000905e <Gram_ref_imag+0xb3e>
80009548: 77 04 14 be  	<unknown>
8000954c: ef 94 c0 be  	jal	s1, 0x7ff12938 <vfctrans_sim.c+0x7ff12938>
80009550: fa 3c        	fld	fs9, 440(sp)
80009552: af 3c 36 2b  	<unknown>
80009556: 5d 3e        	addiw	t3, t3, -9
80009558: 73 e6 f5 3e  	csrrsi	a2, pmpaddr63, 11
8000955c: 5a 8c        	mv	s8, s6
8000955e: 2a 3f        	fld	ft10, 168(sp)
80009560: 09 16        	addi	a2, a2, -30
80009562: 89 bc        	j	0x80008fb4 <Gram_ref_imag+0xa94>
80009564: 4b 94 32 bf  	<unknown>
80009568: 53 32 a0 3e  	<unknown>
8000956c: f0 bc        	fsd	fa2, 248(s1)
8000956e: 93 3e e1 36  	sltiu	t4, sp, 878
80009572: b0 3d        	fld	fa2, 120(a1)
80009574: b5 5e        	li	t4, -19
80009576: 08 bf        	fsd	fa0, 56(a4)
80009578: a8 23        	fld	fa0, 64(a5)
8000957a: 90 be        	fsd	fa2, 56(a3)
8000957c: 50 1b        	addi	a2, sp, 436
8000957e: 87 3d 2b b5  	fld	fs11, -1198(s6)
80009582: cd bd        	j	0x80009474 <Gram_ref_imag+0xf54>
80009584: 42 f9        	sd	a6, 176(sp)
80009586: 99 3d        	addiw	s11, s11, -26
80009588: 2d 81        	srli	a0, a0, 11
8000958a: 6a 3e        	fld	ft8, 184(sp)
8000958c: bc e5        	sd	a5, 72(a1)
8000958e: a0 be        	fsd	fs0, 120(a3)
80009590: 27 df a6 3e  	<unknown>
80009594: d3 e6 7b 3e  	<unknown>
80009598: d7 55 3b be  	vfnmsac.vf	v11, fs6, v3
8000959c: 98 e8        	sd	a4, 16(s1)
8000959e: 25 bd        	j	0x800093d6 <Gram_ref_imag+0xeb6>
800095a0: ae 49        	lw	s3, 200(sp)
800095a2: 1f bf 92 6b  	<unknown>
800095a6: 09 be        	j	0x800090b8 <Gram_ref_imag+0xb98>
800095a8: e1 62        	lui	t0, 24
800095aa: 81 3d        	addiw	s11, s11, -32
800095ac: fe 30        	fld	ft1, 504(sp)
800095ae: 3c 3e        	fld	fa5, 120(a2)
800095b0: b1 63        	lui	t2, 12
800095b2: 5c 3d        	fld	fa5, 184(a0)
800095b4: 3c 4c        	lw	a5, 88(s0)
800095b6: 6a bd        	fsd	fs10, 184(sp)
800095b8: 89 47        	li	a5, 2
800095ba: 8c be        	fsd	fa1, 56(a3)
800095bc: da a2        	fsd	fs6, 320(sp)
800095be: bb be eb b3  	<unknown>
800095c2: 29 be        	j	0x800090dc <Gram_ref_imag+0xbbc>
800095c4: 4a 03        	slli	t1, t1, 18
800095c6: ca 3e        	fld	ft9, 176(sp)
800095c8: 6a 40        	<unknown>
800095ca: 1c be        	fsd	fa5, 56(a2)
800095cc: 45 dc        	beqz	s0, 0x80009584 <Gram_ref_imag+0x1064>
800095ce: 0a 3e        	fld	ft8, 160(sp)
800095d0: b2 d1        	sw	a2, 224(sp)
800095d2: b7 be 41 57  	lui	t4, 357403
800095d6: 20 bf        	fsd	fs0, 120(a4)
800095d8: e3 5a a6 be  	bge	a2, a0, 0x800091cc <Gram_ref_imag+0xcac>
800095dc: 27 65 13 3d  	<unknown>
800095e0: f8 26        	fld	fa4, 200(a3)
800095e2: 9d bc        	j	0x80009058 <Gram_ref_imag+0xb38>
800095e4: a8 1d        	addi	a0, sp, 760
800095e6: c5 bd        	j	0x800094d6 <Gram_ref_imag+0xfb6>
800095e8: bf b7 6d 3e  	<unknown>
800095ec: 8b e2 95 be  	<unknown>
800095f0: 7b 4f 85 bc  	<unknown>
800095f4: 65 a5        	j	0x80009c9c <Gram_ref_imag+0x177c>
800095f6: 2d bf        	j	0x80009530 <Gram_ref_imag+0x1010>
800095f8: c6 4f        	lw	t6, 80(sp)
800095fa: 1f 3f 4b d3  	<unknown>
800095fe: e1 be        	j	0x800091d6 <Gram_ref_imag+0xcb6>
80009600: 31 0b        	addi	s6, s6, 12
80009602: 23 3e 28 89  	sd	s2, -1892(a6)
80009606: 78 3e        	fld	fa4, 248(a2)
80009608: a1 c3        	beqz	a5, 0x80009648 <Gram_ref_imag+0x1128>
8000960a: 15 bf        	j	0x8000953e <Gram_ref_imag+0x101e>
8000960c: ee 4d        	lw	s11, 216(sp)
8000960e: 8b be f3 76  	<unknown>
80009612: 97 3d e9 a5  	auipc	s11, 679571
80009616: e7 3d 2a df  	<unknown>
8000961a: 96 3c        	fld	fs9, 352(sp)
8000961c: e7 84 6a bd  	jalr	s1, -1066(s5)
80009620: 4e 84        	mv	s0, s3
80009622: 0b bf 51 fe  	<unknown>
80009626: c9 bc        	j	0x800090f8 <Gram_ref_imag+0xbd8>
80009628: 4b 4c 84 bd  	<unknown>
8000962c: a3 a6 16 3e  	sw	ra, 1005(a3)
80009630: f3 42 ac 3e  	<unknown>
80009634: 3b ca 21 3e  	<unknown>
80009638: e3 ab 7d 3e  	<unknown>
8000963c: 25 d1        	beqz	a0, 0x8000959c <Gram_ref_imag+0x107c>
8000963e: de 3e        	fld	ft9, 496(sp)
80009640: cd ae        	j	0x80009a32 <Gram_ref_imag+0x1512>
80009642: ce 3d        	fld	fs11, 240(sp)
80009644: bc 3b        	fld	fa5, 112(a5)
80009646: 69 be        	j	0x800091e0 <Gram_ref_imag+0xcc0>
80009648: 7a 9c        	add	s8, s8, t5
8000964a: 26 3e        	fld	ft8, 104(sp)
8000964c: 6a 0b        	slli	s6, s6, 26
8000964e: bf be e5 2a  	<unknown>
80009652: ac be        	fsd	fa1, 120(a3)
80009654: 0f 0e ce 3e  	<unknown>
80009658: fd 9d        	<unknown>
8000965a: 8f bd 84 20  	<unknown>
8000965e: ff be c0 a7  	<unknown>
80009662: 87 bd 7c 4e  	fld	fs11, 1255(s9)
80009666: 21 3e        	addiw	t3, t3, -24
80009668: a3 6f 16 bd  	<unknown>
8000966c: e1 e3        	bnez	a5, 0x8000972c <Gram_ref_imag+0x120c>
8000966e: ad 3e        	addiw	t4, t4, -21
80009670: b7 5d e1 be  	lui	s11, 781845
80009674: dc fd        	sd	a5, 184(a1)
80009676: 98 be        	fsd	fa4, 56(a3)
80009678: b1 c4        	beqz	s1, 0x800096c4 <Gram_ref_imag+0x11a4>
8000967a: 50 3e        	fld	fa2, 184(a2)
8000967c: a2 38        	fld	fa7, 40(sp)
8000967e: 8f be 98 04  	<unknown>
80009682: f1 3d        	addiw	s11, s11, -4
80009684: 21 70        	c.lui	zero, -24
80009686: 1a 3e        	fld	ft8, 416(sp)
80009688: 97 f5 99 3d  	auipc	a1, 252319
8000968c: 32 21        	fld	ft2, 264(sp)
8000968e: df be ba 32  	<unknown>
80009692: 01 3e        	addiw	t3, t3, -32
80009694: 65 67        	lui	a4, 25
80009696: c8 be        	fsd	fa0, 184(a3)
80009698: ed d9        	beqz	a1, 0x8000968a <Gram_ref_imag+0x116a>
8000969a: 0d 3f        	addiw	t5, t5, -29
8000969c: 08 fc        	sd	a0, 56(s0)
8000969e: eb 3e 57 c6  	<unknown>
800096a2: b6 3e        	fld	ft9, 360(sp)
800096a4: a5 2f        	addiw	t6, t6, 9
800096a6: 2d bf        	j	0x800095e0 <Gram_ref_imag+0x10c0>
800096a8: 09 fe        	bnez	a2, 0x800095c2 <Gram_ref_imag+0x10a2>
800096aa: 09 3e        	addiw	t3, t3, -30
800096ac: 48 26        	fld	fa0, 136(a2)
800096ae: 16 be        	fsd	ft5, 312(sp)
800096b0: b8 bb        	fsd	fa4, 112(a5)
800096b2: 3a 3d        	fld	fs10, 424(sp)
800096b4: 1c 17        	addi	a5, sp, 928
800096b6: 05 bf        	j	0x800095e6 <Gram_ref_imag+0x10c6>
800096b8: 18 86        	<unknown>
800096ba: 1f bc 33 4a  	<unknown>
800096be: 3a bd        	fsd	fa4, 184(sp)
800096c0: 90 77        	ld	a2, 40(a5)
800096c2: f4 3d        	fld	fa3, 248(a1)
800096c4: a5 23        	addiw	t2, t2, 9
800096c6: 1d be        	j	0x800091fc <Gram_ref_imag+0xcdc>
800096c8: 61 d5        	beqz	a0, 0x80009690 <Gram_ref_imag+0x1170>
800096ca: b6 be        	fsd	fa3, 376(sp)
800096cc: 55 61        	addi	sp, sp, 304
800096ce: 13 3e d9 d8  	sltiu	t3, s2, -627
800096d2: 5e be        	fsd	fs7, 312(sp)
800096d4: da 9d        	add	s11, s11, s6
800096d6: 46 be        	fsd	fa7, 312(sp)
800096d8: 30 f4        	sd	a2, 104(s0)
800096da: ca 3b        	fld	fs7, 176(sp)
800096dc: dc ba        	fsd	fa5, 176(a3)
800096de: 88 be        	fsd	fa0, 56(a3)
800096e0: 4e f3        	sd	s3, 416(sp)
800096e2: a7 be 63 03  	fsd	fs6, 61(t2)
800096e6: 16 bf        	fsd	ft5, 440(sp)
800096e8: f5 73        	lui	t2, 1048573
800096ea: 07 bd cc 71  	fld	fs10, 1820(s9)
800096ee: 22 3f        	fld	ft10, 40(sp)
800096f0: e9 49        	li	s3, 26
800096f2: b1 3d        	addiw	s11, s11, -20
800096f4: 10 3d        	fld	fa2, 56(a0)
800096f6: b9 3e        	addiw	t4, t4, -18
800096f8: d4 d2        	sw	a3, 36(a3)
800096fa: 69 be        	j	0x80009294 <Gram_ref_imag+0xd74>
800096fc: 40 f7        	sd	s0, 168(a4)
800096fe: 09 3d        	addiw	s10, s10, -30
80009700: ac c8        	sw	a1, 80(s1)
80009702: 91 bd        	j	0x80009556 <Gram_ref_imag+0x1036>
80009704: 92 33        	fld	ft7, 288(sp)
80009706: f2 be        	fsd	ft8, 376(sp)
80009708: f1 e4        	bnez	s1, 0x800097d4 <Gram_ref_imag+0x12b4>
8000970a: ea 3d        	fld	fs11, 184(sp)
8000970c: e1 71        	lui	gp, 1048568
8000970e: 9d be        	j	0x80009284 <Gram_ref_imag+0xd64>
80009710: f4 95        	<unknown>
80009712: a1 be        	j	0x8000926a <Gram_ref_imag+0xd4a>
80009714: ab 07 92 be  	<unknown>
80009718: f6 d0        	sw	t4, 96(sp)
8000971a: 9e bc        	fsd	ft7, 120(sp)
8000971c: 1f 67 98 bc  	<unknown>
80009720: a0 0c        	addi	s0, sp, 600
80009722: f9 3e        	addiw	t4, t4, -2
80009724: 18 2a        	fld	fa4, 16(a2)
80009726: 26 3f        	fld	ft10, 104(sp)
80009728: 84 be        	fsd	fs1, 56(a3)
8000972a: 6c be        	fsd	fa1, 248(a2)
8000972c: 73 1f 04 be  	csrrw	t5, 3040, s0
80009730: 20 4e        	lw	s0, 88(a2)
80009732: f4 bd        	fsd	fa3, 248(a1)
80009734: 8a 5b        	lw	s7, 160(sp)
80009736: f8 3e        	fld	fa4, 248(a3)
80009738: 4e 03        	slli	t1, t1, 19
8000973a: 5a 3f        	fld	ft10, 432(sp)
8000973c: 90 ee        	sd	a2, 24(a3)
8000973e: 54 be        	fsd	fa3, 184(a2)
80009740: 71 7e        	lui	t3, 1048572
80009742: 19 3f        	addiw	t5, t5, -26
80009744: d0 be        	fsd	fa2, 184(a3)
80009746: 82 3d        	fld	fs11, 32(sp)
80009748: 74 a8        	fsd	fa3, 208(s0)
8000974a: 22 be        	fsd	fs0, 312(sp)
8000974c: 4a a8        	fsd	fs2, 16(sp)
8000974e: ce be        	fsd	fs3, 376(sp)
80009750: b7 db 80 bd  	lui	s7, 776205
80009754: fa c5        	sw	t5, 200(sp)
80009756: ca 3d        	fld	fs11, 176(sp)
80009758: f8 a6        	fsd	fa4, 200(a3)
8000975a: 11 3f        	addiw	t5, t5, -28
8000975c: 56 0c        	slli	s8, s8, 21
8000975e: ec 3e        	fld	fa1, 248(a3)
80009760: 10 8c        	<unknown>
80009762: b2 be        	fsd	fa2, 376(sp)
80009764: 10 41        	lw	a2, 0(a0)
80009766: a5 be        	j	0x800092de <Gram_ref_imag+0xdbe>
80009768: ae 0a        	slli	s5, s5, 11
8000976a: 32 3e        	fld	ft8, 296(sp)
8000976c: 7b 2f 17 3f  	<unknown>
80009770: 50 38        	fld	fa2, 176(s0)
80009772: 49 bd        	j	0x80009604 <Gram_ref_imag+0x10e4>
80009774: 08 9b        	<unknown>
80009776: 6a bf        	fsd	fs10, 440(sp)
80009778: fc 65        	ld	a5, 200(a1)
8000977a: 7f bc 30 ee  	<unknown>
8000977e: 7b be b9 9f  	<unknown>
80009782: 0a 3d        	fld	fs10, 160(sp)
80009784: 84 26        	fld	fs1, 8(a3)
80009786: e1 3e        	addiw	t4, t4, -8
80009788: 2f 9e e0 3e  	<unknown>
8000978c: ad 44        	li	s1, 11
8000978e: 92 3e        	fld	ft9, 288(sp)
80009790: b8 6a        	ld	a4, 80(a3)
80009792: fd 3e        	addiw	t4, t4, -1
80009794: 5b a6 41 bd  	<unknown>
80009798: 56 35        	fld	fa0, 368(sp)
8000979a: f7 be a4 3a  	<unknown>
8000979e: 50 3e        	fld	fa2, 184(a2)
800097a0: 43 22 2b be  	<unknown>
800097a4: 6f a3 c3 bd  	jal	t1, 0x7ff43b80 <vfctrans_sim.c+0x7ff43b80>
800097a8: 41 21        	addiw	sp, sp, 16
800097aa: 99 be        	j	0x80009300 <Gram_ref_imag+0xde0>
800097ac: a4 50        	lw	s1, 96(s1)
800097ae: 77 3c 45 99  	<unknown>
800097b2: b1 3e        	addiw	t4, t4, -20
800097b4: ea 8c        	mv	s9, s10
800097b6: cb 3e 7d 04  	<unknown>
800097ba: ea bd        	fsd	fs10, 248(sp)
800097bc: cd 6b        	lui	s7, 19
800097be: a7 3d 46 8f  	fsd	fs4, -1797(a2)
800097c2: 5e be        	fsd	fs7, 312(sp)
800097c4: da 99        	add	s3, s3, s6
800097c6: dc 3c        	fld	fa5, 184(s1)
800097c8: 5c 36        	fld	fa5, 168(a2)
800097ca: 9e 3c        	fld	fs9, 480(sp)
800097cc: ac 5b        	lw	a1, 112(a5)
800097ce: 35 3c        	addiw	s8, s8, -19
800097d0: e0 44        	lw	s0, 76(s1)
800097d2: f2 bd        	fsd	ft8, 248(sp)
800097d4: 05 d1        	beqz	a0, 0x800096f4 <Gram_ref_imag+0x11d4>
800097d6: bd bd        	j	0x80009654 <Gram_ref_imag+0x1134>
800097d8: 53 42 12 be  	<unknown>
800097dc: 2b 8d 45 3d  	<unknown>
800097e0: ac a5        	fsd	fa1, 72(a1)
800097e2: 47 bd 27 f8  	fmsub.s	fs10, fa5, ft2, ft11, rup
800097e6: ad be        	j	0x80009360 <Gram_ref_imag+0xe40>
800097e8: ee 6d        	ld	s11, 216(sp)
800097ea: aa 3d        	fld	fs11, 168(sp)
800097ec: f1 22        	addiw	t0, t0, 28
800097ee: bf 3e 0e 2f  	<unknown>
800097f2: 7c be        	fsd	fa5, 248(a2)
800097f4: 04 17        	addi	s1, sp, 928
800097f6: f9 be        	j	0x800093d4 <Gram_ref_imag+0xeb4>
800097f8: 83 c4 fc 3e  	lbu	s1, 1007(s9)
800097fc: 42 93        	add	t1, t1, a6
800097fe: 34 bd        	fsd	fa3, 120(a0)
80009800: 74 bb        	fsd	fa3, 240(a4)
80009802: 7e 3e        	fld	ft8, 504(sp)
80009804: 5f a5 09 3f  	<unknown>
80009808: 1e a9        	fsd	ft7, 144(sp)
8000980a: 27 be 8c 1a  	fsd	fs0, 444(s9)
8000980e: 76 be        	fsd	ft9, 312(sp)
80009810: a2 b7        	fsd	fs0, 488(sp)
80009812: 67 3d 79 26  	<unknown>
80009816: 5f 3e 45 3a  	<unknown>
8000981a: b4 3e        	fld	fa3, 120(a3)
8000981c: f5 7b        	lui	s7, 1048573
8000981e: 8b 3c f0 89  	<unknown>
80009822: 26 3e        	fld	ft8, 104(sp)
80009824: 5a b4        	fsd	fs6, 40(sp)
80009826: 28 be        	fsd	fa0, 120(a2)
80009828: b2 94        	add	s1, s1, a2
8000982a: f5 3d        	addiw	s11, s11, -3
8000982c: bf da 8b bb  	<unknown>
80009830: 9a 1a        	slli	s5, s5, 38
80009832: a9 3d        	addiw	s11, s11, -22
80009834: 2f 0f 62 3e  	<unknown>
80009838: d0 e9        	sd	a2, 144(a1)
8000983a: 1c 3c        	fld	fa5, 56(s0)
8000983c: 35 b9        	j	0x80009478 <Gram_ref_imag+0xf58>
8000983e: 07 3f 9c fa  	fld	ft10, -87(s8)
80009842: 8f be da ae  	<unknown>
80009846: 8a be        	fsd	ft2, 376(sp)
80009848: 26 65        	ld	a0, 72(sp)
8000984a: b6 3d        	fld	fs11, 360(sp)
8000984c: a0 d4        	sw	s0, 104(s1)
8000984e: a3 3e cf fb  	sd	t3, -67(t5)
80009852: 8a be        	fsd	ft2, 376(sp)
80009854: 0f 46 f2 be  	<unknown>
80009858: 98 46        	lw	a4, 8(a3)
8000985a: 45 3e        	addiw	t3, t3, -15
8000985c: 5d a3        	j	0x80009e02 <Gram_ref_imag+0x18e2>
8000985e: 6c 3e        	fld	fa1, 248(a2)
80009860: 2c ef        	sd	a1, 88(a4)
80009862: 75 3e        	addiw	t3, t3, -3
80009864: 97 7f fe be  	auipc	t6, 782311
80009868: 96 49        	lw	s3, 68(sp)
8000986a: ca 3d        	fld	fs11, 176(sp)
8000986c: 6e 90        	c.add	zero, s11
8000986e: d1 be        	j	0x80009442 <Gram_ref_imag+0xf22>
80009870: e5 e1        	bnez	a1, 0x80009950 <Gram_ref_imag+0x1430>
80009872: 4b bf 7b 56  	<unknown>
80009876: 2b bc 15 98  	<unknown>
8000987a: 05 3f        	addiw	t5, t5, -31
8000987c: 9f 5d d6 be  	<unknown>
80009880: 59 97        	srai	a4, a4, 54
80009882: ce be        	fsd	fs3, 376(sp)
80009884: 56 e9        	sd	s5, 144(sp)
80009886: d4 bc        	fsd	fa3, 184(s1)
80009888: e6 b8        	fsd	fs9, 112(sp)
8000988a: a5 3e        	addiw	t4, t4, -23
8000988c: 30 a8        	fsd	fa2, 80(s0)
8000988e: 9f be 91 06  	<unknown>
80009892: 6f bd 57 f5  	jal	s10, 0x7ff857e6 <vfctrans_sim.c+0x7ff857e6>
80009896: 71 be        	j	0x80009432 <Gram_ref_imag+0xf12>
80009898: 26 fd        	sd	s1, 184(sp)
8000989a: a3 3e 26 2b  	sd	s2, 701(a2)
8000989e: e3 3d e3 cd  	<unknown>
800098a2: da 3e        	fld	ft9, 432(sp)
800098a4: 12 45        	lw	a0, 4(sp)
800098a6: 88 be        	fsd	fa0, 56(a3)
800098a8: 07 4a 63 3d  	<unknown>
800098ac: fe fd        	sd	t6, 248(sp)
800098ae: f1 3e        	addiw	t4, t4, -4
800098b0: 26 17        	slli	a4, a4, 41
800098b2: cb 3e 97 49  	fnmsub.s	ft9, fa4, fs9, fs1, rup
800098b6: d8 be        	fsd	fa4, 184(a3)
800098b8: 38 2c        	fld	fa4, 88(s0)
800098ba: fa bd        	fsd	ft10, 248(sp)
800098bc: 3d 50        	c.li	zero, -17
800098be: 79 be        	j	0x8000945c <Gram_ref_imag+0xf3c>
800098c0: bf 8c 66 3d  	<unknown>
800098c4: ee b1        	fsd	fs11, 224(sp)
800098c6: d7 bd c1 1f  	<unknown>
800098ca: 6e bd        	fsd	fs11, 184(sp)
800098cc: 14 69        	ld	a3, 16(a0)
800098ce: 7b be c9 f7  	<unknown>
800098d2: ff bd 48 a3  	<unknown>
800098d6: 75 bd        	j	0x80009792 <Gram_ref_imag+0x1272>
800098d8: 09 91        	srli	a0, a0, 34
800098da: 83 3e 50 be  	ld	t4, -1051(zero)
800098de: 6c 3e        	fld	fa1, 248(a2)
800098e0: 04 9b        	<unknown>
800098e2: 9e 3e        	fld	ft9, 480(sp)
800098e4: a4 60        	ld	s1, 64(s1)
800098e6: 1b bd 88 91  	<unknown>
800098ea: ff 3e 6b d8  	<unknown>
800098ee: fc 3e        	fld	fa5, 248(a3)
800098f0: b3 06 52 3d  	<unknown>
800098f4: f7 0f 07 3e  	<unknown>
800098f8: 0f ad 2e 3d  	<unknown>
800098fc: ee a2        	fsd	fs11, 320(sp)
800098fe: f4 be        	fsd	fa3, 248(a3)
80009900: 1e c9        	sw	t2, 144(sp)
80009902: a8 bd        	fsd	fa0, 120(a1)
80009904: 50 c4        	sw	a2, 12(s0)
80009906: 0e be        	fsd	ft3, 312(sp)
80009908: 7a 52        	lw	tp, 188(sp)
8000990a: f7 3e 1f 0d  	<unknown>
8000990e: df be 99 d4  	<unknown>
80009912: c6 3e        	fld	ft9, 112(sp)
80009914: 14 de        	sw	a3, 56(a2)
80009916: 16 3e        	fld	ft8, 352(sp)
80009918: 10 95        	<unknown>
8000991a: 67 3e df 5f  	<unknown>
8000991e: f3 ba 00 00  	csrrc	s5, ustatus, ra
		...
80009b1e: 00 00        	unimp	
80009b20: f6 74        	ld	s1, 376(sp)
80009b22: 16 3f        	fld	ft10, 352(sp)
80009b24: 81 ae        	j	0x80009e74 <Gram_ref_imag+0x1954>
80009b26: 5d 3e        	addiw	t3, t3, -9
80009b28: bd 37        	addiw	a5, a5, -17
80009b2a: 9b be f6 34  	<unknown>
80009b2e: 72 bd        	fsd	ft8, 184(sp)
80009b30: 14 d5        	sw	a3, 40(a0)
80009b32: d2 bc        	fsd	fs4, 120(sp)
80009b34: 8b e4 9a 3e  	<unknown>
80009b38: 72 43        	lw	t1, 28(sp)
80009b3a: da 3e        	fld	ft9, 432(sp)
80009b3c: 2b 34 44 3e  	<unknown>
80009b40: 41 9b        	andi	a4, a4, -16
80009b42: 62 3e        	fld	ft8, 56(sp)
80009b44: 13 33 43 3d  	sltiu	t1, t1, 980
80009b48: 7d e7        	bnez	a4, 0x80009c36 <Gram_ref_imag+0x1716>
80009b4a: d9 be        	j	0x80009720 <Gram_ref_imag+0x1200>
80009b4c: 0a e1        	sd	sp, 128(sp)
80009b4e: 7a be        	fsd	ft10, 312(sp)
80009b50: 43 d7 f0 3b  	<unknown>
80009b54: 7c a5        	fsd	fa5, 200(a0)
80009b56: a6 be        	fsd	fs1, 376(sp)
80009b58: 0b c6 e4 3e  	<unknown>
80009b5c: 18 ad        	fsd	fa4, 24(a0)
80009b5e: a5 bd        	j	0x800099d6 <Gram_ref_imag+0x14b6>
80009b60: 7a b6        	fsd	ft10, 296(sp)
80009b62: 2b be 1d d8  	<unknown>
80009b66: 1b be 3e 8b  	<unknown>
80009b6a: da 3e        	fld	ft9, 432(sp)
80009b6c: 08 3c        	fld	fa0, 56(s0)
80009b6e: 1e 3f        	fld	ft10, 480(sp)
80009b70: c0 4f        	lw	s0, 28(a5)
80009b72: 29 3d        	addiw	s10, s10, -22
80009b74: b4 6d        	ld	a3, 88(a1)
80009b76: 30 bf        	fsd	fa2, 120(a4)
80009b78: 46 9a        	add	s4, s4, a7
80009b7a: 68 3e        	fld	fa0, 248(a2)
80009b7c: b7 22 27 bd  	lui	t0, 774770
80009b80: 6e 6f        	ld	t5, 216(sp)
80009b82: 73 3c 9d f4  	csrrc	s8, 3913, s10
80009b86: 66 be        	fsd	fs9, 312(sp)
80009b88: ef ff 86 3e  	jal	t6, 0x80078f70 <timer+0x6e510>
80009b8c: a4 2f        	fld	fs1, 88(a5)
80009b8e: 0c 3e        	fld	fa1, 56(a2)
80009b90: 74 ed        	sd	a3, 216(a0)
80009b92: 73 be de e6  	csrrc	t3, 3693, t4
80009b96: 3e be        	fsd	fa5, 312(sp)
80009b98: f0 10        	addi	a2, sp, 108
80009b9a: bd be        	j	0x80009718 <Gram_ref_imag+0x11f8>
80009b9c: da 8f        	mv	t6, s6
80009b9e: f3 ba 39 a3  	csrrc	s5, 2611, s3
80009ba2: e6 be        	fsd	fs9, 376(sp)
80009ba4: 46 89        	mv	s2, a7
80009ba6: 11 bf        	j	0x80009aba <Gram_ref_imag+0x159a>
80009ba8: 52 38        	fld	fa6, 304(sp)
80009baa: b0 bd        	fsd	fa2, 120(a1)
80009bac: fb 9d 21 be  	<unknown>
80009bb0: 72 43        	lw	t1, 28(sp)
80009bb2: 43 3e 93 aa  	fmadd.d	ft8, ft6, fs1, fs5, rup
80009bb6: b2 3e        	fld	ft9, 296(sp)
80009bb8: df 1d 73 be  	<unknown>
80009bbc: 0b 65 66 3e  	<unknown>
80009bc0: f5 5f        	li	t6, -3
80009bc2: c9 3e        	addiw	t4, t4, -14
80009bc4: 5b ae 80 3c  	<unknown>
80009bc8: 37 65 f2 3e  	lui	a0, 257830
80009bcc: 47 35 d1 3c  	<unknown>
80009bd0: 92 09        	slli	s3, s3, 4
80009bd2: ae bd        	fsd	fa1, 248(sp)
80009bd4: 3c f4        	sd	a5, 104(s0)
80009bd6: 6d be        	j	0x80009790 <Gram_ref_imag+0x1270>
80009bd8: 34 22        	fld	fa3, 64(a2)
80009bda: 7e be        	fsd	ft11, 312(sp)
80009bdc: 83 c9 9c bd  	lbu	s3, -1063(s9)
80009be0: 78 f6        	sd	a4, 232(a2)
80009be2: 69 3e        	addiw	t3, t3, -6
80009be4: 8e dc        	sw	gp, 120(sp)
80009be6: 2c be        	fsd	fa1, 120(a2)
80009be8: a1 01        	addi	gp, gp, 8
80009bea: a1 3e        	addiw	t4, t4, -24
80009bec: a6 9c        	add	s9, s9, s1
80009bee: 63 3e c2 99  	<unknown>
80009bf2: 2e be        	fsd	fa1, 312(sp)
80009bf4: 1b 13 05 bf  	<unknown>
80009bf8: 8d 72        	lui	t0, 1048547
80009bfa: 78 bd        	fsd	fa4, 248(a0)
80009bfc: 54 13        	addi	a3, sp, 420
80009bfe: 5f be d1 2f  	<unknown>
80009c02: 87 be 3f 7f  	fld	ft9, 2035(t6)
80009c06: 15 3f        	addiw	t5, t5, -27
80009c08: 46 f3        	sd	a7, 416(sp)
80009c0a: 40 bf        	fsd	fs0, 184(a4)
80009c0c: 68 61        	ld	a0, 192(a0)
80009c0e: ef 3d 80 50  	jal	s11, 0x8000d116 <timer+0x26b6>
80009c12: 8e bc        	fsd	ft3, 120(sp)
80009c14: b5 be        	j	0x80009790 <Gram_ref_imag+0x1270>
80009c16: 02 3f        	fld	ft10, 32(sp)
80009c18: d5 e2        	bnez	a3, 0x80009cbc <Gram_ref_imag+0x179c>
80009c1a: c9 bd        	j	0x80009aec <Gram_ref_imag+0x15cc>
80009c1c: 1d 58        	li	a6, -25
80009c1e: ae be        	fsd	fa1, 376(sp)
80009c20: 74 f7        	sd	a3, 232(a4)
80009c22: 2c be        	fsd	fa1, 120(a2)
80009c24: 2e 82        	mv	tp, a1
80009c26: 49 be        	j	0x800097b8 <Gram_ref_imag+0x1298>
80009c28: a2 9d        	add	s11, s11, s0
80009c2a: 0d 3f        	addiw	t5, t5, -29
80009c2c: a8 77        	ld	a0, 104(a5)
80009c2e: cb be 3d ac  	<unknown>
80009c32: f4 be        	fsd	fa3, 248(a3)
80009c34: 1f 2e b9 3e  	<unknown>
80009c38: ec 3b        	fld	fa1, 240(a5)
80009c3a: f5 bc        	j	0x80009736 <Gram_ref_imag+0x1216>
80009c3c: 3f 1b 88 3f  	<unknown>
80009c40: 70 a3        	fsd	fa2, 192(a4)
80009c42: ae 3e        	fld	ft9, 232(sp)
80009c44: fd f1        	bnez	a1, 0x80009c2a <Gram_ref_imag+0x170a>
80009c46: ae bd        	fsd	fa1, 248(sp)
80009c48: e2 85        	mv	a1, s8
80009c4a: 66 be        	fsd	fs9, 312(sp)
80009c4c: e7 b2 05 3e  	<unknown>
80009c50: 14 71        	ld	a3, 32(a0)
80009c52: 48 be        	fsd	fa0, 184(a2)
80009c54: fe c5        	sw	t6, 200(sp)
80009c56: 40 3d        	fld	fs0, 184(a0)
80009c58: 93 76 8a be  	andi	a3, s4, -1048
80009c5c: be 90        	add	ra, ra, a5
80009c5e: a6 be        	fsd	fs1, 376(sp)
80009c60: 81 d9        	beqz	a1, 0x80009b70 <Gram_ref_imag+0x1650>
80009c62: 4b be d9 58  	fnmsub.s	ft8, fs3, fa3, fa1, rup
80009c66: 2d 3e        	addiw	t3, t3, -21
80009c68: 1e f2        	sd	t2, 288(sp)
80009c6a: 88 be        	fsd	fa0, 56(a3)
80009c6c: ba 82        	mv	t0, a4
80009c6e: e2 3e        	fld	ft9, 56(sp)
80009c70: 8d 40        	li	ra, 3
80009c72: 94 be        	fsd	fa3, 56(a3)
80009c74: 32 15        	slli	a0, a0, 44
80009c76: 80 be        	fsd	fs0, 56(a3)
80009c78: b6 40        	lw	ra, 76(sp)
80009c7a: 0e 3e        	fld	ft8, 224(sp)
80009c7c: 5c 76        	ld	a5, 168(a2)
80009c7e: 2a 3e        	fld	ft8, 168(sp)
80009c80: 8d 13        	addi	t2, t2, -29
80009c82: 3a bc        	fsd	fa4, 56(sp)
80009c84: 96 da        	sw	t0, 116(sp)
80009c86: 5a be        	fsd	fs6, 312(sp)
80009c88: de 88        	mv	a7, s7
80009c8a: 08 bd        	fsd	fa0, 56(a0)
80009c8c: 64 1a        	addi	s1, sp, 316
80009c8e: d1 bd        	j	0x80009b62 <Gram_ref_imag+0x1642>
80009c90: d2 f5        	sd	s4, 232(sp)
80009c92: 19 be        	j	0x800097a8 <Gram_ref_imag+0x1288>
80009c94: 1d 05        	addi	a0, a0, 7
80009c96: a0 be        	fsd	fs0, 120(a3)
80009c98: 27 5d 6d 3f  	<unknown>
80009c9c: 25 7e        	lui	t3, 1048553
80009c9e: ad 3e        	addiw	t4, t4, -21
80009ca0: d1 d8        	beqz	s1, 0x80009c34 <Gram_ref_imag+0x1714>
80009ca2: 0b bd 52 f2  	<unknown>
80009ca6: 73 be 99 87  	csrrc	t3, 2169, s3
80009caa: 00 be        	fsd	fs0, 56(a2)
80009cac: b7 00 28 3e  	lui	ra, 254592
80009cb0: 59 9d        	<unknown>
80009cb2: 54 3d        	fld	fa3, 184(a0)
80009cb4: ee 54        	lw	s1, 248(sp)
80009cb6: 90 bd        	fsd	fa2, 56(a1)
80009cb8: a4 45        	lw	s1, 72(a1)
80009cba: 70 be        	fsd	fa2, 248(a2)
80009cbc: 5e b4        	fsd	fs7, 40(sp)
80009cbe: d6 bd        	fsd	fs5, 248(sp)
80009cc0: 40 d9        	sw	s0, 52(a0)
80009cc2: d3 3e bc 9e  	<unknown>
80009cc6: 72 be        	fsd	ft8, 312(sp)
80009cc8: ae 83        	mv	t2, a1
80009cca: f2 be        	fsd	ft8, 376(sp)
80009ccc: 54 71        	ld	a3, 160(a0)
80009cce: 34 bd        	fsd	fa3, 120(a0)
80009cd0: 82 fc        	sd	zero, 120(sp)
80009cd2: 32 be        	fsd	fa2, 312(sp)
80009cd4: 47 00 3d be  	<unknown>
80009cd8: 3d ba        	j	0x80009616 <Gram_ref_imag+0x10f6>
80009cda: 9d 3e        	addiw	t4, t4, -25
80009cdc: b9 27        	addiw	a5, a5, 14
80009cde: 3a bd        	fsd	fa4, 184(sp)
80009ce0: 9f 00 b6 3d  	<unknown>
80009ce4: a1 c8        	beqz	s1, 0x80009d34 <Gram_ref_imag+0x1814>
80009ce6: a7 3d 1d f5  	fsd	fa7, -165(s10)
80009cea: 1d 3e        	addiw	t3, t3, -25
80009cec: 30 99        	<unknown>
80009cee: f8 3e        	fld	fa4, 248(a3)
80009cf0: 42 b2        	fsd	fa6, 288(sp)
80009cf2: fb 3d 52 f6  	<unknown>
80009cf6: 13 bd 9a 93  	sltiu	s10, s5, -1735
80009cfa: 0c bd        	fsd	fa1, 56(a0)
80009cfc: 0d 3d        	addiw	s10, s10, -29
80009cfe: ce 3d        	fld	fs11, 240(sp)
80009d00: bc a5        	fsd	fa5, 72(a1)
80009d02: e6 bb        	fsd	fs9, 496(sp)
80009d04: 95 52        	li	t0, -27
80009d06: 27 bb 55 ec  	fsd	ft5, -298(a1)
80009d0a: fa 3e        	fld	ft9, 440(sp)
80009d0c: 4a 4f        	lw	t5, 144(sp)
80009d0e: a9 be        	j	0x80009868 <Gram_ref_imag+0x1348>
80009d10: ba cb        	sw	a4, 212(sp)
80009d12: 56 3f        	fld	ft10, 368(sp)
80009d14: 2f c9 6b be  	<unknown>
80009d18: 2b 36 04 bd  	<unknown>
80009d1c: bc 60        	ld	a5, 64(s1)
80009d1e: 8e be        	fsd	ft3, 376(sp)
80009d20: 7f 34 0b bd  	<unknown>
80009d24: e2 0d        	slli	s11, s11, 24
80009d26: f9 bd        	j	0x80009c04 <Gram_ref_imag+0x16e4>
80009d28: 2e 07        	slli	a4, a4, 11
80009d2a: 25 3d        	addiw	s10, s10, -23
80009d2c: 65 fe        	bnez	a2, 0x80009d24 <Gram_ref_imag+0x1804>
80009d2e: d9 bd        	j	0x80009c04 <Gram_ref_imag+0x16e4>
80009d30: c3 32 f2 3c  	<unknown>
80009d34: e1 53        	li	t2, -8
80009d36: 1a bd        	fsd	ft6, 184(sp)
80009d38: bc 92        	<unknown>
80009d3a: 13 3e 6e 45  	sltiu	t3, t3, 1110
80009d3e: 96 be        	fsd	ft5, 376(sp)
80009d40: 5c 13        	addi	a5, sp, 420
80009d42: d5 3d        	addiw	s11, s11, -11
80009d44: e2 2a        	fld	fs5, 24(sp)
80009d46: ee be        	fsd	fs11, 376(sp)
80009d48: 23 10 0c 3e  	sh	zero, 992(s8)
80009d4c: 20 0c        	addi	s0, sp, 536
80009d4e: 3f be 68 85  	<unknown>
80009d52: bd 3d        	addiw	s11, s11, -17
80009d54: 51 6f        	lui	t5, 20
80009d56: 23 3f 75 ec  	sd	t2, -290(a0)
80009d5a: 3d bd        	j	0x80009b98 <Gram_ref_imag+0x1678>
80009d5c: 3b a2 c0 3e  	<unknown>
80009d60: aa d3        	sw	a0, 228(sp)
80009d62: 91 3e        	addiw	t4, t4, -28
80009d64: a3 a1 8e be  	sw	s0, -1053(t4)
80009d68: b0 af        	fsd	fa2, 88(a5)
80009d6a: f2 3c        	fld	fs9, 312(sp)
80009d6c: 59 9a        	andi	a2, a2, -10
80009d6e: a2 be        	fsd	fs0, 376(sp)
80009d70: c4 8f        	<unknown>
80009d72: da 3b        	fld	fs7, 432(sp)
80009d74: 4d ab        	j	0x8000a326 <Gram_ref_imag+0x1e06>
80009d76: 09 3e        	addiw	t3, t3, -30
80009d78: a5 84        	srai	s1, s1, 9
80009d7a: ef be 41 5f  	jal	t4, 0x8002536e <timer+0x1a90e>
80009d7e: 3d 3e        	addiw	t3, t3, -17
80009d80: a1 86        	srai	a3, a3, 8
80009d82: 4d bd        	j	0x80009c34 <Gram_ref_imag+0x1714>
80009d84: 4c f6        	sd	a1, 168(a2)
80009d86: 6f 3e f7 cb  	jal	t3, 0x7ff7da44 <vfctrans_sim.c+0x7ff7da44>
80009d8a: a9 3d        	addiw	s11, s11, -22
80009d8c: 0a 95        	add	a0, a0, sp
80009d8e: 1f be 08 e3  	<unknown>
80009d92: 0c 3f        	fld	fa1, 56(a4)
80009d94: 82 43        	lw	t2, 0(sp)
80009d96: a7 3e a5 50  	fsd	fa0, 1309(a0)
80009d9a: 86 3e        	fld	ft9, 96(sp)
80009d9c: 4f e9 a2 be  	<unknown>
80009da0: 29 99        	andi	a0, a0, -22
80009da2: 83 3e 82 84  	ld	t4, -1976(tp)
80009da6: 10 3f        	fld	fa2, 56(a4)
80009da8: 6c cd        	sw	a1, 92(a0)
80009daa: c1 3e        	addiw	t4, t4, -16
80009dac: ac 9d        	<unknown>
80009dae: f1 bd        	j	0x80009c8a <Gram_ref_imag+0x176a>
80009db0: 5b 68 f9 be  	<unknown>
80009db4: cc 1f        	addi	a1, sp, 1012
80009db6: 01 bf        	j	0x80009cc6 <Gram_ref_imag+0x17a6>
80009db8: 01 f7        	bnez	a4, 0x80009cc0 <Gram_ref_imag+0x17a0>
80009dba: 95 be        	j	0x8000992e <Gram_ref_imag+0x140e>
80009dbc: 6a 9e        	add	t3, t3, s10
80009dbe: d2 be        	fsd	fs4, 376(sp)
80009dc0: ec a5        	fsd	fa1, 200(a1)
80009dc2: 1c bf        	fsd	fa5, 56(a4)
80009dc4: 42 ae        	fsd	fa6, 280(sp)
80009dc6: d0 3d        	fld	fa2, 184(a1)
80009dc8: b4 06        	addi	a3, sp, 840
80009dca: 5d bf        	j	0x80009d80 <Gram_ref_imag+0x1860>
80009dcc: 4c 40        	lw	a1, 4(s0)
80009dce: 35 3e        	addiw	t3, t3, -19
80009dd0: c2 30        	fld	ft1, 48(sp)
80009dd2: a7 be 96 a6  	fsd	fs1, -1411(a3)
80009dd6: 08 bf        	fsd	fa0, 56(a4)
80009dd8: 74 40        	lw	a3, 68(s0)
80009dda: 8d 3d        	addiw	s11, s11, -29
80009ddc: b8 ca        	sw	a4, 80(a3)
80009dde: 64 3e        	fld	fs1, 248(a2)
80009de0: 5f 34 a5 be  	<unknown>
80009de4: 66 60        	<unknown>
80009de6: a9 3d        	addiw	s11, s11, -22
80009de8: 9a e8        	sd	t1, 80(sp)
80009dea: a7 bd 63 0e  	fsd	ft6, 251(t2)
80009dee: d9 be        	j	0x800099c4 <Gram_ref_imag+0x14a4>
80009df0: 58 03        	addi	a4, sp, 388
80009df2: c3 3e 7a a4  	<unknown>
80009df6: 28 3e        	fld	fa0, 120(a2)
80009df8: d2 93        	add	t2, t2, s4
80009dfa: 9f 3e 43 09  	<unknown>
80009dfe: d4 be        	fsd	fa3, 184(a3)
80009e00: 5a 1b        	slli	s6, s6, 54
80009e02: c7 3e 7a bf  	<unknown>
80009e06: 09 be        	j	0x80009918 <Gram_ref_imag+0x13f8>
80009e08: ee 81        	mv	gp, s11
80009e0a: 95 3e        	addiw	t4, t4, -27
80009e0c: db cc 38 be  	<unknown>
80009e10: 73 8c 4d 3e  	<unknown>
80009e14: 29 00        	c.nop	10
80009e16: 33 bf c4 56  	<unknown>
80009e1a: 1f be 05 fc  	<unknown>
80009e1e: e2 3d        	fld	fs11, 56(sp)
80009e20: 14 dc        	sw	a3, 56(s0)
80009e22: be be        	fsd	fa5, 376(sp)
80009e24: db d4 ea be  	<unknown>
80009e28: 10 af        	fsd	fa2, 24(a4)
80009e2a: 00 bf        	fsd	fs0, 56(a4)
80009e2c: fb 39 0b 3f  	<unknown>
80009e30: 48 11        	addi	a0, sp, 164
80009e32: 45 3f        	addiw	t5, t5, -15
80009e34: 81 5b        	li	s7, -32
80009e36: 93 be 7b a4  	sltiu	t4, s7, -1465
80009e3a: 98 3e        	fld	fa4, 56(a3)
80009e3c: 18 d8        	sw	a4, 48(s0)
80009e3e: 00 bf        	fsd	fs0, 56(a4)
80009e40: a2 65        	ld	a1, 8(sp)
80009e42: aa be        	fsd	fa0, 376(sp)
80009e44: 62 a3        	fsd	fs8, 384(sp)
80009e46: c9 be        	j	0x80009a18 <Gram_ref_imag+0x14f8>
80009e48: 6f 1f 06 3f  	jal	t5, 0x8006b238 <timer+0x607d8>
80009e4c: 84 e3        	sd	s1, 0(a5)
80009e4e: 26 bf        	fsd	fs1, 440(sp)
80009e50: d4 84        	<unknown>
80009e52: ca be        	fsd	fs2, 376(sp)
80009e54: 1e 33        	fld	ft6, 480(sp)
80009e56: a8 bd        	fsd	fa0, 120(a1)
80009e58: a7 e1 a4 3c  	<unknown>
80009e5c: cf 49 53 3e  	<unknown>
80009e60: dd 27        	addiw	a5, a5, 23
80009e62: 14 3e        	fld	fa3, 56(a2)
80009e64: 15 ec        	bnez	s0, 0x80009ea0 <Gram_ref_imag+0x1980>
80009e66: 39 3d        	addiw	s10, s10, -18
80009e68: 5e 18        	slli	a6, a6, 55
80009e6a: b8 3d        	fld	fa4, 120(a1)
80009e6c: c1 da        	beqz	a3, 0x80009dfc <Gram_ref_imag+0x18dc>
80009e6e: 04 be        	fsd	fs1, 56(a2)
80009e70: 36 49        	lw	s2, 76(sp)
80009e72: 03 be b3 e3  	ld	t3, -453(t2)
80009e76: d8 3e        	fld	fa4, 184(a3)
80009e78: a4 68        	ld	s1, 80(s1)
80009e7a: 81 3e        	addiw	t4, t4, -32
80009e7c: 5c b8        	fsd	fa5, 176(s0)
80009e7e: cc bd        	fsd	fa1, 184(a1)
80009e80: ac 88        	<unknown>
80009e82: aa 3d        	fld	fs11, 168(sp)
80009e84: 15 9f        	subw	a4, a4, a3
80009e86: 3c 3e        	fld	fa5, 120(a2)
80009e88: 10 3e        	fld	fa2, 56(a2)
80009e8a: 71 be        	j	0x80009a26 <Gram_ref_imag+0x1506>
80009e8c: 3b fd 5f bd  	<unknown>
80009e90: d8 21        	fld	fa4, 128(a1)
80009e92: 9b 3e 57 18  	<unknown>
80009e96: 1a be        	fsd	ft6, 312(sp)
80009e98: ab b2 8c be  	<unknown>
80009e9c: 57 89 b6 3d  	<unknown>
80009ea0: 32 4f        	lw	t5, 12(sp)
80009ea2: b5 3e        	addiw	t4, t4, -19
80009ea4: c9 d1        	beqz	a1, 0x80009e26 <Gram_ref_imag+0x1906>
80009ea6: 98 bb        	fsd	fa4, 48(a5)
80009ea8: b4 52        	lw	a3, 96(a3)
80009eaa: cf 3e 0c ef  	<unknown>
80009eae: 6d be        	j	0x80009a68 <Gram_ref_imag+0x1548>
80009eb0: 59 fa        	bnez	a2, 0x80009e46 <Gram_ref_imag+0x1926>
80009eb2: 30 3e        	fld	fa2, 120(a2)
80009eb4: ae 7c        	ld	s9, 232(sp)
80009eb6: 39 bf        	j	0x80009dd4 <Gram_ref_imag+0x18b4>
80009eb8: 8c 50        	lw	a1, 32(s1)
80009eba: 26 3d        	fld	fs10, 104(sp)
80009ebc: 5c 04        	addi	a5, sp, 516
80009ebe: a5 3d        	addiw	s11, s11, -23
80009ec0: 9b 5e a9 be  	<unknown>
80009ec4: 27 ce 9d 3e  	<unknown>
80009ec8: 29 ba        	j	0x800097e2 <Gram_ref_imag+0x12c2>
80009eca: 1d 3e        	addiw	t3, t3, -25
80009ecc: 87 f5 79 3d  	<unknown>
80009ed0: 08 02        	addi	a0, sp, 256
80009ed2: 62 bc        	fsd	fs8, 56(sp)
80009ed4: e2 91        	add	gp, gp, s8
80009ed6: 49 3e        	addiw	t3, t3, -14
80009ed8: ff d7 4f be  	<unknown>
80009edc: 1a 8e        	mv	t3, t1
80009ede: 73 bd 36 e7  	csrrc	s10, 3699, a3
80009ee2: 8f be 66 ce  	<unknown>
80009ee6: 82 bf        	fsd	ft0, 504(sp)
80009ee8: c6 d7        	sw	a7, 236(sp)
80009eea: 8d bd        	j	0x80009d5c <Gram_ref_imag+0x183c>
80009eec: bf c6 46 be  	<unknown>
80009ef0: b1 50        	li	ra, -20
80009ef2: d5 bd        	j	0x80009de6 <Gram_ref_imag+0x18c6>
80009ef4: 32 6c        	ld	s8, 264(sp)
80009ef6: 07 3f 3a 6c  	fld	ft10, 1731(s4)
80009efa: b1 bd        	j	0x80009d56 <Gram_ref_imag+0x1836>
80009efc: e0 56        	lw	s0, 108(a3)
80009efe: 79 be        	j	0x80009a9c <Gram_ref_imag+0x157c>
80009f00: 6d c5        	beqz	a0, 0x80009fea <Gram_ref_imag+0x1aca>
80009f02: fb bd 8b 73  	<unknown>
80009f06: 5a be        	fsd	fs6, 312(sp)
80009f08: 32 a5        	fsd	fa2, 136(sp)
80009f0a: 86 be        	fsd	ft1, 376(sp)
80009f0c: 21 81        	srli	a0, a0, 8
80009f0e: 79 3e        	addiw	t3, t3, -2
80009f10: e4 60        	ld	s1, 192(s1)
80009f12: 39 bf        	j	0x80009e30 <Gram_ref_imag+0x1910>
80009f14: 1b b2 5b 3d  	<unknown>
80009f18: 45 f2        	bnez	a2, 0x80009eb8 <Gram_ref_imag+0x1998>
80009f1a: 6d be        	j	0x80009ad4 <Gram_ref_imag+0x15b4>
80009f1c: c1 a8        	j	0x80009fec <Gram_ref_imag+0x1acc>
80009f1e: cd 3e        	addiw	t4, t4, -13
80009f20: 60 ef        	sd	s0, 216(a4)
80009f22: 04 bf        	fsd	fs1, 56(a4)
80009f24: d9 14        	addi	s1, s1, -10
80009f26: be 3e        	fld	ft9, 488(sp)
80009f28: dc 54        	lw	a5, 44(s1)
80009f2a: ad bd        	j	0x80009da4 <Gram_ref_imag+0x1884>
80009f2c: 50 47        	lw	a2, 12(a4)
80009f2e: a4 bd        	fsd	fs1, 120(a1)
80009f30: 89 35        	addiw	a1, a1, -30
80009f32: 90 3e        	fld	fa2, 56(a3)
80009f34: 16 6c        	ld	s8, 320(sp)
80009f36: df bc 9f ba  	<unknown>
80009f3a: 14 3f        	fld	fa3, 56(a4)
80009f3c: 31 c8        	beqz	s0, 0x80009f90 <Gram_ref_imag+0x1a70>
80009f3e: 28 be        	fsd	fa0, 120(a2)
80009f40: 62 b9        	fsd	fs8, 176(sp)
80009f42: e9 3e        	addiw	t4, t4, -6
80009f44: cb 3c d6 bd  	<unknown>
80009f48: 28 49        	lw	a0, 80(a0)
80009f4a: bd 3d        	addiw	s11, s11, -17
80009f4c: 3d 01        	addi	sp, sp, 15
80009f4e: 13 3e f8 87  	sltiu	t3, a6, -1921
80009f52: c3 bd 99 0a  	fmadd.d	fs11, fs3, fs1, ft1, rup
80009f56: d8 3e        	fld	fa4, 184(a3)
80009f58: 6c 01        	addi	a1, sp, 140
80009f5a: 33 3e 7c 51  	<unknown>
80009f5e: b1 3e        	addiw	t4, t4, -20
80009f60: 59 4f        	li	t5, 22
80009f62: 95 be        	j	0x80009ad6 <Gram_ref_imag+0x15b6>
80009f64: 09 5a        	li	s4, -30
80009f66: e1 bd        	j	0x80009e3e <Gram_ref_imag+0x191e>
80009f68: d5 aa        	j	0x8000a15c <Gram_ref_imag+0x1c3c>
80009f6a: 34 be        	fsd	fa3, 120(a2)
80009f6c: bd fa        	bnez	a3, 0x80009ee2 <Gram_ref_imag+0x19c2>
80009f6e: 58 be        	fsd	fa4, 184(a2)
80009f70: 06 a6        	fsd	ft1, 264(sp)
80009f72: 20 be        	fsd	fs0, 120(a2)
80009f74: 49 a6        	j	0x8000a2f6 <Gram_ref_imag+0x1dd6>
80009f76: 78 3e        	fld	fa4, 248(a2)
80009f78: f5 5e        	li	t4, -3
80009f7a: b5 be        	j	0x80009af6 <Gram_ref_imag+0x15d6>
80009f7c: f0 09        	addi	a2, sp, 220
80009f7e: 13 be 06 a0  	sltiu	t3, a3, -1536
80009f82: 37 be e6 a0  	lui	t3, 659051
80009f86: 29 3f        	addiw	t5, t5, -22
80009f88: 39 4c        	li	s8, 14
80009f8a: 66 3e        	fld	ft8, 120(sp)
80009f8c: 72 60        	<unknown>
80009f8e: b0 3e        	fld	fa2, 120(a3)
80009f90: 13 a0 2f 3f  	slti	zero, t6, 1010
80009f94: e9 33        	addiw	t2, t2, -6
80009f96: ad bd        	j	0x80009e10 <Gram_ref_imag+0x18f0>
80009f98: 3c 50        	lw	a5, 96(s0)
80009f9a: ad be        	j	0x80009b14 <Gram_ref_imag+0x15f4>
80009f9c: b7 01 90 3e  	lui	gp, 256256
80009fa0: 4d 8b        	andi	a4, a4, 19
80009fa2: 6e 3e        	fld	ft8, 248(sp)
80009fa4: 7a 15        	slli	a0, a0, 62
80009fa6: f6 3e        	fld	ft9, 376(sp)
80009fa8: 24 fe        	sd	s1, 120(a2)
80009faa: 10 3e        	fld	fa2, 56(a2)
80009fac: fc 0a        	addi	a5, sp, 348
80009fae: 46 3d        	fld	fs10, 112(sp)
80009fb0: db 27 32 be  	<unknown>
80009fb4: a9 56        	li	a3, -22
80009fb6: 19 3e        	addiw	t3, t3, -26
80009fb8: 9e 9e        	add	t4, t4, t2
80009fba: 5b be 23 c8  	<unknown>
80009fbe: 7f be b2 98  	<unknown>
80009fc2: 22 bf        	fsd	fs0, 440(sp)
80009fc4: b0 30        	fld	fa2, 96(s1)
80009fc6: ff bd 01 a3  	<unknown>
80009fca: 3e bf        	fsd	fa5, 440(sp)
80009fcc: 11 b0        	j	0x800097d0 <Gram_ref_imag+0x12b0>
80009fce: 5c 3e        	fld	fa5, 184(a2)
80009fd0: 2f 04 8b be  	<unknown>
80009fd4: c1 ab        	j	0x8000a5a4 <vfctrans_sim.c+0x8000a5a4>
80009fd6: ce 3e        	fld	ft9, 240(sp)
80009fd8: 62 a4        	fsd	fs8, 8(sp)
80009fda: 1d 3e        	addiw	t3, t3, -25
80009fdc: 7b a7 cd 3d  	<unknown>
80009fe0: 57 ba 0e bf  	vnclip.wi	v20, v16, 29
80009fe4: d2 81        	mv	gp, s4
80009fe6: 5e be        	fsd	fs7, 312(sp)
80009fe8: 3c 7d        	ld	a5, 120(a0)
80009fea: db be 62 72  	<unknown>
80009fee: b3 bd 81 12  	<unknown>
80009ff2: 73 3d 1e 9d  	csrrc	s10, 2513, t3
80009ff6: 6b 3e ea e5  	<unknown>
80009ffa: 04 3f        	fld	fs1, 56(a4)
80009ffc: 87 ff 9a 3e  	<unknown>
8000a000: bc c0        	sw	a5, 64(s1)
8000a002: ab 3e 2d 88  	<unknown>
8000a006: cb 3d e2 f1  	fnmsub.s	fs11, ft4, ft10, ft10, rup
8000a00a: be 3e        	fld	ft9, 488(sp)
8000a00c: 31 a8        	j	0x8000a028 <Gram_ref_imag+0x1b08>
8000a00e: e6 be        	fsd	fs9, 376(sp)
8000a010: be f7        	sd	a5, 488(sp)
8000a012: 68 3e        	fld	fa0, 248(a2)
8000a014: db 2e 8e be  	<unknown>
8000a018: 5c 20        	fld	fa5, 128(s0)
8000a01a: 19 3f        	addiw	t5, t5, -26
8000a01c: f2 fe        	sd	t3, 376(sp)
8000a01e: 7a 3e        	fld	ft8, 440(sp)
8000a020: 4d 5f        	li	t5, -13
8000a022: b3 3e 19 7f  	<unknown>
8000a026: 82 3e        	fld	ft9, 32(sp)
8000a028: f8 c0        	sw	a4, 68(s1)
8000a02a: af be cb 93  	<unknown>
8000a02e: 4b be 3d e9  	fnmsub.s	ft8, fs11, fs3, ft9, rup
8000a032: 98 3e        	fld	fa4, 56(a3)
8000a034: 21 06        	addi	a2, a2, 8
8000a036: 85 be        	j	0x80009ba6 <Gram_ref_imag+0x1686>
8000a038: bc e8        	sd	a5, 80(s1)
8000a03a: 6a 3e        	fld	ft8, 184(sp)
8000a03c: 4e ad        	fsd	fs3, 152(sp)
8000a03e: 96 be        	fsd	ft5, 376(sp)
8000a040: 47 3e da be  	<unknown>
8000a044: 53 27 e9 be  	<unknown>
8000a048: cb 46 a4 3e  	<unknown>
8000a04c: 95 20        	addiw	ra, ra, 5
8000a04e: 97 3e 38 ca  	auipc	t4, 828291
8000a052: 93 be a6 81  	sltiu	t4, a3, -2022
8000a056: c1 be        	j	0x80009c26 <Gram_ref_imag+0x1706>
8000a058: 5b 9c bd 3e  	<unknown>
8000a05c: 38 66        	ld	a4, 72(a2)
8000a05e: 10 3f        	fld	fa2, 56(a4)
8000a060: 5f 38 b7 3e  	<unknown>
8000a064: da da        	sw	s6, 116(sp)
8000a066: 01 bf        	j	0x80009f76 <Gram_ref_imag+0x1a56>
8000a068: 05 6c        	lui	s8, 1
8000a06a: d5 3e        	addiw	t4, t4, -11
8000a06c: 0f f3 0f bf  	<unknown>
8000a070: a4 27        	fld	fs1, 72(a5)
8000a072: b8 ba        	fsd	fa4, 112(a3)
8000a074: 6f db c9 3d  	jal	s6, 0x800a7450 <timer+0x9c9f0>
8000a078: 87 cf ef 3e  	<unknown>
8000a07c: 8d c2        	beqz	a3, 0x8000a09e <Gram_ref_imag+0x1b7e>
8000a07e: 91 be        	j	0x80009bd2 <Gram_ref_imag+0x16b2>
8000a080: 4e 42        	lw	tp, 208(sp)
8000a082: 27 be 24 a5  	fsd	fs2, -1444(s1)
8000a086: 82 3e        	fld	ft9, 32(sp)
8000a088: 2a be        	fsd	fa0, 312(sp)
8000a08a: 3a 3e        	fld	ft8, 424(sp)
8000a08c: 6e ee        	sd	s11, 280(sp)
8000a08e: 70 be        	fsd	fa2, 248(a2)
8000a090: 12 5a        	lw	s4, 36(sp)
8000a092: 79 3e        	addiw	t3, t3, -2
8000a094: c5 c2        	beqz	a3, 0x8000a134 <Gram_ref_imag+0x1c14>
8000a096: cb 3d 08 9b  	fnmsub.d	fs11, fa6, fa6, fs3, rup
8000a09a: df be 3a b6  	<unknown>
8000a09e: 3f be eb 9c  	<unknown>
8000a0a2: 84 3e        	fld	fs1, 56(a3)
8000a0a4: 2f 97 2c 3e  	<unknown>
8000a0a8: d2 03        	slli	t2, t2, 20
8000a0aa: a9 bd        	j	0x80009f04 <Gram_ref_imag+0x19e4>
8000a0ac: 74 3a        	fld	fa3, 240(a2)
8000a0ae: ba 3e        	fld	ft9, 424(sp)
8000a0b0: 24 3b        	fld	fs1, 112(a4)
8000a0b2: 9e 3e        	fld	ft9, 480(sp)
8000a0b4: 1e d0        	sw	t2, 32(sp)
8000a0b6: d1 be        	j	0x80009c8a <Gram_ref_imag+0x176a>
8000a0b8: 39 34        	addiw	s0, s0, -18
8000a0ba: 45 be        	j	0x80009c6a <Gram_ref_imag+0x174a>
8000a0bc: 49 3c        	addiw	s8, s8, -14
8000a0be: e6 bd        	fsd	fs9, 248(sp)
8000a0c0: 74 96        	<unknown>
8000a0c2: a8 bd        	fsd	fa0, 120(a1)
8000a0c4: e5 9d        	<unknown>
8000a0c6: 26 3e        	fld	ft8, 104(sp)
8000a0c8: 3c 3f        	fld	fa5, 120(a4)
8000a0ca: 86 3e        	fld	ft9, 96(sp)
8000a0cc: 86 d4        	sw	ra, 104(sp)
8000a0ce: 91 be        	j	0x80009c22 <Gram_ref_imag+0x1702>
8000a0d0: 28 3d        	fld	fa0, 120(a0)
8000a0d2: da bc        	fsd	fs6, 120(sp)
8000a0d4: f0 7a        	ld	a2, 240(a3)
8000a0d6: 0c 3e        	fld	fa1, 56(a2)
8000a0d8: f5 23        	addiw	t2, t2, 29
8000a0da: cc 3e        	fld	fa1, 184(a3)
8000a0dc: 97 31 d6 3e  	auipc	gp, 257379
8000a0e0: 44 b0        	fsd	fs1, 160(s0)
8000a0e2: ff 3c f9 01  	<unknown>
8000a0e6: d6 bd        	fsd	fs5, 248(sp)
8000a0e8: 47 96 6d 3e  	<unknown>
8000a0ec: 5f 1e 48 be  	<unknown>
8000a0f0: 86 d3        	sw	ra, 228(sp)
8000a0f2: 35 be        	j	0x80009c2e <Gram_ref_imag+0x170e>
8000a0f4: a2 5b        	lw	s7, 40(sp)
8000a0f6: 28 be        	fsd	fa0, 120(a2)
8000a0f8: e2 57        	lw	a5, 56(sp)
8000a0fa: 43 3e 1f 1c  	<unknown>
8000a0fe: b7 be 75 68  	lui	t4, 427867
8000a102: c5 bc        	j	0x80009bf2 <Gram_ref_imag+0x16d2>
8000a104: 56 21        	fld	ft2, 336(sp)
8000a106: e8 3e        	fld	fa0, 248(a3)
8000a108: 2e 07        	slli	a4, a4, 11
8000a10a: 84 bd        	fsd	fs1, 56(a1)
8000a10c: 8c 37        	fld	fa1, 40(a5)
8000a10e: ec bb        	fsd	fa1, 240(a5)
8000a110: 49 bc        	j	0x80009ba2 <Gram_ref_imag+0x1682>
8000a112: 2f be f7 2e  	<unknown>
8000a116: d7 3e 96 43  	<unknown>
8000a11a: 05 3e        	addiw	t3, t3, -31
8000a11c: 2d 29        	addiw	s2, s2, 11
8000a11e: c9 3e        	addiw	t4, t4, -14
8000a120: f6 74        	ld	s1, 376(sp)
8000a122: 16 bf        	fsd	ft5, 440(sp)
8000a124: 81 ae        	j	0x8000a474 <Gram_ref_imag+0x1f54>
8000a126: 5d be        	j	0x80009cdc <Gram_ref_imag+0x17bc>
8000a128: bd 37        	addiw	a5, a5, -17
8000a12a: 9b 3e f6 34  	<unknown>
8000a12e: 72 3d        	fld	fs10, 312(sp)
8000a130: 14 d5        	sw	a3, 40(a0)
8000a132: d2 3c        	fld	fs9, 304(sp)
8000a134: 8b e4 9a be  	<unknown>
8000a138: 72 43        	lw	t1, 28(sp)
8000a13a: da be        	fsd	fs6, 376(sp)
8000a13c: 2b 34 44 be  	<unknown>
8000a140: 41 9b        	andi	a4, a4, -16
8000a142: 62 be        	fsd	fs8, 312(sp)
8000a144: 13 33 43 bd  	sltiu	t1, t1, -1068
8000a148: 7d e7        	bnez	a4, 0x8000a236 <Gram_ref_imag+0x1d16>
8000a14a: d9 3e        	addiw	t4, t4, -10
8000a14c: 0a e1        	sd	sp, 128(sp)
8000a14e: 7a 3e        	fld	ft8, 440(sp)
8000a150: 43 d7 f0 bb  	<unknown>
8000a154: 7c a5        	fsd	fa5, 200(a0)
8000a156: a6 3e        	fld	ft9, 104(sp)
8000a158: 0b c6 e4 be  	<unknown>
8000a15c: 18 ad        	fsd	fa4, 24(a0)
8000a15e: a5 3d        	addiw	s11, s11, -23
8000a160: 7a b6        	fsd	ft10, 296(sp)
8000a162: 2b 3e 1d d8  	<unknown>
8000a166: 1b 3e 3e 8b  	<unknown>
8000a16a: da be        	fsd	fs6, 376(sp)
8000a16c: 08 3c        	fld	fa0, 56(s0)
8000a16e: 1e bf        	fsd	ft7, 440(sp)
8000a170: c0 4f        	lw	s0, 28(a5)
8000a172: 29 bd        	j	0x80009f8c <Gram_ref_imag+0x1a6c>
8000a174: b4 6d        	ld	a3, 88(a1)
8000a176: 30 3f        	fld	fa2, 120(a4)
8000a178: 46 9a        	add	s4, s4, a7
8000a17a: 68 be        	fsd	fa0, 248(a2)
8000a17c: b7 22 27 3d  	lui	t0, 250482
8000a180: 6e 6f        	ld	t5, 216(sp)
8000a182: 73 bc 9d f4  	csrrc	s8, 3913, s11
8000a186: 66 3e        	fld	ft8, 120(sp)
8000a188: ef ff 86 be  	jal	t6, 0x7ff79570 <vfctrans_sim.c+0x7ff79570>
8000a18c: a4 2f        	fld	fs1, 88(a5)
8000a18e: 0c be        	fsd	fa1, 56(a2)
8000a190: 74 ed        	sd	a3, 216(a0)
8000a192: 73 3e de e6  	csrrc	t3, 3693, t3
8000a196: 3e 3e        	fld	ft8, 488(sp)
8000a198: f0 10        	addi	a2, sp, 108
8000a19a: bd 3e        	addiw	t4, t4, -17
8000a19c: da 8f        	mv	t6, s6
8000a19e: f3 3a 39 a3  	csrrc	s5, 2611, s2
8000a1a2: e6 3e        	fld	ft9, 120(sp)
8000a1a4: 46 89        	mv	s2, a7
8000a1a6: 11 3f        	addiw	t5, t5, -28
8000a1a8: 52 38        	fld	fa6, 304(sp)
8000a1aa: b0 3d        	fld	fa2, 120(a1)
8000a1ac: fb 9d 21 3e  	<unknown>
8000a1b0: 72 43        	lw	t1, 28(sp)
8000a1b2: 43 be 93 aa  	fmadd.d	ft8, ft7, fs1, fs5, rup
8000a1b6: b2 be        	fsd	fa2, 376(sp)
8000a1b8: df 1d 73 3e  	<unknown>
8000a1bc: 0b 65 66 be  	<unknown>
8000a1c0: f5 5f        	li	t6, -3
8000a1c2: c9 be        	j	0x80009d94 <Gram_ref_imag+0x1874>
8000a1c4: 5b ae 80 bc  	<unknown>
8000a1c8: 37 65 f2 be  	lui	a0, 782118
8000a1cc: 47 35 d1 bc  	<unknown>
8000a1d0: 92 09        	slli	s3, s3, 4
8000a1d2: ae 3d        	fld	fs11, 232(sp)
8000a1d4: 3c f4        	sd	a5, 104(s0)
8000a1d6: 6d 3e        	addiw	t3, t3, -5
8000a1d8: 34 22        	fld	fa3, 64(a2)
8000a1da: 7e 3e        	fld	ft8, 504(sp)
8000a1dc: 83 c9 9c 3d  	lbu	s3, 985(s9)
8000a1e0: 78 f6        	sd	a4, 232(a2)
8000a1e2: 69 be        	j	0x80009d7c <Gram_ref_imag+0x185c>
8000a1e4: 8e dc        	sw	gp, 120(sp)
8000a1e6: 2c 3e        	fld	fa1, 120(a2)
8000a1e8: a1 01        	addi	gp, gp, 8
8000a1ea: a1 be        	j	0x80009d42 <Gram_ref_imag+0x1822>
8000a1ec: a6 9c        	add	s9, s9, s1
8000a1ee: 63 be c2 99  	<unknown>
8000a1f2: 2e 3e        	fld	ft8, 232(sp)
8000a1f4: 1b 13 05 3f  	<unknown>
8000a1f8: 8d 72        	lui	t0, 1048547
8000a1fa: 78 3d        	fld	fa4, 248(a0)
8000a1fc: 54 13        	addi	a3, sp, 420
8000a1fe: 5f 3e d1 2f  	<unknown>
8000a202: 87 3e 3f 7f  	fld	ft9, 2035(t5)
8000a206: 15 bf        	j	0x8000a13a <Gram_ref_imag+0x1c1a>
8000a208: 46 f3        	sd	a7, 416(sp)
8000a20a: 40 3f        	fld	fs0, 184(a4)
8000a20c: 68 61        	ld	a0, 192(a0)
8000a20e: ef bd 80 50  	jal	s11, 0x80015716 <timer+0xacb6>
8000a212: 8e 3c        	fld	fs9, 224(sp)
8000a214: b5 be        	j	0x80009d90 <Gram_ref_imag+0x1870>
8000a216: 02 bf        	fsd	ft0, 440(sp)
8000a218: d5 e2        	bnez	a3, 0x8000a2bc <Gram_ref_imag+0x1d9c>
8000a21a: c9 3d        	addiw	s11, s11, -14
8000a21c: 1d 58        	li	a6, -25
8000a21e: ae 3e        	fld	ft9, 232(sp)
8000a220: 74 f7        	sd	a3, 232(a4)
8000a222: 2c 3e        	fld	fa1, 120(a2)
8000a224: 2e 82        	mv	tp, a1
8000a226: 49 3e        	addiw	t3, t3, -14
8000a228: a2 9d        	add	s11, s11, s0
8000a22a: 0d bf        	j	0x8000a15c <Gram_ref_imag+0x1c3c>
8000a22c: a8 77        	ld	a0, 104(a5)
8000a22e: cb 3e 3d ac  	<unknown>
8000a232: f4 3e        	fld	fa3, 248(a3)
8000a234: 1f 2e b9 be  	<unknown>
8000a238: ec 3b        	fld	fa1, 240(a5)
8000a23a: f5 3c        	addiw	s9, s9, -3
8000a23c: 3f 1b 88 bf  	<unknown>
8000a240: 70 a3        	fsd	fa2, 192(a4)
8000a242: ae be        	fsd	fa1, 376(sp)
8000a244: fd f1        	bnez	a1, 0x8000a22a <Gram_ref_imag+0x1d0a>
8000a246: ae 3d        	fld	fs11, 232(sp)
8000a248: e2 85        	mv	a1, s8
8000a24a: 66 3e        	fld	ft8, 120(sp)
8000a24c: e7 b2 05 be  	<unknown>
8000a250: 14 71        	ld	a3, 32(a0)
8000a252: 48 3e        	fld	fa0, 184(a2)
8000a254: fe c5        	sw	t6, 200(sp)
8000a256: 40 bd        	fsd	fs0, 184(a0)
8000a258: 93 76 8a 3e  	andi	a3, s4, 1000
8000a25c: be 90        	add	ra, ra, a5
8000a25e: a6 3e        	fld	ft9, 104(sp)
8000a260: 81 d9        	beqz	a1, 0x8000a170 <Gram_ref_imag+0x1c50>
8000a262: 4b 3e d9 58  	fnmsub.s	ft8, fs2, fa3, fa1, rup
8000a266: 2d be        	j	0x80009da0 <Gram_ref_imag+0x1880>
8000a268: 1e f2        	sd	t2, 288(sp)
8000a26a: 88 3e        	fld	fa0, 56(a3)
8000a26c: ba 82        	mv	t0, a4
8000a26e: e2 be        	fsd	fs8, 376(sp)
8000a270: 8d 40        	li	ra, 3
8000a272: 94 3e        	fld	fa3, 56(a3)
8000a274: 32 15        	slli	a0, a0, 44
8000a276: 80 3e        	fld	fs0, 56(a3)
8000a278: b6 40        	lw	ra, 76(sp)
8000a27a: 0e be        	fsd	ft3, 312(sp)
8000a27c: 5c 76        	ld	a5, 168(a2)
8000a27e: 2a be        	fsd	fa0, 312(sp)
8000a280: 8d 13        	addi	t2, t2, -29
8000a282: 3a 3c        	fld	fs8, 424(sp)
8000a284: 96 da        	sw	t0, 116(sp)
8000a286: 5a 3e        	fld	ft8, 432(sp)
8000a288: de 88        	mv	a7, s7
8000a28a: 08 3d        	fld	fa0, 56(a0)
8000a28c: 64 1a        	addi	s1, sp, 316
8000a28e: d1 3d        	addiw	s11, s11, -12
8000a290: d2 f5        	sd	s4, 232(sp)
8000a292: 19 3e        	addiw	t3, t3, -26
8000a294: 1d 05        	addi	a0, a0, 7
8000a296: a0 3e        	fld	fs0, 120(a3)
8000a298: 27 5d 6d bf  	<unknown>
8000a29c: 25 7e        	lui	t3, 1048553
8000a29e: ad be        	j	0x80009e18 <Gram_ref_imag+0x18f8>
8000a2a0: d1 d8        	beqz	s1, 0x8000a234 <Gram_ref_imag+0x1d14>
8000a2a2: 0b 3d 52 f2  	<unknown>
8000a2a6: 73 3e 99 87  	csrrc	t3, 2169, s2
8000a2aa: 00 3e        	fld	fs0, 56(a2)
8000a2ac: b7 00 28 be  	lui	ra, 778880
8000a2b0: 59 9d        	<unknown>
8000a2b2: 54 bd        	fsd	fa3, 184(a0)
8000a2b4: ee 54        	lw	s1, 248(sp)
8000a2b6: 90 3d        	fld	fa2, 56(a1)
8000a2b8: a4 45        	lw	s1, 72(a1)
8000a2ba: 70 3e        	fld	fa2, 248(a2)
8000a2bc: 5e b4        	fsd	fs7, 40(sp)
8000a2be: d6 3d        	fld	fs11, 368(sp)
8000a2c0: 40 d9        	sw	s0, 52(a0)
8000a2c2: d3 be bc 9e  	<unknown>
8000a2c6: 72 3e        	fld	ft8, 312(sp)
8000a2c8: ae 83        	mv	t2, a1
8000a2ca: f2 3e        	fld	ft9, 312(sp)
8000a2cc: 54 71        	ld	a3, 160(a0)
8000a2ce: 34 3d        	fld	fa3, 120(a0)
8000a2d0: 82 fc        	sd	zero, 120(sp)
8000a2d2: 32 3e        	fld	ft8, 296(sp)
8000a2d4: 47 00 3d 3e  	<unknown>
8000a2d8: 3d ba        	j	0x80009c16 <Gram_ref_imag+0x16f6>
8000a2da: 9d be        	j	0x80009e50 <Gram_ref_imag+0x1930>
8000a2dc: b9 27        	addiw	a5, a5, 14
8000a2de: 3a 3d        	fld	fs10, 424(sp)
8000a2e0: 9f 00 b6 bd  	<unknown>
8000a2e4: a1 c8        	beqz	s1, 0x8000a334 <Gram_ref_imag+0x1e14>
8000a2e6: a7 bd 1d f5  	fsd	fa7, -165(s11)
8000a2ea: 1d be        	j	0x80009e20 <Gram_ref_imag+0x1900>
8000a2ec: 30 99        	<unknown>
8000a2ee: f8 be        	fsd	fa4, 248(a3)
8000a2f0: 42 b2        	fsd	fa6, 288(sp)
8000a2f2: fb bd 52 f6  	<unknown>
8000a2f6: 13 3d 9a 93  	sltiu	s10, s4, -1735
8000a2fa: 0c 3d        	fld	fa1, 56(a0)
8000a2fc: 0d 3d        	addiw	s10, s10, -29
8000a2fe: ce bd        	fsd	fs3, 248(sp)
8000a300: bc a5        	fsd	fa5, 72(a1)
8000a302: e6 3b        	fld	fs7, 120(sp)
8000a304: 95 52        	li	t0, -27
8000a306: 27 3b 55 ec  	fsd	ft5, -298(a0)
8000a30a: fa be        	fsd	ft10, 376(sp)
8000a30c: 4a 4f        	lw	t5, 144(sp)
8000a30e: a9 3e        	addiw	t4, t4, -22
8000a310: ba cb        	sw	a4, 212(sp)
8000a312: 56 bf        	fsd	fs5, 440(sp)
8000a314: 2f c9 6b 3e  	<unknown>
8000a318: 2b 36 04 3d  	<unknown>
8000a31c: bc 60        	ld	a5, 64(s1)
8000a31e: 8e 3e        	fld	ft9, 224(sp)
		...

Disassembly of section .rodata:

000000008000a520 <.rodata>:
8000a520: 4e 5f        	lw	t5, 240(sp)
8000a522: 42 45        	lw	a0, 16(sp)
8000a524: 41 4d        	li	s10, 16
8000a526: 20 3d        	fld	fs0, 120(a0)
8000a528: 20 25        	fld	fs0, 72(a0)
8000a52a: 64 0a        	addi	s1, sp, 284
8000a52c: 00 3d        	fld	fs0, 56(a0)
8000a52e: 3d 3d        	addiw	s10, s10, -17
8000a530: 3d 3d        	addiw	s10, s10, -17
8000a532: 3d 3d        	addiw	s10, s10, -17
8000a534: 3d 4b        	li	s6, 15
8000a536: 65 72        	lui	tp, 1048569
8000a538: 6e 65        	ld	a0, 216(sp)
8000a53a: 6c 3a        	fld	fa1, 240(a2)
8000a53c: 20 4d        	lw	s0, 88(a0)
8000a53e: 4d 53        	li	t1, -13
8000a540: 45 5f        	li	t5, -15
8000a542: 45 71        	addi	sp, sp, -464
8000a544: 75 61        	addi	sp, sp, 368
8000a546: 6c 69        	ld	a1, 208(a0)
8000a548: 7a 65        	ld	a0, 408(sp)
8000a54a: 72 5f        	lw	t5, 60(sp)
8000a54c: 34 78        	ld	a3, 112(s0)
8000a54e: 34 4d        	lw	a3, 88(a0)
8000a550: 49 4d        	li	s10, 18
8000a552: 4f 5f 46 50  	<unknown>
8000a556: 33 32 3d 3d  	<unknown>
8000a55a: 3d 3d        	addiw	s10, s10, -17
8000a55c: 3d 3d        	addiw	s10, s10, -17
8000a55e: 3d 3d        	addiw	s10, s10, -17
8000a560: 0a 00        	c.slli	zero, 2
8000a562: 76 6c        	ld	s8, 344(sp)
8000a564: 20 3d        	fld	fs0, 120(a0)
8000a566: 20 25        	fld	fs0, 72(a0)
8000a568: 64 0a        	addi	s1, sp, 284
8000a56a: 00 3d        	fld	fs0, 56(a0)
8000a56c: 3d 3d        	addiw	s10, s10, -17
8000a56e: 3d 3d        	addiw	s10, s10, -17
8000a570: 3d 3d        	addiw	s10, s10, -17
8000a572: 69 6d        	lui	s10, 26
8000a574: 61 67        	lui	a4, 24
8000a576: 0a 00        	c.slli	zero, 2
8000a578: 3d 3d        	addiw	s10, s10, -17
8000a57a: 3d 3d        	addiw	s10, s10, -17
8000a57c: 3d 3d        	addiw	s10, s10, -17
8000a57e: 3d 72        	lui	tp, 1048559
8000a580: 65 61        	addi	sp, sp, 112
8000a582: 6c 5f        	lw	a1, 124(a4)
8000a584: 72 65        	ld	a0, 280(sp)
8000a586: 66 0a        	slli	s4, s4, 25
8000a588: 00 3d        	fld	fs0, 56(a0)
8000a58a: 3d 3d        	addiw	s10, s10, -17
8000a58c: 3d 3d        	addiw	s10, s10, -17
8000a58e: 3d 3d        	addiw	s10, s10, -17
8000a590: 3d 3d        	addiw	s10, s10, -17
8000a592: 3d 3d        	addiw	s10, s10, -17
8000a594: 3d 3d        	addiw	s10, s10, -17
8000a596: 3d 3d        	addiw	s10, s10, -17
8000a598: 3d 3d        	addiw	s10, s10, -17
8000a59a: 3d 3d        	addiw	s10, s10, -17
8000a59c: 3d 3d        	addiw	s10, s10, -17
8000a59e: 3d 3d        	addiw	s10, s10, -17
8000a5a0: 3d 3d        	addiw	s10, s10, -17
8000a5a2: 3d 0a        	addi	s4, s4, 15
8000a5a4: 00 3d        	fld	fs0, 56(a0)
8000a5a6: 3d 3d        	addiw	s10, s10, -17
8000a5a8: 3d 3d        	addiw	s10, s10, -17
8000a5aa: 3d 3d        	addiw	s10, s10, -17
8000a5ac: 3d 53        	li	t1, -17
8000a5ae: 74 61        	ld	a3, 192(a0)
8000a5b0: 74 69        	ld	a3, 208(a0)
8000a5b2: 73 74 69 63  	csrrci	s0, 1590, 18
8000a5b6: 73 3d 3d 3d  	csrrc	s10, pmpaddr35, s10
8000a5ba: 3d 3d        	addiw	s10, s10, -17
8000a5bc: 3d 3d        	addiw	s10, s10, -17
8000a5be: 3d 0a        	addi	s4, s4, 15
8000a5c0: 00 53        	lw	s0, 32(a4)
8000a5c2: 4e 52        	lw	tp, 240(sp)
8000a5c4: 5f 64 62 20  	<unknown>
8000a5c8: 3d 20        	<unknown>
8000a5ca: 25 64        	lui	s0, 9
8000a5cc: 0a 00        	c.slli	zero, 2
8000a5ce: 54 68        	ld	a3, 144(s0)
8000a5d0: 65 20        	<unknown>
8000a5d2: 70 65        	ld	a2, 200(a0)
8000a5d4: 72 66        	ld	a2, 280(sp)
8000a5d6: 6f 72 6d 61  	jal	tp, 0x800e1bec <timer+0xd718c>
8000a5da: 6e 63        	ld	t1, 216(sp)
8000a5dc: 65 20        	<unknown>
8000a5de: 69 73        	lui	t1, 1048570
8000a5e0: 20 25        	fld	fs0, 72(a0)
8000a5e2: 66 20        	fld	ft0, 88(sp)
8000a5e4: 46 4c        	lw	s8, 80(sp)
8000a5e6: 4f 50 2f 63  	<unknown>
8000a5ea: 79 63        	lui	t1, 30
8000a5ec: 6c 65        	ld	a1, 200(a0)
8000a5ee: 20 28        	fld	fs0, 80(s0)
8000a5f0: 25 66        	lui	a2, 9
8000a5f2: 25 25        	addiw	a0, a0, 9
8000a5f4: 20 75        	ld	s0, 104(a0)
8000a5f6: 74 69        	ld	a3, 208(a0)
8000a5f8: 6c 69        	ld	a1, 208(a0)
8000a5fa: 7a 61        	ld	sp, 408(sp)
8000a5fc: 74 69        	ld	a3, 208(a0)
8000a5fe: 6f 6e 29 2e  	jal	t3, 0x800a08e0 <timer+0x95e80>
8000a602: 0a 00        	c.slli	zero, 2
8000a604: 3d 3d        	addiw	s10, s10, -17
8000a606: 3d 3d        	addiw	s10, s10, -17
8000a608: 3d 3d        	addiw	s10, s10, -17
8000a60a: 3d 72        	lui	tp, 1048559
8000a60c: 65 61        	addi	sp, sp, 112
8000a60e: 6c 0a        	addi	a1, sp, 284
8000a610: 00 54        	lw	s0, 40(s0)
8000a612: 68 65        	ld	a0, 200(a0)
8000a614: 20 65        	ld	s0, 72(a0)
8000a616: 78 65        	ld	a4, 200(a0)
8000a618: 63 75 74 69  	bgeu	s0, s7, 0x8000aca2 <timer+0x242>
8000a61c: 6f 6e 20 74  	jal	t3, 0x80010d5e <timer+0x62fe>
8000a620: 6f 6f 6b 20  	jal	t5, 0x800c0826 <timer+0xb5dc6>
8000a624: 25 64        	lui	s0, 9
8000a626: 20 63        	ld	s0, 64(a4)
8000a628: 79 63        	lui	t1, 30
8000a62a: 6c 65        	ld	a1, 200(a0)
8000a62c: 73 2e 0a 00  	csrrs	t3, ustatus, s4
8000a630: 4e 52        	lw	tp, 240(sp)
8000a632: 5f 4c 41 4e  	<unknown>
8000a636: 45 53        	li	t1, -15
8000a638: 20 3d        	fld	fs0, 120(a0)
8000a63a: 20 25        	fld	fs0, 72(a0)
8000a63c: 64 0a        	addi	s1, sp, 284
8000a63e: 00 0a        	addi	s0, sp, 272
8000a640: 00 53        	lw	s0, 32(a4)
8000a642: 69 67        	lui	a4, 26
8000a644: 6d 61        	addi	sp, sp, 240
8000a646: 5f 6e 32 20  	<unknown>
8000a64a: 3d 20        	<unknown>
8000a64c: 25 66        	lui	a2, 9
8000a64e: 20 0a        	addi	s0, sp, 280
8000a650: 00 25        	fld	fs0, 8(a0)
8000a652: 66 20        	fld	ft0, 88(sp)
8000a654: 00 3d        	fld	fs0, 56(a0)
8000a656: 3d 3d        	addiw	s10, s10, -17
8000a658: 3d 3d        	addiw	s10, s10, -17
8000a65a: 3d 3d        	addiw	s10, s10, -17
8000a65c: 69 6d        	lui	s10, 26
8000a65e: 61 67        	lui	a4, 24
8000a660: 5f 72 65 66  	<unknown>
8000a664: 0a 00        	c.slli	zero, 2
8000a666: 00 00        	unimp	
8000a668: 6e 17        	slli	a4, a4, 59
8000a66a: 00 80        	<unknown>
8000a66c: 00 00        	unimp	
8000a66e: 00 00        	unimp	
8000a670: 7a 17        	slli	a4, a4, 62
8000a672: 00 80        	<unknown>
8000a674: 00 00        	unimp	
8000a676: 00 00        	unimp	
8000a678: 7a 17        	slli	a4, a4, 62
8000a67a: 00 80        	<unknown>
8000a67c: 00 00        	unimp	
8000a67e: 00 00        	unimp	
8000a680: 4a 17        	slli	a4, a4, 50
8000a682: 00 80        	<unknown>
8000a684: 00 00        	unimp	
8000a686: 00 00        	unimp	
8000a688: 7a 17        	slli	a4, a4, 62
8000a68a: 00 80        	<unknown>
8000a68c: 00 00        	unimp	
8000a68e: 00 00        	unimp	
8000a690: 7a 17        	slli	a4, a4, 62
8000a692: 00 80        	<unknown>
8000a694: 00 00        	unimp	
8000a696: 00 00        	unimp	
8000a698: 7a 17        	slli	a4, a4, 62
8000a69a: 00 80        	<unknown>
8000a69c: 00 00        	unimp	
8000a69e: 00 00        	unimp	
8000a6a0: 7a 17        	slli	a4, a4, 62
8000a6a2: 00 80        	<unknown>
8000a6a4: 00 00        	unimp	
8000a6a6: 00 00        	unimp	
8000a6a8: 7a 17        	slli	a4, a4, 62
8000a6aa: 00 80        	<unknown>
8000a6ac: 00 00        	unimp	
8000a6ae: 00 00        	unimp	
8000a6b0: 7a 17        	slli	a4, a4, 62
8000a6b2: 00 80        	<unknown>
8000a6b4: 00 00        	unimp	
8000a6b6: 00 00        	unimp	
8000a6b8: 7a 17        	slli	a4, a4, 62
8000a6ba: 00 80        	<unknown>
8000a6bc: 00 00        	unimp	
8000a6be: 00 00        	unimp	
8000a6c0: 72 17        	slli	a4, a4, 60
8000a6c2: 00 80        	<unknown>
8000a6c4: 00 00        	unimp	
8000a6c6: 00 00        	unimp	
8000a6c8: 7a 17        	slli	a4, a4, 62
8000a6ca: 00 80        	<unknown>
8000a6cc: 00 00        	unimp	
8000a6ce: 00 00        	unimp	
8000a6d0: 76 17        	slli	a4, a4, 61
8000a6d2: 00 80        	<unknown>
8000a6d4: 00 00        	unimp	
8000a6d6: 00 00        	unimp	
8000a6d8: 7a 17        	slli	a4, a4, 62
8000a6da: 00 80        	<unknown>
8000a6dc: 00 00        	unimp	
8000a6de: 00 00        	unimp	
8000a6e0: 7a 17        	slli	a4, a4, 62
8000a6e2: 00 80        	<unknown>
8000a6e4: 00 00        	unimp	
8000a6e6: 00 00        	unimp	
8000a6e8: 4c 17        	addi	a1, sp, 932
8000a6ea: 00 80        	<unknown>
8000a6ec: 00 00        	unimp	
8000a6ee: 00 00        	unimp	
8000a6f0: d4 18        	addi	a3, sp, 116
8000a6f2: 00 80        	<unknown>
8000a6f4: 00 00        	unimp	
8000a6f6: 00 00        	unimp	
8000a6f8: 88 18        	addi	a0, sp, 112
8000a6fa: 00 80        	<unknown>
8000a6fc: 00 00        	unimp	
8000a6fe: 00 00        	unimp	
8000a700: e8 18        	addi	a0, sp, 124
8000a702: 00 80        	<unknown>
8000a704: 00 00        	unimp	
8000a706: 00 00        	unimp	
8000a708: 90 18        	addi	a2, sp, 112
8000a70a: 00 80        	<unknown>
8000a70c: 00 00        	unimp	
8000a70e: 00 00        	unimp	
8000a710: 90 18        	addi	a2, sp, 112
8000a712: 00 80        	<unknown>
8000a714: 00 00        	unimp	
8000a716: 00 00        	unimp	
8000a718: 90 18        	addi	a2, sp, 112
8000a71a: 00 80        	<unknown>
8000a71c: 00 00        	unimp	
8000a71e: 00 00        	unimp	
8000a720: 88 18        	addi	a0, sp, 112
8000a722: 00 80        	<unknown>
8000a724: 00 00        	unimp	
8000a726: 00 00        	unimp	
8000a728: 90 18        	addi	a2, sp, 112
8000a72a: 00 80        	<unknown>
8000a72c: 00 00        	unimp	
8000a72e: 00 00        	unimp	
8000a730: 90 18        	addi	a2, sp, 112
8000a732: 00 80        	<unknown>
8000a734: 00 00        	unimp	
8000a736: 00 00        	unimp	
8000a738: 88 18        	addi	a0, sp, 112
8000a73a: 00 80        	<unknown>
8000a73c: 00 00        	unimp	
8000a73e: 00 00        	unimp	
8000a740: 32 19        	slli	s2, s2, 44
8000a742: 00 80        	<unknown>
8000a744: 00 00        	unimp	
8000a746: 00 00        	unimp	
8000a748: 3c 19        	addi	a5, sp, 184
8000a74a: 00 80        	<unknown>
8000a74c: 00 00        	unimp	
8000a74e: 00 00        	unimp	
8000a750: 3c 19        	addi	a5, sp, 184
8000a752: 00 80        	<unknown>
8000a754: 00 00        	unimp	
8000a756: 00 00        	unimp	
8000a758: 3c 19        	addi	a5, sp, 184
8000a75a: 00 80        	<unknown>
8000a75c: 00 00        	unimp	
8000a75e: 00 00        	unimp	
8000a760: 3c 19        	addi	a5, sp, 184
8000a762: 00 80        	<unknown>
8000a764: 00 00        	unimp	
8000a766: 00 00        	unimp	
8000a768: 3c 19        	addi	a5, sp, 184
8000a76a: 00 80        	<unknown>
8000a76c: 00 00        	unimp	
8000a76e: 00 00        	unimp	
8000a770: 3c 19        	addi	a5, sp, 184
8000a772: 00 80        	<unknown>
8000a774: 00 00        	unimp	
8000a776: 00 00        	unimp	
8000a778: 3c 19        	addi	a5, sp, 184
8000a77a: 00 80        	<unknown>
8000a77c: 00 00        	unimp	
8000a77e: 00 00        	unimp	
8000a780: 3c 19        	addi	a5, sp, 184
8000a782: 00 80        	<unknown>
8000a784: 00 00        	unimp	
8000a786: 00 00        	unimp	
8000a788: 3c 19        	addi	a5, sp, 184
8000a78a: 00 80        	<unknown>
8000a78c: 00 00        	unimp	
8000a78e: 00 00        	unimp	
8000a790: 3c 19        	addi	a5, sp, 184
8000a792: 00 80        	<unknown>
8000a794: 00 00        	unimp	
8000a796: 00 00        	unimp	
8000a798: 3c 19        	addi	a5, sp, 184
8000a79a: 00 80        	<unknown>
8000a79c: 00 00        	unimp	
8000a79e: 00 00        	unimp	
8000a7a0: 3c 19        	addi	a5, sp, 184
8000a7a2: 00 80        	<unknown>
8000a7a4: 00 00        	unimp	
8000a7a6: 00 00        	unimp	
8000a7a8: 3c 19        	addi	a5, sp, 184
8000a7aa: 00 80        	<unknown>
8000a7ac: 00 00        	unimp	
8000a7ae: 00 00        	unimp	
8000a7b0: 3c 19        	addi	a5, sp, 184
8000a7b2: 00 80        	<unknown>
8000a7b4: 00 00        	unimp	
8000a7b6: 00 00        	unimp	
8000a7b8: 3c 19        	addi	a5, sp, 184
8000a7ba: 00 80        	<unknown>
8000a7bc: 00 00        	unimp	
8000a7be: 00 00        	unimp	
8000a7c0: 3c 19        	addi	a5, sp, 184
8000a7c2: 00 80        	<unknown>
8000a7c4: 00 00        	unimp	
8000a7c6: 00 00        	unimp	
8000a7c8: 3c 19        	addi	a5, sp, 184
8000a7ca: 00 80        	<unknown>
8000a7cc: 00 00        	unimp	
8000a7ce: 00 00        	unimp	
8000a7d0: 3c 19        	addi	a5, sp, 184
8000a7d2: 00 80        	<unknown>
8000a7d4: 00 00        	unimp	
8000a7d6: 00 00        	unimp	
8000a7d8: 3c 19        	addi	a5, sp, 184
8000a7da: 00 80        	<unknown>
8000a7dc: 00 00        	unimp	
8000a7de: 00 00        	unimp	
8000a7e0: 3c 19        	addi	a5, sp, 184
8000a7e2: 00 80        	<unknown>
8000a7e4: 00 00        	unimp	
8000a7e6: 00 00        	unimp	
8000a7e8: 3c 19        	addi	a5, sp, 184
8000a7ea: 00 80        	<unknown>
8000a7ec: 00 00        	unimp	
8000a7ee: 00 00        	unimp	
8000a7f0: 3c 19        	addi	a5, sp, 184
8000a7f2: 00 80        	<unknown>
8000a7f4: 00 00        	unimp	
8000a7f6: 00 00        	unimp	
8000a7f8: 3c 19        	addi	a5, sp, 184
8000a7fa: 00 80        	<unknown>
8000a7fc: 00 00        	unimp	
8000a7fe: 00 00        	unimp	
8000a800: 3c 19        	addi	a5, sp, 184
8000a802: 00 80        	<unknown>
8000a804: 00 00        	unimp	
8000a806: 00 00        	unimp	
8000a808: 3c 19        	addi	a5, sp, 184
8000a80a: 00 80        	<unknown>
8000a80c: 00 00        	unimp	
8000a80e: 00 00        	unimp	
8000a810: 3c 19        	addi	a5, sp, 184
8000a812: 00 80        	<unknown>
8000a814: 00 00        	unimp	
8000a816: 00 00        	unimp	
8000a818: 3c 19        	addi	a5, sp, 184
8000a81a: 00 80        	<unknown>
8000a81c: 00 00        	unimp	
8000a81e: 00 00        	unimp	
8000a820: 3c 19        	addi	a5, sp, 184
8000a822: 00 80        	<unknown>
8000a824: 00 00        	unimp	
8000a826: 00 00        	unimp	
8000a828: 3c 19        	addi	a5, sp, 184
8000a82a: 00 80        	<unknown>
8000a82c: 00 00        	unimp	
8000a82e: 00 00        	unimp	
8000a830: 3c 19        	addi	a5, sp, 184
8000a832: 00 80        	<unknown>
8000a834: 00 00        	unimp	
8000a836: 00 00        	unimp	
8000a838: 3c 19        	addi	a5, sp, 184
8000a83a: 00 80        	<unknown>
8000a83c: 00 00        	unimp	
8000a83e: 00 00        	unimp	
8000a840: 3c 19        	addi	a5, sp, 184
8000a842: 00 80        	<unknown>
8000a844: 00 00        	unimp	
8000a846: 00 00        	unimp	
8000a848: fc 18        	addi	a5, sp, 124
8000a84a: 00 80        	<unknown>
8000a84c: 00 00        	unimp	
8000a84e: 00 00        	unimp	
8000a850: 3c 19        	addi	a5, sp, 184
8000a852: 00 80        	<unknown>
8000a854: 00 00        	unimp	
8000a856: 00 00        	unimp	
8000a858: 3c 19        	addi	a5, sp, 184
8000a85a: 00 80        	<unknown>
8000a85c: 00 00        	unimp	
8000a85e: 00 00        	unimp	
8000a860: 3c 19        	addi	a5, sp, 184
8000a862: 00 80        	<unknown>
8000a864: 00 00        	unimp	
8000a866: 00 00        	unimp	
8000a868: 3c 19        	addi	a5, sp, 184
8000a86a: 00 80        	<unknown>
8000a86c: 00 00        	unimp	
8000a86e: 00 00        	unimp	
8000a870: 3c 19        	addi	a5, sp, 184
8000a872: 00 80        	<unknown>
8000a874: 00 00        	unimp	
8000a876: 00 00        	unimp	
8000a878: 3c 19        	addi	a5, sp, 184
8000a87a: 00 80        	<unknown>
8000a87c: 00 00        	unimp	
8000a87e: 00 00        	unimp	
8000a880: 3c 19        	addi	a5, sp, 184
8000a882: 00 80        	<unknown>
8000a884: 00 00        	unimp	
8000a886: 00 00        	unimp	
8000a888: 3c 19        	addi	a5, sp, 184
8000a88a: 00 80        	<unknown>
8000a88c: 00 00        	unimp	
8000a88e: 00 00        	unimp	
8000a890: 3c 19        	addi	a5, sp, 184
8000a892: 00 80        	<unknown>
8000a894: 00 00        	unimp	
8000a896: 00 00        	unimp	
8000a898: 3c 19        	addi	a5, sp, 184
8000a89a: 00 80        	<unknown>
8000a89c: 00 00        	unimp	
8000a89e: 00 00        	unimp	
8000a8a0: 3c 19        	addi	a5, sp, 184
8000a8a2: 00 80        	<unknown>
8000a8a4: 00 00        	unimp	
8000a8a6: 00 00        	unimp	
8000a8a8: 3c 19        	addi	a5, sp, 184
8000a8aa: 00 80        	<unknown>
8000a8ac: 00 00        	unimp	
8000a8ae: 00 00        	unimp	
8000a8b0: 3c 19        	addi	a5, sp, 184
8000a8b2: 00 80        	<unknown>
8000a8b4: 00 00        	unimp	
8000a8b6: 00 00        	unimp	
8000a8b8: 3c 19        	addi	a5, sp, 184
8000a8ba: 00 80        	<unknown>
8000a8bc: 00 00        	unimp	
8000a8be: 00 00        	unimp	
8000a8c0: 3c 19        	addi	a5, sp, 184
8000a8c2: 00 80        	<unknown>
8000a8c4: 00 00        	unimp	
8000a8c6: 00 00        	unimp	
8000a8c8: 3c 19        	addi	a5, sp, 184
8000a8ca: 00 80        	<unknown>
8000a8cc: 00 00        	unimp	
8000a8ce: 00 00        	unimp	
8000a8d0: 3c 19        	addi	a5, sp, 184
8000a8d2: 00 80        	<unknown>
8000a8d4: 00 00        	unimp	
8000a8d6: 00 00        	unimp	
8000a8d8: b4 18        	addi	a3, sp, 120
8000a8da: 00 80        	<unknown>
8000a8dc: 00 00        	unimp	
8000a8de: 00 00        	unimp	
8000a8e0: 3c 19        	addi	a5, sp, 184
8000a8e2: 00 80        	<unknown>
8000a8e4: 00 00        	unimp	
8000a8e6: 00 00        	unimp	
8000a8e8: 3c 19        	addi	a5, sp, 184
8000a8ea: 00 80        	<unknown>
8000a8ec: 00 00        	unimp	
8000a8ee: 00 00        	unimp	
8000a8f0: 3c 19        	addi	a5, sp, 184
8000a8f2: 00 80        	<unknown>
8000a8f4: 00 00        	unimp	
8000a8f6: 00 00        	unimp	
8000a8f8: 3c 19        	addi	a5, sp, 184
8000a8fa: 00 80        	<unknown>
8000a8fc: 00 00        	unimp	
8000a8fe: 00 00        	unimp	
8000a900: 3c 19        	addi	a5, sp, 184
8000a902: 00 80        	<unknown>
8000a904: 00 00        	unimp	
8000a906: 00 00        	unimp	
8000a908: 3c 19        	addi	a5, sp, 184
8000a90a: 00 80        	<unknown>
8000a90c: 00 00        	unimp	
8000a90e: 00 00        	unimp	
8000a910: 3c 19        	addi	a5, sp, 184
8000a912: 00 80        	<unknown>
8000a914: 00 00        	unimp	
8000a916: 00 00        	unimp	
8000a918: 3c 19        	addi	a5, sp, 184
8000a91a: 00 80        	<unknown>
8000a91c: 00 00        	unimp	
8000a91e: 00 00        	unimp	
8000a920: 3c 19        	addi	a5, sp, 184
8000a922: 00 80        	<unknown>
8000a924: 00 00        	unimp	
8000a926: 00 00        	unimp	
8000a928: 7e 1a        	slli	s4, s4, 63
8000a92a: 00 80        	<unknown>
8000a92c: 00 00        	unimp	
8000a92e: 00 00        	unimp	
8000a930: ee 1b        	slli	s7, s7, 59
8000a932: 00 80        	<unknown>
8000a934: 00 00        	unimp	
8000a936: 00 00        	unimp	
8000a938: b0 18        	addi	a2, sp, 120
8000a93a: 00 80        	<unknown>
8000a93c: 00 00        	unimp	
8000a93e: 00 00        	unimp	
8000a940: 3c 19        	addi	a5, sp, 184
8000a942: 00 80        	<unknown>
8000a944: 00 00        	unimp	
8000a946: 00 00        	unimp	
8000a948: fc 18        	addi	a5, sp, 124
8000a94a: 00 80        	<unknown>
8000a94c: 00 00        	unimp	
8000a94e: 00 00        	unimp	
8000a950: 3c 19        	addi	a5, sp, 184
8000a952: 00 80        	<unknown>
8000a954: 00 00        	unimp	
8000a956: 00 00        	unimp	
8000a958: 3c 19        	addi	a5, sp, 184
8000a95a: 00 80        	<unknown>
8000a95c: 00 00        	unimp	
8000a95e: 00 00        	unimp	
8000a960: b0 18        	addi	a2, sp, 120
8000a962: 00 80        	<unknown>
8000a964: 00 00        	unimp	
8000a966: 00 00        	unimp	
8000a968: 3c 19        	addi	a5, sp, 184
8000a96a: 00 80        	<unknown>
8000a96c: 00 00        	unimp	
8000a96e: 00 00        	unimp	
8000a970: 3c 19        	addi	a5, sp, 184
8000a972: 00 80        	<unknown>
8000a974: 00 00        	unimp	
8000a976: 00 00        	unimp	
8000a978: 3c 19        	addi	a5, sp, 184
8000a97a: 00 80        	<unknown>
8000a97c: 00 00        	unimp	
8000a97e: 00 00        	unimp	
8000a980: 3c 19        	addi	a5, sp, 184
8000a982: 00 80        	<unknown>
8000a984: 00 00        	unimp	
8000a986: 00 00        	unimp	
8000a988: 3c 19        	addi	a5, sp, 184
8000a98a: 00 80        	<unknown>
8000a98c: 00 00        	unimp	
8000a98e: 00 00        	unimp	
8000a990: 80 1a        	addi	s0, sp, 368
8000a992: 00 80        	<unknown>
8000a994: 00 00        	unimp	
8000a996: 00 00        	unimp	
8000a998: 54 19        	addi	a3, sp, 180
8000a99a: 00 80        	<unknown>
8000a99c: 00 00        	unimp	
8000a99e: 00 00        	unimp	
8000a9a0: 3c 19        	addi	a5, sp, 184
8000a9a2: 00 80        	<unknown>
8000a9a4: 00 00        	unimp	
8000a9a6: 00 00        	unimp	
8000a9a8: 3c 19        	addi	a5, sp, 184
8000a9aa: 00 80        	<unknown>
8000a9ac: 00 00        	unimp	
8000a9ae: 00 00        	unimp	
8000a9b0: d6 19        	slli	s3, s3, 53
8000a9b2: 00 80        	<unknown>
8000a9b4: 00 00        	unimp	
8000a9b6: 00 00        	unimp	
8000a9b8: 3c 19        	addi	a5, sp, 184
8000a9ba: 00 80        	<unknown>
8000a9bc: 00 00        	unimp	
8000a9be: 00 00        	unimp	
8000a9c0: b0 18        	addi	a2, sp, 120
8000a9c2: 00 80        	<unknown>
8000a9c4: 00 00        	unimp	
8000a9c6: 00 00        	unimp	
8000a9c8: 3c 19        	addi	a5, sp, 184
8000a9ca: 00 80        	<unknown>
8000a9cc: 00 00        	unimp	
8000a9ce: 00 00        	unimp	
8000a9d0: 3c 19        	addi	a5, sp, 184
8000a9d2: 00 80        	<unknown>
8000a9d4: 00 00        	unimp	
8000a9d6: 00 00        	unimp	
8000a9d8: b4 18        	addi	a3, sp, 120
8000a9da: 00 80        	<unknown>
8000a9dc: 00 00        	unimp	
8000a9de: 00 00        	unimp	

000000008000a9e0 <_ftoa.pow10>:
8000a9e0: 00 00        	unimp	
8000a9e2: 00 00        	unimp	
8000a9e4: 00 00        	unimp	
8000a9e6: f0 3f        	fld	fa2, 248(a5)
8000a9e8: 00 00        	unimp	
8000a9ea: 00 00        	unimp	
8000a9ec: 00 00        	unimp	
8000a9ee: 24 40        	lw	s1, 64(s0)
8000a9f0: 00 00        	unimp	
8000a9f2: 00 00        	unimp	
8000a9f4: 00 00        	unimp	
8000a9f6: 59 40        	c.li	zero, 22
8000a9f8: 00 00        	unimp	
8000a9fa: 00 00        	unimp	
8000a9fc: 00 40        	lw	s0, 0(s0)
8000a9fe: 8f 40 00 00  	<unknown>
8000aa02: 00 00        	unimp	
8000aa04: 00 88        	<unknown>
8000aa06: c3 40 00 00  	fmadd.s	ft1, ft0, ft0, ft0, rmm
8000aa0a: 00 00        	unimp	
8000aa0c: 00 6a        	ld	s0, 16(a2)
8000aa0e: f8 40        	lw	a4, 68(s1)
8000aa10: 00 00        	unimp	
8000aa12: 00 00        	unimp	
8000aa14: 80 84        	<unknown>
8000aa16: 2e 41        	lw	sp, 200(sp)
8000aa18: 00 00        	unimp	
8000aa1a: 00 00        	unimp	
8000aa1c: d0 12        	addi	a2, sp, 356
8000aa1e: 63 41 00 00  	bltz	zero, 0x8000aa20 <_ftoa.pow10+0x40>
8000aa22: 00 00        	unimp	
8000aa24: 84 d7        	sw	s1, 40(a5)
8000aa26: 97 41 00 00  	auipc	gp, 4
8000aa2a: 00 00        	unimp	
8000aa2c: 65 cd        	beqz	a0, 0x8000ab24 <timer+0xc4>
8000aa2e: cd 41        	li	gp, 19

Disassembly of section .sdata:

000000008000aa30 <.sdata>:
8000aa30: 0a d7        	sw	sp, 172(sp)
8000aa32: 23 3c 00 00  	sd	zero, 24(zero)
		...
8000aa3e: 58 40        	lw	a4, 4(s0)
8000aa40: 00 00        	unimp	
8000aa42: c8 40        	lw	a0, 4(s1)
		...
8000aa4c: 00 00        	unimp	
8000aa4e: e0 3f        	fld	fs0, 248(a5)
8000aa50: 00 00        	unimp	
8000aa52: c0 ff        	sd	s0, 184(a5)
8000aa54: ff ff df 41  	<unknown>
8000aa58: cd cc        	beqz	s1, 0x8000ab12 <timer+0xb2>
8000aa5a: cc cc        	sw	a1, 28(s1)
8000aa5c: cc cc        	sw	a1, 28(s1)
8000aa5e: cc cc        	sw	a1, 28(s1)

Disassembly of section .l2:

000000008000aa60 <timer>:
		...

Disassembly of section .comment:

0000000000000000 <.comment>:
       0: 63 6c 61 6e  	bltu	sp, t1, 0x6f8 <.comment+0x6f8>
       4: 67 20 76 65  	<unknown>
       8: 72 73        	ld	t1, 312(sp)
       a: 69 6f        	lui	t5, 26
       c: 6e 20        	fld	ft0, 216(sp)
       e: 31 36        	addiw	a2, a2, -20
      10: 2e 30        	fld	ft0, 232(sp)
      12: 2e 30        	fld	ft0, 232(sp)
      14: 20 28        	fld	fs0, 80(s0)
      16: 68 74        	ld	a0, 232(s0)
      18: 74 70        	ld	a3, 224(s0)
      1a: 73 3a 2f 2f  	csrrc	s4, 754, t5
      1e: 67 69 74 68  	<unknown>
      22: 75 62        	lui	tp, 29
      24: 2e 63        	ld	t1, 200(sp)
      26: 6f 6d 2f 6c  	jal	s10, 0xf66e8 <.comment+0xf66e8>
      2a: 6c 76        	ld	a1, 232(a2)
      2c: 6d 2f        	addiw	t5, t5, 27
      2e: 6c 6c        	ld	a1, 216(s0)
      30: 76 6d        	ld	s10, 344(sp)
      32: 2d 70        	c.lui	zero, -21
      34: 72 6f        	ld	t5, 280(sp)
      36: 6a 65        	ld	a0, 152(sp)
      38: 63 74 2e 67  	bgeu	t3, s2, 0x6a0 <.comment+0x6a0>
      3c: 69 74        	lui	s0, 1048570
      3e: 20 35        	fld	fs0, 104(a0)
      40: 30 34        	fld	fa2, 104(s0)
      42: 37 31 30 34  	lui	sp, 213763
      46: 61 37        	addiw	a4, a4, -8
      48: 36 34        	fld	fs0, 360(sp)
      4a: 34 35        	fld	fa3, 104(a0)
      4c: 62 62        	ld	tp, 24(sp)
      4e: 34 32        	fld	fa3, 96(a2)
      50: 34 65        	ld	a3, 72(a0)
      52: 34 38        	fld	fa3, 112(s0)
      54: 30 35        	fld	fa2, 104(a0)
      56: 39 34        	addiw	s0, s0, -18
      58: 66 30        	fld	ft0, 120(sp)
      5a: 65 62        	lui	tp, 25
      5c: 32 65        	ld	a0, 264(sp)
      5e: 64 37        	fld	fs1, 232(a4)
      60: 36 38        	fld	fa6, 360(sp)
      62: 33 31 35 62  	<unknown>
      66: 33 29 00 00  	sltz	s2, zero
      6a: 4c 69        	ld	a1, 144(a0)
      6c: 6e 6b        	ld	s6, 216(sp)
      6e: 65 72        	lui	tp, 1048569
      70: 3a 20        	fld	ft0, 392(sp)
      72: 4c 4c        	lw	a1, 28(s0)
      74: 44 20        	fld	fs1, 128(s0)
      76: 31 36        	addiw	a2, a2, -20
      78: 2e 30        	fld	ft0, 232(sp)
      7a: 2e 30        	fld	ft0, 232(sp)
      7c: 00           	<unknown>

Disassembly of section .riscv.attributes:

0000000000000000 <.riscv.attributes>:
       0: 41 99        	andi	a0, a0, -16
       2: 00 00        	unimp	
       4: 00 72        	ld	s0, 32(a2)
       6: 69 73        	lui	t1, 1048570
       8: 63 76 00 01  	bgeu	zero, a6, 0x14 <.riscv.attributes+0x14>
       c: 8f 00 00 00  	<unknown>
      10: 04 10        	addi	s1, sp, 32
      12: 05 72        	lui	tp, 1048545
      14: 76 36        	fld	fa2, 376(sp)
      16: 34 69        	ld	a3, 80(a0)
      18: 32 70        	<unknown>
      1a: 30 5f        	lw	a2, 120(a4)
      1c: 6d 32        	addiw	tp, tp, -5
      1e: 70 30        	fld	fa2, 224(s0)
      20: 5f 61 32 70  	<unknown>
      24: 30 5f        	lw	a2, 120(a4)
      26: 66 32        	fld	ft4, 120(sp)
      28: 70 30        	fld	fa2, 224(s0)
      2a: 5f 64 32 70  	<unknown>
      2e: 30 5f        	lw	a2, 120(a4)
      30: 63 32 70 30  	<unknown>
      34: 5f 76 31 70  	<unknown>
      38: 30 5f        	lw	a2, 120(a4)
      3a: 7a 66        	ld	a2, 408(sp)
      3c: 68 31        	fld	fa0, 224(a0)
      3e: 70 30        	fld	fa2, 224(s0)
      40: 5f 7a 76 65  	<unknown>
      44: 33 32 66 31  	<unknown>
      48: 70 30        	fld	fa2, 224(s0)
      4a: 5f 7a 76 65  	<unknown>
      4e: 33 32 78 31  	<unknown>
      52: 70 30        	fld	fa2, 224(s0)
      54: 5f 7a 76 65  	<unknown>
      58: 36 34        	fld	fs0, 360(sp)
      5a: 64 31        	fld	fs1, 224(a0)
      5c: 70 30        	fld	fa2, 224(s0)
      5e: 5f 7a 76 65  	<unknown>
      62: 36 34        	fld	fs0, 360(sp)
      64: 66 31        	fld	ft2, 120(sp)
      66: 70 30        	fld	fa2, 224(s0)
      68: 5f 7a 76 65  	<unknown>
      6c: 36 34        	fld	fs0, 360(sp)
      6e: 78 31        	fld	fa4, 224(a0)
      70: 70 30        	fld	fa2, 224(s0)
      72: 5f 7a 76 66  	<unknown>
      76: 68 30        	fld	fa0, 224(s0)
      78: 70 31        	fld	fa2, 224(a0)
      7a: 5f 7a 76 6c  	<unknown>
      7e: 31 32        	addiw	tp, tp, -20
      80: 38 62        	ld	a4, 64(a2)
      82: 31 70        	c.lui	zero, -20
      84: 30 5f        	lw	a2, 120(a4)
      86: 7a 76        	ld	a2, 440(sp)
      88: 6c 33        	fld	fa1, 224(a4)
      8a: 32 62        	ld	tp, 264(sp)
      8c: 31 70        	c.lui	zero, -20
      8e: 30 5f        	lw	a2, 120(a4)
      90: 7a 76        	ld	a2, 440(sp)
      92: 6c 36        	fld	fa1, 232(a2)
      94: 34 62        	ld	a3, 64(a2)
      96: 31 70        	c.lui	zero, -20
      98: 30 00        	addi	a2, sp, 8

Disassembly of section .symtab:

0000000000000000 <.symtab>:
		...
      18: 01 00        	nop
      1a: 00 00        	unimp	
      1c: 04 00        	<unknown>
      1e: f1 ff        	bnez	a5, 0xfffffffffffffffa <timer+0xffffffff7fff559a>
		...
      30: 08 00        	<unknown>
      32: 00 00        	unimp	
      34: 04 00        	<unknown>
      36: f1 ff        	bnez	a5, 0x12 <.symtab+0x12>
		...
      48: 1a 00        	c.slli	zero, 6
      4a: 00 00        	unimp	
      4c: 04 00        	<unknown>
      4e: f1 ff        	bnez	a5, 0x2a <.symtab+0x2a>
		...
      60: 29 00        	c.nop	10
      62: 00 00        	unimp	
      64: 04 00        	<unknown>
      66: f1 ff        	bnez	a5, 0x42 <.symtab+0x42>
		...
      78: 37 00 00 00  	lui	zero, 0
      7c: 04 00        	<unknown>
      7e: f1 ff        	bnez	a5, 0x5a <.symtab+0x5a>
		...
      90: 51 00        	c.nop	20
      92: 00 00        	unimp	
      94: 04 00        	<unknown>
      96: f1 ff        	bnez	a5, 0x72 <.symtab+0x72>
		...
      a8: 5e 00        	c.slli	zero, 23
      aa: 00 00        	unimp	
      ac: 04 00        	<unknown>
      ae: f1 ff        	bnez	a5, 0x8a <.symtab+0x8a>
		...
      c0: 77 00 00 00  	<unknown>
      c4: 04 00        	<unknown>
      c6: f1 ff        	bnez	a5, 0xa2 <.symtab+0xa2>
		...
      d8: 87 00 00 00  	vle8.v	v1, (zero), v0.t
      dc: 04 00        	<unknown>
      de: f1 ff        	bnez	a5, 0xba <.symtab+0xba>
		...
      f0: 98 00        	addi	a4, sp, 64
      f2: 00 00        	unimp	
      f4: 04 00        	<unknown>
      f6: f1 ff        	bnez	a5, 0xd2 <.symtab+0xd2>
		...
     108: a2 00        	slli	ra, ra, 8
     10a: 00 00        	unimp	
     10c: 00 00        	unimp	
     10e: 01 00        	nop
     110: 0a 00        	c.slli	zero, 2
     112: 00 80        	<unknown>
		...
     120: af 00 00 00  	<unknown>
     124: 00 00        	unimp	
     126: 01 00        	nop
     128: d8 00        	addi	a4, sp, 68
     12a: 00 80        	<unknown>
		...
     138: bb 00 00 00  	addw	ra, zero, zero
     13c: 04 00        	<unknown>
     13e: f1 ff        	bnez	a5, 0x11a <.symtab+0x11a>
		...
     150: c4 00        	addi	s1, sp, 68
     152: 00 00        	unimp	
     154: 02 00        	c.slli64	zero
     156: 01 00        	nop
     158: 3c 22        	fld	fa5, 64(a2)
     15a: 00 80        	<unknown>
     15c: 00 00        	unimp	
     15e: 00 00        	unimp	
     160: 0c 00        	<unknown>
     162: 00 00        	unimp	
     164: 00 00        	unimp	
     166: 00 00        	unimp	
     168: ce 00        	slli	ra, ra, 19
     16a: 00 00        	unimp	
     16c: 02 00        	c.slli64	zero
     16e: 01 00        	nop
     170: be 16        	slli	a3, a3, 47
     172: 00 80        	<unknown>
     174: 00 00        	unimp	
     176: 00 00        	unimp	
     178: 7e 0b        	slli	s6, s6, 31
     17a: 00 00        	unimp	
     17c: 00 00        	unimp	
     17e: 00 00        	unimp	
     180: d9 00        	addi	ra, ra, 22
     182: 00 00        	unimp	
     184: 02 00        	c.slli64	zero
     186: 01 00        	nop
     188: 48 22        	fld	fa0, 128(a2)
     18a: 00 80        	<unknown>
     18c: 00 00        	unimp	
     18e: 00 00        	unimp	
     190: 02 00        	c.slli64	zero
     192: 00 00        	unimp	
     194: 00 00        	unimp	
     196: 00 00        	unimp	
     198: e3 00 00 00  	beqz	zero, 0x998 <.symtab+0x998>
     19c: 02 00        	c.slli64	zero
     19e: 01 00        	nop
     1a0: 4a 22        	fld	ft4, 144(sp)
     1a2: 00 80        	<unknown>
     1a4: 00 00        	unimp	
     1a6: 00 00        	unimp	
     1a8: 76 02        	slli	tp, tp, 29
     1aa: 00 00        	unimp	
     1ac: 00 00        	unimp	
     1ae: 00 00        	unimp	
     1b0: f0 00        	addi	a2, sp, 76
     1b2: 00 00        	unimp	
     1b4: 01 00        	nop
     1b6: 03 00 e0 a9  	lb	zero, -1378(zero)
     1ba: 00 80        	<unknown>
     1bc: 00 00        	unimp	
     1be: 00 00        	unimp	
     1c0: 50 00        	addi	a2, sp, 4
     1c2: 00 00        	unimp	
     1c4: 00 00        	unimp	
     1c6: 00 00        	unimp	
     1c8: fc 00        	addi	a5, sp, 76
     1ca: 00 00        	unimp	
     1cc: 04 00        	<unknown>
     1ce: f1 ff        	bnez	a5, 0x1aa <.symtab+0x1aa>
		...
     1e0: 05 01        	addi	sp, sp, 1
     1e2: 00 00        	unimp	
     1e4: 04 00        	<unknown>
     1e6: f1 ff        	bnez	a5, 0x1c2 <.symtab+0x1c2>
		...
     1f8: 0e 01        	slli	sp, sp, 3
     1fa: 00 00        	unimp	
     1fc: 04 00        	<unknown>
     1fe: f1 ff        	bnez	a5, 0x1da <.symtab+0x1da>
		...
     210: 15 01        	addi	sp, sp, 5
     212: 00 00        	unimp	
     214: 12 00        	c.slli	zero, 4
     216: 01 00        	nop
     218: 10 01        	addi	a2, sp, 128
     21a: 00 80        	<unknown>
     21c: 00 00        	unimp	
     21e: 00 00        	unimp	
     220: 0e 09        	slli	s2, s2, 3
     222: 00 00        	unimp	
     224: 00 00        	unimp	
     226: 00 00        	unimp	
     228: 1a 01        	slli	sp, sp, 6
     22a: 00 00        	unimp	
     22c: 12 00        	c.slli	zero, 4
     22e: 01 00        	nop
     230: c0 24        	fld	fs0, 136(s1)
     232: 00 80        	<unknown>
     234: 00 00        	unimp	
     236: 00 00        	unimp	
     238: 4e 00        	c.slli	zero, 19
     23a: 00 00        	unimp	
     23c: 00 00        	unimp	
     23e: 00 00        	unimp	
     240: 21 01        	addi	sp, sp, 8
     242: 00 00        	unimp	
     244: 10 00        	<unknown>
     246: 06 00        	c.slli	zero, 1
     248: 60 aa        	fsd	fs0, 208(a2)
     24a: 00 80        	<unknown>
		...
     258: 27 01 00 00  	vse8.v	v2, (zero), v0.t
     25c: 11 00        	c.nop	4
     25e: 02 00        	c.slli64	zero
     260: 20 25        	fld	fs0, 72(a0)
     262: 00 80        	<unknown>
     264: 00 00        	unimp	
     266: 00 00        	unimp	
     268: 00 20        	fld	fs0, 0(s0)
     26a: 00 00        	unimp	
     26c: 00 00        	unimp	
     26e: 00 00        	unimp	
     270: 2e 01        	slli	sp, sp, 11
     272: 00 00        	unimp	
     274: 11 00        	c.nop	4
     276: 02 00        	c.slli64	zero
     278: 20 45        	lw	s0, 72(a0)
     27a: 00 80        	<unknown>
     27c: 00 00        	unimp	
     27e: 00 00        	unimp	
     280: 00 20        	fld	fs0, 0(s0)
     282: 00 00        	unimp	
     284: 00 00        	unimp	
     286: 00 00        	unimp	
     288: 35 01        	addi	sp, sp, 13
     28a: 00 00        	unimp	
     28c: 12 00        	c.slli	zero, 4
     28e: 01 00        	nop
     290: 5c 0a        	addi	a5, sp, 276
     292: 00 80        	<unknown>
     294: 00 00        	unimp	
     296: 00 00        	unimp	
     298: 2a 0c        	slli	s8, s8, 10
     29a: 00 00        	unimp	
     29c: 00 00        	unimp	
     29e: 00 00        	unimp	
     2a0: 49 01        	addi	sp, sp, 18
     2a2: 00 00        	unimp	
     2a4: 12 00        	c.slli	zero, 4
     2a6: 01 00        	nop
     2a8: 86 16        	slli	a3, a3, 33
     2aa: 00 80        	<unknown>
     2ac: 00 00        	unimp	
     2ae: 00 00        	unimp	
     2b0: 38 00        	addi	a4, sp, 8
     2b2: 00 00        	unimp	
     2b4: 00 00        	unimp	
     2b6: 00 00        	unimp	
     2b8: 51 01        	addi	sp, sp, 20
     2ba: 00 00        	unimp	
     2bc: 11 00        	c.nop	4
     2be: 02 00        	c.slli64	zero
     2c0: 20 65        	ld	s0, 72(a0)
     2c2: 00 80        	<unknown>
     2c4: 00 00        	unimp	
     2c6: 00 00        	unimp	
     2c8: 00 20        	fld	fs0, 0(s0)
     2ca: 00 00        	unimp	
     2cc: 00 00        	unimp	
     2ce: 00 00        	unimp	
     2d0: 5f 01 00 00  	<unknown>
     2d4: 11 00        	c.nop	4
     2d6: 02 00        	c.slli64	zero
     2d8: 20 85        	<unknown>
     2da: 00 80        	<unknown>
     2dc: 00 00        	unimp	
     2de: 00 00        	unimp	
     2e0: 00 20        	fld	fs0, 0(s0)
     2e2: 00 00        	unimp	
     2e4: 00 00        	unimp	
     2e6: 00 00        	unimp	
     2e8: 6d 01        	addi	sp, sp, 27
     2ea: 00 00        	unimp	
     2ec: 12 00        	c.slli	zero, 4
     2ee: 01 00        	nop
     2f0: 1e 0a        	slli	s4, s4, 7
     2f2: 00 80        	<unknown>
     2f4: 00 00        	unimp	
     2f6: 00 00        	unimp	
     2f8: 3e 00        	c.slli	zero, 15
     2fa: 00 00        	unimp	
     2fc: 00 00        	unimp	
     2fe: 00 00        	unimp	
     300: 81 01        	mv	gp, gp
     302: 00 00        	unimp	
     304: 10 00        	<unknown>
     306: 01 00        	nop
     308: 00 00        	unimp	
     30a: 00 80        	<unknown>
		...
     318: 88 01        	addi	a0, sp, 192
     31a: 00 00        	unimp	
     31c: 10 00        	<unknown>
     31e: 01 00        	nop
     320: f0 00        	addi	a2, sp, 76
     322: 00 80        	<unknown>
		...
     330: 8d 01        	addi	gp, gp, 3
     332: 00 00        	unimp	
     334: 10 00        	<unknown>
     336: 01 00        	nop
     338: 00 01        	addi	s0, sp, 128
     33a: 00 80        	<unknown>
		...
     348: 93 01 00 00  	li	gp, 0
     34c: 20 00        	addi	s0, sp, 8
		...
     35e: 00 00        	unimp	
     360: a1 01        	addi	gp, gp, 8
     362: 00 00        	unimp	
     364: 20 00        	addi	s0, sp, 8
		...
     376: 00 00        	unimp	
     378: af 01 00 00  	<unknown>
     37c: 20 00        	addi	s0, sp, 8
		...
     38e: 00 00        	unimp	
     390: bb 01 00 00  	addw	gp, zero, zero
     394: 10 00        	<unknown>
     396: 04 00        	<unknown>
     398: 30 b2        	fsd	fa2, 96(a2)
     39a: 00 80        	<unknown>
		...
     3a8: cd 01        	addi	gp, gp, 19
     3aa: 00 00        	unimp	
     3ac: 10 00        	<unknown>
     3ae: f1 ff        	bnez	a5, 0x38a <.symtab+0x38a>
     3b0: 10 00        	<unknown>
     3b2: 00 d0        	sw	s0, 32(s0)
		...
     3c0: e2 01        	slli	gp, gp, 24
     3c2: 00 00        	unimp	
     3c4: 10 00        	<unknown>
     3c6: f1 ff        	bnez	a5, 0x3a2 <.symtab+0x3a2>
     3c8: 00 00        	unimp	
     3ca: 00 d0        	sw	s0, 32(s0)
		...
     3d8: f2 01        	slli	gp, gp, 28
     3da: 00 00        	unimp	
     3dc: 12 00        	c.slli	zero, 4
     3de: 01 00        	nop
     3e0: 0e 25        	fld	fa0, 192(sp)
     3e2: 00 80        	<unknown>
     3e4: 00 00        	unimp	
     3e6: 00 00        	unimp	
     3e8: 0a 00        	c.slli	zero, 2
     3ea: 00 00        	unimp	
     3ec: 00 00        	unimp	
     3ee: 00 00        	unimp	
     3f0: fb 01 00 00  	<unknown>
     3f4: 10 00        	<unknown>
     3f6: f1 ff        	bnez	a5, 0x3d2 <.symtab+0x3d2>
     3f8: 00 00        	unimp	
     3fa: 00 c0        	sw	s0, 0(s0)
		...
     408: 05 02        	addi	tp, tp, 1
     40a: 00 00        	unimp	
     40c: 10 00        	<unknown>
     40e: 05 00        	c.nop	1
     410: 60 aa        	fsd	fs0, 208(a2)
     412: 00 80        	<unknown>
		...
     420: 11 02        	addi	tp, tp, 4
     422: 00 00        	unimp	
     424: 10 00        	<unknown>
     426: 05 00        	c.nop	1
     428: 60 aa        	fsd	fs0, 208(a2)
     42a: 00 80        	<unknown>
		...
     438: 1b 02 00 00  	sext.w	tp, zero
     43c: 10 00        	<unknown>
     43e: f1 ff        	bnez	a5, 0x41a <.symtab+0x41a>
     440: 70 aa        	fsd	fa2, 208(a2)
     442: 00 80        	<unknown>
		...
     450: 29 02        	addi	tp, tp, 10
     452: 00 00        	unimp	
     454: 10 00        	<unknown>
     456: f1 ff        	bnez	a5, 0x432 <.symtab+0x432>
     458: 08 00        	<unknown>
     45a: 00 d0        	sw	s0, 32(s0)
		...
     468: 40 02        	addi	s0, sp, 260
     46a: 00 00        	unimp	
     46c: 10 00        	<unknown>
     46e: f1 ff        	bnez	a5, 0x44a <.symtab+0x44a>
     470: 18 00        	<unknown>
     472: 00 d0        	sw	s0, 32(s0)
		...
     480: 4e 02        	slli	tp, tp, 19
     482: 00 00        	unimp	
     484: 10 00        	<unknown>
     486: f1 ff        	bnez	a5, 0x462 <.symtab+0x462>
     488: 20 00        	addi	s0, sp, 8
     48a: 00 d0        	sw	s0, 32(s0)
		...

Disassembly of section .shstrtab:

0000000000000000 <.shstrtab>:
       0: 00 2e        	fld	fs0, 24(a2)
       2: 74 65        	ld	a3, 200(a0)
       4: 78 74        	ld	a4, 232(s0)
       6: 00 2e        	fld	fs0, 24(a2)
       8: 64 61        	ld	s1, 192(a0)
       a: 74 61        	ld	a3, 192(a0)
       c: 00 2e        	fld	fs0, 24(a2)
       e: 72 6f        	ld	t5, 280(sp)
      10: 64 61        	ld	s1, 192(a0)
      12: 74 61        	ld	a3, 192(a0)
      14: 00 2e        	fld	fs0, 24(a2)
      16: 73 64 61 74  	csrrsi	s0, 1862, 2
      1a: 61 00        	c.nop	24
      1c: 2e 62        	ld	tp, 200(sp)
      1e: 73 73 00 2e  	csrrci	t1, 736, 0
      22: 6c 32        	fld	fa1, 224(a2)
      24: 00 2e        	fld	fs0, 24(a2)
      26: 63 6f 6d 6d  	bltu	s10, s6, 0x704 <.symtab+0x704>
      2a: 65 6e        	lui	t3, 25
      2c: 74 00        	addi	a3, sp, 12
      2e: 2e 72        	ld	tp, 232(sp)
      30: 69 73        	lui	t1, 1048570
      32: 63 76 2e 61  	bgeu	t3, s2, 0x63e <.symtab+0x63e>
      36: 74 74        	ld	a3, 232(s0)
      38: 72 69        	ld	s2, 280(sp)
      3a: 62 75        	ld	a0, 56(sp)
      3c: 74 65        	ld	a3, 200(a0)
      3e: 73 00 2e 73  	<unknown>
      42: 79 6d        	lui	s10, 30
      44: 74 61        	ld	a3, 192(a0)
      46: 62 00        	c.slli	zero, 24
      48: 2e 73        	ld	t1, 232(sp)
      4a: 68 73        	ld	a0, 224(a4)
      4c: 74 72        	ld	a3, 224(a2)
      4e: 74 61        	ld	a3, 192(a0)
      50: 62 00        	c.slli	zero, 24
      52: 2e 73        	ld	t1, 232(sp)
      54: 74 72        	ld	a3, 224(a2)
      56: 74 61        	ld	a3, 192(a0)
      58: 62 00        	c.slli	zero, 24

Disassembly of section .strtab:

0000000000000000 <.strtab>:
       0: 00 6d        	ld	s0, 24(a0)
       2: 61 69        	lui	s2, 24
       4: 6e 2e        	fld	ft8, 216(sp)
       6: 63 00 76 5f  	beq	a2, s7, 0x5e6 <.symtab+0x5e6>
       a: 4c 4c        	lw	a1, 28(s0)
       c: 5f 64 65 63  	<unknown>
      10: 6f 6d 70 5f  	jal	s10, 0x6e06 <.symtab+0x6e06>
      14: 66 33        	fld	ft6, 120(sp)
      16: 32 2e        	fld	ft8, 264(sp)
      18: 63 00 76 66  	beq	a2, t2, 0x678 <.symtab+0x678>
      1c: 63 74 72 61  	bgeu	tp, s7, 0x624 <.symtab+0x624>
      20: 6e 73        	ld	t1, 248(sp)
      22: 5f 73 69 6d  	<unknown>
      26: 2e 63        	ld	t1, 200(sp)
      28: 00 76        	ld	s0, 40(a2)
      2a: 5f 63 6f 6d  	<unknown>
      2e: 70 75        	ld	a2, 232(a0)
      30: 74 65        	ld	a3, 200(a0)
      32: 5f 7a 2e 63  	<unknown>
      36: 00 76        	ld	s0, 40(a2)
      38: 5f 62 61 63  	<unknown>
      3c: 6b 77 61 72  	<unknown>
      40: 64 5f        	lw	s1, 124(a4)
      42: 73 75 62 73  	csrrci	a0, 1846, 4
      46: 74 69        	ld	a3, 208(a0)
      48: 74 75        	ld	a3, 232(a0)
      4a: 74 69        	ld	a3, 208(a0)
      4c: 6f 6e 2e 63  	jal	t3, 0xe667e <.symtab+0xe667e>
      50: 00 76        	ld	s0, 40(a2)
      52: 63 66 6d 75  	bltu	s10, s6, 0x79e <.symtab+0x79e>
      56: 6c 5f        	lw	a1, 124(a4)
      58: 73 69 6d 2e  	csrrsi	s2, 742, 26
      5c: 63 00 76 5f  	beq	a2, s7, 0x63c <.symtab+0x63c>
      60: 66 6f        	ld	t5, 88(sp)
      62: 72 77        	ld	a4, 312(sp)
      64: 61 72        	lui	tp, 1048568
      66: 64 5f        	lw	s1, 124(a4)
      68: 73 75 62 73  	csrrci	a0, 1846, 4
      6c: 74 69        	ld	a3, 208(a0)
      6e: 74 75        	ld	a3, 232(a0)
      70: 74 69        	ld	a3, 208(a0)
      72: 6f 6e 2e 63  	jal	t3, 0xe66a4 <.symtab+0xe66a4>
      76: 00 76        	ld	s0, 40(a2)
      78: 63 73 71 72  	bgeu	sp, t2, 0x79e <.symtab+0x79e>
      7c: 64 6d        	ld	s1, 216(a0)
      7e: 61 67        	lui	a4, 24
      80: 5f 73 69 6d  	<unknown>
      84: 2e 63        	ld	t1, 200(sp)
      86: 00 76        	ld	s0, 40(a2)
      88: 5f 63 6f 6d  	<unknown>
      8c: 70 75        	ld	a2, 232(a0)
      8e: 74 65        	ld	a3, 200(a0)
      90: 5f 67 72 61  	<unknown>
      94: 6d 2e        	addiw	t3, t3, 27
      96: 63 00 64 61  	beq	s0, s6, 0x696 <.symtab+0x696>
      9a: 74 61        	ld	a3, 192(a0)
      9c: 73 65 74 2e  	csrrsi	a0, 743, 8
      a0: 63 00 72 65  	beq	tp, s7, 0x6e0 <.symtab+0x6e0>
      a4: 73 65 74 5f  	csrrsi	a0, 1527, 8
      a8: 76 65        	ld	a0, 344(sp)
      aa: 63 74 6f 72  	bgeu	t5, t1, 0x7d2 <.symtab+0x7d2>
      ae: 00 74        	ld	s0, 40(s0)
      b0: 72 61        	ld	sp, 280(sp)
      b2: 70 5f        	lw	a2, 124(a4)
      b4: 76 65        	ld	a0, 344(sp)
      b6: 63 74 6f 72  	bgeu	t5, t1, 0x7de <.symtab+0x7de>
      ba: 00 70        	ld	s0, 32(s0)
      bc: 72 69        	ld	s2, 280(sp)
      be: 6e 74        	ld	s0, 248(sp)
      c0: 66 2e        	fld	ft8, 88(sp)
      c2: 63 00 5f 6f  	beq	t5, s5, 0x7a2 <.symtab+0x7a2>
      c6: 75 74        	lui	s0, 1048573
      c8: 5f 63 68 61  	<unknown>
      cc: 72 00        	c.slli	zero, 28
      ce: 5f 76 73 6e  	<unknown>
      d2: 70 72        	ld	a2, 224(a2)
      d4: 69 6e        	lui	t3, 26
      d6: 74 66        	ld	a3, 200(a2)
      d8: 00 5f        	lw	s0, 56(a4)
      da: 6f 75 74 5f  	jal	a0, 0x47ed0 <.symtab+0x47ed0>
      de: 6e 75        	ld	a0, 248(sp)
      e0: 6c 6c        	ld	a1, 216(s0)
      e2: 00 5f        	lw	s0, 56(a4)
      e4: 6e 74        	ld	s0, 248(sp)
      e6: 6f 61 5f 66  	jal	sp, 0xf6f4a <.symtab+0xf6f4a>
      ea: 6f 72 6d 61  	jal	tp, 0xd7700 <.symtab+0xd7700>
      ee: 74 00        	addi	a3, sp, 12
      f0: 5f 66 74 6f  	<unknown>
      f4: 61 2e        	addiw	t3, t3, 24
      f6: 70 6f        	ld	a2, 216(a4)
      f8: 77 31 30 00  	<unknown>
      fc: 73 74 72 69  	csrrci	s0, 1687, 4
     100: 6e 67        	ld	a4, 216(sp)
     102: 2e 63        	ld	t1, 200(sp)
     104: 00 73        	ld	s0, 32(a4)
     106: 65 72        	lui	tp, 1048569
     108: 69 61        	addi	sp, sp, 208
     10a: 6c 2e        	fld	fa1, 216(a2)
     10c: 63 00 75 74  	beq	a0, t2, 0x84c <.symtab+0x84c>
     110: 69 6c        	lui	s8, 26
     112: 2e 63        	ld	t1, 200(sp)
     114: 00 6d        	ld	s0, 24(a0)
     116: 61 69        	lui	s2, 24
     118: 6e 00        	c.slli	zero, 27
     11a: 6d 65        	lui	a0, 27
     11c: 6d 73        	lui	t1, 1048571
     11e: 65 74        	lui	s0, 1048569
     120: 00 74        	ld	s0, 40(s0)
     122: 69 6d        	lui	s10, 26
     124: 65 72        	lui	tp, 1048569
     126: 00 48        	lw	s0, 16(s0)
     128: 5f 72 65 61  	<unknown>
     12c: 6c 00        	addi	a1, sp, 12
     12e: 48 5f        	lw	a0, 60(a4)
     130: 69 6d        	lui	s10, 26
     132: 61 67        	lui	a4, 24
     134: 00 76        	ld	s0, 40(a2)
     136: 5f 63 6f 6d  	<unknown>
     13a: 70 75        	ld	a2, 232(a0)
     13c: 74 65        	ld	a3, 200(a0)
     13e: 5f 67 72 61  	<unknown>
     142: 6d 5f        	li	t5, -5
     144: 66 70        	<unknown>
     146: 33 32 00 70  	<unknown>
     14a: 72 69        	ld	s2, 280(sp)
     14c: 6e 74        	ld	s0, 248(sp)
     14e: 66 5f        	lw	t5, 120(sp)
     150: 00 47        	lw	s0, 8(a4)
     152: 72 61        	ld	sp, 280(sp)
     154: 6d 5f        	li	t5, -5
     156: 72 65        	ld	a0, 280(sp)
     158: 66 5f        	lw	t5, 120(sp)
     15a: 72 65        	ld	a0, 280(sp)
     15c: 61 6c        	lui	s8, 24
     15e: 00 47        	lw	s0, 8(a4)
     160: 72 61        	ld	sp, 280(sp)
     162: 6d 5f        	li	t5, -5
     164: 72 65        	ld	a0, 280(sp)
     166: 66 5f        	lw	t5, 120(sp)
     168: 69 6d        	lui	s10, 26
     16a: 61 67        	lui	a4, 24
     16c: 00 76        	ld	s0, 40(a2)
     16e: 63 66 6d 61  	bltu	s10, s6, 0x77a <.symtab+0x77a>
     172: 63 5f 76 76  	bge	a2, t2, 0x8f0 <.symtab+0x8f0>
     176: 5f 66 33 32  	<unknown>
     17a: 6d 34        	addiw	s0, s0, -5
     17c: 5f 73 69 6d  	<unknown>
     180: 00 5f        	lw	s0, 56(a4)
     182: 73 74 61 72  	csrrci	s0, 1830, 2
     186: 74 00        	addi	a3, sp, 12
     188: 5f 65 6f 63  	<unknown>
     18c: 00 5f        	lw	s0, 56(a4)
     18e: 66 61        	ld	sp, 88(sp)
     190: 69 6c        	lui	s8, 26
     192: 00 6d        	ld	s0, 24(a0)
     194: 74 76        	ld	a3, 232(a2)
     196: 65 63        	lui	t1, 25
     198: 5f 68 61 6e  	<unknown>
     19c: 64 6c        	ld	s1, 216(s0)
     19e: 65 72        	lui	tp, 1048569
     1a0: 00 73        	ld	s0, 32(a4)
     1a2: 74 76        	ld	a3, 232(a2)
     1a4: 65 63        	lui	t1, 25
     1a6: 5f 68 61 6e  	<unknown>
     1aa: 64 6c        	ld	s1, 216(s0)
     1ac: 65 72        	lui	tp, 1048569
     1ae: 00 72        	ld	s0, 32(a2)
     1b0: 76 74        	ld	s0, 376(sp)
     1b2: 65 73        	lui	t1, 1048569
     1b4: 74 5f        	lw	a3, 124(a4)
     1b6: 69 6e        	lui	t3, 26
     1b8: 69 74        	lui	s0, 1048570
     1ba: 00 5f        	lw	s0, 56(a4)
     1bc: 5f 67 6c 6f  	<unknown>
     1c0: 62 61        	ld	sp, 24(sp)
     1c2: 6c 5f        	lw	a1, 124(a4)
     1c4: 70 6f        	ld	a2, 216(a4)
     1c6: 69 6e        	lui	t3, 26
     1c8: 74 65        	ld	a3, 200(a0)
     1ca: 72 24        	fld	fs0, 280(sp)
     1cc: 00 64        	ld	s0, 8(s0)
     1ce: 72 61        	ld	sp, 280(sp)
     1d0: 6d 5f        	li	t5, -5
     1d2: 65 6e        	lui	t3, 25
     1d4: 64 5f        	lw	s1, 124(a4)
     1d6: 61 64        	lui	s0, 24
     1d8: 64 72        	ld	s1, 224(a2)
     1da: 65 73        	lui	t1, 1048569
     1dc: 73 5f 72 65  	csrrwi	t5, 1623, 4
     1e0: 67 00 65 6f  	jr	1782(a0)
     1e4: 63 5f 61 64  	bge	sp, t1, 0x842 <.symtab+0x842>
     1e8: 64 72        	ld	s1, 224(a2)
     1ea: 65 73        	lui	t1, 1048569
     1ec: 73 5f 72 65  	csrrwi	t5, 1623, 4
     1f0: 67 00 5f 70  	jr	1797(t5)
     1f4: 75 74        	lui	s0, 1048573
     1f6: 63 68 61 72  	bltu	sp, t1, 0x926 <.symtab+0x926>
     1fa: 00 66        	ld	s0, 8(a2)
     1fc: 61 6b        	lui	s6, 24
     1fe: 65 5f        	li	t5, -7
     200: 75 61        	addi	sp, sp, 368
     202: 72 74        	ld	s0, 312(sp)
     204: 00 5f        	lw	s0, 56(a4)
     206: 5f 62 73 73  	<unknown>
     20a: 5f 73 74 61  	<unknown>
     20e: 72 74        	ld	s0, 312(sp)
     210: 00 5f        	lw	s0, 56(a4)
     212: 5f 62 73 73  	<unknown>
     216: 5f 65 6e 64  	<unknown>
     21a: 00 6c        	ld	s0, 24(s0)
     21c: 32 5f        	lw	t5, 44(sp)
     21e: 61 6c        	lui	s8, 24
     220: 6c 6f        	ld	a1, 216(a4)
     222: 63 5f 62 61  	bge	tp, s6, 0x840 <.symtab+0x840>
     226: 73 65 00 64  	csrrsi	a0, 1600, 0
     22a: 72 61        	ld	sp, 280(sp)
     22c: 6d 5f        	li	t5, -5
     22e: 73 74 61 72  	csrrci	s0, 1830, 2
     232: 74 5f        	lw	a3, 124(a4)
     234: 61 64        	lui	s0, 24
     236: 64 72        	ld	s1, 224(a2)
     238: 65 73        	lui	t1, 1048569
     23a: 73 5f 72 65  	csrrwi	t5, 1623, 4
     23e: 67 00 65 76  	jr	1894(a0)
     242: 65 6e        	lui	t3, 25
     244: 74 5f        	lw	a3, 124(a4)
     246: 74 72        	ld	a3, 224(a2)
     248: 69 67        	lui	a4, 26
     24a: 67 65 72 00  	<unknown>
     24e: 68 77        	ld	a0, 232(a4)
     250: 5f 63 6e 74  	<unknown>
     254: 5f 65 6e 5f  	<unknown>
     258: 72 65        	ld	a0, 280(sp)
     25a: 67           	<unknown>
     25b: 00           	<unknown>
