
bin/ut_MMSE_Equalizer_4x4MIMO_fp32:	file format elf64-littleriscv

Disassembly of section .text:

0000000080000000 <_start>:
80000000: 97 51 00 00  	auipc	gp, 5
80000004: 93 81 01 fa  	addi	gp, gp, -96
80000008: 09 a0        	j	0x8000000a <reset_vector>

000000008000000a <reset_vector>:
8000000a: 81 40        	li	ra, 0
8000000c: 01 42        	li	tp, 0
8000000e: 81 42        	li	t0, 0
80000010: 01 43        	li	t1, 0
80000012: 81 43        	li	t2, 0
80000014: 01 44        	li	s0, 0
80000016: 81 44        	li	s1, 0
80000018: 01 45        	li	a0, 0
8000001a: 81 45        	li	a1, 0
8000001c: 01 46        	li	a2, 0
8000001e: 81 46        	li	a3, 0
80000020: 01 47        	li	a4, 0
80000022: 81 47        	li	a5, 0
80000024: 01 48        	li	a6, 0
80000026: 81 48        	li	a7, 0
80000028: 01 49        	li	s2, 0
8000002a: 81 49        	li	s3, 0
8000002c: 01 4a        	li	s4, 0
8000002e: 81 4a        	li	s5, 0
80000030: 01 4b        	li	s6, 0
80000032: 81 4b        	li	s7, 0
80000034: 01 4c        	li	s8, 0
80000036: 81 4c        	li	s9, 0
80000038: 01 4d        	li	s10, 0
8000003a: 81 4d        	li	s11, 0
8000003c: 01 4e        	li	t3, 0
8000003e: 81 4e        	li	t4, 0
80000040: 01 4f        	li	t5, 0
80000042: 81 4f        	li	t6, 0
80000044: 97 02 00 50  	auipc	t0, 327680
80000048: 93 82 c2 fc  	addi	t0, t0, -52
8000004c: 03 b1 02 00  	ld	sp, 0(t0)
80000050: fd 52        	li	t0, -1
80000052: 93 d2 b2 00  	srli	t0, t0, 11
80000056: 73 90 02 3b  	csrw	pmpaddr0, t0
8000005a: fd 42        	li	t0, 31
8000005c: 73 90 02 3a  	csrw	pmpcfg0, t0
80000060: 73 50 40 30  	csrwi	mie, 0
80000064: 97 02 00 00  	auipc	t0, 0
80000068: 93 82 42 07  	addi	t0, t0, 116
8000006c: 73 90 52 30  	csrw	mtvec, t0
80000070: 73 50 20 30  	csrwi	medeleg, 0
80000074: 73 50 30 30  	csrwi	mideleg, 0
80000078: 97 02 00 80  	auipc	t0, 524288
8000007c: 93 82 82 f8  	addi	t0, t0, -120
80000080: 63 8a 02 00  	beqz	t0, 0x80000094 <reset_vector+0x8a>
80000084: 73 90 52 10  	csrw	stvec, t0
80000088: ad 62        	lui	t0, 11
8000008a: 9b 82 92 10  	addiw	t0, t0, 265
8000008e: 73 90 22 30  	csrw	medeleg, t0
80000092: 01 00        	nop
80000094: 73 50 00 30  	csrwi	mstatus, 0
80000098: 89 62        	lui	t0, 2
8000009a: 73 a0 02 30  	csrs	mstatus, t0
8000009e: 73 50 30 00  	csrwi	fcsr, 0
800000a2: 93 02 00 20  	li	t0, 512
800000a6: 73 a0 02 30  	csrs	mstatus, t0
800000aa: 73 e0 60 30  	csrsi	mcounteren, 1
800000ae: 73 e0 60 10  	csrsi	scounteren, 1
800000b2: 97 02 00 80  	auipc	t0, 524288
800000b6: 93 82 e2 f4  	addi	t0, t0, -178
800000ba: 63 83 02 00  	beqz	t0, 0x800000c0 <reset_vector+0xb6>
800000be: 82 92        	jalr	t0
800000c0: 97 00 00 00  	auipc	ra, 0
800000c4: 93 80 00 03  	addi	ra, ra, 48
800000c8: 97 02 00 00  	auipc	t0, 0
800000cc: 93 82 82 04  	addi	t0, t0, 72
800000d0: 73 90 12 34  	csrw	mepc, t0
800000d4: 73 00 20 30  	mret	

00000000800000d8 <trap_vector>:
800000d8: 17 0f 00 80  	auipc	t5, 524288
800000dc: 13 0f 8f f2  	addi	t5, t5, -216
800000e0: 63 03 0f 00  	beqz	t5, 0x800000e6 <trap_vector+0xe>
800000e4: 02 8f        	jr	t5
800000e6: 73 25 20 34  	csrr	a0, mcause
800000ea: 6f 00 60 01  	j	0x80000100 <_fail>
800000ee: 01 00        	nop

00000000800000f0 <_eoc>:
800000f0: 97 02 00 50  	auipc	t0, 327680
800000f4: 93 82 02 f1  	addi	t0, t0, -240
800000f8: 23 b0 a2 00  	sd	a0, 0(t0)
800000fc: 6f f0 5f ff  	j	0x800000f0 <_eoc>

0000000080000100 <_fail>:
80000100: 97 02 00 50  	auipc	t0, 327680
80000104: 93 82 02 f0  	addi	t0, t0, -256
80000108: 23 b0 a2 00  	sd	a0, 0(t0)
8000010c: 6f f0 5f fe  	j	0x800000f0 <_eoc>

0000000080000110 <main>:
80000110: 13 01 01 81  	addi	sp, sp, -2032
80000114: 23 34 11 7e  	sd	ra, 2024(sp)
80000118: 23 30 81 7e  	sd	s0, 2016(sp)
8000011c: 23 3c 91 7c  	sd	s1, 2008(sp)
80000120: 23 38 21 7d  	sd	s2, 2000(sp)
80000124: 23 34 31 7d  	sd	s3, 1992(sp)
80000128: 23 30 41 7d  	sd	s4, 1984(sp)
8000012c: 23 3c 51 7b  	sd	s5, 1976(sp)
80000130: 23 38 61 7b  	sd	s6, 1968(sp)
80000134: 09 65        	lui	a0, 2
80000136: 1b 05 05 46  	addiw	a0, a0, 1120
8000013a: 33 01 a1 40  	sub	sp, sp, a0
8000013e: 13 05 00 02  	li	a0, 32
80000142: 57 79 05 05  	vsetvli	s2, a0, e32, m1, ta, mu
80000146: 05 65        	lui	a0, 1
80000148: 9b 04 05 80  	addiw	s1, a0, -2048
8000014c: 09 65        	lui	a0, 2
8000014e: 1b 05 05 41  	addiw	a0, a0, 1040
80000152: 0a 95        	add	a0, a0, sp
80000154: 81 45        	li	a1, 0
80000156: 26 86        	mv	a2, s1
80000158: 97 30 00 00  	auipc	ra, 3
8000015c: e7 80 40 dd  	jalr	-556(ra)
80000160: 09 65        	lui	a0, 2
80000162: 1b 05 05 c1  	addiw	a0, a0, -1008
80000166: 0a 95        	add	a0, a0, sp
80000168: 81 45        	li	a1, 0
8000016a: 26 86        	mv	a2, s1
8000016c: 97 30 00 00  	auipc	ra, 3
80000170: e7 80 00 dc  	jalr	-576(ra)
80000174: 05 65        	lui	a0, 1
80000176: 1b 05 05 41  	addiw	a0, a0, 1040
8000017a: 0a 95        	add	a0, a0, sp
8000017c: 81 45        	li	a1, 0
8000017e: 26 86        	mv	a2, s1
80000180: 97 30 00 00  	auipc	ra, 3
80000184: e7 80 c0 da  	jalr	-596(ra)
80000188: 05 65        	lui	a0, 1
8000018a: 1b 05 05 c1  	addiw	a0, a0, -1008
8000018e: 0a 95        	add	a0, a0, sp
80000190: 81 45        	li	a1, 0
80000192: 26 86        	mv	a2, s1
80000194: 97 30 00 00  	auipc	ra, 3
80000198: e7 80 80 d9  	jalr	-616(ra)
8000019c: 05 65        	lui	a0, 1
8000019e: 1b 05 05 a1  	addiw	a0, a0, -1520
800001a2: 0a 95        	add	a0, a0, sp
800001a4: 13 06 00 20  	li	a2, 512
800001a8: 81 45        	li	a1, 0
800001aa: 97 30 00 00  	auipc	ra, 3
800001ae: e7 80 20 d8  	jalr	-638(ra)
800001b2: 05 65        	lui	a0, 1
800001b4: 1b 05 05 81  	addiw	a0, a0, -2032
800001b8: 0a 95        	add	a0, a0, sp
800001ba: 13 06 00 20  	li	a2, 512
800001be: 85 69        	lui	s3, 1
800001c0: 9b 89 09 81  	addiw	s3, s3, -2032
800001c4: 8a 99        	add	s3, s3, sp
800001c6: 81 45        	li	a1, 0
800001c8: 97 30 00 00  	auipc	ra, 3
800001cc: e7 80 40 d6  	jalr	-668(ra)
800001d0: 13 05 01 61  	addi	a0, sp, 1552
800001d4: 13 06 00 20  	li	a2, 512
800001d8: 81 45        	li	a1, 0
800001da: 97 30 00 00  	auipc	ra, 3
800001de: e7 80 20 d5  	jalr	-686(ra)
800001e2: 13 05 01 41  	addi	a0, sp, 1040
800001e6: 13 06 00 20  	li	a2, 512
800001ea: 13 0a 01 41  	addi	s4, sp, 1040
800001ee: 81 45        	li	a1, 0
800001f0: 97 30 00 00  	auipc	ra, 3
800001f4: e7 80 c0 d3  	jalr	-708(ra)
800001f8: 08 0c        	addi	a0, sp, 528
800001fa: 13 06 00 20  	li	a2, 512
800001fe: 81 45        	li	a1, 0
80000200: 97 30 00 00  	auipc	ra, 3
80000204: e7 80 c0 d2  	jalr	-724(ra)
80000208: 08 08        	addi	a0, sp, 16
8000020a: 13 06 00 20  	li	a2, 512
8000020e: 13 0b 01 01  	addi	s6, sp, 16
80000212: 81 45        	li	a1, 0
80000214: 97 30 00 00  	auipc	ra, 3
80000218: e7 80 80 d1  	jalr	-744(ra)
8000021c: 0f 00 f0 0f  	fence
80000220: 73 25 00 c0  	rdcycle	a0
80000224: 33 05 a0 40  	neg	a0, a0
80000228: 97 4a 00 00  	auipc	s5, 4
8000022c: 23 bc aa 58  	sd	a0, 1432(s5)
80000230: 17 35 00 00  	auipc	a0, 3
80000234: 93 04 05 16  	addi	s1, a0, 352
80000238: 17 45 00 00  	auipc	a0, 4
8000023c: 13 04 85 95  	addi	s0, a0, -1704
80000240: 17 45 00 00  	auipc	a0, 4
80000244: 13 05 05 56  	addi	a0, a0, 1376
80000248: 07 25 05 00  	flw	fa0, 0(a0)
8000024c: 11 45        	li	a0, 4
8000024e: 91 45        	li	a1, 4
80000250: 89 67        	lui	a5, 2
80000252: 9b 87 07 41  	addiw	a5, a5, 1040
80000256: 8a 97        	add	a5, a5, sp
80000258: 09 68        	lui	a6, 2
8000025a: 1b 08 08 c1  	addiw	a6, a6, -1008
8000025e: 0a 98        	add	a6, a6, sp
80000260: 4a 86        	mv	a2, s2
80000262: a6 86        	mv	a3, s1
80000264: 22 87        	mv	a4, s0
80000266: 97 10 00 00  	auipc	ra, 1
8000026a: e7 80 60 39  	jalr	918(ra)
8000026e: 11 45        	li	a0, 4
80000270: 91 45        	li	a1, 4
80000272: 89 66        	lui	a3, 2
80000274: 9b 86 06 41  	addiw	a3, a3, 1040
80000278: 8a 96        	add	a3, a3, sp
8000027a: 09 67        	lui	a4, 2
8000027c: 1b 07 07 c1  	addiw	a4, a4, -1008
80000280: 0a 97        	add	a4, a4, sp
80000282: 85 67        	lui	a5, 1
80000284: 9b 87 07 41  	addiw	a5, a5, 1040
80000288: 8a 97        	add	a5, a5, sp
8000028a: 05 68        	lui	a6, 1
8000028c: 1b 08 08 c1  	addiw	a6, a6, -1008
80000290: 0a 98        	add	a6, a6, sp
80000292: 4a 86        	mv	a2, s2
80000294: 97 00 00 00  	auipc	ra, 0
80000298: e7 80 00 12  	jalr	288(ra)
8000029c: 17 35 00 00  	auipc	a0, 3
800002a0: 93 07 45 cf  	addi	a5, a0, -780
800002a4: 17 35 00 00  	auipc	a0, 3
800002a8: 13 08 c5 ee  	addi	a6, a0, -276
800002ac: 11 45        	li	a0, 4
800002ae: 91 45        	li	a1, 4
800002b0: 85 68        	lui	a7, 1
800002b2: 9b 88 08 a1  	addiw	a7, a7, -1520
800002b6: 8a 98        	add	a7, a7, sp
800002b8: 4e e0        	sd	s3, 0(sp)
800002ba: 4a 86        	mv	a2, s2
800002bc: a6 86        	mv	a3, s1
800002be: 22 87        	mv	a4, s0
800002c0: 97 10 00 00  	auipc	ra, 1
800002c4: e7 80 60 a8  	jalr	-1402(ra)
800002c8: 11 45        	li	a0, 4
800002ca: 91 45        	li	a1, 4
800002cc: 85 66        	lui	a3, 1
800002ce: 9b 86 06 a1  	addiw	a3, a3, -1520
800002d2: 8a 96        	add	a3, a3, sp
800002d4: 05 67        	lui	a4, 1
800002d6: 1b 07 07 81  	addiw	a4, a4, -2032
800002da: 0a 97        	add	a4, a4, sp
800002dc: 85 67        	lui	a5, 1
800002de: 9b 87 07 41  	addiw	a5, a5, 1040
800002e2: 8a 97        	add	a5, a5, sp
800002e4: 05 68        	lui	a6, 1
800002e6: 1b 08 08 c1  	addiw	a6, a6, -1008
800002ea: 0a 98        	add	a6, a6, sp
800002ec: 93 08 01 61  	addi	a7, sp, 1552
800002f0: 52 e0        	sd	s4, 0(sp)
800002f2: 4a 86        	mv	a2, s2
800002f4: 97 10 00 00  	auipc	ra, 1
800002f8: e7 80 00 10  	jalr	256(ra)
800002fc: 11 45        	li	a0, 4
800002fe: 91 45        	li	a1, 4
80000300: 93 06 01 61  	addi	a3, sp, 1552
80000304: 13 07 01 41  	addi	a4, sp, 1040
80000308: 85 67        	lui	a5, 1
8000030a: 9b 87 07 41  	addiw	a5, a5, 1040
8000030e: 8a 97        	add	a5, a5, sp
80000310: 05 68        	lui	a6, 1
80000312: 1b 08 08 c1  	addiw	a6, a6, -1008
80000316: 0a 98        	add	a6, a6, sp
80000318: 93 08 01 21  	addi	a7, sp, 528
8000031c: 5a e0        	sd	s6, 0(sp)
8000031e: 4a 86        	mv	a2, s2
80000320: 97 10 00 00  	auipc	ra, 1
80000324: e7 80 20 e4  	jalr	-446(ra)
80000328: 0f 00 f0 0f  	fence
8000032c: 73 24 00 c0  	rdcycle	s0
80000330: 03 b5 8a 59  	ld	a0, 1432(s5)
80000334: 2a 94        	add	s0, s0, a0
80000336: 23 bc 8a 58  	sd	s0, 1432(s5)
8000033a: 17 45 00 00  	auipc	a0, 4
8000033e: 13 05 65 05  	addi	a0, a0, 86
80000342: 93 05 00 02  	li	a1, 32
80000346: 97 20 00 00  	auipc	ra, 2
8000034a: e7 80 c0 da  	jalr	-596(ra)
8000034e: 17 45 00 00  	auipc	a0, 4
80000352: 13 05 b5 07  	addi	a0, a0, 123
80000356: 91 45        	li	a1, 4
80000358: 97 20 00 00  	auipc	ra, 2
8000035c: e7 80 a0 d9  	jalr	-614(ra)
80000360: 17 45 00 00  	auipc	a0, 4
80000364: 13 05 d5 03  	addi	a0, a0, 61
80000368: e5 45        	li	a1, 25
8000036a: 97 20 00 00  	auipc	ra, 2
8000036e: e7 80 80 d8  	jalr	-632(ra)
80000372: 17 45 00 00  	auipc	a0, 4
80000376: 13 05 85 03  	addi	a0, a0, 56
8000037a: a2 85        	mv	a1, s0
8000037c: 97 20 00 00  	auipc	ra, 2
80000380: e7 80 60 d7  	jalr	-650(ra)
80000384: 01 45        	li	a0, 0
80000386: 89 65        	lui	a1, 2
80000388: 9b 85 05 46  	addiw	a1, a1, 1120
8000038c: 2e 91        	add	sp, sp, a1
8000038e: 83 30 81 7e  	ld	ra, 2024(sp)
80000392: 03 34 01 7e  	ld	s0, 2016(sp)
80000396: 83 34 81 7d  	ld	s1, 2008(sp)
8000039a: 03 39 01 7d  	ld	s2, 2000(sp)
8000039e: 83 39 81 7c  	ld	s3, 1992(sp)
800003a2: 03 3a 01 7c  	ld	s4, 1984(sp)
800003a6: 83 3a 81 7b  	ld	s5, 1976(sp)
800003aa: 03 3b 01 7b  	ld	s6, 1968(sp)
800003ae: 13 01 01 7f  	addi	sp, sp, 2032
800003b2: 82 80        	ret

00000000800003b4 <v_LL_decomp_f32>:
800003b4: 75 71        	addi	sp, sp, -144
800003b6: 06 e5        	sd	ra, 136(sp)
800003b8: 22 e1        	sd	s0, 128(sp)
800003ba: a6 fc        	sd	s1, 120(sp)
800003bc: ca f8        	sd	s2, 112(sp)
800003be: ce f4        	sd	s3, 104(sp)
800003c0: d2 f0        	sd	s4, 96(sp)
800003c2: d6 ec        	sd	s5, 88(sp)
800003c4: da e8        	sd	s6, 80(sp)
800003c6: de e4        	sd	s7, 72(sp)
800003c8: e2 e0        	sd	s8, 64(sp)
800003ca: 66 fc        	sd	s9, 56(sp)
800003cc: 6a f8        	sd	s10, 48(sp)
800003ce: 6e f4        	sd	s11, 40(sp)
800003d0: 73 25 20 c2  	csrr	a0, vlenb
800003d4: e9 48        	li	a7, 26
800003d6: 33 05 15 03  	mul	a0, a0, a7
800003da: 33 01 a1 40  	sub	sp, sp, a0
800003de: 32 84        	mv	s0, a2
800003e0: 57 70 06 0d  	vsetvli	zero, a2, e32, m1, ta, ma
800003e4: 07 e4 06 02  	vle32.v	v8, (a3)
800003e8: b3 04 b6 02  	mul	s1, a2, a1
800003ec: d7 14 82 4e  	vfrsqrt7.v	v9, v8
800003f0: 57 94 84 92  	vfmul.vv	v8, v8, v9
800003f4: 27 e4 07 02  	vse32.v	v8, (a5)
800003f8: 13 95 24 00  	slli	a0, s1, 2
800003fc: 33 86 a6 00  	add	a2, a3, a0
80000400: 07 64 06 02  	vle32.v	v8, (a2)
80000404: b3 05 a7 00  	add	a1, a4, a0
80000408: 07 e5 05 02  	vle32.v	v10, (a1)
8000040c: d7 95 84 92  	vfmul.vv	v11, v8, v9
80000410: 57 96 a4 92  	vfmul.vv	v12, v10, v9
80000414: 33 8d a7 00  	add	s10, a5, a0
80000418: a7 65 0d 02  	vse32.v	v11, (s10)
8000041c: 57 84 05 5e  	vmv.v.v	v8, v11
80000420: f3 25 20 c2  	csrr	a1, vlenb
80000424: 93 98 35 00  	slli	a7, a1, 3
80000428: b3 85 b8 40  	sub	a1, a7, a1
8000042c: 8a 95        	add	a1, a1, sp
8000042e: 93 85 05 02  	addi	a1, a1, 32
80000432: a7 85 85 02  	vs1r.v	v11, (a1)
80000436: 42 95        	add	a0, a0, a6
80000438: 27 66 05 02  	vse32.v	v12, (a0)
8000043c: 93 9c 34 00  	slli	s9, s1, 3
80000440: 33 8c 96 01  	add	s8, a3, s9
80000444: 07 65 0c 02  	vle32.v	v10, (s8)
80000448: b3 0d 97 01  	add	s11, a4, s9
8000044c: 87 e5 0d 02  	vle32.v	v11, (s11)
80000450: 57 95 a4 92  	vfmul.vv	v10, v10, v9
80000454: 73 25 20 c2  	csrr	a0, vlenb
80000458: 0e 05        	slli	a0, a0, 3
8000045a: 0a 95        	add	a0, a0, sp
8000045c: 13 05 05 02  	addi	a0, a0, 32
80000460: 27 05 85 02  	vs1r.v	v10, (a0)
80000464: d7 95 b4 92  	vfmul.vv	v11, v11, v9
80000468: 73 25 20 c2  	csrr	a0, vlenb
8000046c: 0a 05        	slli	a0, a0, 2
8000046e: 0a 95        	add	a0, a0, sp
80000470: 13 05 05 02  	addi	a0, a0, 32
80000474: a7 05 85 02  	vs1r.v	v11, (a0)
80000478: 33 8b 97 01  	add	s6, a5, s9
8000047c: 27 65 0b 02  	vse32.v	v10, (s6)
80000480: c2 9c        	add	s9, s9, a6
80000482: a7 e5 0c 02  	vse32.v	v11, (s9)
80000486: 31 45        	li	a0, 12
80000488: 33 8a a4 02  	mul	s4, s1, a0
8000048c: b3 8a 46 01  	add	s5, a3, s4
80000490: 07 e5 0a 02  	vle32.v	v10, (s5)
80000494: b3 0b 47 01  	add	s7, a4, s4
80000498: 87 e5 0b 02  	vle32.v	v11, (s7)
8000049c: 57 95 a4 92  	vfmul.vv	v10, v10, v9
800004a0: 73 25 20 c2  	csrr	a0, vlenb
800004a4: a9 45        	li	a1, 10
800004a6: 33 05 b5 02  	mul	a0, a0, a1
800004aa: 0a 95        	add	a0, a0, sp
800004ac: 13 05 05 02  	addi	a0, a0, 32
800004b0: 27 05 85 02  	vs1r.v	v10, (a0)
800004b4: d7 94 b4 92  	vfmul.vv	v9, v11, v9
800004b8: 73 25 20 c2  	csrr	a0, vlenb
800004bc: 93 15 35 00  	slli	a1, a0, 3
800004c0: 2e 95        	add	a0, a0, a1
800004c2: 0a 95        	add	a0, a0, sp
800004c4: 13 05 05 02  	addi	a0, a0, 32
800004c8: a7 04 85 02  	vs1r.v	v9, (a0)
800004cc: b3 89 47 01  	add	s3, a5, s4
800004d0: 27 e5 09 02  	vse32.v	v10, (s3)
800004d4: 42 9a        	add	s4, s4, a6
800004d6: a7 64 0a 02  	vse32.v	v9, (s4)
800004da: 93 14 24 00  	slli	s1, s0, 2
800004de: 26 96        	add	a2, a2, s1
800004e0: 87 64 06 02  	vle32.v	v9, (a2)
800004e4: 73 25 20 c2  	csrr	a0, vlenb
800004e8: 93 15 25 00  	slli	a1, a0, 2
800004ec: 2e 95        	add	a0, a0, a1
800004ee: 0a 95        	add	a0, a0, sp
800004f0: 13 05 05 02  	addi	a0, a0, 32
800004f4: a7 04 85 02  	vs1r.v	v9, (a0)
800004f8: d7 14 c6 26  	vfneg.v	v9, v12
800004fc: 73 25 20 c2  	csrr	a0, vlenb
80000500: 99 45        	li	a1, 6
80000502: 33 05 b5 02  	mul	a0, a0, a1
80000506: 0a 95        	add	a0, a0, sp
80000508: 13 05 05 02  	addi	a0, a0, 32
8000050c: a7 04 85 02  	vs1r.v	v9, (a0)
80000510: 73 25 20 c2  	csrr	a0, vlenb
80000514: e1 45        	li	a1, 24
80000516: 33 05 b5 02  	mul	a0, a0, a1
8000051a: 0a 95        	add	a0, a0, sp
8000051c: 13 05 05 02  	addi	a0, a0, 32
80000520: 73 29 20 c2  	csrr	s2, vlenb
80000524: e1 45        	li	a1, 24
80000526: 33 09 b9 02  	mul	s2, s2, a1
8000052a: 0a 99        	add	s2, s2, sp
8000052c: 13 09 09 02  	addi	s2, s2, 32
80000530: a2 85        	mv	a1, s0
80000532: 97 10 00 00  	auipc	ra, 1
80000536: e7 80 40 0b  	jalr	180(ra)
8000053a: 07 64 89 02  	vl1re32.v	v8, (s2)
8000053e: 57 70 04 0d  	vsetvli	zero, s0, e32, m1, ta, ma
80000542: 73 25 20 c2  	csrr	a0, vlenb
80000546: 93 15 25 00  	slli	a1, a0, 2
8000054a: 2e 95        	add	a0, a0, a1
8000054c: 0a 95        	add	a0, a0, sp
8000054e: 13 05 05 02  	addi	a0, a0, 32
80000552: 87 04 85 02  	vl1r.v	v9, (a0)
80000556: 57 14 94 0a  	vfsub.vv	v8, v9, v8
8000055a: d7 14 82 4e  	vfrsqrt7.v	v9, v8
8000055e: 73 25 20 c2  	csrr	a0, vlenb
80000562: 93 15 15 00  	slli	a1, a0, 1
80000566: 2e 95        	add	a0, a0, a1
80000568: 0a 95        	add	a0, a0, sp
8000056a: 13 05 05 02  	addi	a0, a0, 32
8000056e: a7 04 85 02  	vs1r.v	v9, (a0)
80000572: 57 94 84 92  	vfmul.vv	v8, v8, v9
80000576: 26 9d        	add	s10, s10, s1
80000578: 27 64 0d 02  	vse32.v	v8, (s10)
8000057c: 33 05 9c 00  	add	a0, s8, s1
80000580: 07 64 05 02  	vle32.v	v8, (a0)
80000584: 73 25 20 c2  	csrr	a0, vlenb
80000588: 93 15 25 00  	slli	a1, a0, 2
8000058c: 2e 95        	add	a0, a0, a1
8000058e: 0a 95        	add	a0, a0, sp
80000590: 13 05 05 02  	addi	a0, a0, 32
80000594: 27 04 85 02  	vs1r.v	v8, (a0)
80000598: a6 9d        	add	s11, s11, s1
8000059a: 07 e4 0d 02  	vle32.v	v8, (s11)
8000059e: 73 25 20 c2  	csrr	a0, vlenb
800005a2: 06 05        	slli	a0, a0, 1
800005a4: 0a 95        	add	a0, a0, sp
800005a6: 13 05 05 02  	addi	a0, a0, 32
800005aa: 27 04 85 02  	vs1r.v	v8, (a0)
800005ae: 73 29 20 c2  	csrr	s2, vlenb
800005b2: 5d 45        	li	a0, 23
800005b4: 33 09 a9 02  	mul	s2, s2, a0
800005b8: 0a 99        	add	s2, s2, sp
800005ba: 13 09 09 02  	addi	s2, s2, 32
800005be: 73 25 20 c2  	csrr	a0, vlenb
800005c2: dd 45        	li	a1, 23
800005c4: 33 05 b5 02  	mul	a0, a0, a1
800005c8: 0a 95        	add	a0, a0, sp
800005ca: 13 05 05 02  	addi	a0, a0, 32
800005ce: f3 25 20 c2  	csrr	a1, vlenb
800005d2: 59 46        	li	a2, 22
800005d4: b3 85 c5 02  	mul	a1, a1, a2
800005d8: 8a 95        	add	a1, a1, sp
800005da: 93 85 05 02  	addi	a1, a1, 32
800005de: 73 2d 20 c2  	csrr	s10, vlenb
800005e2: 59 46        	li	a2, 22
800005e4: 33 0d cd 02  	mul	s10, s10, a2
800005e8: 0a 9d        	add	s10, s10, sp
800005ea: 13 0d 0d 02  	addi	s10, s10, 32
800005ee: 73 26 20 c2  	csrr	a2, vlenb
800005f2: 0e 06        	slli	a2, a2, 3
800005f4: 0a 96        	add	a2, a2, sp
800005f6: 13 06 06 02  	addi	a2, a2, 32
800005fa: 07 04 86 02  	vl1r.v	v8, (a2)
800005fe: 73 26 20 c2  	csrr	a2, vlenb
80000602: 0a 06        	slli	a2, a2, 2
80000604: 0a 96        	add	a2, a2, sp
80000606: 13 06 06 02  	addi	a2, a2, 32
8000060a: 87 04 86 02  	vl1r.v	v9, (a2)
8000060e: 73 26 20 c2  	csrr	a2, vlenb
80000612: 93 16 36 00  	slli	a3, a2, 3
80000616: 33 86 c6 40  	sub	a2, a3, a2
8000061a: 0a 96        	add	a2, a2, sp
8000061c: 13 06 06 02  	addi	a2, a2, 32
80000620: 07 05 86 02  	vl1r.v	v10, (a2)
80000624: 73 26 20 c2  	csrr	a2, vlenb
80000628: 99 46        	li	a3, 6
8000062a: 33 06 d6 02  	mul	a2, a2, a3
8000062e: 0a 96        	add	a2, a2, sp
80000630: 13 06 06 02  	addi	a2, a2, 32
80000634: 87 05 86 02  	vl1r.v	v11, (a2)
80000638: 22 86        	mv	a2, s0
8000063a: 97 10 00 00  	auipc	ra, 1
8000063e: e7 80 a0 d5  	jalr	-678(ra)
80000642: 07 64 89 02  	vl1re32.v	v8, (s2)
80000646: 57 70 04 0d  	vsetvli	zero, s0, e32, m1, ta, ma
8000064a: 87 64 8d 02  	vl1re32.v	v9, (s10)
8000064e: 73 25 20 c2  	csrr	a0, vlenb
80000652: 93 15 25 00  	slli	a1, a0, 2
80000656: 2e 95        	add	a0, a0, a1
80000658: 0a 95        	add	a0, a0, sp
8000065a: 13 05 05 02  	addi	a0, a0, 32
8000065e: 07 05 85 02  	vl1r.v	v10, (a0)
80000662: 57 14 a4 0a  	vfsub.vv	v8, v10, v8
80000666: 73 25 20 c2  	csrr	a0, vlenb
8000066a: 06 05        	slli	a0, a0, 1
8000066c: 0a 95        	add	a0, a0, sp
8000066e: 13 05 05 02  	addi	a0, a0, 32
80000672: 07 05 85 02  	vl1r.v	v10, (a0)
80000676: d7 94 a4 0a  	vfsub.vv	v9, v10, v9
8000067a: 73 25 20 c2  	csrr	a0, vlenb
8000067e: 93 15 15 00  	slli	a1, a0, 1
80000682: 2e 95        	add	a0, a0, a1
80000684: 0a 95        	add	a0, a0, sp
80000686: 13 05 05 02  	addi	a0, a0, 32
8000068a: 07 05 85 02  	vl1r.v	v10, (a0)
8000068e: 57 14 85 92  	vfmul.vv	v8, v8, v10
80000692: 73 25 20 c2  	csrr	a0, vlenb
80000696: 93 15 25 00  	slli	a1, a0, 2
8000069a: 2e 95        	add	a0, a0, a1
8000069c: 0a 95        	add	a0, a0, sp
8000069e: 13 05 05 02  	addi	a0, a0, 32
800006a2: 27 04 85 02  	vs1r.v	v8, (a0)
800006a6: d7 14 95 92  	vfmul.vv	v9, v9, v10
800006aa: 73 25 20 c2  	csrr	a0, vlenb
800006ae: 0a 95        	add	a0, a0, sp
800006b0: 13 05 05 02  	addi	a0, a0, 32
800006b4: a7 04 85 02  	vs1r.v	v9, (a0)
800006b8: 33 05 9b 00  	add	a0, s6, s1
800006bc: 27 64 05 02  	vse32.v	v8, (a0)
800006c0: a6 9c        	add	s9, s9, s1
800006c2: a7 e4 0c 02  	vse32.v	v9, (s9)
800006c6: 33 85 9a 00  	add	a0, s5, s1
800006ca: 07 64 05 02  	vle32.v	v8, (a0)
800006ce: 73 25 20 c2  	csrr	a0, vlenb
800006d2: 06 05        	slli	a0, a0, 1
800006d4: 0a 95        	add	a0, a0, sp
800006d6: 13 05 05 02  	addi	a0, a0, 32
800006da: 27 04 85 02  	vs1r.v	v8, (a0)
800006de: 33 85 9b 00  	add	a0, s7, s1
800006e2: 07 64 05 02  	vle32.v	v8, (a0)
800006e6: 08 10        	addi	a0, sp, 32
800006e8: 27 04 85 02  	vs1r.v	v8, (a0)
800006ec: 73 29 20 c2  	csrr	s2, vlenb
800006f0: 55 45        	li	a0, 21
800006f2: 33 09 a9 02  	mul	s2, s2, a0
800006f6: 0a 99        	add	s2, s2, sp
800006f8: 13 09 09 02  	addi	s2, s2, 32
800006fc: 73 25 20 c2  	csrr	a0, vlenb
80000700: d5 45        	li	a1, 21
80000702: 33 05 b5 02  	mul	a0, a0, a1
80000706: 0a 95        	add	a0, a0, sp
80000708: 13 05 05 02  	addi	a0, a0, 32
8000070c: f3 25 20 c2  	csrr	a1, vlenb
80000710: 51 46        	li	a2, 20
80000712: b3 85 c5 02  	mul	a1, a1, a2
80000716: 8a 95        	add	a1, a1, sp
80000718: 93 85 05 02  	addi	a1, a1, 32
8000071c: f3 2c 20 c2  	csrr	s9, vlenb
80000720: 51 46        	li	a2, 20
80000722: b3 8c cc 02  	mul	s9, s9, a2
80000726: 8a 9c        	add	s9, s9, sp
80000728: 93 8c 0c 02  	addi	s9, s9, 32
8000072c: 73 26 20 c2  	csrr	a2, vlenb
80000730: a9 46        	li	a3, 10
80000732: 33 06 d6 02  	mul	a2, a2, a3
80000736: 0a 96        	add	a2, a2, sp
80000738: 13 06 06 02  	addi	a2, a2, 32
8000073c: 07 04 86 02  	vl1r.v	v8, (a2)
80000740: 73 26 20 c2  	csrr	a2, vlenb
80000744: 93 16 36 00  	slli	a3, a2, 3
80000748: 36 96        	add	a2, a2, a3
8000074a: 0a 96        	add	a2, a2, sp
8000074c: 13 06 06 02  	addi	a2, a2, 32
80000750: 87 04 86 02  	vl1r.v	v9, (a2)
80000754: 73 26 20 c2  	csrr	a2, vlenb
80000758: 93 16 36 00  	slli	a3, a2, 3
8000075c: 33 86 c6 40  	sub	a2, a3, a2
80000760: 0a 96        	add	a2, a2, sp
80000762: 13 06 06 02  	addi	a2, a2, 32
80000766: 07 05 86 02  	vl1r.v	v10, (a2)
8000076a: 73 26 20 c2  	csrr	a2, vlenb
8000076e: 99 46        	li	a3, 6
80000770: 33 06 d6 02  	mul	a2, a2, a3
80000774: 0a 96        	add	a2, a2, sp
80000776: 13 06 06 02  	addi	a2, a2, 32
8000077a: 87 05 86 02  	vl1r.v	v11, (a2)
8000077e: 22 86        	mv	a2, s0
80000780: 97 10 00 00  	auipc	ra, 1
80000784: e7 80 40 c1  	jalr	-1004(ra)
80000788: 07 64 89 02  	vl1re32.v	v8, (s2)
8000078c: 57 70 04 0d  	vsetvli	zero, s0, e32, m1, ta, ma
80000790: 87 e4 8c 02  	vl1re32.v	v9, (s9)
80000794: 73 25 20 c2  	csrr	a0, vlenb
80000798: 06 05        	slli	a0, a0, 1
8000079a: 0a 95        	add	a0, a0, sp
8000079c: 13 05 05 02  	addi	a0, a0, 32
800007a0: 07 05 85 02  	vl1r.v	v10, (a0)
800007a4: 57 14 a4 0a  	vfsub.vv	v8, v10, v8
800007a8: 08 10        	addi	a0, sp, 32
800007aa: 07 05 85 02  	vl1r.v	v10, (a0)
800007ae: d7 94 a4 0a  	vfsub.vv	v9, v10, v9
800007b2: 73 25 20 c2  	csrr	a0, vlenb
800007b6: 93 15 15 00  	slli	a1, a0, 1
800007ba: 2e 95        	add	a0, a0, a1
800007bc: 0a 95        	add	a0, a0, sp
800007be: 13 05 05 02  	addi	a0, a0, 32
800007c2: 07 05 85 02  	vl1r.v	v10, (a0)
800007c6: 57 14 85 92  	vfmul.vv	v8, v8, v10
800007ca: 73 25 20 c2  	csrr	a0, vlenb
800007ce: 93 15 35 00  	slli	a1, a0, 3
800007d2: 33 85 a5 40  	sub	a0, a1, a0
800007d6: 0a 95        	add	a0, a0, sp
800007d8: 13 05 05 02  	addi	a0, a0, 32
800007dc: 27 04 85 02  	vs1r.v	v8, (a0)
800007e0: d7 14 95 92  	vfmul.vv	v9, v9, v10
800007e4: 73 25 20 c2  	csrr	a0, vlenb
800007e8: 99 45        	li	a1, 6
800007ea: 33 05 b5 02  	mul	a0, a0, a1
800007ee: 0a 95        	add	a0, a0, sp
800007f0: 13 05 05 02  	addi	a0, a0, 32
800007f4: a7 04 85 02  	vs1r.v	v9, (a0)
800007f8: 33 85 99 00  	add	a0, s3, s1
800007fc: 27 64 05 02  	vse32.v	v8, (a0)
80000800: d2 94        	add	s1, s1, s4
80000802: a7 e4 04 02  	vse32.v	v9, (s1)
80000806: 93 14 34 00  	slli	s1, s0, 3
8000080a: 26 9c        	add	s8, s8, s1
8000080c: 07 64 0c 02  	vle32.v	v8, (s8)
80000810: 73 25 20 c2  	csrr	a0, vlenb
80000814: 93 15 15 00  	slli	a1, a0, 1
80000818: 2e 95        	add	a0, a0, a1
8000081a: 0a 95        	add	a0, a0, sp
8000081c: 13 05 05 02  	addi	a0, a0, 32
80000820: 27 04 85 02  	vs1r.v	v8, (a0)
80000824: 73 25 20 c2  	csrr	a0, vlenb
80000828: 0a 05        	slli	a0, a0, 2
8000082a: 0a 95        	add	a0, a0, sp
8000082c: 13 05 05 02  	addi	a0, a0, 32
80000830: 07 04 85 02  	vl1r.v	v8, (a0)
80000834: d7 14 84 26  	vfneg.v	v9, v8
80000838: 73 25 20 c2  	csrr	a0, vlenb
8000083c: 06 05        	slli	a0, a0, 1
8000083e: 0a 95        	add	a0, a0, sp
80000840: 13 05 05 02  	addi	a0, a0, 32
80000844: a7 04 85 02  	vs1r.v	v9, (a0)
80000848: 73 25 20 c2  	csrr	a0, vlenb
8000084c: 0a 95        	add	a0, a0, sp
8000084e: 13 05 05 02  	addi	a0, a0, 32
80000852: 07 04 85 02  	vl1r.v	v8, (a0)
80000856: 57 14 84 26  	vfneg.v	v8, v8
8000085a: 73 25 20 c2  	csrr	a0, vlenb
8000085e: 0a 05        	slli	a0, a0, 2
80000860: 0a 95        	add	a0, a0, sp
80000862: 13 05 05 02  	addi	a0, a0, 32
80000866: 27 04 85 02  	vs1r.v	v8, (a0)
8000086a: 73 25 20 c2  	csrr	a0, vlenb
8000086e: cd 45        	li	a1, 19
80000870: 33 05 b5 02  	mul	a0, a0, a1
80000874: 0a 95        	add	a0, a0, sp
80000876: 13 05 05 02  	addi	a0, a0, 32
8000087a: 73 29 20 c2  	csrr	s2, vlenb
8000087e: cd 45        	li	a1, 19
80000880: 33 09 b9 02  	mul	s2, s2, a1
80000884: 0a 99        	add	s2, s2, sp
80000886: 13 09 09 02  	addi	s2, s2, 32
8000088a: f3 25 20 c2  	csrr	a1, vlenb
8000088e: 8e 05        	slli	a1, a1, 3
80000890: 8a 95        	add	a1, a1, sp
80000892: 93 85 05 02  	addi	a1, a1, 32
80000896: 07 84 85 02  	vl1r.v	v8, (a1)
8000089a: a2 85        	mv	a1, s0
8000089c: 97 10 00 00  	auipc	ra, 1
800008a0: e7 80 a0 d4  	jalr	-694(ra)
800008a4: 07 64 89 02  	vl1re32.v	v8, (s2)
800008a8: 57 70 04 0d  	vsetvli	zero, s0, e32, m1, ta, ma
800008ac: 73 25 20 c2  	csrr	a0, vlenb
800008b0: 93 15 15 00  	slli	a1, a0, 1
800008b4: 2e 95        	add	a0, a0, a1
800008b6: 0a 95        	add	a0, a0, sp
800008b8: 13 05 05 02  	addi	a0, a0, 32
800008bc: 87 04 85 02  	vl1r.v	v9, (a0)
800008c0: 57 14 94 0a  	vfsub.vv	v8, v9, v8
800008c4: 73 25 20 c2  	csrr	a0, vlenb
800008c8: 93 15 15 00  	slli	a1, a0, 1
800008cc: 2e 95        	add	a0, a0, a1
800008ce: 0a 95        	add	a0, a0, sp
800008d0: 13 05 05 02  	addi	a0, a0, 32
800008d4: 27 04 85 02  	vs1r.v	v8, (a0)
800008d8: 73 25 20 c2  	csrr	a0, vlenb
800008dc: c9 45        	li	a1, 18
800008de: 33 05 b5 02  	mul	a0, a0, a1
800008e2: 0a 95        	add	a0, a0, sp
800008e4: 13 05 05 02  	addi	a0, a0, 32
800008e8: 73 29 20 c2  	csrr	s2, vlenb
800008ec: c9 45        	li	a1, 18
800008ee: 33 09 b9 02  	mul	s2, s2, a1
800008f2: 0a 99        	add	s2, s2, sp
800008f4: 13 09 09 02  	addi	s2, s2, 32
800008f8: f3 25 20 c2  	csrr	a1, vlenb
800008fc: 13 96 25 00  	slli	a2, a1, 2
80000900: b2 95        	add	a1, a1, a2
80000902: 8a 95        	add	a1, a1, sp
80000904: 93 85 05 02  	addi	a1, a1, 32
80000908: 07 84 85 02  	vl1r.v	v8, (a1)
8000090c: f3 25 20 c2  	csrr	a1, vlenb
80000910: 8a 05        	slli	a1, a1, 2
80000912: 8a 95        	add	a1, a1, sp
80000914: 93 85 05 02  	addi	a1, a1, 32
80000918: 87 84 85 02  	vl1r.v	v9, (a1)
8000091c: a2 85        	mv	a1, s0
8000091e: 97 10 00 00  	auipc	ra, 1
80000922: e7 80 80 cc  	jalr	-824(ra)
80000926: 07 64 89 02  	vl1re32.v	v8, (s2)
8000092a: 57 70 04 0d  	vsetvli	zero, s0, e32, m1, ta, ma
8000092e: 73 25 20 c2  	csrr	a0, vlenb
80000932: 93 15 15 00  	slli	a1, a0, 1
80000936: 2e 95        	add	a0, a0, a1
80000938: 0a 95        	add	a0, a0, sp
8000093a: 13 05 05 02  	addi	a0, a0, 32
8000093e: 87 04 85 02  	vl1r.v	v9, (a0)
80000942: 57 14 94 0a  	vfsub.vv	v8, v9, v8
80000946: d7 14 82 4e  	vfrsqrt7.v	v9, v8
8000094a: 73 25 20 c2  	csrr	a0, vlenb
8000094e: 93 15 15 00  	slli	a1, a0, 1
80000952: 2e 95        	add	a0, a0, a1
80000954: 0a 95        	add	a0, a0, sp
80000956: 13 05 05 02  	addi	a0, a0, 32
8000095a: a7 04 85 02  	vs1r.v	v9, (a0)
8000095e: 57 94 84 92  	vfmul.vv	v8, v8, v9
80000962: 26 9b        	add	s6, s6, s1
80000964: 27 64 0b 02  	vse32.v	v8, (s6)
80000968: 33 85 9a 00  	add	a0, s5, s1
8000096c: 07 64 05 02  	vle32.v	v8, (a0)
80000970: 73 25 20 c2  	csrr	a0, vlenb
80000974: 0a 95        	add	a0, a0, sp
80000976: 13 05 05 02  	addi	a0, a0, 32
8000097a: 27 04 85 02  	vs1r.v	v8, (a0)
8000097e: a6 9b        	add	s7, s7, s1
80000980: 07 e4 0b 02  	vle32.v	v8, (s7)
80000984: 08 10        	addi	a0, sp, 32
80000986: 27 04 85 02  	vs1r.v	v8, (a0)
8000098a: 73 29 20 c2  	csrr	s2, vlenb
8000098e: 13 15 49 00  	slli	a0, s2, 4
80000992: 2a 99        	add	s2, s2, a0
80000994: 0a 99        	add	s2, s2, sp
80000996: 13 09 09 02  	addi	s2, s2, 32
8000099a: 73 25 20 c2  	csrr	a0, vlenb
8000099e: 93 15 45 00  	slli	a1, a0, 4
800009a2: 2e 95        	add	a0, a0, a1
800009a4: 0a 95        	add	a0, a0, sp
800009a6: 13 05 05 02  	addi	a0, a0, 32
800009aa: f3 25 20 c2  	csrr	a1, vlenb
800009ae: 92 05        	slli	a1, a1, 4
800009b0: 8a 95        	add	a1, a1, sp
800009b2: 93 85 05 02  	addi	a1, a1, 32
800009b6: 73 2b 20 c2  	csrr	s6, vlenb
800009ba: 12 0b        	slli	s6, s6, 4
800009bc: 0a 9b        	add	s6, s6, sp
800009be: 13 0b 0b 02  	addi	s6, s6, 32
800009c2: 73 26 20 c2  	csrr	a2, vlenb
800009c6: a9 46        	li	a3, 10
800009c8: 33 06 d6 02  	mul	a2, a2, a3
800009cc: 0a 96        	add	a2, a2, sp
800009ce: 13 06 06 02  	addi	a2, a2, 32
800009d2: 07 04 86 02  	vl1r.v	v8, (a2)
800009d6: 73 26 20 c2  	csrr	a2, vlenb
800009da: 93 16 36 00  	slli	a3, a2, 3
800009de: 36 96        	add	a2, a2, a3
800009e0: 0a 96        	add	a2, a2, sp
800009e2: 13 06 06 02  	addi	a2, a2, 32
800009e6: 87 04 86 02  	vl1r.v	v9, (a2)
800009ea: 73 26 20 c2  	csrr	a2, vlenb
800009ee: 0e 06        	slli	a2, a2, 3
800009f0: 0a 96        	add	a2, a2, sp
800009f2: 13 06 06 02  	addi	a2, a2, 32
800009f6: 07 05 86 02  	vl1r.v	v10, (a2)
800009fa: 73 26 20 c2  	csrr	a2, vlenb
800009fe: 06 06        	slli	a2, a2, 1
80000a00: 0a 96        	add	a2, a2, sp
80000a02: 13 06 06 02  	addi	a2, a2, 32
80000a06: 87 05 86 02  	vl1r.v	v11, (a2)
80000a0a: 22 86        	mv	a2, s0
80000a0c: 97 10 00 00  	auipc	ra, 1
80000a10: e7 80 80 98  	jalr	-1656(ra)
80000a14: 07 64 89 02  	vl1re32.v	v8, (s2)
80000a18: 57 70 04 0d  	vsetvli	zero, s0, e32, m1, ta, ma
80000a1c: 87 64 8b 02  	vl1re32.v	v9, (s6)
80000a20: 73 25 20 c2  	csrr	a0, vlenb
80000a24: 0a 95        	add	a0, a0, sp
80000a26: 13 05 05 02  	addi	a0, a0, 32
80000a2a: 07 05 85 02  	vl1r.v	v10, (a0)
80000a2e: 57 14 a4 0a  	vfsub.vv	v8, v10, v8
80000a32: 73 25 20 c2  	csrr	a0, vlenb
80000a36: 0e 05        	slli	a0, a0, 3
80000a38: 0a 95        	add	a0, a0, sp
80000a3a: 13 05 05 02  	addi	a0, a0, 32
80000a3e: 27 04 85 02  	vs1r.v	v8, (a0)
80000a42: 08 10        	addi	a0, sp, 32
80000a44: 07 04 85 02  	vl1r.v	v8, (a0)
80000a48: 57 94 84 0a  	vfsub.vv	v8, v8, v9
80000a4c: 73 25 20 c2  	csrr	a0, vlenb
80000a50: 06 05        	slli	a0, a0, 1
80000a52: 0a 95        	add	a0, a0, sp
80000a54: 13 05 05 02  	addi	a0, a0, 32
80000a58: 27 04 85 02  	vs1r.v	v8, (a0)
80000a5c: 73 29 20 c2  	csrr	s2, vlenb
80000a60: 13 15 49 00  	slli	a0, s2, 4
80000a64: 33 09 25 41  	sub	s2, a0, s2
80000a68: 0a 99        	add	s2, s2, sp
80000a6a: 13 09 09 02  	addi	s2, s2, 32
80000a6e: 73 25 20 c2  	csrr	a0, vlenb
80000a72: 93 15 45 00  	slli	a1, a0, 4
80000a76: 33 85 a5 40  	sub	a0, a1, a0
80000a7a: 0a 95        	add	a0, a0, sp
80000a7c: 13 05 05 02  	addi	a0, a0, 32
80000a80: f3 25 20 c2  	csrr	a1, vlenb
80000a84: 39 46        	li	a2, 14
80000a86: b3 85 c5 02  	mul	a1, a1, a2
80000a8a: 8a 95        	add	a1, a1, sp
80000a8c: 93 85 05 02  	addi	a1, a1, 32
80000a90: 73 2b 20 c2  	csrr	s6, vlenb
80000a94: 39 46        	li	a2, 14
80000a96: 33 0b cb 02  	mul	s6, s6, a2
80000a9a: 0a 9b        	add	s6, s6, sp
80000a9c: 13 0b 0b 02  	addi	s6, s6, 32
80000aa0: 73 26 20 c2  	csrr	a2, vlenb
80000aa4: 93 16 36 00  	slli	a3, a2, 3
80000aa8: 33 86 c6 40  	sub	a2, a3, a2
80000aac: 0a 96        	add	a2, a2, sp
80000aae: 13 06 06 02  	addi	a2, a2, 32
80000ab2: 07 04 86 02  	vl1r.v	v8, (a2)
80000ab6: 73 26 20 c2  	csrr	a2, vlenb
80000aba: 99 46        	li	a3, 6
80000abc: 33 06 d6 02  	mul	a2, a2, a3
80000ac0: 0a 96        	add	a2, a2, sp
80000ac2: 13 06 06 02  	addi	a2, a2, 32
80000ac6: 87 04 86 02  	vl1r.v	v9, (a2)
80000aca: 73 26 20 c2  	csrr	a2, vlenb
80000ace: 93 16 26 00  	slli	a3, a2, 2
80000ad2: 36 96        	add	a2, a2, a3
80000ad4: 0a 96        	add	a2, a2, sp
80000ad6: 13 06 06 02  	addi	a2, a2, 32
80000ada: 07 05 86 02  	vl1r.v	v10, (a2)
80000ade: 73 26 20 c2  	csrr	a2, vlenb
80000ae2: 0a 06        	slli	a2, a2, 2
80000ae4: 0a 96        	add	a2, a2, sp
80000ae6: 13 06 06 02  	addi	a2, a2, 32
80000aea: 87 05 86 02  	vl1r.v	v11, (a2)
80000aee: 22 86        	mv	a2, s0
80000af0: 97 10 00 00  	auipc	ra, 1
80000af4: e7 80 40 8a  	jalr	-1884(ra)
80000af8: 07 64 89 02  	vl1re32.v	v8, (s2)
80000afc: 57 70 04 0d  	vsetvli	zero, s0, e32, m1, ta, ma
80000b00: 87 64 8b 02  	vl1re32.v	v9, (s6)
80000b04: 73 25 20 c2  	csrr	a0, vlenb
80000b08: 0e 05        	slli	a0, a0, 3
80000b0a: 0a 95        	add	a0, a0, sp
80000b0c: 13 05 05 02  	addi	a0, a0, 32
80000b10: 07 05 85 02  	vl1r.v	v10, (a0)
80000b14: 57 14 a4 0a  	vfsub.vv	v8, v10, v8
80000b18: 73 25 20 c2  	csrr	a0, vlenb
80000b1c: 06 05        	slli	a0, a0, 1
80000b1e: 0a 95        	add	a0, a0, sp
80000b20: 13 05 05 02  	addi	a0, a0, 32
80000b24: 07 05 85 02  	vl1r.v	v10, (a0)
80000b28: d7 94 a4 0a  	vfsub.vv	v9, v10, v9
80000b2c: 73 25 20 c2  	csrr	a0, vlenb
80000b30: 93 15 15 00  	slli	a1, a0, 1
80000b34: 2e 95        	add	a0, a0, a1
80000b36: 0a 95        	add	a0, a0, sp
80000b38: 13 05 05 02  	addi	a0, a0, 32
80000b3c: 07 05 85 02  	vl1r.v	v10, (a0)
80000b40: 57 14 85 92  	vfmul.vv	v8, v8, v10
80000b44: 73 25 20 c2  	csrr	a0, vlenb
80000b48: 0e 05        	slli	a0, a0, 3
80000b4a: 0a 95        	add	a0, a0, sp
80000b4c: 13 05 05 02  	addi	a0, a0, 32
80000b50: 27 04 85 02  	vs1r.v	v8, (a0)
80000b54: d7 14 95 92  	vfmul.vv	v9, v9, v10
80000b58: 73 25 20 c2  	csrr	a0, vlenb
80000b5c: 93 15 25 00  	slli	a1, a0, 2
80000b60: 2e 95        	add	a0, a0, a1
80000b62: 0a 95        	add	a0, a0, sp
80000b64: 13 05 05 02  	addi	a0, a0, 32
80000b68: a7 04 85 02  	vs1r.v	v9, (a0)
80000b6c: 33 85 99 00  	add	a0, s3, s1
80000b70: 27 64 05 02  	vse32.v	v8, (a0)
80000b74: d2 94        	add	s1, s1, s4
80000b76: a7 e4 04 02  	vse32.v	v9, (s1)
80000b7a: 31 45        	li	a0, 12
80000b7c: b3 04 a4 02  	mul	s1, s0, a0
80000b80: a6 9a        	add	s5, s5, s1
80000b82: 07 e4 0a 02  	vle32.v	v8, (s5)
80000b86: 73 25 20 c2  	csrr	a0, vlenb
80000b8a: 0a 05        	slli	a0, a0, 2
80000b8c: 0a 95        	add	a0, a0, sp
80000b8e: 13 05 05 02  	addi	a0, a0, 32
80000b92: 27 04 85 02  	vs1r.v	v8, (a0)
80000b96: 73 25 20 c2  	csrr	a0, vlenb
80000b9a: b5 45        	li	a1, 13
80000b9c: 33 05 b5 02  	mul	a0, a0, a1
80000ba0: 0a 95        	add	a0, a0, sp
80000ba2: 13 05 05 02  	addi	a0, a0, 32
80000ba6: 73 29 20 c2  	csrr	s2, vlenb
80000baa: b5 45        	li	a1, 13
80000bac: 33 09 b9 02  	mul	s2, s2, a1
80000bb0: 0a 99        	add	s2, s2, sp
80000bb2: 13 09 09 02  	addi	s2, s2, 32
80000bb6: f3 25 20 c2  	csrr	a1, vlenb
80000bba: 29 46        	li	a2, 10
80000bbc: b3 85 c5 02  	mul	a1, a1, a2
80000bc0: 8a 95        	add	a1, a1, sp
80000bc2: 93 85 05 02  	addi	a1, a1, 32
80000bc6: 07 84 85 02  	vl1r.v	v8, (a1)
80000bca: f3 25 20 c2  	csrr	a1, vlenb
80000bce: 13 96 35 00  	slli	a2, a1, 3
80000bd2: b2 95        	add	a1, a1, a2
80000bd4: 8a 95        	add	a1, a1, sp
80000bd6: 93 85 05 02  	addi	a1, a1, 32
80000bda: 87 84 85 02  	vl1r.v	v9, (a1)
80000bde: a2 85        	mv	a1, s0
80000be0: 97 10 00 00  	auipc	ra, 1
80000be4: e7 80 60 a0  	jalr	-1530(ra)
80000be8: 07 64 89 02  	vl1re32.v	v8, (s2)
80000bec: 57 70 04 0d  	vsetvli	zero, s0, e32, m1, ta, ma
80000bf0: 73 25 20 c2  	csrr	a0, vlenb
80000bf4: 0a 05        	slli	a0, a0, 2
80000bf6: 0a 95        	add	a0, a0, sp
80000bf8: 13 05 05 02  	addi	a0, a0, 32
80000bfc: 87 04 85 02  	vl1r.v	v9, (a0)
80000c00: 57 14 94 0a  	vfsub.vv	v8, v9, v8
80000c04: 73 25 20 c2  	csrr	a0, vlenb
80000c08: a9 45        	li	a1, 10
80000c0a: 33 05 b5 02  	mul	a0, a0, a1
80000c0e: 0a 95        	add	a0, a0, sp
80000c10: 13 05 05 02  	addi	a0, a0, 32
80000c14: 27 04 85 02  	vs1r.v	v8, (a0)
80000c18: 73 25 20 c2  	csrr	a0, vlenb
80000c1c: b1 45        	li	a1, 12
80000c1e: 33 05 b5 02  	mul	a0, a0, a1
80000c22: 0a 95        	add	a0, a0, sp
80000c24: 13 05 05 02  	addi	a0, a0, 32
80000c28: 73 29 20 c2  	csrr	s2, vlenb
80000c2c: b1 45        	li	a1, 12
80000c2e: 33 09 b9 02  	mul	s2, s2, a1
80000c32: 0a 99        	add	s2, s2, sp
80000c34: 13 09 09 02  	addi	s2, s2, 32
80000c38: f3 25 20 c2  	csrr	a1, vlenb
80000c3c: 13 96 35 00  	slli	a2, a1, 3
80000c40: b3 05 b6 40  	sub	a1, a2, a1
80000c44: 8a 95        	add	a1, a1, sp
80000c46: 93 85 05 02  	addi	a1, a1, 32
80000c4a: 07 84 85 02  	vl1r.v	v8, (a1)
80000c4e: f3 25 20 c2  	csrr	a1, vlenb
80000c52: 19 46        	li	a2, 6
80000c54: b3 85 c5 02  	mul	a1, a1, a2
80000c58: 8a 95        	add	a1, a1, sp
80000c5a: 93 85 05 02  	addi	a1, a1, 32
80000c5e: 87 84 85 02  	vl1r.v	v9, (a1)
80000c62: a2 85        	mv	a1, s0
80000c64: 97 10 00 00  	auipc	ra, 1
80000c68: e7 80 20 98  	jalr	-1662(ra)
80000c6c: 07 64 89 02  	vl1re32.v	v8, (s2)
80000c70: 57 70 04 0d  	vsetvli	zero, s0, e32, m1, ta, ma
80000c74: 73 25 20 c2  	csrr	a0, vlenb
80000c78: a9 45        	li	a1, 10
80000c7a: 33 05 b5 02  	mul	a0, a0, a1
80000c7e: 0a 95        	add	a0, a0, sp
80000c80: 13 05 05 02  	addi	a0, a0, 32
80000c84: 87 04 85 02  	vl1r.v	v9, (a0)
80000c88: 57 14 94 0a  	vfsub.vv	v8, v9, v8
80000c8c: 73 25 20 c2  	csrr	a0, vlenb
80000c90: a9 45        	li	a1, 10
80000c92: 33 05 b5 02  	mul	a0, a0, a1
80000c96: 0a 95        	add	a0, a0, sp
80000c98: 13 05 05 02  	addi	a0, a0, 32
80000c9c: 27 04 85 02  	vs1r.v	v8, (a0)
80000ca0: 73 25 20 c2  	csrr	a0, vlenb
80000ca4: ad 45        	li	a1, 11
80000ca6: 33 05 b5 02  	mul	a0, a0, a1
80000caa: 0a 95        	add	a0, a0, sp
80000cac: 13 05 05 02  	addi	a0, a0, 32
80000cb0: 73 29 20 c2  	csrr	s2, vlenb
80000cb4: ad 45        	li	a1, 11
80000cb6: 33 09 b9 02  	mul	s2, s2, a1
80000cba: 0a 99        	add	s2, s2, sp
80000cbc: 13 09 09 02  	addi	s2, s2, 32
80000cc0: f3 25 20 c2  	csrr	a1, vlenb
80000cc4: 8e 05        	slli	a1, a1, 3
80000cc6: 8a 95        	add	a1, a1, sp
80000cc8: 93 85 05 02  	addi	a1, a1, 32
80000ccc: 07 84 85 02  	vl1r.v	v8, (a1)
80000cd0: f3 25 20 c2  	csrr	a1, vlenb
80000cd4: 13 96 25 00  	slli	a2, a1, 2
80000cd8: b2 95        	add	a1, a1, a2
80000cda: 8a 95        	add	a1, a1, sp
80000cdc: 93 85 05 02  	addi	a1, a1, 32
80000ce0: 87 84 85 02  	vl1r.v	v9, (a1)
80000ce4: a2 85        	mv	a1, s0
80000ce6: 97 10 00 00  	auipc	ra, 1
80000cea: e7 80 00 90  	jalr	-1792(ra)
80000cee: 07 64 89 02  	vl1re32.v	v8, (s2)
80000cf2: 57 70 04 0d  	vsetvli	zero, s0, e32, m1, ta, ma
80000cf6: 73 25 20 c2  	csrr	a0, vlenb
80000cfa: a9 45        	li	a1, 10
80000cfc: 33 05 b5 02  	mul	a0, a0, a1
80000d00: 0a 95        	add	a0, a0, sp
80000d02: 13 05 05 02  	addi	a0, a0, 32
80000d06: 87 04 85 02  	vl1r.v	v9, (a0)
80000d0a: 57 14 94 0a  	vfsub.vv	v8, v9, v8
80000d0e: d7 14 82 4e  	vfrsqrt7.v	v9, v8
80000d12: 57 94 84 92  	vfmul.vv	v8, v8, v9
80000d16: ce 94        	add	s1, s1, s3
80000d18: 27 e4 04 02  	vse32.v	v8, (s1)
80000d1c: 73 25 20 c2  	csrr	a0, vlenb
80000d20: e9 45        	li	a1, 26
80000d22: 33 05 b5 02  	mul	a0, a0, a1
80000d26: 2a 91        	add	sp, sp, a0
80000d28: aa 60        	ld	ra, 136(sp)
80000d2a: 0a 64        	ld	s0, 128(sp)
80000d2c: e6 74        	ld	s1, 120(sp)
80000d2e: 46 79        	ld	s2, 112(sp)
80000d30: a6 79        	ld	s3, 104(sp)
80000d32: 06 7a        	ld	s4, 96(sp)
80000d34: e6 6a        	ld	s5, 88(sp)
80000d36: 46 6b        	ld	s6, 80(sp)
80000d38: a6 6b        	ld	s7, 72(sp)
80000d3a: 06 6c        	ld	s8, 64(sp)
80000d3c: e2 7c        	ld	s9, 56(sp)
80000d3e: 42 7d        	ld	s10, 48(sp)
80000d40: a2 7d        	ld	s11, 40(sp)
80000d42: 49 61        	addi	sp, sp, 144
80000d44: 82 80        	ret

0000000080000d46 <v_compute_z>:
80000d46: 31 71        	addi	sp, sp, -192
80000d48: 06 fd        	sd	ra, 184(sp)
80000d4a: 22 f9        	sd	s0, 176(sp)
80000d4c: 26 f5        	sd	s1, 168(sp)
80000d4e: 4a f1        	sd	s2, 160(sp)
80000d50: 4e ed        	sd	s3, 152(sp)
80000d52: 52 e9        	sd	s4, 144(sp)
80000d54: 56 e5        	sd	s5, 136(sp)
80000d56: 5a e1        	sd	s6, 128(sp)
80000d58: de fc        	sd	s7, 120(sp)
80000d5a: e2 f8        	sd	s8, 112(sp)
80000d5c: e6 f4        	sd	s9, 104(sp)
80000d5e: ea f0        	sd	s10, 96(sp)
80000d60: ee ec        	sd	s11, 88(sp)
80000d62: 73 25 20 c2  	csrr	a0, vlenb
80000d66: a9 42        	li	t0, 10
80000d68: 33 05 55 02  	mul	a0, a0, t0
80000d6c: 33 01 a1 40  	sub	sp, sp, a0
80000d70: ba e0        	sd	a4, 64(sp)
80000d72: 36 fc        	sd	a3, 56(sp)
80000d74: b2 84        	mv	s1, a2
80000d76: 2e 84        	mv	s0, a1
80000d78: 73 25 20 c2  	csrr	a0, vlenb
80000d7c: a9 45        	li	a1, 10
80000d7e: 33 05 b5 02  	mul	a0, a0, a1
80000d82: 0a 95        	add	a0, a0, sp
80000d84: 70 61        	ld	a2, 192(a0)
80000d86: 57 f0 04 0d  	vsetvli	zero, s1, e32, m1, ta, ma
80000d8a: 57 34 00 5e  	vmv.v.i	v8, 0
80000d8e: f3 26 20 c2  	csrr	a3, vlenb
80000d92: 13 95 36 00  	slli	a0, a3, 3
80000d96: aa 96        	add	a3, a3, a0
80000d98: 8a 96        	add	a3, a3, sp
80000d9a: 93 86 06 05  	addi	a3, a3, 80
80000d9e: 27 84 86 02  	vs1r.v	v8, (a3)
80000da2: 73 27 20 c2  	csrr	a4, vlenb
80000da6: 0e 07        	slli	a4, a4, 3
80000da8: 0a 97        	add	a4, a4, sp
80000daa: 13 07 07 05  	addi	a4, a4, 80
80000dae: 27 04 87 02  	vs1r.v	v8, (a4)
80000db2: 73 25 20 c2  	csrr	a0, vlenb
80000db6: 93 15 35 00  	slli	a1, a0, 3
80000dba: 33 85 a5 40  	sub	a0, a1, a0
80000dbe: 0a 95        	add	a0, a0, sp
80000dc0: 13 05 05 05  	addi	a0, a0, 80
80000dc4: 27 04 85 02  	vs1r.v	v8, (a0)
80000dc8: 73 2e 20 c2  	csrr	t3, vlenb
80000dcc: 99 45        	li	a1, 6
80000dce: 33 0e be 02  	mul	t3, t3, a1
80000dd2: 0a 9e        	add	t3, t3, sp
80000dd4: 13 0e 0e 05  	addi	t3, t3, 80
80000dd8: 27 04 8e 02  	vs1r.v	v8, (t3)
80000ddc: f3 2e 20 c2  	csrr	t4, vlenb
80000de0: 93 95 2e 00  	slli	a1, t4, 2
80000de4: ae 9e        	add	t4, t4, a1
80000de6: 8a 9e        	add	t4, t4, sp
80000de8: 93 8e 0e 05  	addi	t4, t4, 80
80000dec: 27 84 8e 02  	vs1r.v	v8, (t4)
80000df0: f3 23 20 c2  	csrr	t2, vlenb
80000df4: 8a 03        	slli	t2, t2, 2
80000df6: 8a 93        	add	t2, t2, sp
80000df8: 93 83 03 05  	addi	t2, t2, 80
80000dfc: 27 84 83 02  	vs1r.v	v8, (t2)
80000e00: 73 23 20 c2  	csrr	t1, vlenb
80000e04: 93 15 13 00  	slli	a1, t1, 1
80000e08: 2e 93        	add	t1, t1, a1
80000e0a: 0a 93        	add	t1, t1, sp
80000e0c: 13 03 03 05  	addi	t1, t1, 80
80000e10: 27 04 83 02  	vs1r.v	v8, (t1)
80000e14: f3 22 20 c2  	csrr	t0, vlenb
80000e18: 86 02        	slli	t0, t0, 1
80000e1a: 8a 92        	add	t0, t0, sp
80000e1c: 93 82 02 05  	addi	t0, t0, 80
80000e20: 27 84 82 02  	vs1r.v	v8, (t0)
80000e24: 13 9d 24 00  	slli	s10, s1, 2
80000e28: 93 95 34 00  	slli	a1, s1, 3
80000e2c: 63 09 04 2a  	beqz	s0, 0x800010de <v_compute_z+0x398>
80000e30: be 8a        	mv	s5, a5
80000e32: 32 ec        	sd	a2, 24(sp)
80000e34: 46 f0        	sd	a7, 32(sp)
80000e36: 81 4c        	li	s9, 0
80000e38: 81 4d        	li	s11, 0
80000e3a: 31 45        	li	a0, 12
80000e3c: 33 8b a4 02  	mul	s6, s1, a0
80000e40: 86 69        	ld	s3, 64(sp)
80000e42: 33 85 69 01  	add	a0, s3, s6
80000e46: 2a f4        	sd	a0, 40(sp)
80000e48: b3 8b 84 02  	mul	s7, s1, s0
80000e4c: 8a 0b        	slli	s7, s7, 2
80000e4e: 5e f8        	sd	s7, 48(sp)
80000e50: 62 7a        	ld	s4, 56(sp)
80000e52: 52 9b        	add	s6, s6, s4
80000e54: 33 89 b9 00  	add	s2, s3, a1
80000e58: 2e e8        	sd	a1, 16(sp)
80000e5a: 33 0c ba 00  	add	s8, s4, a1
80000e5e: ea 99        	add	s3, s3, s10
80000e60: 6a 9a        	add	s4, s4, s10
80000e62: 33 85 9a 01  	add	a0, s5, s9
80000e66: 57 f0 04 0d  	vsetvli	zero, s1, e32, m1, ta, ma
80000e6a: 07 65 05 02  	vle32.v	v10, (a0)
80000e6e: 73 25 20 c2  	csrr	a0, vlenb
80000e72: 0a 95        	add	a0, a0, sp
80000e74: 13 05 05 05  	addi	a0, a0, 80
80000e78: 27 05 85 02  	vs1r.v	v10, (a0)
80000e7c: 33 05 98 01  	add	a0, a6, s9
80000e80: 87 65 05 02  	vle32.v	v11, (a0)
80000e84: 88 08        	addi	a0, sp, 80
80000e86: a7 05 85 02  	vs1r.v	v11, (a0)
80000e8a: 62 75        	ld	a0, 56(sp)
80000e8c: 6e 95        	add	a0, a0, s11
80000e8e: 07 64 05 02  	vle32.v	v8, (a0)
80000e92: 06 65        	ld	a0, 64(sp)
80000e94: 6e 95        	add	a0, a0, s11
80000e96: 87 64 05 02  	vle32.v	v9, (a0)
80000e9a: 07 e6 86 02  	vl1re32.v	v12, (a3)
80000e9e: 87 66 87 02  	vl1re32.v	v13, (a4)
80000ea2: d7 94 94 26  	vfneg.v	v9, v9
80000ea6: 73 25 20 c2  	csrr	a0, vlenb
80000eaa: 93 15 35 00  	slli	a1, a0, 3
80000eae: 2e 95        	add	a0, a0, a1
80000eb0: 0a 95        	add	a0, a0, sp
80000eb2: 13 05 05 05  	addi	a0, a0, 80
80000eb6: f3 25 20 c2  	csrr	a1, vlenb
80000eba: 8e 05        	slli	a1, a1, 3
80000ebc: 8a 95        	add	a1, a1, sp
80000ebe: 93 85 05 05  	addi	a1, a1, 80
80000ec2: 26 86        	mv	a2, s1
80000ec4: ea 8b        	mv	s7, s10
80000ec6: 42 8d        	mv	s10, a6
80000ec8: 97 00 00 00  	auipc	ra, 0
80000ecc: e7 80 60 4f  	jalr	1270(ra)
80000ed0: 33 05 ba 01  	add	a0, s4, s11
80000ed4: 57 f0 04 0d  	vsetvli	zero, s1, e32, m1, ta, ma
80000ed8: 07 64 05 02  	vle32.v	v8, (a0)
80000edc: 33 85 b9 01  	add	a0, s3, s11
80000ee0: 87 64 05 02  	vle32.v	v9, (a0)
80000ee4: 73 25 20 c2  	csrr	a0, vlenb
80000ee8: 93 15 35 00  	slli	a1, a0, 3
80000eec: 33 85 a5 40  	sub	a0, a1, a0
80000ef0: 0a 95        	add	a0, a0, sp
80000ef2: 13 05 05 05  	addi	a0, a0, 80
80000ef6: 07 66 85 02  	vl1re32.v	v12, (a0)
80000efa: 73 25 20 c2  	csrr	a0, vlenb
80000efe: 99 45        	li	a1, 6
80000f00: 33 05 b5 02  	mul	a0, a0, a1
80000f04: 0a 95        	add	a0, a0, sp
80000f06: 13 05 05 05  	addi	a0, a0, 80
80000f0a: 87 66 85 02  	vl1re32.v	v13, (a0)
80000f0e: d7 94 94 26  	vfneg.v	v9, v9
80000f12: 73 25 20 c2  	csrr	a0, vlenb
80000f16: 93 15 35 00  	slli	a1, a0, 3
80000f1a: 33 85 a5 40  	sub	a0, a1, a0
80000f1e: 0a 95        	add	a0, a0, sp
80000f20: 13 05 05 05  	addi	a0, a0, 80
80000f24: f3 25 20 c2  	csrr	a1, vlenb
80000f28: 19 46        	li	a2, 6
80000f2a: b3 85 c5 02  	mul	a1, a1, a2
80000f2e: 8a 95        	add	a1, a1, sp
80000f30: 93 85 05 05  	addi	a1, a1, 80
80000f34: 73 26 20 c2  	csrr	a2, vlenb
80000f38: 0a 96        	add	a2, a2, sp
80000f3a: 13 06 06 05  	addi	a2, a2, 80
80000f3e: 07 05 86 02  	vl1r.v	v10, (a2)
80000f42: 90 08        	addi	a2, sp, 80
80000f44: 87 05 86 02  	vl1r.v	v11, (a2)
80000f48: 26 86        	mv	a2, s1
80000f4a: 97 00 00 00  	auipc	ra, 0
80000f4e: e7 80 40 47  	jalr	1140(ra)
80000f52: 33 05 bc 01  	add	a0, s8, s11
80000f56: 57 f0 04 0d  	vsetvli	zero, s1, e32, m1, ta, ma
80000f5a: 07 64 05 02  	vle32.v	v8, (a0)
80000f5e: 33 05 b9 01  	add	a0, s2, s11
80000f62: 87 64 05 02  	vle32.v	v9, (a0)
80000f66: 73 25 20 c2  	csrr	a0, vlenb
80000f6a: 93 15 25 00  	slli	a1, a0, 2
80000f6e: 2e 95        	add	a0, a0, a1
80000f70: 0a 95        	add	a0, a0, sp
80000f72: 13 05 05 05  	addi	a0, a0, 80
80000f76: 07 66 85 02  	vl1re32.v	v12, (a0)
80000f7a: 73 25 20 c2  	csrr	a0, vlenb
80000f7e: 0a 05        	slli	a0, a0, 2
80000f80: 0a 95        	add	a0, a0, sp
80000f82: 13 05 05 05  	addi	a0, a0, 80
80000f86: 87 66 85 02  	vl1re32.v	v13, (a0)
80000f8a: d7 94 94 26  	vfneg.v	v9, v9
80000f8e: 73 25 20 c2  	csrr	a0, vlenb
80000f92: 93 15 25 00  	slli	a1, a0, 2
80000f96: 2e 95        	add	a0, a0, a1
80000f98: 0a 95        	add	a0, a0, sp
80000f9a: 13 05 05 05  	addi	a0, a0, 80
80000f9e: f3 25 20 c2  	csrr	a1, vlenb
80000fa2: 8a 05        	slli	a1, a1, 2
80000fa4: 8a 95        	add	a1, a1, sp
80000fa6: 93 85 05 05  	addi	a1, a1, 80
80000faa: 73 26 20 c2  	csrr	a2, vlenb
80000fae: 0a 96        	add	a2, a2, sp
80000fb0: 13 06 06 05  	addi	a2, a2, 80
80000fb4: 07 05 86 02  	vl1r.v	v10, (a2)
80000fb8: 90 08        	addi	a2, sp, 80
80000fba: 87 05 86 02  	vl1r.v	v11, (a2)
80000fbe: 26 86        	mv	a2, s1
80000fc0: 97 00 00 00  	auipc	ra, 0
80000fc4: e7 80 e0 3f  	jalr	1022(ra)
80000fc8: 33 05 bb 01  	add	a0, s6, s11
80000fcc: 57 f0 04 0d  	vsetvli	zero, s1, e32, m1, ta, ma
80000fd0: 07 64 05 02  	vle32.v	v8, (a0)
80000fd4: 22 75        	ld	a0, 40(sp)
80000fd6: 6e 95        	add	a0, a0, s11
80000fd8: 87 64 05 02  	vle32.v	v9, (a0)
80000fdc: 73 25 20 c2  	csrr	a0, vlenb
80000fe0: 93 15 15 00  	slli	a1, a0, 1
80000fe4: 2e 95        	add	a0, a0, a1
80000fe6: 0a 95        	add	a0, a0, sp
80000fe8: 13 05 05 05  	addi	a0, a0, 80
80000fec: 07 66 85 02  	vl1re32.v	v12, (a0)
80000ff0: 73 25 20 c2  	csrr	a0, vlenb
80000ff4: 06 05        	slli	a0, a0, 1
80000ff6: 0a 95        	add	a0, a0, sp
80000ff8: 13 05 05 05  	addi	a0, a0, 80
80000ffc: 87 66 85 02  	vl1re32.v	v13, (a0)
80001000: d7 94 94 26  	vfneg.v	v9, v9
80001004: 73 25 20 c2  	csrr	a0, vlenb
80001008: 93 15 15 00  	slli	a1, a0, 1
8000100c: 2e 95        	add	a0, a0, a1
8000100e: 0a 95        	add	a0, a0, sp
80001010: 13 05 05 05  	addi	a0, a0, 80
80001014: f3 25 20 c2  	csrr	a1, vlenb
80001018: 86 05        	slli	a1, a1, 1
8000101a: 8a 95        	add	a1, a1, sp
8000101c: 93 85 05 05  	addi	a1, a1, 80
80001020: 73 26 20 c2  	csrr	a2, vlenb
80001024: 0a 96        	add	a2, a2, sp
80001026: 13 06 06 05  	addi	a2, a2, 80
8000102a: 07 05 86 02  	vl1r.v	v10, (a2)
8000102e: 90 08        	addi	a2, sp, 80
80001030: 87 05 86 02  	vl1r.v	v11, (a2)
80001034: 26 86        	mv	a2, s1
80001036: 97 00 00 00  	auipc	ra, 0
8000103a: e7 80 80 38  	jalr	904(ra)
8000103e: f3 26 20 c2  	csrr	a3, vlenb
80001042: 13 95 36 00  	slli	a0, a3, 3
80001046: aa 96        	add	a3, a3, a0
80001048: 8a 96        	add	a3, a3, sp
8000104a: 93 86 06 05  	addi	a3, a3, 80
8000104e: 73 27 20 c2  	csrr	a4, vlenb
80001052: 0e 07        	slli	a4, a4, 3
80001054: 0a 97        	add	a4, a4, sp
80001056: 13 07 07 05  	addi	a4, a4, 80
8000105a: 6a 88        	mv	a6, s10
8000105c: 5e 8d        	mv	s10, s7
8000105e: 42 75        	ld	a0, 48(sp)
80001060: aa 9d        	add	s11, s11, a0
80001062: 7d 14        	addi	s0, s0, -1
80001064: de 9c        	add	s9, s9, s7
80001066: e3 1e 04 de  	bnez	s0, 0x80000e62 <v_compute_z+0x11c>
8000106a: 73 25 20 c2  	csrr	a0, vlenb
8000106e: 93 15 35 00  	slli	a1, a0, 3
80001072: 2e 95        	add	a0, a0, a1
80001074: 0a 95        	add	a0, a0, sp
80001076: 13 05 05 05  	addi	a0, a0, 80
8000107a: 07 64 85 02  	vl1re32.v	v8, (a0)
8000107e: 82 78        	ld	a7, 32(sp)
80001080: 62 66        	ld	a2, 24(sp)
80001082: f3 22 20 c2  	csrr	t0, vlenb
80001086: 86 02        	slli	t0, t0, 1
80001088: 8a 92        	add	t0, t0, sp
8000108a: 93 82 02 05  	addi	t0, t0, 80
8000108e: 73 23 20 c2  	csrr	t1, vlenb
80001092: 13 15 13 00  	slli	a0, t1, 1
80001096: 2a 93        	add	t1, t1, a0
80001098: 0a 93        	add	t1, t1, sp
8000109a: 13 03 03 05  	addi	t1, t1, 80
8000109e: f3 23 20 c2  	csrr	t2, vlenb
800010a2: 8a 03        	slli	t2, t2, 2
800010a4: 8a 93        	add	t2, t2, sp
800010a6: 93 83 03 05  	addi	t2, t2, 80
800010aa: f3 2e 20 c2  	csrr	t4, vlenb
800010ae: 13 95 2e 00  	slli	a0, t4, 2
800010b2: aa 9e        	add	t4, t4, a0
800010b4: 8a 9e        	add	t4, t4, sp
800010b6: 93 8e 0e 05  	addi	t4, t4, 80
800010ba: 73 2e 20 c2  	csrr	t3, vlenb
800010be: 19 45        	li	a0, 6
800010c0: 33 0e ae 02  	mul	t3, t3, a0
800010c4: 0a 9e        	add	t3, t3, sp
800010c6: 13 0e 0e 05  	addi	t3, t3, 80
800010ca: 73 25 20 c2  	csrr	a0, vlenb
800010ce: 93 15 35 00  	slli	a1, a0, 3
800010d2: 33 85 a5 40  	sub	a0, a1, a0
800010d6: 0a 95        	add	a0, a0, sp
800010d8: 13 05 05 05  	addi	a0, a0, 80
800010dc: c2 65        	ld	a1, 16(sp)
800010de: 57 f0 04 0d  	vsetvli	zero, s1, e32, m1, ta, ma
800010e2: 27 e4 08 02  	vse32.v	v8, (a7)
800010e6: 07 64 87 02  	vl1re32.v	v8, (a4)
800010ea: 27 64 06 02  	vse32.v	v8, (a2)
800010ee: 07 64 85 02  	vl1re32.v	v8, (a0)
800010f2: 33 85 a8 01  	add	a0, a7, s10
800010f6: 27 64 05 02  	vse32.v	v8, (a0)
800010fa: 07 64 8e 02  	vl1re32.v	v8, (t3)
800010fe: 32 9d        	add	s10, s10, a2
80001100: 27 64 0d 02  	vse32.v	v8, (s10)
80001104: 07 e4 8e 02  	vl1re32.v	v8, (t4)
80001108: 33 85 b8 00  	add	a0, a7, a1
8000110c: 27 64 05 02  	vse32.v	v8, (a0)
80001110: 07 e4 83 02  	vl1re32.v	v8, (t2)
80001114: 33 05 b6 00  	add	a0, a2, a1
80001118: 27 64 05 02  	vse32.v	v8, (a0)
8000111c: 07 64 83 02  	vl1re32.v	v8, (t1)
80001120: 31 45        	li	a0, 12
80001122: 33 85 a4 02  	mul	a0, s1, a0
80001126: b3 85 a8 00  	add	a1, a7, a0
8000112a: 27 e4 05 02  	vse32.v	v8, (a1)
8000112e: 07 e4 82 02  	vl1re32.v	v8, (t0)
80001132: 32 95        	add	a0, a0, a2
80001134: 27 64 05 02  	vse32.v	v8, (a0)
80001138: 73 25 20 c2  	csrr	a0, vlenb
8000113c: a9 45        	li	a1, 10
8000113e: 33 05 b5 02  	mul	a0, a0, a1
80001142: 2a 91        	add	sp, sp, a0
80001144: ea 70        	ld	ra, 184(sp)
80001146: 4a 74        	ld	s0, 176(sp)
80001148: aa 74        	ld	s1, 168(sp)
8000114a: 0a 79        	ld	s2, 160(sp)
8000114c: ea 69        	ld	s3, 152(sp)
8000114e: 4a 6a        	ld	s4, 144(sp)
80001150: aa 6a        	ld	s5, 136(sp)
80001152: 0a 6b        	ld	s6, 128(sp)
80001154: e6 7b        	ld	s7, 120(sp)
80001156: 46 7c        	ld	s8, 112(sp)
80001158: a6 7c        	ld	s9, 104(sp)
8000115a: 06 7d        	ld	s10, 96(sp)
8000115c: e6 6d        	ld	s11, 88(sp)
8000115e: 29 61        	addi	sp, sp, 192
80001160: 82 80        	ret

0000000080001162 <v_backward_substitution>:
80001162: 55 71        	addi	sp, sp, -208
80001164: 86 e5        	sd	ra, 200(sp)
80001166: a2 e1        	sd	s0, 192(sp)
80001168: 26 fd        	sd	s1, 184(sp)
8000116a: 4a f9        	sd	s2, 176(sp)
8000116c: 4e f5        	sd	s3, 168(sp)
8000116e: 52 f1        	sd	s4, 160(sp)
80001170: 56 ed        	sd	s5, 152(sp)
80001172: 5a e9        	sd	s6, 144(sp)
80001174: 5e e5        	sd	s7, 136(sp)
80001176: 62 e1        	sd	s8, 128(sp)
80001178: e6 fc        	sd	s9, 120(sp)
8000117a: ea f8        	sd	s10, 112(sp)
8000117c: ee f4        	sd	s11, 104(sp)
8000117e: f3 22 20 c2  	csrr	t0, vlenb
80001182: 19 43        	li	t1, 6
80001184: b3 82 62 02  	mul	t0, t0, t1
80001188: 33 01 51 40  	sub	sp, sp, t0
8000118c: 9b 02 f5 ff  	addiw	t0, a0, -1
80001190: 2e f8        	sd	a1, 48(sp)
80001192: 63 cc 02 1c  	bltz	t0, 0x8000136a <v_backward_substitution+0x208>
80001196: aa 89        	mv	s3, a0
80001198: 46 8b        	mv	s6, a7
8000119a: 42 89        	mv	s2, a6
8000119c: be 8c        	mv	s9, a5
8000119e: b2 84        	mv	s1, a2
800011a0: 73 25 20 c2  	csrr	a0, vlenb
800011a4: 99 45        	li	a1, 6
800011a6: 33 05 b5 02  	mul	a0, a0, a1
800011aa: 0a 95        	add	a0, a0, sp
800011ac: 83 3d 05 0d  	ld	s11, 208(a0)
800011b0: 57 70 06 0d  	vsetvli	zero, a2, e32, m1, ta, ma
800011b4: 57 35 00 5e  	vmv.v.i	v10, 0
800011b8: 13 88 19 00  	addi	a6, s3, 1
800011bc: 13 1c 26 00  	slli	s8, a2, 2
800011c0: 42 75        	ld	a0, 48(sp)
800011c2: 33 0a a6 02  	mul	s4, a2, a0
800011c6: 0a 0a        	slli	s4, s4, 2
800011c8: f3 27 20 c2  	csrr	a5, vlenb
800011cc: 13 95 27 00  	slli	a0, a5, 2
800011d0: aa 97        	add	a5, a5, a0
800011d2: 8a 97        	add	a5, a5, sp
800011d4: 93 87 07 06  	addi	a5, a5, 96
800011d8: f3 2a 20 c2  	csrr	s5, vlenb
800011dc: 8a 0a        	slli	s5, s5, 2
800011de: 8a 9a        	add	s5, s5, sp
800011e0: 93 8a 0a 06  	addi	s5, s5, 96
800011e4: 96 88        	mv	a7, t0
800011e6: 4e 84        	mv	s0, s3
800011e8: 3a f4        	sd	a4, 40(sp)
800011ea: 36 f0        	sd	a3, 32(sp)
800011ec: 88 10        	addi	a0, sp, 96
800011ee: 27 05 85 02  	vs1r.v	v10, (a0)
800011f2: 42 ec        	sd	a6, 24(sp)
800011f4: 05 a8        	j	0x80001224 <v_backward_substitution+0xc2>
800011f6: 57 f0 04 0d  	vsetvli	zero, s1, e32, m1, ta, ma
800011fa: d7 94 b4 0a  	vfsub.vv	v9, v11, v9
800011fe: 57 14 c4 0a  	vfsub.vv	v8, v12, v8
80001202: d7 94 96 82  	vfdiv.vv	v9, v9, v13
80001206: 57 94 86 82  	vfdiv.vv	v8, v8, v13
8000120a: 33 05 cb 00  	add	a0, s6, a2
8000120e: a7 64 05 02  	vse32.v	v9, (a0)
80001212: 33 85 cd 00  	add	a0, s11, a2
80001216: 27 64 05 02  	vse32.v	v8, (a0)
8000121a: fd 32        	addiw	t0, t0, -1
8000121c: 7d 34        	addiw	s0, s0, -1
8000121e: fd 18        	addi	a7, a7, -1
80001220: 63 c5 02 14  	bltz	t0, 0x8000136a <v_backward_substitution+0x208>
80001224: 27 85 87 02  	vs1r.v	v10, (a5)
80001228: 27 85 8a 02  	vs1r.v	v10, (s5)
8000122c: 33 85 98 02  	mul	a0, a7, s1
80001230: 13 16 25 00  	slli	a2, a0, 2
80001234: b3 85 c6 00  	add	a1, a3, a2
80001238: 87 e5 05 02  	vle32.v	v11, (a1)
8000123c: b3 05 c7 00  	add	a1, a4, a2
80001240: 07 e6 05 02  	vle32.v	v12, (a1)
80001244: 33 05 05 03  	mul	a0, a0, a6
80001248: 0a 05        	slli	a0, a0, 2
8000124a: 66 95        	add	a0, a0, s9
8000124c: 87 66 05 02  	vle32.v	v13, (a0)
80001250: 1b 0d 04 00  	sext.w	s10, s0
80001254: 57 34 a0 9e  	vmv1r.v	v8, v10
80001258: d7 34 a0 9e  	vmv1r.v	v9, v10
8000125c: e3 7d 3d f9  	bgeu	s10, s3, 0x800011f6 <v_backward_substitution+0x94>
80001260: 73 25 20 c2  	csrr	a0, vlenb
80001264: 0a 95        	add	a0, a0, sp
80001266: 13 05 05 06  	addi	a0, a0, 96
8000126a: a7 06 85 02  	vs1r.v	v13, (a0)
8000126e: 73 25 20 c2  	csrr	a0, vlenb
80001272: 06 05        	slli	a0, a0, 1
80001274: 0a 95        	add	a0, a0, sp
80001276: 13 05 05 06  	addi	a0, a0, 96
8000127a: 27 06 85 02  	vs1r.v	v12, (a0)
8000127e: 73 25 20 c2  	csrr	a0, vlenb
80001282: 93 15 15 00  	slli	a1, a0, 1
80001286: 2e 95        	add	a0, a0, a1
80001288: 0a 95        	add	a0, a0, sp
8000128a: 13 05 05 06  	addi	a0, a0, 96
8000128e: a7 05 85 02  	vs1r.v	v11, (a0)
80001292: 32 fc        	sd	a2, 56(sp)
80001294: a2 e0        	sd	s0, 64(sp)
80001296: 96 e8        	sd	t0, 80(sp)
80001298: 33 04 ac 03  	mul	s0, s8, s10
8000129c: 42 75        	ld	a0, 48(sp)
8000129e: 33 05 a5 03  	mul	a0, a0, s10
800012a2: c6 e4        	sd	a7, 72(sp)
800012a4: 46 95        	add	a0, a0, a7
800012a6: b3 0b ac 02  	mul	s7, s8, a0
800012aa: 33 05 8b 00  	add	a0, s6, s0
800012ae: 57 f0 04 0d  	vsetvli	zero, s1, e32, m1, ta, ma
800012b2: 07 65 05 02  	vle32.v	v10, (a0)
800012b6: 33 85 8d 00  	add	a0, s11, s0
800012ba: 87 65 05 02  	vle32.v	v11, (a0)
800012be: 33 85 7c 01  	add	a0, s9, s7
800012c2: 07 64 05 02  	vle32.v	v8, (a0)
800012c6: 33 05 79 01  	add	a0, s2, s7
800012ca: 87 64 05 02  	vle32.v	v9, (a0)
800012ce: 07 e6 87 02  	vl1re32.v	v12, (a5)
800012d2: 87 e6 8a 02  	vl1re32.v	v13, (s5)
800012d6: d7 94 94 26  	vfneg.v	v9, v9
800012da: 73 25 20 c2  	csrr	a0, vlenb
800012de: 93 15 25 00  	slli	a1, a0, 2
800012e2: 2e 95        	add	a0, a0, a1
800012e4: 0a 95        	add	a0, a0, sp
800012e6: 13 05 05 06  	addi	a0, a0, 96
800012ea: f3 25 20 c2  	csrr	a1, vlenb
800012ee: 8a 05        	slli	a1, a1, 2
800012f0: 8a 95        	add	a1, a1, sp
800012f2: 93 85 05 06  	addi	a1, a1, 96
800012f6: 26 86        	mv	a2, s1
800012f8: 97 00 00 00  	auipc	ra, 0
800012fc: e7 80 60 0c  	jalr	198(ra)
80001300: f3 27 20 c2  	csrr	a5, vlenb
80001304: 13 95 27 00  	slli	a0, a5, 2
80001308: aa 97        	add	a5, a5, a0
8000130a: 8a 97        	add	a5, a5, sp
8000130c: 93 87 07 06  	addi	a5, a5, 96
80001310: 05 0d        	addi	s10, s10, 1
80001312: 62 94        	add	s0, s0, s8
80001314: d2 9b        	add	s7, s7, s4
80001316: e3 6a 3d f9  	bltu	s10, s3, 0x800012aa <v_backward_substitution+0x148>
8000131a: 87 e4 87 02  	vl1re32.v	v9, (a5)
8000131e: 07 e4 8a 02  	vl1re32.v	v8, (s5)
80001322: c6 62        	ld	t0, 80(sp)
80001324: 22 77        	ld	a4, 40(sp)
80001326: 82 76        	ld	a3, 32(sp)
80001328: 88 10        	addi	a0, sp, 96
8000132a: 07 05 85 02  	vl1r.v	v10, (a0)
8000132e: 62 68        	ld	a6, 24(sp)
80001330: a6 68        	ld	a7, 72(sp)
80001332: 06 64        	ld	s0, 64(sp)
80001334: 62 76        	ld	a2, 56(sp)
80001336: 73 25 20 c2  	csrr	a0, vlenb
8000133a: 93 15 15 00  	slli	a1, a0, 1
8000133e: 2e 95        	add	a0, a0, a1
80001340: 0a 95        	add	a0, a0, sp
80001342: 13 05 05 06  	addi	a0, a0, 96
80001346: 87 05 85 02  	vl1r.v	v11, (a0)
8000134a: 73 25 20 c2  	csrr	a0, vlenb
8000134e: 06 05        	slli	a0, a0, 1
80001350: 0a 95        	add	a0, a0, sp
80001352: 13 05 05 06  	addi	a0, a0, 96
80001356: 07 06 85 02  	vl1r.v	v12, (a0)
8000135a: 73 25 20 c2  	csrr	a0, vlenb
8000135e: 0a 95        	add	a0, a0, sp
80001360: 13 05 05 06  	addi	a0, a0, 96
80001364: 87 06 85 02  	vl1r.v	v13, (a0)
80001368: 79 b5        	j	0x800011f6 <v_backward_substitution+0x94>
8000136a: 73 25 20 c2  	csrr	a0, vlenb
8000136e: 99 45        	li	a1, 6
80001370: 33 05 b5 02  	mul	a0, a0, a1
80001374: 2a 91        	add	sp, sp, a0
80001376: ae 60        	ld	ra, 200(sp)
80001378: 0e 64        	ld	s0, 192(sp)
8000137a: ea 74        	ld	s1, 184(sp)
8000137c: 4a 79        	ld	s2, 176(sp)
8000137e: aa 79        	ld	s3, 168(sp)
80001380: 0a 7a        	ld	s4, 160(sp)
80001382: ea 6a        	ld	s5, 152(sp)
80001384: 4a 6b        	ld	s6, 144(sp)
80001386: aa 6b        	ld	s7, 136(sp)
80001388: 0a 6c        	ld	s8, 128(sp)
8000138a: e6 7c        	ld	s9, 120(sp)
8000138c: 46 7d        	ld	s10, 112(sp)
8000138e: a6 7d        	ld	s11, 104(sp)
80001390: 69 61        	addi	sp, sp, 208
80001392: 82 80        	ret

0000000080001394 <vcfmul_vv_f32m1_sim>:
80001394: 57 70 06 0d  	vsetvli	zero, a2, e32, m1, ta, ma
80001398: 57 16 85 92  	vfmul.vv	v12, v8, v10
8000139c: 57 70 00 09  	vsetvli	zero, zero, e32, m1, tu, ma
800013a0: 57 96 b4 be  	vfnmsac.vv	v12, v9, v11
800013a4: 27 06 85 02  	vs1r.v	v12, (a0)
800013a8: 57 70 00 0d  	vsetvli	zero, zero, e32, m1, ta, ma
800013ac: 57 94 85 92  	vfmul.vv	v8, v8, v11
800013b0: 57 70 00 09  	vsetvli	zero, zero, e32, m1, tu, ma
800013b4: 57 94 a4 b2  	vfmacc.vv	v8, v9, v10
800013b8: 27 84 85 02  	vs1r.v	v8, (a1)
800013bc: 82 80        	ret

00000000800013be <vcfmac_vv_f32m1_sim>:
800013be: 57 70 06 0d  	vsetvli	zero, a2, e32, m1, ta, ma
800013c2: 57 17 85 92  	vfmul.vv	v14, v8, v10
800013c6: 57 70 00 09  	vsetvli	zero, zero, e32, m1, tu, ma
800013ca: 57 97 b4 be  	vfnmsac.vv	v14, v9, v11
800013ce: 57 70 00 0d  	vsetvli	zero, zero, e32, m1, ta, ma
800013d2: 57 94 85 92  	vfmul.vv	v8, v8, v11
800013d6: 57 70 00 09  	vsetvli	zero, zero, e32, m1, tu, ma
800013da: 57 94 a4 b2  	vfmacc.vv	v8, v9, v10
800013de: 57 70 00 0d  	vsetvli	zero, zero, e32, m1, ta, ma
800013e2: d7 14 c7 02  	vfadd.vv	v9, v12, v14
800013e6: a7 04 85 02  	vs1r.v	v9, (a0)
800013ea: 57 14 d4 02  	vfadd.vv	v8, v13, v8
800013ee: 27 84 85 02  	vs1r.v	v8, (a1)
800013f2: 82 80        	ret

00000000800013f4 <v_forward_substitution>:
800013f4: 31 71        	addi	sp, sp, -192
800013f6: 06 fd        	sd	ra, 184(sp)
800013f8: 22 f9        	sd	s0, 176(sp)
800013fa: 26 f5        	sd	s1, 168(sp)
800013fc: 4a f1        	sd	s2, 160(sp)
800013fe: 4e ed        	sd	s3, 152(sp)
80001400: 52 e9        	sd	s4, 144(sp)
80001402: 56 e5        	sd	s5, 136(sp)
80001404: 5a e1        	sd	s6, 128(sp)
80001406: de fc        	sd	s7, 120(sp)
80001408: e2 f8        	sd	s8, 112(sp)
8000140a: e6 f4        	sd	s9, 104(sp)
8000140c: ea f0        	sd	s10, 96(sp)
8000140e: ee ec        	sd	s11, 88(sp)
80001410: f3 22 20 c2  	csrr	t0, vlenb
80001414: 19 43        	li	t1, 6
80001416: b3 82 62 02  	mul	t0, t0, t1
8000141a: 33 01 51 40  	sub	sp, sp, t0
8000141e: be e0        	sd	a5, 64(sp)
80001420: 3a f8        	sd	a4, 48(sp)
80001422: 36 f4        	sd	a3, 40(sp)
80001424: 2a fc        	sd	a0, 56(sp)
80001426: 63 0b 05 18  	beqz	a0, 0x800015bc <v_forward_substitution+0x1c8>
8000142a: c6 8a        	mv	s5, a7
8000142c: c2 84        	mv	s1, a6
8000142e: 32 84        	mv	s0, a2
80001430: 01 4d        	li	s10, 0
80001432: 73 25 20 c2  	csrr	a0, vlenb
80001436: 19 46        	li	a2, 6
80001438: 33 05 c5 02  	mul	a0, a0, a2
8000143c: 0a 95        	add	a0, a0, sp
8000143e: 03 3c 05 0c  	ld	s8, 192(a0)
80001442: 57 70 04 0d  	vsetvli	zero, s0, e32, m1, ta, ma
80001446: 57 34 00 5e  	vmv.v.i	v8, 0
8000144a: 88 08        	addi	a0, sp, 80
8000144c: 27 04 85 02  	vs1r.v	v8, (a0)
80001450: 62 75        	ld	a0, 56(sp)
80001452: 05 05        	addi	a0, a0, 1
80001454: 2a f0        	sd	a0, 32(sp)
80001456: 33 05 b4 02  	mul	a0, s0, a1
8000145a: 0a 05        	slli	a0, a0, 2
8000145c: 2a ec        	sd	a0, 24(sp)
8000145e: 93 1c 24 00  	slli	s9, s0, 2
80001462: f3 29 20 c2  	csrr	s3, vlenb
80001466: 13 95 29 00  	slli	a0, s3, 2
8000146a: aa 99        	add	s3, s3, a0
8000146c: 8a 99        	add	s3, s3, sp
8000146e: 93 89 09 05  	addi	s3, s3, 80
80001472: 73 2a 20 c2  	csrr	s4, vlenb
80001476: 0a 0a        	slli	s4, s4, 2
80001478: 0a 9a        	add	s4, s4, sp
8000147a: 13 0a 0a 05  	addi	s4, s4, 80
8000147e: 06 69        	ld	s2, 64(sp)
80001480: 0d a8        	j	0x800014b2 <v_forward_substitution+0xbe>
80001482: 57 70 04 0d  	vsetvli	zero, s0, e32, m1, ta, ma
80001486: d7 94 a4 0a  	vfsub.vv	v9, v10, v9
8000148a: 57 14 b4 0a  	vfsub.vv	v8, v11, v8
8000148e: d7 14 96 82  	vfdiv.vv	v9, v9, v12
80001492: 57 14 86 82  	vfdiv.vv	v8, v8, v12
80001496: 33 85 6a 01  	add	a0, s5, s6
8000149a: a7 64 05 02  	vse32.v	v9, (a0)
8000149e: 62 9b        	add	s6, s6, s8
800014a0: 27 64 0b 02  	vse32.v	v8, (s6)
800014a4: 05 0d        	addi	s10, s10, 1
800014a6: 62 65        	ld	a0, 24(sp)
800014a8: aa 94        	add	s1, s1, a0
800014aa: 2a 99        	add	s2, s2, a0
800014ac: 62 75        	ld	a0, 56(sp)
800014ae: 63 07 ad 10  	beq	s10, a0, 0x800015bc <v_forward_substitution+0x1c8>
800014b2: 88 08        	addi	a0, sp, 80
800014b4: 87 04 85 02  	vl1r.v	v9, (a0)
800014b8: a7 84 89 02  	vs1r.v	v9, (s3)
800014bc: a7 04 8a 02  	vs1r.v	v9, (s4)
800014c0: 33 05 8d 02  	mul	a0, s10, s0
800014c4: 13 1b 25 00  	slli	s6, a0, 2
800014c8: a2 75        	ld	a1, 40(sp)
800014ca: da 95        	add	a1, a1, s6
800014cc: 07 e5 05 02  	vle32.v	v10, (a1)
800014d0: c2 75        	ld	a1, 48(sp)
800014d2: da 95        	add	a1, a1, s6
800014d4: 87 e5 05 02  	vle32.v	v11, (a1)
800014d8: 82 75        	ld	a1, 32(sp)
800014da: 33 05 b5 02  	mul	a0, a0, a1
800014de: 0a 05        	slli	a0, a0, 2
800014e0: 86 65        	ld	a1, 64(sp)
800014e2: 2e 95        	add	a0, a0, a1
800014e4: 07 66 05 02  	vle32.v	v12, (a0)
800014e8: 57 34 90 9e  	vmv1r.v	v8, v9
800014ec: e3 0b 0d f8  	beqz	s10, 0x80001482 <v_forward_substitution+0x8e>
800014f0: 73 25 20 c2  	csrr	a0, vlenb
800014f4: 0a 95        	add	a0, a0, sp
800014f6: 13 05 05 05  	addi	a0, a0, 80
800014fa: 27 06 85 02  	vs1r.v	v12, (a0)
800014fe: 73 25 20 c2  	csrr	a0, vlenb
80001502: 06 05        	slli	a0, a0, 1
80001504: 0a 95        	add	a0, a0, sp
80001506: 13 05 05 05  	addi	a0, a0, 80
8000150a: a7 05 85 02  	vs1r.v	v11, (a0)
8000150e: 73 25 20 c2  	csrr	a0, vlenb
80001512: 93 15 15 00  	slli	a1, a0, 1
80001516: 2e 95        	add	a0, a0, a1
80001518: 0a 95        	add	a0, a0, sp
8000151a: 13 05 05 05  	addi	a0, a0, 80
8000151e: 27 05 85 02  	vs1r.v	v10, (a0)
80001522: 81 4d        	li	s11, 0
80001524: ea 8b        	mv	s7, s10
80001526: 33 85 ba 01  	add	a0, s5, s11
8000152a: 57 70 04 0d  	vsetvli	zero, s0, e32, m1, ta, ma
8000152e: 07 65 05 02  	vle32.v	v10, (a0)
80001532: 33 05 bc 01  	add	a0, s8, s11
80001536: 87 65 05 02  	vle32.v	v11, (a0)
8000153a: 33 05 b9 01  	add	a0, s2, s11
8000153e: 07 64 05 02  	vle32.v	v8, (a0)
80001542: 33 85 b4 01  	add	a0, s1, s11
80001546: 87 64 05 02  	vle32.v	v9, (a0)
8000154a: 07 e6 89 02  	vl1re32.v	v12, (s3)
8000154e: 87 66 8a 02  	vl1re32.v	v13, (s4)
80001552: 73 25 20 c2  	csrr	a0, vlenb
80001556: 93 15 25 00  	slli	a1, a0, 2
8000155a: 2e 95        	add	a0, a0, a1
8000155c: 0a 95        	add	a0, a0, sp
8000155e: 13 05 05 05  	addi	a0, a0, 80
80001562: f3 25 20 c2  	csrr	a1, vlenb
80001566: 8a 05        	slli	a1, a1, 2
80001568: 8a 95        	add	a1, a1, sp
8000156a: 93 85 05 05  	addi	a1, a1, 80
8000156e: 22 86        	mv	a2, s0
80001570: 97 00 00 00  	auipc	ra, 0
80001574: e7 80 e0 e4  	jalr	-434(ra)
80001578: fd 1b        	addi	s7, s7, -1
8000157a: e6 9d        	add	s11, s11, s9
8000157c: e3 95 0b fa  	bnez	s7, 0x80001526 <v_forward_substitution+0x132>
80001580: 87 e4 89 02  	vl1re32.v	v9, (s3)
80001584: 07 64 8a 02  	vl1re32.v	v8, (s4)
80001588: 73 25 20 c2  	csrr	a0, vlenb
8000158c: 93 15 15 00  	slli	a1, a0, 1
80001590: 2e 95        	add	a0, a0, a1
80001592: 0a 95        	add	a0, a0, sp
80001594: 13 05 05 05  	addi	a0, a0, 80
80001598: 07 05 85 02  	vl1r.v	v10, (a0)
8000159c: 73 25 20 c2  	csrr	a0, vlenb
800015a0: 06 05        	slli	a0, a0, 1
800015a2: 0a 95        	add	a0, a0, sp
800015a4: 13 05 05 05  	addi	a0, a0, 80
800015a8: 87 05 85 02  	vl1r.v	v11, (a0)
800015ac: 73 25 20 c2  	csrr	a0, vlenb
800015b0: 0a 95        	add	a0, a0, sp
800015b2: 13 05 05 05  	addi	a0, a0, 80
800015b6: 07 06 85 02  	vl1r.v	v12, (a0)
800015ba: e1 b5        	j	0x80001482 <v_forward_substitution+0x8e>
800015bc: 73 25 20 c2  	csrr	a0, vlenb
800015c0: 99 45        	li	a1, 6
800015c2: 33 05 b5 02  	mul	a0, a0, a1
800015c6: 2a 91        	add	sp, sp, a0
800015c8: ea 70        	ld	ra, 184(sp)
800015ca: 4a 74        	ld	s0, 176(sp)
800015cc: aa 74        	ld	s1, 168(sp)
800015ce: 0a 79        	ld	s2, 160(sp)
800015d0: ea 69        	ld	s3, 152(sp)
800015d2: 4a 6a        	ld	s4, 144(sp)
800015d4: aa 6a        	ld	s5, 136(sp)
800015d6: 0a 6b        	ld	s6, 128(sp)
800015d8: e6 7b        	ld	s7, 120(sp)
800015da: 46 7c        	ld	s8, 112(sp)
800015dc: a6 7c        	ld	s9, 104(sp)
800015de: 06 7d        	ld	s10, 96(sp)
800015e0: e6 6d        	ld	s11, 88(sp)
800015e2: 29 61        	addi	sp, sp, 192
800015e4: 82 80        	ret

00000000800015e6 <vcsqrdmag_vv_f32m1_sim>:
800015e6: 57 f0 05 0d  	vsetvli	zero, a1, e32, m1, ta, ma
800015ea: 57 14 84 92  	vfmul.vv	v8, v8, v8
800015ee: d7 94 94 92  	vfmul.vv	v9, v9, v9
800015f2: 57 94 84 02  	vfadd.vv	v8, v8, v9
800015f6: 27 04 85 02  	vs1r.v	v8, (a0)
800015fa: 82 80        	ret

00000000800015fc <v_compute_gram_f32>:
800015fc: 29 71        	addi	sp, sp, -320
800015fe: 06 fe        	sd	ra, 312(sp)
80001600: 22 fa        	sd	s0, 304(sp)
80001602: 26 f6        	sd	s1, 296(sp)
80001604: 4a f2        	sd	s2, 288(sp)
80001606: 4e ee        	sd	s3, 280(sp)
80001608: 52 ea        	sd	s4, 272(sp)
8000160a: 56 e6        	sd	s5, 264(sp)
8000160c: 5a e2        	sd	s6, 256(sp)
8000160e: de fd        	sd	s7, 248(sp)
80001610: e2 f9        	sd	s8, 240(sp)
80001612: e6 f5        	sd	s9, 232(sp)
80001614: ea f1        	sd	s10, 224(sp)
80001616: ee ed        	sd	s11, 216(sp)
80001618: a2 a9        	fsd	fs0, 208(sp)
8000161a: 73 25 20 c2  	csrr	a0, vlenb
8000161e: b9 48        	li	a7, 14
80001620: 33 05 15 03  	mul	a0, a0, a7
80001624: 33 01 a1 40  	sub	sp, sp, a0
80001628: 42 f9        	sd	a6, 176(sp)
8000162a: 3e f5        	sd	a5, 168(sp)
8000162c: ba e5        	sd	a4, 200(sp)
8000162e: b6 e1        	sd	a3, 192(sp)
80001630: 2e fd        	sd	a1, 184(sp)
80001632: e3 8a 05 28  	beqz	a1, 0x800020c6 <v_compute_gram_f32+0xaca>
80001636: 53 04 a5 20  	fmv.s	fs0, fa0
8000163a: 32 84        	mv	s0, a2
8000163c: 81 44        	li	s1, 0
8000163e: 81 4b        	li	s7, 0
80001640: 6a 75        	ld	a0, 184(sp)
80001642: 33 05 a6 02  	mul	a0, a2, a0
80001646: 93 15 25 00  	slli	a1, a0, 2
8000164a: 2a 7b        	ld	s6, 168(sp)
8000164c: b3 06 bb 00  	add	a3, s6, a1
80001650: 4a 76        	ld	a2, 176(sp)
80001652: 2e f1        	sd	a1, 160(sp)
80001654: 33 07 b6 00  	add	a4, a2, a1
80001658: 13 1a 35 00  	slli	s4, a0, 3
8000165c: b3 0d 4b 01  	add	s11, s6, s4
80001660: 32 9a        	add	s4, s4, a2
80001662: b1 45        	li	a1, 12
80001664: b3 0a b5 02  	mul	s5, a0, a1
80001668: 56 9b        	add	s6, s6, s5
8000166a: b2 9a        	add	s5, s5, a2
8000166c: 13 15 24 00  	slli	a0, s0, 2
80001670: b6 f4        	sd	a3, 104(sp)
80001672: aa 96        	add	a3, a3, a0
80001674: b6 ec        	sd	a3, 88(sp)
80001676: ba f0        	sd	a4, 96(sp)
80001678: 2a 97        	add	a4, a4, a0
8000167a: ba e8        	sd	a4, 80(sp)
8000167c: 33 86 ad 00  	add	a2, s11, a0
80001680: b2 e4        	sd	a2, 72(sp)
80001682: 33 06 aa 00  	add	a2, s4, a0
80001686: b2 e0        	sd	a2, 64(sp)
80001688: 33 06 ab 00  	add	a2, s6, a0
8000168c: 32 fc        	sd	a2, 56(sp)
8000168e: 33 86 aa 00  	add	a2, s5, a0
80001692: 32 f8        	sd	a2, 48(sp)
80001694: 13 16 34 00  	slli	a2, s0, 3
80001698: b3 86 cd 00  	add	a3, s11, a2
8000169c: 36 f4        	sd	a3, 40(sp)
8000169e: b3 06 ca 00  	add	a3, s4, a2
800016a2: 36 f0        	sd	a3, 32(sp)
800016a4: b3 06 cb 00  	add	a3, s6, a2
800016a8: 36 ec        	sd	a3, 24(sp)
800016aa: 33 89 ca 00  	add	s2, s5, a2
800016ae: b3 05 b4 02  	mul	a1, s0, a1
800016b2: 33 0c bb 00  	add	s8, s6, a1
800016b6: 33 8d ba 00  	add	s10, s5, a1
800016ba: ae 66        	ld	a3, 200(sp)
800016bc: 33 87 b6 00  	add	a4, a3, a1
800016c0: 3a ed        	sd	a4, 152(sp)
800016c2: 33 87 c6 00  	add	a4, a3, a2
800016c6: 3a e9        	sd	a4, 144(sp)
800016c8: aa 96        	add	a3, a3, a0
800016ca: 36 e5        	sd	a3, 136(sp)
800016cc: 8e 66        	ld	a3, 192(sp)
800016ce: b6 95        	add	a1, a1, a3
800016d0: 2e e1        	sd	a1, 128(sp)
800016d2: 36 96        	add	a2, a2, a3
800016d4: b2 fc        	sd	a2, 120(sp)
800016d6: 36 95        	add	a0, a0, a3
800016d8: aa f8        	sd	a0, 112(sp)
800016da: f3 29 20 c2  	csrr	s3, vlenb
800016de: 31 45        	li	a0, 12
800016e0: b3 89 a9 02  	mul	s3, s3, a0
800016e4: 8a 99        	add	s3, s3, sp
800016e6: 93 89 09 0d  	addi	s3, s3, 208
800016ea: f3 2c 20 c2  	csrr	s9, vlenb
800016ee: 2d 45        	li	a0, 11
800016f0: b3 8c ac 02  	mul	s9, s9, a0
800016f4: 8a 9c        	add	s9, s9, sp
800016f6: 93 8c 0c 0d  	addi	s9, s9, 208
800016fa: 69 ae        	j	0x80001a94 <v_compute_gram_f32+0x498>
800016fc: 57 70 04 0d  	vsetvli	zero, s0, e32, m1, ta, ma
80001700: 07 64 0b 02  	vle32.v	v8, (s6)
80001704: 87 e4 89 02  	vl1re32.v	v9, (s3)
80001708: 57 94 84 02  	vfadd.vv	v8, v8, v9
8000170c: 27 64 0b 02  	vse32.v	v8, (s6)
80001710: 07 e4 0a 02  	vle32.v	v8, (s5)
80001714: 87 e4 8c 02  	vl1re32.v	v9, (s9)
80001718: 57 94 84 02  	vfadd.vv	v8, v8, v9
8000171c: 27 e4 0a 02  	vse32.v	v8, (s5)
80001720: 73 25 20 c2  	csrr	a0, vlenb
80001724: b1 45        	li	a1, 12
80001726: 33 05 b5 02  	mul	a0, a0, a1
8000172a: 0a 95        	add	a0, a0, sp
8000172c: 13 05 05 0d  	addi	a0, a0, 208
80001730: f3 25 20 c2  	csrr	a1, vlenb
80001734: 2d 46        	li	a2, 11
80001736: b3 85 c5 02  	mul	a1, a1, a2
8000173a: 8a 95        	add	a1, a1, sp
8000173c: 93 85 05 0d  	addi	a1, a1, 208
80001740: 73 26 20 c2  	csrr	a2, vlenb
80001744: 93 16 26 00  	slli	a3, a2, 2
80001748: 36 96        	add	a2, a2, a3
8000174a: 0a 96        	add	a2, a2, sp
8000174c: 13 06 06 0d  	addi	a2, a2, 208
80001750: 07 04 86 02  	vl1r.v	v8, (a2)
80001754: 90 09        	addi	a2, sp, 208
80001756: 87 04 86 02  	vl1r.v	v9, (a2)
8000175a: 57 35 80 9e  	vmv1r.v	v10, v8
8000175e: 73 26 20 c2  	csrr	a2, vlenb
80001762: 0a 06        	slli	a2, a2, 2
80001764: 0a 96        	add	a2, a2, sp
80001766: 13 06 06 0d  	addi	a2, a2, 208
8000176a: 87 05 86 02  	vl1r.v	v11, (a2)
8000176e: 22 86        	mv	a2, s0
80001770: 97 00 00 00  	auipc	ra, 0
80001774: e7 80 40 c2  	jalr	-988(ra)
80001778: 57 70 04 0d  	vsetvli	zero, s0, e32, m1, ta, ma
8000177c: 66 65        	ld	a0, 88(sp)
8000177e: 07 64 05 02  	vle32.v	v8, (a0)
80001782: 87 e4 89 02  	vl1re32.v	v9, (s3)
80001786: 57 94 84 02  	vfadd.vv	v8, v8, v9
8000178a: 27 64 05 02  	vse32.v	v8, (a0)
8000178e: 46 65        	ld	a0, 80(sp)
80001790: 07 64 05 02  	vle32.v	v8, (a0)
80001794: 87 e4 8c 02  	vl1re32.v	v9, (s9)
80001798: 57 94 84 02  	vfadd.vv	v8, v8, v9
8000179c: 27 64 05 02  	vse32.v	v8, (a0)
800017a0: 73 25 20 c2  	csrr	a0, vlenb
800017a4: b1 45        	li	a1, 12
800017a6: 33 05 b5 02  	mul	a0, a0, a1
800017aa: 0a 95        	add	a0, a0, sp
800017ac: 13 05 05 0d  	addi	a0, a0, 208
800017b0: f3 25 20 c2  	csrr	a1, vlenb
800017b4: 2d 46        	li	a2, 11
800017b6: b3 85 c5 02  	mul	a1, a1, a2
800017ba: 8a 95        	add	a1, a1, sp
800017bc: 93 85 05 0d  	addi	a1, a1, 208
800017c0: 73 26 20 c2  	csrr	a2, vlenb
800017c4: 0e 06        	slli	a2, a2, 3
800017c6: 0a 96        	add	a2, a2, sp
800017c8: 13 06 06 0d  	addi	a2, a2, 208
800017cc: 07 04 86 02  	vl1r.v	v8, (a2)
800017d0: 73 26 20 c2  	csrr	a2, vlenb
800017d4: 06 06        	slli	a2, a2, 1
800017d6: 0a 96        	add	a2, a2, sp
800017d8: 13 06 06 0d  	addi	a2, a2, 208
800017dc: 87 04 86 02  	vl1r.v	v9, (a2)
800017e0: 73 26 20 c2  	csrr	a2, vlenb
800017e4: 93 16 26 00  	slli	a3, a2, 2
800017e8: 36 96        	add	a2, a2, a3
800017ea: 0a 96        	add	a2, a2, sp
800017ec: 13 06 06 0d  	addi	a2, a2, 208
800017f0: 07 05 86 02  	vl1r.v	v10, (a2)
800017f4: 73 26 20 c2  	csrr	a2, vlenb
800017f8: 0a 06        	slli	a2, a2, 2
800017fa: 0a 96        	add	a2, a2, sp
800017fc: 13 06 06 0d  	addi	a2, a2, 208
80001800: 87 05 86 02  	vl1r.v	v11, (a2)
80001804: 22 86        	mv	a2, s0
80001806: 97 00 00 00  	auipc	ra, 0
8000180a: e7 80 e0 b8  	jalr	-1138(ra)
8000180e: 57 70 04 0d  	vsetvli	zero, s0, e32, m1, ta, ma
80001812: 26 65        	ld	a0, 72(sp)
80001814: 07 64 05 02  	vle32.v	v8, (a0)
80001818: 87 e4 89 02  	vl1re32.v	v9, (s3)
8000181c: 57 94 84 02  	vfadd.vv	v8, v8, v9
80001820: 27 64 05 02  	vse32.v	v8, (a0)
80001824: 06 65        	ld	a0, 64(sp)
80001826: 07 64 05 02  	vle32.v	v8, (a0)
8000182a: 87 e4 8c 02  	vl1re32.v	v9, (s9)
8000182e: 57 94 84 02  	vfadd.vv	v8, v8, v9
80001832: 27 64 05 02  	vse32.v	v8, (a0)
80001836: 73 25 20 c2  	csrr	a0, vlenb
8000183a: b1 45        	li	a1, 12
8000183c: 33 05 b5 02  	mul	a0, a0, a1
80001840: 0a 95        	add	a0, a0, sp
80001842: 13 05 05 0d  	addi	a0, a0, 208
80001846: f3 25 20 c2  	csrr	a1, vlenb
8000184a: 2d 46        	li	a2, 11
8000184c: b3 85 c5 02  	mul	a1, a1, a2
80001850: 8a 95        	add	a1, a1, sp
80001852: 93 85 05 0d  	addi	a1, a1, 208
80001856: 73 26 20 c2  	csrr	a2, vlenb
8000185a: 93 16 36 00  	slli	a3, a2, 3
8000185e: 33 86 c6 40  	sub	a2, a3, a2
80001862: 0a 96        	add	a2, a2, sp
80001864: 13 06 06 0d  	addi	a2, a2, 208
80001868: 07 04 86 02  	vl1r.v	v8, (a2)
8000186c: 73 26 20 c2  	csrr	a2, vlenb
80001870: 99 46        	li	a3, 6
80001872: 33 06 d6 02  	mul	a2, a2, a3
80001876: 0a 96        	add	a2, a2, sp
80001878: 13 06 06 0d  	addi	a2, a2, 208
8000187c: 87 04 86 02  	vl1r.v	v9, (a2)
80001880: 73 26 20 c2  	csrr	a2, vlenb
80001884: 93 16 26 00  	slli	a3, a2, 2
80001888: 36 96        	add	a2, a2, a3
8000188a: 0a 96        	add	a2, a2, sp
8000188c: 13 06 06 0d  	addi	a2, a2, 208
80001890: 07 05 86 02  	vl1r.v	v10, (a2)
80001894: 73 26 20 c2  	csrr	a2, vlenb
80001898: 0a 06        	slli	a2, a2, 2
8000189a: 0a 96        	add	a2, a2, sp
8000189c: 13 06 06 0d  	addi	a2, a2, 208
800018a0: 87 05 86 02  	vl1r.v	v11, (a2)
800018a4: 22 86        	mv	a2, s0
800018a6: 97 00 00 00  	auipc	ra, 0
800018aa: e7 80 e0 ae  	jalr	-1298(ra)
800018ae: 57 70 04 0d  	vsetvli	zero, s0, e32, m1, ta, ma
800018b2: 62 75        	ld	a0, 56(sp)
800018b4: 07 64 05 02  	vle32.v	v8, (a0)
800018b8: 87 e4 89 02  	vl1re32.v	v9, (s3)
800018bc: 57 94 84 02  	vfadd.vv	v8, v8, v9
800018c0: 27 64 05 02  	vse32.v	v8, (a0)
800018c4: 42 75        	ld	a0, 48(sp)
800018c6: 07 64 05 02  	vle32.v	v8, (a0)
800018ca: 87 e4 8c 02  	vl1re32.v	v9, (s9)
800018ce: 57 94 84 02  	vfadd.vv	v8, v8, v9
800018d2: 27 64 05 02  	vse32.v	v8, (a0)
800018d6: 73 25 20 c2  	csrr	a0, vlenb
800018da: b1 45        	li	a1, 12
800018dc: 33 05 b5 02  	mul	a0, a0, a1
800018e0: 0a 95        	add	a0, a0, sp
800018e2: 13 05 05 0d  	addi	a0, a0, 208
800018e6: f3 25 20 c2  	csrr	a1, vlenb
800018ea: 2d 46        	li	a2, 11
800018ec: b3 85 c5 02  	mul	a1, a1, a2
800018f0: 8a 95        	add	a1, a1, sp
800018f2: 93 85 05 0d  	addi	a1, a1, 208
800018f6: 73 26 20 c2  	csrr	a2, vlenb
800018fa: 0e 06        	slli	a2, a2, 3
800018fc: 0a 96        	add	a2, a2, sp
800018fe: 13 06 06 0d  	addi	a2, a2, 208
80001902: 07 04 86 02  	vl1r.v	v8, (a2)
80001906: 73 26 20 c2  	csrr	a2, vlenb
8000190a: 06 06        	slli	a2, a2, 1
8000190c: 0a 96        	add	a2, a2, sp
8000190e: 13 06 06 0d  	addi	a2, a2, 208
80001912: 87 04 86 02  	vl1r.v	v9, (a2)
80001916: 57 35 80 9e  	vmv1r.v	v10, v8
8000191a: 73 26 20 c2  	csrr	a2, vlenb
8000191e: 93 16 16 00  	slli	a3, a2, 1
80001922: 36 96        	add	a2, a2, a3
80001924: 0a 96        	add	a2, a2, sp
80001926: 13 06 06 0d  	addi	a2, a2, 208
8000192a: 87 05 86 02  	vl1r.v	v11, (a2)
8000192e: 22 86        	mv	a2, s0
80001930: 97 00 00 00  	auipc	ra, 0
80001934: e7 80 40 a6  	jalr	-1436(ra)
80001938: 57 70 04 0d  	vsetvli	zero, s0, e32, m1, ta, ma
8000193c: 22 75        	ld	a0, 40(sp)
8000193e: 07 64 05 02  	vle32.v	v8, (a0)
80001942: 87 e4 89 02  	vl1re32.v	v9, (s3)
80001946: 57 94 84 02  	vfadd.vv	v8, v8, v9
8000194a: 27 64 05 02  	vse32.v	v8, (a0)
8000194e: 02 75        	ld	a0, 32(sp)
80001950: 07 64 05 02  	vle32.v	v8, (a0)
80001954: 87 e4 8c 02  	vl1re32.v	v9, (s9)
80001958: 57 94 84 02  	vfadd.vv	v8, v8, v9
8000195c: 27 64 05 02  	vse32.v	v8, (a0)
80001960: 73 25 20 c2  	csrr	a0, vlenb
80001964: b1 45        	li	a1, 12
80001966: 33 05 b5 02  	mul	a0, a0, a1
8000196a: 0a 95        	add	a0, a0, sp
8000196c: 13 05 05 0d  	addi	a0, a0, 208
80001970: f3 25 20 c2  	csrr	a1, vlenb
80001974: 2d 46        	li	a2, 11
80001976: b3 85 c5 02  	mul	a1, a1, a2
8000197a: 8a 95        	add	a1, a1, sp
8000197c: 93 85 05 0d  	addi	a1, a1, 208
80001980: 73 26 20 c2  	csrr	a2, vlenb
80001984: 93 16 36 00  	slli	a3, a2, 3
80001988: 33 86 c6 40  	sub	a2, a3, a2
8000198c: 0a 96        	add	a2, a2, sp
8000198e: 13 06 06 0d  	addi	a2, a2, 208
80001992: 07 04 86 02  	vl1r.v	v8, (a2)
80001996: 73 26 20 c2  	csrr	a2, vlenb
8000199a: 99 46        	li	a3, 6
8000199c: 33 06 d6 02  	mul	a2, a2, a3
800019a0: 0a 96        	add	a2, a2, sp
800019a2: 13 06 06 0d  	addi	a2, a2, 208
800019a6: 87 04 86 02  	vl1r.v	v9, (a2)
800019aa: 73 26 20 c2  	csrr	a2, vlenb
800019ae: 0e 06        	slli	a2, a2, 3
800019b0: 0a 96        	add	a2, a2, sp
800019b2: 13 06 06 0d  	addi	a2, a2, 208
800019b6: 07 05 86 02  	vl1r.v	v10, (a2)
800019ba: 73 26 20 c2  	csrr	a2, vlenb
800019be: 93 16 16 00  	slli	a3, a2, 1
800019c2: 36 96        	add	a2, a2, a3
800019c4: 0a 96        	add	a2, a2, sp
800019c6: 13 06 06 0d  	addi	a2, a2, 208
800019ca: 87 05 86 02  	vl1r.v	v11, (a2)
800019ce: 22 86        	mv	a2, s0
800019d0: 97 00 00 00  	auipc	ra, 0
800019d4: e7 80 40 9c  	jalr	-1596(ra)
800019d8: 57 70 04 0d  	vsetvli	zero, s0, e32, m1, ta, ma
800019dc: 62 65        	ld	a0, 24(sp)
800019de: 07 64 05 02  	vle32.v	v8, (a0)
800019e2: 87 e4 89 02  	vl1re32.v	v9, (s3)
800019e6: 57 94 84 02  	vfadd.vv	v8, v8, v9
800019ea: 27 64 05 02  	vse32.v	v8, (a0)
800019ee: 07 64 09 02  	vle32.v	v8, (s2)
800019f2: 87 e4 8c 02  	vl1re32.v	v9, (s9)
800019f6: 57 94 84 02  	vfadd.vv	v8, v8, v9
800019fa: 27 64 09 02  	vse32.v	v8, (s2)
800019fe: 73 25 20 c2  	csrr	a0, vlenb
80001a02: b1 45        	li	a1, 12
80001a04: 33 05 b5 02  	mul	a0, a0, a1
80001a08: 0a 95        	add	a0, a0, sp
80001a0a: 13 05 05 0d  	addi	a0, a0, 208
80001a0e: f3 25 20 c2  	csrr	a1, vlenb
80001a12: 2d 46        	li	a2, 11
80001a14: b3 85 c5 02  	mul	a1, a1, a2
80001a18: 8a 95        	add	a1, a1, sp
80001a1a: 93 85 05 0d  	addi	a1, a1, 208
80001a1e: 73 26 20 c2  	csrr	a2, vlenb
80001a22: 93 16 36 00  	slli	a3, a2, 3
80001a26: 33 86 c6 40  	sub	a2, a3, a2
80001a2a: 0a 96        	add	a2, a2, sp
80001a2c: 13 06 06 0d  	addi	a2, a2, 208
80001a30: 07 04 86 02  	vl1r.v	v8, (a2)
80001a34: 73 26 20 c2  	csrr	a2, vlenb
80001a38: 99 46        	li	a3, 6
80001a3a: 33 06 d6 02  	mul	a2, a2, a3
80001a3e: 0a 96        	add	a2, a2, sp
80001a40: 13 06 06 0d  	addi	a2, a2, 208
80001a44: 87 04 86 02  	vl1r.v	v9, (a2)
80001a48: 57 35 80 9e  	vmv1r.v	v10, v8
80001a4c: 73 26 20 c2  	csrr	a2, vlenb
80001a50: 0a 96        	add	a2, a2, sp
80001a52: 13 06 06 0d  	addi	a2, a2, 208
80001a56: 87 05 86 02  	vl1r.v	v11, (a2)
80001a5a: 22 86        	mv	a2, s0
80001a5c: 97 00 00 00  	auipc	ra, 0
80001a60: e7 80 80 93  	jalr	-1736(ra)
80001a64: 57 70 04 0d  	vsetvli	zero, s0, e32, m1, ta, ma
80001a68: 07 64 0c 02  	vle32.v	v8, (s8)
80001a6c: 87 e4 89 02  	vl1re32.v	v9, (s3)
80001a70: 57 94 84 02  	vfadd.vv	v8, v8, v9
80001a74: 27 64 0c 02  	vse32.v	v8, (s8)
80001a78: 07 64 0d 02  	vle32.v	v8, (s10)
80001a7c: 87 e4 8c 02  	vl1re32.v	v9, (s9)
80001a80: 57 94 84 02  	vfadd.vv	v8, v8, v9
80001a84: 27 64 0d 02  	vse32.v	v8, (s10)
80001a88: 85 0b        	addi	s7, s7, 1
80001a8a: 0a 75        	ld	a0, 160(sp)
80001a8c: aa 94        	add	s1, s1, a0
80001a8e: 6a 75        	ld	a0, 184(sp)
80001a90: 63 0b 75 63  	beq	a0, s7, 0x800020c6 <v_compute_gram_f32+0xaca>
80001a94: 0e 65        	ld	a0, 192(sp)
80001a96: 26 95        	add	a0, a0, s1
80001a98: 57 70 04 0d  	vsetvli	zero, s0, e32, m1, ta, ma
80001a9c: 07 64 05 02  	vle32.v	v8, (a0)
80001aa0: 2e 65        	ld	a0, 200(sp)
80001aa2: 26 95        	add	a0, a0, s1
80001aa4: 87 65 05 02  	vle32.v	v11, (a0)
80001aa8: d7 94 b5 26  	vfneg.v	v9, v11
80001aac: 73 25 20 c2  	csrr	a0, vlenb
80001ab0: b1 45        	li	a1, 12
80001ab2: 33 05 b5 02  	mul	a0, a0, a1
80001ab6: 0a 95        	add	a0, a0, sp
80001ab8: 13 05 05 0d  	addi	a0, a0, 208
80001abc: f3 25 20 c2  	csrr	a1, vlenb
80001ac0: 2d 46        	li	a2, 11
80001ac2: b3 85 c5 02  	mul	a1, a1, a2
80001ac6: 8a 95        	add	a1, a1, sp
80001ac8: 93 85 05 0d  	addi	a1, a1, 208
80001acc: 73 26 20 c2  	csrr	a2, vlenb
80001ad0: a9 46        	li	a3, 10
80001ad2: 33 06 d6 02  	mul	a2, a2, a3
80001ad6: 0a 96        	add	a2, a2, sp
80001ad8: 13 06 06 0d  	addi	a2, a2, 208
80001adc: 27 04 86 02  	vs1r.v	v8, (a2)
80001ae0: 57 05 04 5e  	vmv.v.v	v10, v8
80001ae4: 73 26 20 c2  	csrr	a2, vlenb
80001ae8: 93 16 36 00  	slli	a3, a2, 3
80001aec: 36 96        	add	a2, a2, a3
80001aee: 0a 96        	add	a2, a2, sp
80001af0: 13 06 06 0d  	addi	a2, a2, 208
80001af4: a7 05 86 02  	vs1r.v	v11, (a2)
80001af8: 22 86        	mv	a2, s0
80001afa: 97 00 00 00  	auipc	ra, 0
80001afe: e7 80 a0 89  	jalr	-1894(ra)
80001b02: 63 85 0b 02  	beqz	s7, 0x80001b2c <v_compute_gram_f32+0x530>
80001b06: 57 70 04 0d  	vsetvli	zero, s0, e32, m1, ta, ma
80001b0a: 2a 75        	ld	a0, 168(sp)
80001b0c: 07 64 05 02  	vle32.v	v8, (a0)
80001b10: 87 e4 89 02  	vl1re32.v	v9, (s3)
80001b14: 57 94 84 02  	vfadd.vv	v8, v8, v9
80001b18: 27 64 05 02  	vse32.v	v8, (a0)
80001b1c: 4a 75        	ld	a0, 176(sp)
80001b1e: 07 64 05 02  	vle32.v	v8, (a0)
80001b22: 87 e4 8c 02  	vl1re32.v	v9, (s9)
80001b26: 57 94 84 02  	vfadd.vv	v8, v8, v9
80001b2a: 39 a8        	j	0x80001b48 <v_compute_gram_f32+0x54c>
80001b2c: 07 e4 89 02  	vl1re32.v	v8, (s3)
80001b30: 57 70 04 0d  	vsetvli	zero, s0, e32, m1, ta, ma
80001b34: 57 54 84 02  	vfadd.vf	v8, v8, fs0
80001b38: 27 84 89 02  	vs1r.v	v8, (s3)
80001b3c: 2a 75        	ld	a0, 168(sp)
80001b3e: 27 64 05 02  	vse32.v	v8, (a0)
80001b42: 07 e4 8c 02  	vl1re32.v	v8, (s9)
80001b46: 4a 75        	ld	a0, 176(sp)
80001b48: 27 64 05 02  	vse32.v	v8, (a0)
80001b4c: 46 75        	ld	a0, 112(sp)
80001b4e: 26 95        	add	a0, a0, s1
80001b50: 07 64 05 02  	vle32.v	v8, (a0)
80001b54: 2a 65        	ld	a0, 136(sp)
80001b56: 26 95        	add	a0, a0, s1
80001b58: 87 64 05 02  	vle32.v	v9, (a0)
80001b5c: 73 25 20 c2  	csrr	a0, vlenb
80001b60: 0a 05        	slli	a0, a0, 2
80001b62: 0a 95        	add	a0, a0, sp
80001b64: 13 05 05 0d  	addi	a0, a0, 208
80001b68: a7 04 85 02  	vs1r.v	v9, (a0)
80001b6c: d7 94 94 26  	vfneg.v	v9, v9
80001b70: 73 25 20 c2  	csrr	a0, vlenb
80001b74: b1 45        	li	a1, 12
80001b76: 33 05 b5 02  	mul	a0, a0, a1
80001b7a: 0a 95        	add	a0, a0, sp
80001b7c: 13 05 05 0d  	addi	a0, a0, 208
80001b80: f3 25 20 c2  	csrr	a1, vlenb
80001b84: 2d 46        	li	a2, 11
80001b86: b3 85 c5 02  	mul	a1, a1, a2
80001b8a: 8a 95        	add	a1, a1, sp
80001b8c: 93 85 05 0d  	addi	a1, a1, 208
80001b90: 73 26 20 c2  	csrr	a2, vlenb
80001b94: 93 16 26 00  	slli	a3, a2, 2
80001b98: 36 96        	add	a2, a2, a3
80001b9a: 0a 96        	add	a2, a2, sp
80001b9c: 13 06 06 0d  	addi	a2, a2, 208
80001ba0: 27 04 86 02  	vs1r.v	v8, (a2)
80001ba4: 90 09        	addi	a2, sp, 208
80001ba6: a7 04 86 02  	vs1r.v	v9, (a2)
80001baa: 73 26 20 c2  	csrr	a2, vlenb
80001bae: a9 46        	li	a3, 10
80001bb0: 33 06 d6 02  	mul	a2, a2, a3
80001bb4: 0a 96        	add	a2, a2, sp
80001bb6: 13 06 06 0d  	addi	a2, a2, 208
80001bba: 07 05 86 02  	vl1r.v	v10, (a2)
80001bbe: 73 26 20 c2  	csrr	a2, vlenb
80001bc2: 93 16 36 00  	slli	a3, a2, 3
80001bc6: 36 96        	add	a2, a2, a3
80001bc8: 0a 96        	add	a2, a2, sp
80001bca: 13 06 06 0d  	addi	a2, a2, 208
80001bce: 87 05 86 02  	vl1r.v	v11, (a2)
80001bd2: 22 86        	mv	a2, s0
80001bd4: 97 f0 ff ff  	auipc	ra, 1048575
80001bd8: e7 80 00 7c  	jalr	1984(ra)
80001bdc: 63 85 0b 02  	beqz	s7, 0x80001c06 <v_compute_gram_f32+0x60a>
80001be0: 57 70 04 0d  	vsetvli	zero, s0, e32, m1, ta, ma
80001be4: 26 75        	ld	a0, 104(sp)
80001be6: 07 64 05 02  	vle32.v	v8, (a0)
80001bea: 87 e4 89 02  	vl1re32.v	v9, (s3)
80001bee: 57 94 84 02  	vfadd.vv	v8, v8, v9
80001bf2: 27 64 05 02  	vse32.v	v8, (a0)
80001bf6: 06 75        	ld	a0, 96(sp)
80001bf8: 07 64 05 02  	vle32.v	v8, (a0)
80001bfc: 87 e4 8c 02  	vl1re32.v	v9, (s9)
80001c00: 57 94 84 02  	vfadd.vv	v8, v8, v9
80001c04: 19 a8        	j	0x80001c1a <v_compute_gram_f32+0x61e>
80001c06: 07 e4 89 02  	vl1re32.v	v8, (s3)
80001c0a: 57 70 04 0d  	vsetvli	zero, s0, e32, m1, ta, ma
80001c0e: 26 75        	ld	a0, 104(sp)
80001c10: 27 64 05 02  	vse32.v	v8, (a0)
80001c14: 07 e4 8c 02  	vl1re32.v	v8, (s9)
80001c18: 06 75        	ld	a0, 96(sp)
80001c1a: 27 64 05 02  	vse32.v	v8, (a0)
80001c1e: 66 75        	ld	a0, 120(sp)
80001c20: 26 95        	add	a0, a0, s1
80001c22: 07 64 05 02  	vle32.v	v8, (a0)
80001c26: 4a 65        	ld	a0, 144(sp)
80001c28: 26 95        	add	a0, a0, s1
80001c2a: 87 64 05 02  	vle32.v	v9, (a0)
80001c2e: 73 25 20 c2  	csrr	a0, vlenb
80001c32: 93 15 15 00  	slli	a1, a0, 1
80001c36: 2e 95        	add	a0, a0, a1
80001c38: 0a 95        	add	a0, a0, sp
80001c3a: 13 05 05 0d  	addi	a0, a0, 208
80001c3e: a7 04 85 02  	vs1r.v	v9, (a0)
80001c42: d7 94 94 26  	vfneg.v	v9, v9
80001c46: 73 25 20 c2  	csrr	a0, vlenb
80001c4a: b1 45        	li	a1, 12
80001c4c: 33 05 b5 02  	mul	a0, a0, a1
80001c50: 0a 95        	add	a0, a0, sp
80001c52: 13 05 05 0d  	addi	a0, a0, 208
80001c56: f3 25 20 c2  	csrr	a1, vlenb
80001c5a: 2d 46        	li	a2, 11
80001c5c: b3 85 c5 02  	mul	a1, a1, a2
80001c60: 8a 95        	add	a1, a1, sp
80001c62: 93 85 05 0d  	addi	a1, a1, 208
80001c66: 73 26 20 c2  	csrr	a2, vlenb
80001c6a: 0e 06        	slli	a2, a2, 3
80001c6c: 0a 96        	add	a2, a2, sp
80001c6e: 13 06 06 0d  	addi	a2, a2, 208
80001c72: 27 04 86 02  	vs1r.v	v8, (a2)
80001c76: 73 26 20 c2  	csrr	a2, vlenb
80001c7a: 06 06        	slli	a2, a2, 1
80001c7c: 0a 96        	add	a2, a2, sp
80001c7e: 13 06 06 0d  	addi	a2, a2, 208
80001c82: a7 04 86 02  	vs1r.v	v9, (a2)
80001c86: 73 26 20 c2  	csrr	a2, vlenb
80001c8a: a9 46        	li	a3, 10
80001c8c: 33 06 d6 02  	mul	a2, a2, a3
80001c90: 0a 96        	add	a2, a2, sp
80001c92: 13 06 06 0d  	addi	a2, a2, 208
80001c96: 07 05 86 02  	vl1r.v	v10, (a2)
80001c9a: 73 26 20 c2  	csrr	a2, vlenb
80001c9e: 93 16 36 00  	slli	a3, a2, 3
80001ca2: 36 96        	add	a2, a2, a3
80001ca4: 0a 96        	add	a2, a2, sp
80001ca6: 13 06 06 0d  	addi	a2, a2, 208
80001caa: 87 05 86 02  	vl1r.v	v11, (a2)
80001cae: 22 86        	mv	a2, s0
80001cb0: 97 f0 ff ff  	auipc	ra, 1048575
80001cb4: e7 80 40 6e  	jalr	1764(ra)
80001cb8: 63 83 0b 02  	beqz	s7, 0x80001cde <v_compute_gram_f32+0x6e2>
80001cbc: 57 70 04 0d  	vsetvli	zero, s0, e32, m1, ta, ma
80001cc0: 07 e4 0d 02  	vle32.v	v8, (s11)
80001cc4: 87 e4 89 02  	vl1re32.v	v9, (s3)
80001cc8: 57 94 84 02  	vfadd.vv	v8, v8, v9
80001ccc: 27 e4 0d 02  	vse32.v	v8, (s11)
80001cd0: 07 64 0a 02  	vle32.v	v8, (s4)
80001cd4: 87 e4 8c 02  	vl1re32.v	v9, (s9)
80001cd8: 57 94 84 02  	vfadd.vv	v8, v8, v9
80001cdc: 09 a8        	j	0x80001cee <v_compute_gram_f32+0x6f2>
80001cde: 07 e4 89 02  	vl1re32.v	v8, (s3)
80001ce2: 57 70 04 0d  	vsetvli	zero, s0, e32, m1, ta, ma
80001ce6: 27 e4 0d 02  	vse32.v	v8, (s11)
80001cea: 07 e4 8c 02  	vl1re32.v	v8, (s9)
80001cee: 27 64 0a 02  	vse32.v	v8, (s4)
80001cf2: 0a 65        	ld	a0, 128(sp)
80001cf4: 26 95        	add	a0, a0, s1
80001cf6: 07 64 05 02  	vle32.v	v8, (a0)
80001cfa: 6a 65        	ld	a0, 152(sp)
80001cfc: 26 95        	add	a0, a0, s1
80001cfe: 87 64 05 02  	vle32.v	v9, (a0)
80001d02: 73 25 20 c2  	csrr	a0, vlenb
80001d06: 0a 95        	add	a0, a0, sp
80001d08: 13 05 05 0d  	addi	a0, a0, 208
80001d0c: a7 04 85 02  	vs1r.v	v9, (a0)
80001d10: d7 94 94 26  	vfneg.v	v9, v9
80001d14: 73 25 20 c2  	csrr	a0, vlenb
80001d18: b1 45        	li	a1, 12
80001d1a: 33 05 b5 02  	mul	a0, a0, a1
80001d1e: 0a 95        	add	a0, a0, sp
80001d20: 13 05 05 0d  	addi	a0, a0, 208
80001d24: f3 25 20 c2  	csrr	a1, vlenb
80001d28: 2d 46        	li	a2, 11
80001d2a: b3 85 c5 02  	mul	a1, a1, a2
80001d2e: 8a 95        	add	a1, a1, sp
80001d30: 93 85 05 0d  	addi	a1, a1, 208
80001d34: 73 26 20 c2  	csrr	a2, vlenb
80001d38: 93 16 36 00  	slli	a3, a2, 3
80001d3c: 33 86 c6 40  	sub	a2, a3, a2
80001d40: 0a 96        	add	a2, a2, sp
80001d42: 13 06 06 0d  	addi	a2, a2, 208
80001d46: 27 04 86 02  	vs1r.v	v8, (a2)
80001d4a: 73 26 20 c2  	csrr	a2, vlenb
80001d4e: 99 46        	li	a3, 6
80001d50: 33 06 d6 02  	mul	a2, a2, a3
80001d54: 0a 96        	add	a2, a2, sp
80001d56: 13 06 06 0d  	addi	a2, a2, 208
80001d5a: a7 04 86 02  	vs1r.v	v9, (a2)
80001d5e: 73 26 20 c2  	csrr	a2, vlenb
80001d62: a9 46        	li	a3, 10
80001d64: 33 06 d6 02  	mul	a2, a2, a3
80001d68: 0a 96        	add	a2, a2, sp
80001d6a: 13 06 06 0d  	addi	a2, a2, 208
80001d6e: 07 05 86 02  	vl1r.v	v10, (a2)
80001d72: 73 26 20 c2  	csrr	a2, vlenb
80001d76: 93 16 36 00  	slli	a3, a2, 3
80001d7a: 36 96        	add	a2, a2, a3
80001d7c: 0a 96        	add	a2, a2, sp
80001d7e: 13 06 06 0d  	addi	a2, a2, 208
80001d82: 87 05 86 02  	vl1r.v	v11, (a2)
80001d86: 22 86        	mv	a2, s0
80001d88: 97 f0 ff ff  	auipc	ra, 1048575
80001d8c: e7 80 c0 60  	jalr	1548(ra)
80001d90: e3 96 0b 96  	bnez	s7, 0x800016fc <v_compute_gram_f32+0x100>
80001d94: 07 e4 89 02  	vl1re32.v	v8, (s3)
80001d98: 57 70 04 0d  	vsetvli	zero, s0, e32, m1, ta, ma
80001d9c: 27 64 0b 02  	vse32.v	v8, (s6)
80001da0: 07 e4 8c 02  	vl1re32.v	v8, (s9)
80001da4: 27 e4 0a 02  	vse32.v	v8, (s5)
80001da8: 73 25 20 c2  	csrr	a0, vlenb
80001dac: b1 45        	li	a1, 12
80001dae: 33 05 b5 02  	mul	a0, a0, a1
80001db2: 0a 95        	add	a0, a0, sp
80001db4: 13 05 05 0d  	addi	a0, a0, 208
80001db8: f3 25 20 c2  	csrr	a1, vlenb
80001dbc: 2d 46        	li	a2, 11
80001dbe: b3 85 c5 02  	mul	a1, a1, a2
80001dc2: 8a 95        	add	a1, a1, sp
80001dc4: 93 85 05 0d  	addi	a1, a1, 208
80001dc8: 73 26 20 c2  	csrr	a2, vlenb
80001dcc: 93 16 26 00  	slli	a3, a2, 2
80001dd0: 36 96        	add	a2, a2, a3
80001dd2: 0a 96        	add	a2, a2, sp
80001dd4: 13 06 06 0d  	addi	a2, a2, 208
80001dd8: 07 04 86 02  	vl1r.v	v8, (a2)
80001ddc: 90 09        	addi	a2, sp, 208
80001dde: 87 04 86 02  	vl1r.v	v9, (a2)
80001de2: 57 35 80 9e  	vmv1r.v	v10, v8
80001de6: 73 26 20 c2  	csrr	a2, vlenb
80001dea: 0a 06        	slli	a2, a2, 2
80001dec: 0a 96        	add	a2, a2, sp
80001dee: 13 06 06 0d  	addi	a2, a2, 208
80001df2: 87 05 86 02  	vl1r.v	v11, (a2)
80001df6: 22 86        	mv	a2, s0
80001df8: 97 f0 ff ff  	auipc	ra, 1048575
80001dfc: e7 80 c0 59  	jalr	1436(ra)
80001e00: 07 e4 89 02  	vl1re32.v	v8, (s3)
80001e04: 57 70 04 0d  	vsetvli	zero, s0, e32, m1, ta, ma
80001e08: 57 54 84 02  	vfadd.vf	v8, v8, fs0
80001e0c: 27 84 89 02  	vs1r.v	v8, (s3)
80001e10: 66 65        	ld	a0, 88(sp)
80001e12: 27 64 05 02  	vse32.v	v8, (a0)
80001e16: 07 e4 8c 02  	vl1re32.v	v8, (s9)
80001e1a: 46 65        	ld	a0, 80(sp)
80001e1c: 27 64 05 02  	vse32.v	v8, (a0)
80001e20: 73 25 20 c2  	csrr	a0, vlenb
80001e24: b1 45        	li	a1, 12
80001e26: 33 05 b5 02  	mul	a0, a0, a1
80001e2a: 0a 95        	add	a0, a0, sp
80001e2c: 13 05 05 0d  	addi	a0, a0, 208
80001e30: f3 25 20 c2  	csrr	a1, vlenb
80001e34: 2d 46        	li	a2, 11
80001e36: b3 85 c5 02  	mul	a1, a1, a2
80001e3a: 8a 95        	add	a1, a1, sp
80001e3c: 93 85 05 0d  	addi	a1, a1, 208
80001e40: 73 26 20 c2  	csrr	a2, vlenb
80001e44: 0e 06        	slli	a2, a2, 3
80001e46: 0a 96        	add	a2, a2, sp
80001e48: 13 06 06 0d  	addi	a2, a2, 208
80001e4c: 07 04 86 02  	vl1r.v	v8, (a2)
80001e50: 73 26 20 c2  	csrr	a2, vlenb
80001e54: 06 06        	slli	a2, a2, 1
80001e56: 0a 96        	add	a2, a2, sp
80001e58: 13 06 06 0d  	addi	a2, a2, 208
80001e5c: 87 04 86 02  	vl1r.v	v9, (a2)
80001e60: 73 26 20 c2  	csrr	a2, vlenb
80001e64: 93 16 26 00  	slli	a3, a2, 2
80001e68: 36 96        	add	a2, a2, a3
80001e6a: 0a 96        	add	a2, a2, sp
80001e6c: 13 06 06 0d  	addi	a2, a2, 208
80001e70: 07 05 86 02  	vl1r.v	v10, (a2)
80001e74: 73 26 20 c2  	csrr	a2, vlenb
80001e78: 0a 06        	slli	a2, a2, 2
80001e7a: 0a 96        	add	a2, a2, sp
80001e7c: 13 06 06 0d  	addi	a2, a2, 208
80001e80: 87 05 86 02  	vl1r.v	v11, (a2)
80001e84: 22 86        	mv	a2, s0
80001e86: 97 f0 ff ff  	auipc	ra, 1048575
80001e8a: e7 80 e0 50  	jalr	1294(ra)
80001e8e: 07 e4 89 02  	vl1re32.v	v8, (s3)
80001e92: 57 70 04 0d  	vsetvli	zero, s0, e32, m1, ta, ma
80001e96: 26 65        	ld	a0, 72(sp)
80001e98: 27 64 05 02  	vse32.v	v8, (a0)
80001e9c: 07 e4 8c 02  	vl1re32.v	v8, (s9)
80001ea0: 06 65        	ld	a0, 64(sp)
80001ea2: 27 64 05 02  	vse32.v	v8, (a0)
80001ea6: 73 25 20 c2  	csrr	a0, vlenb
80001eaa: b1 45        	li	a1, 12
80001eac: 33 05 b5 02  	mul	a0, a0, a1
80001eb0: 0a 95        	add	a0, a0, sp
80001eb2: 13 05 05 0d  	addi	a0, a0, 208
80001eb6: f3 25 20 c2  	csrr	a1, vlenb
80001eba: 2d 46        	li	a2, 11
80001ebc: b3 85 c5 02  	mul	a1, a1, a2
80001ec0: 8a 95        	add	a1, a1, sp
80001ec2: 93 85 05 0d  	addi	a1, a1, 208
80001ec6: 73 26 20 c2  	csrr	a2, vlenb
80001eca: 93 16 36 00  	slli	a3, a2, 3
80001ece: 33 86 c6 40  	sub	a2, a3, a2
80001ed2: 0a 96        	add	a2, a2, sp
80001ed4: 13 06 06 0d  	addi	a2, a2, 208
80001ed8: 07 04 86 02  	vl1r.v	v8, (a2)
80001edc: 73 26 20 c2  	csrr	a2, vlenb
80001ee0: 99 46        	li	a3, 6
80001ee2: 33 06 d6 02  	mul	a2, a2, a3
80001ee6: 0a 96        	add	a2, a2, sp
80001ee8: 13 06 06 0d  	addi	a2, a2, 208
80001eec: 87 04 86 02  	vl1r.v	v9, (a2)
80001ef0: 73 26 20 c2  	csrr	a2, vlenb
80001ef4: 93 16 26 00  	slli	a3, a2, 2
80001ef8: 36 96        	add	a2, a2, a3
80001efa: 0a 96        	add	a2, a2, sp
80001efc: 13 06 06 0d  	addi	a2, a2, 208
80001f00: 07 05 86 02  	vl1r.v	v10, (a2)
80001f04: 73 26 20 c2  	csrr	a2, vlenb
80001f08: 0a 06        	slli	a2, a2, 2
80001f0a: 0a 96        	add	a2, a2, sp
80001f0c: 13 06 06 0d  	addi	a2, a2, 208
80001f10: 87 05 86 02  	vl1r.v	v11, (a2)
80001f14: 22 86        	mv	a2, s0
80001f16: 97 f0 ff ff  	auipc	ra, 1048575
80001f1a: e7 80 e0 47  	jalr	1150(ra)
80001f1e: 07 e4 89 02  	vl1re32.v	v8, (s3)
80001f22: 57 70 04 0d  	vsetvli	zero, s0, e32, m1, ta, ma
80001f26: 62 75        	ld	a0, 56(sp)
80001f28: 27 64 05 02  	vse32.v	v8, (a0)
80001f2c: 07 e4 8c 02  	vl1re32.v	v8, (s9)
80001f30: 42 75        	ld	a0, 48(sp)
80001f32: 27 64 05 02  	vse32.v	v8, (a0)
80001f36: 73 25 20 c2  	csrr	a0, vlenb
80001f3a: b1 45        	li	a1, 12
80001f3c: 33 05 b5 02  	mul	a0, a0, a1
80001f40: 0a 95        	add	a0, a0, sp
80001f42: 13 05 05 0d  	addi	a0, a0, 208
80001f46: f3 25 20 c2  	csrr	a1, vlenb
80001f4a: 2d 46        	li	a2, 11
80001f4c: b3 85 c5 02  	mul	a1, a1, a2
80001f50: 8a 95        	add	a1, a1, sp
80001f52: 93 85 05 0d  	addi	a1, a1, 208
80001f56: 73 26 20 c2  	csrr	a2, vlenb
80001f5a: 0e 06        	slli	a2, a2, 3
80001f5c: 0a 96        	add	a2, a2, sp
80001f5e: 13 06 06 0d  	addi	a2, a2, 208
80001f62: 07 04 86 02  	vl1r.v	v8, (a2)
80001f66: 73 26 20 c2  	csrr	a2, vlenb
80001f6a: 06 06        	slli	a2, a2, 1
80001f6c: 0a 96        	add	a2, a2, sp
80001f6e: 13 06 06 0d  	addi	a2, a2, 208
80001f72: 87 04 86 02  	vl1r.v	v9, (a2)
80001f76: 57 35 80 9e  	vmv1r.v	v10, v8
80001f7a: 73 26 20 c2  	csrr	a2, vlenb
80001f7e: 93 16 16 00  	slli	a3, a2, 1
80001f82: 36 96        	add	a2, a2, a3
80001f84: 0a 96        	add	a2, a2, sp
80001f86: 13 06 06 0d  	addi	a2, a2, 208
80001f8a: 87 05 86 02  	vl1r.v	v11, (a2)
80001f8e: 22 86        	mv	a2, s0
80001f90: 97 f0 ff ff  	auipc	ra, 1048575
80001f94: e7 80 40 40  	jalr	1028(ra)
80001f98: 07 e4 89 02  	vl1re32.v	v8, (s3)
80001f9c: 57 70 04 0d  	vsetvli	zero, s0, e32, m1, ta, ma
80001fa0: 57 54 84 02  	vfadd.vf	v8, v8, fs0
80001fa4: 27 84 89 02  	vs1r.v	v8, (s3)
80001fa8: 22 75        	ld	a0, 40(sp)
80001faa: 27 64 05 02  	vse32.v	v8, (a0)
80001fae: 07 e4 8c 02  	vl1re32.v	v8, (s9)
80001fb2: 02 75        	ld	a0, 32(sp)
80001fb4: 27 64 05 02  	vse32.v	v8, (a0)
80001fb8: 73 25 20 c2  	csrr	a0, vlenb
80001fbc: b1 45        	li	a1, 12
80001fbe: 33 05 b5 02  	mul	a0, a0, a1
80001fc2: 0a 95        	add	a0, a0, sp
80001fc4: 13 05 05 0d  	addi	a0, a0, 208
80001fc8: f3 25 20 c2  	csrr	a1, vlenb
80001fcc: 2d 46        	li	a2, 11
80001fce: b3 85 c5 02  	mul	a1, a1, a2
80001fd2: 8a 95        	add	a1, a1, sp
80001fd4: 93 85 05 0d  	addi	a1, a1, 208
80001fd8: 73 26 20 c2  	csrr	a2, vlenb
80001fdc: 93 16 36 00  	slli	a3, a2, 3
80001fe0: 33 86 c6 40  	sub	a2, a3, a2
80001fe4: 0a 96        	add	a2, a2, sp
80001fe6: 13 06 06 0d  	addi	a2, a2, 208
80001fea: 07 04 86 02  	vl1r.v	v8, (a2)
80001fee: 73 26 20 c2  	csrr	a2, vlenb
80001ff2: 99 46        	li	a3, 6
80001ff4: 33 06 d6 02  	mul	a2, a2, a3
80001ff8: 0a 96        	add	a2, a2, sp
80001ffa: 13 06 06 0d  	addi	a2, a2, 208
80001ffe: 87 04 86 02  	vl1r.v	v9, (a2)
80002002: 73 26 20 c2  	csrr	a2, vlenb
80002006: 0e 06        	slli	a2, a2, 3
80002008: 0a 96        	add	a2, a2, sp
8000200a: 13 06 06 0d  	addi	a2, a2, 208
8000200e: 07 05 86 02  	vl1r.v	v10, (a2)
80002012: 73 26 20 c2  	csrr	a2, vlenb
80002016: 93 16 16 00  	slli	a3, a2, 1
8000201a: 36 96        	add	a2, a2, a3
8000201c: 0a 96        	add	a2, a2, sp
8000201e: 13 06 06 0d  	addi	a2, a2, 208
80002022: 87 05 86 02  	vl1r.v	v11, (a2)
80002026: 22 86        	mv	a2, s0
80002028: 97 f0 ff ff  	auipc	ra, 1048575
8000202c: e7 80 c0 36  	jalr	876(ra)
80002030: 07 e4 89 02  	vl1re32.v	v8, (s3)
80002034: 57 70 04 0d  	vsetvli	zero, s0, e32, m1, ta, ma
80002038: 62 65        	ld	a0, 24(sp)
8000203a: 27 64 05 02  	vse32.v	v8, (a0)
8000203e: 07 e4 8c 02  	vl1re32.v	v8, (s9)
80002042: 27 64 09 02  	vse32.v	v8, (s2)
80002046: 73 25 20 c2  	csrr	a0, vlenb
8000204a: b1 45        	li	a1, 12
8000204c: 33 05 b5 02  	mul	a0, a0, a1
80002050: 0a 95        	add	a0, a0, sp
80002052: 13 05 05 0d  	addi	a0, a0, 208
80002056: f3 25 20 c2  	csrr	a1, vlenb
8000205a: 2d 46        	li	a2, 11
8000205c: b3 85 c5 02  	mul	a1, a1, a2
80002060: 8a 95        	add	a1, a1, sp
80002062: 93 85 05 0d  	addi	a1, a1, 208
80002066: 73 26 20 c2  	csrr	a2, vlenb
8000206a: 93 16 36 00  	slli	a3, a2, 3
8000206e: 33 86 c6 40  	sub	a2, a3, a2
80002072: 0a 96        	add	a2, a2, sp
80002074: 13 06 06 0d  	addi	a2, a2, 208
80002078: 07 04 86 02  	vl1r.v	v8, (a2)
8000207c: 73 26 20 c2  	csrr	a2, vlenb
80002080: 99 46        	li	a3, 6
80002082: 33 06 d6 02  	mul	a2, a2, a3
80002086: 0a 96        	add	a2, a2, sp
80002088: 13 06 06 0d  	addi	a2, a2, 208
8000208c: 87 04 86 02  	vl1r.v	v9, (a2)
80002090: 57 35 80 9e  	vmv1r.v	v10, v8
80002094: 73 26 20 c2  	csrr	a2, vlenb
80002098: 0a 96        	add	a2, a2, sp
8000209a: 13 06 06 0d  	addi	a2, a2, 208
8000209e: 87 05 86 02  	vl1r.v	v11, (a2)
800020a2: 22 86        	mv	a2, s0
800020a4: 97 f0 ff ff  	auipc	ra, 1048575
800020a8: e7 80 00 2f  	jalr	752(ra)
800020ac: 07 e4 89 02  	vl1re32.v	v8, (s3)
800020b0: 57 70 04 0d  	vsetvli	zero, s0, e32, m1, ta, ma
800020b4: 57 54 84 02  	vfadd.vf	v8, v8, fs0
800020b8: 27 84 89 02  	vs1r.v	v8, (s3)
800020bc: 27 64 0c 02  	vse32.v	v8, (s8)
800020c0: 07 e4 8c 02  	vl1re32.v	v8, (s9)
800020c4: c1 b2        	j	0x80001a84 <v_compute_gram_f32+0x488>
800020c6: 73 25 20 c2  	csrr	a0, vlenb
800020ca: b9 45        	li	a1, 14
800020cc: 33 05 b5 02  	mul	a0, a0, a1
800020d0: 2a 91        	add	sp, sp, a0
800020d2: f2 70        	ld	ra, 312(sp)
800020d4: 52 74        	ld	s0, 304(sp)
800020d6: b2 74        	ld	s1, 296(sp)
800020d8: 12 79        	ld	s2, 288(sp)
800020da: f2 69        	ld	s3, 280(sp)
800020dc: 52 6a        	ld	s4, 272(sp)
800020de: b2 6a        	ld	s5, 264(sp)
800020e0: 12 6b        	ld	s6, 256(sp)
800020e2: ee 7b        	ld	s7, 248(sp)
800020e4: 4e 7c        	ld	s8, 240(sp)
800020e6: ae 7c        	ld	s9, 232(sp)
800020e8: 0e 7d        	ld	s10, 224(sp)
800020ea: ee 6d        	ld	s11, 216(sp)
800020ec: 4e 24        	fld	fs0, 208(sp)
800020ee: 31 61        	addi	sp, sp, 320
800020f0: 82 80        	ret

00000000800020f2 <printf_>:
800020f2: 1d 71        	addi	sp, sp, -96
800020f4: 06 ec        	sd	ra, 24(sp)
800020f6: aa 82        	mv	t0, a0
800020f8: c6 ec        	sd	a7, 88(sp)
800020fa: c2 e8        	sd	a6, 80(sp)
800020fc: be e4        	sd	a5, 72(sp)
800020fe: ba e0        	sd	a4, 64(sp)
80002100: 36 fc        	sd	a3, 56(sp)
80002102: 32 f8        	sd	a2, 48(sp)
80002104: 2e f4        	sd	a1, 40(sp)
80002106: 28 10        	addi	a0, sp, 40
80002108: 2a e8        	sd	a0, 16(sp)
8000210a: 17 15 00 00  	auipc	a0, 1
8000210e: 13 05 e5 b9  	addi	a0, a0, -1122
80002112: 93 05 f1 00  	addi	a1, sp, 15
80002116: 7d 56        	li	a2, -1
80002118: 38 10        	addi	a4, sp, 40
8000211a: 96 86        	mv	a3, t0
8000211c: 97 00 00 00  	auipc	ra, 0
80002120: e7 80 e0 00  	jalr	14(ra)
80002124: e2 60        	ld	ra, 24(sp)
80002126: 25 61        	addi	sp, sp, 96
80002128: 82 80        	ret

000000008000212a <_vsnprintf>:
8000212a: 55 71        	addi	sp, sp, -208
8000212c: 86 e5        	sd	ra, 200(sp)
8000212e: a2 e1        	sd	s0, 192(sp)
80002130: 26 fd        	sd	s1, 184(sp)
80002132: 4a f9        	sd	s2, 176(sp)
80002134: 4e f5        	sd	s3, 168(sp)
80002136: 52 f1        	sd	s4, 160(sp)
80002138: 56 ed        	sd	s5, 152(sp)
8000213a: 5a e9        	sd	s6, 144(sp)
8000213c: 5e e5        	sd	s7, 136(sp)
8000213e: 62 e1        	sd	s8, 128(sp)
80002140: e6 fc        	sd	s9, 120(sp)
80002142: ea f8        	sd	s10, 112(sp)
80002144: ee f4        	sd	s11, 104(sp)
80002146: a2 b0        	fsd	fs0, 96(sp)
80002148: a6 ac        	fsd	fs1, 88(sp)
8000214a: ba 8b        	mv	s7, a4
8000214c: 36 84        	mv	s0, a3
8000214e: 32 89        	mv	s2, a2
80002150: 2e f8        	sd	a1, 48(sp)
80002152: 99 c1        	beqz	a1, 0x80002158 <_vsnprintf+0x2e>
80002154: 2a 8c        	mv	s8, a0
80002156: 29 a0        	j	0x80002160 <_vsnprintf+0x36>
80002158: 17 15 00 00  	auipc	a0, 1
8000215c: 13 0c c5 b5  	addi	s8, a0, -1188
80002160: 81 4c        	li	s9, 0
80002162: 13 0b 50 02  	li	s6, 37
80002166: 41 4d        	li	s10, 16
80002168: 53 04 00 f2  	fmv.d.x	fs0, zero
8000216c: 37 65 66 66  	lui	a0, 419430
80002170: 1b 0a 75 66  	addiw	s4, a0, 1639
80002174: 93 0d 24 00  	addi	s11, s0, 2
80002178: b3 09 90 41  	neg	s3, s9
8000217c: e6 8a        	mv	s5, s9
8000217e: 03 45 04 00  	lbu	a0, 0(s0)
80002182: e3 07 05 2e  	beqz	a0, 0x80002c70 <_vsnprintf+0xb46>
80002186: 63 02 65 03  	beq	a0, s6, 0x800021aa <_vsnprintf+0x80>
8000218a: 93 84 1a 00  	addi	s1, s5, 1
8000218e: c2 75        	ld	a1, 48(sp)
80002190: 56 86        	mv	a2, s5
80002192: ca 86        	mv	a3, s2
80002194: 02 9c        	jalr	s8
80002196: 05 04        	addi	s0, s0, 1
80002198: 85 2c        	addiw	s9, s9, 1
8000219a: 85 0d        	addi	s11, s11, 1
8000219c: fd 19        	addi	s3, s3, -1
8000219e: a6 8a        	mv	s5, s1
800021a0: 03 45 04 00  	lbu	a0, 0(s0)
800021a4: 6d f1        	bnez	a0, 0x80002186 <_vsnprintf+0x5c>
800021a6: 6f 00 b0 2c  	j	0x80002c70 <_vsnprintf+0xb46>
800021aa: 81 44        	li	s1, 0
800021ac: 93 0c 71 03  	addi	s9, sp, 55
800021b0: 25 47        	li	a4, 9
800021b2: 29 44        	li	s0, 10
800021b4: 21 a0        	j	0x800021bc <_vsnprintf+0x92>
800021b6: c1 45        	li	a1, 16
800021b8: cd 8c        	or	s1, s1, a1
800021ba: 85 0d        	addi	s11, s11, 1
800021bc: 03 c5 fd ff  	lbu	a0, -1(s11)
800021c0: 93 05 05 fe  	addi	a1, a0, -32
800021c4: 63 61 bd 02  	bltu	s10, a1, 0x800021e6 <_vsnprintf+0xbc>
800021c8: 8e 05        	slli	a1, a1, 3
800021ca: 17 26 00 00  	auipc	a2, 2
800021ce: 13 06 e6 20  	addi	a2, a2, 526
800021d2: b2 95        	add	a1, a1, a2
800021d4: 90 61        	ld	a2, 0(a1)
800021d6: 85 45        	li	a1, 1
800021d8: 02 86        	jr	a2
800021da: a1 45        	li	a1, 8
800021dc: f1 bf        	j	0x800021b8 <_vsnprintf+0x8e>
800021de: 91 45        	li	a1, 4
800021e0: e1 bf        	j	0x800021b8 <_vsnprintf+0x8e>
800021e2: 89 45        	li	a1, 2
800021e4: d1 bf        	j	0x800021b8 <_vsnprintf+0x8e>
800021e6: 9b 05 05 fd  	addiw	a1, a0, -48
800021ea: 13 f6 f5 0f  	andi	a2, a1, 255
800021ee: 93 85 fd ff  	addi	a1, s11, -1
800021f2: 63 67 c7 06  	bltu	a4, a2, 0x80002260 <_vsnprintf+0x136>
800021f6: 01 4b        	li	s6, 0
800021f8: 13 76 f5 0f  	andi	a2, a0, 255
800021fc: 03 c5 15 00  	lbu	a0, 1(a1)
80002200: bb 06 8b 02  	mulw	a3, s6, s0
80002204: 85 05        	addi	a1, a1, 1
80002206: 35 9e        	addw	a2, a2, a3
80002208: 9b 06 05 fd  	addiw	a3, a0, -48
8000220c: 93 f6 f6 0f  	andi	a3, a3, 255
80002210: 1b 0b 06 fd  	addiw	s6, a2, -48
80002214: e3 e2 86 fe  	bltu	a3, s0, 0x800021f8 <_vsnprintf+0xce>
80002218: ae 8d        	mv	s11, a1
8000221a: 93 05 e0 02  	li	a1, 46
8000221e: 63 11 b5 0a  	bne	a0, a1, 0x800022c0 <_vsnprintf+0x196>
80002222: 03 c5 1d 00  	lbu	a0, 1(s11)
80002226: 93 e4 04 40  	ori	s1, s1, 1024
8000222a: 9b 05 05 fd  	addiw	a1, a0, -48
8000222e: 13 f6 f5 0f  	andi	a2, a1, 255
80002232: 93 85 1d 00  	addi	a1, s11, 1
80002236: 63 6c c7 04  	bltu	a4, a2, 0x8000228e <_vsnprintf+0x164>
8000223a: 5e f4        	sd	s7, 40(sp)
8000223c: 81 4b        	li	s7, 0
8000223e: 13 76 f5 0f  	andi	a2, a0, 255
80002242: 03 c5 15 00  	lbu	a0, 1(a1)
80002246: bb 86 8b 02  	mulw	a3, s7, s0
8000224a: 85 05        	addi	a1, a1, 1
8000224c: 35 9e        	addw	a2, a2, a3
8000224e: 9b 06 05 fd  	addiw	a3, a0, -48
80002252: 93 f6 f6 0f  	andi	a3, a3, 255
80002256: 9b 0b 06 fd  	addiw	s7, a2, -48
8000225a: e3 e2 86 fe  	bltu	a3, s0, 0x8000223e <_vsnprintf+0x114>
8000225e: b5 a0        	j	0x800022ca <_vsnprintf+0x1a0>
80002260: 13 06 a0 02  	li	a2, 42
80002264: 63 18 c5 04  	bne	a0, a2, 0x800022b4 <_vsnprintf+0x18a>
80002268: 83 a5 0b 00  	lw	a1, 0(s7)
8000226c: 63 d4 05 00  	bgez	a1, 0x80002274 <_vsnprintf+0x14a>
80002270: 93 e4 24 00  	ori	s1, s1, 2
80002274: 1b d6 f5 41  	sraiw	a2, a1, 31
80002278: 03 c5 0d 00  	lbu	a0, 0(s11)
8000227c: b1 8d        	xor	a1, a1, a2
8000227e: 3b 8b c5 40  	subw	s6, a1, a2
80002282: a1 0b        	addi	s7, s7, 8
80002284: 93 05 e0 02  	li	a1, 46
80002288: e3 0d b5 f8  	beq	a0, a1, 0x80002222 <_vsnprintf+0xf8>
8000228c: 15 a8        	j	0x800022c0 <_vsnprintf+0x196>
8000228e: 13 06 a0 02  	li	a2, 42
80002292: 63 1a c5 02  	bne	a0, a2, 0x800022c6 <_vsnprintf+0x19c>
80002296: 83 a5 0b 00  	lw	a1, 0(s7)
8000229a: 13 86 8b 00  	addi	a2, s7, 8
8000229e: b3 26 b0 00  	sgtz	a3, a1
800022a2: 03 c5 2d 00  	lbu	a0, 2(s11)
800022a6: b3 06 d0 40  	neg	a3, a3
800022aa: 89 0d        	addi	s11, s11, 2
800022ac: b3 fb b6 00  	and	s7, a3, a1
800022b0: 32 f4        	sd	a2, 40(sp)
800022b2: 29 a8        	j	0x800022cc <_vsnprintf+0x1a2>
800022b4: 01 4b        	li	s6, 0
800022b6: ae 8d        	mv	s11, a1
800022b8: 93 05 e0 02  	li	a1, 46
800022bc: e3 03 b5 f6  	beq	a0, a1, 0x80002222 <_vsnprintf+0xf8>
800022c0: 5e f4        	sd	s7, 40(sp)
800022c2: 81 4b        	li	s7, 0
800022c4: 21 a0        	j	0x800022cc <_vsnprintf+0x1a2>
800022c6: 5e f4        	sd	s7, 40(sp)
800022c8: 81 4b        	li	s7, 0
800022ca: ae 8d        	mv	s11, a1
800022cc: 9b 05 85 f9  	addiw	a1, a0, -104
800022d0: 1b 16 f5 01  	slliw	a2, a0, 31
800022d4: 9b d5 15 00  	srliw	a1, a1, 1
800022d8: d1 8d        	or	a1, a1, a2
800022da: 63 61 b7 02  	bltu	a4, a1, 0x800022fc <_vsnprintf+0x1d2>
800022de: 8e 05        	slli	a1, a1, 3
800022e0: 17 26 00 00  	auipc	a2, 2
800022e4: 13 06 06 18  	addi	a2, a2, 384
800022e8: b2 95        	add	a1, a1, a2
800022ea: 94 61        	ld	a3, 0(a1)
800022ec: 85 45        	li	a1, 1
800022ee: 13 06 00 10  	li	a2, 256
800022f2: 82 86        	jr	a3
800022f4: ae 9d        	add	s11, s11, a1
800022f6: 03 c5 0d 00  	lbu	a0, 0(s11)
800022fa: d1 8c        	or	s1, s1, a2
800022fc: 93 05 b5 fd  	addi	a1, a0, -37
80002300: 13 06 30 05  	li	a2, 83
80002304: 63 62 b6 0a  	bltu	a2, a1, 0x800023a8 <_vsnprintf+0x27e>
80002308: 8e 05        	slli	a1, a1, 3
8000230a: 17 26 00 00  	auipc	a2, 2
8000230e: 13 06 66 1a  	addi	a2, a2, 422
80002312: b2 95        	add	a1, a1, a2
80002314: 90 61        	ld	a2, 0(a1)
80002316: a1 45        	li	a1, 8
80002318: c1 48        	li	a7, 16
8000231a: 02 86        	jr	a2
8000231c: bd 98        	andi	s1, s1, -17
8000231e: a9 48        	li	a7, 10
80002320: 93 05 80 05  	li	a1, 88
80002324: 63 14 b5 00  	bne	a0, a1, 0x8000232c <_vsnprintf+0x202>
80002328: 93 e4 04 02  	ori	s1, s1, 32
8000232c: 93 05 40 06  	li	a1, 100
80002330: 63 00 b5 1c  	beq	a0, a1, 0x800024f0 <_vsnprintf+0x3c6>
80002334: c6 85        	mv	a1, a7
80002336: 13 06 90 06  	li	a2, 105
8000233a: 63 0b c5 1a  	beq	a0, a2, 0x800024f0 <_vsnprintf+0x3c6>
8000233e: 7d a2        	j	0x800024ec <_vsnprintf+0x3c2>
80002340: 03 c5 1d 00  	lbu	a0, 1(s11)
80002344: 93 05 80 06  	li	a1, 104
80002348: 63 13 b5 04  	bne	a0, a1, 0x8000238e <_vsnprintf+0x264>
8000234c: 89 45        	li	a1, 2
8000234e: 13 06 00 0c  	li	a2, 192
80002352: 4d b7        	j	0x800022f4 <_vsnprintf+0x1ca>
80002354: 03 c5 1d 00  	lbu	a0, 1(s11)
80002358: 93 05 c0 06  	li	a1, 108
8000235c: 63 1d b5 02  	bne	a0, a1, 0x80002396 <_vsnprintf+0x26c>
80002360: 89 45        	li	a1, 2
80002362: 13 06 00 30  	li	a2, 768
80002366: 79 b7        	j	0x800022f4 <_vsnprintf+0x1ca>
80002368: 22 75        	ld	a0, 40(sp)
8000236a: 04 21        	fld	fs1, 0(a0)
8000236c: d3 92 84 a2  	flt.d	t0, fs1, fs0
80002370: 63 93 02 36  	bnez	t0, 0x800026d6 <_vsnprintf+0x5ac>
80002374: 13 f5 04 40  	andi	a0, s1, 1024
80002378: de 85        	mv	a1, s7
8000237a: 63 15 05 36  	bnez	a0, 0x800026e4 <_vsnprintf+0x5ba>
8000237e: 99 45        	li	a1, 6
80002380: 62 ec        	sd	s8, 24(sp)
80002382: 63 f4 85 36  	bgeu	a1, s0, 0x800026ea <_vsnprintf+0x5c0>
80002386: 01 4c        	li	s8, 0
80002388: 05 46        	li	a2, 1
8000238a: a2 7b        	ld	s7, 40(sp)
8000238c: 61 ae        	j	0x80002724 <_vsnprintf+0x5fa>
8000238e: 93 e4 04 08  	ori	s1, s1, 128
80002392: 85 0d        	addi	s11, s11, 1
80002394: a5 b7        	j	0x800022fc <_vsnprintf+0x1d2>
80002396: 93 e4 04 10  	ori	s1, s1, 256
8000239a: 85 0d        	addi	s11, s11, 1
8000239c: 85 b7        	j	0x800022fc <_vsnprintf+0x1d2>
8000239e: 93 8c 1a 00  	addi	s9, s5, 1
800023a2: 13 05 50 02  	li	a0, 37
800023a6: 19 a0        	j	0x800023ac <_vsnprintf+0x282>
800023a8: 93 8c 1a 00  	addi	s9, s5, 1
800023ac: c2 75        	ld	a1, 48(sp)
800023ae: 56 86        	mv	a2, s5
800023b0: ca 86        	mv	a3, s2
800023b2: 02 9c        	jalr	s8
800023b4: 13 0b 50 02  	li	s6, 37
800023b8: a2 7b        	ld	s7, 40(sp)
800023ba: 13 84 1d 00  	addi	s0, s11, 1
800023be: 5d bb        	j	0x80002174 <_vsnprintf+0x4a>
800023c0: 22 75        	ld	a0, 40(sp)
800023c2: 08 61        	ld	a0, 0(a0)
800023c4: 93 ee 14 02  	ori	t4, s1, 33
800023c8: 19 e1        	bnez	a0, 0x800023ce <_vsnprintf+0x2a4>
800023ca: 93 fe fe fe  	andi	t4, t4, -17
800023ce: 24 18        	addi	s1, sp, 56
800023d0: 93 35 15 00  	seqz	a1, a0
800023d4: 13 96 5e 03  	slli	a2, t4, 53
800023d8: 7d 92        	srli	a2, a2, 63
800023da: f1 8d        	and	a1, a1, a2
800023dc: 13 0b 50 02  	li	s6, 37
800023e0: a1 c9        	beqz	a1, 0x80002430 <_vsnprintf+0x306>
800023e2: 81 47        	li	a5, 0
800023e4: a2 74        	ld	s1, 40(sp)
800023e6: a1 04        	addi	s1, s1, 8
800023e8: 38 18        	addi	a4, sp, 56
800023ea: c1 48        	li	a7, 16
800023ec: 41 4e        	li	t3, 16
800023ee: 62 85        	mv	a0, s8
800023f0: c2 75        	ld	a1, 48(sp)
800023f2: 56 86        	mv	a2, s5
800023f4: ca 86        	mv	a3, s2
800023f6: 01 48        	li	a6, 0
800023f8: de 83        	mv	t2, s7
800023fa: a6 8b        	mv	s7, s1
800023fc: 97 10 00 00  	auipc	ra, 1
80002400: e7 80 a0 8b  	jalr	-1862(ra)
80002404: aa 8c        	mv	s9, a0
80002406: 13 84 1d 00  	addi	s0, s11, 1
8000240a: ad b3        	j	0x80002174 <_vsnprintf+0x4a>
8000240c: 93 76 f5 00  	andi	a3, a0, 15
80002410: 35 9e        	addw	a2, a2, a3
80002412: 93 36 05 01  	sltiu	a3, a0, 16
80002416: 93 c6 f6 ff  	not	a3, a3
8000241a: 13 b7 f5 01  	sltiu	a4, a1, 31
8000241e: f9 8e        	and	a3, a3, a4
80002420: 93 87 15 00  	addi	a5, a1, 1
80002424: a6 95        	add	a1, a1, s1
80002426: 11 81        	srli	a0, a0, 4
80002428: 23 80 c5 00  	sb	a2, 0(a1)
8000242c: be 85        	mv	a1, a5
8000242e: dd da        	beqz	a3, 0x800023e4 <_vsnprintf+0x2ba>
80002430: 93 76 e5 00  	andi	a3, a0, 14
80002434: 13 06 00 03  	li	a2, 48
80002438: e3 ea 86 fc  	bltu	a3, s0, 0x8000240c <_vsnprintf+0x2e2>
8000243c: 13 06 70 03  	li	a2, 55
80002440: f1 b7        	j	0x8000240c <_vsnprintf+0x2e2>
80002442: 22 75        	ld	a0, 40(sp)
80002444: 83 39 05 00  	ld	s3, 0(a0)
80002448: b3 35 70 01  	snez	a1, s7
8000244c: 13 96 0b 02  	slli	a2, s7, 32
80002450: 03 c5 09 00  	lbu	a0, 0(s3)
80002454: 01 92        	srli	a2, a2, 32
80002456: fd 15        	addi	a1, a1, -1
80002458: d1 8d        	or	a1, a1, a2
8000245a: 13 36 15 00  	seqz	a2, a0
8000245e: 93 b6 15 00  	seqz	a3, a1
80002462: d1 8e        	or	a3, a3, a2
80002464: 4e 86        	mv	a2, s3
80002466: 99 ee        	bnez	a3, 0x80002484 <_vsnprintf+0x35a>
80002468: fd 15        	addi	a1, a1, -1
8000246a: ce 86        	mv	a3, s3
8000246c: 03 c7 16 00  	lbu	a4, 1(a3)
80002470: 13 86 16 00  	addi	a2, a3, 1
80002474: 93 36 17 00  	seqz	a3, a4
80002478: 13 b7 15 00  	seqz	a4, a1
8000247c: 55 8f        	or	a4, a4, a3
8000247e: fd 15        	addi	a1, a1, -1
80002480: b2 86        	mv	a3, a2
80002482: 6d d7        	beqz	a4, 0x8000246c <_vsnprintf+0x342>
80002484: 4a f0        	sd	s2, 32(sp)
80002486: bb 05 36 41  	subw	a1, a2, s3
8000248a: 63 ee 75 01  	bltu	a1, s7, 0x800024a6 <_vsnprintf+0x37c>
8000248e: de 85        	mv	a1, s7
80002490: 13 f9 04 40  	andi	s2, s1, 1024
80002494: 63 1d 09 00  	bnez	s2, 0x800024ae <_vsnprintf+0x384>
80002498: b3 05 36 41  	sub	a1, a2, s3
8000249c: 13 f4 24 00  	andi	s0, s1, 2
800024a0: 63 16 04 58  	bnez	s0, 0x80002a2c <_vsnprintf+0x902>
800024a4: 09 a8        	j	0x800024b6 <_vsnprintf+0x38c>
800024a6: 13 f9 04 40  	andi	s2, s1, 1024
800024aa: e3 07 09 fe  	beqz	s2, 0x80002498 <_vsnprintf+0x36e>
800024ae: 13 f4 24 00  	andi	s0, s1, 2
800024b2: 63 1d 04 56  	bnez	s0, 0x80002a2c <_vsnprintf+0x902>
800024b6: 1b 86 05 00  	sext.w	a2, a1
800024ba: 63 78 66 57  	bgeu	a2, s6, 0x80002a2a <_vsnprintf+0x900>
800024be: 22 e4        	sd	s0, 8(sp)
800024c0: 1b 05 1b 00  	addiw	a0, s6, 1
800024c4: 2a e8        	sd	a0, 16(sp)
800024c6: bb 04 bb 40  	subw	s1, s6, a1
800024ca: c2 7c        	ld	s9, 48(sp)
800024cc: 02 74        	ld	s0, 32(sp)
800024ce: 56 86        	mv	a2, s5
800024d0: 85 0a        	addi	s5, s5, 1
800024d2: 13 05 00 02  	li	a0, 32
800024d6: e6 85        	mv	a1, s9
800024d8: a2 86        	mv	a3, s0
800024da: 02 9c        	jalr	s8
800024dc: fd 34        	addiw	s1, s1, -1
800024de: e5 f8        	bnez	s1, 0x800024ce <_vsnprintf+0x3a4>
800024e0: 03 c5 09 00  	lbu	a0, 0(s3)
800024e4: e6 84        	mv	s1, s9
800024e6: 22 64        	ld	s0, 8(sp)
800024e8: a1 a3        	j	0x80002a30 <_vsnprintf+0x906>
800024ea: 89 45        	li	a1, 2
800024ec: cd 98        	andi	s1, s1, -13
800024ee: ae 88        	mv	a7, a1
800024f0: 93 f5 04 40  	andi	a1, s1, 1024
800024f4: 91 c1        	beqz	a1, 0x800024f8 <_vsnprintf+0x3ce>
800024f6: f9 98        	andi	s1, s1, -2
800024f8: 93 03 81 03  	addi	t2, sp, 56
800024fc: 93 05 90 06  	li	a1, 105
80002500: 63 06 b5 00  	beq	a0, a1, 0x8000250c <_vsnprintf+0x3e2>
80002504: 93 05 40 06  	li	a1, 100
80002508: 63 18 b5 02  	bne	a0, a1, 0x80002538 <_vsnprintf+0x40e>
8000250c: 13 f5 04 20  	andi	a0, s1, 512
80002510: 21 e9        	bnez	a0, 0x80002560 <_vsnprintf+0x436>
80002512: 13 f5 04 10  	andi	a0, s1, 256
80002516: 29 ed        	bnez	a0, 0x80002570 <_vsnprintf+0x446>
80002518: 13 f5 04 04  	andi	a0, s1, 64
8000251c: 63 15 05 2e  	bnez	a0, 0x80002806 <_vsnprintf+0x6dc>
80002520: 22 75        	ld	a0, 40(sp)
80002522: 03 28 05 00  	lw	a6, 0(a0)
80002526: 93 f5 04 08  	andi	a1, s1, 128
8000252a: 63 81 05 2e  	beqz	a1, 0x8000280c <_vsnprintf+0x6e2>
8000252e: 13 15 08 03  	slli	a0, a6, 48
80002532: 13 58 05 43  	srai	a6, a0, 48
80002536: d9 ac        	j	0x8000280c <_vsnprintf+0x6e2>
80002538: 13 f5 04 20  	andi	a0, s1, 512
8000253c: 31 e1        	bnez	a0, 0x80002580 <_vsnprintf+0x456>
8000253e: 13 f5 04 10  	andi	a0, s1, 256
80002542: 63 1e 05 32  	bnez	a0, 0x8000287e <_vsnprintf+0x754>
80002546: 13 f5 04 04  	andi	a0, s1, 64
8000254a: 63 12 05 44  	bnez	a0, 0x8000298e <_vsnprintf+0x864>
8000254e: 22 75        	ld	a0, 40(sp)
80002550: 08 41        	lw	a0, 0(a0)
80002552: 93 f5 04 08  	andi	a1, s1, 128
80002556: 63 8f 05 42  	beqz	a1, 0x80002994 <_vsnprintf+0x86a>
8000255a: 42 15        	slli	a0, a0, 48
8000255c: 41 91        	srli	a0, a0, 48
8000255e: 1d a9        	j	0x80002994 <_vsnprintf+0x86a>
80002560: 22 75        	ld	a0, 40(sp)
80002562: 03 38 05 00  	ld	a6, 0(a0)
80002566: 63 13 08 08  	bnez	a6, 0x800025ec <_vsnprintf+0x4c2>
8000256a: 29 43        	li	t1, 10
8000256c: bd 98        	andi	s1, s1, -17
8000256e: 41 a0        	j	0x800025ee <_vsnprintf+0x4c4>
80002570: 22 75        	ld	a0, 40(sp)
80002572: 03 38 05 00  	ld	a6, 0(a0)
80002576: 63 1a 08 36  	bnez	a6, 0x800028ea <_vsnprintf+0x7c0>
8000257a: 29 43        	li	t1, 10
8000257c: bd 98        	andi	s1, s1, -17
8000257e: bd a6        	j	0x800028ec <_vsnprintf+0x7c2>
80002580: 22 75        	ld	a0, 40(sp)
80002582: 08 61        	ld	a0, 0(a0)
80002584: 11 e1        	bnez	a0, 0x80002588 <_vsnprintf+0x45e>
80002586: bd 98        	andi	s1, s1, -17
80002588: 93 35 15 00  	seqz	a1, a0
8000258c: 13 96 54 03  	slli	a2, s1, 53
80002590: 7d 92        	srli	a2, a2, 63
80002592: f1 8d        	and	a1, a1, a2
80002594: 63 94 05 46  	bnez	a1, 0x800029fc <_vsnprintf+0x8d2>
80002598: a9 42        	li	t0, 10
8000259a: 01 46        	li	a2, 0
8000259c: 93 f5 04 02  	andi	a1, s1, 32
800025a0: 93 c5 15 06  	xori	a1, a1, 97
800025a4: 13 88 65 0f  	addi	a6, a1, 246
800025a8: 25 a0        	j	0x800025d0 <_vsnprintf+0x4a6>
800025aa: 3d 9f        	addw	a4, a4, a5
800025ac: 93 07 16 00  	addi	a5, a2, 1
800025b0: 33 84 c3 00  	add	s0, t2, a2
800025b4: 33 35 15 01  	sltu	a0, a0, a7
800025b8: 13 45 f5 ff  	not	a0, a0
800025bc: 13 36 f6 01  	sltiu	a2, a2, 31
800025c0: b3 75 c5 00  	and	a1, a0, a2
800025c4: 23 00 e4 00  	sb	a4, 0(s0)
800025c8: 3e 86        	mv	a2, a5
800025ca: 36 85        	mv	a0, a3
800025cc: 63 89 05 42  	beqz	a1, 0x800029fe <_vsnprintf+0x8d4>
800025d0: b3 56 15 03  	divu	a3, a0, a7
800025d4: 3b 87 16 03  	mulw	a4, a3, a7
800025d8: 3b 07 e5 40  	subw	a4, a0, a4
800025dc: 13 74 e7 0f  	andi	s0, a4, 254
800025e0: c2 87        	mv	a5, a6
800025e2: e3 74 54 fc  	bgeu	s0, t0, 0x800025aa <_vsnprintf+0x480>
800025e6: 93 07 00 03  	li	a5, 48
800025ea: c1 b7        	j	0x800025aa <_vsnprintf+0x480>
800025ec: 29 43        	li	t1, 10
800025ee: 93 35 18 00  	seqz	a1, a6
800025f2: 13 96 54 03  	slli	a2, s1, 53
800025f6: 7d 92        	srli	a2, a2, 63
800025f8: f1 8d        	and	a1, a1, a2
800025fa: 63 9d 05 34  	bnez	a1, 0x80002954 <_vsnprintf+0x82a>
800025fe: 13 56 f8 43  	srai	a2, a6, 63
80002602: b3 46 c8 00  	xor	a3, a6, a2
80002606: 91 8e        	sub	a3, a3, a2
80002608: 13 f6 04 02  	andi	a2, s1, 32
8000260c: 13 46 16 06  	xori	a2, a2, 97
80002610: 93 02 66 0f  	addi	t0, a2, 246
80002614: 2d a0        	j	0x8000263e <_vsnprintf+0x514>
80002616: 3b 05 f6 00  	addw	a0, a2, a5
8000261a: 93 87 15 00  	addi	a5, a1, 1
8000261e: 33 86 b3 00  	add	a2, t2, a1
80002622: b3 b6 16 01  	sltu	a3, a3, a7
80002626: 93 c6 f6 ff  	not	a3, a3
8000262a: 93 b5 f5 01  	sltiu	a1, a1, 31
8000262e: 33 f4 b6 00  	and	s0, a3, a1
80002632: 23 00 a6 00  	sb	a0, 0(a2)
80002636: be 85        	mv	a1, a5
80002638: ba 86        	mv	a3, a4
8000263a: 63 0e 04 30  	beqz	s0, 0x80002956 <_vsnprintf+0x82c>
8000263e: 33 d7 16 03  	divu	a4, a3, a7
80002642: 3b 06 17 03  	mulw	a2, a4, a7
80002646: bb 87 c6 40  	subw	a5, a3, a2
8000264a: 13 f5 e7 0f  	andi	a0, a5, 254
8000264e: 16 86        	mv	a2, t0
80002650: e3 73 65 fc  	bgeu	a0, t1, 0x80002616 <_vsnprintf+0x4ec>
80002654: 13 06 00 03  	li	a2, 48
80002658: 7d bf        	j	0x80002616 <_vsnprintf+0x4ec>
8000265a: 4a f0        	sd	s2, 32(sp)
8000265c: 93 f9 24 00  	andi	s3, s1, 2
80002660: 05 49        	li	s2, 1
80002662: 63 95 09 02  	bnez	s3, 0x8000268c <_vsnprintf+0x562>
80002666: 09 49        	li	s2, 2
80002668: 63 62 2b 03  	bltu	s6, s2, 0x8000268c <_vsnprintf+0x562>
8000266c: 1b 09 1b 00  	addiw	s2, s6, 1
80002670: 9b 04 fb ff  	addiw	s1, s6, -1
80002674: c2 7c        	ld	s9, 48(sp)
80002676: 82 7b        	ld	s7, 32(sp)
80002678: 62 84        	mv	s0, s8
8000267a: 56 86        	mv	a2, s5
8000267c: 85 0a        	addi	s5, s5, 1
8000267e: 13 05 00 02  	li	a0, 32
80002682: e6 85        	mv	a1, s9
80002684: de 86        	mv	a3, s7
80002686: 02 94        	jalr	s0
80002688: fd 34        	addiw	s1, s1, -1
8000268a: e5 f8        	bnez	s1, 0x8000267a <_vsnprintf+0x550>
8000268c: a2 75        	ld	a1, 40(sp)
8000268e: 03 c5 05 00  	lbu	a0, 0(a1)
80002692: b3 34 30 01  	snez	s1, s3
80002696: 93 8b 85 00  	addi	s7, a1, 8
8000269a: 93 8c 1a 00  	addi	s9, s5, 1
8000269e: c2 75        	ld	a1, 48(sp)
800026a0: 56 86        	mv	a2, s5
800026a2: 82 76        	ld	a3, 32(sp)
800026a4: e2 8a        	mv	s5, s8
800026a6: 02 9c        	jalr	s8
800026a8: 33 35 69 01  	sltu	a0, s2, s6
800026ac: 65 8d        	and	a0, a0, s1
800026ae: 63 06 05 3e  	beqz	a0, 0x80002a9a <_vsnprintf+0x970>
800026b2: 3b 04 2b 41  	subw	s0, s6, s2
800026b6: c2 74        	ld	s1, 48(sp)
800026b8: 02 79        	ld	s2, 32(sp)
800026ba: 66 86        	mv	a2, s9
800026bc: 85 0c        	addi	s9, s9, 1
800026be: 13 05 00 02  	li	a0, 32
800026c2: a6 85        	mv	a1, s1
800026c4: ca 86        	mv	a3, s2
800026c6: 82 9a        	jalr	s5
800026c8: 7d 34        	addiw	s0, s0, -1
800026ca: 65 f8        	bnez	s0, 0x800026ba <_vsnprintf+0x590>
800026cc: 13 0b 50 02  	li	s6, 37
800026d0: 13 84 1d 00  	addi	s0, s11, 1
800026d4: 45 b4        	j	0x80002174 <_vsnprintf+0x4a>
800026d6: d3 94 94 22  	fneg.d	fs1, fs1
800026da: 13 f5 04 40  	andi	a0, s1, 1024
800026de: de 85        	mv	a1, s7
800026e0: e3 0f 05 c8  	beqz	a0, 0x8000237e <_vsnprintf+0x254>
800026e4: 62 ec        	sd	s8, 24(sp)
800026e6: e3 e0 85 ca  	bltu	a1, s0, 0x80002386 <_vsnprintf+0x25c>
800026ea: 16 f0        	sd	t0, 32(sp)
800026ec: 1b 84 65 ff  	addiw	s0, a1, -10
800026f0: 7d 45        	li	a0, 31
800026f2: a2 85        	mv	a1, s0
800026f4: 63 63 a4 00  	bltu	s0, a0, 0x800026fa <_vsnprintf+0x5d0>
800026f8: fd 45        	li	a1, 31
800026fa: 2e e8        	sd	a1, 16(sp)
800026fc: 13 8c 15 00  	addi	s8, a1, 1
80002700: 28 18        	addi	a0, sp, 56
80002702: 93 05 00 03  	li	a1, 48
80002706: 62 86        	mv	a2, s8
80002708: 97 10 00 00  	auipc	ra, 1
8000270c: e7 80 40 82  	jalr	-2012(ra)
80002710: 42 65        	ld	a0, 16(sp)
80002712: 13 45 f5 ff  	not	a0, a0
80002716: bb 85 ab 00  	addw	a1, s7, a0
8000271a: 13 36 f4 01  	sltiu	a2, s0, 31
8000271e: 29 44        	li	s0, 10
80002720: a2 7b        	ld	s7, 40(sp)
80002722: 82 72        	ld	t0, 32(sp)
80002724: 13 95 05 02  	slli	a0, a1, 32
80002728: 75 81        	srli	a0, a0, 29
8000272a: 97 26 00 00  	auipc	a3, 2
8000272e: 93 86 66 02  	addi	a3, a3, 38
80002732: 36 95        	add	a0, a0, a3
80002734: 87 30 05 00  	fld	ft1, 0(a0)
80002738: 53 95 04 c2  	fcvt.w.d	a0, fs1, rtz
8000273c: 53 00 05 d2  	fcvt.d.w	ft0, a0
80002740: 53 f1 04 0a  	fsub.d	ft2, fs1, ft0
80002744: d3 f1 20 12  	fmul.d	ft3, ft1, ft2
80002748: 97 26 00 00  	auipc	a3, 2
8000274c: 93 86 06 06  	addi	a3, a3, 96
80002750: 07 b0 06 00  	fld	ft0, 0(a3)
80002754: d3 96 31 c2  	fcvt.lu.d	a3, ft3, rtz
80002758: d3 f1 36 d2  	fcvt.d.lu	ft3, a3
8000275c: 47 f1 20 1a  	fmsub.d	ft2, ft1, ft2, ft3
80002760: 53 07 01 a2  	fle.d	a4, ft2, ft0
80002764: 11 eb        	bnez	a4, 0x80002778 <_vsnprintf+0x64e>
80002766: 85 06        	addi	a3, a3, 1
80002768: 53 f1 36 d2  	fcvt.d.lu	ft2, a3
8000276c: 53 17 11 a2  	flt.d	a4, ft2, ft1
80002770: 01 ef        	bnez	a4, 0x80002788 <_vsnprintf+0x65e>
80002772: 81 46        	li	a3, 0
80002774: 05 25        	addiw	a0, a0, 1
80002776: 09 a8        	j	0x80002788 <_vsnprintf+0x65e>
80002778: 53 17 01 a2  	flt.d	a4, ft2, ft0
8000277c: 11 e7        	bnez	a4, 0x80002788 <_vsnprintf+0x65e>
8000277e: 13 b7 16 00  	seqz	a4, a3
80002782: 55 8f        	or	a4, a4, a3
80002784: 05 8b        	andi	a4, a4, 1
80002786: ba 96        	add	a3, a3, a4
80002788: 17 27 00 00  	auipc	a4, 2
8000278c: 13 07 87 02  	addi	a4, a4, 40
80002790: 87 30 07 00  	fld	ft1, 0(a4)
80002794: 53 97 90 a2  	flt.d	a4, ft1, fs1
80002798: 01 c7        	beqz	a4, 0x800027a0 <_vsnprintf+0x676>
8000279a: 81 4c        	li	s9, 0
8000279c: 62 6c        	ld	s8, 24(sp)
8000279e: bd ac        	j	0x80002a1c <_vsnprintf+0x8f2>
800027a0: 63 87 05 1c  	beqz	a1, 0x8000296e <_vsnprintf+0x844>
800027a4: 93 0b 00 02  	li	s7, 32
800027a8: 93 08 81 03  	addi	a7, sp, 56
800027ac: 63 00 06 38  	beqz	a2, 0x80002b2c <_vsnprintf+0xa02>
800027b0: 29 48        	li	a6, 10
800027b2: 17 26 00 00  	auipc	a2, 2
800027b6: 13 06 66 00  	addi	a2, a2, 6
800027ba: 10 62        	ld	a2, 0(a2)
800027bc: 62 84        	mv	s0, s8
800027be: fd 35        	addiw	a1, a1, -1
800027c0: 33 b6 c6 02  	mulhu	a2, a3, a2
800027c4: 93 57 36 00  	srli	a5, a2, 3
800027c8: 33 86 07 03  	mul	a2, a5, a6
800027cc: 33 86 c6 40  	sub	a2, a3, a2
800027d0: 13 66 06 03  	ori	a2, a2, 48
800027d4: 33 87 88 01  	add	a4, a7, s8
800027d8: 23 00 c7 00  	sb	a2, 0(a4)
800027dc: 13 b6 a6 00  	sltiu	a2, a3, 10
800027e0: 93 46 f6 ff  	not	a3, a2
800027e4: 13 36 fc 01  	sltiu	a2, s8, 31
800027e8: 33 f7 c6 00  	and	a4, a3, a2
800027ec: 05 0c        	addi	s8, s8, 1
800027ee: be 86        	mv	a3, a5
800027f0: 69 f3        	bnez	a4, 0x800027b2 <_vsnprintf+0x688>
800027f2: 93 36 f4 01  	sltiu	a3, s0, 31
800027f6: 33 37 b0 00  	snez	a4, a1
800027fa: f9 8e        	and	a3, a3, a4
800027fc: 63 96 06 2a  	bnez	a3, 0x80002aa8 <_vsnprintf+0x97e>
80002800: e2 8b        	mv	s7, s8
80002802: 29 44        	li	s0, 10
80002804: c1 ac        	j	0x80002ad4 <_vsnprintf+0x9aa>
80002806: 22 75        	ld	a0, 40(sp)
80002808: 03 48 05 00  	lbu	a6, 0(a0)
8000280c: 29 43        	li	t1, 10
8000280e: 63 13 08 00  	bnez	a6, 0x80002814 <_vsnprintf+0x6ea>
80002812: bd 98        	andi	s1, s1, -17
80002814: 93 35 18 00  	seqz	a1, a6
80002818: 13 96 54 03  	slli	a2, s1, 53
8000281c: 7d 92        	srli	a2, a2, 63
8000281e: f1 8d        	and	a1, a1, a2
80002820: 63 9e 05 12  	bnez	a1, 0x8000295c <_vsnprintf+0x832>
80002824: 1b 56 f8 41  	sraiw	a2, a6, 31
80002828: b3 46 c8 00  	xor	a3, a6, a2
8000282c: 91 9e        	subw	a3, a3, a2
8000282e: 13 f6 04 02  	andi	a2, s1, 32
80002832: 13 46 16 06  	xori	a2, a2, 97
80002836: 93 02 66 0f  	addi	t0, a2, 246
8000283a: 25 a0        	j	0x80002862 <_vsnprintf+0x738>
8000283c: 3b 05 f6 00  	addw	a0, a2, a5
80002840: 93 87 15 00  	addi	a5, a1, 1
80002844: 33 86 b3 00  	add	a2, t2, a1
80002848: b3 b6 16 01  	sltu	a3, a3, a7
8000284c: 93 c6 f6 ff  	not	a3, a3
80002850: 93 b5 f5 01  	sltiu	a1, a1, 31
80002854: 33 f4 b6 00  	and	s0, a3, a1
80002858: 23 00 a6 00  	sb	a0, 0(a2)
8000285c: be 85        	mv	a1, a5
8000285e: ba 86        	mv	a3, a4
80002860: 7d cc        	beqz	s0, 0x8000295e <_vsnprintf+0x834>
80002862: 33 d7 16 03  	divu	a4, a3, a7
80002866: 3b 06 17 03  	mulw	a2, a4, a7
8000286a: bb 87 c6 40  	subw	a5, a3, a2
8000286e: 13 f5 e7 0f  	andi	a0, a5, 254
80002872: 16 86        	mv	a2, t0
80002874: e3 74 65 fc  	bgeu	a0, t1, 0x8000283c <_vsnprintf+0x712>
80002878: 13 06 00 03  	li	a2, 48
8000287c: c1 b7        	j	0x8000283c <_vsnprintf+0x712>
8000287e: 22 75        	ld	a0, 40(sp)
80002880: 08 61        	ld	a0, 0(a0)
80002882: 11 e1        	bnez	a0, 0x80002886 <_vsnprintf+0x75c>
80002884: bd 98        	andi	s1, s1, -17
80002886: a9 42        	li	t0, 10
80002888: 93 35 15 00  	seqz	a1, a0
8000288c: 13 96 54 03  	slli	a2, s1, 53
80002890: 7d 92        	srli	a2, a2, 63
80002892: f1 8d        	and	a1, a1, a2
80002894: 63 94 05 16  	bnez	a1, 0x800029fc <_vsnprintf+0x8d2>
80002898: 01 46        	li	a2, 0
8000289a: 93 f5 04 02  	andi	a1, s1, 32
8000289e: 93 c5 15 06  	xori	a1, a1, 97
800028a2: 13 88 65 0f  	addi	a6, a1, 246
800028a6: 25 a0        	j	0x800028ce <_vsnprintf+0x7a4>
800028a8: 3d 9f        	addw	a4, a4, a5
800028aa: 93 07 16 00  	addi	a5, a2, 1
800028ae: 33 84 c3 00  	add	s0, t2, a2
800028b2: 33 35 15 01  	sltu	a0, a0, a7
800028b6: 13 45 f5 ff  	not	a0, a0
800028ba: 13 36 f6 01  	sltiu	a2, a2, 31
800028be: b3 75 c5 00  	and	a1, a0, a2
800028c2: 23 00 e4 00  	sb	a4, 0(s0)
800028c6: 3e 86        	mv	a2, a5
800028c8: 36 85        	mv	a0, a3
800028ca: 63 8a 05 12  	beqz	a1, 0x800029fe <_vsnprintf+0x8d4>
800028ce: b3 56 15 03  	divu	a3, a0, a7
800028d2: 3b 87 16 03  	mulw	a4, a3, a7
800028d6: 3b 07 e5 40  	subw	a4, a0, a4
800028da: 13 74 e7 0f  	andi	s0, a4, 254
800028de: c2 87        	mv	a5, a6
800028e0: e3 74 54 fc  	bgeu	s0, t0, 0x800028a8 <_vsnprintf+0x77e>
800028e4: 93 07 00 03  	li	a5, 48
800028e8: c1 b7        	j	0x800028a8 <_vsnprintf+0x77e>
800028ea: 29 43        	li	t1, 10
800028ec: 93 35 18 00  	seqz	a1, a6
800028f0: 13 96 54 03  	slli	a2, s1, 53
800028f4: 7d 92        	srli	a2, a2, 63
800028f6: f1 8d        	and	a1, a1, a2
800028f8: b1 ed        	bnez	a1, 0x80002954 <_vsnprintf+0x82a>
800028fa: 13 56 f8 43  	srai	a2, a6, 63
800028fe: b3 46 c8 00  	xor	a3, a6, a2
80002902: 91 8e        	sub	a3, a3, a2
80002904: 13 f6 04 02  	andi	a2, s1, 32
80002908: 13 46 16 06  	xori	a2, a2, 97
8000290c: 93 02 66 0f  	addi	t0, a2, 246
80002910: 25 a0        	j	0x80002938 <_vsnprintf+0x80e>
80002912: 3b 05 f6 00  	addw	a0, a2, a5
80002916: 93 87 15 00  	addi	a5, a1, 1
8000291a: 33 86 b3 00  	add	a2, t2, a1
8000291e: b3 b6 16 01  	sltu	a3, a3, a7
80002922: 93 c6 f6 ff  	not	a3, a3
80002926: 93 b5 f5 01  	sltiu	a1, a1, 31
8000292a: 33 f4 b6 00  	and	s0, a3, a1
8000292e: 23 00 a6 00  	sb	a0, 0(a2)
80002932: be 85        	mv	a1, a5
80002934: ba 86        	mv	a3, a4
80002936: 05 c0        	beqz	s0, 0x80002956 <_vsnprintf+0x82c>
80002938: 33 d7 16 03  	divu	a4, a3, a7
8000293c: 3b 06 17 03  	mulw	a2, a4, a7
80002940: bb 87 c6 40  	subw	a5, a3, a2
80002944: 13 f5 e7 0f  	andi	a0, a5, 254
80002948: 16 86        	mv	a2, t0
8000294a: e3 74 65 fc  	bgeu	a0, t1, 0x80002912 <_vsnprintf+0x7e8>
8000294e: 13 06 00 03  	li	a2, 48
80002952: c1 b7        	j	0x80002912 <_vsnprintf+0x7e8>
80002954: 81 47        	li	a5, 0
80002956: 13 58 f8 03  	srli	a6, a6, 63
8000295a: 21 a0        	j	0x80002962 <_vsnprintf+0x838>
8000295c: 81 47        	li	a5, 0
8000295e: 1b 58 f8 01  	srliw	a6, a6, 31
80002962: 38 18        	addi	a4, sp, 56
80002964: 62 85        	mv	a0, s8
80002966: c2 75        	ld	a1, 48(sp)
80002968: 56 86        	mv	a2, s5
8000296a: ca 86        	mv	a3, s2
8000296c: 79 a8        	j	0x80002a0a <_vsnprintf+0x8e0>
8000296e: d3 00 05 d2  	fcvt.d.w	ft1, a0
80002972: d3 f0 14 0a  	fsub.d	ft1, fs1, ft1
80002976: d3 05 10 a2  	fle.d	a1, ft0, ft1
8000297a: e9 8d        	and	a1, a1, a0
8000297c: 2d 9d        	addw	a0, a0, a1
8000297e: 93 0b 00 02  	li	s7, 32
80002982: 13 08 81 03  	addi	a6, sp, 56
80002986: fd 45        	li	a1, 31
80002988: 63 f6 85 17  	bgeu	a1, s8, 0x80002af4 <_vsnprintf+0x9ca>
8000298c: 45 a2        	j	0x80002b2c <_vsnprintf+0xa02>
8000298e: 22 75        	ld	a0, 40(sp)
80002990: 03 45 05 00  	lbu	a0, 0(a0)
80002994: 11 e1        	bnez	a0, 0x80002998 <_vsnprintf+0x86e>
80002996: bd 98        	andi	s1, s1, -17
80002998: a9 42        	li	t0, 10
8000299a: 93 35 15 00  	seqz	a1, a0
8000299e: 13 96 54 03  	slli	a2, s1, 53
800029a2: 7d 92        	srli	a2, a2, 63
800029a4: f1 8d        	and	a1, a1, a2
800029a6: b9 e9        	bnez	a1, 0x800029fc <_vsnprintf+0x8d2>
800029a8: 02 15        	slli	a0, a0, 32
800029aa: 13 56 05 02  	srli	a2, a0, 32
800029ae: 13 f5 04 02  	andi	a0, s1, 32
800029b2: 13 45 15 06  	xori	a0, a0, 97
800029b6: 13 08 65 0f  	addi	a6, a0, 246
800029ba: 1d a0        	j	0x800029e0 <_vsnprintf+0x8b6>
800029bc: 3d 9f        	addw	a4, a4, a5
800029be: 93 87 15 00  	addi	a5, a1, 1
800029c2: 33 84 b3 00  	add	s0, t2, a1
800029c6: 33 36 16 01  	sltu	a2, a2, a7
800029ca: 13 46 f6 ff  	not	a2, a2
800029ce: 93 b5 f5 01  	sltiu	a1, a1, 31
800029d2: 33 75 b6 00  	and	a0, a2, a1
800029d6: 23 00 e4 00  	sb	a4, 0(s0)
800029da: be 85        	mv	a1, a5
800029dc: 36 86        	mv	a2, a3
800029de: 05 c1        	beqz	a0, 0x800029fe <_vsnprintf+0x8d4>
800029e0: b3 56 16 03  	divu	a3, a2, a7
800029e4: 3b 87 16 03  	mulw	a4, a3, a7
800029e8: 3b 07 e6 40  	subw	a4, a2, a4
800029ec: 13 74 e7 0f  	andi	s0, a4, 254
800029f0: c2 87        	mv	a5, a6
800029f2: e3 75 54 fc  	bgeu	s0, t0, 0x800029bc <_vsnprintf+0x892>
800029f6: 93 07 00 03  	li	a5, 48
800029fa: c9 b7        	j	0x800029bc <_vsnprintf+0x892>
800029fc: 81 47        	li	a5, 0
800029fe: 38 18        	addi	a4, sp, 56
80002a00: 62 85        	mv	a0, s8
80002a02: c2 75        	ld	a1, 48(sp)
80002a04: 56 86        	mv	a2, s5
80002a06: ca 86        	mv	a3, s2
80002a08: 01 48        	li	a6, 0
80002a0a: de 83        	mv	t2, s7
80002a0c: 5a 8e        	mv	t3, s6
80002a0e: a6 8e        	mv	t4, s1
80002a10: 97 00 00 00  	auipc	ra, 0
80002a14: e7 80 60 2a  	jalr	678(ra)
80002a18: aa 8c        	mv	s9, a0
80002a1a: a2 7b        	ld	s7, 40(sp)
80002a1c: a1 0b        	addi	s7, s7, 8
80002a1e: 13 0b 50 02  	li	s6, 37
80002a22: 13 84 1d 00  	addi	s0, s11, 1
80002a26: 6f f0 ef f4  	j	0x80002174 <_vsnprintf+0x4a>
80002a2a: 85 25        	addiw	a1, a1, 1
80002a2c: 2e e8        	sd	a1, 16(sp)
80002a2e: c2 74        	ld	s1, 48(sp)
80002a30: 1d c5        	beqz	a0, 0x80002a5e <_vsnprintf+0x934>
80002a32: 85 09        	addi	s3, s3, 1
80002a34: 31 a8        	j	0x80002a50 <_vsnprintf+0x926>
80002a36: 93 8c 1a 00  	addi	s9, s5, 1
80002a3a: 13 75 f5 0f  	andi	a0, a0, 255
80002a3e: a6 85        	mv	a1, s1
80002a40: 56 86        	mv	a2, s5
80002a42: 82 76        	ld	a3, 32(sp)
80002a44: 02 9c        	jalr	s8
80002a46: 03 c5 09 00  	lbu	a0, 0(s3)
80002a4a: 85 09        	addi	s3, s3, 1
80002a4c: e6 8a        	mv	s5, s9
80002a4e: 09 c9        	beqz	a0, 0x80002a60 <_vsnprintf+0x936>
80002a50: e3 03 09 fe  	beqz	s2, 0x80002a36 <_vsnprintf+0x90c>
80002a54: 9b 85 0b 00  	sext.w	a1, s7
80002a58: 99 c1        	beqz	a1, 0x80002a5e <_vsnprintf+0x934>
80002a5a: fd 3b        	addiw	s7, s7, -1
80002a5c: e9 bf        	j	0x80002a36 <_vsnprintf+0x90c>
80002a5e: d6 8c        	mv	s9, s5
80002a60: 33 35 80 00  	snez	a0, s0
80002a64: 42 66        	ld	a2, 16(sp)
80002a66: 9b 05 06 00  	sext.w	a1, a2
80002a6a: b3 b5 65 01  	sltu	a1, a1, s6
80002a6e: 6d 8d        	and	a0, a0, a1
80002a70: a2 7b        	ld	s7, 40(sp)
80002a72: a1 0b        	addi	s7, s7, 8
80002a74: 1d c1        	beqz	a0, 0x80002a9a <_vsnprintf+0x970>
80002a76: 3b 04 cb 40  	subw	s0, s6, a2
80002a7a: 02 79        	ld	s2, 32(sp)
80002a7c: 66 86        	mv	a2, s9
80002a7e: 85 0c        	addi	s9, s9, 1
80002a80: 13 05 00 02  	li	a0, 32
80002a84: a6 85        	mv	a1, s1
80002a86: ca 86        	mv	a3, s2
80002a88: 02 9c        	jalr	s8
80002a8a: 7d 34        	addiw	s0, s0, -1
80002a8c: 65 f8        	bnez	s0, 0x80002a7c <_vsnprintf+0x952>
80002a8e: 13 0b 50 02  	li	s6, 37
80002a92: 13 84 1d 00  	addi	s0, s11, 1
80002a96: 6f f0 ef ed  	j	0x80002174 <_vsnprintf+0x4a>
80002a9a: 13 0b 50 02  	li	s6, 37
80002a9e: 02 79        	ld	s2, 32(sp)
80002aa0: 13 84 1d 00  	addi	s0, s11, 1
80002aa4: 6f f0 0f ed  	j	0x80002174 <_vsnprintf+0x4a>
80002aa8: 85 46        	li	a3, 1
80002aaa: 29 44        	li	s0, 10
80002aac: 13 08 81 03  	addi	a6, sp, 56
80002ab0: 93 07 00 03  	li	a5, 48
80002ab4: 93 0b 1c 00  	addi	s7, s8, 1
80002ab8: 33 06 88 01  	add	a2, a6, s8
80002abc: 23 00 f6 00  	sb	a5, 0(a2)
80002ac0: 13 36 fc 01  	sltiu	a2, s8, 31
80002ac4: 33 c7 d5 00  	xor	a4, a1, a3
80002ac8: 33 37 e0 00  	snez	a4, a4
80002acc: 71 8f        	and	a4, a4, a2
80002ace: 85 26        	addiw	a3, a3, 1
80002ad0: 5e 8c        	mv	s8, s7
80002ad2: 6d f3        	bnez	a4, 0x80002ab4 <_vsnprintf+0x98a>
80002ad4: 2c 18        	addi	a1, sp, 56
80002ad6: 39 ca        	beqz	a2, 0x80002b2c <_vsnprintf+0xa02>
80002ad8: 13 8c 1b 00  	addi	s8, s7, 1
80002adc: ae 9b        	add	s7, s7, a1
80002ade: 93 05 e0 02  	li	a1, 46
80002ae2: 23 80 bb 00  	sb	a1, 0(s7)
80002ae6: 93 0b 00 02  	li	s7, 32
80002aea: 13 08 81 03  	addi	a6, sp, 56
80002aee: fd 45        	li	a1, 31
80002af0: 63 ee 85 03  	bltu	a1, s8, 0x80002b2c <_vsnprintf+0xa02>
80002af4: d2 87        	mv	a5, s4
80002af6: b3 05 f5 02  	mul	a1, a0, a5
80002afa: 13 d6 f5 03  	srli	a2, a1, 63
80002afe: 89 95        	srai	a1, a1, 34
80002b00: b1 9d        	addw	a1, a1, a2
80002b02: 3b 86 85 02  	mulw	a2, a1, s0
80002b06: 3b 06 c5 40  	subw	a2, a0, a2
80002b0a: 1b 06 06 03  	addiw	a2, a2, 48
80002b0e: 93 0b 1c 00  	addi	s7, s8, 1
80002b12: b3 06 88 01  	add	a3, a6, s8
80002b16: 59 35        	addiw	a0, a0, -10
80002b18: 13 35 d5 fe  	sltiu	a0, a0, -19
80002b1c: 13 37 fc 01  	sltiu	a4, s8, 31
80002b20: 69 8f        	and	a4, a4, a0
80002b22: 23 80 c6 00  	sb	a2, 0(a3)
80002b26: 5e 8c        	mv	s8, s7
80002b28: 2e 85        	mv	a0, a1
80002b2a: 71 f7        	bnez	a4, 0x80002af6 <_vsnprintf+0x9cc>
80002b2c: 13 f4 34 00  	andi	s0, s1, 3
80002b30: 05 45        	li	a0, 1
80002b32: 63 11 a4 06  	bne	s0, a0, 0x80002b94 <_vsnprintf+0xa6a>
80002b36: 63 0a 0b 00  	beqz	s6, 0x80002b4a <_vsnprintf+0xa20>
80002b3a: 13 f5 c4 00  	andi	a0, s1, 12
80002b3e: 33 35 a0 00  	snez	a0, a0
80002b42: 33 65 55 00  	or	a0, a0, t0
80002b46: 3b 0b ab 40  	subw	s6, s6, a0
80002b4a: 13 15 0b 02  	slli	a0, s6, 32
80002b4e: 13 5c 05 02  	srli	s8, a0, 32
80002b52: 33 b5 8b 01  	sltu	a0, s7, s8
80002b56: 93 b5 0b 02  	sltiu	a1, s7, 32
80002b5a: 6d 8d        	and	a0, a0, a1
80002b5c: 05 cd        	beqz	a0, 0x80002b94 <_vsnprintf+0xa6a>
80002b5e: 16 f0        	sd	t0, 32(sp)
80002b60: 13 c5 fb ff  	not	a0, s7
80002b64: 2a 9c        	add	s8, s8, a0
80002b66: 7d 45        	li	a0, 31
80002b68: 33 05 75 41  	sub	a0, a0, s7
80002b6c: 63 63 ac 00  	bltu	s8, a0, 0x80002b72 <_vsnprintf+0xa48>
80002b70: 2a 8c        	mv	s8, a0
80002b72: 28 18        	addi	a0, sp, 56
80002b74: 5e 95        	add	a0, a0, s7
80002b76: 05 0c        	addi	s8, s8, 1
80002b78: 93 05 00 03  	li	a1, 48
80002b7c: 62 86        	mv	a2, s8
80002b7e: 97 00 00 00  	auipc	ra, 0
80002b82: e7 80 e0 3a  	jalr	942(ra)
80002b86: e2 9b        	add	s7, s7, s8
80002b88: 62 6d        	ld	s10, 24(sp)
80002b8a: 82 72        	ld	t0, 32(sp)
80002b8c: 7d 45        	li	a0, 31
80002b8e: 63 77 75 01  	bgeu	a0, s7, 0x80002b9c <_vsnprintf+0xa72>
80002b92: 05 a8        	j	0x80002bc2 <_vsnprintf+0xa98>
80002b94: 62 6d        	ld	s10, 24(sp)
80002b96: 7d 45        	li	a0, 31
80002b98: 63 65 75 03  	bltu	a0, s7, 0x80002bc2 <_vsnprintf+0xa98>
80002b9c: 13 05 d0 02  	li	a0, 45
80002ba0: 63 9c 02 00  	bnez	t0, 0x80002bb8 <_vsnprintf+0xa8e>
80002ba4: 93 f5 44 00  	andi	a1, s1, 4
80002ba8: 13 05 b0 02  	li	a0, 43
80002bac: 91 e5        	bnez	a1, 0x80002bb8 <_vsnprintf+0xa8e>
80002bae: 93 f5 84 00  	andi	a1, s1, 8
80002bb2: 13 05 00 02  	li	a0, 32
80002bb6: 91 c5        	beqz	a1, 0x80002bc2 <_vsnprintf+0xa98>
80002bb8: 2c 18        	addi	a1, sp, 56
80002bba: de 95        	add	a1, a1, s7
80002bbc: 85 0b        	addi	s7, s7, 1
80002bbe: 23 80 a5 00  	sb	a0, 0(a1)
80002bc2: 56 86        	mv	a2, s5
80002bc4: c2 75        	ld	a1, 48(sp)
80002bc6: 4a 8c        	mv	s8, s2
80002bc8: 0d ec        	bnez	s0, 0x80002c02 <_vsnprintf+0xad8>
80002bca: 13 15 0b 02  	slli	a0, s6, 32
80002bce: 01 91        	srli	a0, a0, 32
80002bd0: 56 86        	mv	a2, s5
80002bd2: 63 f8 ab 02  	bgeu	s7, a0, 0x80002c02 <_vsnprintf+0xad8>
80002bd6: 01 44        	li	s0, 0
80002bd8: b3 0c 75 41  	sub	s9, a0, s7
80002bdc: 2e 89        	mv	s2, a1
80002bde: 33 86 8a 00  	add	a2, s5, s0
80002be2: 13 05 00 02  	li	a0, 32
80002be6: ca 85        	mv	a1, s2
80002be8: e2 86        	mv	a3, s8
80002bea: 02 9d        	jalr	s10
80002bec: 05 04        	addi	s0, s0, 1
80002bee: e3 98 8c fe  	bne	s9, s0, 0x80002bde <_vsnprintf+0xab4>
80002bf2: 33 86 8a 00  	add	a2, s5, s0
80002bf6: 32 84        	mv	s0, a2
80002bf8: ca 85        	mv	a1, s2
80002bfa: 93 0c 71 03  	addi	s9, sp, 55
80002bfe: 63 84 0b 02  	beqz	s7, 0x80002c26 <_vsnprintf+0xafc>
80002c02: 33 85 7c 01  	add	a0, s9, s7
80002c06: 03 45 05 00  	lbu	a0, 0(a0)
80002c0a: 13 04 16 00  	addi	s0, a2, 1
80002c0e: e2 86        	mv	a3, s8
80002c10: 62 89        	mv	s2, s8
80002c12: 66 8c        	mv	s8, s9
80002c14: ae 8c        	mv	s9, a1
80002c16: 02 9d        	jalr	s10
80002c18: e6 85        	mv	a1, s9
80002c1a: e2 8c        	mv	s9, s8
80002c1c: 4a 8c        	mv	s8, s2
80002c1e: fd 1b        	addi	s7, s7, -1
80002c20: 22 86        	mv	a2, s0
80002c22: e3 90 0b fe  	bnez	s7, 0x80002c02 <_vsnprintf+0xad8>
80002c26: 62 86        	mv	a2, s8
80002c28: 13 f5 24 00  	andi	a0, s1, 2
80002c2c: 05 cd        	beqz	a0, 0x80002c64 <_vsnprintf+0xb3a>
80002c2e: 02 1b        	slli	s6, s6, 32
80002c30: 13 5b 0b 02  	srli	s6, s6, 32
80002c34: 33 05 54 41  	sub	a0, s0, s5
80002c38: 63 76 65 03  	bgeu	a0, s6, 0x80002c64 <_vsnprintf+0xb3a>
80002c3c: 2e 89        	mv	s2, a1
80002c3e: a2 99        	add	s3, s3, s0
80002c40: a2 7b        	ld	s7, 40(sp)
80002c42: ae 84        	mv	s1, a1
80002c44: 32 89        	mv	s2, a2
80002c46: 6a 8c        	mv	s8, s10
80002c48: 41 4d        	li	s10, 16
80002c4a: 93 0c 14 00  	addi	s9, s0, 1
80002c4e: 13 05 00 02  	li	a0, 32
80002c52: a6 85        	mv	a1, s1
80002c54: 22 86        	mv	a2, s0
80002c56: ca 86        	mv	a3, s2
80002c58: 02 9c        	jalr	s8
80002c5a: 85 09        	addi	s3, s3, 1
80002c5c: 66 84        	mv	s0, s9
80002c5e: e3 e6 69 ff  	bltu	s3, s6, 0x80002c4a <_vsnprintf+0xb20>
80002c62: 6d bb        	j	0x80002a1c <_vsnprintf+0x8f2>
80002c64: a2 8c        	mv	s9, s0
80002c66: a2 7b        	ld	s7, 40(sp)
80002c68: 32 89        	mv	s2, a2
80002c6a: 6a 8c        	mv	s8, s10
80002c6c: 41 4d        	li	s10, 16
80002c6e: 7d b3        	j	0x80002a1c <_vsnprintf+0x8f2>
80002c70: 63 e4 2a 01  	bltu	s5, s2, 0x80002c78 <_vsnprintf+0xb4e>
80002c74: 93 0a f9 ff  	addi	s5, s2, -1
80002c78: 01 45        	li	a0, 0
80002c7a: c2 75        	ld	a1, 48(sp)
80002c7c: 56 86        	mv	a2, s5
80002c7e: ca 86        	mv	a3, s2
80002c80: 02 9c        	jalr	s8
80002c82: 1b 85 0c 00  	sext.w	a0, s9
80002c86: ae 60        	ld	ra, 200(sp)
80002c88: 0e 64        	ld	s0, 192(sp)
80002c8a: ea 74        	ld	s1, 184(sp)
80002c8c: 4a 79        	ld	s2, 176(sp)
80002c8e: aa 79        	ld	s3, 168(sp)
80002c90: 0a 7a        	ld	s4, 160(sp)
80002c92: ea 6a        	ld	s5, 152(sp)
80002c94: 4a 6b        	ld	s6, 144(sp)
80002c96: aa 6b        	ld	s7, 136(sp)
80002c98: 0a 6c        	ld	s8, 128(sp)
80002c9a: e6 7c        	ld	s9, 120(sp)
80002c9c: 46 7d        	ld	s10, 112(sp)
80002c9e: a6 7d        	ld	s11, 104(sp)
80002ca0: 06 34        	fld	fs0, 96(sp)
80002ca2: e6 24        	fld	fs1, 88(sp)
80002ca4: 69 61        	addi	sp, sp, 208
80002ca6: 82 80        	ret

0000000080002ca8 <_out_char>:
80002ca8: 09 c5        	beqz	a0, 0x80002cb2 <_out_char+0xa>
80002caa: 17 03 00 00  	auipc	t1, 0
80002cae: 67 00 03 2d  	jr	720(t1)
80002cb2: 82 80        	ret

0000000080002cb4 <_out_null>:
80002cb4: 82 80        	ret

0000000080002cb6 <_ntoa_format>:
80002cb6: 19 71        	addi	sp, sp, -128
80002cb8: 86 fc        	sd	ra, 120(sp)
80002cba: a2 f8        	sd	s0, 112(sp)
80002cbc: a6 f4        	sd	s1, 104(sp)
80002cbe: ca f0        	sd	s2, 96(sp)
80002cc0: ce ec        	sd	s3, 88(sp)
80002cc2: d2 e8        	sd	s4, 80(sp)
80002cc4: d6 e4        	sd	s5, 72(sp)
80002cc6: da e0        	sd	s6, 64(sp)
80002cc8: 5e fc        	sd	s7, 56(sp)
80002cca: 62 f8        	sd	s8, 48(sp)
80002ccc: 66 f4        	sd	s9, 40(sp)
80002cce: 6a f0        	sd	s10, 32(sp)
80002cd0: 6e ec        	sd	s11, 24(sp)
80002cd2: f6 8b        	mv	s7, t4
80002cd4: 93 f4 2e 00  	andi	s1, t4, 2
80002cd8: 72 8a        	mv	s4, t3
80002cda: 1e 8d        	mv	s10, t2
80002cdc: c6 8c        	mv	s9, a7
80002cde: 3e 8c        	mv	s8, a5
80002ce0: 36 89        	mv	s2, a3
80002ce2: b2 89        	mv	s3, a2
80002ce4: ae 8a        	mv	s5, a1
80002ce6: aa 8d        	mv	s11, a0
80002ce8: 26 8b        	mv	s6, s1
80002cea: 3a e8        	sd	a4, 16(sp)
80002cec: d5 e4        	bnez	s1, 0x80002d98 <_ntoa_format+0xe2>
80002cee: 1b 05 0a 00  	sext.w	a0, s4
80002cf2: 13 f4 1b 00  	andi	s0, s7, 1
80002cf6: 19 c9        	beqz	a0, 0x80002d0c <_ntoa_format+0x56>
80002cf8: 19 c8        	beqz	s0, 0x80002d0e <_ntoa_format+0x58>
80002cfa: 13 f5 cb 00  	andi	a0, s7, 12
80002cfe: 33 35 a0 00  	snez	a0, a0
80002d02: 33 65 05 01  	or	a0, a0, a6
80002d06: 3b 0a aa 40  	subw	s4, s4, a0
80002d0a: 11 a0        	j	0x80002d0e <_ntoa_format+0x58>
80002d0c: 01 4a        	li	s4, 0
80002d0e: 13 15 0d 02  	slli	a0, s10, 32
80002d12: 01 91        	srli	a0, a0, 32
80002d14: b3 35 ac 00  	sltu	a1, s8, a0
80002d18: 13 36 0c 02  	sltiu	a2, s8, 32
80002d1c: f1 8d        	and	a1, a1, a2
80002d1e: 85 cd        	beqz	a1, 0x80002d56 <_ntoa_format+0xa0>
80002d20: 52 e4        	sd	s4, 8(sp)
80002d22: 4e 8a        	mv	s4, s3
80002d24: c2 89        	mv	s3, a6
80002d26: 93 44 fc ff  	not	s1, s8
80002d2a: aa 94        	add	s1, s1, a0
80002d2c: 7d 45        	li	a0, 31
80002d2e: b3 05 85 41  	sub	a1, a0, s8
80002d32: 33 05 87 01  	add	a0, a4, s8
80002d36: 63 e3 b4 00  	bltu	s1, a1, 0x80002d3c <_ntoa_format+0x86>
80002d3a: ae 84        	mv	s1, a1
80002d3c: 85 04        	addi	s1, s1, 1
80002d3e: 93 05 00 03  	li	a1, 48
80002d42: 26 86        	mv	a2, s1
80002d44: 97 00 00 00  	auipc	ra, 0
80002d48: e7 80 80 1e  	jalr	488(ra)
80002d4c: 26 9c        	add	s8, s8, s1
80002d4e: 42 67        	ld	a4, 16(sp)
80002d50: 4e 88        	mv	a6, s3
80002d52: d2 89        	mv	s3, s4
80002d54: 22 6a        	ld	s4, 8(sp)
80002d56: 29 c0        	beqz	s0, 0x80002d98 <_ntoa_format+0xe2>
80002d58: 13 15 0a 02  	slli	a0, s4, 32
80002d5c: 01 91        	srli	a0, a0, 32
80002d5e: b3 35 ac 00  	sltu	a1, s8, a0
80002d62: 13 36 0c 02  	sltiu	a2, s8, 32
80002d66: f1 8d        	and	a1, a1, a2
80002d68: 85 c9        	beqz	a1, 0x80002d98 <_ntoa_format+0xe2>
80002d6a: 42 84        	mv	s0, a6
80002d6c: 93 44 fc ff  	not	s1, s8
80002d70: aa 94        	add	s1, s1, a0
80002d72: 7d 45        	li	a0, 31
80002d74: b3 05 85 41  	sub	a1, a0, s8
80002d78: 33 05 87 01  	add	a0, a4, s8
80002d7c: 63 e3 b4 00  	bltu	s1, a1, 0x80002d82 <_ntoa_format+0xcc>
80002d80: ae 84        	mv	s1, a1
80002d82: 85 04        	addi	s1, s1, 1
80002d84: 93 05 00 03  	li	a1, 48
80002d88: 26 86        	mv	a2, s1
80002d8a: 97 00 00 00  	auipc	ra, 0
80002d8e: e7 80 20 1a  	jalr	418(ra)
80002d92: 26 9c        	add	s8, s8, s1
80002d94: 42 67        	ld	a4, 16(sp)
80002d96: 22 88        	mv	a6, s0
80002d98: 13 f5 0b 01  	andi	a0, s7, 16
80002d9c: 11 e5        	bnez	a0, 0x80002da8 <_ntoa_format+0xf2>
80002d9e: da 8c        	mv	s9, s6
80002da0: 7d 45        	li	a0, 31
80002da2: 63 7b 85 0b  	bgeu	a0, s8, 0x80002e58 <_ntoa_format+0x1a2>
80002da6: e1 a8        	j	0x80002e7e <_ntoa_format+0x1c8>
80002da8: 13 f5 0b 40  	andi	a0, s7, 1024
80002dac: 13 35 15 00  	seqz	a0, a0
80002db0: b3 35 80 01  	snez	a1, s8
80002db4: 6d 8d        	and	a0, a0, a1
80002db6: 15 cd        	beqz	a0, 0x80002df2 <_ntoa_format+0x13c>
80002db8: 02 1d        	slli	s10, s10, 32
80002dba: 13 55 0d 02  	srli	a0, s10, 32
80002dbe: 33 45 ac 00  	xor	a0, s8, a0
80002dc2: 33 35 a0 00  	snez	a0, a0
80002dc6: 93 15 0a 02  	slli	a1, s4, 32
80002dca: 81 91        	srli	a1, a1, 32
80002dcc: b3 45 bc 00  	xor	a1, s8, a1
80002dd0: b3 35 b0 00  	snez	a1, a1
80002dd4: 6d 8d        	and	a0, a0, a1
80002dd6: 11 ed        	bnez	a0, 0x80002df2 <_ntoa_format+0x13c>
80002dd8: 13 05 fc ff  	addi	a0, s8, -1
80002ddc: b3 35 a0 00  	snez	a1, a0
80002de0: 13 86 0c ff  	addi	a2, s9, -16
80002de4: 13 36 16 00  	seqz	a2, a2
80002de8: f1 8d        	and	a1, a1, a2
80002dea: 99 c1        	beqz	a1, 0x80002df0 <_ntoa_format+0x13a>
80002dec: 13 05 ec ff  	addi	a0, s8, -2
80002df0: 2a 8c        	mv	s8, a0
80002df2: 41 45        	li	a0, 16
80002df4: 63 96 ac 02  	bne	s9, a0, 0x80002e20 <_ntoa_format+0x16a>
80002df8: 93 f5 0b 02  	andi	a1, s7, 32
80002dfc: 13 b5 15 00  	seqz	a0, a1
80002e00: 13 36 0c 02  	sltiu	a2, s8, 32
80002e04: b3 76 c5 00  	and	a3, a0, a2
80002e08: 13 05 80 07  	li	a0, 120
80002e0c: da 8c        	mv	s9, s6
80002e0e: 9d e2        	bnez	a3, 0x80002e34 <_ntoa_format+0x17e>
80002e10: 33 35 b0 00  	snez	a0, a1
80002e14: b3 75 c5 00  	and	a1, a0, a2
80002e18: 13 05 80 05  	li	a0, 88
80002e1c: 81 ed        	bnez	a1, 0x80002e34 <_ntoa_format+0x17e>
80002e1e: 05 a0        	j	0x80002e3e <_ntoa_format+0x188>
80002e20: f9 1c        	addi	s9, s9, -2
80002e22: 13 b5 1c 00  	seqz	a0, s9
80002e26: 93 35 0c 02  	sltiu	a1, s8, 32
80002e2a: e9 8d        	and	a1, a1, a0
80002e2c: 13 05 20 06  	li	a0, 98
80002e30: da 8c        	mv	s9, s6
80002e32: 91 c5        	beqz	a1, 0x80002e3e <_ntoa_format+0x188>
80002e34: b3 05 87 01  	add	a1, a4, s8
80002e38: 05 0c        	addi	s8, s8, 1
80002e3a: 23 80 a5 00  	sb	a0, 0(a1)
80002e3e: 7d 45        	li	a0, 31
80002e40: 63 6f 85 03  	bltu	a0, s8, 0x80002e7e <_ntoa_format+0x1c8>
80002e44: 33 05 87 01  	add	a0, a4, s8
80002e48: 05 0c        	addi	s8, s8, 1
80002e4a: 93 05 00 03  	li	a1, 48
80002e4e: 23 00 b5 00  	sb	a1, 0(a0)
80002e52: 7d 45        	li	a0, 31
80002e54: 63 65 85 03  	bltu	a0, s8, 0x80002e7e <_ntoa_format+0x1c8>
80002e58: 13 05 d0 02  	li	a0, 45
80002e5c: 63 1c 08 00  	bnez	a6, 0x80002e74 <_ntoa_format+0x1be>
80002e60: 93 f5 4b 00  	andi	a1, s7, 4
80002e64: 13 05 b0 02  	li	a0, 43
80002e68: 91 e5        	bnez	a1, 0x80002e74 <_ntoa_format+0x1be>
80002e6a: 93 f5 8b 00  	andi	a1, s7, 8
80002e6e: 13 05 00 02  	li	a0, 32
80002e72: 91 c5        	beqz	a1, 0x80002e7e <_ntoa_format+0x1c8>
80002e74: b3 05 87 01  	add	a1, a4, s8
80002e78: 05 0c        	addi	s8, s8, 1
80002e7a: 23 80 a5 00  	sb	a0, 0(a1)
80002e7e: 13 f5 3b 00  	andi	a0, s7, 3
80002e82: 4e 84        	mv	s0, s3
80002e84: 05 e5        	bnez	a0, 0x80002eac <_ntoa_format+0x1f6>
80002e86: 13 15 0a 02  	slli	a0, s4, 32
80002e8a: 01 91        	srli	a0, a0, 32
80002e8c: 4e 84        	mv	s0, s3
80002e8e: 63 7f ac 00  	bgeu	s8, a0, 0x80002eac <_ntoa_format+0x1f6>
80002e92: b3 04 85 41  	sub	s1, a0, s8
80002e96: 4e 86        	mv	a2, s3
80002e98: 13 04 16 00  	addi	s0, a2, 1
80002e9c: 13 05 00 02  	li	a0, 32
80002ea0: d6 85        	mv	a1, s5
80002ea2: ca 86        	mv	a3, s2
80002ea4: 82 9d        	jalr	s11
80002ea6: fd 14        	addi	s1, s1, -1
80002ea8: 22 86        	mv	a2, s0
80002eaa: fd f4        	bnez	s1, 0x80002e98 <_ntoa_format+0x1e2>
80002eac: 63 05 0c 02  	beqz	s8, 0x80002ed6 <_ntoa_format+0x220>
80002eb0: 42 6b        	ld	s6, 16(sp)
80002eb2: 7d 1b        	addi	s6, s6, -1
80002eb4: 33 05 8b 01  	add	a0, s6, s8
80002eb8: 03 45 05 00  	lbu	a0, 0(a0)
80002ebc: 93 04 14 00  	addi	s1, s0, 1
80002ec0: d6 85        	mv	a1, s5
80002ec2: 22 86        	mv	a2, s0
80002ec4: ca 86        	mv	a3, s2
80002ec6: 82 9d        	jalr	s11
80002ec8: 7d 1c        	addi	s8, s8, -1
80002eca: 26 84        	mv	s0, s1
80002ecc: e3 14 0c fe  	bnez	s8, 0x80002eb4 <_ntoa_format+0x1fe>
80002ed0: 63 96 0c 00  	bnez	s9, 0x80002edc <_ntoa_format+0x226>
80002ed4: 1d a8        	j	0x80002f0a <_ntoa_format+0x254>
80002ed6: a2 84        	mv	s1, s0
80002ed8: 63 89 0c 02  	beqz	s9, 0x80002f0a <_ntoa_format+0x254>
80002edc: 02 1a        	slli	s4, s4, 32
80002ede: 13 5a 0a 02  	srli	s4, s4, 32
80002ee2: 33 85 34 41  	sub	a0, s1, s3
80002ee6: 63 72 45 03  	bgeu	a0, s4, 0x80002f0a <_ntoa_format+0x254>
80002eea: b3 09 30 41  	neg	s3, s3
80002eee: 13 84 14 00  	addi	s0, s1, 1
80002ef2: 13 05 00 02  	li	a0, 32
80002ef6: d6 85        	mv	a1, s5
80002ef8: 26 86        	mv	a2, s1
80002efa: ca 86        	mv	a3, s2
80002efc: 82 9d        	jalr	s11
80002efe: 33 85 89 00  	add	a0, s3, s0
80002f02: a2 84        	mv	s1, s0
80002f04: e3 65 45 ff  	bltu	a0, s4, 0x80002eee <_ntoa_format+0x238>
80002f08: 11 a0        	j	0x80002f0c <_ntoa_format+0x256>
80002f0a: 26 84        	mv	s0, s1
80002f0c: 22 85        	mv	a0, s0
80002f0e: e6 70        	ld	ra, 120(sp)
80002f10: 46 74        	ld	s0, 112(sp)
80002f12: a6 74        	ld	s1, 104(sp)
80002f14: 06 79        	ld	s2, 96(sp)
80002f16: e6 69        	ld	s3, 88(sp)
80002f18: 46 6a        	ld	s4, 80(sp)
80002f1a: a6 6a        	ld	s5, 72(sp)
80002f1c: 06 6b        	ld	s6, 64(sp)
80002f1e: e2 7b        	ld	s7, 56(sp)
80002f20: 42 7c        	ld	s8, 48(sp)
80002f22: a2 7c        	ld	s9, 40(sp)
80002f24: 02 7d        	ld	s10, 32(sp)
80002f26: e2 6d        	ld	s11, 24(sp)
80002f28: 09 61        	addi	sp, sp, 128
80002f2a: 82 80        	ret

0000000080002f2c <memset>:
80002f2c: b3 66 c5 00  	or	a3, a0, a2
80002f30: 9d 8a        	andi	a3, a3, 7
80002f32: 91 ce        	beqz	a3, 0x80002f4e <memset+0x22>
80002f34: b3 06 c5 00  	add	a3, a0, a2
80002f38: 63 70 d5 04  	bgeu	a0, a3, 0x80002f78 <memset+0x4c>
80002f3c: aa 86        	mv	a3, a0
80002f3e: 13 87 16 00  	addi	a4, a3, 1
80002f42: 7d 16        	addi	a2, a2, -1
80002f44: 23 80 b6 00  	sb	a1, 0(a3)
80002f48: ba 86        	mv	a3, a4
80002f4a: 75 fa        	bnez	a2, 0x80002f3e <memset+0x12>
80002f4c: 35 a0        	j	0x80002f78 <memset+0x4c>
80002f4e: 2a 96        	add	a2, a2, a0
80002f50: 63 74 c5 02  	bgeu	a0, a2, 0x80002f78 <memset+0x4c>
80002f54: e2 15        	slli	a1, a1, 56
80002f56: b7 16 10 10  	lui	a3, 65793
80002f5a: 92 06        	slli	a3, a3, 4
80002f5c: 93 86 06 10  	addi	a3, a3, 256
80002f60: b3 b5 d5 02  	mulhu	a1, a1, a3
80002f64: 93 96 05 02  	slli	a3, a1, 32
80002f68: d5 8d        	or	a1, a1, a3
80002f6a: aa 86        	mv	a3, a0
80002f6c: 13 87 86 00  	addi	a4, a3, 8
80002f70: 8c e2        	sd	a1, 0(a3)
80002f72: ba 86        	mv	a3, a4
80002f74: e3 6c c7 fe  	bltu	a4, a2, 0x80002f6c <memset+0x40>
80002f78: 82 80        	ret

0000000080002f7a <_putchar>:
80002f7a: 97 d5 ff 3f  	auipc	a1, 262141
80002f7e: 23 83 a5 08  	sb	a0, 134(a1)
80002f82: 82 80        	ret

Disassembly of section .data:

0000000080002f90 <Y_ref_real>:
80002f90: 1a 7b        	ld	s6, 416(sp)
80002f92: 1c be        	fsd	fa5, 56(a2)
80002f94: 4d 80        	srli	s0, s0, 19
80002f96: 85 bd        	j	0x80002e06 <_ntoa_format+0x150>
80002f98: f6 4e        	lw	t4, 92(sp)
80002f9a: e9 3d        	addiw	s11, s11, -6
80002f9c: 2d 43        	li	t1, 11
80002f9e: 58 bf        	fsd	fa4, 184(a4)
80002fa0: 00 85        	<unknown>
80002fa2: 37 3f 03 fb  	lui	t5, 1028147
80002fa6: 59 3e        	addiw	t3, t3, -10
80002fa8: b7 be 1c 3f  	lui	t4, 258507
80002fac: 6f db ee be  	jal	s6, 0x7fff039a <vfctrans_sim.c+0x7fff039a>
80002fb0: f5 55        	li	a1, -3
80002fb2: 23 3e bf 32  	sd	a1, 828(t5)
80002fb6: 29 3f        	addiw	t5, t5, -22
80002fb8: 5a 01        	slli	sp, sp, 22
80002fba: 69 3e        	addiw	t3, t3, -6
80002fbc: f5 18        	addi	a7, a7, -3
80002fbe: a1 3e        	addiw	t4, t4, -24
80002fc0: 90 a0        	fsd	fa2, 0(s1)
80002fc2: 74 bf        	fsd	fa3, 248(a4)
80002fc4: f4 6f        	ld	a3, 216(a5)
80002fc6: 64 3d        	fld	fs1, 248(a0)
80002fc8: 1d 38        	addiw	a6, a6, -25
80002fca: 04 be        	fsd	fs1, 56(a2)
80002fcc: 45 1c        	addi	s8, s8, -15
80002fce: 40 3f        	fld	fs0, 184(a4)
80002fd0: fe 74        	ld	s1, 504(sp)
80002fd2: 2f 3e 70 e1  	amomaxu.d	t3, s7, (zero)
80002fd6: 1d 40        	c.li	zero, 7
80002fd8: 56 c3        	sw	s5, 132(sp)
80002fda: 8e bf        	fsd	ft3, 504(sp)
80002fdc: 32 8c        	mv	s8, a2
80002fde: 0c 3f        	fld	fa1, 56(a4)
80002fe0: 60 12        	addi	s0, sp, 300
80002fe2: 94 bf        	fsd	fa3, 56(a5)
80002fe4: b0 9e        	<unknown>
80002fe6: 91 3e        	addiw	t4, t4, -28
80002fe8: e7 a8 29 bf  	<unknown>
80002fec: 94 a3        	fsd	fa3, 0(a5)
80002fee: 90 3e        	fld	fa2, 56(a3)
80002ff0: fc d7        	sw	a5, 108(a5)
80002ff2: 8c 3d        	fld	fa1, 56(a1)
80002ff4: b5 12        	addi	t0, t0, -19
80002ff6: 51 3f        	addiw	t5, t5, -12
80002ff8: 3d 7b        	lui	s6, 1048559
80002ffa: b5 3e        	addiw	t4, t4, -19
80002ffc: c7 9f 18 bf  	<unknown>
80003000: fb f6 00 3f  	<unknown>
80003004: 70 c5        	sw	a2, 76(a0)
80003006: ae be        	fsd	fa1, 376(sp)
80003008: 65 ea        	bnez	a2, 0x800030f8 <Y_ref_real+0x168>
8000300a: 68 be        	fsd	fa0, 248(a2)
8000300c: 43 de f8 bc  	<unknown>
80003010: 45 11        	addi	sp, sp, -15
80003012: 26 3f        	fld	ft10, 104(sp)
80003014: 7b ac d2 3d  	<unknown>
80003018: 2f f2 56 bf  	<unknown>
8000301c: 4b 84 83 bf  	<unknown>
80003020: 46 80        	c.mv	zero, a7
80003022: 10 40        	lw	a2, 0(s0)
80003024: 93 d0 d8 3e  	<unknown>
80003028: 45 f3        	bnez	a4, 0x80002fc8 <Y_ref_real+0x38>
8000302a: 0f 3f d6 a2  	<unknown>
8000302e: 1f bf 46 4d  	<unknown>
80003032: e4 bd        	fsd	fs1, 248(a1)
80003034: 1c 1b        	addi	a5, sp, 432
80003036: 1a be        	fsd	ft6, 312(sp)
80003038: da 36        	fld	fa3, 432(sp)
8000303a: 12 3f        	fld	ft10, 288(sp)
8000303c: 96 5e        	lw	t4, 100(sp)
8000303e: 95 3f        	addiw	t6, t6, -27
80003040: 49 a1        	j	0x800034c2 <H_real+0x132>
80003042: e3 be 10 26  	<unknown>
80003046: 4c 3f        	fld	fa1, 184(a4)
80003048: 9a 86        	mv	a3, t1
8000304a: 00 bf        	fsd	fs0, 56(a4)
8000304c: 55 e0        	bnez	s0, 0x800030f0 <Y_ref_real+0x160>
8000304e: 37 3f de 81  	lui	t5, 531939
80003052: 35 3f        	addiw	t5, t5, -19
80003054: 7c 38        	fld	fa5, 240(s0)
80003056: a2 3f        	fld	ft11, 40(sp)
80003058: 06 d7        	sw	ra, 172(sp)
8000305a: e4 bd        	fsd	fs1, 248(a1)
8000305c: b8 55        	lw	a4, 104(a1)
8000305e: 92 3f        	fld	ft11, 288(sp)
80003060: 3b 36 8b bf  	<unknown>
80003064: 41 d2        	beqz	a2, 0x80002fe4 <Y_ref_real+0x54>
80003066: cb 3d b2 80  	fnmsub.s	fs11, ft4, fa1, fa6, rup
8000306a: 48 bf        	fsd	fa0, 184(a4)
8000306c: ee 24        	fld	fs1, 216(sp)
8000306e: 84 bc        	fsd	fs1, 56(s1)
80003070: 8a 9c        	add	s9, s9, sp
80003072: 17 3f aa 7d  	auipc	t5, 514723
80003076: 8d 3f        	addiw	t6, t6, -29
80003078: 86 bb        	fsd	ft1, 496(sp)
8000307a: 0b be 7f a5  	<unknown>
8000307e: e1 bd        	j	0x80002f56 <memset+0x2a>
80003080: 52 2c        	fld	fs8, 272(sp)
80003082: 81 3f        	addiw	t6, t6, -32
80003084: 90 2e        	fld	fa2, 24(a3)
80003086: 9f bd e8 fe  	<unknown>
8000308a: b5 3e        	addiw	t4, t4, -19
8000308c: 64 08        	addi	s1, sp, 28
8000308e: 3c bc        	fsd	fa5, 120(s0)
80003090: 8a bd        	fsd	ft2, 248(sp)
80003092: 25 be        	j	0x80002bca <_vsnprintf+0xaa0>
80003094: 7b 44 8a 3e  	<unknown>
80003098: 79 52        	li	tp, -2
8000309a: dc be        	fsd	fa5, 184(a3)
8000309c: 5c f6        	sd	a5, 168(a2)
8000309e: 29 bf        	j	0x80002fb8 <Y_ref_real+0x28>
800030a0: 17 e3 a8 3f  	auipc	t1, 260750
800030a4: 9d 38        	addiw	a7, a7, -25
800030a6: bd 3d        	addiw	s11, s11, -17
800030a8: 3d 23        	addiw	t1, t1, 15
800030aa: 5d 3f        	addiw	t5, t5, -9
800030ac: 41 6f        	lui	t5, 16
800030ae: 9e be        	fsd	ft7, 376(sp)
800030b0: 7f e4 d8 be  	<unknown>
800030b4: 95 6d        	lui	s11, 5
800030b6: 1d 3f        	addiw	t5, t5, -25
800030b8: 72 ba        	fsd	ft8, 304(sp)
800030ba: 43 3e de 2a  	fmadd.d	ft8, ft8, fa3, ft5, rup
800030be: e6 3e        	fld	ft9, 120(sp)
800030c0: 68 32        	fld	fa0, 224(a2)
800030c2: 1d be        	j	0x80002bf8 <_vsnprintf+0xace>
800030c4: 3b 1a b8 3d  	<unknown>
800030c8: 93 e2 f9 be  	ori	t0, s3, -1041
800030cc: 99 ab        	j	0x80003622 <H_real+0x292>
800030ce: 08 3f        	fld	fa0, 56(a4)
800030d0: 6f af 3e 3f  	jal	t5, 0x800edcc2 <timer+0xe9502>
800030d4: 4f 3c c0 3f  	<unknown>
800030d8: 1c d5        	sw	a5, 40(a0)
800030da: 73 be 19 82  	csrrc	t3, 2081, s3
800030de: 28 3e        	fld	fa0, 120(a2)
800030e0: f1 1d        	addi	s11, s11, -4
800030e2: 87 bf e6 48  	fld	ft11, 1166(a3)
800030e6: 5f 3c c8 1a  	<unknown>
800030ea: 7c bf        	fsd	fa5, 248(a4)
800030ec: df 12 ac 3e  	<unknown>
800030f0: 30 8f        	<unknown>
800030f2: 82 3f        	fld	ft11, 32(sp)
800030f4: 1a 46        	lw	a2, 132(sp)
800030f6: 01 3e        	addiw	t3, t3, -32
800030f8: 58 98        	<unknown>
800030fa: 4b 3f 78 5d  	<unknown>
800030fe: 56 3e        	fld	ft8, 368(sp)
80003100: 79 52        	li	tp, -2
80003102: 56 3e        	fld	ft8, 368(sp)
80003104: 1e 3a        	fld	fs4, 480(sp)
80003106: da 3b        	fld	fs7, 432(sp)
80003108: 72 ed        	sd	t3, 152(sp)
8000310a: f8 3d        	fld	fa4, 248(a1)
8000310c: 8b cb 19 bd  	<unknown>
80003110: 30 20        	fld	fa2, 64(s0)
80003112: 91 3e        	addiw	t4, t4, -28
80003114: 1d 7f        	lui	t5, 1048551
80003116: 46 3e        	fld	ft8, 112(sp)
80003118: f9 c3        	beqz	a5, 0x800031de <Y_ref_imag+0x4e>
8000311a: 10 be        	fsd	fa2, 56(a2)
8000311c: e1 55        	li	a1, -8
8000311e: 65 bf        	j	0x800030d6 <Y_ref_real+0x146>
80003120: b6 6e        	ld	t4, 328(sp)
80003122: 93 3f 92 23  	sltiu	t6, tp, 569
80003126: aa be        	fsd	fa0, 376(sp)
80003128: a8 c9        	sw	a0, 80(a1)
8000312a: 43 3f 18 59  	fmadd.s	ft10, fa6, fa7, fa1, rup
8000312e: 14 3d        	fld	fa3, 56(a0)
80003130: 9c 4a        	lw	a5, 16(a3)
80003132: c4 3d        	fld	fs1, 184(a1)
80003134: d8 62        	ld	a4, 128(a3)
80003136: 3c 3f        	fld	fa5, 120(a4)
80003138: 63 2b c8 bd  	<unknown>
8000313c: ee 45        	lw	a1, 216(sp)
8000313e: 51 bc        	j	0x80002bd2 <_vsnprintf+0xaa8>
80003140: 4e 9c        	add	s8, s8, s3
80003142: 06 bf        	fsd	ft1, 440(sp)
80003144: 8e 18        	slli	a7, a7, 35
80003146: 83 3e ef 14  	ld	t4, 334(t5)
8000314a: cc 3e        	fld	fa1, 184(a3)
8000314c: 64 49        	lw	s1, 84(a0)
8000314e: ed 3e        	addiw	t4, t4, -5
80003150: 53 03 41 3f  	<unknown>
80003154: a3 15 ef 3f  	sh	t5, 1003(t5)
80003158: d7 8d 4c bf  	vnclip.wv	v27, v20, v25
8000315c: 12 cf        	sw	tp, 156(sp)
8000315e: ae 3e        	fld	ft9, 232(sp)
80003160: af a0 87 bf  	<unknown>
80003164: 62 e8        	sd	s8, 16(sp)
80003166: ce be        	fsd	fs3, 376(sp)
80003168: 79 e0        	bnez	s0, 0x8000322e <Y_ref_imag+0x9e>
8000316a: c3 bf c8 d4  	<unknown>
8000316e: 3e bf        	fsd	fa5, 440(sp)
80003170: a7 39 d8 3e  	fsd	fa3, 1011(a6)
80003174: ad 39        	addiw	s3, s3, -21
80003176: f3 3e 59 9a  	csrrc	t4, 2469, s2
8000317a: b1 3e        	addiw	t4, t4, -20
8000317c: a8 0e        	addi	a0, sp, 856
8000317e: 37 bf 34 2b  	lui	t5, 176971
80003182: 2a 3f        	fld	ft10, 168(sp)
80003184: d3 b8 72 3e  	<unknown>
80003188: b3 c9 a7 be  	<unknown>
8000318c: 88 4e        	lw	a0, 24(a3)
8000318e: eb bc 65 4a  	<unknown>

0000000080003190 <Y_ref_imag>:
80003190: 65 4a        	li	s4, 25
80003192: 57 3f 73 1f  	<unknown>
80003196: 53 bf f8 40  	<unknown>
8000319a: e1 bc        	j	0x80002c72 <_vsnprintf+0xb48>
8000319c: 30 95        	<unknown>
8000319e: 00 3e        	fld	fs0, 56(a2)
800031a0: 6f c3 c9 bf  	jal	t1, 0x7ff9f59c <vfctrans_sim.c+0x7ff9f59c>
800031a4: c9 40        	li	ra, 18
800031a6: 50 be        	fsd	fa2, 184(a2)
800031a8: f5 9a        	andi	a3, a3, -3
800031aa: c3 bc de 14  	<unknown>
800031ae: 57 3e d8 0b  	<unknown>
800031b2: 67 3e 54 25  	<unknown>
800031b6: db bd 7c 1e  	<unknown>
800031ba: bd 3e        	addiw	t4, t4, -17
800031bc: 8f 41 92 be  	<unknown>
800031c0: 07 4e d9 3e  	<unknown>
800031c4: e9 2c        	addiw	s9, s9, 26
800031c6: 42 3f        	fld	ft10, 48(sp)
800031c8: b8 fb        	sd	a4, 112(a5)
800031ca: f3 3e 65 81  	csrrc	t4, 2070, a0
800031ce: 7c 3f        	fld	fa5, 248(a4)
800031d0: ba d1        	sw	a4, 224(sp)
800031d2: 9c 3d        	fld	fa5, 56(a1)
800031d4: 4a a8        	fsd	fs2, 16(sp)
800031d6: 17 be 4a 2d  	auipc	t3, 185515
800031da: 52 be        	fsd	fs4, 312(sp)
800031dc: bc 4a        	lw	a5, 80(a3)
800031de: 16 3f        	fld	ft10, 352(sp)
800031e0: 89 14        	addi	s1, s1, -30
800031e2: 78 3e        	fld	fa4, 248(a2)
800031e4: 33 54 4e bf  	<unknown>
800031e8: d6 72        	ld	t0, 368(sp)
800031ea: 97 3d 34 05  	auipc	s11, 21315
800031ee: 08 be        	fsd	fa0, 56(a2)
800031f0: 6c 43        	lw	a1, 68(a4)
800031f2: 07 c0 11 4e  	<unknown>
800031f6: 90 be        	fsd	fa2, 56(a3)
800031f8: 85 80        	srli	s1, s1, 1
800031fa: c7 bf be f4  	<unknown>
800031fe: e9 3e        	addiw	t4, t4, -6
80003200: 4f e6 21 3e  	<unknown>
80003204: 29 e5        	bnez	a0, 0x8000324e <Y_ref_imag+0xbe>
80003206: 19 3f        	addiw	t5, t5, -26
80003208: 95 e8        	bnez	s1, 0x8000323c <Y_ref_imag+0xac>
8000320a: 64 3f        	fld	fs1, 248(a4)
8000320c: 2b 6c 3f 3e  	<unknown>
80003210: bf d1 aa 3e  	<unknown>
80003214: 51 95        	srai	a0, a0, 52
80003216: 38 3f        	fld	fa4, 120(a4)
80003218: 26 e7        	sd	s1, 392(sp)
8000321a: 5a be        	fsd	fs6, 312(sp)
8000321c: ff 49 8a be  	<unknown>
80003220: e9 f1        	bnez	a1, 0x800031e2 <Y_ref_imag+0x52>
80003222: 9c bf        	fsd	fa5, 56(a5)
80003224: e6 70        	ld	ra, 120(sp)
80003226: 2f be 2c 4d  	<unknown>
8000322a: 74 3e        	fld	fa3, 248(a2)
8000322c: 0e 67        	ld	a4, 192(sp)
8000322e: 95 bd        	j	0x800030a2 <Y_ref_real+0x112>
80003230: 14 49        	lw	a3, 16(a0)
80003232: ca 3e        	fld	ft9, 176(sp)
80003234: a4 90        	<unknown>
80003236: 10 3f        	fld	fa2, 56(a4)
80003238: c1 f9        	bnez	a1, 0x800031c8 <Y_ref_imag+0x38>
8000323a: 18 3f        	fld	fa4, 56(a4)
8000323c: 2f d6 55 bf  	<unknown>
80003240: db a2 34 3f  	<unknown>
80003244: e2 96        	add	a3, a3, s8
80003246: 48 3f        	fld	fa0, 184(a4)
80003248: b1 42        	li	t0, 12
8000324a: cd bd        	j	0x8000313c <Y_ref_real+0x1ac>
8000324c: 9c fe        	sd	a5, 56(a3)
8000324e: 7e 3e        	fld	ft8, 504(sp)
80003250: 2d 92        	srli	a2, a2, 43
80003252: f4 be        	fsd	fa3, 248(a3)
80003254: e1 eb        	bnez	a5, 0x80003324 <Y_ref_imag+0x194>
80003256: cc 3c        	fld	fa1, 184(s1)
80003258: 5c ab        	fsd	fa5, 144(a4)
8000325a: e1 be        	j	0x80002e32 <_ntoa_format+0x17c>
8000325c: f6 64        	ld	s1, 344(sp)
8000325e: b0 3e        	fld	fa2, 120(a3)
80003260: 92 c4        	sw	tp, 72(sp)
80003262: 21 3e        	addiw	t3, t3, -24
80003264: 4a ba        	fsd	fs2, 304(sp)
80003266: 91 3d        	addiw	s11, s11, -28
80003268: d0 5c        	lw	a2, 60(s1)
8000326a: b1 3d        	addiw	s11, s11, -20
8000326c: c1 70        	lui	ra, 1048560
8000326e: f1 be        	j	0x80002e4a <_ntoa_format+0x194>
80003270: 07 7c b5 bf  	<unknown>
80003274: 94 06        	addi	a3, sp, 832
80003276: b4 bf        	fsd	fa3, 120(a5)
80003278: a2 92        	add	t0, t0, s0
8000327a: d9 bf        	j	0x80003250 <Y_ref_imag+0xc0>
8000327c: 16 6c        	ld	s8, 320(sp)
8000327e: 87 3f 0f 21  	fld	ft11, 528(t5)
80003282: 36 bb        	fsd	fa3, 432(sp)
80003284: fd 34        	addiw	s1, s1, -1
80003286: 66 3f        	fld	ft10, 120(sp)
80003288: 90 f6        	sd	a2, 40(a3)
8000328a: 16 3f        	fld	ft10, 352(sp)
8000328c: 05 56        	li	a2, -31
8000328e: 9d 3e        	addiw	t4, t4, -25
80003290: 94 5d        	lw	a3, 56(a1)
80003292: 9f 3f a3 2f  	<unknown>
80003296: 14 3e        	fld	fa3, 56(a2)
80003298: 81 37        	addiw	a5, a5, -32
8000329a: 1d 3f        	addiw	t5, t5, -25
8000329c: da c4        	sw	s6, 72(sp)
8000329e: 2e be        	fsd	fa1, 312(sp)
800032a0: 12 66        	ld	a2, 256(sp)
800032a2: 9b bf e5 e5  	<unknown>
800032a6: 56 bf        	fsd	fs5, 440(sp)
800032a8: ba 5f        	lw	t6, 172(sp)
800032aa: 24 3f        	fld	fs1, 120(a4)
800032ac: c9 50        	li	ra, -14
800032ae: f6 bd        	fsd	ft9, 248(sp)
800032b0: a9 01        	addi	gp, gp, 10
800032b2: 26 3f        	fld	ft10, 104(sp)
800032b4: 27 ea 51 be  	<unknown>
800032b8: d5 8f        	or	a5, a5, a3
800032ba: b0 ba        	fsd	fa2, 112(a3)
800032bc: dd 45        	li	a1, 23
800032be: d9 bf        	j	0x80003294 <Y_ref_imag+0x104>
800032c0: 5f 28 08 3f  	<unknown>
800032c4: bd 01        	addi	gp, gp, 15
800032c6: 1b 3f 4f da  	<unknown>
800032ca: a2 3e        	fld	ft9, 40(sp)
800032cc: 20 d6        	sw	s0, 104(a2)
800032ce: 46 3e        	fld	ft8, 112(sp)
800032d0: 5e 4c        	lw	s8, 212(sp)
800032d2: db 3e 33 06  	<unknown>
800032d6: 9c 3e        	fld	fa5, 56(a3)
800032d8: 2e f6        	sd	a1, 296(sp)
800032da: 3f bf 9c 78  	<unknown>
800032de: 05 3f        	addiw	t5, t5, -31
800032e0: a1 97        	srai	a5, a5, 40
800032e2: 02 3f        	fld	ft10, 32(sp)
800032e4: f6 31        	fld	ft3, 376(sp)
800032e6: 78 3d        	fld	fa4, 248(a0)
800032e8: 4d 43        	li	t1, 19
800032ea: 05 3f        	addiw	t5, t5, -31
800032ec: a9 53        	li	t2, -22
800032ee: 48 bd        	fsd	fa0, 184(a0)
800032f0: 3c 78        	ld	a5, 112(s0)
800032f2: 71 bf        	j	0x8000328e <Y_ref_imag+0xfe>
800032f4: 4a 78        	ld	a6, 176(sp)
800032f6: bb bf 3b 7a  	<unknown>
800032fa: 96 bf        	fsd	ft5, 504(sp)
800032fc: 9e ee        	sd	t2, 344(sp)
800032fe: 29 3f        	addiw	t5, t5, -22
80003300: 1a 10        	c.slli	zero, 38
80003302: 4f be a2 91  	fnmadd.s	ft8, ft5, fs10, fs2, rup
80003306: 28 3d        	fld	fa0, 120(a0)
80003308: a9 21        	addiw	gp, gp, 10
8000330a: 91 3f        	addiw	t6, t6, -28
8000330c: 61 d1        	beqz	a0, 0x800032cc <Y_ref_imag+0x13c>
8000330e: c9 3e        	addiw	t4, t4, -14
80003310: 43 50 39 3f  	<unknown>
80003314: 29 50        	c.li	zero, -22
80003316: db 3d 6b c8  	<unknown>
8000331a: 2d 3e        	addiw	t3, t3, -21
8000331c: 11 da        	beqz	a2, 0x80003230 <Y_ref_imag+0xa0>
8000331e: 02 bf        	fsd	ft0, 440(sp)
80003320: d7 0f cf bf  	vnclip.wv	v31, v28, v30
80003324: ad ba        	j	0x80002c9e <_vsnprintf+0xb74>
80003326: d2 3d        	fld	fs11, 304(sp)
80003328: a2 15        	slli	a1, a1, 40
8000332a: 5f be 30 37  	<unknown>
8000332e: 8c bc        	fsd	fa1, 56(s1)
80003330: 79 16        	addi	a2, a2, -2
80003332: 27 3e ff b9  	fsd	ft11, -1124(t5)
80003336: 23 bf 6e 04  	sd	t1, 94(t4)
8000333a: 81 bd        	j	0x8000318a <Y_ref_real+0x1fa>
8000333c: 37 62 96 bf  	lui	tp, 784742
80003340: 3a b0        	fsd	fa4, 32(sp)
80003342: 2d 3f        	addiw	t5, t5, -21
80003344: 09 60        	c.lui	zero, 2
80003346: b5 3e        	addiw	t4, t4, -19
80003348: 73 1b 87 3e  	csrrw	s6, pmpaddr56, a4
8000334c: 98 33        	fld	fa4, 32(a5)
8000334e: 5d 3f        	addiw	t5, t5, -9
80003350: bd 61        	lui	gp, 15
80003352: dd bd        	j	0x80003248 <Y_ref_imag+0xb8>
80003354: d3 ec 9d bf  	<unknown>
80003358: 3d 0a        	addi	s4, s4, 15
8000335a: 1c be        	fsd	fa5, 56(a2)
8000335c: 33 74 ae 3d  	<unknown>
80003360: e2 8c        	mv	s9, s8
80003362: e8 3e        	fld	fa0, 248(a3)
80003364: a2 46        	lw	a3, 8(sp)
80003366: 81 3e        	addiw	t4, t4, -32
80003368: 9e a9        	fsd	ft7, 208(sp)
8000336a: 00 bf        	fsd	fs0, 56(a4)
8000336c: 0e 09        	slli	s2, s2, 3
8000336e: 55 be        	j	0x80002f22 <_ntoa_format+0x26c>
80003370: 68 67        	ld	a0, 200(a4)
80003372: 5a bf        	fsd	fs6, 440(sp)
80003374: f7 3b b9 bf  	<unknown>
80003378: 92 20        	fld	ft1, 256(sp)
8000337a: a8 bf        	fsd	fa0, 120(a5)
8000337c: b7 ce 32 3f  	lui	t4, 258860
80003380: 3f 4f 35 3f  	<unknown>
80003384: b1 22        	addiw	t0, t0, 12
80003386: d5 3f        	addiw	t6, t6, -11
80003388: 68 18        	addi	a0, sp, 60
8000338a: 7b 3f a9 0a  	<unknown>
8000338e: d0 bd        	fsd	fa2, 184(a1)

0000000080003390 <H_real>:
80003390: 8a 47        	lw	a5, 128(sp)
80003392: 96 3e        	fld	ft9, 352(sp)
80003394: 9c ea        	sd	a5, 16(a3)
80003396: 31 3e        	addiw	t3, t3, -20
80003398: 33 32 01 3e  	<unknown>
8000339c: b4 21        	fld	fa3, 64(a1)
8000339e: e8 3e        	fld	fa0, 248(a3)
800033a0: f5 8d        	and	a1, a1, a3
800033a2: e1 3e        	addiw	t4, t4, -8
800033a4: 4c d3        	sw	a1, 36(a4)
800033a6: c5 3e        	addiw	t4, t4, -15
800033a8: a3 d2 0c 3f  	<unknown>
800033ac: d3 de d8 3e  	<unknown>
800033b0: 48 6e        	ld	a0, 152(a2)
800033b2: df 3e 6a fb  	<unknown>
800033b6: 73 3e 8c 22  	csrrc	t3, 552, s8
800033ba: 05 3f        	addiw	t5, t5, -31
800033bc: 56 6e        	ld	t3, 336(sp)
800033be: a3 3d 8e 8b  	sd	s8, -1861(t3)
800033c2: 1b 3f cc 43  	<unknown>
800033c6: f3 3e de ca  	csrrc	t4, 3245, t3
800033ca: d6 3e        	fld	ft9, 368(sp)
800033cc: cd 8e        	or	a3, a3, a1
800033ce: 6b 3e a6 00  	<unknown>
800033d2: 80 3c        	fld	fs0, 56(s1)
800033d4: ef a2 13 3f  	jal	t0, 0x8003dfc4 <timer+0x39804>
800033d8: 4e 20        	fld	ft0, 208(sp)
800033da: a2 3d        	fld	fs11, 40(sp)
800033dc: 4c 76        	ld	a1, 168(a2)
800033de: 7c 3e        	fld	fa5, 248(a2)
800033e0: c5 44        	li	s1, 17
800033e2: d5 3e        	addiw	t4, t4, -11
800033e4: 45 e6        	bnez	a2, 0x8000348c <H_real+0xfc>
800033e6: 28 3f        	fld	fa0, 120(a4)
800033e8: f2 5f        	lw	t6, 60(sp)
800033ea: 3d 3b        	addiw	s6, s6, -17
800033ec: de 3d        	fld	fs11, 496(sp)
800033ee: 22 3e        	fld	ft8, 40(sp)
800033f0: 4f 85 0f 3f  	<unknown>
800033f4: 8e ed        	sd	gp, 216(sp)
800033f6: 0d 3f        	addiw	t5, t5, -29
800033f8: 91 f3        	bnez	a5, 0x800032fc <Y_ref_imag+0x16c>
800033fa: 9e 3c        	fld	fs9, 480(sp)
800033fc: 33 79 90 3e  	<unknown>
80003400: 23 30 b4 3e  	sd	a1, 992(s0)
80003404: e1 ae        	j	0x800037dc <H_real+0x44c>
80003406: 2e 3f        	fld	ft10, 232(sp)
80003408: f9 b9        	j	0x800030e6 <Y_ref_real+0x156>
8000340a: 82 3e        	fld	ft9, 32(sp)
8000340c: 08 bd        	fsd	fa0, 56(a0)
8000340e: cf 3d 4c fc  	<unknown>
80003412: 3b 3e 75 09  	<unknown>
80003416: 14 3f        	fld	fa3, 56(a4)
80003418: 1f 9b 2d 3f  	<unknown>
8000341c: c8 5b        	lw	a0, 52(a5)
8000341e: 33 3f 96 97  	<unknown>
80003422: c8 3e        	fld	fa0, 184(a3)
80003424: f0 b2        	fsd	fa2, 224(a3)
80003426: 21 3d        	addiw	s10, s10, -24
80003428: ae 20        	fld	ft1, 200(sp)
8000342a: 16 3f        	fld	ft10, 352(sp)
8000342c: f5 d1        	beqz	a1, 0x80003410 <H_real+0x80>
8000342e: 63 3e 26 46  	<unknown>
80003432: 6a 3e        	fld	ft8, 184(sp)
80003434: ed 6f        	lui	t6, 27
80003436: 14 3f        	fld	fa3, 56(a4)
80003438: 14 2c        	fld	fa3, 24(s0)
8000343a: 3a 3e        	fld	ft8, 424(sp)
8000343c: 0d 42        	li	tp, 3
8000343e: 31 3f        	addiw	t5, t5, -20
80003440: bf 61 c0 3e  	<unknown>
80003444: 5a 6c        	ld	s8, 400(sp)
80003446: 25 3f        	addiw	t5, t5, -23
80003448: d4 54        	lw	a3, 44(s1)
8000344a: 24 3e        	fld	fs1, 120(a2)
8000344c: 8d be        	j	0x80002fbe <Y_ref_real+0x2e>
8000344e: 0d 3f        	addiw	t5, t5, -29
80003450: ff 1c d3 3e  	<unknown>
80003454: 12 86        	mv	a2, tp
80003456: 83 3d a4 fb  	ld	s11, -70(s0)
8000345a: 1d 3e        	addiw	t3, t3, -25
8000345c: 15 18        	addi	a6, a6, -27
8000345e: 58 3e        	fld	fa4, 184(a2)
80003460: 46 95        	add	a0, a0, a7
80003462: 4b 3e 34 b9  	fnmsub.s	ft8, fs0, fs3, fs7, rup
80003466: 9d 3d        	addiw	s11, s11, -25
80003468: f4 09        	addi	a3, sp, 220
8000346a: a4 3d        	fld	fs1, 120(a1)
8000346c: c0 d9        	sw	s0, 52(a1)
8000346e: bf 3e e6 80  	<unknown>
80003472: 0d 3f        	addiw	t5, t5, -29
80003474: 04 bf        	fsd	fs1, 56(a4)
80003476: a5 3e        	addiw	t4, t4, -23
80003478: e1 1a        	addi	s5, s5, -8
8000347a: 84 3e        	fld	fs1, 56(a3)
8000347c: 28 aa        	fsd	fa0, 80(a2)
8000347e: ae 3e        	fld	ft9, 232(sp)
80003480: 99 74        	lui	s1, 1048550
80003482: e2 3e        	fld	ft9, 56(sp)
80003484: c6 6f        	ld	t6, 80(sp)
80003486: 1f 3f 9c 8b  	<unknown>
8000348a: 9d 3e        	addiw	t4, t4, -25
8000348c: 58 45        	lw	a4, 12(a0)
8000348e: c7 3e e6 07  	<unknown>
80003492: 05 3f        	addiw	t5, t5, -31
80003494: 7d ba        	j	0x80002e52 <_ntoa_format+0x19c>
80003496: dc 3e        	fld	fa5, 184(a3)
80003498: be f8        	sd	a5, 112(sp)
8000349a: 18 3f        	fld	fa4, 56(a4)
8000349c: 3b 10 48 3e  	<unknown>
800034a0: 0b 0e 0c 3e  	<unknown>
800034a4: ae a6        	fsd	fa1, 328(sp)
800034a6: 08 3f        	fld	fa0, 56(a4)
800034a8: 39 7e        	lui	t3, 1048558
800034aa: 9e 3e        	fld	ft9, 480(sp)
800034ac: fa d0        	sw	t5, 96(sp)
800034ae: ef 3e b2 c3  	jal	t4, 0x7ff270e8 <vfctrans_sim.c+0x7ff270e8>
800034b2: 7e 3e        	fld	ft8, 504(sp)
800034b4: fc e2        	sd	a5, 192(a3)
800034b6: 31 3e        	addiw	t3, t3, -20
800034b8: 24 08        	addi	s1, sp, 24
800034ba: 5b 3e 57 12  	<unknown>
800034be: fa 3d        	fld	fs11, 440(sp)
800034c0: f9 71        	lui	gp, 1048574
800034c2: f6 3e        	fld	ft9, 376(sp)
800034c4: a9 ac        	j	0x8000371e <H_real+0x38e>
800034c6: 9b 3e 2b 2f  	<unknown>
800034ca: 1d 3d        	addiw	s10, s10, -25
800034cc: 66 01        	slli	sp, sp, 25
800034ce: de 3e        	fld	ft9, 496(sp)
800034d0: ea 59        	lw	s3, 184(sp)
800034d2: 81 3e        	addiw	t4, t4, -32
800034d4: 01 df        	beqz	a4, 0x800033ec <H_real+0x5c>
800034d6: 01 3f        	addiw	t5, t5, -32
800034d8: 95 89        	andi	a1, a1, 5
800034da: ea 3e        	fld	ft9, 184(sp)
800034dc: 0f e6 b6 3e  	<unknown>
800034e0: 85 9a        	andi	a3, a3, -31
800034e2: a2 3e        	fld	ft9, 40(sp)
800034e4: 03 11 44 3e  	lh	sp, 996(s0)
800034e8: 8c 1f        	addi	a1, sp, 1008
800034ea: 17 3f af bc  	auipc	t5, 772851
800034ee: 06 3f        	fld	ft10, 96(sp)
800034f0: fc a0        	fsd	fa5, 192(s1)
800034f2: 09 3f        	addiw	t5, t5, -30
800034f4: 1c d0        	sw	a5, 32(s0)
800034f6: 76 3e        	fld	ft8, 376(sp)
800034f8: 80 fc        	sd	s0, 56(s1)
800034fa: 1e 3f        	fld	ft10, 480(sp)
800034fc: 83 e3 89 3e  	lwu	t2, 1000(s3)
80003500: 50 e5        	sd	a2, 136(a0)
80003502: 86 3e        	fld	ft9, 96(sp)
80003504: ac 5d        	lw	a1, 120(a1)
80003506: 1e 3d        	fld	fs10, 480(sp)
80003508: 7c f2        	sd	a5, 224(a2)
8000350a: 7d 3e        	addiw	t3, t3, -1
8000350c: 5b d9 a0 3e  	<unknown>
80003510: bb 43 6b 3c  	<unknown>
80003514: 07 36 39 3d  	fld	fa2, 979(s2)
80003518: 16 35        	fld	fa0, 352(sp)
8000351a: cf 3e 85 8a  	fnmadd.d	ft9, fa0, fs0, fa7, rup
8000351e: 01 3f        	addiw	t5, t5, -32
80003520: 09 fd        	bnez	a0, 0x8000343a <H_real+0xaa>
80003522: a8 3e        	fld	fa0, 120(a3)
80003524: aa eb        	sd	a0, 464(sp)
80003526: 58 3e        	fld	fa4, 184(a2)
80003528: a9 c8        	beqz	s1, 0x8000357a <H_real+0x1ea>
8000352a: c6 3e        	fld	ft9, 112(sp)
8000352c: 1a 5d        	lw	s10, 164(sp)
8000352e: f4 3e        	fld	fa3, 248(a3)
80003530: c1 d5        	beqz	a1, 0x800034b8 <H_real+0x128>
80003532: 60 3e        	fld	fs0, 248(a2)
80003534: 9a 0b        	slli	s7, s7, 6
80003536: 85 3e        	addiw	t4, t4, -31
80003538: 0d 6c        	lui	s8, 3
8000353a: de 3d        	fld	fs11, 496(sp)
8000353c: f3 05 c9 3e  	<unknown>
80003540: 51 a8        	j	0x800035d4 <H_real+0x244>
80003542: 0e 3f        	fld	ft10, 224(sp)
80003544: ea 93        	add	t2, t2, s10
80003546: d1 3e        	addiw	t4, t4, -12
80003548: e7 5f 01 3c  	<unknown>
8000354c: cf 8a e3 3e  	<unknown>
80003550: 26 e9        	sd	s1, 144(sp)
80003552: dd 3d        	addiw	s11, s11, -9
80003554: 1d 67        	lui	a4, 7
80003556: e8 3d        	fld	fa0, 248(a1)
80003558: c1 10        	addi	ra, ra, -16
8000355a: 16 3f        	fld	ft10, 352(sp)
8000355c: 53 f6 53 3e  	<unknown>
80003560: db 5b 06 3f  	<unknown>
80003564: 17 31 a9 3e  	auipc	sp, 256659
80003568: 11 a9        	j	0x8000397c <H_real+0x5ec>
8000356a: 82 3e        	fld	ft9, 32(sp)
8000356c: e7 db 0e 3f  	<unknown>
80003570: 75 8d        	and	a0, a0, a3
80003572: fa 3e        	fld	ft9, 440(sp)
80003574: 86 1f        	slli	t6, t6, 33
80003576: 91 3e        	addiw	t4, t4, -28
80003578: 9a ef        	sd	t1, 472(sp)
8000357a: 34 3f        	fld	fa3, 120(a4)
8000357c: 3f eb 0c 3e  	<unknown>
80003580: 02 5c        	lw	s8, 32(sp)
80003582: 19 3f        	addiw	t5, t5, -26
80003584: c4 44        	lw	s1, 12(s1)
80003586: be 3e        	fld	ft9, 488(sp)
80003588: 2b 7b 15 3f  	<unknown>
8000358c: 1b 25 0a 3f  	<unknown>
80003590: 02 db        	sw	zero, 180(sp)
80003592: 84 3e        	fld	fs1, 56(a3)
80003594: 29 8d        	xor	a0, a0, a0
80003596: 05 3f        	addiw	t5, t5, -31
80003598: 02 4d        	lw	s10, 0(sp)
8000359a: da 3e        	fld	ft9, 432(sp)
8000359c: b3 34 8c 3e  	<unknown>
800035a0: c9 b4        	j	0x80003062 <Y_ref_real+0xd2>
800035a2: 7d 3d        	addiw	s10, s10, -1
800035a4: fa 96        	add	a3, a3, t5
800035a6: 15 3f        	addiw	t5, t5, -27
800035a8: 40 fc        	sd	s0, 184(s0)
800035aa: 89 3e        	addiw	t4, t4, -30
800035ac: 9d 8c        	sub	s1, s1, a5
800035ae: 88 3e        	fld	fa0, 56(a3)
800035b0: 59 db        	beqz	a4, 0x80003546 <H_real+0x1b6>
800035b2: ba 3e        	fld	ft9, 424(sp)
800035b4: a4 36        	fld	fs1, 104(a3)
800035b6: 0b 3f b1 10  	<unknown>
800035ba: fd 3d        	addiw	s11, s11, -1
800035bc: a8 91        	<unknown>
800035be: ee 3e        	fld	ft9, 248(sp)
800035c0: 7a 17        	slli	a4, a4, 62
800035c2: 09 3e        	addiw	t3, t3, -30
800035c4: 90 db        	sw	a2, 48(a5)
800035c6: 71 3e        	addiw	t3, t3, -4
800035c8: 88 53        	lw	a0, 32(a5)
800035ca: 09 3f        	addiw	t5, t5, -30
800035cc: d4 ea        	sd	a3, 144(a3)
800035ce: fc 3e        	fld	fa5, 248(a3)
800035d0: 3b 6f 94 3e  	<unknown>
800035d4: 2d 42        	li	tp, 11
800035d6: aa 3e        	fld	ft9, 168(sp)
800035d8: 0e 71        	ld	sp, 224(sp)
800035da: 19 3f        	addiw	t5, t5, -26
800035dc: ee 91        	add	gp, gp, s11
800035de: cc 3e        	fld	fa1, 184(a3)
800035e0: 63 4a ef 3e  	blt	t5, a4, 0x800039d4 <H_real+0x644>
800035e4: c9 e3        	bnez	a5, 0x80003666 <H_real+0x2d6>
800035e6: 6d 3d        	addiw	s10, s10, -5
800035e8: 99 5f        	li	t6, -26
800035ea: da 3e        	fld	ft9, 432(sp)
800035ec: 6f d5 18 3e  	jal	a0, 0x800911cc <timer+0x8ca0c>
800035f0: e1 e4        	bnez	s1, 0x800036b8 <H_real+0x328>
800035f2: 2b 3f 02 f3  	<unknown>
800035f6: 80 3d        	fld	fs0, 56(a1)
800035f8: 8b d2 2c 3f  	<unknown>
800035fc: e0 6f        	ld	s0, 216(a5)
800035fe: cf 3d 74 46  	<unknown>
80003602: 50 3e        	fld	fa2, 184(a2)
80003604: c1 58        	li	a7, -16
80003606: e7 3e e4 68  	<unknown>
8000360a: 5d 3d        	addiw	s10, s10, -9
8000360c: 67 91 b3 3b  	<unknown>
80003610: 63 b2 16 3f  	<unknown>
80003614: f0 fb        	sd	a2, 240(a5)
80003616: ee 3e        	fld	ft9, 248(sp)
80003618: c0 ed        	sd	s0, 152(a1)
8000361a: f2 3e        	fld	ft9, 312(sp)
8000361c: 84 df        	sw	s1, 56(a5)
8000361e: 64 3e        	fld	fs1, 248(a2)
80003620: 40 ae        	fsd	fs0, 152(a2)
80003622: d9 3e        	addiw	t4, t4, -10
80003624: 1f 25 ff 3e  	<unknown>
80003628: f4 71        	ld	a3, 224(a1)
8000362a: 28 3f        	fld	fa0, 120(a4)
8000362c: af 85 80 3d  	<unknown>
80003630: 58 7b        	ld	a4, 176(a4)
80003632: b0 3e        	fld	fa2, 120(a3)
80003634: e8 33        	fld	fa0, 224(a5)
80003636: 0b 3e fb dd  	<unknown>
8000363a: bd 3e        	addiw	t4, t4, -17
8000363c: 94 e1        	sd	a3, 0(a1)
8000363e: 8c 3e        	fld	fa1, 56(a3)
80003640: 26 61        	ld	sp, 72(sp)
80003642: 05 3f        	addiw	t5, t5, -31
80003644: 86 72        	ld	t0, 96(sp)
80003646: e2 3e        	fld	ft9, 56(sp)
80003648: 86 3a        	fld	fs5, 96(sp)
8000364a: 3f 3d 97 f1  	<unknown>
8000364e: 6d 3e        	addiw	t3, t3, -5
80003650: df 2f 0f 3f  	<unknown>
80003654: 93 f2 9c 3d  	andi	t0, s9, 985
80003658: ca 67        	ld	a5, 144(sp)
8000365a: 9f 3e f9 d3  	<unknown>
8000365e: 84 3e        	fld	fs1, 56(a3)
80003660: a5 86        	srai	a3, a3, 9
80003662: 17 3e 6c 65  	auipc	t3, 415427
80003666: f0 3e        	fld	fa2, 248(a3)
80003668: 29 6e        	lui	t3, 10
8000366a: bc 3d        	fld	fa5, 120(a1)
8000366c: 49 3a        	addiw	s4, s4, -14
8000366e: 9d 3e        	addiw	t4, t4, -25
80003670: 72 cd        	sw	t3, 152(sp)
80003672: 0d 3e        	addiw	t3, t3, -29
80003674: b3 22 50 3e  	<unknown>
80003678: ed 24        	addiw	s1, s1, 27
8000367a: 0e 3f        	fld	ft10, 224(sp)
8000367c: a9 46        	li	a3, 10
8000367e: 13 3f 5e 62  	sltiu	t5, t3, 1573
80003682: 2a 3f        	fld	ft10, 168(sp)
80003684: aa 4f        	lw	t6, 136(sp)
80003686: 30 3f        	fld	fa2, 120(a4)
80003688: 0b 6a 70 3b  	<unknown>
8000368c: 8c 61        	ld	a1, 0(a1)
8000368e: e6 3e        	fld	ft9, 120(sp)
80003690: e9 43        	li	t2, 26
80003692: cc 3d        	fld	fa1, 184(a1)
80003694: b3 24 21 3e  	<unknown>
80003698: 88 3f        	fld	fa0, 56(a5)
8000369a: a4 3e        	fld	fs1, 120(a3)
8000369c: bc 49        	lw	a5, 80(a1)
8000369e: 25 3f        	addiw	t5, t5, -23
800036a0: 75 43        	li	t1, 29
800036a2: f7 3e 94 71  	<unknown>
800036a6: c7 3e 78 13  	fmsub.d	ft9, fa6, fs7, ft2, rup
800036aa: f9 3e        	addiw	t4, t4, -2
800036ac: c4 57        	lw	s1, 44(a5)
800036ae: 3d 3e        	addiw	t3, t3, -17
800036b0: 78 63        	ld	a4, 192(a4)
800036b2: f3 3e 5c c5  	csrrc	t4, 3157, s8
800036b6: 00 3e        	fld	fs0, 56(a2)
800036b8: 18 c5        	sw	a4, 8(a0)
800036ba: b3 3e b7 74  	<unknown>
800036be: 0a 3f        	fld	ft10, 160(sp)
800036c0: e2 cd        	sw	s8, 216(sp)
800036c2: 0c 3f        	fld	fa1, 56(a4)
800036c4: 56 2b        	fld	fs6, 336(sp)
800036c6: 52 3e        	fld	ft8, 304(sp)
800036c8: f9 97        	srai	a5, a5, 62
800036ca: 0a 3f        	fld	ft10, 160(sp)
800036cc: 52 04        	slli	s0, s0, 20
800036ce: a9 3e        	addiw	t4, t4, -22
800036d0: 53 43 ce 3e  	<unknown>
800036d4: b1 72        	lui	t0, 1048556
800036d6: 85 3d        	addiw	s11, s11, -31
800036d8: ff 20 0d 3e  	<unknown>
800036dc: 25 4a        	li	s4, 9
800036de: ca 3e        	fld	ft9, 176(sp)
800036e0: ce 53        	lw	t2, 240(sp)
800036e2: d5 3d        	addiw	s11, s11, -11
800036e4: 22 a9        	fsd	fs0, 144(sp)
800036e6: e2 3e        	fld	ft9, 56(sp)
800036e8: d5 4e        	li	t4, 21
800036ea: b6 3e        	fld	ft9, 360(sp)
800036ec: f8 c3        	sw	a4, 68(a5)
800036ee: 1c 3f        	fld	fa5, 56(a4)
800036f0: 66 c3        	sw	s9, 132(sp)
800036f2: 22 3f        	fld	ft10, 40(sp)
800036f4: 90 bc        	fsd	fa2, 56(s1)
800036f6: b6 3e        	fld	ft9, 360(sp)
800036f8: cd 9f        	<unknown>
800036fa: 72 3e        	fld	ft8, 312(sp)
800036fc: 89 7b        	lui	s7, 1048546
800036fe: 0b 3c 96 05  	<unknown>
80003702: 93 3e b1 e9  	sltiu	t4, sp, -357
80003706: 30 3f        	fld	fa2, 120(a4)
80003708: 53 f6 a9 3e  	<unknown>
8000370c: 86 ea        	sd	ra, 336(sp)
8000370e: 30 3d        	fld	fa2, 120(a0)
80003710: 09 1f        	addi	t5, t5, -30
80003712: 32 3f        	fld	ft10, 296(sp)
80003714: f5 50        	li	ra, -3
80003716: e6 3e        	fld	ft9, 120(sp)
80003718: 5a 85        	mv	a0, s6
8000371a: 1e 3f        	fld	ft10, 480(sp)
8000371c: 85 e4        	bnez	s1, 0x80003744 <H_real+0x3b4>
8000371e: 22 3f        	fld	ft10, 40(sp)
80003720: f7 8f d5 3e  	<unknown>
80003724: 11 d3        	beqz	a4, 0x80003628 <H_real+0x298>
80003726: b6 3e        	fld	ft9, 360(sp)
80003728: a6 e3        	sd	s1, 448(sp)
8000372a: 0d 3f        	addiw	t5, t5, -29
8000372c: ab a3 85 3e  	<unknown>
80003730: 96 8d        	mv	s11, t0
80003732: ce 3e        	fld	ft9, 240(sp)
80003734: 89 87        	srai	a5, a5, 2
80003736: 27 3f 8d d8  	fsd	fs0, -610(s10)
8000373a: 9d 3e        	addiw	t4, t4, -25
8000373c: 95 b7        	j	0x800036a0 <H_real+0x310>
8000373e: 87 3d 39 2f  	fld	fs11, 755(s2)
80003742: 94 3e        	fld	fa3, 56(a3)
80003744: 9f d2 a6 3e  	<unknown>
80003748: d4 a1        	fsd	fa3, 128(a1)
8000374a: f1 3e        	addiw	t4, t4, -4
8000374c: cb a8 20 3f  	<unknown>
80003750: b0 da        	sw	a2, 112(a3)
80003752: 23 3f 1c 4d  	sd	a7, 1246(s8)
80003756: 28 3f        	fld	fa0, 120(a4)
80003758: de b7        	fsd	fs7, 488(sp)
8000375a: 8f 3c 6b 12  	<unknown>
8000375e: 15 3f        	addiw	t5, t5, -27
80003760: 1f b7 a5 3d  	<unknown>
80003764: 23 2c 34 3f  	sw	s3, 1016(s0)
80003768: 29 6b        	lui	s6, 10
8000376a: 4a 3e        	fld	ft8, 176(sp)
8000376c: d2 0a        	slli	s5, s5, 20
8000376e: 13 3f 80 20  	sltiu	t5, zero, 520
80003772: 67 3e 3a cb  	<unknown>
80003776: e9 3e        	addiw	t4, t4, -6
80003778: 7a ea        	sd	t5, 272(sp)
8000377a: 2c 3f        	fld	fa1, 120(a4)
8000377c: b4 5c        	lw	a3, 120(s1)
8000377e: 00 3d        	fld	fs0, 56(a0)
80003780: 48 11        	addi	a0, sp, 164
80003782: 29 3f        	addiw	t5, t5, -22
80003784: 2c 90        	<unknown>
80003786: 32 3f        	fld	ft10, 296(sp)
80003788: 45 3c        	addiw	s8, s8, -15
8000378a: 27 3e 8d 83  	fsd	fs8, -1988(s10)
8000378e: ff 3d 4c b0  	<unknown>
80003792: 35 3e        	addiw	t3, t3, -19
80003794: 35 3c        	addiw	s8, s8, -19
80003796: 0b 3f b9 a5  	<unknown>
8000379a: 09 3f        	addiw	t5, t5, -30
8000379c: ce e4        	sd	s3, 72(sp)
8000379e: 7b 3e f9 53  	<unknown>
800037a2: a7 3e af 88  	fsd	fa0, -1891(t5)
800037a6: 05 3f        	addiw	t5, t5, -31
800037a8: 00 30        	fld	fs0, 32(s0)
800037aa: b0 3e        	fld	fa2, 120(a3)
800037ac: 97 f4 20 3f  	auipc	s1, 258575
800037b0: 1d 9d        	subw	a0, a0, a5
800037b2: 77 3d 2e 79  	<unknown>
800037b6: 51 3e        	addiw	t3, t3, -12
800037b8: dc cd        	sw	a5, 28(a1)
800037ba: 69 3e        	addiw	t3, t3, -6
800037bc: 0f f0 2a 3f  	<unknown>
800037c0: 01 d2        	beqz	a2, 0x800036c0 <H_real+0x330>
800037c2: 03 3f 4e e7  	ld	t5, -396(t3)
800037c6: a7 3e 25 f7  	fsd	fs2, -131(a0)
800037ca: 01 3f        	addiw	t5, t5, -32
800037cc: a3 11 bc 3e  	sh	a1, 995(s8)
800037d0: 08 4f        	lw	a0, 24(a4)
800037d2: 34 3e        	fld	fa3, 120(a2)
800037d4: a6 4b        	lw	s7, 72(sp)
800037d6: 48 3d        	fld	fa0, 184(a0)
800037d8: c7 0b eb 3e  	<unknown>
800037dc: ce bb        	fsd	fs3, 496(sp)
800037de: 9b 3d 1f 6a  	<unknown>
800037e2: 15 3e        	addiw	t3, t3, -27
800037e4: 28 53        	lw	a0, 96(a4)
800037e6: 52 3e        	fld	ft8, 304(sp)
800037e8: 14 c1        	sw	a3, 0(a0)
800037ea: 11 3f        	addiw	t5, t5, -28
800037ec: b4 44        	lw	a3, 72(s1)
800037ee: 86 3e        	fld	ft9, 96(sp)
800037f0: 41 22        	addiw	tp, tp, 16
800037f2: 06 3f        	fld	ft10, 96(sp)
800037f4: 2a aa        	fsd	fa0, 272(sp)
800037f6: e8 3e        	fld	fa0, 248(a3)
800037f8: 92 56        	lw	a3, 36(sp)
800037fa: 9b 3d f3 a7  	<unknown>
800037fe: 6f 3d 1d eb  	jal	s10, 0x7ffd76ae <vfctrans_sim.c+0x7ffd76ae>
80003802: e6 3e        	fld	ft9, 120(sp)
80003804: 37 c4 2c 3e  	lui	s0, 254668
80003808: 73 08 86 3c  	<unknown>
8000380c: 41 9b        	andi	a4, a4, -16
8000380e: 85 3e        	addiw	t4, t4, -31
80003810: f6 8e        	mv	t4, t4
80003812: a3 3e b2 4d  	sd	s11, 1245(tp)
80003816: 31 3f        	addiw	t5, t5, -20
80003818: cc 1a        	addi	a1, sp, 372
8000381a: 1c 3f        	fld	fa5, 56(a4)
8000381c: d3 21 cb 3d  	<unknown>
80003820: 05 d2        	beqz	a2, 0x80003740 <H_real+0x3b0>
80003822: 0c 3f        	fld	fa1, 56(a4)
80003824: ec 9b        	<unknown>
80003826: 9f 3e 8c 36  	<unknown>
8000382a: de 3d        	fld	fs11, 496(sp)
8000382c: e4 f2        	sd	s1, 224(a3)
8000382e: 0d 3f        	addiw	t5, t5, -29
80003830: f2 49        	lw	s3, 28(sp)
80003832: 87 3e f9 8f  	fld	ft9, -1793(s2)
80003836: 34 3f        	fld	fa3, 120(a4)
80003838: 6c 04        	addi	a1, sp, 524
8000383a: c3 3c 2d 23  	fmadd.d	fs9, fs10, fs2, ft4, rup
8000383e: ee 3e        	fld	ft9, 248(sp)
80003840: c8 e1        	sd	a0, 128(a1)
80003842: 7f 3e 22 69  	<unknown>
80003846: 26 3f        	fld	ft10, 104(sp)
80003848: ee 3d        	fld	fs11, 248(sp)
8000384a: eb 3e 7f 87  	<unknown>
8000384e: 40 3d        	fld	fs0, 184(a0)
80003850: c8 32        	fld	fa0, 160(a3)
80003852: 43 3d 2d a3  	fmadd.d	fs10, fs10, fs2, fs4, rup
80003856: 68 3e        	fld	fa0, 248(a2)
80003858: b8 ee        	sd	a4, 88(a3)
8000385a: f5 3e        	addiw	t4, t4, -3
8000385c: 08 1a        	addi	a0, sp, 304
8000385e: 1e 3f        	fld	ft10, 480(sp)
80003860: 0d 9a        	andi	a2, a2, -29
80003862: c4 3e        	fld	fs1, 184(a3)
80003864: ea f6        	sd	s10, 360(sp)
80003866: fd 3e        	addiw	t4, t4, -1
80003868: 9e ed        	sd	t2, 216(sp)
8000386a: e3 3e 22 f9  	<unknown>
8000386e: 0d 3d        	addiw	s10, s10, -29
80003870: 15 38        	addiw	a6, a6, -27
80003872: 17 3d 88 a5  	auipc	s10, 678019
80003876: c8 3e        	fld	fa0, 184(a3)
80003878: a2 ef        	sd	s0, 472(sp)
8000387a: 99 3e        	addiw	t4, t4, -26
8000387c: d8 c5        	sw	a4, 12(a1)
8000387e: d9 3e        	addiw	t4, t4, -10
80003880: e9 65        	lui	a1, 26
80003882: 10 3d        	fld	fa2, 56(a0)
80003884: af 3b 88 3e  	<unknown>
80003888: 84 aa        	fsd	fs1, 16(a3)
8000388a: 6c 3e        	fld	fa1, 248(a2)
8000388c: 18 a7        	fsd	fa4, 8(a4)
8000388e: c7 3e eb d8  	fmsub.s	ft9, fs6, fa4, fs11, rup
80003892: 4e 3e        	fld	ft8, 240(sp)
80003894: 36 6b        	ld	s6, 328(sp)
80003896: 4b 3e 38 3b  	fnmsub.d	ft8, fa6, fs3, ft7, rup
8000389a: 40 3e        	fld	fs0, 184(a2)
8000389c: 30 71        	ld	a2, 96(a0)
8000389e: 8c 3d        	fld	fa1, 56(a1)
800038a0: 14 b1        	fsd	fa3, 32(a0)
800038a2: fb 3e 3d c2  	<unknown>
800038a6: 38 3e        	fld	fa4, 120(a2)
800038a8: da ae        	fsd	fs6, 344(sp)
800038aa: 1d 3f        	addiw	t5, t5, -25
800038ac: 24 d0        	sw	s1, 96(s0)
800038ae: ad 3d        	addiw	s11, s11, -21
800038b0: 18 dc        	sw	a4, 56(s0)
800038b2: 18 3f        	fld	fa4, 56(a4)
800038b4: b5 b1        	j	0x80003520 <H_real+0x190>
800038b6: e1 3e        	addiw	t4, t4, -8
800038b8: 69 c9        	beqz	a0, 0x8000398a <H_real+0x5fa>
800038ba: 89 3d        	addiw	s11, s11, -30
800038bc: 66 8b        	mv	s6, s9
800038be: 14 3f        	fld	fa3, 56(a4)
800038c0: d3 b0 e4 3d  	<unknown>
800038c4: 6f c0 21 3f  	j	0x8001fcb6 <timer+0x1b4f6>
800038c8: 67 89 ba 3d  	jalr	s2, 987(s5)
800038cc: 2c 8f        	<unknown>
800038ce: 11 3f        	addiw	t5, t5, -28
800038d0: c0 3e        	fld	fs0, 184(a3)
800038d2: 2b 3f 7e 79  	<unknown>
800038d6: 79 3e        	addiw	t3, t3, -2
800038d8: 94 31        	fld	fa3, 32(a1)
800038da: 0f 3f 36 32  	<unknown>
800038de: b6 3e        	fld	ft9, 360(sp)
800038e0: 2a 04        	slli	s0, s0, 10
800038e2: 1b 3f 76 29  	<unknown>
800038e6: 0f 3d db 8a  	<unknown>
800038ea: 1e 3d        	fld	fs10, 480(sp)
800038ec: aa e6        	sd	a0, 328(sp)
800038ee: b0 3e        	fld	fa2, 120(a3)
800038f0: e5 5d        	li	s11, -7
800038f2: c4 3e        	fld	fs1, 184(a3)
800038f4: 0b 35 2c 3f  	<unknown>
800038f8: b6 e4        	sd	a3, 72(sp)
800038fa: ad 3e        	addiw	t4, t4, -21
800038fc: a8 b9        	fsd	fa0, 112(a1)
800038fe: 8e 3e        	fld	ft9, 224(sp)
80003900: 22 c9        	sw	s0, 144(sp)
80003902: 95 3e        	addiw	t4, t4, -27
80003904: 1a f2        	sd	t1, 288(sp)
80003906: 17 3f 52 69  	auipc	t5, 431395
8000390a: 0a 3f        	fld	ft10, 160(sp)
8000390c: 85 02        	addi	t0, t0, 1
8000390e: 5c 3e        	fld	fa5, 184(a2)
80003910: a2 b4        	fsd	fs0, 104(sp)
80003912: f4 3e        	fld	fa3, 248(a3)
80003914: d5 ee        	bnez	a3, 0x800039d0 <H_real+0x640>
80003916: f0 3e        	fld	fa2, 248(a3)
80003918: c5 d0        	beqz	s1, 0x800038b8 <H_real+0x528>
8000391a: 59 3e        	addiw	t3, t3, -10
8000391c: b5 2e        	addiw	t4, t4, 13
8000391e: a4 3e        	fld	fs1, 120(a3)
80003920: f3 9c ec 3d  	csrrw	s9, pmpaddr46, s9
80003924: be 33        	fld	ft7, 488(sp)
80003926: ae 3e        	fld	ft9, 232(sp)
80003928: 4a bf        	fsd	fs2, 440(sp)
8000392a: 25 3f        	addiw	t5, t5, -23
8000392c: da 86        	mv	a3, s6
8000392e: 3d 3e        	addiw	t3, t3, -17
80003930: c5 6d        	lui	s11, 17
80003932: 05 3f        	addiw	t5, t5, -31
80003934: 8f ab 14 3f  	<unknown>
80003938: 36 35        	fld	fa0, 360(sp)
8000393a: 03 3e b0 f0  	ld	t3, -245(zero)
8000393e: 22 3f        	fld	ft10, 40(sp)
80003940: 25 0d        	addi	s10, s10, 9
80003942: 71 3e        	addiw	t3, t3, -4
80003944: 47 bd dc 3d  	<unknown>
80003948: d4 30        	fld	fa3, 160(s1)
8000394a: 16 3f        	fld	ft10, 352(sp)
8000394c: 66 d1        	sw	s9, 160(sp)
8000394e: fe 3e        	fld	ft9, 504(sp)
80003950: 28 99        	<unknown>
80003952: 61 3e        	addiw	t3, t3, -8
80003954: ae e0        	sd	a1, 64(sp)
80003956: ad 3e        	addiw	t4, t4, -21
80003958: a0 0e        	addi	s0, sp, 856
8000395a: d7 3d 17 38  	vslideup.vi	v27, v1, 14, v0.t
8000395e: b4 3e        	fld	fa3, 120(a3)
80003960: 08 48        	lw	a0, 16(s0)
80003962: 87 3e 3b 0b  	fld	ft9, 179(s6)
80003966: c9 3e        	addiw	t4, t4, -14
80003968: 97 f2 dc 3e  	auipc	t0, 257487
8000396c: 33 77 91 3e  	<unknown>
80003970: 83 28 09 3d  	lw	a7, 976(s2)
80003974: 7f 1b 1a 3e  	<unknown>
80003978: 55 3a        	addiw	s4, s4, -11
8000397a: fe 3e        	fld	ft9, 504(sp)
8000397c: 52 d4        	sw	s4, 40(sp)
8000397e: 14 3f        	fld	fa3, 56(a4)
80003980: b3 39 19 3f  	<unknown>
80003984: fe c0        	sw	t6, 64(sp)
80003986: 2a 3f        	fld	ft10, 168(sp)
80003988: 7c 39        	fld	fa5, 240(a0)
8000398a: 01 3e        	addiw	t3, t3, -32
8000398c: 7d 85        	srai	a0, a0, 31
8000398e: 97 3c 3b ff  	auipc	s9, 1045427
80003992: 01 3f        	addiw	t5, t5, -32
80003994: fa d8        	sw	t5, 112(sp)
80003996: 37 3e 0e b8  	lui	t3, 753891
8000399a: c7 3e 91 4a  	fmsub.d	ft9, ft2, fs1, fs1, rup
8000399e: 5e 3d        	fld	fs10, 496(sp)
800039a0: 7b e4 be 3e  	<unknown>
800039a4: 43 d8 03 3f  	<unknown>
800039a8: c7 98 9a 3e  	<unknown>
800039ac: 20 3b        	fld	fs0, 112(a4)
800039ae: 87 3d f5 3c  	fld	fs11, 975(a0)
800039b2: fc 3e        	fld	fa5, 248(a3)
800039b4: 3a 0d        	slli	s10, s10, 14
800039b6: 67 3d e9 dc  	<unknown>
800039ba: f8 3e        	fld	fa4, 248(a3)
800039bc: 88 49        	lw	a0, 16(a1)
800039be: 15 3f        	addiw	t5, t5, -27
800039c0: fb 16 50 3e  	<unknown>
800039c4: 90 88        	<unknown>
800039c6: 01 3f        	addiw	t5, t5, -32
800039c8: e2 d7        	sw	s8, 236(sp)
800039ca: 13 3f 31 17  	sltiu	t5, sp, 371
800039ce: 28 3f        	fld	fa0, 120(a4)
800039d0: 8b 7d c1 3e  	<unknown>
800039d4: e9 09        	addi	s3, s3, 26
800039d6: 32 3f        	fld	ft10, 296(sp)
800039d8: b6 ef        	sd	a3, 472(sp)
800039da: b4 3c        	fld	fa3, 120(s1)
800039dc: 8d 84        	srai	s1, s1, 3
800039de: 1b 3f 17 c8  	<unknown>
800039e2: 32 3f        	fld	ft10, 296(sp)
800039e4: 74 92        	<unknown>
800039e6: e5 3e        	addiw	t4, t4, -7
800039e8: 17 43 4b 3d  	auipc	t1, 251060
800039ec: fb b0 06 3f  	<unknown>
800039f0: 47 a1 52 3e  	<unknown>
800039f4: 20 67        	ld	s0, 72(a4)
800039f6: 30 3f        	fld	fa2, 120(a4)
800039f8: 98 36        	fld	fa4, 40(a3)
800039fa: ae 3d        	fld	fs11, 232(sp)
800039fc: ce bd        	fsd	fs3, 248(sp)
800039fe: 13 3e 61 41  	sltiu	t3, sp, 1046
80003a02: d6 3d        	fld	fs11, 368(sp)
80003a04: 9f 79 2e 3f  	<unknown>
80003a08: 5b e9 8e 3e  	<unknown>
80003a0c: 35 cc        	beqz	s0, 0x80003a88 <H_real+0x6f8>
80003a0e: 3d 3e        	addiw	t3, t3, -17
80003a10: e8 1a        	addi	a0, sp, 380
80003a12: 17 3f c6 b9  	auipc	t5, 760931
80003a16: 62 3e        	fld	ft8, 56(sp)
80003a18: 47 68 2a 3f  	<unknown>
80003a1c: b3 32 a3 3e  	<unknown>
80003a20: ec 0d        	addi	a1, sp, 732
80003a22: 0c 3f        	fld	fa1, 56(a4)
80003a24: 28 21        	fld	fa0, 64(a0)
80003a26: 9e 3b        	fld	fs7, 480(sp)
80003a28: 56 d4        	sw	s5, 40(sp)
80003a2a: af 3d 3e bc  	<unknown>
80003a2e: d4 3e        	fld	fa3, 184(a3)
80003a30: a0 81        	<unknown>
80003a32: 15 3f        	addiw	t5, t5, -27
80003a34: b0 04        	addi	a2, sp, 584
80003a36: 0e 3f        	fld	ft10, 224(sp)
80003a38: 27 28 25 3f  	fsw	fs2, 1008(a0)
80003a3c: 4e 75        	ld	a0, 240(sp)
80003a3e: 2d 3f        	addiw	t5, t5, -21
80003a40: e3 68 10 3e  	bltu	zero, ra, 0x80004630 <vfctrans_sim.c+0x80004630>
80003a44: d1 e1        	bnez	a1, 0x80003ac8 <H_real+0x738>
80003a46: a4 3e        	fld	fs1, 120(a3)
80003a48: f8 aa        	fsd	fa4, 208(a3)
80003a4a: fd 3e        	addiw	t4, t4, -1
80003a4c: 8c a9        	fsd	fa1, 16(a1)
80003a4e: 2e 3d        	fld	fs10, 232(sp)
80003a50: 4e d6        	sw	s3, 44(sp)
80003a52: d1 3e        	addiw	t4, t4, -12
80003a54: 37 02 05 3f  	lui	tp, 258128
80003a58: 37 82 2a 3f  	lui	tp, 258728
80003a5c: cb a6 25 3f  	<unknown>
80003a60: b5 39        	addiw	s3, s3, -19
80003a62: f7 3e cc 9a  	<unknown>
80003a66: 09 3f        	addiw	t5, t5, -30
80003a68: df a2 4c 3e  	<unknown>
80003a6c: 01 5c        	li	s8, -32
80003a6e: 52 3e        	fld	ft8, 304(sp)
80003a70: ec 45        	lw	a1, 76(a1)
80003a72: 1b 3f 52 18  	<unknown>
80003a76: 11 3f        	addiw	t5, t5, -28
80003a78: 7a 37        	fld	fa4, 440(sp)
80003a7a: 87 3e d9 38  	fld	ft9, 909(s2)
80003a7e: b1 3d        	addiw	s11, s11, -20
80003a80: 1a d8        	sw	t1, 48(sp)
80003a82: 1d 3f        	addiw	t5, t5, -25
80003a84: 9f ff bf 3d  	<unknown>
80003a88: a3 75 9d 3d  	<unknown>
80003a8c: 26 35        	fld	fa0, 104(sp)
80003a8e: a7 3e d0 7b  	fsd	ft9, 1981(zero)
80003a92: 57 3e 41 fe  	<unknown>
80003a96: a5 3d        	addiw	s11, s11, -23
80003a98: ad 2a        	addiw	s5, s5, 11
80003a9a: d3 3e 4e 6f  	<unknown>
80003a9e: 22 3d        	fld	fs10, 40(sp)
80003aa0: 61 9f        	<unknown>
80003aa2: 14 3f        	fld	fa3, 56(a4)
80003aa4: 06 20        	fld	ft0, 64(sp)
80003aa6: b2 3e        	fld	ft9, 296(sp)
80003aa8: f4 f3        	sd	a3, 224(a5)
80003aaa: ef 3e 1a e8  	jal	t4, 0x7ffa792a <vfctrans_sim.c+0x7ffa792a>
80003aae: 81 3e        	addiw	t4, t4, -32
80003ab0: 71 ae        	j	0x80003e4c <H_imag+0x2bc>
80003ab2: 06 3e        	fld	ft8, 96(sp)
80003ab4: d2 1d        	slli	s11, s11, 52
80003ab6: ed 3e        	addiw	t4, t4, -5
80003ab8: 0a ea        	sd	sp, 272(sp)
80003aba: 14 3f        	fld	fa3, 56(a4)
80003abc: 2f 82 93 3e  	<unknown>
80003ac0: a9 95        	srai	a1, a1, 42
80003ac2: 53 3d 9a ee  	<unknown>
80003ac6: f8 3e        	fld	fa4, 248(a3)
80003ac8: 5f 75 6d 3e  	<unknown>
80003acc: 20 ba        	fsd	fs0, 112(a2)
80003ace: 26 3e        	fld	ft8, 104(sp)
80003ad0: 5a 78        	ld	a6, 432(sp)
80003ad2: f7 3e 41 ae  	<unknown>
80003ad6: 94 3e        	fld	fa3, 56(a3)
80003ad8: 5b 5b 19 3f  	<unknown>
80003adc: 5e 75        	ld	a0, 496(sp)
80003ade: ad 3e        	addiw	t4, t4, -21
80003ae0: 5d 71        	addi	sp, sp, -80
80003ae2: 9e 3d        	fld	fs11, 480(sp)
80003ae4: 3d 51        	li	sp, -17
80003ae6: 96 3d        	fld	fs11, 352(sp)
80003ae8: 9a 00        	slli	ra, ra, 6
80003aea: 2c 3c        	fld	fa1, 120(s0)
80003aec: ec 5b        	lw	a1, 116(a5)
80003aee: f1 3e        	addiw	t4, t4, -4
80003af0: 6b 39 32 3d  	<unknown>
80003af4: 2e 5b        	lw	s6, 232(sp)
80003af6: eb 3e cd 1c  	<unknown>
80003afa: cd 3e        	addiw	t4, t4, -13
80003afc: d7 b5 50 3e  	vslidedown.vi	v11, v5, 1
80003b00: e8 4c        	lw	a0, 92(s1)
80003b02: 26 3f        	fld	ft10, 104(sp)
80003b04: 8e 86        	mv	a3, gp
80003b06: 24 3f        	fld	fs1, 120(a4)
80003b08: 8a a4        	fsd	ft2, 72(sp)
80003b0a: 01 3f        	addiw	t5, t5, -32
80003b0c: 1f 42 bc 3e  	<unknown>
80003b10: 03 6c 19 3f  	lwu	s8, 1009(s2)
80003b14: 85 03        	addi	t2, t2, 1
80003b16: 79 3e        	addiw	t3, t3, -2
80003b18: a5 b5        	j	0x80003980 <H_real+0x5f0>
80003b1a: 01 3f        	addiw	t5, t5, -32
80003b1c: 9a d0        	sw	t1, 96(sp)
80003b1e: 52 3e        	fld	ft8, 304(sp)
80003b20: 46 75        	ld	a0, 112(sp)
80003b22: c3 3e 78 95  	<unknown>
80003b26: 21 3f        	addiw	t5, t5, -24
80003b28: 45 d7        	beqz	a4, 0x80003ad0 <H_real+0x740>
80003b2a: 9c 3e        	fld	fa5, 56(a3)
80003b2c: d2 d1        	sw	s4, 224(sp)
80003b2e: 00 3f        	fld	fs0, 56(a4)
80003b30: 04 46        	lw	s1, 8(a2)
80003b32: ef 3e 45 d7  	jal	t4, 0x7ff570a6 <vfctrans_sim.c+0x7ff570a6>
80003b36: 10 3f        	fld	fa2, 56(a4)
80003b38: 0e 30        	fld	ft0, 224(sp)
80003b3a: 22 3d        	fld	fs10, 40(sp)
80003b3c: d4 16        	addi	a3, sp, 868
80003b3e: ee 3e        	fld	ft9, 248(sp)
80003b40: 79 32        	addiw	tp, tp, -2
80003b42: 10 3f        	fld	fa2, 56(a4)
80003b44: f7 9b 28 3f  	<unknown>
80003b48: 49 b4        	j	0x800035ca <H_real+0x23a>
80003b4a: eb 3d e1 b1  	<unknown>
80003b4e: 4b 3e 9b 4f  	<unknown>
80003b52: b9 3e        	addiw	t4, t4, -18
80003b54: 2f e7 d9 3e  	<unknown>
80003b58: d6 ed        	sd	s5, 216(sp)
80003b5a: b3 3e 31 a0  	<unknown>
80003b5e: 3f 3d 8b 53  	<unknown>
80003b62: 0d 3f        	addiw	t5, t5, -29
80003b64: de 7b        	ld	s7, 496(sp)
80003b66: 07 3e 07 53  	fld	ft8, 1328(a4)
80003b6a: 83 3e 24 93  	ld	t4, -1742(s0)
80003b6e: d9 3e        	addiw	t4, t4, -10
80003b70: 6c db        	sw	a1, 116(a4)
80003b72: b7 3e fb e3  	lui	t4, 933811
80003b76: a9 3d        	addiw	s11, s11, -22
80003b78: 1a 19        	slli	s2, s2, 38
80003b7a: 24 3f        	fld	fs1, 120(a4)
80003b7c: aa b5        	fsd	fa0, 232(sp)
80003b7e: c3 3d 53 05  	<unknown>
80003b82: e5 3b        	addiw	s7, s7, -7
80003b84: e4 0a        	addi	s1, sp, 348
80003b86: 98 3e        	fld	fa4, 56(a3)
80003b88: b8 2f        	fld	fa4, 88(a5)
80003b8a: 95 3e        	addiw	t4, t4, -27
80003b8c: 65 2b        	addiw	s6, s6, 25
80003b8e: eb 3e 4d 94  	<unknown>

0000000080003b90 <H_imag>:
80003b90: 4d 94        	srai	s0, s0, 51
80003b92: 7d 3d        	addiw	s10, s10, -1
80003b94: 6b 96 e8 3d  	<unknown>
80003b98: 55 f8        	bnez	s0, 0x80003b4c <H_real+0x7bc>
80003b9a: 1e 3f        	fld	ft10, 480(sp)
80003b9c: da b1        	fsd	fs6, 224(sp)
80003b9e: 29 3f        	addiw	t5, t5, -22
80003ba0: 0e 01        	slli	sp, sp, 3
80003ba2: 33 3f 67 d0  	<unknown>
80003ba6: b9 3e        	addiw	t4, t4, -18
80003ba8: f3 0d ed 3e  	<unknown>
80003bac: ab 66 e1 3e  	<unknown>
80003bb0: 85 b8        	j	0x80003420 <H_real+0x90>
80003bb2: 03 3e c4 46  	ld	t3, 1132(s0)
80003bb6: a3 3e 15 f2  	sd	ra, -195(a0)
80003bba: 15 3f        	addiw	t5, t5, -27
80003bbc: 2d 8a        	andi	a2, a2, 11
80003bbe: cc 3e        	fld	fa1, 184(a3)
80003bc0: a7 ce df 3e  	<unknown>
80003bc4: b0 e9        	sd	a2, 80(a1)
80003bc6: ff 3b 58 eb  	<unknown>
80003bca: 14 3f        	fld	fa3, 56(a4)
80003bcc: 81 c8        	beqz	s1, 0x80003bdc <H_imag+0x4c>
80003bce: 1f 3f 9b 93  	<unknown>
80003bd2: d4 3e        	fld	fa3, 184(a3)
80003bd4: 86 09        	slli	s3, s3, 1
80003bd6: 97 3e cf 16  	auipc	t4, 93427
80003bda: ca 3e        	fld	ft9, 176(sp)
80003bdc: a2 15        	slli	a1, a1, 40
80003bde: d0 3e        	fld	fa2, 184(a3)
80003be0: 41 75        	lui	a0, 1048560
80003be2: dc 3e        	fld	fa5, 184(a3)
80003be4: 10 09        	addi	a2, sp, 144
80003be6: 1d 3f        	addiw	t5, t5, -25
80003be8: 45 8a        	andi	a2, a2, 17
80003bea: 02 3f        	fld	ft10, 32(sp)
80003bec: d4 ae        	fsd	fa3, 152(a3)
80003bee: 49 3e        	addiw	t3, t3, -14
80003bf0: 01 1d        	addi	s10, s10, -32
80003bf2: 3e 3d        	fld	fs10, 488(sp)
80003bf4: 1c 3b        	fld	fa5, 48(a4)
80003bf6: 0e 3f        	fld	ft10, 224(sp)
80003bf8: b1 96        	srai	a3, a3, 44
80003bfa: 0b 3f cf 95  	<unknown>
80003bfe: 2d 3f        	addiw	t5, t5, -21
80003c00: bd 8d        	xor	a1, a1, a5
80003c02: 04 3f        	fld	fs1, 56(a4)
80003c04: d8 60        	ld	a4, 128(s1)
80003c06: 20 3e        	fld	fs0, 120(a2)
80003c08: 58 63        	ld	a4, 128(a4)
80003c0a: 1b 3f 7e 40  	<unknown>
80003c0e: 24 3f        	fld	fs1, 120(a4)
80003c10: d9 63        	lui	t2, 22
80003c12: 8f 3e ac 99  	<unknown>
80003c16: 7d 3e        	addiw	t3, t3, -1
80003c18: 07 ac b1 3e  	flw	fs8, 1003(gp)
80003c1c: 9d 73        	lui	t2, 1048551
80003c1e: 66 3c        	fld	fs8, 120(sp)
80003c20: c1 28        	addiw	a7, a7, 16
80003c22: 82 3e        	fld	ft9, 32(sp)
80003c24: b1 84        	srai	s1, s1, 12
80003c26: b0 3d        	fld	fa2, 120(a1)
80003c28: 1d bd        	j	0x80003a5e <H_real+0x6ce>
80003c2a: 21 3f        	addiw	t5, t5, -24
80003c2c: 5a 25        	fld	fa0, 400(sp)
80003c2e: 8b 3e 5b 38  	<unknown>
80003c32: 5f 3e e0 84  	<unknown>
80003c36: 16 3f        	fld	ft10, 352(sp)
80003c38: 46 0d        	slli	s10, s10, 17
80003c3a: d2 3e        	fld	ft9, 304(sp)
80003c3c: ca 91        	add	gp, gp, s2
80003c3e: 23 3f fc 1b  	sd	t6, 446(s8)
80003c42: f7 3e b6 69  	<unknown>
80003c46: c8 3e        	fld	fa0, 184(a3)
80003c48: fc 6a        	ld	a5, 208(a3)
80003c4a: 06 3f        	fld	ft10, 96(sp)
80003c4c: 1d 0f        	addi	t5, t5, 7
80003c4e: 28 3f        	fld	fa0, 120(a4)
80003c50: 28 d6        	sw	a0, 104(a2)
80003c52: 0c 3f        	fld	fa1, 56(a4)
80003c54: 0e fc        	sd	gp, 56(sp)
80003c56: c3 3e 30 49  	fmadd.s	ft9, ft0, fs3, fs1, rup
80003c5a: 00 3f        	fld	fs0, 56(a4)
80003c5c: df 1a 33 3f  	<unknown>
80003c60: 70 b8        	fsd	fa2, 240(s0)
80003c62: f4 3e        	fld	fa3, 248(a3)
80003c64: 5e 1e        	slli	t3, t3, 55
80003c66: 87 3e 39 8e  	fld	ft9, -1821(s2)
80003c6a: 0d 3e        	addiw	t3, t3, -29
80003c6c: bf 09 b1 3e  	<unknown>
80003c70: 3b fb 24 3f  	<unknown>
80003c74: c1 e2        	bnez	a3, 0x80003cf4 <H_imag+0x164>
80003c76: d6 3e        	fld	ft9, 368(sp)
80003c78: 39 14        	addi	s0, s0, -18
80003c7a: 64 3e        	fld	fs1, 248(a2)
80003c7c: 45 45        	li	a0, 17
80003c7e: 0f 3f 87 7d  	<unknown>
80003c82: dd 3e        	addiw	t4, t4, -9
80003c84: c8 18        	addi	a0, sp, 116
80003c86: 73 3e 97 11  	csrrc	t3, 281, a4
80003c8a: 2a 3f        	fld	ft10, 168(sp)
80003c8c: 68 f1        	sd	a0, 224(a0)
80003c8e: 12 3f        	fld	ft10, 288(sp)
80003c90: 66 dc        	sw	s9, 56(sp)
80003c92: 6a 3e        	fld	ft8, 184(sp)
80003c94: fa 7e        	ld	t4, 440(sp)
80003c96: 10 3f        	fld	fa2, 56(a4)
80003c98: c6 8e        	mv	t4, a7
80003c9a: 28 3e        	fld	fa0, 120(a2)
80003c9c: c8 1a        	addi	a0, sp, 372
80003c9e: 4d 3d        	addiw	s10, s10, -13
80003ca0: 12 c1        	sw	tp, 128(sp)
80003ca2: 59 3d        	addiw	s10, s10, -10
80003ca4: b1 90        	srli	s1, s1, 44
80003ca6: 10 3f        	fld	fa2, 56(a4)
80003ca8: 1e 7c        	ld	s8, 480(sp)
80003caa: 64 3d        	fld	fs1, 248(a0)
80003cac: 42 86        	mv	a2, a6
80003cae: 9b 3e 00 b1  	<unknown>
80003cb2: fd 3e        	addiw	t4, t4, -1
80003cb4: f6 d1        	sw	t4, 224(sp)
80003cb6: c3 3d c6 eb  	fmadd.d	fs11, fa2, ft8, ft9, rup
80003cba: 0e 3f        	fld	ft10, 224(sp)
80003cbc: 8d 7d        	lui	s11, 1048547
80003cbe: d7 3e 52 b1  	vnsrl.wi	v29, v21, 4, v0.t
80003cc2: a7 3d 52 36  	fsd	ft5, 891(tp)
80003cc6: 31 3e        	addiw	t3, t3, -20
80003cc8: d2 0c        	slli	s9, s9, 20
80003cca: 9f 3e 6d 4b  	<unknown>
80003cce: d7 3e c3 3a  	vslideup.vi	v29, v12, 6
80003cd2: 5f 3e 6f 45  	<unknown>
80003cd6: 2a 3f        	fld	ft10, 168(sp)
80003cd8: 0e b0        	fsd	ft3, 32(sp)
80003cda: 3c 3e        	fld	fa5, 120(a2)
80003cdc: 51 2f        	addiw	t5, t5, 20
80003cde: b8 3e        	fld	fa4, 120(a3)
80003ce0: 36 cc        	sw	a3, 24(sp)
80003ce2: 31 3f        	addiw	t5, t5, -20
80003ce4: b9 ed        	bnez	a1, 0x80003d42 <H_imag+0x1b2>
80003ce6: 0e 3f        	fld	ft10, 224(sp)
80003ce8: 1f 54 18 3e  	<unknown>
80003cec: c0 b6        	fsd	fs0, 168(a3)
80003cee: 22 3f        	fld	ft10, 40(sp)
80003cf0: c1 71        	lui	gp, 1048560
80003cf2: 57 3d 19 74  	vmsle.vi	v26, v1, -14, v0.t
80003cf6: eb 3d 40 13  	<unknown>
80003cfa: a8 3d        	fld	fa0, 120(a1)
80003cfc: c2 3a        	fld	fs5, 48(sp)
80003cfe: 0a 3f        	fld	ft10, 160(sp)
80003d00: 09 f1        	bnez	a0, 0x80003c02 <H_imag+0x72>
80003d02: 70 3e        	fld	fa2, 248(a2)
80003d04: 46 33        	fld	ft6, 112(sp)
80003d06: 5b 3e 86 43  	<unknown>
80003d0a: 81 3e        	addiw	t4, t4, -32
80003d0c: 78 8f        	<unknown>
80003d0e: 2f 3f cc bd  	<unknown>
80003d12: 23 3f ee 85  	sd	t5, -1954(t3)
80003d16: 2b 3e f9 2b  	<unknown>
80003d1a: 23 3f 89 25  	sd	s8, 606(s2)
80003d1e: 00 3f        	fld	fs0, 56(a4)
80003d20: d7 79 6f 3e  	vsetvli	s3, t5, 998
80003d24: 9f ea d4 3d  	<unknown>
80003d28: 74 29        	fld	fa3, 208(a0)
80003d2a: ed 3e        	addiw	t4, t4, -5
80003d2c: 1a 75        	ld	a0, 416(sp)
80003d2e: 05 3e        	addiw	t3, t3, -31
80003d30: 37 fd 31 3f  	lui	s10, 258847
80003d34: 01 ff        	bnez	a4, 0x80003c4c <H_imag+0xbc>
80003d36: 80 3e        	fld	fs0, 56(a3)
80003d38: c4 d2        	sw	s1, 36(a3)
80003d3a: 01 3f        	addiw	t5, t5, -32
80003d3c: b3 8a 26 3e  	<unknown>
80003d40: 15 42        	li	tp, 5
80003d42: b5 3e        	addiw	t4, t4, -19
80003d44: a7 91 05 3f  	<unknown>
80003d48: 41 d6        	beqz	a2, 0x80003cd0 <H_imag+0x140>
80003d4a: 8f 3e f7 28  	<unknown>
80003d4e: 2c 3f        	fld	fa1, 120(a4)
80003d50: 33 ec 5d 3e  	<unknown>
80003d54: 99 c0        	beqz	s1, 0x80003d5a <H_imag+0x1ca>
80003d56: 4d 3e        	addiw	t3, t3, -13
80003d58: 4d 1c        	addi	s8, s8, -13
80003d5a: b7 3e 13 8f  	lui	t4, 586035
80003d5e: 31 3f        	addiw	t5, t5, -20
80003d60: b1 db        	beqz	a5, 0x80003cb4 <H_imag+0x124>
80003d62: 2d 3f        	addiw	t5, t5, -21
80003d64: 54 80        	<unknown>
80003d66: 12 3f        	fld	ft10, 288(sp)
80003d68: 86 5d        	lw	s11, 96(sp)
80003d6a: 30 3f        	fld	fa2, 120(a4)
80003d6c: 1f 3e 06 3f  	<unknown>
80003d70: bc eb        	sd	a5, 80(a5)
80003d72: 07 3f ec 14  	fld	ft10, 334(s8)
80003d76: a1 3e        	addiw	t4, t4, -24
80003d78: df c9 82 3e  	<unknown>
80003d7c: dc 1d        	addi	a5, sp, 756
80003d7e: b4 3e        	fld	fa3, 120(a3)
80003d80: 37 79 26 3f  	lui	s2, 258663
80003d84: cb a2 8b 3e  	<unknown>
80003d88: 9f 5b 29 3e  	<unknown>
80003d8c: 3d 5c        	li	s8, -17
80003d8e: fa 3c        	fld	fs9, 440(sp)
80003d90: 7f 48 06 3f  	<unknown>
80003d94: 18 b0        	fsd	fa4, 32(s0)
80003d96: ed 3e        	addiw	t4, t4, -5
80003d98: 8c a3        	fsd	fa1, 0(a5)
80003d9a: 26 3f        	fld	ft10, 104(sp)
80003d9c: 6c 92        	<unknown>
80003d9e: 13 3f 2b a4  	sltiu	t5, s6, -1470
80003da2: 2e 3f        	fld	ft10, 232(sp)
80003da4: c7 a9 a9 3e  	<unknown>
80003da8: 57 fd d4 3e  	vsetvli	s10, s1, 1005
80003dac: f2 2d        	fld	fs11, 280(sp)
80003dae: d2 3e        	fld	ft9, 304(sp)
80003db0: 1d e5        	bnez	a0, 0x80003dde <H_imag+0x24e>
80003db2: a1 3e        	addiw	t4, t4, -24
80003db4: ad 80        	srli	s1, s1, 11
80003db6: b9 3e        	addiw	t4, t4, -18
80003db8: ca 74        	ld	s1, 176(sp)
80003dba: 1a 3e        	fld	ft8, 416(sp)
80003dbc: e0 d9        	sw	s0, 116(a1)
80003dbe: e3 3e fb 8e  	<unknown>
80003dc2: 25 3f        	addiw	t5, t5, -23
80003dc4: aa 98        	add	a7, a7, a0
80003dc6: 03 3f 99 9e  	ld	t5, -1559(s2)
80003dca: 10 3f        	fld	fa2, 56(a4)
80003dcc: 0a 0d        	slli	s10, s10, 2
80003dce: f6 3e        	fld	ft9, 376(sp)
80003dd0: e6 33        	fld	ft7, 120(sp)
80003dd2: da 3e        	fld	ft9, 432(sp)
80003dd4: 5c 6d        	ld	a5, 152(a0)
80003dd6: 0b 3f 74 b7  	<unknown>
80003dda: e4 3e        	fld	fs1, 248(a3)
80003ddc: 77 d4 09 3f  	<unknown>
80003de0: 86 39        	fld	fs3, 96(sp)
80003de2: 24 3f        	fld	fs1, 120(a4)
80003de4: f3 02 a8 3e  	<unknown>
80003de8: 60 5c        	lw	s0, 124(s0)
80003dea: cb 3e 50 f4  	<unknown>
80003dee: 57 3e 13 03  	vadd.vi	v28, v17, 6
80003df2: 61 3e        	addiw	t3, t3, -8
80003df4: f7 86 be 3d  	<unknown>
80003df8: ca 24        	fld	fs1, 144(sp)
80003dfa: 20 3f        	fld	fs0, 120(a4)
80003dfc: 22 db        	sw	s0, 180(sp)
80003dfe: 8e 3e        	fld	ft9, 224(sp)
80003e00: 20 e4        	sd	s0, 72(s0)
80003e02: 9e 3e        	fld	ft9, 480(sp)
80003e04: 08 6a        	ld	a0, 16(a2)
80003e06: 24 3f        	fld	fs1, 120(a4)
80003e08: 0e ac        	fsd	ft3, 24(sp)
80003e0a: b7 3c fb 1b  	lui	s9, 114611
80003e0e: b2 3e        	fld	ft9, 296(sp)
80003e10: 29 9a        	andi	a2, a2, -22
80003e12: 34 3f        	fld	fa3, 120(a4)
80003e14: 5d 45        	li	a0, 23
80003e16: 27 3f 49 00  	fsd	ft4, 30(s2)
80003e1a: fc 3e        	fld	fa5, 248(a3)
80003e1c: df 05 2b 3f  	<unknown>
80003e20: 99 e5        	bnez	a1, 0x80003e2e <H_imag+0x29e>
80003e22: 09 3f        	addiw	t5, t5, -30
80003e24: 22 50        	<unknown>
80003e26: ec 3e        	fld	fa1, 248(a3)
80003e28: 8b 68 1e 3f  	<unknown>
80003e2c: 25 b4        	j	0x80003854 <H_real+0x4c4>
80003e2e: 60 3e        	fld	fs0, 248(a2)
80003e30: 2c f9        	sd	a1, 112(a0)
80003e32: 33 3e e1 a7  	<unknown>
80003e36: 1c 3f        	fld	fa5, 56(a4)
80003e38: 12 fe        	sd	tp, 312(sp)
80003e3a: a0 3c        	fld	fs0, 120(s1)
80003e3c: 12 c5        	sw	tp, 136(sp)
80003e3e: dc 3a        	fld	fa5, 176(a3)
80003e40: 1e 63        	ld	t1, 448(sp)
80003e42: 29 3f        	addiw	t5, t5, -22
80003e44: 42 f0        	sd	a6, 32(sp)
80003e46: d7 3e 62 96  	vsll.vi	v29, v6, 4
80003e4a: a5 3e        	addiw	t4, t4, -23
80003e4c: 7b 8c fd 3d  	<unknown>
80003e50: 7e b6        	fsd	ft11, 296(sp)
80003e52: 2d 3f        	addiw	t5, t5, -21
80003e54: 67 0e e5 3e  	jalr	t3, 1006(a0)
80003e58: d2 ee        	sd	s4, 344(sp)
80003e5a: 77 3d 54 7e  	<unknown>
80003e5e: 0f 3f f0 aa  	<unknown>
80003e62: 11 3f        	addiw	t5, t5, -28
80003e64: 1b 76 a4 3e  	<unknown>
80003e68: 36 33        	fld	ft6, 360(sp)
80003e6a: 33 3e b0 d1  	<unknown>
80003e6e: 1c 3f        	fld	fa5, 56(a4)
80003e70: 76 7c        	ld	s8, 376(sp)
80003e72: 53 3e c6 7e  	<unknown>
80003e76: 2f 3f 03 41  	amoor.d	t5, a6, (t1)
80003e7a: 25 3f        	addiw	t5, t5, -23
80003e7c: 62 ac        	fsd	fs8, 24(sp)
80003e7e: 1a 3f        	fld	ft10, 416(sp)
80003e80: 27 8a dc 3d  	<unknown>
80003e84: a6 2e        	fld	ft9, 72(sp)
80003e86: f2 3e        	fld	ft9, 312(sp)
80003e88: 70 41        	lw	a2, 68(a0)
80003e8a: 91 3e        	addiw	t4, t4, -28
80003e8c: a2 2f        	fld	ft11, 8(sp)
80003e8e: 1d 3e        	addiw	t3, t3, -25
80003e90: 26 38        	fld	fa6, 104(sp)
80003e92: ad 3e        	addiw	t4, t4, -21
80003e94: 12 a0        	fsd	ft4, 0(sp)
80003e96: 5f 3e 18 63  	<unknown>
80003e9a: 72 3e        	fld	ft8, 312(sp)
80003e9c: a5 ee        	bnez	a3, 0x80003f14 <H_imag+0x384>
80003e9e: 31 3e        	addiw	t3, t3, -20
80003ea0: c7 53 f6 3e  	<unknown>
80003ea4: 63 8a 37 3e  	beq	a5, gp, 0x80004298 <H_imag+0x708>
80003ea8: 4c cd        	sw	a1, 28(a0)
80003eaa: 7d 3e        	addiw	t3, t3, -1
80003eac: 1e 37        	fld	fa4, 480(sp)
80003eae: 03 3f 92 94  	ld	t5, -1719(tp)
80003eb2: bd 3e        	addiw	t4, t4, -17
80003eb4: ec 07        	addi	a1, sp, 972
80003eb6: aa 3e        	fld	ft9, 168(sp)
80003eb8: 9a 09        	slli	s3, s3, 6
80003eba: 29 3f        	addiw	t5, t5, -22
80003ebc: cc f5        	sd	a1, 168(a1)
80003ebe: 28 3f        	fld	fa0, 120(a4)
80003ec0: 43 70 2a 3f  	<unknown>
80003ec4: b5 00        	addi	ra, ra, 13
80003ec6: 35 3f        	addiw	t5, t5, -19
80003ec8: 69 dc        	beqz	s0, 0x80003ea2 <H_imag+0x312>
80003eca: 16 3f        	fld	ft10, 352(sp)
80003ecc: d8 cc        	sw	a4, 28(s1)
80003ece: ca 3d        	fld	fs11, 176(sp)
80003ed0: 34 28        	fld	fa3, 80(s0)
80003ed2: eb 3e 36 12  	<unknown>
80003ed6: 96 3d        	fld	fs11, 352(sp)
80003ed8: 38 ea        	sd	a4, 80(a2)
80003eda: 76 3e        	fld	ft8, 376(sp)
80003edc: da 95        	add	a1, a1, s6
80003ede: 9a 3e        	fld	ft9, 416(sp)
80003ee0: e9 b4        	j	0x800039aa <H_real+0x61a>
80003ee2: 96 3e        	fld	ft9, 352(sp)
80003ee4: 7e ca        	sw	t6, 20(sp)
80003ee6: 0f 3f 72 1f  	<unknown>
80003eea: 14 3f        	fld	fa3, 56(a4)
80003eec: 58 f8        	sd	a4, 176(s0)
80003eee: 22 3f        	fld	ft10, 40(sp)
80003ef0: 38 f5        	sd	a4, 104(a0)
80003ef2: 69 3e        	addiw	t3, t3, -6
80003ef4: 43 e5 01 3f  	<unknown>
80003ef8: 57 62 3a 3e  	vslide1down.vx	v4, v3, s4
80003efc: b2 9d        	add	s11, s11, a2
80003efe: b1 3e        	addiw	t4, t4, -20
80003f00: a1 03        	addi	t2, t2, 8
80003f02: da 3e        	fld	ft9, 432(sp)
80003f04: 63 a8 9d 3e  	<unknown>
80003f08: cc af        	fsd	fa1, 152(a5)
80003f0a: 89 3d        	addiw	s11, s11, -30
80003f0c: 27 e8 12 3e  	<unknown>
80003f10: f6 85        	mv	a1, t4
80003f12: 57 3e 60 b0  	vnsrl.wi	v28, v6, 0, v0.t
80003f16: 60 3e        	fld	fs0, 248(a2)
80003f18: 11 23        	addiw	t1, t1, 4
80003f1a: d4 3d        	fld	fa3, 184(a1)
80003f1c: a1 b8        	j	0x80003774 <H_real+0x3e4>
80003f1e: 0b 3f c2 e2  	<unknown>
80003f22: 1a 3f        	fld	ft10, 416(sp)
80003f24: 21 d5        	beqz	a0, 0x80003e6c <H_imag+0x2dc>
80003f26: 5e 3e        	fld	ft8, 496(sp)
80003f28: 73 83 e3 3e  	<unknown>
80003f2c: ab aa bf 3e  	<unknown>
80003f30: c3 6a f5 3e  	<unknown>
80003f34: 51 0a        	addi	s4, s4, 20
80003f36: 33 3f 9b 31  	<unknown>
80003f3a: a0 3e        	fld	fs0, 120(a3)
80003f3c: f0 3a        	fld	fa2, 240(a3)
80003f3e: f3 3e bf bc  	csrrc	t4, 3019, t5
80003f42: bd 3c        	addiw	s9, s9, -17
80003f44: ca f1        	sd	s2, 224(sp)
80003f46: f7 3e c7 e1  	<unknown>
80003f4a: f2 3e        	fld	ft9, 312(sp)
80003f4c: 03 ff 78 3e  	<unknown>
80003f50: 70 93        	<unknown>
80003f52: 10 3f        	fld	fa2, 56(a4)
80003f54: 91 23        	addiw	t2, t2, 4
80003f56: a4 3e        	fld	fs1, 120(a3)
80003f58: 6c 3a        	fld	fa1, 240(a2)
80003f5a: b5 3e        	addiw	t4, t4, -19
80003f5c: 66 63        	ld	t1, 88(sp)
80003f5e: a9 3c        	addiw	s9, s9, -22
80003f60: 76 a0        	fsd	ft9, 0(sp)
80003f62: 9c 3e        	fld	fa5, 56(a3)
80003f64: 8b 17 d5 3e  	<unknown>
80003f68: 08 c2        	sw	a0, 0(a2)
80003f6a: a7 3e 3a 40  	fsd	ft3, 1053(s4)
80003f6e: f2 3e        	fld	ft9, 312(sp)
80003f70: 63 d9 d1 3e  	bge	gp, a3, 0x80004362 <H_imag+0x7d2>
80003f74: d6 d2        	sw	s5, 100(sp)
80003f76: c7 3d 2b 50  	fmsub.s	fs11, fs6, ft2, fa0, rup
80003f7a: 21 3e        	addiw	t3, t3, -24
80003f7c: 69 64        	lui	s0, 26
80003f7e: 28 3f        	fld	fa0, 120(a4)
80003f80: f0 bf        	fsd	fa2, 248(a5)
80003f82: f8 3e        	fld	fa4, 248(a3)
80003f84: 94 5a        	lw	a3, 48(a3)
80003f86: 1e 3f        	fld	ft10, 480(sp)
80003f88: 32 ba        	fsd	fa2, 304(sp)
80003f8a: b3 3e 9a cb  	<unknown>
80003f8e: a2 3e        	fld	ft9, 40(sp)
80003f90: 8f 19 8c 3e  	<unknown>
80003f94: ce de        	sw	s3, 124(sp)
80003f96: 15 3e        	addiw	t3, t3, -27
80003f98: a5 99        	andi	a1, a1, -23
80003f9a: 22 3f        	fld	ft10, 40(sp)
80003f9c: dd dc        	beqz	s1, 0x80003f5a <H_imag+0x3ca>
80003f9e: a3 3e 2e b4  	sd	sp, -1187(t3)
80003fa2: c9 3e        	addiw	t4, t4, -14
80003fa4: 07 16 26 3f  	<unknown>
80003fa8: 24 8c        	<unknown>
80003faa: 09 3f        	addiw	t5, t5, -30
80003fac: e6 99        	add	s3, s3, s9
80003fae: 0f 3e 79 c0  	<unknown>
80003fb2: 2b 3f 92 79  	<unknown>
80003fb6: a2 3d        	fld	fs11, 40(sp)
80003fb8: 0e b4        	fsd	ft3, 40(sp)
80003fba: 2c 3f        	fld	fa1, 120(a4)
80003fbc: 48 43        	lw	a0, 4(a4)
80003fbe: 1a 3f        	fld	ft10, 416(sp)
80003fc0: 52 cb        	sw	s4, 148(sp)
80003fc2: 31 3f        	addiw	t5, t5, -20
80003fc4: 25 1d        	addi	s10, s10, -23
80003fc6: da 3e        	fld	ft9, 432(sp)
80003fc8: 88 32        	fld	fa0, 32(a3)
80003fca: 30 3f        	fld	fa2, 120(a4)
80003fcc: 23 b1 03 3f  	sd	a6, 994(t2)
80003fd0: 2a df        	sw	a0, 188(sp)
80003fd2: fe 3e        	fld	ft9, 504(sp)
80003fd4: ca cf        	sw	s2, 220(sp)
80003fd6: 33 3f bb f9  	<unknown>
80003fda: 26 3f        	fld	ft10, 104(sp)
80003fdc: 08 82        	<unknown>
80003fde: 18 3e        	fld	fa4, 56(a2)
80003fe0: 85 17        	addi	a5, a5, -31
80003fe2: e1 3e        	addiw	t4, t4, -8
80003fe4: 06 75        	ld	a0, 96(sp)
80003fe6: 88 3e        	fld	fa0, 56(a3)
80003fe8: 40 73        	ld	s0, 160(a4)
80003fea: cf 3e dc dd  	<unknown>
80003fee: bd 3e        	addiw	t4, t4, -17
80003ff0: a7 78 60 3e  	<unknown>
80003ff4: 92 80        	mv	ra, tp
80003ff6: b3 3d 3a 65  	<unknown>
80003ffa: 2e 3f        	fld	ft10, 232(sp)
80003ffc: 1b 10 16 3f  	<unknown>
80004000: a7 34 77 3e  	fsd	ft7, 1001(a4)
80004004: d4 da        	sw	a3, 52(a3)
80004006: c1 3e        	addiw	t4, t4, -16
80004008: 98 50        	lw	a4, 32(s1)
8000400a: a7 3d 2d 36  	fsd	ft2, 891(s10)
8000400e: 0c 3f        	fld	fa1, 56(a4)
80004010: e9 46        	li	a3, 26
80004012: a0 3e        	fld	fs0, 120(a3)
80004014: f6 39        	fld	fs3, 376(sp)
80004016: 0f 3f 8a 79  	<unknown>
8000401a: 92 3c        	fld	fs9, 288(sp)
8000401c: 88 a2        	fsd	fa0, 0(a3)
8000401e: e6 3d        	fld	fs11, 120(sp)
80004020: d8 1f        	addi	a4, sp, 1012
80004022: d5 3e        	addiw	t4, t4, -11
80004024: a2 95        	add	a1, a1, s0
80004026: de 3d        	fld	fs11, 496(sp)
80004028: 50 ec        	sd	a2, 152(s0)
8000402a: 10 3e        	fld	fa2, 56(a2)
8000402c: 48 72        	ld	a0, 160(a2)
8000402e: 14 3f        	fld	fa3, 56(a4)
80004030: da 40        	lw	ra, 148(sp)
80004032: 5d 3e        	addiw	t3, t3, -9
80004034: f5 cb        	beqz	a5, 0x80004128 <H_imag+0x598>
80004036: b0 3c        	fld	fa2, 120(s1)
80004038: 42 5a        	lw	s4, 48(sp)
8000403a: a9 3e        	addiw	t4, t4, -22
8000403c: cd 80        	srli	s1, s1, 19
8000403e: d2 3e        	fld	ft9, 304(sp)
80004040: d7 f0 bd 3e  	vsetvli	ra, s11, 1003
80004044: 9e 74        	ld	s1, 480(sp)
80004046: e0 3e        	fld	fs0, 248(a3)
80004048: 0a e7        	sd	sp, 392(sp)
8000404a: f9 3d        	addiw	s11, s11, -2
8000404c: c4 ec        	sd	s1, 152(s1)
8000404e: c3 3d ed f2  	fmadd.d	fs11, fs10, fa4, ft10, rup
80004052: 2e 3d        	fld	fs10, 232(sp)
80004054: aa a1        	fsd	fa0, 192(sp)
80004056: 34 3f        	fld	fa3, 120(a4)
80004058: b2 0f        	slli	t6, t6, 12
8000405a: f4 3c        	fld	fa3, 248(s1)
8000405c: b1 b4        	j	0x80003aa8 <H_real+0x718>
8000405e: 39 3e        	addiw	t3, t3, -18
80004060: 23 76 a1 3e  	<unknown>
80004064: 52 1c        	slli	s8, s8, 52
80004066: 16 3f        	fld	ft10, 352(sp)
80004068: a0 f7        	sd	s0, 104(a5)
8000406a: 16 3e        	fld	ft8, 352(sp)
8000406c: 94 10        	addi	a3, sp, 96
8000406e: f2 3d        	fld	fs11, 312(sp)
80004070: ad 84        	srai	s1, s1, 11
80004072: 2c 3e        	fld	fa1, 120(a2)
80004074: f6 bf        	fsd	ft9, 504(sp)
80004076: e3 3e 63 67  	<unknown>
8000407a: 0d 3f        	addiw	t5, t5, -29
8000407c: f6 7e        	ld	t4, 376(sp)
8000407e: bc 3e        	fld	fa5, 120(a3)
80004080: 2e 06        	slli	a2, a2, 11
80004082: b4 3d        	fld	fa3, 120(a1)
80004084: 1d 67        	lui	a4, 7
80004086: 22 3f        	fld	ft10, 40(sp)
80004088: 08 63        	ld	a0, 0(a4)
8000408a: 2b 3f d2 1c  	<unknown>
8000408e: ad 3d        	addiw	s11, s11, -21
80004090: 88 80        	<unknown>
80004092: 0f 3f d0 a4  	<unknown>
80004096: 2c 3f        	fld	fa1, 120(a4)
80004098: 06 b5        	fsd	ft1, 168(sp)
8000409a: 33 3f 2f fe  	<unknown>
8000409e: f4 3e        	fld	fa3, 248(a3)
800040a0: 56 55        	lw	a0, 116(sp)
800040a2: 38 3e        	fld	fa4, 120(a2)
800040a4: eb 49 c9 3e  	<unknown>
800040a8: aa b6        	fsd	fa0, 360(sp)
800040aa: 15 3f        	addiw	t5, t5, -27
800040ac: 06 15        	slli	a0, a0, 33
800040ae: b7 3e ac d4  	lui	t4, 871107
800040b2: 86 3e        	fld	ft9, 96(sp)
800040b4: 34 b2        	fsd	fa3, 96(a2)
800040b6: c3 3e 8d 32  	fmadd.d	ft9, fs10, fs0, ft6, rup
800040ba: bb 3e d1 67  	<unknown>
800040be: ac 3e        	fld	fa1, 120(a3)
800040c0: 2b c8 71 3e  	<unknown>
800040c4: 00 6b        	ld	s0, 16(a4)
800040c6: 0b 3e d1 c9  	<unknown>
800040ca: 0e 3e        	fld	ft8, 224(sp)
800040cc: b3 d7 ae 3e  	<unknown>
800040d0: 23 8a ec 3e  	sb	a4, 1012(s9)
800040d4: cf e0 88 3b  	<unknown>
800040d8: ef e0 b7 3e  	jal	0x80082cc2 <timer+0x7e502>
800040dc: b1 44        	li	s1, 12
800040de: cb 3e f3 2e  	<unknown>
800040e2: 9c 3e        	fld	fa5, 56(a3)
800040e4: 9d 83        	srli	a5, a5, 7
800040e6: 0e 3f        	fld	ft10, 224(sp)
800040e8: 3a 2b        	fld	fs6, 392(sp)
800040ea: ff 3e ce f2  	<unknown>
800040ee: 31 3f        	addiw	t5, t5, -20
800040f0: 4c 75        	ld	a1, 168(a0)
800040f2: af 3e 42 61  	amoand.d	t4, s4, (tp)
800040f6: 24 3e        	fld	fs1, 120(a2)
800040f8: f3 6e 1b 3f  	csrrsi	t4, 1009, 22
800040fc: 4e 8a        	mv	s4, s3
800040fe: 3c 3e        	fld	fa5, 120(a2)
80004100: dc 16        	addi	a5, sp, 868
80004102: 29 3e        	addiw	t3, t3, -22
80004104: 29 36        	addiw	a2, a2, -22
80004106: 9d 3e        	addiw	t4, t4, -25
80004108: a0 0a        	addi	s0, sp, 344
8000410a: b1 3d        	addiw	s11, s11, -20
8000410c: cb b9 9b 3e  	<unknown>
80004110: d5 46        	li	a3, 21
80004112: 2d 3f        	addiw	t5, t5, -21
80004114: e3 59 33 3f  	bge	t1, s3, 0x80004d06 <timer+0x546>
80004118: 22 e1        	sd	s0, 128(sp)
8000411a: 41 3e        	addiw	t3, t3, -16
8000411c: ce 9e        	add	t4, t4, s3
8000411e: 18 3f        	fld	fa4, 56(a4)
80004120: 1e 95        	add	a0, a0, t2
80004122: 25 3f        	addiw	t5, t5, -23
80004124: 27 08 28 3f  	<unknown>
80004128: 08 ac        	fsd	fa0, 24(s0)
8000412a: 04 3e        	fld	fs1, 56(a2)
8000412c: ec ab        	fsd	fa1, 208(a5)
8000412e: 31 3f        	addiw	t5, t5, -20
80004130: 8a 8a        	mv	s5, sp
80004132: 0f 3f 6d bc  	<unknown>
80004136: 4f 3e ed 9d  	<unknown>
8000413a: 50 3e        	fld	fa2, 184(a2)
8000413c: b5 f5        	bnez	a1, 0x800040a8 <H_imag+0x518>
8000413e: 8c 3e        	fld	fa1, 56(a3)
80004140: ae ad        	fsd	fa1, 216(sp)
80004142: 28 3d        	fld	fa0, 120(a0)
80004144: 63 7e 26 3f  	bgeu	a2, s2, 0x80004540 <vfctrans_sim.c+0x80004540>
80004148: 56 9f        	add	t5, t5, s5
8000414a: 00 3e        	fld	fs0, 56(a2)
8000414c: a9 a1        	j	0x80004596 <vfctrans_sim.c+0x80004596>
8000414e: 42 3e        	fld	ft8, 48(sp)
80004150: ee ac        	fsd	fs11, 88(sp)
80004152: ad 3d        	addiw	s11, s11, -21
80004154: 2c 26        	fld	fa1, 72(a2)
80004156: fa 3c        	fld	fs9, 440(sp)
80004158: 07 9b 2a 3f  	<unknown>
8000415c: 48 22        	fld	fa0, 128(a2)
8000415e: a4 3e        	fld	fs1, 120(a3)
80004160: 99 9d        	subw	a1, a1, a4
80004162: 0c 3f        	fld	fa1, 56(a4)
80004164: 0c e8        	sd	a1, 16(s0)
80004166: 22 3f        	fld	ft10, 40(sp)
80004168: 35 07        	addi	a4, a4, 13
8000416a: 3d 3d        	addiw	s10, s10, -17
8000416c: 97 f5 2e 3f  	auipc	a1, 258799
80004170: 82 a3        	fsd	ft0, 448(sp)
80004172: 0c 3f        	fld	fa1, 56(a4)
80004174: 88 ea        	sd	a0, 16(a3)
80004176: c7 3d c6 1c  	<unknown>
8000417a: 0b 3f 9f b6  	<unknown>
8000417e: 95 3e        	addiw	t4, t4, -27
80004180: aa 40        	lw	ra, 136(sp)
80004182: 25 3e        	addiw	t3, t3, -23
80004184: 5b f5 96 3e  	<unknown>
80004188: fc fd        	sd	a5, 248(a1)
8000418a: ac 3d        	fld	fa1, 120(a1)
8000418c: 7e 44        	lw	s0, 220(sp)
8000418e: 0e 3f        	fld	ft10, 224(sp)
80004190: ed e6        	bnez	a3, 0x8000427a <H_imag+0x6ea>
80004192: dd 3e        	addiw	t4, t4, -9
80004194: 33 08 c0 3d  	<unknown>
80004198: 0e 9e        	add	t3, t3, gp
8000419a: 21 3f        	addiw	t5, t5, -24
8000419c: c6 ee        	sd	a7, 344(sp)
8000419e: 1a 3f        	fld	ft10, 416(sp)
800041a0: 13 5a be 3e  	<unknown>
800041a4: f4 47        	lw	a3, 76(a5)
800041a6: 88 3e        	fld	fa0, 56(a3)
800041a8: e2 4a        	lw	s5, 24(sp)
800041aa: d9 3e        	addiw	t4, t4, -10
800041ac: 1d aa        	j	0x800042e2 <H_imag+0x752>
800041ae: 13 3f 2d 0a  	sltiu	t5, s10, 162
800041b2: fb 3c ef 93  	<unknown>
800041b6: f3 3e 5a b9  	csrrc	t4, 2965, s4
800041ba: a0 3e        	fld	fs0, 120(a3)
800041bc: be 23        	fld	ft7, 456(sp)
800041be: f8 3e        	fld	fa4, 248(a3)
800041c0: 51 c8        	beqz	s0, 0x80004254 <H_imag+0x6c4>
800041c2: 25 3f        	addiw	t5, t5, -23
800041c4: b1 b3        	j	0x80003f10 <H_imag+0x380>
800041c6: 92 3d        	fld	fs11, 288(sp)
800041c8: 31 6c        	lui	s8, 12
800041ca: ad 3e        	addiw	t4, t4, -21
800041cc: 86 78        	ld	a7, 96(sp)
800041ce: f9 3d        	addiw	s11, s11, -2
800041d0: f9 09        	addi	s3, s3, 30
800041d2: 90 3e        	fld	fa2, 56(a3)
800041d4: 7e dd        	sw	t6, 184(sp)
800041d6: 8c 3c        	fld	fa1, 56(s1)
800041d8: a9 37        	addiw	a5, a5, -22
800041da: 05 3f        	addiw	t5, t5, -31
800041dc: 81 7e        	lui	t4, 1048544
800041de: 1f 3f ae be  	<unknown>
800041e2: 31 3f        	addiw	t5, t5, -20
800041e4: 48 77        	ld	a0, 168(a4)
800041e6: a9 3c        	addiw	s9, s9, -22
800041e8: 47 7d 2a 3e  	<unknown>
800041ec: 41 f2        	bnez	a2, 0x8000416c <H_imag+0x5dc>
800041ee: 46 3e        	fld	ft8, 112(sp)
800041f0: 64 c5        	sw	s1, 76(a0)
800041f2: 16 3f        	fld	ft10, 352(sp)
800041f4: 60 00        	addi	s0, sp, 12
800041f6: ce 3e        	fld	ft9, 240(sp)
800041f8: 24 9f        	<unknown>
800041fa: 09 3f        	addiw	t5, t5, -30
800041fc: df b5 0c 3f  	<unknown>
80004200: a7 b9 f4 3d  	fsd	ft11, 979(s1)
80004204: f9 e7        	bnez	a5, 0x800042d2 <H_imag+0x742>
80004206: f9 3e        	addiw	t4, t4, -2
80004208: 9f 0d 27 3f  	<unknown>
8000420c: ad 28        	addiw	a7, a7, 11
8000420e: d7 3e cf 98  	<unknown>
80004212: 96 3e        	fld	ft9, 352(sp)
80004214: e1 00        	addi	ra, ra, 24
80004216: d0 3d        	fld	fa2, 184(a1)
80004218: 10 65        	ld	a2, 8(a0)
8000421a: 9b 3e 28 f4  	<unknown>
8000421e: f4 3e        	fld	fa3, 248(a3)
80004220: a0 13        	addi	s0, sp, 488
80004222: 07 3e a9 90  	fld	ft8, -1782(s2)
80004226: 11 3f        	addiw	t5, t5, -28
80004228: 87 4f 14 3f  	<unknown>
8000422c: f6 06        	slli	a3, a3, 29
8000422e: 2d 3e        	addiw	t3, t3, -21
80004230: 0e 5f        	lw	t5, 224(sp)
80004232: 89 3e        	addiw	t4, t4, -30
80004234: 1f fd bd 3e  	<unknown>
80004238: eb 9b b0 3d  	<unknown>
8000423c: 70 d4        	sw	a2, 108(s0)
8000423e: d8 3e        	fld	fa4, 184(a3)
80004240: 3c 81        	<unknown>
80004242: a3 3e f5 1d  	sd	t6, 477(a0)
80004246: b8 3e        	fld	fa4, 120(a3)
80004248: 71 2b        	addiw	s6, s6, 28
8000424a: 20 3f        	fld	fs0, 120(a4)
8000424c: 07 7e 19 3f  	<unknown>
80004250: 91 66        	lui	a3, 4
80004252: cb 3e 75 45  	<unknown>
80004256: 1e 3e        	fld	ft8, 480(sp)
80004258: 66 81        	mv	sp, s9
8000425a: 34 3f        	fld	fa3, 120(a4)
8000425c: 1e f5        	sd	t2, 168(sp)
8000425e: 22 3f        	fld	ft10, 40(sp)
80004260: 3b 23 02 3f  	<unknown>
80004264: 25 2d        	addiw	s10, s10, 9
80004266: 2d 3f        	addiw	t5, t5, -21
80004268: a0 3b        	fld	fs0, 112(a5)
8000426a: 2c 3f        	fld	fa1, 120(a4)
8000426c: 80 c8        	sw	s0, 16(s1)
8000426e: 26 3f        	fld	ft10, 104(sp)
80004270: 82 7b        	ld	s7, 32(sp)
80004272: 83 3e 64 92  	ld	t4, -1754(s0)
80004276: 9a 3e        	fld	ft9, 416(sp)
80004278: 5a 08        	slli	a6, a6, 22
8000427a: 80 3e        	fld	fs0, 56(a3)
8000427c: 38 93        	<unknown>
8000427e: 26 3f        	fld	ft10, 104(sp)
80004280: dc c6        	sw	a5, 12(a3)
80004282: 08 3f        	fld	fa0, 56(a4)
80004284: 46 6e        	ld	t3, 80(sp)
80004286: 89 3d        	addiw	s11, s11, -30
80004288: f8 93        	<unknown>
8000428a: 84 3e        	fld	fs1, 56(a3)
8000428c: 40 e2        	sd	s0, 128(a2)
8000428e: 81 3e        	addiw	t4, t4, -32
80004290: 8a 01        	slli	gp, gp, 2
80004292: 2a 3f        	fld	ft10, 168(sp)
80004294: 5b 46 48 3e  	<unknown>
80004298: 0a c6        	sw	sp, 12(sp)
8000429a: 98 3e        	fld	fa4, 56(a3)
8000429c: 6e 75        	ld	a0, 248(sp)
8000429e: a9 3d        	addiw	s11, s11, -22
800042a0: 25 64        	lui	s0, 9
800042a2: be 3d        	fld	fs11, 488(sp)
800042a4: 74 86        	<unknown>
800042a6: 05 3f        	addiw	t5, t5, -31
800042a8: f7 33 46 3c  	<unknown>
800042ac: 47 5f 9a 3d  	<unknown>
800042b0: 09 fd        	bnez	a0, 0x800041ca <H_imag+0x63a>
800042b2: b1 3e        	addiw	t4, t4, -20
800042b4: 87 4b 04 3e  	<unknown>
800042b8: 43 1c 01 3e  	<unknown>
800042bc: 35 06        	addi	a2, a2, 13
800042be: 8b 3e de 6f  	<unknown>
800042c2: a1 3e        	addiw	t4, t4, -24
800042c4: 4f d3 52 3d  	<unknown>
800042c8: af 57 14 3f  	<unknown>
800042cc: 75 07        	addi	a4, a4, 29
800042ce: 27 3f 90 85  	fsd	fs9, -1954(zero)
800042d2: 34 3f        	fld	fa3, 120(a4)
800042d4: 42 9f        	add	t5, t5, a6
800042d6: 0a 3f        	fld	ft10, 160(sp)
800042d8: f4 26        	fld	fa3, 200(a3)
800042da: 2b 3f 75 9f  	<unknown>
800042de: b7 3d 47 3c  	lui	s11, 246899
800042e2: 0f 3f 8a e6  	<unknown>
800042e6: d6 3e        	fld	ft9, 368(sp)
800042e8: 9a ad        	fsd	ft6, 216(sp)
800042ea: 03 3e fb 4a  	ld	t3, 1199(s6)
800042ee: 30 3f        	fld	fa2, 120(a4)
800042f0: 87 83 d1 3e  	<unknown>
800042f4: a3 36 df 3e  	sd	a3, 1005(t5)
800042f8: f6 52        	lw	t0, 124(sp)
800042fa: 53 3e a7 72  	<unknown>
800042fe: d0 3e        	fld	fa2, 184(a3)
80004300: 5d d7        	beqz	a4, 0x800042ae <H_imag+0x71e>
80004302: 8e 3e        	fld	ft9, 224(sp)
80004304: ba 00        	slli	ra, ra, 14
80004306: ef 3e 53 38  	jal	t4, 0x80037e8a <timer+0x336ca>
8000430a: f3 3d 45 c8  	csrrc	s11, 3204, a0
8000430e: 36 3e        	fld	ft8, 360(sp)
80004310: 71 e8        	bnez	s0, 0x800043e4 <vfctrans_sim.c+0x800043e4>
80004312: 68 3d        	fld	fa0, 248(a0)
80004314: b7 19 b8 3c  	lui	s3, 248705
80004318: d8 5a        	lw	a4, 52(a3)
8000431a: 13 3f 9b 13  	sltiu	t5, s6, 313
8000431e: f6 3e        	fld	ft9, 376(sp)
80004320: 64 fa        	sd	s1, 240(a2)
80004322: 0b 3f 4f fc  	<unknown>
80004326: ed 3e        	addiw	t4, t4, -5
80004328: 82 ce        	sw	zero, 92(sp)
8000432a: a8 3d        	fld	fa0, 120(a1)
8000432c: 53 65 50 3c  	<unknown>
80004330: eb 19 2c 3f  	<unknown>
80004334: c4 91        	<unknown>
80004336: ef 3e 0c 0f  	jal	t4, 0x800c7426 <timer+0xc2c66>
8000433a: 85 3e        	addiw	t4, t4, -31
8000433c: 38 5e        	lw	a4, 120(a2)
8000433e: 63 3e 47 33  	<unknown>
80004342: df 3d 19 8f  	<unknown>
80004346: 8a 3d        	fld	fs11, 160(sp)
80004348: c3 43 08 3f  	<unknown>
8000434c: 09 06        	addi	a2, a2, 2
8000434e: 87 3d a3 09  	fld	fs11, 154(t1)
80004352: 10 3f        	fld	fa2, 56(a4)
80004354: 58 51        	lw	a4, 36(a0)
80004356: 32 3f        	fld	ft10, 296(sp)
80004358: a6 5a        	lw	s5, 104(sp)
8000435a: 1b 3f 41 e3  	<unknown>
8000435e: ef 3d cd 6d  	jal	s11, 0x800d7a3a <timer+0xd327a>
80004362: 19 3f        	addiw	t5, t5, -26
80004364: 98 2b        	fld	fa4, 16(a5)
80004366: 14 3f        	fld	fa3, 56(a4)
80004368: 69 07        	addi	a4, a4, 26
8000436a: 2c 3f        	fld	fa1, 120(a4)
8000436c: 86 81        	mv	gp, ra
8000436e: 7e 3e        	fld	ft8, 504(sp)
80004370: a3 22 8c 3e  	sw	s0, 997(s8)
80004374: 39 8b        	andi	a4, a4, 14
80004376: 0b 3d 2e 47  	<unknown>
8000437a: 9d 3e        	addiw	t4, t4, -25
8000437c: ab 6c 02 3f  	<unknown>
80004380: 26 4f        	lw	t5, 72(sp)
80004382: 01 3f        	addiw	t5, t5, -32
80004384: ad 32        	addiw	t0, t0, -21
80004386: b5 3e        	addiw	t4, t4, -19
80004388: 94 5b        	lw	a3, 48(a5)
8000438a: a7 3c f9 28  	fsd	fa5, 665(s2)
8000438e: f7           	<unknown>
8000438f: 3d           	<unknown>

Disassembly of section .rodata:

0000000080004390 <.rodata>:
80004390: 4e 5f        	lw	t5, 240(sp)
80004392: 42 45        	lw	a0, 16(sp)
80004394: 41 4d        	li	s10, 16
80004396: 20 3d        	fld	fs0, 120(a0)
80004398: 20 25        	fld	fs0, 72(a0)
8000439a: 64 0a        	addi	s1, sp, 284
8000439c: 00 53        	lw	s0, 32(a4)
8000439e: 4e 52        	lw	tp, 240(sp)
800043a0: 5f 64 62 20  	<unknown>
800043a4: 3d 20        	<unknown>
800043a6: 25 64        	lui	s0, 9
800043a8: 0a 00        	c.slli	zero, 2
800043aa: 54 68        	ld	a3, 144(s0)
800043ac: 65 20        	<unknown>
800043ae: 65 78        	lui	a6, 1048569
800043b0: 65 63        	lui	t1, 25
800043b2: 75 74        	lui	s0, 1048573
800043b4: 69 6f        	lui	t5, 26
800043b6: 6e 20        	fld	ft0, 216(sp)
800043b8: 74 6f        	ld	a3, 216(a4)
800043ba: 6f 6b 20 25  	jal	s6, 0x8000a60c <timer+0x5e4c>
800043be: 64 20        	fld	fs1, 192(s0)
800043c0: 63 79 63 6c  	bgeu	t1, t1, 0x80004a92 <timer+0x2d2>
800043c4: 65 73        	lui	t1, 1048569
800043c6: 2e 0a        	slli	s4, s4, 11
800043c8: 00 4e        	lw	s0, 24(a2)
800043ca: 52 5f        	lw	t5, 52(sp)
800043cc: 4c 41        	lw	a1, 4(a0)
800043ce: 4e 45        	lw	a0, 208(sp)
800043d0: 53 20 3d 20  	fsgnjx.s	ft0, fs10, ft3
800043d4: 25 64        	lui	s0, 9
800043d6: 0a 00        	c.slli	zero, 2
800043d8: da 21        	fld	ft3, 400(sp)
800043da: 00 80        	<unknown>
800043dc: 00 00        	unimp	
800043de: 00 00        	unimp	
800043e0: e6 21        	fld	ft3, 88(sp)
800043e2: 00 80        	<unknown>
800043e4: 00 00        	unimp	
800043e6: 00 00        	unimp	
800043e8: e6 21        	fld	ft3, 88(sp)
800043ea: 00 80        	<unknown>
800043ec: 00 00        	unimp	
800043ee: 00 00        	unimp	
800043f0: b6 21        	fld	ft3, 328(sp)
800043f2: 00 80        	<unknown>
800043f4: 00 00        	unimp	
800043f6: 00 00        	unimp	
800043f8: e6 21        	fld	ft3, 88(sp)
800043fa: 00 80        	<unknown>
800043fc: 00 00        	unimp	
800043fe: 00 00        	unimp	
80004400: e6 21        	fld	ft3, 88(sp)
80004402: 00 80        	<unknown>
80004404: 00 00        	unimp	
80004406: 00 00        	unimp	
80004408: e6 21        	fld	ft3, 88(sp)
8000440a: 00 80        	<unknown>
8000440c: 00 00        	unimp	
8000440e: 00 00        	unimp	
80004410: e6 21        	fld	ft3, 88(sp)
80004412: 00 80        	<unknown>
80004414: 00 00        	unimp	
80004416: 00 00        	unimp	
80004418: e6 21        	fld	ft3, 88(sp)
8000441a: 00 80        	<unknown>
8000441c: 00 00        	unimp	
8000441e: 00 00        	unimp	
80004420: e6 21        	fld	ft3, 88(sp)
80004422: 00 80        	<unknown>
80004424: 00 00        	unimp	
80004426: 00 00        	unimp	
80004428: e6 21        	fld	ft3, 88(sp)
8000442a: 00 80        	<unknown>
8000442c: 00 00        	unimp	
8000442e: 00 00        	unimp	
80004430: de 21        	fld	ft3, 464(sp)
80004432: 00 80        	<unknown>
80004434: 00 00        	unimp	
80004436: 00 00        	unimp	
80004438: e6 21        	fld	ft3, 88(sp)
8000443a: 00 80        	<unknown>
8000443c: 00 00        	unimp	
8000443e: 00 00        	unimp	
80004440: e2 21        	fld	ft3, 24(sp)
80004442: 00 80        	<unknown>
80004444: 00 00        	unimp	
80004446: 00 00        	unimp	
80004448: e6 21        	fld	ft3, 88(sp)
8000444a: 00 80        	<unknown>
8000444c: 00 00        	unimp	
8000444e: 00 00        	unimp	
80004450: e6 21        	fld	ft3, 88(sp)
80004452: 00 80        	<unknown>
80004454: 00 00        	unimp	
80004456: 00 00        	unimp	
80004458: b8 21        	fld	fa4, 64(a1)
8000445a: 00 80        	<unknown>
8000445c: 00 00        	unimp	
8000445e: 00 00        	unimp	
80004460: 40 23        	fld	fs0, 128(a4)
80004462: 00 80        	<unknown>
80004464: 00 00        	unimp	
80004466: 00 00        	unimp	
80004468: f4 22        	fld	fa3, 192(a3)
8000446a: 00 80        	<unknown>
8000446c: 00 00        	unimp	
8000446e: 00 00        	unimp	
80004470: 54 23        	fld	fa3, 128(a4)
80004472: 00 80        	<unknown>
80004474: 00 00        	unimp	
80004476: 00 00        	unimp	
80004478: fc 22        	fld	fa5, 192(a3)
8000447a: 00 80        	<unknown>
8000447c: 00 00        	unimp	
8000447e: 00 00        	unimp	
80004480: fc 22        	fld	fa5, 192(a3)
80004482: 00 80        	<unknown>
80004484: 00 00        	unimp	
80004486: 00 00        	unimp	
80004488: fc 22        	fld	fa5, 192(a3)
8000448a: 00 80        	<unknown>
8000448c: 00 00        	unimp	
8000448e: 00 00        	unimp	
80004490: f4 22        	fld	fa3, 192(a3)
80004492: 00 80        	<unknown>
80004494: 00 00        	unimp	
80004496: 00 00        	unimp	
80004498: fc 22        	fld	fa5, 192(a3)
8000449a: 00 80        	<unknown>
8000449c: 00 00        	unimp	
8000449e: 00 00        	unimp	
800044a0: fc 22        	fld	fa5, 192(a3)
800044a2: 00 80        	<unknown>
800044a4: 00 00        	unimp	
800044a6: 00 00        	unimp	
800044a8: f4 22        	fld	fa3, 192(a3)
800044aa: 00 80        	<unknown>
800044ac: 00 00        	unimp	
800044ae: 00 00        	unimp	
800044b0: 9e 23        	fld	ft7, 448(sp)
800044b2: 00 80        	<unknown>
800044b4: 00 00        	unimp	
800044b6: 00 00        	unimp	
800044b8: a8 23        	fld	fa0, 64(a5)
800044ba: 00 80        	<unknown>
800044bc: 00 00        	unimp	
800044be: 00 00        	unimp	
800044c0: a8 23        	fld	fa0, 64(a5)
800044c2: 00 80        	<unknown>
800044c4: 00 00        	unimp	
800044c6: 00 00        	unimp	
800044c8: a8 23        	fld	fa0, 64(a5)
800044ca: 00 80        	<unknown>
800044cc: 00 00        	unimp	
800044ce: 00 00        	unimp	
800044d0: a8 23        	fld	fa0, 64(a5)
800044d2: 00 80        	<unknown>
800044d4: 00 00        	unimp	
800044d6: 00 00        	unimp	
800044d8: a8 23        	fld	fa0, 64(a5)
800044da: 00 80        	<unknown>
800044dc: 00 00        	unimp	
800044de: 00 00        	unimp	
800044e0: a8 23        	fld	fa0, 64(a5)
800044e2: 00 80        	<unknown>
800044e4: 00 00        	unimp	
800044e6: 00 00        	unimp	
800044e8: a8 23        	fld	fa0, 64(a5)
800044ea: 00 80        	<unknown>
800044ec: 00 00        	unimp	
800044ee: 00 00        	unimp	
800044f0: a8 23        	fld	fa0, 64(a5)
800044f2: 00 80        	<unknown>
800044f4: 00 00        	unimp	
800044f6: 00 00        	unimp	
800044f8: a8 23        	fld	fa0, 64(a5)
800044fa: 00 80        	<unknown>
800044fc: 00 00        	unimp	
800044fe: 00 00        	unimp	
80004500: a8 23        	fld	fa0, 64(a5)
80004502: 00 80        	<unknown>
80004504: 00 00        	unimp	
80004506: 00 00        	unimp	
80004508: a8 23        	fld	fa0, 64(a5)
8000450a: 00 80        	<unknown>
8000450c: 00 00        	unimp	
8000450e: 00 00        	unimp	
80004510: a8 23        	fld	fa0, 64(a5)
80004512: 00 80        	<unknown>
80004514: 00 00        	unimp	
80004516: 00 00        	unimp	
80004518: a8 23        	fld	fa0, 64(a5)
8000451a: 00 80        	<unknown>
8000451c: 00 00        	unimp	
8000451e: 00 00        	unimp	
80004520: a8 23        	fld	fa0, 64(a5)
80004522: 00 80        	<unknown>
80004524: 00 00        	unimp	
80004526: 00 00        	unimp	
80004528: a8 23        	fld	fa0, 64(a5)
8000452a: 00 80        	<unknown>
8000452c: 00 00        	unimp	
8000452e: 00 00        	unimp	
80004530: a8 23        	fld	fa0, 64(a5)
80004532: 00 80        	<unknown>
80004534: 00 00        	unimp	
80004536: 00 00        	unimp	
80004538: a8 23        	fld	fa0, 64(a5)
8000453a: 00 80        	<unknown>
8000453c: 00 00        	unimp	
8000453e: 00 00        	unimp	
80004540: a8 23        	fld	fa0, 64(a5)
80004542: 00 80        	<unknown>
80004544: 00 00        	unimp	
80004546: 00 00        	unimp	
80004548: a8 23        	fld	fa0, 64(a5)
8000454a: 00 80        	<unknown>
8000454c: 00 00        	unimp	
8000454e: 00 00        	unimp	
80004550: a8 23        	fld	fa0, 64(a5)
80004552: 00 80        	<unknown>
80004554: 00 00        	unimp	
80004556: 00 00        	unimp	
80004558: a8 23        	fld	fa0, 64(a5)
8000455a: 00 80        	<unknown>
8000455c: 00 00        	unimp	
8000455e: 00 00        	unimp	
80004560: a8 23        	fld	fa0, 64(a5)
80004562: 00 80        	<unknown>
80004564: 00 00        	unimp	
80004566: 00 00        	unimp	
80004568: a8 23        	fld	fa0, 64(a5)
8000456a: 00 80        	<unknown>
8000456c: 00 00        	unimp	
8000456e: 00 00        	unimp	
80004570: a8 23        	fld	fa0, 64(a5)
80004572: 00 80        	<unknown>
80004574: 00 00        	unimp	
80004576: 00 00        	unimp	
80004578: a8 23        	fld	fa0, 64(a5)
8000457a: 00 80        	<unknown>
8000457c: 00 00        	unimp	
8000457e: 00 00        	unimp	
80004580: a8 23        	fld	fa0, 64(a5)
80004582: 00 80        	<unknown>
80004584: 00 00        	unimp	
80004586: 00 00        	unimp	
80004588: a8 23        	fld	fa0, 64(a5)
8000458a: 00 80        	<unknown>
8000458c: 00 00        	unimp	
8000458e: 00 00        	unimp	
80004590: a8 23        	fld	fa0, 64(a5)
80004592: 00 80        	<unknown>
80004594: 00 00        	unimp	
80004596: 00 00        	unimp	
80004598: a8 23        	fld	fa0, 64(a5)
8000459a: 00 80        	<unknown>
8000459c: 00 00        	unimp	
8000459e: 00 00        	unimp	
800045a0: a8 23        	fld	fa0, 64(a5)
800045a2: 00 80        	<unknown>
800045a4: 00 00        	unimp	
800045a6: 00 00        	unimp	
800045a8: a8 23        	fld	fa0, 64(a5)
800045aa: 00 80        	<unknown>
800045ac: 00 00        	unimp	
800045ae: 00 00        	unimp	
800045b0: a8 23        	fld	fa0, 64(a5)
800045b2: 00 80        	<unknown>
800045b4: 00 00        	unimp	
800045b6: 00 00        	unimp	
800045b8: 68 23        	fld	fa0, 192(a4)
800045ba: 00 80        	<unknown>
800045bc: 00 00        	unimp	
800045be: 00 00        	unimp	
800045c0: a8 23        	fld	fa0, 64(a5)
800045c2: 00 80        	<unknown>
800045c4: 00 00        	unimp	
800045c6: 00 00        	unimp	
800045c8: a8 23        	fld	fa0, 64(a5)
800045ca: 00 80        	<unknown>
800045cc: 00 00        	unimp	
800045ce: 00 00        	unimp	
800045d0: a8 23        	fld	fa0, 64(a5)
800045d2: 00 80        	<unknown>
800045d4: 00 00        	unimp	
800045d6: 00 00        	unimp	
800045d8: a8 23        	fld	fa0, 64(a5)
800045da: 00 80        	<unknown>
800045dc: 00 00        	unimp	
800045de: 00 00        	unimp	
800045e0: a8 23        	fld	fa0, 64(a5)
800045e2: 00 80        	<unknown>
800045e4: 00 00        	unimp	
800045e6: 00 00        	unimp	
800045e8: a8 23        	fld	fa0, 64(a5)
800045ea: 00 80        	<unknown>
800045ec: 00 00        	unimp	
800045ee: 00 00        	unimp	
800045f0: a8 23        	fld	fa0, 64(a5)
800045f2: 00 80        	<unknown>
800045f4: 00 00        	unimp	
800045f6: 00 00        	unimp	
800045f8: a8 23        	fld	fa0, 64(a5)
800045fa: 00 80        	<unknown>
800045fc: 00 00        	unimp	
800045fe: 00 00        	unimp	
80004600: a8 23        	fld	fa0, 64(a5)
80004602: 00 80        	<unknown>
80004604: 00 00        	unimp	
80004606: 00 00        	unimp	
80004608: a8 23        	fld	fa0, 64(a5)
8000460a: 00 80        	<unknown>
8000460c: 00 00        	unimp	
8000460e: 00 00        	unimp	
80004610: a8 23        	fld	fa0, 64(a5)
80004612: 00 80        	<unknown>
80004614: 00 00        	unimp	
80004616: 00 00        	unimp	
80004618: a8 23        	fld	fa0, 64(a5)
8000461a: 00 80        	<unknown>
8000461c: 00 00        	unimp	
8000461e: 00 00        	unimp	
80004620: a8 23        	fld	fa0, 64(a5)
80004622: 00 80        	<unknown>
80004624: 00 00        	unimp	
80004626: 00 00        	unimp	
80004628: a8 23        	fld	fa0, 64(a5)
8000462a: 00 80        	<unknown>
8000462c: 00 00        	unimp	
8000462e: 00 00        	unimp	
80004630: a8 23        	fld	fa0, 64(a5)
80004632: 00 80        	<unknown>
80004634: 00 00        	unimp	
80004636: 00 00        	unimp	
80004638: a8 23        	fld	fa0, 64(a5)
8000463a: 00 80        	<unknown>
8000463c: 00 00        	unimp	
8000463e: 00 00        	unimp	
80004640: a8 23        	fld	fa0, 64(a5)
80004642: 00 80        	<unknown>
80004644: 00 00        	unimp	
80004646: 00 00        	unimp	
80004648: 20 23        	fld	fs0, 64(a4)
8000464a: 00 80        	<unknown>
8000464c: 00 00        	unimp	
8000464e: 00 00        	unimp	
80004650: a8 23        	fld	fa0, 64(a5)
80004652: 00 80        	<unknown>
80004654: 00 00        	unimp	
80004656: 00 00        	unimp	
80004658: a8 23        	fld	fa0, 64(a5)
8000465a: 00 80        	<unknown>
8000465c: 00 00        	unimp	
8000465e: 00 00        	unimp	
80004660: a8 23        	fld	fa0, 64(a5)
80004662: 00 80        	<unknown>
80004664: 00 00        	unimp	
80004666: 00 00        	unimp	
80004668: a8 23        	fld	fa0, 64(a5)
8000466a: 00 80        	<unknown>
8000466c: 00 00        	unimp	
8000466e: 00 00        	unimp	
80004670: a8 23        	fld	fa0, 64(a5)
80004672: 00 80        	<unknown>
80004674: 00 00        	unimp	
80004676: 00 00        	unimp	
80004678: a8 23        	fld	fa0, 64(a5)
8000467a: 00 80        	<unknown>
8000467c: 00 00        	unimp	
8000467e: 00 00        	unimp	
80004680: a8 23        	fld	fa0, 64(a5)
80004682: 00 80        	<unknown>
80004684: 00 00        	unimp	
80004686: 00 00        	unimp	
80004688: a8 23        	fld	fa0, 64(a5)
8000468a: 00 80        	<unknown>
8000468c: 00 00        	unimp	
8000468e: 00 00        	unimp	
80004690: a8 23        	fld	fa0, 64(a5)
80004692: 00 80        	<unknown>
80004694: 00 00        	unimp	
80004696: 00 00        	unimp	
80004698: ea 24        	fld	fs1, 152(sp)
8000469a: 00 80        	<unknown>
8000469c: 00 00        	unimp	
8000469e: 00 00        	unimp	
800046a0: 5a 26        	fld	fa2, 400(sp)
800046a2: 00 80        	<unknown>
800046a4: 00 00        	unimp	
800046a6: 00 00        	unimp	
800046a8: 1c 23        	fld	fa5, 0(a4)
800046aa: 00 80        	<unknown>
800046ac: 00 00        	unimp	
800046ae: 00 00        	unimp	
800046b0: a8 23        	fld	fa0, 64(a5)
800046b2: 00 80        	<unknown>
800046b4: 00 00        	unimp	
800046b6: 00 00        	unimp	
800046b8: 68 23        	fld	fa0, 192(a4)
800046ba: 00 80        	<unknown>
800046bc: 00 00        	unimp	
800046be: 00 00        	unimp	
800046c0: a8 23        	fld	fa0, 64(a5)
800046c2: 00 80        	<unknown>
800046c4: 00 00        	unimp	
800046c6: 00 00        	unimp	
800046c8: a8 23        	fld	fa0, 64(a5)
800046ca: 00 80        	<unknown>
800046cc: 00 00        	unimp	
800046ce: 00 00        	unimp	
800046d0: 1c 23        	fld	fa5, 0(a4)
800046d2: 00 80        	<unknown>
800046d4: 00 00        	unimp	
800046d6: 00 00        	unimp	
800046d8: a8 23        	fld	fa0, 64(a5)
800046da: 00 80        	<unknown>
800046dc: 00 00        	unimp	
800046de: 00 00        	unimp	
800046e0: a8 23        	fld	fa0, 64(a5)
800046e2: 00 80        	<unknown>
800046e4: 00 00        	unimp	
800046e6: 00 00        	unimp	
800046e8: a8 23        	fld	fa0, 64(a5)
800046ea: 00 80        	<unknown>
800046ec: 00 00        	unimp	
800046ee: 00 00        	unimp	
800046f0: a8 23        	fld	fa0, 64(a5)
800046f2: 00 80        	<unknown>
800046f4: 00 00        	unimp	
800046f6: 00 00        	unimp	
800046f8: a8 23        	fld	fa0, 64(a5)
800046fa: 00 80        	<unknown>
800046fc: 00 00        	unimp	
800046fe: 00 00        	unimp	
80004700: ec 24        	fld	fa1, 200(s1)
80004702: 00 80        	<unknown>
80004704: 00 00        	unimp	
80004706: 00 00        	unimp	
80004708: c0 23        	fld	fs0, 128(a5)
8000470a: 00 80        	<unknown>
8000470c: 00 00        	unimp	
8000470e: 00 00        	unimp	
80004710: a8 23        	fld	fa0, 64(a5)
80004712: 00 80        	<unknown>
80004714: 00 00        	unimp	
80004716: 00 00        	unimp	
80004718: a8 23        	fld	fa0, 64(a5)
8000471a: 00 80        	<unknown>
8000471c: 00 00        	unimp	
8000471e: 00 00        	unimp	
80004720: 42 24        	fld	fs0, 16(sp)
80004722: 00 80        	<unknown>
80004724: 00 00        	unimp	
80004726: 00 00        	unimp	
80004728: a8 23        	fld	fa0, 64(a5)
8000472a: 00 80        	<unknown>
8000472c: 00 00        	unimp	
8000472e: 00 00        	unimp	
80004730: 1c 23        	fld	fa5, 0(a4)
80004732: 00 80        	<unknown>
80004734: 00 00        	unimp	
80004736: 00 00        	unimp	
80004738: a8 23        	fld	fa0, 64(a5)
8000473a: 00 80        	<unknown>
8000473c: 00 00        	unimp	
8000473e: 00 00        	unimp	
80004740: a8 23        	fld	fa0, 64(a5)
80004742: 00 80        	<unknown>
80004744: 00 00        	unimp	
80004746: 00 00        	unimp	
80004748: 20 23        	fld	fs0, 64(a4)
8000474a: 00 80        	<unknown>
8000474c: 00 00        	unimp	
8000474e: 00 00        	unimp	

0000000080004750 <_ftoa.pow10>:
80004750: 00 00        	unimp	
80004752: 00 00        	unimp	
80004754: 00 00        	unimp	
80004756: f0 3f        	fld	fa2, 248(a5)
80004758: 00 00        	unimp	
8000475a: 00 00        	unimp	
8000475c: 00 00        	unimp	
8000475e: 24 40        	lw	s1, 64(s0)
80004760: 00 00        	unimp	
80004762: 00 00        	unimp	
80004764: 00 00        	unimp	
80004766: 59 40        	c.li	zero, 22
80004768: 00 00        	unimp	
8000476a: 00 00        	unimp	
8000476c: 00 40        	lw	s0, 0(s0)
8000476e: 8f 40 00 00  	<unknown>
80004772: 00 00        	unimp	
80004774: 00 88        	<unknown>
80004776: c3 40 00 00  	fmadd.s	ft1, ft0, ft0, ft0, rmm
8000477a: 00 00        	unimp	
8000477c: 00 6a        	ld	s0, 16(a2)
8000477e: f8 40        	lw	a4, 68(s1)
80004780: 00 00        	unimp	
80004782: 00 00        	unimp	
80004784: 80 84        	<unknown>
80004786: 2e 41        	lw	sp, 200(sp)
80004788: 00 00        	unimp	
8000478a: 00 00        	unimp	
8000478c: d0 12        	addi	a2, sp, 356
8000478e: 63 41 00 00  	bltz	zero, 0x80004790 <_ftoa.pow10+0x40>
80004792: 00 00        	unimp	
80004794: 84 d7        	sw	s1, 40(a5)
80004796: 97 41 00 00  	auipc	gp, 4
8000479a: 00 00        	unimp	
8000479c: 65 cd        	beqz	a0, 0x80004894 <timer+0xd4>
8000479e: cd 41        	li	gp, 19

Disassembly of section .sdata:

00000000800047a0 <.sdata>:
800047a0: 38 3e        	fld	fa4, 120(a2)
800047a2: 4f 3b 00 00  	fnmadd.s	fs6, ft0, ft0, ft0, rup
		...
800047ae: e0 3f        	fld	fs0, 248(a5)
800047b0: 00 00        	unimp	
800047b2: c0 ff        	sd	s0, 184(a5)
800047b4: ff ff df 41  	<unknown>
800047b8: cd cc        	beqz	s1, 0x80004872 <timer+0xb2>
800047ba: cc cc        	sw	a1, 28(s1)
800047bc: cc cc        	sw	a1, 28(s1)
800047be: cc cc        	sw	a1, 28(s1)

Disassembly of section .l2:

00000000800047c0 <timer>:
		...

Disassembly of section .comment:

0000000000000000 <.comment>:
       0: 63 6c 61 6e  	bltu	sp, t1, 0x6f8 <.comment+0x6f8>
       4: 67 20 76 65  	<unknown>
       8: 72 73        	ld	t1, 312(sp)
       a: 69 6f        	lui	t5, 26
       c: 6e 20        	fld	ft0, 216(sp)
       e: 31 36        	addiw	a2, a2, -20
      10: 2e 30        	fld	ft0, 232(sp)
      12: 2e 30        	fld	ft0, 232(sp)
      14: 20 28        	fld	fs0, 80(s0)
      16: 68 74        	ld	a0, 232(s0)
      18: 74 70        	ld	a3, 224(s0)
      1a: 73 3a 2f 2f  	csrrc	s4, 754, t5
      1e: 67 69 74 68  	<unknown>
      22: 75 62        	lui	tp, 29
      24: 2e 63        	ld	t1, 200(sp)
      26: 6f 6d 2f 6c  	jal	s10, 0xf66e8 <.comment+0xf66e8>
      2a: 6c 76        	ld	a1, 232(a2)
      2c: 6d 2f        	addiw	t5, t5, 27
      2e: 6c 6c        	ld	a1, 216(s0)
      30: 76 6d        	ld	s10, 344(sp)
      32: 2d 70        	c.lui	zero, -21
      34: 72 6f        	ld	t5, 280(sp)
      36: 6a 65        	ld	a0, 152(sp)
      38: 63 74 2e 67  	bgeu	t3, s2, 0x6a0 <.comment+0x6a0>
      3c: 69 74        	lui	s0, 1048570
      3e: 20 35        	fld	fs0, 104(a0)
      40: 30 34        	fld	fa2, 104(s0)
      42: 37 31 30 34  	lui	sp, 213763
      46: 61 37        	addiw	a4, a4, -8
      48: 36 34        	fld	fs0, 360(sp)
      4a: 34 35        	fld	fa3, 104(a0)
      4c: 62 62        	ld	tp, 24(sp)
      4e: 34 32        	fld	fa3, 96(a2)
      50: 34 65        	ld	a3, 72(a0)
      52: 34 38        	fld	fa3, 112(s0)
      54: 30 35        	fld	fa2, 104(a0)
      56: 39 34        	addiw	s0, s0, -18
      58: 66 30        	fld	ft0, 120(sp)
      5a: 65 62        	lui	tp, 25
      5c: 32 65        	ld	a0, 264(sp)
      5e: 64 37        	fld	fs1, 232(a4)
      60: 36 38        	fld	fa6, 360(sp)
      62: 33 31 35 62  	<unknown>
      66: 33 29 00 00  	sltz	s2, zero
      6a: 4c 69        	ld	a1, 144(a0)
      6c: 6e 6b        	ld	s6, 216(sp)
      6e: 65 72        	lui	tp, 1048569
      70: 3a 20        	fld	ft0, 392(sp)
      72: 4c 4c        	lw	a1, 28(s0)
      74: 44 20        	fld	fs1, 128(s0)
      76: 31 36        	addiw	a2, a2, -20
      78: 2e 30        	fld	ft0, 232(sp)
      7a: 2e 30        	fld	ft0, 232(sp)
      7c: 00           	<unknown>

Disassembly of section .riscv.attributes:

0000000000000000 <.riscv.attributes>:
       0: 41 99        	andi	a0, a0, -16
       2: 00 00        	unimp	
       4: 00 72        	ld	s0, 32(a2)
       6: 69 73        	lui	t1, 1048570
       8: 63 76 00 01  	bgeu	zero, a6, 0x14 <.riscv.attributes+0x14>
       c: 8f 00 00 00  	<unknown>
      10: 04 10        	addi	s1, sp, 32
      12: 05 72        	lui	tp, 1048545
      14: 76 36        	fld	fa2, 376(sp)
      16: 34 69        	ld	a3, 80(a0)
      18: 32 70        	<unknown>
      1a: 30 5f        	lw	a2, 120(a4)
      1c: 6d 32        	addiw	tp, tp, -5
      1e: 70 30        	fld	fa2, 224(s0)
      20: 5f 61 32 70  	<unknown>
      24: 30 5f        	lw	a2, 120(a4)
      26: 66 32        	fld	ft4, 120(sp)
      28: 70 30        	fld	fa2, 224(s0)
      2a: 5f 64 32 70  	<unknown>
      2e: 30 5f        	lw	a2, 120(a4)
      30: 63 32 70 30  	<unknown>
      34: 5f 76 31 70  	<unknown>
      38: 30 5f        	lw	a2, 120(a4)
      3a: 7a 66        	ld	a2, 408(sp)
      3c: 68 31        	fld	fa0, 224(a0)
      3e: 70 30        	fld	fa2, 224(s0)
      40: 5f 7a 76 65  	<unknown>
      44: 33 32 66 31  	<unknown>
      48: 70 30        	fld	fa2, 224(s0)
      4a: 5f 7a 76 65  	<unknown>
      4e: 33 32 78 31  	<unknown>
      52: 70 30        	fld	fa2, 224(s0)
      54: 5f 7a 76 65  	<unknown>
      58: 36 34        	fld	fs0, 360(sp)
      5a: 64 31        	fld	fs1, 224(a0)
      5c: 70 30        	fld	fa2, 224(s0)
      5e: 5f 7a 76 65  	<unknown>
      62: 36 34        	fld	fs0, 360(sp)
      64: 66 31        	fld	ft2, 120(sp)
      66: 70 30        	fld	fa2, 224(s0)
      68: 5f 7a 76 65  	<unknown>
      6c: 36 34        	fld	fs0, 360(sp)
      6e: 78 31        	fld	fa4, 224(a0)
      70: 70 30        	fld	fa2, 224(s0)
      72: 5f 7a 76 66  	<unknown>
      76: 68 30        	fld	fa0, 224(s0)
      78: 70 31        	fld	fa2, 224(a0)
      7a: 5f 7a 76 6c  	<unknown>
      7e: 31 32        	addiw	tp, tp, -20
      80: 38 62        	ld	a4, 64(a2)
      82: 31 70        	c.lui	zero, -20
      84: 30 5f        	lw	a2, 120(a4)
      86: 7a 76        	ld	a2, 440(sp)
      88: 6c 33        	fld	fa1, 224(a4)
      8a: 32 62        	ld	tp, 264(sp)
      8c: 31 70        	c.lui	zero, -20
      8e: 30 5f        	lw	a2, 120(a4)
      90: 7a 76        	ld	a2, 440(sp)
      92: 6c 36        	fld	fa1, 232(a2)
      94: 34 62        	ld	a3, 64(a2)
      96: 31 70        	c.lui	zero, -20
      98: 30 00        	addi	a2, sp, 8

Disassembly of section .symtab:

0000000000000000 <.symtab>:
		...
      18: 01 00        	nop
      1a: 00 00        	unimp	
      1c: 04 00        	<unknown>
      1e: f1 ff        	bnez	a5, 0xfffffffffffffffa <timer+0xffffffff7fffb83a>
		...
      30: 08 00        	<unknown>
      32: 00 00        	unimp	
      34: 04 00        	<unknown>
      36: f1 ff        	bnez	a5, 0x12 <.symtab+0x12>
		...
      48: 1a 00        	c.slli	zero, 6
      4a: 00 00        	unimp	
      4c: 04 00        	<unknown>
      4e: f1 ff        	bnez	a5, 0x2a <.symtab+0x2a>
		...
      60: 29 00        	c.nop	10
      62: 00 00        	unimp	
      64: 04 00        	<unknown>
      66: f1 ff        	bnez	a5, 0x42 <.symtab+0x42>
		...
      78: 37 00 00 00  	lui	zero, 0
      7c: 04 00        	<unknown>
      7e: f1 ff        	bnez	a5, 0x5a <.symtab+0x5a>
		...
      90: 51 00        	c.nop	20
      92: 00 00        	unimp	
      94: 04 00        	<unknown>
      96: f1 ff        	bnez	a5, 0x72 <.symtab+0x72>
		...
      a8: 5e 00        	c.slli	zero, 23
      aa: 00 00        	unimp	
      ac: 04 00        	<unknown>
      ae: f1 ff        	bnez	a5, 0x8a <.symtab+0x8a>
		...
      c0: 77 00 00 00  	<unknown>
      c4: 04 00        	<unknown>
      c6: f1 ff        	bnez	a5, 0xa2 <.symtab+0xa2>
		...
      d8: 87 00 00 00  	vle8.v	v1, (zero), v0.t
      dc: 04 00        	<unknown>
      de: f1 ff        	bnez	a5, 0xba <.symtab+0xba>
		...
      f0: 98 00        	addi	a4, sp, 64
      f2: 00 00        	unimp	
      f4: 04 00        	<unknown>
      f6: f1 ff        	bnez	a5, 0xd2 <.symtab+0xd2>
		...
     108: a2 00        	slli	ra, ra, 8
     10a: 00 00        	unimp	
     10c: 00 00        	unimp	
     10e: 01 00        	nop
     110: 0a 00        	c.slli	zero, 2
     112: 00 80        	<unknown>
		...
     120: af 00 00 00  	<unknown>
     124: 00 00        	unimp	
     126: 01 00        	nop
     128: d8 00        	addi	a4, sp, 68
     12a: 00 80        	<unknown>
		...
     138: bb 00 00 00  	addw	ra, zero, zero
     13c: 04 00        	<unknown>
     13e: f1 ff        	bnez	a5, 0x11a <.symtab+0x11a>
		...
     150: c4 00        	addi	s1, sp, 68
     152: 00 00        	unimp	
     154: 02 00        	c.slli64	zero
     156: 01 00        	nop
     158: a8 2c        	fld	fa0, 88(s1)
     15a: 00 80        	<unknown>
     15c: 00 00        	unimp	
     15e: 00 00        	unimp	
     160: 0c 00        	<unknown>
     162: 00 00        	unimp	
     164: 00 00        	unimp	
     166: 00 00        	unimp	
     168: ce 00        	slli	ra, ra, 19
     16a: 00 00        	unimp	
     16c: 02 00        	c.slli64	zero
     16e: 01 00        	nop
     170: 2a 21        	fld	ft2, 136(sp)
     172: 00 80        	<unknown>
     174: 00 00        	unimp	
     176: 00 00        	unimp	
     178: 7e 0b        	slli	s6, s6, 31
     17a: 00 00        	unimp	
     17c: 00 00        	unimp	
     17e: 00 00        	unimp	
     180: d9 00        	addi	ra, ra, 22
     182: 00 00        	unimp	
     184: 02 00        	c.slli64	zero
     186: 01 00        	nop
     188: b4 2c        	fld	fa3, 88(s1)
     18a: 00 80        	<unknown>
     18c: 00 00        	unimp	
     18e: 00 00        	unimp	
     190: 02 00        	c.slli64	zero
     192: 00 00        	unimp	
     194: 00 00        	unimp	
     196: 00 00        	unimp	
     198: e3 00 00 00  	beqz	zero, 0x998 <.symtab+0x998>
     19c: 02 00        	c.slli64	zero
     19e: 01 00        	nop
     1a0: b6 2c        	fld	fs9, 328(sp)
     1a2: 00 80        	<unknown>
     1a4: 00 00        	unimp	
     1a6: 00 00        	unimp	
     1a8: 76 02        	slli	tp, tp, 29
     1aa: 00 00        	unimp	
     1ac: 00 00        	unimp	
     1ae: 00 00        	unimp	
     1b0: f0 00        	addi	a2, sp, 76
     1b2: 00 00        	unimp	
     1b4: 01 00        	nop
     1b6: 03 00 50 47  	lb	zero, 1141(zero)
     1ba: 00 80        	<unknown>
     1bc: 00 00        	unimp	
     1be: 00 00        	unimp	
     1c0: 50 00        	addi	a2, sp, 4
     1c2: 00 00        	unimp	
     1c4: 00 00        	unimp	
     1c6: 00 00        	unimp	
     1c8: fc 00        	addi	a5, sp, 76
     1ca: 00 00        	unimp	
     1cc: 04 00        	<unknown>
     1ce: f1 ff        	bnez	a5, 0x1aa <.symtab+0x1aa>
		...
     1e0: 05 01        	addi	sp, sp, 1
     1e2: 00 00        	unimp	
     1e4: 04 00        	<unknown>
     1e6: f1 ff        	bnez	a5, 0x1c2 <.symtab+0x1c2>
		...
     1f8: 0e 01        	slli	sp, sp, 3
     1fa: 00 00        	unimp	
     1fc: 04 00        	<unknown>
     1fe: f1 ff        	bnez	a5, 0x1da <.symtab+0x1da>
		...
     210: 15 01        	addi	sp, sp, 5
     212: 00 00        	unimp	
     214: 12 00        	c.slli	zero, 4
     216: 01 00        	nop
     218: 10 01        	addi	a2, sp, 128
     21a: 00 80        	<unknown>
     21c: 00 00        	unimp	
     21e: 00 00        	unimp	
     220: a4 02        	addi	s1, sp, 328
     222: 00 00        	unimp	
     224: 00 00        	unimp	
     226: 00 00        	unimp	
     228: 1a 01        	slli	sp, sp, 6
     22a: 00 00        	unimp	
     22c: 12 00        	c.slli	zero, 4
     22e: 01 00        	nop
     230: 2c 2f        	fld	fa1, 88(a4)
     232: 00 80        	<unknown>
     234: 00 00        	unimp	
     236: 00 00        	unimp	
     238: 4e 00        	c.slli	zero, 19
     23a: 00 00        	unimp	
     23c: 00 00        	unimp	
     23e: 00 00        	unimp	
     240: 21 01        	addi	sp, sp, 8
     242: 00 00        	unimp	
     244: 10 00        	<unknown>
     246: 06 00        	c.slli	zero, 1
     248: c0 47        	lw	s0, 12(a5)
     24a: 00 80        	<unknown>
		...
     258: 27 01 00 00  	vse8.v	v2, (zero), v0.t
     25c: 11 00        	c.nop	4
     25e: 02 00        	c.slli64	zero
     260: 90 33        	fld	fa2, 32(a5)
     262: 00 80        	<unknown>
     264: 00 00        	unimp	
     266: 00 00        	unimp	
     268: 00 08        	addi	s0, sp, 16
     26a: 00 00        	unimp	
     26c: 00 00        	unimp	
     26e: 00 00        	unimp	
     270: 2e 01        	slli	sp, sp, 11
     272: 00 00        	unimp	
     274: 11 00        	c.nop	4
     276: 02 00        	c.slli64	zero
     278: 90 3b        	fld	fa2, 48(a5)
     27a: 00 80        	<unknown>
     27c: 00 00        	unimp	
     27e: 00 00        	unimp	
     280: 00 08        	addi	s0, sp, 16
     282: 00 00        	unimp	
     284: 00 00        	unimp	
     286: 00 00        	unimp	
     288: 35 01        	addi	sp, sp, 13
     28a: 00 00        	unimp	
     28c: 12 00        	c.slli	zero, 4
     28e: 01 00        	nop
     290: fc 15        	addi	a5, sp, 748
     292: 00 80        	<unknown>
     294: 00 00        	unimp	
     296: 00 00        	unimp	
     298: f6 0a        	slli	s5, s5, 29
     29a: 00 00        	unimp	
     29c: 00 00        	unimp	
     29e: 00 00        	unimp	
     2a0: 48 01        	addi	a0, sp, 132
     2a2: 00 00        	unimp	
     2a4: 12 00        	c.slli	zero, 4
     2a6: 01 00        	nop
     2a8: b4 03        	addi	a3, sp, 456
     2aa: 00 80        	<unknown>
     2ac: 00 00        	unimp	
     2ae: 00 00        	unimp	
     2b0: 92 09        	slli	s3, s3, 4
     2b2: 00 00        	unimp	
     2b4: 00 00        	unimp	
     2b6: 00 00        	unimp	
     2b8: 58 01        	addi	a4, sp, 132
     2ba: 00 00        	unimp	
     2bc: 11 00        	c.nop	4
     2be: 02 00        	c.slli64	zero
     2c0: 90 2f        	fld	fa2, 24(a5)
     2c2: 00 80        	<unknown>
     2c4: 00 00        	unimp	
     2c6: 00 00        	unimp	
     2c8: 00 02        	addi	s0, sp, 256
     2ca: 00 00        	unimp	
     2cc: 00 00        	unimp	
     2ce: 00 00        	unimp	
     2d0: 63 01 00 00  	beqz	zero, 0x2d2 <.symtab+0x2d2>
     2d4: 11 00        	c.nop	4
     2d6: 02 00        	c.slli64	zero
     2d8: 90 31        	fld	fa2, 32(a1)
     2da: 00 80        	<unknown>
     2dc: 00 00        	unimp	
     2de: 00 00        	unimp	
     2e0: 00 02        	addi	s0, sp, 256
     2e2: 00 00        	unimp	
     2e4: 00 00        	unimp	
     2e6: 00 00        	unimp	
     2e8: 6e 01        	slli	sp, sp, 27
     2ea: 00 00        	unimp	
     2ec: 12 00        	c.slli	zero, 4
     2ee: 01 00        	nop
     2f0: 46 0d        	slli	s10, s10, 17
     2f2: 00 80        	<unknown>
     2f4: 00 00        	unimp	
     2f6: 00 00        	unimp	
     2f8: 1c 04        	addi	a5, sp, 512
     2fa: 00 00        	unimp	
     2fc: 00 00        	unimp	
     2fe: 00 00        	unimp	
     300: 7a 01        	slli	sp, sp, 30
     302: 00 00        	unimp	
     304: 12 00        	c.slli	zero, 4
     306: 01 00        	nop
     308: f4 13        	addi	a3, sp, 492
     30a: 00 80        	<unknown>
     30c: 00 00        	unimp	
     30e: 00 00        	unimp	
     310: f2 01        	slli	gp, gp, 28
     312: 00 00        	unimp	
     314: 00 00        	unimp	
     316: 00 00        	unimp	
     318: 91 01        	addi	gp, gp, 4
     31a: 00 00        	unimp	
     31c: 12 00        	c.slli	zero, 4
     31e: 01 00        	nop
     320: 62 11        	slli	sp, sp, 56
     322: 00 80        	<unknown>
     324: 00 00        	unimp	
     326: 00 00        	unimp	
     328: 32 02        	slli	tp, tp, 12
     32a: 00 00        	unimp	
     32c: 00 00        	unimp	
     32e: 00 00        	unimp	
     330: a9 01        	addi	gp, gp, 10
     332: 00 00        	unimp	
     334: 12 00        	c.slli	zero, 4
     336: 01 00        	nop
     338: f2 20        	fld	ft1, 280(sp)
     33a: 00 80        	<unknown>
     33c: 00 00        	unimp	
     33e: 00 00        	unimp	
     340: 38 00        	addi	a4, sp, 8
     342: 00 00        	unimp	
     344: 00 00        	unimp	
     346: 00 00        	unimp	
     348: b1 01        	addi	gp, gp, 12
     34a: 00 00        	unimp	
     34c: 12 00        	c.slli	zero, 4
     34e: 01 00        	nop
     350: e6 15        	slli	a1, a1, 57
     352: 00 80        	<unknown>
     354: 00 00        	unimp	
     356: 00 00        	unimp	
     358: 16 00        	c.slli	zero, 5
     35a: 00 00        	unimp	
     35c: 00 00        	unimp	
     35e: 00 00        	unimp	
     360: c8 01        	addi	a0, sp, 196
     362: 00 00        	unimp	
     364: 12 00        	c.slli	zero, 4
     366: 01 00        	nop
     368: 94 13        	addi	a3, sp, 480
     36a: 00 80        	<unknown>
     36c: 00 00        	unimp	
     36e: 00 00        	unimp	
     370: 2a 00        	c.slli	zero, 10
     372: 00 00        	unimp	
     374: 00 00        	unimp	
     376: 00 00        	unimp	
     378: dc 01        	addi	a5, sp, 196
     37a: 00 00        	unimp	
     37c: 12 00        	c.slli	zero, 4
     37e: 01 00        	nop
     380: be 13        	slli	t2, t2, 47
     382: 00 80        	<unknown>
     384: 00 00        	unimp	
     386: 00 00        	unimp	
     388: 36 00        	c.slli	zero, 13
     38a: 00 00        	unimp	
     38c: 00 00        	unimp	
     38e: 00 00        	unimp	
     390: f0 01        	addi	a2, sp, 204
     392: 00 00        	unimp	
     394: 10 00        	<unknown>
     396: 01 00        	nop
     398: 00 00        	unimp	
     39a: 00 80        	<unknown>
		...
     3a8: f7 01 00 00  	<unknown>
     3ac: 10 00        	<unknown>
     3ae: 01 00        	nop
     3b0: f0 00        	addi	a2, sp, 76
     3b2: 00 80        	<unknown>
		...
     3c0: fc 01        	addi	a5, sp, 204
     3c2: 00 00        	unimp	
     3c4: 10 00        	<unknown>
     3c6: 01 00        	nop
     3c8: 00 01        	addi	s0, sp, 128
     3ca: 00 80        	<unknown>
		...
     3d8: 02 02        	c.slli64	tp
     3da: 00 00        	unimp	
     3dc: 20 00        	addi	s0, sp, 8
		...
     3ee: 00 00        	unimp	
     3f0: 10 02        	addi	a2, sp, 256
     3f2: 00 00        	unimp	
     3f4: 20 00        	addi	s0, sp, 8
		...
     406: 00 00        	unimp	
     408: 1e 02        	slli	tp, tp, 7
     40a: 00 00        	unimp	
     40c: 20 00        	addi	s0, sp, 8
		...
     41e: 00 00        	unimp	
     420: 2a 02        	slli	tp, tp, 10
     422: 00 00        	unimp	
     424: 10 00        	<unknown>
     426: 04 00        	<unknown>
     428: a0 4f        	lw	s0, 88(a5)
     42a: 00 80        	<unknown>
		...
     438: 3c 02        	addi	a5, sp, 264
     43a: 00 00        	unimp	
     43c: 10 00        	<unknown>
     43e: f1 ff        	bnez	a5, 0x41a <.symtab+0x41a>
     440: 10 00        	<unknown>
     442: 00 d0        	sw	s0, 32(s0)
		...
     450: 51 02        	addi	tp, tp, 20
     452: 00 00        	unimp	
     454: 10 00        	<unknown>
     456: f1 ff        	bnez	a5, 0x432 <.symtab+0x432>
     458: 00 00        	unimp	
     45a: 00 d0        	sw	s0, 32(s0)
		...
     468: 61 02        	addi	tp, tp, 24
     46a: 00 00        	unimp	
     46c: 12 00        	c.slli	zero, 4
     46e: 01 00        	nop
     470: 7a 2f        	fld	ft10, 408(sp)
     472: 00 80        	<unknown>
     474: 00 00        	unimp	
     476: 00 00        	unimp	
     478: 0a 00        	c.slli	zero, 2
     47a: 00 00        	unimp	
     47c: 00 00        	unimp	
     47e: 00 00        	unimp	
     480: 6a 02        	slli	tp, tp, 26
     482: 00 00        	unimp	
     484: 10 00        	<unknown>
     486: f1 ff        	bnez	a5, 0x462 <.symtab+0x462>
     488: 00 00        	unimp	
     48a: 00 c0        	sw	s0, 0(s0)
		...
     498: 74 02        	addi	a3, sp, 268
     49a: 00 00        	unimp	
     49c: 10 00        	<unknown>
     49e: 05 00        	c.nop	1
     4a0: c0 47        	lw	s0, 12(a5)
     4a2: 00 80        	<unknown>
		...
     4b0: 80 02        	addi	s0, sp, 320
     4b2: 00 00        	unimp	
     4b4: 10 00        	<unknown>
     4b6: 05 00        	c.nop	1
     4b8: c0 47        	lw	s0, 12(a5)
     4ba: 00 80        	<unknown>
		...
     4c8: 8a 02        	slli	t0, t0, 2
     4ca: 00 00        	unimp	
     4cc: 10 00        	<unknown>
     4ce: f1 ff        	bnez	a5, 0x4aa <.symtab+0x4aa>
     4d0: d0 47        	lw	a2, 12(a5)
     4d2: 00 80        	<unknown>
		...
     4e0: 98 02        	addi	a4, sp, 320
     4e2: 00 00        	unimp	
     4e4: 10 00        	<unknown>
     4e6: f1 ff        	bnez	a5, 0x4c2 <.symtab+0x4c2>
     4e8: 08 00        	<unknown>
     4ea: 00 d0        	sw	s0, 32(s0)
		...
     4f8: af 02 00 00  	<unknown>
     4fc: 10 00        	<unknown>
     4fe: f1 ff        	bnez	a5, 0x4da <.symtab+0x4da>
     500: 18 00        	<unknown>
     502: 00 d0        	sw	s0, 32(s0)
		...
     510: bd 02        	addi	t0, t0, 15
     512: 00 00        	unimp	
     514: 10 00        	<unknown>
     516: f1 ff        	bnez	a5, 0x4f2 <.symtab+0x4f2>
     518: 20 00        	addi	s0, sp, 8
     51a: 00 d0        	sw	s0, 32(s0)
		...

Disassembly of section .shstrtab:

0000000000000000 <.shstrtab>:
       0: 00 2e        	fld	fs0, 24(a2)
       2: 74 65        	ld	a3, 200(a0)
       4: 78 74        	ld	a4, 232(s0)
       6: 00 2e        	fld	fs0, 24(a2)
       8: 64 61        	ld	s1, 192(a0)
       a: 74 61        	ld	a3, 192(a0)
       c: 00 2e        	fld	fs0, 24(a2)
       e: 72 6f        	ld	t5, 280(sp)
      10: 64 61        	ld	s1, 192(a0)
      12: 74 61        	ld	a3, 192(a0)
      14: 00 2e        	fld	fs0, 24(a2)
      16: 73 64 61 74  	csrrsi	s0, 1862, 2
      1a: 61 00        	c.nop	24
      1c: 2e 62        	ld	tp, 200(sp)
      1e: 73 73 00 2e  	csrrci	t1, 736, 0
      22: 6c 32        	fld	fa1, 224(a2)
      24: 00 2e        	fld	fs0, 24(a2)
      26: 63 6f 6d 6d  	bltu	s10, s6, 0x704 <.symtab+0x704>
      2a: 65 6e        	lui	t3, 25
      2c: 74 00        	addi	a3, sp, 12
      2e: 2e 72        	ld	tp, 232(sp)
      30: 69 73        	lui	t1, 1048570
      32: 63 76 2e 61  	bgeu	t3, s2, 0x63e <.symtab+0x63e>
      36: 74 74        	ld	a3, 232(s0)
      38: 72 69        	ld	s2, 280(sp)
      3a: 62 75        	ld	a0, 56(sp)
      3c: 74 65        	ld	a3, 200(a0)
      3e: 73 00 2e 73  	<unknown>
      42: 79 6d        	lui	s10, 30
      44: 74 61        	ld	a3, 192(a0)
      46: 62 00        	c.slli	zero, 24
      48: 2e 73        	ld	t1, 232(sp)
      4a: 68 73        	ld	a0, 224(a4)
      4c: 74 72        	ld	a3, 224(a2)
      4e: 74 61        	ld	a3, 192(a0)
      50: 62 00        	c.slli	zero, 24
      52: 2e 73        	ld	t1, 232(sp)
      54: 74 72        	ld	a3, 224(a2)
      56: 74 61        	ld	a3, 192(a0)
      58: 62 00        	c.slli	zero, 24

Disassembly of section .strtab:

0000000000000000 <.strtab>:
       0: 00 6d        	ld	s0, 24(a0)
       2: 61 69        	lui	s2, 24
       4: 6e 2e        	fld	ft8, 216(sp)
       6: 63 00 76 5f  	beq	a2, s7, 0x5e6 <.symtab+0x5e6>
       a: 4c 4c        	lw	a1, 28(s0)
       c: 5f 64 65 63  	<unknown>
      10: 6f 6d 70 5f  	jal	s10, 0x6e06 <.symtab+0x6e06>
      14: 66 33        	fld	ft6, 120(sp)
      16: 32 2e        	fld	ft8, 264(sp)
      18: 63 00 76 66  	beq	a2, t2, 0x678 <.symtab+0x678>
      1c: 63 74 72 61  	bgeu	tp, s7, 0x624 <.symtab+0x624>
      20: 6e 73        	ld	t1, 248(sp)
      22: 5f 73 69 6d  	<unknown>
      26: 2e 63        	ld	t1, 200(sp)
      28: 00 76        	ld	s0, 40(a2)
      2a: 5f 63 6f 6d  	<unknown>
      2e: 70 75        	ld	a2, 232(a0)
      30: 74 65        	ld	a3, 200(a0)
      32: 5f 7a 2e 63  	<unknown>
      36: 00 76        	ld	s0, 40(a2)
      38: 5f 62 61 63  	<unknown>
      3c: 6b 77 61 72  	<unknown>
      40: 64 5f        	lw	s1, 124(a4)
      42: 73 75 62 73  	csrrci	a0, 1846, 4
      46: 74 69        	ld	a3, 208(a0)
      48: 74 75        	ld	a3, 232(a0)
      4a: 74 69        	ld	a3, 208(a0)
      4c: 6f 6e 2e 63  	jal	t3, 0xe667e <.symtab+0xe667e>
      50: 00 76        	ld	s0, 40(a2)
      52: 63 66 6d 75  	bltu	s10, s6, 0x79e <.symtab+0x79e>
      56: 6c 5f        	lw	a1, 124(a4)
      58: 73 69 6d 2e  	csrrsi	s2, 742, 26
      5c: 63 00 76 5f  	beq	a2, s7, 0x63c <.symtab+0x63c>
      60: 66 6f        	ld	t5, 88(sp)
      62: 72 77        	ld	a4, 312(sp)
      64: 61 72        	lui	tp, 1048568
      66: 64 5f        	lw	s1, 124(a4)
      68: 73 75 62 73  	csrrci	a0, 1846, 4
      6c: 74 69        	ld	a3, 208(a0)
      6e: 74 75        	ld	a3, 232(a0)
      70: 74 69        	ld	a3, 208(a0)
      72: 6f 6e 2e 63  	jal	t3, 0xe66a4 <.symtab+0xe66a4>
      76: 00 76        	ld	s0, 40(a2)
      78: 63 73 71 72  	bgeu	sp, t2, 0x79e <.symtab+0x79e>
      7c: 64 6d        	ld	s1, 216(a0)
      7e: 61 67        	lui	a4, 24
      80: 5f 73 69 6d  	<unknown>
      84: 2e 63        	ld	t1, 200(sp)
      86: 00 76        	ld	s0, 40(a2)
      88: 5f 63 6f 6d  	<unknown>
      8c: 70 75        	ld	a2, 232(a0)
      8e: 74 65        	ld	a3, 200(a0)
      90: 5f 67 72 61  	<unknown>
      94: 6d 2e        	addiw	t3, t3, 27
      96: 63 00 64 61  	beq	s0, s6, 0x696 <.symtab+0x696>
      9a: 74 61        	ld	a3, 192(a0)
      9c: 73 65 74 2e  	csrrsi	a0, 743, 8
      a0: 63 00 72 65  	beq	tp, s7, 0x6e0 <.symtab+0x6e0>
      a4: 73 65 74 5f  	csrrsi	a0, 1527, 8
      a8: 76 65        	ld	a0, 344(sp)
      aa: 63 74 6f 72  	bgeu	t5, t1, 0x7d2 <.symtab+0x7d2>
      ae: 00 74        	ld	s0, 40(s0)
      b0: 72 61        	ld	sp, 280(sp)
      b2: 70 5f        	lw	a2, 124(a4)
      b4: 76 65        	ld	a0, 344(sp)
      b6: 63 74 6f 72  	bgeu	t5, t1, 0x7de <.symtab+0x7de>
      ba: 00 70        	ld	s0, 32(s0)
      bc: 72 69        	ld	s2, 280(sp)
      be: 6e 74        	ld	s0, 248(sp)
      c0: 66 2e        	fld	ft8, 88(sp)
      c2: 63 00 5f 6f  	beq	t5, s5, 0x7a2 <.symtab+0x7a2>
      c6: 75 74        	lui	s0, 1048573
      c8: 5f 63 68 61  	<unknown>
      cc: 72 00        	c.slli	zero, 28
      ce: 5f 76 73 6e  	<unknown>
      d2: 70 72        	ld	a2, 224(a2)
      d4: 69 6e        	lui	t3, 26
      d6: 74 66        	ld	a3, 200(a2)
      d8: 00 5f        	lw	s0, 56(a4)
      da: 6f 75 74 5f  	jal	a0, 0x47ed0 <.symtab+0x47ed0>
      de: 6e 75        	ld	a0, 248(sp)
      e0: 6c 6c        	ld	a1, 216(s0)
      e2: 00 5f        	lw	s0, 56(a4)
      e4: 6e 74        	ld	s0, 248(sp)
      e6: 6f 61 5f 66  	jal	sp, 0xf6f4a <.symtab+0xf6f4a>
      ea: 6f 72 6d 61  	jal	tp, 0xd7700 <.symtab+0xd7700>
      ee: 74 00        	addi	a3, sp, 12
      f0: 5f 66 74 6f  	<unknown>
      f4: 61 2e        	addiw	t3, t3, 24
      f6: 70 6f        	ld	a2, 216(a4)
      f8: 77 31 30 00  	<unknown>
      fc: 73 74 72 69  	csrrci	s0, 1687, 4
     100: 6e 67        	ld	a4, 216(sp)
     102: 2e 63        	ld	t1, 200(sp)
     104: 00 73        	ld	s0, 32(a4)
     106: 65 72        	lui	tp, 1048569
     108: 69 61        	addi	sp, sp, 208
     10a: 6c 2e        	fld	fa1, 216(a2)
     10c: 63 00 75 74  	beq	a0, t2, 0x84c <.symtab+0x84c>
     110: 69 6c        	lui	s8, 26
     112: 2e 63        	ld	t1, 200(sp)
     114: 00 6d        	ld	s0, 24(a0)
     116: 61 69        	lui	s2, 24
     118: 6e 00        	c.slli	zero, 27
     11a: 6d 65        	lui	a0, 27
     11c: 6d 73        	lui	t1, 1048571
     11e: 65 74        	lui	s0, 1048569
     120: 00 74        	ld	s0, 40(s0)
     122: 69 6d        	lui	s10, 26
     124: 65 72        	lui	tp, 1048569
     126: 00 48        	lw	s0, 16(s0)
     128: 5f 72 65 61  	<unknown>
     12c: 6c 00        	addi	a1, sp, 12
     12e: 48 5f        	lw	a0, 60(a4)
     130: 69 6d        	lui	s10, 26
     132: 61 67        	lui	a4, 24
     134: 00 76        	ld	s0, 40(a2)
     136: 5f 63 6f 6d  	<unknown>
     13a: 70 75        	ld	a2, 232(a0)
     13c: 74 65        	ld	a3, 200(a0)
     13e: 5f 67 72 61  	<unknown>
     142: 6d 5f        	li	t5, -5
     144: 66 33        	fld	ft6, 120(sp)
     146: 32 00        	c.slli	zero, 12
     148: 76 5f        	lw	t5, 124(sp)
     14a: 4c 4c        	lw	a1, 28(s0)
     14c: 5f 64 65 63  	<unknown>
     150: 6f 6d 70 5f  	jal	s10, 0x6f46 <.symtab+0x6f46>
     154: 66 33        	fld	ft6, 120(sp)
     156: 32 00        	c.slli	zero, 12
     158: 59 5f        	li	t5, -10
     15a: 72 65        	ld	a0, 280(sp)
     15c: 66 5f        	lw	t5, 120(sp)
     15e: 72 65        	ld	a0, 280(sp)
     160: 61 6c        	lui	s8, 24
     162: 00 59        	lw	s0, 48(a0)
     164: 5f 72 65 66  	<unknown>
     168: 5f 69 6d 61  	<unknown>
     16c: 67 00 76 5f  	jr	1527(a2)
     170: 63 6f 6d 70  	bltu	s10, t1, 0x88e <.symtab+0x88e>
     174: 75 74        	lui	s0, 1048573
     176: 65 5f        	li	t5, -7
     178: 7a 00        	c.slli	zero, 30
     17a: 76 5f        	lw	t5, 124(sp)
     17c: 66 6f        	ld	t5, 88(sp)
     17e: 72 77        	ld	a4, 312(sp)
     180: 61 72        	lui	tp, 1048568
     182: 64 5f        	lw	s1, 124(a4)
     184: 73 75 62 73  	csrrci	a0, 1846, 4
     188: 74 69        	ld	a3, 208(a0)
     18a: 74 75        	ld	a3, 232(a0)
     18c: 74 69        	ld	a3, 208(a0)
     18e: 6f 6e 00 76  	jal	t3, 0x68ee <.symtab+0x68ee>
     192: 5f 62 61 63  	<unknown>
     196: 6b 77 61 72  	<unknown>
     19a: 64 5f        	lw	s1, 124(a4)
     19c: 73 75 62 73  	csrrci	a0, 1846, 4
     1a0: 74 69        	ld	a3, 208(a0)
     1a2: 74 75        	ld	a3, 232(a0)
     1a4: 74 69        	ld	a3, 208(a0)
     1a6: 6f 6e 00 70  	jal	t3, 0x68a6 <.symtab+0x68a6>
     1aa: 72 69        	ld	s2, 280(sp)
     1ac: 6e 74        	ld	s0, 248(sp)
     1ae: 66 5f        	lw	t5, 120(sp)
     1b0: 00 76        	ld	s0, 40(a2)
     1b2: 63 73 71 72  	bgeu	sp, t2, 0x8d8 <.symtab+0x8d8>
     1b6: 64 6d        	ld	s1, 216(a0)
     1b8: 61 67        	lui	a4, 24
     1ba: 5f 76 76 5f  	<unknown>
     1be: 66 33        	fld	ft6, 120(sp)
     1c0: 32 6d        	ld	s10, 264(sp)
     1c2: 31 5f        	li	t5, -20
     1c4: 73 69 6d 00  	csrrsi	s2, 6, 26
     1c8: 76 63        	ld	t1, 344(sp)
     1ca: 66 6d        	ld	s10, 88(sp)
     1cc: 75 6c        	lui	s8, 29
     1ce: 5f 76 76 5f  	<unknown>
     1d2: 66 33        	fld	ft6, 120(sp)
     1d4: 32 6d        	ld	s10, 264(sp)
     1d6: 31 5f        	li	t5, -20
     1d8: 73 69 6d 00  	csrrsi	s2, 6, 26
     1dc: 76 63        	ld	t1, 344(sp)
     1de: 66 6d        	ld	s10, 88(sp)
     1e0: 61 63        	lui	t1, 24
     1e2: 5f 76 76 5f  	<unknown>
     1e6: 66 33        	fld	ft6, 120(sp)
     1e8: 32 6d        	ld	s10, 264(sp)
     1ea: 31 5f        	li	t5, -20
     1ec: 73 69 6d 00  	csrrsi	s2, 6, 26
     1f0: 5f 73 74 61  	<unknown>
     1f4: 72 74        	ld	s0, 312(sp)
     1f6: 00 5f        	lw	s0, 56(a4)
     1f8: 65 6f        	lui	t5, 25
     1fa: 63 00 5f 66  	beq	t5, t0, 0x85a <.symtab+0x85a>
     1fe: 61 69        	lui	s2, 24
     200: 6c 00        	addi	a1, sp, 12
     202: 6d 74        	lui	s0, 1048571
     204: 76 65        	ld	a0, 344(sp)
     206: 63 5f 68 61  	bge	a6, s6, 0x824 <.symtab+0x824>
     20a: 6e 64        	ld	s0, 216(sp)
     20c: 6c 65        	ld	a1, 200(a0)
     20e: 72 00        	c.slli	zero, 28
     210: 73 74 76 65  	csrrci	s0, 1623, 12
     214: 63 5f 68 61  	bge	a6, s6, 0x832 <.symtab+0x832>
     218: 6e 64        	ld	s0, 216(sp)
     21a: 6c 65        	ld	a1, 200(a0)
     21c: 72 00        	c.slli	zero, 28
     21e: 72 76        	ld	a2, 312(sp)
     220: 74 65        	ld	a3, 200(a0)
     222: 73 74 5f 69  	csrrci	s0, 1685, 30
     226: 6e 69        	ld	s2, 216(sp)
     228: 74 00        	addi	a3, sp, 12
     22a: 5f 5f 67 6c  	<unknown>
     22e: 6f 62 61 6c  	jal	tp, 0x168f4 <.symtab+0x168f4>
     232: 5f 70 6f 69  	<unknown>
     236: 6e 74        	ld	s0, 248(sp)
     238: 65 72        	lui	tp, 1048569
     23a: 24 00        	addi	s1, sp, 8
     23c: 64 72        	ld	s1, 224(a2)
     23e: 61 6d        	lui	s10, 24
     240: 5f 65 6e 64  	<unknown>
     244: 5f 61 64 64  	<unknown>
     248: 72 65        	ld	a0, 280(sp)
     24a: 73 73 5f 72  	csrrci	t1, 1829, 30
     24e: 65 67        	lui	a4, 25
     250: 00 65        	ld	s0, 8(a0)
     252: 6f 63 5f 61  	jal	t1, 0xf7066 <.symtab+0xf7066>
     256: 64 64        	ld	s1, 200(s0)
     258: 72 65        	ld	a0, 280(sp)
     25a: 73 73 5f 72  	csrrci	t1, 1829, 30
     25e: 65 67        	lui	a4, 25
     260: 00 5f        	lw	s0, 56(a4)
     262: 70 75        	ld	a2, 232(a0)
     264: 74 63        	ld	a3, 192(a4)
     266: 68 61        	ld	a0, 192(a0)
     268: 72 00        	c.slli	zero, 28
     26a: 66 61        	ld	sp, 88(sp)
     26c: 6b 65 5f 75  	<unknown>
     270: 61 72        	lui	tp, 1048568
     272: 74 00        	addi	a3, sp, 12
     274: 5f 5f 62 73  	<unknown>
     278: 73 5f 73 74  	csrrwi	t5, mseccfg, 6
     27c: 61 72        	lui	tp, 1048568
     27e: 74 00        	addi	a3, sp, 12
     280: 5f 5f 62 73  	<unknown>
     284: 73 5f 65 6e  	csrrwi	t5, 1766, 10
     288: 64 00        	addi	s1, sp, 12
     28a: 6c 32        	fld	fa1, 224(a2)
     28c: 5f 61 6c 6c  	<unknown>
     290: 6f 63 5f 62  	jal	t1, 0xf70b4 <.symtab+0xf70b4>
     294: 61 73        	lui	t1, 1048568
     296: 65 00        	c.nop	25
     298: 64 72        	ld	s1, 224(a2)
     29a: 61 6d        	lui	s10, 24
     29c: 5f 73 74 61  	<unknown>
     2a0: 72 74        	ld	s0, 312(sp)
     2a2: 5f 61 64 64  	<unknown>
     2a6: 72 65        	ld	a0, 280(sp)
     2a8: 73 73 5f 72  	csrrci	t1, 1829, 30
     2ac: 65 67        	lui	a4, 25
     2ae: 00 65        	ld	s0, 8(a0)
     2b0: 76 65        	ld	a0, 344(sp)
     2b2: 6e 74        	ld	s0, 248(sp)
     2b4: 5f 74 72 69  	<unknown>
     2b8: 67 67 65 72  	<unknown>
     2bc: 00 68        	ld	s0, 16(s0)
     2be: 77 5f 63 6e  	<unknown>
     2c2: 74 5f        	lw	a3, 124(a4)
     2c4: 65 6e        	lui	t3, 25
     2c6: 5f 72 65 67  	<unknown>
     2ca: 00           	<unknown>
